13:3,101059.36,16.72,36.82,101077.87,16.31,37.69,-690379.18,0.08
13:3,101057.10,17.19,35.66,101079.32,16.66,36.66,-691579.31,0.09
13:4,101061.13,17.57,36.23,101084.17,16.94,37.09,-692313.37,0.03
16:15,101063.52,17.68,36.45,101085.72,17.09,37.72,-691946.18,0.08
16:15,101062.00,17.53,37.25,101087.08,16.83,38.36,-691780.00,2.22
16:15,101064.89,17.62,37.10,101085.53,16.92,38.46,-691763.31,0.10
16:15,101067.85,17.64,37.12,101089.40,16.91,38.52,-691808.12,3.47
16:15,101078.03,17.08,43.93,101086.74,16.88,38.70,-691886.87,1.04
16:15,101072.47,16.28,50.69,101082.13,16.84,39.42,-691939.12,1.03
16:15,101061.74,15.74,53.05,101084.06,16.80,40.65,-692010.31,1.06
16:15,101064.82,15.27,54.96,101087.38,16.77,40.77,-692068.18,1.02
16:15,101067.89,14.91,56.68,101088.99,16.76,41.21,-692015.87,1.05
16:15,101077.66,14.64,58.03,101084.27,16.77,41.09,-692012.31,1.02
16:15,101073.22,14.42,59.11,101084.28,16.78,40.58,-692041.62,1.06
16:15,101069.22,14.23,60.25,101085.78,16.77,42.12,-692153.81,1.08
16:15,101062.39,14.10,61.24,101085.10,16.74,42.56,-692434.62,1.04
16:15,101070.19,13.99,61.98,101083.28,16.72,42.51,-692352.81,1.08
16:16,101073.67,13.63,65.65,101091.30,16.64,41.51,-691932.31,0.99
16:17,101072.75,13.52,64.58,101085.29,16.31,41.09,-692631.87,0.99
16:18,101069.67,13.32,64.85,101089.45,16.13,41.76,-693509.31,0.39
16:19,101071.05,22.53,22.91,101084.88,16.88,35.33,-695307.31,4.94
16:20,101061.11,23.25,21.53,101092.25,17.73,34.48,-697313.62,4.61
16:21,101071.44,23.90,20.89,101093.35,17.83,35.79,-697258.81,3.97
16:22,101058.22,24.02,20.02,101087.13,17.26,33.02,-696590.62,4.25
16:23,101049.78,24.02,19.81,101081.25,16.59,33.78,-698485.37,3.85
16:24,101051.28,24.12,19.78,101083.30,17.22,33.97,-699291.37,4.57
16:25,101049.47,24.14,19.43,101085.36,16.83,34.35,-698687.12,4.82
16:26,101065.79,24.20,19.42,101089.24,17.64,33.52,-699718.12,4.11
16:27,101059.38,24.21,19.10,101085.10,18.17,31.09,-697721.12,3.82
16:28,101059.36,24.10,18.97,101085.44,17.32,32.56,-696407.62,4.78
16:29,101054.28,24.14,18.82,101082.13,17.37,32.44,-697064.62,4.96
16:30,101056.53,23.89,18.81,101084.29,17.41,32.03,-699696.87,4.40
16:31,101069.42,23.97,19.00,101096.39,17.80,32.61,-699251.87,4.17
16:32,101057.88,23.87,18.88,101090.63,17.41,33.24,-700866.87,4.14
16:33,101067.33,24.16,18.77,101085.21,18.26,31.25,-700690.12,4.17
16:34,101062.38,24.13,18.33,101094.34,17.54,31.10,-697566.81,3.94
16:35,101067.22,24.11,18.56,101089.53,18.25,30.59,-699854.87,3.69
16:36,101061.14,24.26,18.55,101088.53,18.42,30.51,-700096.00,4.58
16:37,101046.57,24.34,18.68,101083.29,18.27,31.93,-701008.00,3.92
16:38,101061.70,24.39,18.56,101085.35,17.79,33.30,-701030.62,3.98
16:39,101057.52,24.39,18.28,101089.89,17.69,31.96,-701651.37,4.20
16:40,101048.33,24.23,18.35,101085.92,18.02,31.45,-701644.37,4.23
16:41,101060.47,24.39,18.34,101086.10,18.33,30.76,-702238.12,3.67
16:42,101050.89,24.54,18.10,101085.62,18.46,30.09,-700896.50,4.34
16:43,101061.21,24.55,17.92,101085.82,18.42,29.45,-700061.12,4.39
16:44,101060.64,24.38,17.93,101087.99,17.35,31.61,-698605.62,4.35
16:45,101057.62,24.23,17.86,101083.63,17.09,31.66,-700389.62,4.36
16:46,101052.07,24.28,18.36,101086.76,18.35,31.37,-702462.68,4.70
16:47,101049.71,24.39,17.77,101081.91,18.33,29.23,-702251.00,3.79
16:48,101054.63,24.25,17.91,101083.53,17.25,32.47,-701132.87,4.71
16:49,101065.17,24.30,18.01,101092.13,17.54,32.05,-702033.62,3.76
16:50,101053.74,24.32,17.85,101087.62,17.33,31.80,-700604.31,4.18
16:51,101056.05,24.29,17.73,101086.75,17.46,31.28,-702590.00,4.79
16:52,101046.76,24.04,17.66,101082.98,16.54,32.78,-698755.50,3.85
16:53,101052.14,23.93,17.82,101086.17,17.40,31.18,-701942.12,3.92
16:54,101061.01,24.18,18.22,101089.49,18.05,32.26,-703217.81,4.07
16:55,101057.86,24.41,18.06,101091.53,17.50,33.33,-703094.31,3.47
16:56,101062.46,24.48,17.69,101092.72,18.24,30.16,-703513.50,3.64
16:57,101054.01,24.49,17.55,101078.94,18.53,29.49,-703427.87,3.61
16:58,101059.09,24.43,17.36,101085.11,18.37,28.84,-703549.00,3.89
16:59,101054.35,24.49,17.55,101078.21,18.72,28.40,-703573.00,3.71
17:0,101056.89,24.50,17.37,101082.94,18.42,28.55,-702194.68,4.28
17:1,101049.75,24.50,17.63,101078.17,18.59,29.88,-701946.50,4.89
17:2,101065.36,24.50,17.47,101088.74,18.20,29.85,-702343.12,4.37
17:3,101063.52,24.62,17.95,101086.61,18.55,30.89,-702913.87,4.79
17:4,101063.54,24.83,17.75,101091.67,18.40,31.08,-702946.12,4.72
17:5,101061.64,24.84,17.32,101087.71,18.40,29.98,-702842.68,4.59
17:6,101061.81,24.84,17.40,101094.92,18.47,30.43,-702058.12,4.27
17:7,101069.40,24.79,17.32,101093.64,18.15,30.40,-701996.50,3.80
17:8,101060.64,24.63,17.32,101093.73,18.20,29.66,-702069.87,4.54
17:9,101065.27,24.56,17.19,101094.14,18.26,29.67,-702537.50,4.35
17:10,101063.16,24.68,17.49,101088.70,18.61,29.75,-702801.68,4.92
17:11,101065.75,24.77,17.24,101090.03,18.23,30.52,-702539.87,4.29
17:12,101060.49,24.76,17.21,101090.71,18.12,31.09,-702566.37,3.60
17:13,101060.51,24.72,16.89,101096.20,17.87,30.18,-701935.31,4.20
17:14,101061.68,24.70,16.98,101090.07,18.32,29.23,-702502.12,3.85
17:15,101057.10,24.75,17.11,101088.07,18.58,29.52,-702658.12,4.62
17:16,101064.50,24.83,16.82,101089.83,18.39,29.58,-702964.50,3.70
17:17,101064.44,24.74,17.24,101096.27,17.72,32.52,-700862.50,4.29
17:18,101074.47,24.97,17.07,101094.61,18.28,31.10,-700521.50,4.70
17:19,101052.05,25.18,17.20,101090.63,18.42,31.68,-700877.68,4.27
17:20,101060.92,25.11,16.97,101098.72,17.30,33.74,-701712.62,4.39
17:21,101063.64,24.90,16.65,101090.47,17.15,32.91,-703185.12,4.98
17:22,101063.51,24.87,16.54,101094.30,18.20,29.73,-704159.00,4.54
17:23,101071.88,24.91,16.61,101094.69,18.16,30.38,-703205.37,3.94
17:24,101075.36,24.99,16.56,101097.44,17.98,31.23,-702985.50,4.19
17:25,101068.75,24.93,16.68,101095.14,17.85,31.69,-702881.81,4.65
17:26,101056.75,25.22,16.75,101096.06,18.41,31.23,-703108.37,4.36
17:27,101062.11,25.19,16.03,101093.32,16.66,32.96,-703149.37,4.88
17:28,101065.85,24.97,16.65,101095.61,17.64,33.08,-704059.18,3.62
17:29,101063.77,25.23,16.37,101096.15,18.46,30.62,-703966.37,4.56
17:30,101071.46,25.36,16.24,101095.72,18.41,30.41,-703713.68,4.36
17:31,101070.71,25.32,15.67,101098.27,17.02,31.63,-703500.00,4.94
17:32,101067.63,24.67,15.57,101100.51,17.02,30.95,-705615.31,4.40
17:33,101065.42,24.54,15.57,101097.95,16.10,33.05,-704639.81,4.73
17:34,101075.62,24.35,15.66,101098.58,16.32,31.80,-702119.62,3.56
17:35,101071.88,24.51,15.70,101095.71,16.51,32.46,-700414.18,4.54
17:36,101067.17,24.70,15.75,101094.54,17.58,30.32,-702202.62,4.82
17:37,101072.38,24.91,15.88,101103.30,17.75,30.97,-703044.62,4.79
17:38,101074.50,24.94,15.38,101100.97,17.22,30.32,-702923.12,4.42
17:39,101070.10,24.73,15.41,101097.54,15.95,33.67,-703415.68,3.81
17:40,101080.27,24.60,15.50,101102.77,16.05,33.70,-704421.31,3.89
17:41,101079.92,24.81,15.75,101104.18,17.10,32.33,-705614.00,4.45
17:42,101076.11,25.29,15.45,101106.75,18.02,30.32,-705322.37,4.90
17:43,101074.39,25.57,15.09,101106.81,17.78,30.52,-704462.12,3.85
17:44,101071.59,25.62,14.91,101104.30,17.88,29.97,-705135.81,3.94
17:45,101070.14,25.70,14.89,101106.21,17.93,29.79,-705066.18,4.09
17:46,101074.62,25.77,14.87,101104.87,17.30,31.39,-704723.50,4.94
17:47,101071.32,25.78,14.70,101104.77,17.84,30.54,-705342.00,4.16
17:48,101073.60,25.83,14.47,101103.20,17.81,29.63,-704637.18,3.71
17:49,101064.69,25.66,14.55,101096.03,16.78,31.60,-704377.87,3.71
17:50,101059.50,25.55,14.52,101092.28,16.47,31.50,-705083.87,4.76
17:51,101070.58,25.55,14.67,101096.74,17.65,29.73,-705708.87,4.08
17:52,101071.41,25.77,15.12,101097.71,18.39,29.31,-705605.50,3.69
17:53,101068.71,26.13,15.37,101101.75,18.31,32.81,-705203.31,4.79
17:54,101065.69,26.29,15.29,101098.39,18.40,30.62,-704985.00,3.74
17:55,101071.65,26.33,15.67,101096.19,18.43,30.95,-705143.00,4.27
17:56,101075.98,26.48,15.57,101101.14,18.08,33.17,-705586.87,4.87
17:57,101081.79,26.47,15.41,101102.19,17.64,32.71,-705703.12,4.81
17:58,101072.16,26.42,15.40,101106.61,17.60,33.22,-705707.81,3.80
17:59,101082.82,14.69,35.22,101101.33,16.66,35.03,-705900.00,0.42
18:0,101092.47,8.20,51.41,101101.21,15.10,38.37,-706947.00,0.35
18:1,101093.46,6.39,63.79,101100.89,14.34,41.23,-707241.68,0.37
18:2,101086.18,9.09,75.41,101106.71,14.22,44.81,-708070.81,0.45
18:3,101101.14,10.78,74.46,101102.50,14.48,42.93,-708306.12,0.37
18:4,101095.57,11.12,73.73,101098.58,14.61,44.96,-708367.50,0.37
18:5,101089.46,11.51,72.57,101104.39,14.66,46.00,-707951.68,0.37
18:6,101098.10,11.74,71.60,101102.66,14.78,45.92,-707633.00,0.45
18:7,101092.60,11.99,70.32,101100.67,14.76,44.97,-707594.37,0.35
18:8,101092.88,12.16,70.52,101101.77,14.69,47.00,-708003.12,0.45
18:9,101099.26,12.34,70.03,101102.51,14.69,47.40,-708064.00,0.45
18:10,101098.41,12.37,68.09,101102.43,14.71,45.86,-707897.62,0.45
18:11,101093.94,12.47,67.62,101101.88,14.68,46.78,-707776.12,0.45
18:12,101075.46,21.60,24.93,101104.82,15.79,38.73,-708055.62,4.83
18:13,101076.28,22.64,22.19,101102.52,16.63,35.63,-707592.68,3.99
18:14,101084.70,23.57,21.21,101105.83,17.12,36.12,-707288.12,4.31
18:15,101077.03,23.89,20.45,101107.11,17.21,34.92,-706345.18,4.18
18:16,101080.86,24.00,20.04,101107.63,17.33,34.04,-706083.18,4.52
18:17,101082.28,24.04,19.86,101109.92,17.32,34.60,-706402.12,3.65
18:18,101087.08,24.02,19.63,101108.60,17.32,34.14,-706146.00,4.01
18:19,101090.22,23.98,19.46,101109.89,17.05,35.27,-706111.12,4.73
18:20,101074.46,23.81,19.13,101108.55,17.20,33.61,-706005.87,4.68
18:21,101079.21,23.62,19.18,101106.56,16.65,34.23,-706020.31,4.65
18:22,101077.55,23.50,19.14,101104.64,17.00,33.73,-706157.50,3.96
18:23,101082.33,23.62,19.30,101111.71,17.40,33.49,-706179.12,4.65
18:24,101075.39,23.72,19.22,101110.57,17.51,33.97,-705985.87,4.66
18:25,101090.05,23.80,19.20,101113.08,17.60,33.28,-705670.31,4.89
18:26,101078.82,23.83,19.03,101107.99,17.17,34.10,-705873.31,4.73
18:27,101076.60,23.73,18.84,101109.07,17.06,33.34,-706286.12,4.51
18:28,101075.74,23.65,18.71,101107.93,17.27,32.31,-706313.31,3.89
18:29,101081.52,23.59,18.81,101113.07,17.52,32.04,-706282.62,4.82
18:30,101081.77,23.59,18.52,101108.19,17.28,31.80,-706033.12,3.72
18:31,101080.32,23.63,18.65,101108.69,17.54,31.83,-705917.18,3.59
18:32,101086.97,23.68,18.63,101109.15,17.41,32.46,-706004.62,4.82
18:33,101078.97,23.63,18.51,101108.28,17.03,32.95,-706177.00,3.60
18:34,101086.13,23.74,18.71,101116.08,17.52,32.87,-706021.50,4.11
18:35,101084.32,23.86,18.63,101114.05,17.40,33.36,-706157.18,4.61
18:36,101086.09,23.99,18.93,101121.50,17.52,34.18,-706097.68,4.33
18:37,101083.83,24.01,18.52,101114.48,17.10,34.17,-705959.68,4.11
18:38,101098.88,23.93,18.47,101117.67,17.28,33.50,-705922.50,4.11
18:39,101095.10,23.83,18.50,101118.82,17.29,33.49,-706065.62,4.92
18:40,101087.82,23.75,18.42,101118.94,16.91,33.95,-706332.62,4.61
18:41,101088.39,23.73,18.56,101118.75,16.77,35.70,-706491.68,3.75
18:42,101086.63,23.73,18.37,101118.53,16.98,33.62,-706315.12,4.05
18:43,101083.91,23.76,18.54,101118.49,17.34,33.03,-706204.37,4.62
18:44,101092.11,23.78,18.37,101118.36,17.02,33.71,-706301.37,4.78
18:45,101095.22,23.78,18.51,101117.83,17.21,34.03,-706536.31,4.67
18:46,101088.08,23.87,18.37,101114.82,17.25,33.38,-706175.12,4.54
18:47,101081.83,23.86,18.51,101115.27,17.24,33.97,-706109.18,4.21
18:48,101092.09,24.00,18.60,101122.54,17.39,34.38,-706594.62,3.81
18:49,101095.13,24.14,18.49,101120.57,17.38,34.81,-706474.12,4.20
18:50,101086.96,24.15,18.27,101117.46,17.10,35.09,-706119.18,3.92
18:51,101089.44,24.08,18.25,101124.60,17.42,33.54,-706540.18,4.71
18:52,101094.33,24.07,18.15,101120.69,17.26,34.16,-706448.81,4.52
18:53,101105.46,24.07,18.06,101123.28,16.75,35.38,-706142.18,4.23
18:54,101097.31,24.04,18.14,101124.21,17.01,34.80,-706620.31,4.64
18:55,101095.67,24.07,18.02,101124.89,16.95,35.31,-706233.81,4.48
18:56,101096.12,24.04,18.18,101128.35,17.03,34.88,-706795.87,3.75
18:57,101098.25,24.14,18.03,101124.71,17.17,35.10,-706528.50,4.13
18:58,101097.64,24.17,17.91,101125.61,17.32,33.82,-706661.87,4.59
18:59,101101.16,24.22,17.78,101125.82,17.36,33.59,-706633.37,3.61
19:0,101106.97,24.26,17.74,101126.83,17.38,33.73,-706569.50,3.62
19:1,101093.78,24.30,17.73,101129.77,17.53,33.44,-706674.62,4.78
19:2,101096.55,24.34,17.40,101124.99,17.27,33.49,-706682.31,4.38
19:3,101099.17,24.34,17.48,101123.89,17.11,34.59,-706733.37,4.74
19:4,101089.58,24.43,17.37,101125.77,17.39,33.80,-706604.12,4.54
19:5,101094.35,24.53,17.34,101128.10,17.41,33.44,-706552.00,4.55
19:6,101097.11,24.56,17.24,101132.67,17.41,33.57,-706548.81,4.78
19:7,101106.30,24.65,17.53,101130.55,17.23,35.88,-706564.87,4.58
19:8,101095.42,24.68,17.25,101132.51,17.37,33.98,-706944.81,4.95
19:9,101107.21,24.70,17.12,101129.39,17.27,34.04,-706838.50,4.88
19:10,101104.36,24.65,16.44,101132.00,16.08,35.28,-706029.12,4.80
19:11,101110.96,24.23,16.28,101130.39,16.66,32.10,-707030.68,4.76
19:12,101099.55,24.27,16.21,101132.00,16.87,32.36,-707419.50,4.67
19:13,101108.71,24.19,16.55,101134.99,15.56,36.15,-706968.87,4.86
19:14,101108.17,24.27,16.43,101132.66,17.05,31.65,-707425.12,3.74
19:15,101109.72,24.46,16.10,101129.35,16.90,32.06,-707674.00,4.02
19:16,101107.84,24.50,16.23,101133.89,17.02,31.67,-707476.37,4.01
19:17,101107.23,24.65,15.96,101134.99,17.41,30.98,-707243.81,5.01
19:18,101110.65,24.74,15.84,101134.39,17.30,31.26,-707531.50,4.33
19:19,101114.07,24.72,16.01,101140.36,16.95,31.73,-707242.50,3.71
19:20,101120.50,24.76,16.15,101136.24,17.27,31.57,-707566.87,4.34
19:21,101116.23,24.75,16.01,101140.53,15.79,35.33,-707220.12,3.91
19:22,101115.71,24.51,15.90,101141.00,15.15,35.66,-707168.50,4.59
19:23,101110.64,24.41,15.92,101142.42,15.86,33.82,-707662.87,4.65
19:24,101115.96,24.33,16.11,101139.35,16.22,32.98,-707881.18,4.85
19:25,101114.50,24.39,16.18,101140.16,15.76,34.17,-707744.31,4.52
19:26,101113.09,24.42,16.12,101142.57,16.67,32.06,-707846.12,4.04
19:27,101120.26,24.51,16.11,101141.89,16.46,33.37,-707542.18,4.47
19:28,101121.58,24.61,16.03,101140.49,16.89,31.94,-707607.87,3.96
19:29,101115.61,24.67,16.76,101140.15,16.65,35.08,-707644.81,4.85
19:30,101121.13,24.75,16.64,101143.28,16.57,34.07,-707432.87,3.91
19:31,101123.03,24.66,16.76,101142.36,16.13,35.24,-707388.68,4.23
19:32,101114.69,24.68,16.55,101147.41,16.62,33.58,-707417.12,4.38
19:33,101122.13,24.62,16.77,101145.19,16.63,33.46,-707271.87,4.18
19:34,101125.21,24.60,16.59,101149.28,15.87,34.28,-707482.81,3.85
19:35,101130.22,24.67,16.53,101147.67,17.16,31.67,-707518.87,4.71
19:36,101136.14,17.62,28.59,101149.46,16.72,33.61,-707657.00,0.41
19:37,101141.68,10.49,45.06,101156.45,14.90,38.14,-707559.00,0.45
19:38,101145.77,6.43,58.31,101160.28,13.79,41.11,-708109.00,0.45
19:39,101151.96,6.19,68.24,101156.57,13.21,42.92,-709415.31,0.46
19:40,101145.64,8.68,76.31,101159.13,13.13,46.57,-712835.68,0.45
19:41,101159.47,10.04,76.89,101163.52,13.45,48.13,-715933.81,0.45
19:42,101151.13,10.44,75.70,101166.11,13.58,48.40,-717828.12,0.45
19:43,101159.85,10.72,74.59,101166.84,13.72,47.97,-719460.50,0.45
19:44,101160.46,10.87,73.78,101167.19,13.59,48.34,-721182.50,0.45
19:45,101165.84,11.12,72.84,101168.96,13.68,47.93,-722328.50,0.45
19:46,101149.35,11.28,71.94,101166.84,13.72,48.61,-723760.18,0.45
19:47,101157.74,11.42,71.51,101168.72,13.71,49.79,-724237.37,0.45
19:48,101167.02,11.49,70.21,101171.22,13.68,48.57,-724757.37,0.45
19:49,101157.57,11.55,69.14,101168.36,13.61,48.03,-725244.87,0.39
19:50,101159.14,11.65,69.43,101173.47,13.71,49.45,-726642.50,0.48
19:51,101163.88,11.77,67.95,101175.88,13.68,46.62,-726163.18,0.48
19:52,101169.36,11.80,67.45,101179.55,13.67,48.62,-726735.00,0.45
19:53,101158.21,20.03,27.90,101177.60,14.48,42.37,-727087.00,3.60
19:54,101136.37,21.42,23.59,101178.72,15.53,38.25,-727111.62,4.51
19:55,101153.49,22.71,22.21,101177.36,16.22,36.72,-726999.37,4.49
19:56,101156.85,23.02,21.36,101181.28,16.00,37.21,-727288.87,4.64
19:57,101167.57,23.00,20.64,101180.76,16.11,36.73,-727480.50,4.83
19:58,101153.75,22.83,20.35,101182.30,16.25,36.66,-727460.81,3.80
19:59,101164.19,22.68,20.24,101186.00,15.92,37.38,-727519.00,4.18
20:0,101158.45,22.64,20.17,101186.92,16.23,36.32,-727791.68,4.19
20:1,101160.51,22.67,19.97,101186.49,16.04,36.53,-727907.37,3.56
20:2,101159.44,22.63,19.96,101180.61,15.45,39.03,-728177.31,4.65
20:3,101160.44,22.53,19.89,101185.47,14.94,39.83,-728439.31,4.30
20:4,101163.40,22.60,19.83,101187.46,15.95,37.25,-729009.87,4.27
20:5,101171.52,22.69,19.82,101185.92,15.87,37.56,-728654.18,4.35
20:6,101156.39,22.77,19.77,101190.32,16.06,37.54,-729097.12,4.63
20:7,101173.11,22.92,19.62,101191.80,16.10,37.48,-728854.68,4.11
20:8,101161.03,22.97,19.56,101191.13,15.93,37.90,-728721.68,4.90
20:9,101171.92,22.98,19.57,101189.80,16.08,37.03,-728462.00,4.74
20:10,101171.89,22.91,19.49,101193.49,16.11,36.52,-729419.62,4.87
20:11,101170.58,22.95,19.48,101192.14,16.44,35.82,-729283.62,4.33
20:12,101171.42,23.02,19.29,101196.33,16.38,36.20,-729428.12,4.19
20:13,101177.64,23.01,19.38,101195.05,15.98,36.95,-729218.37,3.60
20:14,101169.97,22.97,19.31,101193.08,15.37,39.39,-729336.87,3.67
20:15,101178.64,22.93,19.42,101195.14,15.74,38.02,-729959.50,3.46
20:16,101174.91,22.90,19.35,101198.51,15.35,40.15,-729913.81,4.37
20:17,101170.10,22.96,19.30,101197.03,15.63,39.28,-730204.00,4.29
20:18,101178.49,22.94,19.27,101202.43,15.90,37.33,-730685.31,4.75
20:19,101178.00,23.02,19.29,101206.03,16.11,37.51,-730641.62,4.50
20:20,101178.32,23.15,19.35,101203.80,15.27,41.37,-729767.00,3.47
20:21,101175.75,23.19,19.16,101207.08,16.12,37.50,-730424.87,4.80
20:22,101185.33,23.21,19.13,101207.77,16.10,37.46,-730365.12,3.68
20:23,101183.53,23.31,18.96,101205.50,16.38,37.31,-730641.81,3.67
20:24,101186.86,23.33,18.98,101206.98,15.77,38.87,-730714.00,4.09
20:25,101184.88,23.38,19.01,101209.52,16.28,37.27,-730144.37,4.01
20:26,101187.36,23.44,18.77,101211.58,15.88,38.99,-730447.12,3.89
20:27,101185.55,23.45,18.83,101211.00,15.74,39.13,-730420.37,3.62
20:28,101197.10,23.57,18.76,101216.94,16.23,38.30,-730683.18,4.59
20:29,101191.71,23.66,18.71,101217.47,16.05,38.82,-730200.62,3.78
20:30,101193.38,23.65,18.59,101218.27,15.79,39.07,-730901.00,3.62
20:31,101195.11,23.71,18.61,101218.22,15.87,38.84,-730773.37,3.45
20:32,101196.19,23.78,18.43,101223.94,15.95,38.85,-731053.31,3.50
20:33,101199.59,23.91,18.27,101218.72,16.57,36.77,-730913.50,4.50
20:34,101194.82,24.06,18.06,101223.30,16.89,36.04,-731039.81,3.78
20:35,101192.94,24.19,17.83,101221.25,16.52,37.22,-730637.68,4.53
20:36,101198.37,24.24,18.05,101226.17,16.24,38.45,-730427.68,4.58
20:37,101201.17,24.39,18.13,101225.42,16.66,37.95,-730190.81,3.80
20:38,101208.85,24.57,17.74,101226.94,16.90,36.55,-730635.37,3.41
20:39,101208.28,24.62,17.97,101229.49,16.09,39.46,-730788.37,3.80
20:40,101207.32,24.72,17.78,101231.50,16.12,39.58,-730698.87,3.64
20:41,101207.98,24.85,17.91,101234.91,16.40,39.06,-730340.87,4.28
20:42,101206.55,24.87,18.02,101228.12,15.77,40.25,-730792.50,4.34
20:43,101211.00,24.90,18.15,101234.35,15.96,41.09,-730868.50,4.51
20:44,101208.58,24.96,18.08,101232.02,16.64,37.77,-731015.81,4.61
20:45,101214.36,25.05,18.06,101233.70,16.68,38.48,-731278.37,4.86
20:46,101217.66,25.04,18.35,101237.39,15.76,42.33,-731066.50,4.82
20:47,101221.01,24.98,18.52,101236.41,16.59,38.58,-731076.18,3.50
20:48,101214.13,25.00,18.57,101234.77,16.77,37.99,-731306.50,3.85
20:49,101216.52,25.07,18.77,101240.56,16.72,39.13,-731195.81,4.58
20:50,101214.14,25.15,18.44,101238.69,16.61,39.12,-731060.50,3.99
20:51,101213.25,25.18,18.33,101245.45,16.68,38.59,-731031.87,4.80
20:52,101217.53,25.10,18.74,101246.11,16.10,40.65,-731073.62,3.77
20:53,101219.08,24.93,19.19,101250.75,15.21,44.03,-730915.50,3.65
20:54,101226.82,24.86,19.23,101251.27,15.88,42.52,-731111.12,4.83
20:55,101219.25,24.82,19.61,101247.64,15.84,41.84,-731487.81,4.74
20:56,101227.86,24.83,19.85,101253.52,16.00,42.18,-731371.62,4.81
20:57,101229.05,24.82,19.50,101254.92,16.32,40.16,-731400.18,3.54
20:58,101226.89,24.83,19.63,101253.77,16.23,40.17,-731541.62,4.52
20:59,101236.86,24.91,19.50,101259.63,16.64,39.30,-731268.87,3.48
21:0,101229.96,24.71,20.43,101255.19,15.48,44.12,-731188.62,3.67
21:1,101247.20,17.40,32.85,101256.92,15.57,42.51,-731586.50,0.45
21:2,101239.64,8.80,51.76,101263.00,14.01,46.57,-731634.18,0.45
21:3,101265.05,5.77,64.15,101253.91,13.19,48.92,-731915.62,0.45
21:4,101264.08,7.27,75.69,101261.28,12.69,51.66,-732613.31,0.38
21:5,101255.06,9.93,79.09,101263.32,12.88,55.06,-732411.12,0.46
21:6,101261.16,10.47,79.55,101259.75,13.11,54.60,-732525.62,0.39
21:7,101262.42,10.69,79.74,101266.98,13.17,55.97,-732806.18,0.45
21:8,101268.14,10.82,79.39,101266.41,13.17,55.83,-732298.68,0.39
21:9,101265.47,11.01,78.49,101269.39,13.23,55.90,-732732.00,0.38
21:10,101258.78,11.18,76.79,101270.72,13.18,54.54,-732649.31,0.39
21:11,101265.52,11.29,76.37,101272.99,13.20,55.52,-732432.87,0.46
21:12,101262.88,11.43,75.63,101270.55,13.17,56.23,-732585.68,0.45
21:13,101265.58,11.49,74.58,101266.74,13.17,55.84,-732314.50,0.39
21:14,101266.52,11.56,73.87,101268.50,13.19,56.09,-732143.81,0.39
21:15,101268.53,11.62,73.53,101273.78,13.29,55.25,-732466.68,0.39
21:16,101265.14,11.66,73.15,101272.85,13.24,55.25,-732736.12,0.48
21:17,101265.32,11.73,72.98,101268.69,13.17,55.82,-732558.00,0.45
21:18,101246.47,20.20,29.03,101280.51,14.01,49.04,-732702.68,4.67
21:19,101255.55,21.45,24.51,101275.80,14.64,46.07,-731927.12,4.47
21:20,101255.24,22.76,22.86,101273.54,15.34,43.15,-731831.50,4.17
21:21,101263.13,23.18,21.98,101275.66,15.42,43.45,-731318.31,3.71
21:22,101257.47,23.39,21.39,101280.39,15.36,43.42,-731548.81,4.81
21:23,101250.82,23.39,20.86,101276.89,15.49,42.97,-731259.12,4.40
21:24,101254.35,23.24,20.58,101285.10,15.28,43.28,-731048.37,4.85
21:25,101253.67,23.14,20.62,101282.17,15.71,41.92,-731346.87,3.73
21:26,101267.63,23.08,20.44,101285.58,15.32,43.30,-730569.18,3.91
21:27,101262.83,23.02,20.40,101284.79,15.65,41.77,-731083.87,4.69
21:28,101265.55,23.03,20.37,101284.36,15.58,41.23,-730867.31,4.80
21:29,101270.46,23.08,20.24,101286.54,15.96,39.96,-730896.18,4.26
21:30,101272.78,23.06,20.31,101291.19,15.91,40.43,-731177.00,4.16
21:31,101268.35,23.18,20.07,101292.16,15.60,41.68,-731295.50,4.87
21:32,101269.06,23.05,20.06,101299.74,14.35,46.02,-731129.87,3.89
21:33,101278.60,22.96,20.14,101296.82,15.11,42.45,-731133.62,3.58
21:34,101275.63,22.95,20.06,101299.91,14.84,44.63,-730809.00,3.76
21:35,101275.21,22.95,19.99,101298.35,15.76,40.25,-731672.37,3.61
21:36,101274.91,23.07,19.97,101301.70,15.28,42.40,-731040.37,4.04
21:37,101278.66,23.08,19.90,101299.24,16.03,39.53,-731652.87,4.71
21:38,101272.12,23.20,19.76,101300.07,15.92,40.24,-731422.87,3.92
21:39,101275.61,23.22,19.81,101302.58,16.00,39.82,-731456.12,4.80
21:40,101275.69,23.25,19.80,101302.39,15.90,40.31,-730984.68,3.74
21:41,101275.86,23.29,19.61,101303.03,15.99,39.96,-731385.87,4.81
21:42,101283.92,23.30,19.80,101304.32,15.78,41.13,-731178.18,4.27
21:43,101279.50,23.34,19.79,101303.78,15.81,40.90,-730850.31,3.97
21:44,101280.27,23.37,19.69,101309.92,15.44,43.37,-730867.31,4.33
21:45,101283.39,23.38,19.50,101307.33,15.30,42.74,-731358.00,4.85
21:46,101285.28,23.34,19.48,101308.44,14.95,43.97,-730808.50,4.38
21:47,101279.64,23.32,19.50,101305.42,15.64,40.90,-731764.00,4.07
21:48,101280.43,23.37,19.37,101312.42,15.38,41.77,-731305.68,3.95
21:49,101288.24,23.35,19.35,101311.99,14.30,46.88,-730692.68,3.86
21:50,101286.80,23.28,19.37,101312.14,13.94,48.28,-731468.50,3.83
21:51,101296.82,23.27,19.32,101314.36,15.00,44.09,-731950.37,3.75
21:52,101288.58,23.32,19.25,101313.57,14.90,43.44,-731829.81,3.64
21:53,101297.35,23.39,19.25,101317.13,14.47,45.85,-731502.31,4.15
21:54,101295.08,23.46,19.16,101318.92,14.44,46.18,-731606.37,3.84
21:55,101296.71,23.52,19.10,101318.18,15.08,42.93,-731792.62,4.92
21:56,101305.14,23.68,19.03,101317.21,15.99,41.37,-731399.18,4.83
21:57,101298.31,23.80,19.06,101323.72,15.49,41.91,-731721.81,4.58
21:58,101297.72,23.91,18.69,101319.82,15.90,40.39,-731482.31,3.88
21:59,101308.67,23.99,18.64,101320.04,16.15,39.47,-731826.68,4.37
22:0,101298.69,24.14,18.52,101322.49,16.06,40.30,-731576.37,5.11
22:1,101297.24,24.26,18.70,101323.56,15.77,41.03,-731288.50,4.88
22:2,101309.96,24.37,18.89,101327.16,16.25,40.14,-731142.68,4.11
22:3,101300.23,24.47,18.82,101329.74,16.10,40.01,-731236.62,4.81
22:4,101300.28,24.59,18.69,101329.50,16.00,41.28,-731244.68,3.56
22:5,101308.53,24.40,19.15,101334.27,14.02,47.13,-731679.62,4.54
22:6,101307.71,24.30,19.17,101335.64,15.32,42.60,-731996.18,3.80
22:7,101310.39,24.34,19.34,101337.74,15.56,43.21,-731829.12,5.01
22:8,101325.32,24.28,19.41,101333.92,15.38,42.54,-731762.12,3.62
22:9,101321.11,24.29,19.76,101336.63,15.31,44.32,-731529.87,4.77
22:10,101311.25,24.17,19.84,101339.04,14.85,44.03,-731924.18,4.89
22:11,101324.58,24.25,19.57,101332.25,15.86,41.49,-732061.12,4.23
22:12,101313.96,24.18,19.93,101331.82,15.46,42.60,-732014.00,4.86
22:13,101313.20,24.17,20.18,101337.06,15.62,42.02,-731759.81,5.07
22:14,101310.66,24.17,20.18,101337.29,16.04,41.07,-731791.31,3.96
22:15,101317.77,24.19,20.55,101338.21,15.73,42.17,-731928.50,4.40
22:16,101333.83,24.16,20.47,101341.22,15.56,42.66,-731808.50,3.98
22:17,101325.10,24.05,20.75,101341.80,15.08,44.10,-731945.50,4.98
22:18,101321.11,16.94,34.21,101345.16,15.20,44.38,-732006.37,0.46
22:19,101336.84,8.01,54.39,101342.96,13.14,49.13,-731760.81,0.45
22:20,101342.46,5.38,65.53,101341.94,11.79,53.14,-732060.62,0.45
22:21,101342.19,6.38,75.31,101342.37,11.55,55.53,-734731.00,0.46
22:22,101341.72,9.02,79.74,101346.00,11.81,58.15,-738292.81,0.45
22:23,101342.69,9.83,80.26,101343.21,12.04,58.27,-741099.18,0.46
22:24,101339.72,10.01,80.51,101346.48,12.09,59.46,-743546.62,0.39
22:25,101336.46,10.16,80.61,101344.35,12.12,59.82,-745119.50,0.45
22:26,101328.32,10.20,80.11,101345.19,12.11,59.33,-746590.00,0.48
22:27,101343.74,10.35,79.75,101347.77,12.19,58.70,-747891.50,0.48
22:28,101331.14,10.52,79.22,101346.57,12.13,59.98,-749093.18,0.46
22:29,101337.68,10.64,78.63,101346.45,12.01,60.69,-750298.12,0.45
22:30,101342.75,10.71,77.84,101348.52,12.04,60.53,-751335.62,0.46
22:31,101348.22,10.80,77.49,101349.89,12.15,60.35,-751996.37,0.47
22:32,101334.53,10.89,76.97,101350.94,12.13,60.53,-752362.50,0.46
22:33,101336.22,10.96,76.54,101355.58,12.12,60.33,-752923.68,0.49
22:34,101351.57,11.00,76.26,101353.94,12.21,60.21,-753525.68,0.48
22:35,101334.75,19.47,30.41,101350.10,13.08,52.86,-753417.81,4.33
22:36,101323.41,20.87,25.10,101358.12,14.07,47.00,-753366.12,4.19
22:37,101326.16,22.39,23.47,101353.96,14.45,45.93,-752951.68,4.47
22:38,101328.78,22.83,22.55,101362.50,14.99,44.04,-752852.12,4.36
22:39,101336.04,22.96,21.54,101360.21,14.59,45.63,-753470.37,3.73
22:40,101336.60,22.73,21.14,101362.67,14.60,45.48,-753493.37,4.71
22:41,101336.53,22.49,21.07,101361.17,14.82,43.84,-753745.37,3.89
22:42,101339.59,22.38,20.97,101360.99,14.87,43.96,-753898.31,3.74
22:43,101346.28,22.33,20.91,101360.41,14.90,43.36,-754097.68,4.28
22:44,101340.55,22.33,20.92,101365.64,15.03,42.97,-753689.62,4.49
22:45,101338.91,22.37,20.60,101361.71,14.72,44.60,-754445.00,4.26
22:46,101341.50,22.34,20.54,101360.88,14.65,43.87,-754611.00,3.87
22:47,101333.27,22.38,20.80,101362.37,14.76,43.80,-754859.18,4.67
22:48,101339.46,22.45,20.45,101360.14,14.36,45.29,-754863.87,4.68
22:49,101338.57,22.35,20.54,101364.60,14.16,47.05,-754778.50,3.72
22:50,101337.80,22.29,20.54,101361.99,14.63,43.45,-755287.00,4.07
22:51,101340.28,22.27,20.49,101361.52,13.55,47.93,-755841.37,4.70
22:52,101345.80,22.23,20.44,101360.01,14.27,45.76,-755729.37,3.91
22:53,101343.99,22.30,20.21,101358.39,14.53,44.31,-755552.62,4.69
22:54,101347.03,22.31,20.33,101364.10,14.98,41.99,-755399.00,3.95
22:55,101341.65,22.40,20.15,101363.77,14.97,42.19,-755724.31,4.09
22:56,101338.03,22.43,20.10,101363.80,14.84,42.82,-755853.87,3.60
22:57,101339.52,22.42,20.06,101364.83,14.60,43.16,-755734.37,3.65
22:58,101336.10,22.46,20.20,101366.96,14.62,43.92,-755786.62,3.60
22:59,101341.83,22.48,19.96,101363.70,14.49,44.39,-756052.50,3.64
23:0,101336.91,22.51,19.97,101368.36,15.07,41.78,-756327.31,4.64
23:1,101335.83,22.57,19.96,101367.25,15.04,42.09,-756235.62,4.51
23:2,101338.36,22.60,20.00,101366.59,14.23,46.25,-755752.12,3.65
23:3,101338.89,22.59,19.88,101364.54,13.84,45.98,-756230.62,3.59
23:4,101341.73,22.70,19.64,101370.35,14.85,42.95,-756339.37,4.01
23:5,101347.21,22.76,19.62,101372.07,15.00,42.46,-756370.68,3.98
23:6,101349.07,22.82,19.71,101371.92,14.91,42.77,-756305.87,4.87
23:7,101344.46,22.95,19.64,101371.82,14.65,44.49,-756350.12,3.69
23:8,101353.17,23.03,19.62,101372.58,14.86,43.53,-756480.00,3.78
23:9,101352.44,23.11,19.67,101375.94,14.26,46.41,-756651.18,4.44
23:10,101347.01,23.12,19.53,101372.86,14.25,44.52,-757446.81,3.42
23:11,101348.66,23.21,19.87,101371.58,13.81,48.52,-757200.18,4.57
23:12,101348.47,23.17,20.13,101371.34,13.12,50.60,-757809.81,4.78
23:13,101351.62,23.25,20.14,101372.04,14.70,44.33,-757603.31,3.92
23:14,101354.39,23.30,20.22,101375.71,13.47,49.73,-757139.50,4.72
23:15,101358.94,23.27,20.27,101379.67,14.31,44.87,-757452.87,4.75
23:16,101351.80,23.39,20.29,101382.00,15.09,42.51,-757465.12,3.82
23:17,101362.22,23.52,20.10,101381.03,15.47,41.41,-757667.68,3.60
23:18,101358.74,23.43,20.66,101383.63,15.17,42.40,-757614.18,4.57
23:19,101360.50,23.50,20.64,101384.60,15.22,43.01,-757702.62,4.91
23:20,101370.02,23.43,20.86,101385.21,15.27,42.51,-757804.18,3.68
23:21,101362.78,23.37,21.27,101381.71,14.42,46.75,-757442.31,3.74
23:22,101359.35,23.23,21.37,101381.75,14.59,44.95,-757665.12,4.17
23:23,101358.38,23.26,21.32,101386.49,14.70,44.63,-757740.87,4.61
23:24,101359.85,23.20,21.62,101390.70,15.04,43.96,-757887.00,3.64
23:25,101361.57,23.19,22.02,101392.32,15.05,44.03,-758153.87,4.81
23:26,101370.94,16.01,35.99,101385.92,13.86,48.36,-758001.18,0.44
23:27,101381.69,7.40,56.83,101386.46,12.17,53.13,-758119.12,0.46
23:28,101379.14,5.02,67.36,101389.74,11.08,56.21,-758334.18,0.45
23:29,101387.31,6.19,76.29,101394.19,10.87,58.87,-759360.31,0.45
23:30,101393.71,8.64,80.44,101388.47,11.11,60.64,-759397.87,0.39
23:31,101374.74,9.42,81.13,101390.10,11.26,62.17,-760222.31,0.48
23:32,101380.30,9.62,81.58,101393.75,11.34,62.80,-760905.31,0.45
23:33,101389.76,9.69,81.65,101392.18,11.36,62.90,-761469.00,0.48
23:34,101377.02,9.74,81.55,101390.93,11.33,62.87,-761490.87,0.49
23:35,101382.69,9.83,81.47,101395.35,11.29,63.20,-761845.18,0.47
23:36,101384.39,9.97,81.29,101395.26,11.30,63.82,-761993.00,0.48
23:37,101391.00,10.08,80.47,101394.22,11.27,63.94,-761865.18,0.47
23:38,101390.19,10.18,79.82,101395.41,11.34,63.59,-762204.18,0.48
23:39,101386.05,10.21,79.15,101395.10,11.30,63.62,-762294.81,0.48
23:40,101393.32,10.28,78.66,101398.75,11.38,63.41,-762503.62,0.39
23:41,101388.69,10.36,78.38,101398.71,11.41,63.38,-763153.31,0.48
23:42,101380.85,10.39,77.97,101393.69,11.26,63.83,-763396.00,0.46
23:43,101372.07,18.73,31.21,101396.81,12.12,56.83,-763604.87,4.00
23:44,101378.23,20.14,26.43,101396.11,12.97,52.14,-763593.68,3.36
23:45,101373.89,22.03,24.25,101394.53,13.60,49.77,-763332.00,4.53
23:46,101378.27,22.55,22.89,101393.47,14.08,47.72,-763434.87,4.05
23:47,101383.41,22.48,21.86,101395.00,13.94,48.67,-762980.62,3.59
23:48,101379.70,21.99,21.72,101399.32,13.90,47.44,-763123.37,4.67
23:49,101378.73,21.78,21.55,101395.91,13.75,48.30,-763361.00,4.03
23:50,101381.02,21.61,21.62,101397.74,13.62,48.11,-763603.87,4.41
23:51,101379.77,21.61,21.56,101402.54,14.05,46.15,-764049.12,4.45
23:52,101381.30,21.64,21.62,101399.02,13.93,46.77,-764087.31,3.77
23:53,101383.42,21.67,21.24,101403.76,13.72,47.22,-764299.50,3.93
23:54,101380.13,21.66,21.16,101403.80,13.92,46.29,-764400.00,4.53
23:55,101379.94,21.71,21.06,101405.00,14.05,45.78,-764514.12,4.61
23:56,101377.99,21.79,20.88,101400.44,13.96,46.21,-764833.87,4.65
23:57,101377.78,21.81,20.87,101407.25,13.94,46.75,-764720.18,4.50
23:58,101385.13,21.78,20.86,101410.34,13.88,46.28,-764869.50,4.18
23:59,101378.33,21.76,20.82,101407.50,13.88,46.61,-765432.00,4.16
0:0,101391.29,21.82,20.73,101407.10,13.87,46.73,-765130.18,4.18
0:1,101380.63,21.80,20.81,101410.85,13.75,46.78,-765066.18,4.68
0:2,101384.59,21.83,20.69,101409.66,13.84,47.83,-765823.12,3.83
0:3,101387.75,21.77,20.86,101411.47,13.60,47.49,-766151.18,4.46
0:4,101389.64,21.85,20.66,101410.03,13.61,48.45,-766028.31,4.56
0:5,101391.96,21.89,20.67,101411.83,13.65,47.67,-766188.62,3.95
0:6,101385.21,21.95,20.60,101408.44,13.70,47.12,-766571.62,4.70
0:7,101388.52,22.03,20.42,101410.64,14.14,45.61,-766379.87,4.40
0:8,101387.15,22.09,20.56,101412.82,14.23,45.24,-766703.62,4.83
0:9,101388.63,22.13,20.65,101407.14,14.13,45.34,-766419.68,4.09
0:10,101388.70,22.31,20.31,101415.00,14.23,45.35,-766880.00,4.73
0:11,101396.05,22.37,20.53,101411.42,14.12,45.16,-767023.62,3.76
0:12,101400.82,22.45,20.66,101414.64,14.43,45.04,-767150.12,4.68
0:13,101390.07,22.55,20.69,101421.08,13.95,47.68,-767514.81,4.72
0:14,101403.18,22.60,21.04,101418.10,13.65,47.87,-767322.31,4.14
0:15,101396.44,22.69,21.02,101419.97,13.98,46.73,-767459.68,3.90
0:16,101400.11,22.77,21.01,101419.83,14.50,44.56,-767684.18,4.77
0:17,101391.85,22.82,21.00,101416.96,14.49,45.21,-767934.18,4.97
0:18,101407.83,22.76,21.53,101421.72,14.24,45.61,-767853.87,3.88
0:19,101399.03,22.71,21.90,101423.13,13.80,47.43,-768245.37,4.54
0:20,101399.38,22.69,21.94,101422.30,14.00,47.01,-768079.68,3.82
0:21,101401.74,22.69,21.98,101419.32,14.14,47.08,-768360.18,4.68
0:22,101403.85,22.57,22.67,101414.80,14.17,46.72,-768703.18,4.12
0:23,101405.46,22.60,22.61,101423.14,13.96,48.30,-768701.87,3.65
0:24,101413.35,12.75,43.60,101420.63,12.87,51.42,-768616.37,0.45
0:25,101415.99,5.61,62.87,101427.03,10.98,56.90,-769048.18,0.48
0:26,101424.99,4.58,71.43,101422.86,10.11,60.67,-769734.50,0.48
0:27,101419.47,7.02,79.85,101424.96,10.01,63.80,-770709.12,0.47
0:28,101423.53,8.70,81.67,101426.07,10.26,66.00,-770912.81,0.48
0:29,101422.74,9.12,82.11,101430.38,10.46,66.08,-770942.87,0.48
0:30,101420.76,9.22,82.50,101430.61,10.47,66.70,-771688.37,0.47
0:31,101425.48,9.29,82.75,101431.60,10.51,66.72,-771725.18,0.48
0:32,101420.97,9.34,82.90,101430.42,10.47,67.00,-771890.68,0.48
0:33,101426.52,9.39,82.72,101436.60,10.42,66.82,-772142.62,0.48
0:34,101435.32,9.52,82.56,101431.07,10.44,67.78,-772881.37,0.40
0:35,101428.63,9.62,82.17,101435.21,10.43,68.26,-772821.18,0.48
0:36,101435.04,9.67,81.71,101436.89,10.49,67.99,-773484.37,0.48
0:37,101425.67,9.72,81.43,101435.57,10.42,68.21,-773854.12,0.48
0:38,101424.52,9.72,80.67,101435.00,10.32,67.90,-773962.37,0.48
0:39,101427.77,9.65,80.65,101438.47,10.30,68.42,-774358.50,0.49
0:40,101432.61,9.69,80.73,101439.33,10.29,68.98,-774092.12,0.48
0:41,101412.28,18.54,29.70,101443.82,11.22,60.61,-774583.12,3.65
0:42,101420.89,11.50,60.46,101440.75,11.75,58.92,-774332.31,0.48
0:43,101431.24,10.42,74.04,101446.71,11.03,63.78,-773741.62,0.16
0:44,101431.42,10.72,66.30,101445.68,10.97,63.78,-774078.12,0.17
0:45,101428.33,10.86,72.81,101439.84,10.74,65.75,-774427.62,0.48
0:46,101429.07,10.44,77.13,101440.86,10.71,66.06,-774896.87,0.14
0:47,101433.67,10.64,68.24,101439.91,10.75,65.07,-774815.37,0.17
0:48,101430.60,10.73,75.41,101434.95,10.51,67.51,-775289.81,0.48
0:49,101433.66,10.38,77.71,101437.61,10.46,67.21,-775644.12,0.14
0:50,101432.35,10.63,71.42,101437.92,10.52,66.38,-775782.00,0.14
0:51,101413.33,17.20,35.77,101440.14,11.00,62.44,-776545.50,3.81
0:52,101429.64,12.46,55.37,101445.39,11.30,61.17,-776232.37,0.48
0:53,101430.31,10.36,74.09,101439.38,10.69,65.63,-776365.81,0.14
0:54,101432.07,10.77,68.10,101443.17,10.69,65.40,-776195.62,0.14
0:55,101415.43,17.36,34.48,101442.75,10.80,62.90,-776854.62,3.96
0:56,101419.77,11.48,61.43,101444.11,10.93,63.22,-777019.81,0.48
0:57,101434.66,10.48,73.95,101439.81,10.57,65.60,-776699.68,0.14
0:58,101431.00,10.85,66.80,101441.35,10.63,65.79,-776431.50,0.08
0:59,101419.47,17.97,31.93,101447.11,11.33,60.35,-776983.50,0.55
1:0,101434.63,10.12,75.39,101447.72,10.74,65.75,-777266.68,0.17
1:1,101433.83,10.72,67.84,101441.32,10.55,65.88,-776954.00,0.14
1:2,101432.82,11.10,71.92,101441.30,10.46,66.56,-777317.68,2.07
1:3,101439.85,9.96,79.50,101443.97,10.23,69.78,-777979.37,0.14
1:4,101441.10,10.54,74.75,101444.22,10.34,67.81,-777753.81,0.14
1:5,101425.24,11.22,78.98,101446.07,10.42,67.10,-777529.12,3.89
1:6,101420.82,18.80,28.05,101444.41,11.69,57.70,-778012.68,3.58
1:7,101432.14,9.95,73.96,101447.00,10.96,64.00,-778247.18,0.48
1:8,101440.91,10.49,68.73,101443.91,10.75,65.21,-777805.87,0.14
1:9,101441.91,10.74,66.76,101448.44,10.73,65.60,-777824.50,0.15
1:10,101439.66,9.89,79.52,101445.50,10.23,69.10,-778335.68,0.48
1:11,101442.55,10.34,74.98,101449.17,10.34,67.78,-778449.00,0.14
1:12,101440.85,10.57,69.43,101450.11,10.40,67.51,-778416.81,0.14
1:13,101424.60,18.56,28.72,101449.14,11.49,58.80,-779134.81,3.98
1:14,101439.76,10.19,69.19,101453.00,11.23,62.48,-778428.50,0.45
1:15,101440.85,10.36,73.05,101450.72,10.67,66.03,-778351.62,0.15
1:16,101442.58,10.60,68.23,101450.54,10.59,66.33,-778496.31,0.14
1:17,101425.39,18.39,29.76,101447.52,11.40,59.63,-779274.50,4.65
1:18,101429.78,10.17,71.56,101446.38,10.85,64.52,-779278.68,0.48
1:19,101439.64,10.47,72.40,101441.49,10.53,66.46,-778996.87,0.14
1:20,101438.06,10.69,67.91,101441.75,10.57,66.55,-778646.37,0.14
1:21,101421.32,18.51,29.44,101452.13,11.16,61.07,-779364.37,4.43
1:22,101434.14,10.14,71.82,101442.31,10.71,65.54,-778913.50,0.41
1:23,101438.78,10.47,71.61,101446.74,10.46,67.27,-779069.31,0.09
1:24,101440.98,10.73,67.26,101447.81,10.27,67.86,-779471.68,0.14
1:25,101431.07,18.63,29.17,101450.94,11.28,60.07,-779326.37,4.56
1:26,101429.07,10.31,69.91,101454.40,11.04,63.72,-779195.31,0.43
1:27,101449.10,10.55,72.47,101450.02,10.52,66.79,-779171.62,0.08
1:28,101450.25,10.85,67.35,101449.67,10.48,67.33,-779138.12,0.10
1:29,101438.16,18.64,29.45,101456.94,11.12,61.57,-779994.62,3.39
1:30,101446.78,10.18,70.69,101455.77,10.78,65.02,-780083.50,0.48
1:31,101451.14,10.46,73.53,101455.91,10.38,67.99,-779836.50,0.09
1:32,101448.59,10.67,67.74,101455.14,10.33,67.96,-779599.87,0.09
1:33,101440.41,18.67,29.36,101456.44,11.03,61.80,-780342.12,4.56
1:34,101443.92,10.72,64.35,101459.07,10.99,63.53,-780181.50,0.41
1:35,101451.60,10.34,73.70,101456.55,10.38,67.84,-780154.00,0.08
1:36,101450.78,10.61,68.08,101456.17,10.37,67.98,-779914.12,0.16
1:37,101446.32,18.47,30.64,101458.07,11.06,62.29,-780286.62,4.65
1:38,101444.00,10.06,72.83,101456.30,10.74,65.77,-780405.87,0.43
1:39,101453.42,10.47,72.09,101459.28,10.39,67.93,-779923.37,0.08
1:40,101451.67,10.63,67.96,101461.78,10.40,67.94,-780065.68,0.17
1:41,101429.64,18.85,28.81,101461.42,11.28,60.75,-780592.87,4.36
1:42,101443.77,10.26,67.51,101457.99,10.62,65.56,-780079.18,0.42
1:43,101450.89,10.26,72.96,101458.14,10.35,67.96,-780240.18,0.14
1:44,101449.00,10.72,68.01,101462.55,10.22,68.52,-780377.18,0.08
1:45,101435.97,18.59,29.94,101457.50,10.90,63.26,-780611.81,3.76
1:46,101451.21,10.40,67.02,101461.36,10.89,64.33,-780610.37,0.43
1:47,101454.44,10.33,73.94,101461.20,10.27,68.13,-780478.50,0.14
1:48,101451.98,10.64,68.29,101459.14,10.19,68.81,-780299.62,0.14
1:49,101445.35,18.48,30.44,101462.56,10.90,63.11,-781003.68,4.65
1:50,101445.99,10.07,70.73,101458.69,10.55,66.28,-780975.62,0.48
1:51,101453.27,10.36,72.44,101458.19,10.16,68.75,-780729.81,0.17
1:52,101459.00,10.59,68.41,101462.65,10.09,69.37,-780582.81,0.08
1:53,101440.46,18.69,29.44,101466.36,10.93,62.98,-781015.00,4.23
1:54,101445.32,11.64,56.52,101468.08,11.28,61.46,-781048.87,0.48
1:55,101453.07,10.08,74.32,101466.71,10.43,67.63,-780810.00,0.17
1:56,101456.93,10.42,69.33,101466.58,10.20,68.89,-780569.62,0.17
1:57,101439.16,17.98,32.91,101466.66,10.61,65.20,-781171.37,4.16
1:58,101443.30,19.97,27.74,101470.46,11.32,61.26,-781178.31,2.81
1:59,101452.60,9.31,74.68,101464.07,10.28,67.44,-781050.81,0.16
2:0,101454.58,10.03,70.61,101464.84,10.25,68.44,-780677.31,0.14
2:1,101450.83,10.57,70.17,101463.37,10.08,69.50,-780925.12,3.58
2:2,101443.21,19.11,27.57,101467.38,11.07,62.21,-781430.87,3.94
2:3,101449.41,14.26,41.67,101464.92,11.60,59.46,-781444.68,0.48
2:4,101457.34,9.63,73.25,101462.97,10.43,66.55,-780939.62,0.14
2:5,101456.17,10.30,68.80,101466.40,10.35,67.88,-780933.12,0.14
2:6,101449.84,16.61,38.68,101466.30,10.37,66.53,-781370.87,3.65
2:7,101439.46,20.01,28.24,101466.86,11.85,58.26,-781331.50,0.48
2:8,101458.69,9.33,74.17,101465.23,10.47,66.29,-781715.37,0.14
2:9,101460.30,10.15,69.49,101462.38,10.20,68.33,-781431.62,0.14
2:10,101451.96,11.23,77.15,101466.27,9.98,69.63,-781263.12,3.67
2:11,101442.61,19.15,28.23,101471.53,11.11,61.39,-782385.87,4.56
2:12,101449.69,13.07,44.49,101470.19,11.46,60.31,-781968.50,0.48
2:13,101457.95,9.53,73.17,101465.42,10.20,67.78,-781608.31,0.08
2:14,101461.33,10.20,69.01,101467.13,9.98,69.47,-781763.62,0.14
2:15,101451.22,17.35,35.94,101467.67,10.43,66.03,-782043.62,4.54
2:16,101454.58,19.32,29.30,101472.75,11.77,58.56,-782386.12,0.42
2:17,101466.62,9.35,73.87,101469.63,10.26,67.28,-781790.00,0.14
2:18,101465.15,10.09,69.82,101475.85,10.00,69.11,-781859.50,0.16
2:19,101470.33,12.24,66.20,101476.96,9.95,70.98,-781859.31,4.21
2:20,101468.27,19.02,27.45,101475.16,10.84,63.29,-782135.68,4.09
2:21,101454.53,21.31,25.96,101480.75,11.37,61.14,-782560.00,3.81
2:22,101457.28,13.85,38.17,101478.49,11.70,58.57,-782287.12,0.49
2:23,101472.83,8.35,69.55,101478.77,10.05,67.58,-781954.68,0.14
2:24,101471.42,9.34,71.21,101484.42,10.03,68.90,-781996.68,0.08
2:25,101464.76,16.14,37.82,101485.20,10.19,66.36,-782414.50,4.25
2:26,101461.27,19.68,27.92,101486.62,11.48,59.27,-783040.50,4.64
2:27,101469.23,9.13,73.68,101481.75,10.37,66.00,-782562.62,0.42
2:28,101471.86,10.05,69.90,101484.52,10.03,69.01,-782666.62,0.14
2:29,101474.92,10.41,68.15,101484.39,9.96,69.73,-782563.37,0.10
2:30,101462.80,18.94,27.60,101480.68,10.90,62.38,-783007.62,4.36
2:31,101465.92,21.13,26.21,101484.86,11.20,61.47,-782786.18,4.53
2:32,101468.07,15.26,34.87,101478.87,11.79,58.46,-782896.37,0.48
2:33,101478.33,8.23,69.35,101485.74,9.98,66.73,-783191.81,0.17
2:34,101473.61,9.49,69.71,101483.49,9.91,69.28,-783334.37,0.16
2:35,101469.78,15.54,40.37,101486.35,10.07,67.37,-783388.31,4.25
2:36,101455.66,19.53,27.85,101484.31,11.36,59.35,-783737.81,4.37
2:37,101467.17,10.41,54.42,101486.00,11.16,60.39,-783117.31,0.42
2:38,101471.50,9.41,71.89,101479.47,10.10,67.57,-783391.31,0.17
2:39,101471.28,9.89,69.30,101483.50,9.95,68.89,-783467.87,0.16
2:40,101457.12,18.07,31.51,101480.08,10.58,63.76,-784071.00,4.24
2:41,101459.58,20.14,27.48,101478.79,11.90,57.34,-783934.50,0.42
2:42,101470.92,9.14,73.55,101479.19,10.30,66.06,-783976.12,0.09
2:43,101469.63,9.93,69.58,101479.21,10.14,67.91,-783918.00,0.08
2:44,101477.58,10.87,77.37,101478.95,9.93,69.01,-784042.18,3.41
2:45,101469.48,19.01,27.28,101485.38,11.22,59.63,-784966.87,3.62
2:46,101473.32,13.43,43.07,101484.80,11.48,58.71,-784734.37,0.41
2:47,101476.03,9.43,72.80,101486.15,10.02,67.61,-784001.00,0.09
2:48,101477.72,10.12,68.50,101483.64,9.85,69.23,-784500.18,0.14
2:49,101471.55,16.84,36.78,101484.83,10.03,67.01,-707816.81,3.51
2:50,101460.39,19.66,27.93,101488.47,11.26,59.49,-785018.87,4.28
2:51,101456.52,21.70,25.19,101481.31,11.87,57.67,-785054.37,4.20
2:52,101472.78,7.79,68.98,101482.22,10.11,64.68,-785405.50,0.14
2:53,101475.75,9.18,69.13,101487.75,10.02,67.70,-785092.18,0.14
2:54,101480.02,10.00,70.91,101486.70,9.82,69.07,-785403.87,3.74
2:55,101463.11,18.70,27.61,101485.28,10.86,61.48,-785904.81,3.41
2:56,101460.58,21.30,25.94,101484.85,11.68,58.41,-785819.12,4.22
2:57,101472.80,7.97,69.89,101481.22,10.04,65.04,-785769.31,0.49
2:58,101476.55,9.20,70.43,101482.77,9.75,68.67,-785575.18,0.17
2:59,101475.44,9.80,69.00,101482.66,9.56,70.03,-785791.37,0.17
3:0,101461.52,18.73,27.73,101484.30,10.94,60.02,-786076.62,4.34
3:1,101467.13,20.69,26.54,101487.49,11.95,56.82,-786159.50,0.48
3:2,101475.69,8.32,71.31,101481.99,10.03,65.60,-786241.50,0.14
3:3,101477.40,9.52,69.04,101485.32,9.78,68.71,-786320.00,0.17
3:4,101470.66,10.99,73.25,101484.47,9.48,70.95,-786329.31,3.53
3:5,101454.67,19.50,28.54,101484.52,10.86,61.17,-787168.81,3.44
3:6,101468.25,21.02,25.90,101485.46,12.04,56.44,-786809.00,0.42
3:7,101472.41,7.76,69.60,101485.16,10.08,64.63,-786707.18,0.10
3:8,101476.62,9.20,68.96,101485.35,9.78,68.47,-786685.62,0.17
3:9,101477.59,10.57,73.06,101483.89,9.54,70.10,-787180.18,3.69
3:10,101457.30,19.25,28.71,101484.61,10.88,60.99,-787530.18,4.40
3:11,101463.14,21.55,25.33,101488.66,11.46,59.33,-787471.62,3.54
3:12,101452.97,22.01,23.93,101491.71,11.34,59.93,-787328.00,3.68
3:13,101461.24,16.72,30.96,101492.35,11.60,57.92,-787463.31,0.48
3:14,101481.00,6.53,63.07,101485.88,9.73,64.69,-787725.68,0.09
3:15,101483.60,8.14,69.56,101489.77,9.41,69.41,-787979.18,0.10
3:16,101470.75,12.41,48.54,101490.07,9.35,68.69,-788149.37,4.00
3:17,101472.22,20.16,27.58,101491.57,10.88,61.25,-788883.12,4.55
3:18,101468.46,21.46,24.46,101495.32,11.72,57.89,-788378.81,4.72
3:19,101473.60,17.38,29.96,101496.50,11.87,56.14,-788218.81,0.48
3:20,101484.75,6.35,63.37,101492.40,9.77,64.03,-788227.68,0.14
3:21,101492.07,8.10,69.93,101494.24,9.67,68.00,-788438.87,0.14
3:22,101486.72,11.64,50.99,101497.10,9.44,67.80,-788798.31,3.62
3:23,101471.78,20.01,27.73,101493.48,10.50,63.20,-789343.62,4.44
3:24,101467.14,21.35,24.48,101496.92,11.74,56.88,-789575.87,4.06
3:25,101473.21,19.00,27.42,101495.75,12.06,55.28,-789355.00,0.48
3:26,101490.36,6.26,63.27,101496.35,9.75,63.82,-789506.18,0.17
3:27,101488.91,7.86,71.59,101492.91,9.53,68.33,-789611.00,0.14
3:28,101488.97,10.15,56.65,101498.28,9.37,67.92,-790042.31,3.75
3:29,101470.34,19.83,28.07,101496.90,10.97,60.00,-790719.87,3.96
3:30,101484.77,21.21,24.65,101494.86,11.94,55.86,-790275.31,3.74
3:31,101482.00,6.34,60.86,101492.91,10.07,61.57,-790368.12,0.42
3:32,101489.60,7.58,70.45,101491.35,9.59,67.26,-790470.00,0.09
3:33,101489.02,8.73,71.52,101492.97,9.58,68.63,-790579.62,0.14
3:34,101466.64,19.15,30.50,101490.23,10.34,63.08,-791302.37,3.56
3:35,101469.92,21.26,25.37,101494.22,11.71,57.20,-791083.12,4.45
3:36,101472.01,19.17,27.31,101493.24,11.49,58.00,-790777.68,0.40
3:37,101488.10,6.27,63.99,101491.91,9.39,66.12,-791411.87,0.09
3:38,101488.27,7.88,70.84,101495.35,9.30,68.99,-791439.37,0.08
3:39,101485.69,10.64,54.51,101492.34,9.21,68.48,-791891.18,3.54
3:40,101472.53,19.86,28.06,101487.53,10.71,61.43,-792331.00,3.64
3:41,101462.99,21.20,24.73,101495.28,11.92,55.65,-792089.37,3.83
3:42,101478.01,14.17,35.63,101490.02,11.82,55.25,-791876.62,0.59
3:43,101486.70,6.49,63.57,101492.54,9.76,64.04,-792036.50,0.08
3:44,101488.05,8.15,70.34,101492.58,9.50,67.66,-792071.12,0.14
3:45,101475.67,13.74,44.97,101496.02,9.47,66.48,-792638.50,4.04
3:46,101473.07,20.18,27.28,101495.07,11.11,59.07,-792988.87,3.73
3:47,101475.42,21.33,24.10,101494.32,11.90,55.61,-793194.81,4.32
3:48,101498.21,8.75,49.19,101498.70,10.75,58.49,-792807.00,0.43
3:49,101492.63,7.12,65.66,101500.53,9.56,66.33,-792777.37,0.15
3:50,101498.55,8.40,70.93,101504.14,9.51,67.68,-793164.50,0.12
3:51,101487.08,17.16,35.27,101500.80,9.77,65.38,-794079.31,3.94
3:52,101486.17,20.58,26.04,101500.64,10.94,59.55,-793965.37,4.05
3:53,101479.22,21.28,23.52,101504.38,11.14,58.85,-793963.87,3.61
3:54,101479.42,20.71,22.75,101507.56,11.70,54.82,-794363.50,3.60
3:55,101485.49,20.14,22.69,101508.74,11.55,55.38,-794283.50,4.04
3:56,101501.58,7.11,53.85,101507.07,10.11,60.05,-794387.62,0.48
3:57,101504.50,6.89,64.60,101508.66,9.26,67.86,-794404.68,0.14
3:58,101508.27,8.35,68.77,101511.85,9.28,69.04,-794738.37,0.15
3:59,101489.25,17.62,31.71,101509.17,9.64,65.26,-795113.68,3.89
4:0,101488.50,20.14,25.41,101510.46,10.76,59.95,-795479.18,4.40
4:1,101486.32,20.78,23.40,101505.80,11.53,56.35,-795822.68,4.24
4:2,101486.66,20.37,22.81,101512.06,11.46,55.25,-795421.87,4.65
4:3,101481.67,19.88,22.72,101510.86,11.21,55.88,-795046.50,3.82
4:4,101490.61,19.65,22.95,101513.42,11.54,54.29,-795594.37,3.34
4:5,101489.80,19.64,22.84,101515.21,11.64,53.47,-795620.00,3.67
4:6,101498.32,6.72,55.23,101511.83,10.09,59.05,-795702.87,0.48
4:7,101505.19,6.96,69.08,101514.88,9.41,66.71,-795858.50,0.08
4:8,101509.89,8.43,69.64,101512.84,9.39,67.64,-796022.12,0.17
4:9,101485.73,17.52,31.01,101512.18,9.97,62.48,-797213.87,4.31
4:10,101488.96,19.86,25.34,101512.83,10.91,58.19,-796834.87,4.34
4:11,101490.66,20.45,23.43,101514.77,11.31,56.23,-797068.68,4.29
4:12,101497.90,20.08,22.84,101519.69,11.76,53.66,-797079.37,3.96
4:13,101506.49,17.73,28.05,101517.37,11.65,53.99,-797326.81,0.49
4:14,101511.96,5.76,62.93,101518.34,9.44,62.80,-797210.87,0.10
4:15,101513.66,7.52,70.60,101523.36,9.31,67.37,-797425.87,0.10
4:16,101517.85,9.59,57.97,101526.27,9.13,67.42,-798049.68,3.87
4:17,101502.80,18.99,27.83,101519.94,10.29,61.69,-798603.31,4.55
4:18,101495.64,20.31,24.48,101519.73,10.45,60.69,-798331.00,3.47
4:19,101501.49,20.26,22.97,101520.32,10.75,58.90,-798450.81,4.28
4:20,101498.15,19.67,22.77,101523.50,10.85,56.92,-799251.68,3.70
4:21,101500.19,19.41,22.84,101524.23,11.00,56.72,-798944.31,4.35
4:22,101507.34,19.28,22.99,101527.49,11.02,55.61,-799314.50,3.94
4:23,101506.67,19.32,22.81,101522.80,11.24,54.45,-798910.18,4.09
4:24,101500.30,19.35,22.60,101520.56,10.76,57.38,-798793.18,4.34
4:25,101489.46,19.29,22.67,101517.70,10.53,58.49,-799362.37,3.82
4:26,101496.06,19.29,22.64,101521.67,10.41,59.21,-799676.12,4.47
4:27,101495.09,19.30,22.67,101525.24,10.93,55.65,-800149.18,4.37
4:28,101497.55,19.40,22.45,101525.18,11.02,55.53,-800246.68,4.64
4:29,101505.44,19.46,22.58,101523.91,11.09,55.32,-800325.31,4.14
4:30,101502.02,19.56,22.62,101522.05,10.97,56.37,-800088.37,4.14
4:31,101501.36,19.69,22.55,101525.67,10.93,55.81,-800189.31,4.49
4:32,101502.71,19.78,22.81,101526.27,11.42,54.15,-800651.87,4.58
4:33,101510.18,7.47,51.96,101528.12,10.15,59.00,-800842.12,0.48
4:34,101521.48,7.02,66.08,101527.39,9.30,65.45,-800964.00,0.14
4:35,101524.78,8.27,70.23,101527.17,9.11,68.49,-801128.87,0.14
4:36,101513.67,17.17,28.93,101528.02,9.39,64.19,-801816.18,4.13
4:37,101508.60,19.24,25.24,101528.05,10.63,58.35,-802198.87,3.36
4:38,101505.72,20.08,23.07,101526.82,10.76,58.03,-801637.18,4.60
4:39,101501.71,19.50,22.77,101525.42,10.73,56.65,-801872.62,4.47
4:40,101495.11,19.28,22.69,101525.87,10.78,57.33,-801720.18,4.45
4:41,101503.49,19.19,22.62,101526.95,10.87,55.88,-802337.62,3.58
4:42,101500.59,19.17,22.69,101527.75,10.93,55.74,-802200.68,3.42
4:43,101507.57,19.22,22.62,101529.90,10.71,57.15,-802145.50,4.51
4:44,101512.76,19.26,22.61,101528.26,11.13,54.37,-802495.37,4.20
4:45,101515.22,19.32,22.50,101529.24,11.00,55.24,-802419.87,3.53
4:46,101506.22,19.35,22.62,101534.21,10.94,55.04,-802586.50,4.16
4:47,101501.63,19.41,22.60,101532.13,10.83,56.47,-802496.37,4.65
4:48,101508.30,19.50,22.64,101531.47,10.99,55.38,-802797.68,4.50
4:49,101511.80,19.57,22.90,101532.55,11.26,53.85,-803166.50,3.56
4:50,101515.98,19.66,23.22,101532.36,11.24,54.48,-803301.37,4.22
4:51,101511.46,19.84,23.48,101533.72,11.16,54.81,-803356.37,3.39
4:52,101510.10,19.98,23.45,101534.21,11.13,55.64,-803462.37,4.34
4:53,101506.89,20.00,24.10,101536.66,11.28,54.83,-803657.00,4.42
4:54,101525.07,8.20,51.56,101533.19,9.93,60.22,-803872.68,0.48
4:55,101527.42,8.02,65.08,101536.67,9.26,66.36,-803992.37,0.09
4:56,101532.85,8.81,67.47,101542.96,9.17,67.90,-804351.87,0.14
4:57,101517.89,17.01,28.04,101538.27,9.65,62.03,-804963.81,4.11
4:58,101515.49,19.16,25.13,101535.60,10.34,59.60,-805198.00,3.93
4:59,101508.05,20.18,22.99,101531.46,10.66,58.12,-804260.68,3.82
5:0,101500.30,19.66,22.65,101534.84,10.59,58.08,-804385.12,3.82
5:1,101506.67,19.26,22.99,101542.27,10.40,58.39,-804882.50,3.40
5:2,101512.01,19.20,23.08,101538.38,10.62,56.96,-804675.62,3.53
5:3,101516.24,19.23,23.23,101537.98,11.11,54.59,-804992.62,3.78
5:4,101520.64,19.35,23.15,101539.09,11.05,55.20,-804636.00,4.57
5:5,101509.00,19.41,23.40,101534.58,11.20,54.51,-805008.81,3.84
5:6,101512.83,19.53,23.56,101536.89,10.92,56.08,-804764.37,3.89
5:7,101514.18,19.64,23.68,101540.64,10.92,55.89,-805014.00,4.30
5:8,101510.39,19.73,23.99,101540.03,11.30,55.06,-805252.31,3.60
5:9,101520.42,19.84,23.93,101538.00,10.87,57.08,-805042.62,3.51
5:10,101521.35,19.80,24.14,101539.39,10.94,55.96,-805500.62,3.56
5:11,101520.82,19.79,24.32,101541.73,11.04,56.43,-805669.12,4.34
5:12,101523.17,19.72,24.96,101541.27,11.24,55.40,-805677.87,4.67
5:13,101525.50,19.78,25.05,101543.21,10.91,56.90,-805518.50,3.69
5:14,101533.03,19.69,25.81,101543.53,10.95,56.77,-806120.81,4.67
5:15,101531.33,19.64,26.23,101547.33,11.26,55.42,-806123.68,4.32
5:16,101538.53,10.07,48.81,101547.33,10.08,60.56,-806079.81,0.39
5:17,101544.14,5.23,66.72,101548.82,8.47,66.66,-806348.18,0.48
5:18,101547.00,4.39,71.93,101549.92,7.79,69.99,-806997.87,0.48
5:19,101553.10,3.96,75.04,101551.96,7.43,71.97,-807744.12,0.48
5:20,101551.91,4.17,77.64,101549.46,7.34,72.41,-808370.68,0.48
5:21,101554.50,5.14,80.67,101552.13,7.48,72.73,-809767.68,0.43
5:22,101555.00,6.19,82.45,101555.67,7.58,73.87,-811493.87,0.48
5:23,101556.85,6.89,83.75,101559.07,7.71,74.88,-813238.87,0.49
5:24,101549.39,7.26,84.41,101556.96,7.83,75.56,-814810.00,0.48
5:25,101551.49,7.39,84.79,101552.17,7.87,76.19,-816065.31,0.46
5:26,101555.82,7.44,85.00,101556.91,7.82,76.51,-817425.68,0.42
5:27,101551.27,7.50,85.23,101556.52,7.92,76.70,-818664.68,0.44
5:28,101559.36,7.48,85.25,101561.42,7.88,76.92,-819719.68,0.47
5:29,101558.27,7.52,85.32,101556.80,7.91,76.64,-820690.12,0.41
5:30,101551.80,7.52,85.38,101560.89,7.83,77.30,-821273.50,0.48
5:31,101569.72,7.50,85.48,101566.42,7.74,77.82,-821791.37,0.48
5:32,101552.05,7.57,85.56,101561.19,7.85,77.75,-822544.62,0.43
5:33,101547.97,17.23,36.85,101555.25,9.05,70.53,-823066.12,4.37
5:34,101535.63,19.65,27.46,101559.89,10.39,61.92,-822853.12,3.79
5:35,101526.90,20.07,24.71,101555.16,10.40,60.87,-822873.12,4.64
5:36,101533.77,19.50,23.84,101556.83,10.62,58.37,-823005.37,3.80
5:37,101536.42,18.98,23.64,101560.89,10.50,58.17,-823012.12,3.59
5:38,101536.71,18.74,23.81,101557.88,10.19,59.49,-823623.18,3.80
5:39,101534.75,18.70,23.53,101556.55,10.06,60.33,-823585.68,3.61
5:40,101536.28,18.65,23.48,101559.42,10.14,59.76,-824197.50,4.03
5:41,101530.60,18.65,23.56,101559.70,10.39,58.03,-824697.81,4.12
5:42,101547.83,18.72,23.24,101557.41,10.30,57.68,-824748.18,4.36
5:43,101535.71,18.75,23.09,101556.39,10.47,57.33,-825008.12,4.49
5:44,101537.05,18.81,23.41,101562.91,10.86,55.35,-825221.50,4.09
5:45,101533.88,18.87,23.28,101557.10,10.68,56.29,-825117.62,3.65
5:46,101537.13,18.94,23.22,101561.46,10.78,55.81,-825499.87,4.23
5:47,101546.25,19.03,23.18,101558.77,10.89,55.45,-825661.00,4.43
5:48,101536.98,19.12,23.41,101557.44,10.64,56.51,-825552.37,3.38
5:49,101537.60,19.21,23.62,101562.86,10.89,55.41,-825964.31,4.61
5:50,101555.78,19.32,23.85,101560.03,10.72,56.36,-826342.50,4.46
5:51,101539.85,19.44,24.09,101560.92,10.69,56.66,-826616.81,3.48
5:52,101546.17,19.42,24.82,101563.33,11.03,55.41,-826594.00,4.45
5:53,101540.74,19.41,25.20,101566.04,11.03,55.57,-827171.18,3.83
5:54,101550.86,19.37,25.78,101562.92,10.73,56.91,-827494.81,3.58
5:55,101550.13,19.35,26.09,101567.36,11.05,56.00,-827231.50,4.73
5:56,101549.47,19.30,26.37,101563.53,10.65,58.00,-827502.00,3.36
5:57,101553.58,14.92,35.87,101565.41,10.56,58.33,-827609.18,0.39
5:58,101569.92,5.12,63.60,101571.56,8.50,65.89,-827635.81,0.48
5:59,101573.82,3.47,72.95,101568.17,7.62,69.32,-828043.00,0.42
6:0,101575.97,3.83,78.12,101573.19,7.35,71.49,-829671.62,0.46
6:1,101560.16,6.23,83.16,101574.80,7.44,74.06,-830636.31,0.43
6:2,101577.89,7.04,83.99,101579.34,7.66,75.37,-830903.00,0.43
6:3,101566.86,7.34,84.40,101578.13,7.88,75.58,-831287.12,0.49
6:4,101567.28,7.42,84.78,101579.14,7.85,76.21,-831644.68,0.48
6:5,101565.69,7.46,85.06,101581.57,7.81,76.38,-832075.50,0.45
6:6,101573.07,7.47,85.33,101581.47,7.85,76.70,-832261.18,0.43
6:7,101577.28,7.50,85.61,101580.30,7.82,77.24,-832810.00,0.49
6:8,101576.32,7.55,85.77,101579.77,7.77,77.45,-833131.81,0.48
6:9,101572.96,7.58,86.08,101581.67,7.78,77.61,-833581.68,0.48
6:10,101571.12,7.60,86.18,101581.27,7.77,77.84,-833623.68,0.48
6:11,101579.83,7.60,86.10,101581.78,7.71,78.11,-834137.62,0.43
6:12,101577.66,7.62,86.06,101580.66,7.70,78.29,-834612.50,0.51
6:13,101577.82,7.67,86.06,101584.64,7.82,78.21,-834546.87,0.41
6:14,101558.46,14.29,46.55,101578.32,8.20,74.84,-834300.62,3.85
6:15,101557.25,19.54,29.51,101577.17,9.46,66.75,-834068.81,3.57
6:16,101545.64,20.66,25.22,101575.50,10.36,61.65,-833757.12,3.57
6:17,101549.43,19.71,23.70,101577.75,10.32,59.91,-833749.12,4.22
6:18,101560.76,18.93,23.72,101573.64,10.13,59.66,-833721.00,4.14
6:19,101553.13,18.64,23.88,101578.41,10.27,58.24,-833462.68,4.54
6:20,101559.82,18.57,23.65,101578.40,10.25,58.20,-833565.68,3.84
6:21,101553.03,18.57,23.52,101581.91,10.43,56.81,-833567.31,3.69
6:22,101562.35,18.61,23.50,101580.85,10.51,56.75,-833590.68,4.56
6:23,101562.33,18.64,23.24,101580.13,10.26,57.85,-833721.31,3.80
6:24,101565.20,18.68,23.12,101583.17,10.44,56.80,-833770.00,4.27
6:25,101562.50,18.72,23.08,101583.75,10.20,58.94,-833794.87,4.62
6:26,101562.88,18.77,23.25,101580.01,10.37,57.42,-834375.37,4.68
6:27,101567.32,18.84,23.14,101583.99,10.45,57.34,-834513.37,4.37
6:28,101565.92,18.90,23.35,101581.45,10.66,56.10,-834583.50,3.64
6:29,101563.32,19.03,23.28,101583.28,10.45,57.36,-834613.31,3.43
6:30,101565.50,19.18,23.34,101582.21,10.55,57.15,-834456.87,4.54
6:31,101567.41,19.27,23.97,101583.07,10.71,56.20,-834940.81,3.89
6:32,101569.82,19.35,24.46,101584.08,10.68,56.31,-835100.12,4.52
6:33,101566.53,19.45,24.48,101583.71,10.64,57.62,-835634.81,4.36
6:34,101564.18,19.46,24.90,101582.19,10.62,57.84,-835383.81,4.38
6:35,101571.55,19.42,25.37,101581.52,10.98,55.81,-835847.68,4.43
6:36,101567.63,19.43,25.48,101581.85,10.75,57.19,-835528.50,4.56
6:37,101579.28,7.28,55.19,101580.27,9.19,62.85,-835736.37,0.50
6:38,101590.21,3.73,71.06,101587.52,7.72,68.74,-836082.18,0.49
6:39,101580.19,3.54,76.04,101583.35,7.36,70.32,-837089.68,0.52
6:40,101584.61,5.74,82.30,101590.91,7.44,72.76,-838215.18,0.50
6:41,101582.52,6.97,83.49,101592.39,7.65,74.67,-838560.37,0.45
6:42,101594.55,7.33,84.18,101591.46,7.77,75.71,-839293.87,0.41
6:43,101591.67,7.41,84.59,101594.42,7.78,76.66,-839362.12,0.43
6:44,101593.20,7.47,84.96,101596.52,7.75,76.92,-839646.87,0.44
6:45,101594.09,7.49,85.23,101597.50,7.82,77.21,-839838.62,0.42
6:46,101594.11,7.54,85.51,101599.53,7.81,77.23,-840155.00,0.50
6:47,101588.35,7.62,85.83,101601.58,7.85,77.12,-840326.81,0.52
6:48,101601.72,7.63,85.96,101601.83,7.82,77.72,-840677.18,0.49
6:49,101597.99,7.69,86.12,101608.97,7.90,77.67,-840646.00,0.43
6:50,101597.10,7.71,86.05,101605.83,7.85,78.08,-841088.31,0.43
6:51,101607.88,7.68,85.89,101607.92,7.74,78.13,-840815.12,0.43
6:52,101601.46,7.68,85.93,101609.80,7.81,77.90,-841447.31,0.48
6:53,101601.33,7.74,86.00,101612.72,7.92,77.74,-841623.31,0.42
6:54,101591.23,18.29,32.95,101601.39,8.97,70.17,-841638.62,4.18
6:55,101591.07,20.66,26.48,101611.76,10.08,63.97,-841375.87,4.58
6:56,101592.14,20.43,23.63,101609.50,10.77,59.29,-840555.68,3.64
6:57,101602.28,19.40,23.59,101609.71,10.72,57.99,-840373.62,4.11
6:58,101595.14,18.96,23.83,101610.24,10.16,60.57,-840177.31,3.90
6:59,101601.92,18.82,23.65,101614.53,10.46,58.30,-840566.68,4.16
7:0,101602.08,18.74,23.55,101619.83,9.97,61.49,-840768.31,4.32
7:1,101596.52,18.75,23.40,101620.83,10.24,59.45,-841100.12,3.78
7:2,101601.62,18.80,23.46,101619.02,10.22,59.63,-840891.81,3.59
7:3,101604.12,18.91,23.03,101616.32,10.64,57.60,-841325.87,3.54
7:4,101604.36,18.96,23.09,101625.64,10.38,58.37,-841527.81,4.61
7:5,101606.30,19.04,22.98,101625.57,10.74,56.86,-841594.00,3.63
7:6,101604.17,19.13,22.80,101623.69,10.50,57.82,-841305.31,3.38
7:7,101606.35,19.23,22.81,101627.68,10.48,58.09,-841421.37,3.75
7:8,101610.99,19.33,23.18,101624.19,11.13,54.60,-841870.81,4.40
7:9,101612.10,19.49,23.11,101625.56,11.02,56.13,-841678.68,4.78
7:10,101616.05,19.60,23.67,101629.92,10.92,55.94,-841790.37,3.68
7:11,101620.86,19.79,23.56,101627.57,11.12,55.86,-841954.37,4.07
7:12,101619.35,19.86,23.98,101632.70,10.98,56.67,-842291.12,3.51
7:13,101616.14,19.91,24.27,101630.45,11.22,55.64,-842000.00,4.84
7:14,101625.61,19.90,24.74,101633.69,10.82,57.36,-842169.12,4.50
7:15,101621.83,19.94,24.76,101631.68,11.40,55.41,-842406.00,4.47
7:16,101627.85,11.01,46.31,101634.55,10.36,60.14,-842580.62,0.48
7:17,101632.16,8.41,57.41,101634.39,9.32,66.55,-842938.81,0.14
7:18,101639.19,9.25,65.99,101632.45,9.18,68.54,-842950.37,0.14
7:19,101620.03,15.86,28.80,101638.36,9.48,63.65,-843262.18,4.23
7:20,101623.76,17.99,25.98,101638.33,10.19,60.00,-843135.87,4.23
7:21,101615.46,19.76,24.26,101636.35,10.52,59.48,-843039.62,4.15
7:22,101625.39,20.02,22.56,101640.13,10.75,58.66,-842707.62,4.49
7:23,101621.86,19.55,22.63,101637.97,10.78,57.40,-842861.12,4.44
7:24,101618.78,19.36,22.66,101639.89,10.70,57.84,-842940.31,4.01
7:25,101623.16,19.33,22.69,101642.25,11.03,55.98,-843241.62,4.60
7:26,101617.74,19.38,22.93,101642.11,10.73,57.71,-842725.62,3.88
7:27,101623.11,19.49,22.79,101642.20,11.34,54.96,-842841.62,3.50
7:28,101623.42,19.60,23.10,101643.44,10.94,57.66,-842818.00,4.07
7:29,101620.53,19.75,22.89,101642.39,11.15,55.57,-843205.87,4.07
7:30,101633.25,19.92,23.24,101641.98,11.33,55.49,-843004.87,3.54
7:31,101634.89,12.04,40.85,101642.78,11.08,56.78,-843117.31,0.40
7:32,101642.64,7.20,58.21,101643.03,9.63,63.97,-843253.37,0.09
7:33,101640.15,8.49,69.40,101641.58,9.54,67.10,-843366.68,0.09
7:34,101627.07,16.04,34.61,101638.33,9.56,65.07,-843561.62,4.11
7:35,101621.30,19.33,25.59,101643.97,10.65,59.79,-843919.68,4.36
7:36,101623.57,20.57,23.26,101643.96,11.18,57.22,-843631.62,3.75
7:37,101624.46,20.17,22.52,101645.61,11.31,56.38,-843312.12,3.73
7:38,101623.53,19.82,22.64,101646.69,11.27,56.85,-843110.18,4.64
7:39,101628.00,19.73,22.61,101646.02,11.25,55.93,-843273.62,4.78
7:40,101640.22,19.75,22.55,101655.50,11.53,54.46,-843395.00,3.82
7:41,101646.00,7.91,51.45,101656.14,10.21,60.17,-843470.62,0.59
7:42,101653.06,7.23,64.85,101654.11,9.50,66.22,-843898.62,0.14
7:43,101651.94,8.67,68.53,101651.27,9.52,67.41,-843997.81,0.14
7:44,101639.28,17.73,30.34,101657.85,10.08,63.03,-844497.00,4.14
7:45,101636.83,20.23,24.81,101657.67,11.07,58.36,-844497.50,4.09
7:46,101633.22,20.66,22.89,101656.92,11.88,53.80,-844199.87,4.37
7:47,101641.89,19.92,23.04,101657.75,11.99,52.82,-843937.87,0.48
7:48,101662.42,6.20,61.01,101661.47,9.86,61.81,-843980.31,0.14
7:49,101660.82,8.02,65.42,101664.13,9.74,64.20,-844685.00,0.17
7:50,101670.14,9.01,62.21,101660.60,9.60,66.79,-844691.37,3.91
7:51,101650.05,19.30,27.32,101660.49,10.81,59.14,-845260.18,4.10
7:52,101638.03,20.78,23.82,101663.40,11.43,56.57,-844937.81,3.93
7:53,101633.33,20.59,22.77,101661.26,11.78,54.71,-844829.18,4.18
7:54,101649.44,20.20,22.64,101667.44,11.69,54.52,-844884.37,4.34
7:55,101667.13,11.58,41.22,101671.99,11.14,57.10,-844588.81,0.50
7:56,101667.74,7.06,60.14,101671.46,9.92,63.33,-845277.62,0.14
7:57,101669.83,8.59,69.05,101672.13,9.85,66.79,-845572.50,0.14
7:58,101661.17,16.06,37.34,101669.48,9.88,65.07,-845829.37,4.81
7:59,101652.43,20.03,25.76,101674.21,10.72,60.63,-846124.00,4.33
8:0,101661.13,20.74,23.27,101675.75,11.67,55.91,-845896.31,3.85
8:1,101662.38,20.46,22.86,101674.24,11.52,56.81,-845426.87,4.63
8:2,101656.59,18.76,26.23,101670.93,11.41,56.31,-845621.50,0.48
8:3,101670.14,6.48,61.44,101675.24,9.78,64.15,-846038.87,0.14
8:4,101681.47,8.22,68.04,101675.94,9.88,65.43,-846437.31,0.17
8:5,101677.17,10.18,57.32,101677.10,9.89,65.74,-846681.62,4.09
8:6,101660.82,19.67,27.51,101675.44,10.91,60.16,-846872.81,4.83
8:7,101653.32,20.84,23.92,101675.02,11.76,55.50,-846921.18,4.67
8:8,101651.83,20.62,22.79,101677.81,12.07,53.79,-846720.62,3.58
8:9,101678.15,7.28,56.00,101676.84,10.80,58.88,-846693.68,0.48
8:10,101674.88,7.94,66.40,101682.10,10.21,63.68,-847166.00,0.17
8:11,101677.86,9.37,65.76,101677.75,10.26,63.79,-847594.68,0.09
8:12,101663.83,18.79,30.44,101679.77,10.96,59.71,-847980.12,4.19
8:13,101652.41,20.87,24.73,101675.55,11.59,56.88,-848123.00,4.07
8:14,101658.05,20.52,23.70,101676.21,12.09,53.73,-847922.62,0.46
8:15,101671.69,6.63,62.62,101676.96,10.30,61.36,-847715.37,0.14
8:16,101676.67,8.45,67.24,101678.66,10.12,63.78,-848397.31,0.16
8:17,101681.44,9.23,63.45,101680.96,10.02,64.30,-848330.68,3.82
8:18,101665.56,19.61,28.90,101678.67,11.29,58.10,-849016.87,3.87
8:19,101657.51,21.06,24.48,101675.69,12.02,55.35,-848736.81,4.09
8:20,101659.57,20.58,23.17,101676.81,11.70,55.18,-848435.68,4.69
8:21,101669.82,8.50,51.58,101677.67,10.90,57.72,-849018.81,1.13
8:22,101677.75,7.86,65.80,101679.31,10.27,62.42,-849466.50,0.72
8:23,101682.09,9.38,65.25,101681.00,10.33,63.09,-849719.37,0.72
8:24,101669.19,17.89,33.44,101682.42,10.95,59.48,-850182.00,4.17
8:25,101658.16,20.77,25.57,101679.95,11.71,55.53,-850049.18,4.45
8:26,101669.53,11.55,43.95,101676.07,11.86,54.32,-850244.62,0.43
8:27,101678.46,8.06,64.46,101681.57,10.47,60.64,-850488.18,0.14
8:28,101681.17,9.67,63.66,101679.80,10.20,62.24,-850790.00,0.17
8:29,101665.27,16.13,37.70,101676.71,10.68,59.48,-851035.62,3.67
8:30,101662.21,20.34,27.48,101679.55,12.12,54.30,-851110.68,4.02
8:31,101667.70,12.49,43.24,101679.96,12.15,53.87,-851147.18,0.51
8:32,101679.52,8.16,62.65,101679.85,10.74,60.24,-851334.37,0.17
8:33,101678.45,9.65,63.70,101676.99,10.59,61.61,-851444.12,0.15
8:34,101666.28,15.62,39.87,101681.96,10.74,60.29,-851921.62,4.47
8:35,101661.97,20.05,27.89,101677.92,11.41,57.24,-852001.12,4.45
8:36,101670.16,16.54,33.62,101687.38,12.42,53.42,-852231.62,0.48
8:37,101683.75,7.90,63.80,101687.61,10.68,60.54,-852257.37,0.08
8:38,101683.57,9.53,65.73,101691.28,10.65,62.59,-852843.81,0.14
8:39,101671.19,13.03,50.47,101688.28,10.64,61.96,-852991.81,4.50
8:40,101662.14,19.79,28.65,101685.50,11.66,56.32,-853299.87,4.27
8:41,101675.87,15.99,35.21,101688.10,12.48,53.42,-853215.68,0.43
8:42,101681.97,8.09,64.13,101683.97,10.99,59.10,-853618.00,0.14
8:43,101676.92,9.74,63.92,101682.85,10.78,60.79,-853727.31,0.08
8:44,101676.75,13.52,49.21,101683.01,10.44,60.81,-853882.50,4.61
8:45,101675.13,19.74,28.86,101684.82,12.16,54.63,-854461.50,3.89
8:46,101680.67,8.57,61.11,101683.22,11.15,58.46,-854333.12,0.41
8:47,101676.92,8.94,65.17,101680.91,10.79,61.39,-855049.50,0.17
8:48,101682.34,10.16,64.36,101681.44,10.71,62.57,-855248.68,0.17
8:49,101666.42,18.03,33.58,101681.61,11.49,58.34,-855838.62,3.94
8:50,101668.99,19.13,29.88,101685.67,12.60,53.39,-855827.12,0.52
8:51,101680.47,8.24,66.73,101684.61,11.31,59.69,-855918.37,0.14
8:52,101682.86,9.59,65.34,101685.49,11.13,60.45,-856554.37,0.17
8:53,101680.53,8.99,63.82,101685.67,10.91,61.33,-856758.62,0.52
8:54,101681.96,8.53,74.83,101688.44,10.42,61.73,-857683.62,0.10
8:55,101685.85,9.69,66.79,101691.19,10.52,61.61,-858138.12,0.10
8:56,101681.39,11.59,71.75,101689.30,10.46,61.53,-858559.18,3.95
8:57,101668.88,19.16,29.74,101686.96,11.54,56.18,-859547.37,3.75
8:58,101664.30,20.77,25.64,101689.01,11.84,55.49,-859651.37,4.60
8:59,101676.92,13.32,38.02,101684.67,11.60,55.95,-860081.31,0.51
9:0,101687.23,7.61,63.97,101687.76,10.77,59.40,-860653.81,0.17
9:1,101680.53,9.58,63.47,101685.32,10.76,60.03,-861216.87,0.09
9:2,101681.10,14.90,41.26,101684.77,10.91,58.72,-861447.18,4.07
9:3,101672.91,20.85,26.26,101684.47,12.23,52.99,-861797.81,3.00
9:4,101682.15,7.91,68.80,101689.01,11.06,57.37,-862017.31,0.17
9:5,101684.96,9.53,64.36,101686.97,10.89,59.21,-862495.68,0.14
9:6,101677.74,10.72,60.77,101684.14,10.84,60.37,-862939.37,5.41
9:7,101666.94,19.71,28.65,101687.88,11.85,54.83,-863202.50,4.13
9:8,101685.92,9.05,64.38,101682.89,11.68,56.14,-863471.00,0.44
9:9,101687.46,9.88,67.01,101688.78,11.24,59.16,-863644.37,0.16
9:10,101679.43,10.91,61.89,101685.42,11.12,60.17,-864060.81,0.16
9:11,101682.38,9.25,76.92,101687.67,10.73,62.57,-864172.00,0.41
9:12,101688.16,10.01,67.68,101688.00,10.76,61.87,-864697.50,0.08
9:13,101682.46,10.85,64.22,101686.82,10.88,61.95,-865078.31,0.08
9:14,101668.41,19.10,30.14,101686.64,12.21,54.70,-865499.31,4.47
9:15,101683.01,9.75,71.37,101690.63,11.71,58.99,-865392.81,0.50
9:16,101685.60,10.62,65.46,101691.90,11.28,60.44,-865950.87,0.16
9:17,101681.48,11.36,61.96,101692.60,11.33,60.55,-866307.81,0.14
9:18,101687.72,9.66,77.53,101690.04,11.08,63.28,-866279.87,0.43
9:19,101681.93,10.55,66.13,101694.39,10.94,61.91,-866707.31,0.13
9:20,101680.08,11.26,62.97,101690.93,11.13,62.27,-867138.81,0.12
9:21,101674.27,19.48,29.08,101687.46,12.22,55.84,-867323.37,1.20
9:22,101688.17,9.82,73.90,101689.86,11.75,60.27,-867467.50,0.08
9:23,101686.27,10.90,67.16,101688.16,11.81,61.85,-867924.81,0.10
9:24,101678.64,11.69,66.04,101692.60,11.82,60.84,-868205.31,3.33
9:25,101691.28,9.93,78.16,101688.44,11.56,62.61,-868105.18,0.24
9:26,101688.11,10.80,68.82,101689.57,11.70,60.75,-868782.00,0.15
9:27,101687.49,11.47,62.31,101691.05,11.57,60.13,-869043.18,0.17
9:28,101692.60,10.13,78.98,101692.78,11.55,63.82,-868909.18,0.41
9:29,101687.64,10.87,66.35,101692.53,11.45,60.18,-869398.81,0.15
9:30,101689.61,11.48,62.37,101694.21,11.47,60.10,-869617.68,0.16
9:31,101688.87,10.36,78.34,101692.82,11.67,62.48,-869635.62,0.15
9:32,101687.25,11.15,66.19,101693.59,11.87,59.12,-870171.12,0.14
9:33,101687.15,11.88,60.15,101693.11,11.92,58.65,-870351.81,0.14
9:34,101690.14,10.37,77.82,101693.25,11.65,63.45,-870182.18,0.21
9:35,101685.43,11.09,71.94,101694.41,11.81,61.08,-870620.81,0.14
9:36,101687.59,11.80,63.46,101695.89,11.95,59.99,-870806.18,6.86
9:37,101692.32,10.52,76.64,101693.91,11.79,60.84,-870481.00,0.21
9:38,101690.73,11.21,66.46,101697.97,11.72,57.70,-870773.12,0.17
9:39,101687.55,11.68,59.83,101695.83,11.60,57.55,-870769.87,7.71
9:40,101696.88,10.28,73.44,101694.87,11.59,58.08,-871081.12,0.39
9:41,101690.32,10.98,70.87,101693.23,11.66,56.89,-871240.62,0.14
9:42,101688.43,11.58,58.93,101697.00,11.64,56.37,-871535.62,0.14
9:43,101698.83,10.31,74.45,101695.63,11.65,60.44,-871377.50,0.50
9:44,101694.35,11.02,66.26,101701.75,11.98,58.24,-871622.50,0.14
9:45,101693.30,11.84,59.45,101702.92,11.98,56.97,-871667.81,0.10
9:46,101693.41,10.34,70.91,101697.74,11.33,58.20,-871543.62,0.42
9:47,101696.02,10.81,69.37,101702.67,11.27,57.66,-871847.18,0.17
9:48,101693.13,11.50,60.81,101697.07,11.37,58.55,-872112.12,0.10
9:49,101692.49,10.49,70.91,101702.29,11.40,59.22,-872120.37,0.49
9:50,101691.46,10.80,70.32,101697.75,11.50,58.77,-872166.37,0.14
9:51,101693.94,11.62,61.19,101695.47,11.76,57.98,-872418.81,0.17
9:52,101687.61,10.88,74.52,101697.50,12.27,60.55,-872417.68,0.48
9:53,101692.64,11.37,72.47,101704.00,12.43,58.61,-872611.18,0.09
9:54,101695.50,11.88,61.04,101700.33,11.90,57.65,-872214.12,0.14
9:55,101690.42,17.04,33.74,101703.09,12.97,52.78,-872514.12,3.75
9:56,101683.00,20.00,27.85,101698.88,13.75,49.79,-872522.50,3.62
9:57,101687.29,21.68,25.00,101702.15,14.65,45.84,-872049.12,4.49
9:58,101694.46,22.44,23.42,101705.41,14.70,46.29,-871564.37,4.53
9:59,101687.33,22.47,22.23,101707.28,15.02,44.05,-871538.18,3.68
10:0,101680.08,21.92,21.91,101708.47,13.51,48.86,-871005.00,3.87
10:1,101687.58,21.58,22.19,101708.53,14.02,47.86,-871612.68,4.61
10:2,101694.94,21.93,22.12,101708.78,14.80,46.13,-871973.00,4.29
10:3,101686.96,21.75,21.51,101709.74,13.62,48.16,-871896.37,4.47
10:4,101689.39,21.50,21.36,101704.55,13.49,46.35,-872024.18,3.67
10:5,101698.93,21.64,21.70,101706.24,14.62,44.95,-871599.18,4.56
10:6,101695.33,21.97,21.41,101706.79,14.91,42.98,-871497.31,4.35
10:7,101688.39,22.12,21.27,101706.71,14.86,44.20,-871559.00,3.99
10:8,101688.89,22.12,20.95,101708.09,14.54,44.53,-871742.00,4.03
10:9,101696.38,22.00,20.88,101711.26,14.01,45.78,-871981.31,4.52
10:10,101697.00,21.87,20.94,101711.49,13.52,48.14,-872074.00,4.26
10:11,101696.66,21.99,20.89,101710.72,14.18,46.02,-872495.31,4.56
10:12,101695.38,22.29,20.88,101711.88,15.00,43.74,-871759.62,3.47
10:13,101693.67,22.58,20.79,101710.71,15.25,42.67,-871171.31,3.71
10:14,101689.67,22.61,20.31,101713.00,15.25,41.35,-871095.18,3.69
10:15,101693.24,22.60,20.29,101710.85,14.93,43.46,-871271.81,3.47
10:16,101691.55,22.55,20.18,101713.89,14.94,42.15,-871382.62,3.88
10:17,101693.10,22.66,20.31,101712.16,15.33,43.05,-871304.12,4.23
10:18,101696.85,22.83,20.11,101714.02,15.21,42.39,-871098.00,4.38
10:19,101693.81,22.92,20.01,101710.30,15.72,41.03,-871306.50,4.65
10:20,101683.83,23.18,19.99,101712.22,15.81,41.48,-871398.37,4.49
10:21,101690.85,23.16,19.68,101708.58,15.65,41.19,-871724.81,3.80
10:22,101691.38,23.19,19.55,101710.33,15.73,39.96,-871664.31,3.71
10:23,101699.07,23.20,19.80,101713.47,15.78,40.94,-871949.31,4.34
10:24,101689.30,23.34,19.40,101711.29,15.58,41.27,-872464.50,4.58
10:25,101687.42,23.28,19.08,101711.44,15.24,41.18,-872259.81,3.86
10:26,101685.69,23.21,19.22,101709.75,15.78,39.28,-872286.12,4.76
10:27,101698.02,23.11,19.28,101715.88,14.80,41.96,-872373.87,4.56
10:28,101675.51,23.22,19.02,101706.46,15.34,41.23,-872666.50,3.74
10:29,101686.22,23.22,19.03,101709.67,15.09,41.85,-872460.37,4.65
10:30,101681.49,23.13,18.93,101704.61,14.31,43.65,-872332.37,3.63
10:31,101684.59,22.99,19.01,101705.80,14.49,43.56,-872920.62,4.42
10:32,101685.31,23.27,19.33,101707.78,14.64,44.02,-873026.12,4.67
10:33,101687.07,23.36,19.05,101704.17,14.32,44.69,-872672.18,3.75
10:34,101686.64,23.59,18.90,101707.91,15.57,40.92,-872857.87,4.36
10:35,101682.35,23.88,18.76,101701.25,16.07,39.27,-872855.62,4.69
10:36,101679.63,23.93,18.88,101700.66,14.54,44.43,-872657.87,4.33
10:37,101677.85,23.96,18.91,101705.30,15.04,42.63,-872932.68,4.57
10:38,101690.66,23.95,18.89,101708.50,14.97,42.68,-873171.37,4.09
10:39,101682.38,23.92,19.03,101698.72,15.42,41.32,-873277.18,4.88
10:40,101684.26,23.99,19.27,101705.26,14.87,43.58,-872802.81,4.82
10:41,101691.37,24.05,19.20,101706.71,14.99,43.79,-873095.37,3.84
10:42,101688.10,24.04,19.32,101704.75,14.46,44.75,-873041.31,3.69
10:43,101688.89,23.93,19.21,101706.49,14.80,42.76,-872966.50,3.94
10:44,101684.50,23.80,19.25,101706.25,14.57,43.28,-873063.00,3.60
10:45,101682.33,24.00,19.88,101700.91,15.86,41.41,-873358.31,4.21
10:46,101682.83,24.21,19.87,101703.07,15.71,42.99,-873311.37,5.12
10:47,101680.08,24.33,18.86,101702.91,15.89,40.17,-873013.18,4.63
10:48,101695.71,24.42,18.76,101707.55,16.36,38.51,-872943.50,4.06
10:49,101687.57,24.38,19.23,101704.72,15.93,40.01,-872601.50,4.87
10:50,101698.26,24.34,19.93,101705.22,15.19,43.04,-872841.18,4.56
10:51,101683.51,24.40,20.00,101708.49,15.91,42.17,-873232.87,3.68
10:52,101686.88,24.34,19.86,101705.25,15.21,42.52,-872848.37,3.90
10:53,101688.99,18.59,29.86,101704.72,15.23,43.79,-872864.18,0.37
10:54,101700.39,8.75,51.45,101708.91,13.40,46.86,-872721.18,0.39
10:55,101701.83,5.76,63.06,101709.21,12.61,50.42,-872438.31,0.45
10:56,101715.76,6.30,72.86,101715.60,12.84,49.55,-872764.62,0.45
10:57,101698.32,9.14,77.66,101718.35,12.76,50.02,-872909.12,0.54
10:58,101712.88,9.98,78.33,101715.78,13.04,52.19,-873391.37,0.50
10:59,101716.97,10.32,78.06,101712.91,13.24,50.94,-873474.50,0.41
11:0,101712.13,10.37,77.20,101713.71,13.12,50.71,-873684.12,0.45
11:1,101709.23,10.79,77.46,101719.46,13.59,52.31,-873545.31,0.43
11:2,101707.89,11.04,75.93,101720.47,13.63,51.17,-873200.50,0.40
11:3,101711.86,11.31,75.42,101717.84,13.76,52.23,-872843.87,0.43
11:4,101707.05,11.40,74.59,101712.14,13.76,51.81,-873122.00,0.41
11:5,101705.99,11.53,73.58,101719.58,13.66,51.98,-873311.81,0.48
11:6,101704.63,11.40,72.52,101721.42,13.61,51.42,-873142.18,0.47
11:7,101709.21,11.56,70.90,101722.14,13.54,50.17,-873163.00,0.45
11:8,101705.28,11.44,71.68,101715.45,13.47,51.93,-872505.12,0.46
11:9,101711.19,11.70,70.97,101721.16,13.49,52.40,-873043.81,0.48
11:10,101698.71,19.71,29.92,101718.16,13.93,46.91,-873141.18,4.61
11:11,101695.75,21.33,24.45,101719.33,15.30,42.56,-873100.87,4.47
11:12,101684.00,22.60,22.91,101721.91,14.67,43.46,-872378.68,4.35
11:13,101697.08,23.24,21.87,101717.83,16.05,40.40,-872742.68,4.02
11:14,101695.10,23.48,21.20,101717.42,16.02,39.96,-872009.62,4.54
11:15,101705.55,23.37,20.79,101717.97,15.29,42.46,-872039.00,4.35
11:16,101694.03,23.07,20.48,101717.76,15.23,41.83,-871927.31,3.46
11:17,101697.61,22.73,20.56,101717.49,14.68,43.69,-871652.18,4.63
11:18,101695.96,23.20,20.85,101719.82,16.13,42.27,-871843.50,3.82
11:19,101689.03,23.15,20.16,101716.64,15.86,39.88,-872144.87,4.01
11:20,101695.77,23.08,20.17,101716.12,15.97,39.42,-872237.31,4.67
11:21,101703.13,23.34,20.31,101723.07,16.87,39.17,-872326.18,3.58
11:22,101705.02,23.58,19.77,101719.75,15.92,39.15,-871616.68,4.16
11:23,101701.71,23.35,19.76,101725.66,15.38,41.30,-871860.37,4.36
11:24,101697.10,23.36,20.01,101722.88,16.06,39.53,-872319.00,4.04
11:25,101697.28,23.48,19.66,101721.94,16.48,37.99,-872150.81,4.73
11:26,101698.99,23.49,19.63,101728.67,16.38,38.64,-872143.68,4.50
11:27,101705.77,23.27,19.36,101722.35,15.49,39.33,-872228.18,3.90
11:28,101697.64,23.07,19.54,101721.50,15.45,39.81,-872346.50,4.11
11:29,101704.64,23.12,19.59,101724.01,15.93,38.33,-872486.50,3.51
11:30,101702.60,23.37,19.55,101726.53,16.68,37.89,-872054.68,3.76
11:31,101699.67,23.09,19.12,101720.96,14.57,41.30,-871719.00,4.56
11:32,101700.82,23.14,19.76,101725.21,16.19,39.52,-871631.00,4.09
11:33,101703.74,23.30,19.41,101725.72,14.64,43.60,-871377.37,4.63
11:34,101703.92,23.25,19.66,101724.58,16.15,39.17,-872004.18,4.89
11:35,101707.89,23.64,19.54,101725.53,16.78,37.88,-871595.31,3.83
11:36,101703.58,23.83,19.44,101725.60,16.23,39.25,-871624.81,3.64
11:37,101713.03,23.78,19.16,101727.89,15.78,40.28,-871671.50,4.04
11:38,101710.62,23.73,19.15,101726.55,16.70,37.01,-871577.18,4.98
11:39,101710.07,23.83,19.19,101725.66,17.14,36.48,-871104.37,4.64
11:40,101703.41,23.98,18.90,101725.35,17.10,36.19,-871062.31,4.92
11:41,101703.61,24.00,18.80,101722.39,16.69,37.57,-871606.87,4.29
11:42,101706.49,23.91,18.69,101728.39,16.19,38.02,-871895.12,4.38
11:43,101723.42,23.79,18.64,101736.32,15.08,41.11,-871679.37,4.57
11:44,101709.89,23.75,19.14,101732.17,16.71,38.18,-872003.62,4.46
11:45,101706.78,23.99,18.86,101734.00,16.83,37.86,-871748.68,4.07
11:46,101713.74,24.03,18.59,101735.46,16.44,37.94,-871735.00,4.84
11:47,101720.28,24.17,18.98,101736.22,17.04,37.47,-871953.50,3.51
11:48,101716.36,24.25,18.98,101735.96,17.03,38.32,-871165.87,4.53
11:49,101717.72,24.61,18.69,101738.99,17.56,37.29,-871273.81,3.61
11:50,101713.52,24.68,18.53,101740.99,17.43,36.75,-871580.87,4.09
11:51,101717.44,24.69,18.30,101741.42,16.97,37.25,-871329.00,3.78
11:52,101711.66,24.71,18.26,101737.82,16.91,37.26,-871520.81,4.43
11:53,101709.70,24.46,18.01,101735.42,15.39,41.22,-871249.37,4.43
11:54,101720.31,24.12,18.35,101737.80,15.03,43.24,-870748.31,4.33
11:55,101719.55,24.15,18.19,101739.33,16.15,39.41,-871414.68,4.96
11:56,101717.97,24.26,17.85,101742.16,16.06,38.38,-871557.62,4.04
11:57,101723.03,24.22,17.70,101742.80,16.23,37.36,-871747.18,4.67
11:58,101723.14,24.27,17.72,101741.65,16.71,36.58,-872165.68,4.12
11:59,101719.13,24.37,17.72,101740.64,16.84,36.98,-871739.31,3.42
12:0,101723.14,24.50,17.47,101741.60,17.14,35.13,-872100.37,4.66
12:1,101718.78,24.79,17.69,101739.34,17.82,35.32,-872083.12,4.34
12:2,101719.64,25.10,17.16,101740.91,17.80,34.16,-871615.00,4.92
12:3,101712.97,25.10,16.89,101739.14,17.96,32.70,-871380.31,4.47
12:4,101707.39,25.33,16.86,101739.47,17.59,33.75,-871657.81,4.01
12:5,101713.21,25.08,16.51,101743.94,16.59,35.43,-871667.00,4.83
12:6,101727.75,25.01,16.31,101744.10,16.90,33.91,-871671.12,4.14
12:7,101720.27,24.81,16.41,101743.81,16.88,33.39,-872139.81,3.79
12:8,101718.96,25.21,16.40,101745.35,17.99,32.55,-872086.37,4.08
12:9,101720.75,25.53,15.88,101746.57,18.10,31.10,-871924.12,3.60
12:10,101725.41,25.19,15.34,101747.04,17.20,31.06,-871455.12,3.76
12:11,101717.35,25.08,16.05,101743.78,16.71,34.01,-872050.18,5.07
12:12,101729.03,25.25,16.73,101737.25,16.76,35.72,-871961.81,4.23
12:13,101721.17,25.80,17.04,101749.50,17.22,37.08,-871851.62,4.39
12:14,101720.71,25.75,16.33,101746.65,16.27,37.00,-871405.68,4.96
12:15,101722.60,25.64,16.49,101745.11,15.99,38.80,-871935.81,4.04
12:16,101727.55,25.74,17.04,101753.96,16.62,38.04,-873180.31,3.82
12:17,101732.28,25.93,16.46,101748.33,17.30,35.89,-872652.18,4.99
12:18,101723.74,26.21,15.82,101746.12,18.17,32.46,-872561.12,3.56
12:19,101726.49,26.40,15.71,101740.74,18.37,31.72,-872428.68,4.89
12:20,101726.32,26.32,15.24,101747.62,17.89,31.25,-872162.00,4.00
12:21,101723.84,26.30,14.71,101748.94,17.66,30.25,-872172.31,4.15
12:22,101724.28,25.64,14.75,101744.09,15.78,33.30,-871761.31,3.45
12:23,101729.16,25.43,14.95,101744.82,16.75,31.57,-872106.50,4.74
12:24,101719.24,25.22,14.74,101745.72,16.91,30.11,-872580.68,4.78
12:25,101724.24,25.20,15.47,101743.25,16.90,31.56,-873063.31,3.97
12:26,101722.25,25.47,15.71,101747.57,17.22,32.52,-872850.00,4.43
12:27,101725.05,25.48,15.39,101743.49,16.53,33.03,-872022.37,3.71
12:28,101728.38,25.50,15.81,101747.59,16.84,32.98,-872067.12,5.02
12:29,101720.00,25.50,15.98,101744.26,16.85,33.82,-872017.68,3.97
12:30,101726.61,15.15,33.98,101746.58,16.51,35.06,-872213.50,0.37
12:31,101732.03,9.29,47.23,101747.63,15.34,36.39,-871916.50,0.36
12:32,101743.32,6.38,58.72,101742.21,14.26,38.37,-871895.62,0.36
12:33,101739.75,7.20,69.92,101747.27,14.59,40.69,-874520.68,0.45
12:34,101745.14,10.26,75.80,101747.83,15.36,42.83,-878705.62,0.52
12:35,101737.00,11.62,76.26,101743.84,16.28,42.25,-881907.12,0.41
12:36,101728.83,11.85,73.99,101740.67,15.76,43.19,-883868.62,0.38
12:37,101735.35,12.14,71.74,101742.91,15.55,42.25,-885624.37,0.36
12:38,101734.25,11.85,68.46,101736.47,14.76,40.24,-886987.18,0.36
12:39,101732.45,11.98,68.91,101742.25,15.04,42.94,-888065.50,0.39
12:40,101735.05,12.46,67.23,101740.39,15.38,41.85,-888916.87,0.48
12:41,101736.78,12.62,66.44,101740.66,15.15,42.50,-890015.62,0.39
12:42,101732.21,12.84,66.41,101743.58,15.78,43.18,-891031.00,0.38
12:43,101711.72,20.63,29.69,101735.33,16.20,39.16,-891805.68,3.66
12:44,101707.47,22.91,22.59,101735.71,17.50,34.97,-892638.87,4.29
12:45,101718.69,23.87,21.00,101738.07,17.87,34.34,-892925.68,3.93
12:46,101715.75,24.00,20.34,101734.26,16.27,36.54,-891856.31,3.73
12:47,101717.74,24.26,20.15,101736.00,16.91,36.95,-892264.50,4.78
12:48,101708.11,24.41,19.89,101735.50,17.51,35.33,-893016.50,4.23
12:49,101717.83,24.54,19.46,101733.18,18.20,33.29,-893566.12,3.71
12:50,101714.97,24.58,19.25,101733.72,18.39,32.83,-893683.31,3.55
12:51,101718.00,24.57,19.08,101737.05,17.57,34.00,-893298.68,4.54
12:52,101716.25,24.50,18.91,101738.32,17.86,32.74,-893709.12,4.21
12:53,101720.77,24.47,18.51,101734.68,17.55,32.46,-893885.00,3.66
12:54,101713.40,24.19,18.69,101737.69,17.53,33.18,-893629.00,3.36
12:55,101696.32,23.95,18.43,101736.22,17.04,32.47,-894519.00,4.74
12:56,101708.19,23.55,18.52,101738.69,16.42,33.82,-894380.81,3.52
12:57,101708.97,23.77,19.06,101738.27,17.76,32.91,-895059.50,4.58
12:58,101712.28,24.15,18.99,101739.38,17.14,35.07,-895012.12,3.42
12:59,101717.28,24.19,18.64,101737.35,17.65,32.93,-895731.31,3.98
13:0,101720.25,24.25,18.73,101737.16,18.32,32.02,-895903.81,4.15
13:1,101708.80,24.42,18.67,101739.33,17.38,34.16,-895393.00,3.56
13:2,101709.61,24.19,18.42,101734.00,17.03,33.90,-894588.62,4.26
13:3,101705.97,23.73,18.34,101729.94,16.08,35.11,-895070.37,3.66
13:4,101711.94,23.50,18.32,101731.20,16.51,33.64,-895552.87,4.04
13:5,101701.44,23.71,18.69,101737.42,17.35,33.59,-896067.31,4.50
13:6,101699.57,24.06,18.85,101727.94,18.25,32.92,-896052.37,3.98
13:7,101708.32,24.37,18.41,101732.81,18.04,32.23,-896305.37,3.45
13:8,101707.44,24.45,18.29,101729.89,17.86,32.93,-896187.87,3.83
13:9,101713.76,24.64,18.51,101735.63,17.97,33.22,-896274.37,4.57
13:10,101709.13,24.45,18.10,101737.51,17.45,32.76,-896299.37,4.72
13:11,101708.42,24.25,18.27,101735.28,17.20,33.55,-896401.18,4.49
13:12,101708.63,24.42,18.37,101732.19,18.08,32.51,-896796.00,3.90
13:13,101709.86,24.61,18.45,101729.16,18.52,31.93,-896821.62,4.66
13:14,101700.23,24.80,18.21,101725.58,18.86,30.73,-896827.31,4.19
13:15,101702.38,24.96,17.96,101722.69,18.76,30.48,-896791.00,4.72
13:16,101703.46,24.84,17.79,101723.42,18.18,31.06,-896354.81,4.54
13:17,101702.05,24.45,17.64,101727.77,16.90,32.36,-896174.68,4.35
13:18,101704.78,24.12,17.87,101729.76,16.78,33.19,-896659.18,4.95
13:19,101706.43,24.16,17.81,101727.90,17.37,31.43,-897416.37,4.27
13:20,101705.39,24.09,17.94,101729.30,17.74,31.56,-897589.68,4.18
13:21,101699.94,24.11,17.79,101722.13,16.80,33.29,-896701.81,4.83
13:22,101700.24,24.06,17.78,101725.10,17.22,32.60,-896823.37,3.53
13:23,101696.59,23.97,17.73,101719.67,17.01,32.24,-896922.62,4.29
13:24,101694.78,24.11,18.20,101715.74,18.08,31.67,-897372.37,3.63
13:25,101697.35,24.18,17.65,101719.57,17.33,31.87,-896893.50,4.61
13:26,101693.86,24.30,17.89,101713.42,18.67,29.75,-897612.37,4.57
13:27,101694.62,24.36,18.06,101721.60,17.74,33.61,-897021.37,4.22
13:28,101700.71,24.55,17.84,101717.69,18.30,31.28,-897447.68,4.34
13:29,101697.71,24.77,17.65,101719.00,18.48,31.16,-897521.31,3.83
13:30,101697.84,24.98,17.60,101715.55,18.84,30.42,-896809.68,4.89
13:31,101694.21,25.06,17.89,101720.86,18.86,31.66,-897035.87,4.53
13:32,101702.80,25.00,17.41,101722.36,17.86,32.37,-897108.68,4.92
13:33,101690.49,25.09,17.97,101723.86,18.75,32.63,-897051.00,4.35
13:34,101699.02,25.10,17.38,101719.60,18.23,31.46,-896803.18,4.58
13:35,101703.78,25.16,17.55,101720.47,19.22,30.32,-897791.50,4.58
13:36,101702.14,25.49,17.51,101722.19,19.07,30.74,-897128.00,4.98
13:37,101704.07,25.48,17.33,101722.50,18.75,30.81,-897479.31,4.43
13:38,101695.98,25.18,16.85,101720.94,18.37,29.28,-896765.18,4.58
13:39,101691.19,24.77,16.56,101722.67,16.85,30.53,-897663.62,3.58
13:40,101703.25,24.24,16.78,101720.92,17.07,30.46,-897653.87,4.40
13:41,101700.44,24.36,17.28,101720.12,17.79,31.21,-897504.50,4.88
13:42,101687.65,24.22,17.27,101723.87,16.96,32.60,-897351.12,4.80
13:43,101700.05,24.62,17.92,101715.60,18.41,33.37,-898024.87,4.95
13:44,101692.69,25.30,17.59,101715.47,19.30,30.69,-898086.87,3.88
13:45,101690.82,25.45,16.73,101714.60,19.25,28.64,-897536.62,4.95
13:46,101699.53,25.45,17.00,101719.66,18.61,31.25,-896626.68,4.92
13:47,101701.99,25.37,16.75,101716.39,18.53,30.74,-896982.31,4.36
13:48,101692.16,25.33,16.62,101715.49,18.29,30.58,-896968.62,3.55
13:49,101696.46,24.96,16.33,101717.22,17.91,29.72,-897480.87,4.91
13:50,101684.85,24.80,16.51,101708.03,18.17,30.28,-897710.31,4.92
13:51,101689.17,24.95,17.01,101710.82,18.22,31.44,-897302.31,3.86
13:52,101689.99,25.18,17.02,101713.60,18.49,31.45,-897381.31,4.11
13:53,101690.52,25.28,16.94,101716.80,18.00,32.67,-897068.62,3.70
13:54,101688.82,25.39,17.70,101717.22,17.37,38.96,-897133.18,4.14
13:55,101693.05,25.58,17.81,101718.32,17.52,37.75,-897387.37,4.87
13:56,101700.65,25.71,17.53,101724.00,16.90,39.22,-897152.87,4.21
13:57,101698.99,25.64,17.57,101722.54,16.39,41.34,-896908.00,4.64
13:58,101698.94,25.49,17.78,101715.83,15.83,43.63,-897341.37,4.87
13:59,101694.67,25.47,17.80,101716.66,15.80,43.86,-897461.81,5.03
14:0,101692.50,25.37,17.69,101713.78,15.31,44.90,-897966.62,4.48
14:1,101681.50,25.32,17.86,101711.18,15.69,44.14,-898035.31,3.91
14:2,101695.28,25.48,17.87,101715.38,16.76,40.49,-897992.18,4.36
14:3,101697.74,25.57,18.00,101714.02,16.17,43.97,-898239.31,3.51
14:4,101690.60,25.76,18.02,101719.86,16.59,42.51,-898101.00,4.34
14:5,101693.30,25.87,17.70,101718.30,16.92,40.17,-898569.12,3.74
14:6,101698.02,25.95,17.81,101719.21,15.93,44.43,-898427.81,3.94
14:7,101699.88,25.94,17.93,101722.14,15.61,45.61,-898543.81,4.98
14:8,101696.96,26.01,17.92,101721.30,16.26,43.57,-898546.81,3.80
14:9,101697.64,26.01,17.88,101722.02,15.91,43.63,-898689.31,4.03
14:10,101702.14,26.03,17.98,101722.42,16.23,43.52,-898543.12,5.16
14:11,101711.49,26.08,18.21,101723.69,16.67,41.66,-898698.81,4.81
14:12,101704.51,26.15,18.43,101725.78,15.83,45.56,-898552.68,4.03
14:13,101700.57,26.04,18.72,101726.92,15.07,48.02,-898807.37,4.92
14:14,101711.04,25.89,18.96,101726.44,15.99,44.66,-899070.68,4.44
14:15,101706.71,26.02,19.08,101727.82,15.68,46.65,-898537.68,4.75
14:16,101709.53,25.91,19.28,101729.75,15.72,47.52,-899044.37,4.53
14:17,101700.13,25.94,19.18,101728.03,15.45,46.81,-898847.18,4.19
14:18,101701.60,25.82,19.29,101730.38,15.10,47.27,-898917.50,4.09
14:19,101703.97,25.76,19.62,101728.13,15.46,46.41,-899240.68,3.85
14:20,101705.63,25.94,19.46,101734.07,17.08,41.75,-899161.12,3.61
14:21,101710.21,26.26,19.60,101733.73,17.19,43.14,-898914.62,4.65
14:22,101710.65,26.49,20.03,101736.39,17.41,43.84,-898644.00,4.94
14:23,101720.04,26.53,19.51,101732.35,16.51,44.12,-898141.87,4.29
14:24,101706.99,26.31,19.63,101733.89,15.96,45.88,-898485.81,3.97
14:25,101707.61,26.29,19.77,101732.63,16.88,42.71,-898737.62,4.69
14:26,101708.65,26.33,19.80,101730.83,17.22,42.32,-899009.37,3.63
14:27,101704.24,26.19,20.04,101726.57,15.66,45.85,-898269.00,4.73
14:28,101708.42,19.19,31.48,101728.87,15.39,46.90,-898908.62,0.41
14:29,101729.71,9.67,50.19,101722.85,15.44,45.94,-898868.37,0.45
14:30,101718.88,6.22,62.39,101722.77,14.45,47.81,-898751.81,0.45
14:31,101714.74,7.04,73.18,101724.10,14.46,49.21,-899054.18,0.45
14:32,101717.38,10.73,79.02,101722.00,14.63,51.91,-899618.68,0.45
14:33,101714.78,11.53,79.01,101722.22,14.79,52.03,-899606.68,0.45
14:34,101714.53,11.70,78.32,101727.08,14.88,51.83,-899383.62,0.45
14:35,101716.86,11.82,77.69,101724.55,14.79,52.64,-899373.68,0.45
14:36,101706.67,12.04,77.14,101721.62,14.70,53.49,-899474.81,0.46
14:37,101723.28,12.45,76.17,101724.39,14.93,53.09,-899524.12,0.45
14:38,101708.50,12.59,74.88,101723.21,14.94,52.95,-899447.18,0.47
14:39,101720.08,12.79,74.73,101727.75,15.12,53.50,-899597.62,0.48
14:40,101705.58,21.89,28.03,101724.94,15.76,46.59,-901187.37,4.89
14:41,101696.63,23.31,22.89,101727.07,16.42,42.82,-902683.87,4.66
14:42,101699.67,24.07,21.58,101729.52,17.09,41.60,-904127.62,4.29
14:43,101707.47,24.37,21.05,101733.03,17.36,40.98,-905241.87,4.81
14:44,101704.03,24.43,20.60,101730.49,16.09,43.73,-905343.81,3.85
14:45,101703.04,24.44,20.53,101730.35,15.37,46.25,-906606.37,3.65
14:46,101710.62,24.60,20.38,101734.10,16.21,44.60,-907765.62,4.83
14:47,101718.83,24.71,20.32,101737.06,16.95,42.06,-908492.18,3.75
14:48,101717.75,24.78,20.19,101732.11,16.21,46.12,-908308.37,4.61
14:49,101708.19,24.88,20.03,101737.78,16.98,42.33,-909274.31,4.59
14:50,101708.81,25.00,19.99,101741.69,17.61,40.94,-909760.62,4.76
14:51,101721.32,25.07,19.87,101742.05,17.27,41.59,-910017.00,4.62
14:52,101715.62,25.12,19.71,101739.64,17.71,40.74,-910306.62,4.85
14:53,101711.24,25.17,19.74,101743.89,17.45,41.17,-910325.62,4.84
14:54,101716.10,25.14,19.58,101739.46,16.33,44.39,-910788.37,4.25
14:55,101721.35,25.13,19.54,101739.64,16.80,43.83,-911020.81,4.51
14:56,101714.85,25.15,19.48,101744.00,17.29,41.58,-911304.18,4.13
14:57,101718.16,25.20,19.43,101744.64,17.43,40.69,-911615.37,4.02
14:58,101715.03,25.16,19.44,101736.83,16.74,42.27,-912093.62,3.86
14:59,101714.14,25.28,19.45,101743.39,18.15,38.44,-912095.18,4.94
15:0,101713.41,25.34,19.35,101745.42,17.85,39.69,-912445.81,4.54
15:1,101711.36,25.45,19.44,101746.57,17.82,41.42,-912248.00,3.74
15:2,101722.47,25.31,19.34,101745.32,15.70,46.72,-911811.00,4.66
15:3,101722.19,25.18,19.32,101748.86,15.27,47.69,-912750.31,4.05
15:4,101720.78,25.24,19.35,101749.17,17.45,41.52,-913629.00,3.89
15:5,101719.60,25.32,19.45,101743.36,16.75,44.46,-913273.68,4.09
15:6,101721.17,25.17,19.33,101744.85,16.42,44.73,-913915.18,4.61
15:7,101721.96,25.20,19.49,101743.56,16.91,42.92,-914218.87,4.06
15:8,101721.46,25.12,19.37,101743.75,16.08,45.77,-913906.81,4.19
15:9,101723.21,25.11,19.33,101745.01,16.20,45.20,-914569.68,4.38
15:10,101723.46,25.18,19.40,101743.38,16.05,46.19,-914259.12,4.59
15:11,101720.06,25.08,19.44,101742.74,15.54,47.56,-913969.81,4.72
15:12,101715.07,25.05,19.51,101741.47,16.67,43.05,-915077.87,3.97
15:13,101716.19,25.18,19.50,101743.78,16.87,45.02,-915110.00,4.55
15:14,101722.80,25.23,19.29,101745.08,17.66,40.21,-915115.12,3.80
15:15,101723.71,25.25,19.24,101747.77,17.08,41.67,-914830.62,3.82
15:16,101721.85,25.18,19.20,101746.55,16.49,43.77,-914987.12,3.98
15:17,101721.46,25.16,19.21,101744.71,16.78,41.85,-915205.50,3.77
15:18,101724.46,25.17,19.24,101747.82,16.93,41.57,-915142.62,4.31
15:19,101723.78,25.25,19.08,101752.89,17.07,41.34,-915540.87,3.93
15:20,101715.86,25.34,19.42,101747.59,17.70,40.69,-915351.62,4.46
15:21,101721.41,25.40,19.25,101749.58,18.01,39.33,-915860.68,4.29
15:22,101729.24,25.43,19.21,101749.39,17.43,42.50,-915704.37,3.85
15:23,101717.44,25.39,19.09,101743.80,16.83,42.23,-915758.81,4.53
15:24,101728.46,25.34,19.10,101751.32,16.97,41.48,-915869.68,3.65
15:25,101724.88,25.39,19.17,101748.94,17.09,43.61,-916469.68,3.76
15:26,101728.28,25.37,19.03,101746.46,16.79,42.20,-916417.68,4.87
15:27,101728.37,25.34,19.13,101746.86,16.72,43.28,-916598.18,4.45
15:28,101731.86,25.43,19.05,101749.71,17.75,40.06,-916848.12,4.01
15:29,101723.04,25.54,18.97,101748.82,18.05,39.57,-916888.00,4.92
15:30,101719.21,25.64,19.05,101752.44,17.19,43.59,-916530.00,4.61
15:31,101727.08,25.64,19.08,101760.66,17.60,41.57,-916894.31,4.66
15:32,101725.20,25.62,18.91,101753.28,16.83,42.47,-916279.31,4.14
15:33,101729.53,25.64,18.95,101752.07,17.30,42.07,-917289.87,4.02
15:34,101715.80,25.71,18.92,101748.89,17.60,41.39,-917067.81,4.36
15:35,101721.80,25.74,18.97,101748.10,17.89,40.17,-916963.37,4.21
15:36,101724.36,25.83,18.96,101752.89,17.07,43.35,-916943.62,4.09
15:37,101727.41,25.83,18.84,101749.60,17.18,43.05,-917084.18,4.14
15:38,101729.16,25.81,18.82,101751.65,17.31,41.73,-917257.81,4.84
15:39,101716.14,25.81,18.76,101752.78,16.80,43.88,-917387.31,4.87
15:40,101727.33,25.88,18.72,101753.89,17.74,40.97,-918210.50,4.07
15:41,101726.53,25.95,18.76,101754.85,18.30,39.21,-918221.12,3.98
15:42,101723.20,25.96,18.63,101753.30,18.06,39.29,-917868.31,3.53
15:43,101721.80,25.94,18.73,101753.14,17.75,40.52,-918097.12,4.29
15:44,101721.52,25.97,18.78,101750.73,17.79,40.57,-918279.68,3.76
15:45,101721.53,26.03,18.58,101746.75,18.37,38.75,-918878.87,3.96
15:46,101729.27,26.14,18.71,101745.72,18.79,38.18,-918912.81,4.01
15:47,101735.92,26.20,18.69,101750.73,18.54,39.79,-918418.31,5.03
15:48,101727.50,26.14,18.61,101753.60,17.69,41.41,-918287.68,4.23
15:49,101726.21,26.07,18.59,101755.54,17.46,41.31,-918859.12,4.14
15:50,101729.71,26.05,18.63,101752.07,17.13,43.09,-918820.37,4.69
15:51,101723.72,26.02,18.60,101747.27,17.00,44.87,-919031.62,5.10
15:52,101719.42,25.99,18.61,101749.58,17.54,41.06,-919658.50,4.67
15:53,101728.66,26.07,18.68,101743.59,17.84,41.77,-920065.31,3.85
15:54,101717.28,26.06,18.56,101745.83,16.97,42.92,-919464.00,4.54
15:55,101718.03,26.01,18.58,101747.78,17.37,41.60,-919628.62,3.79
15:56,101710.53,25.98,18.76,101744.77,17.49,43.29,-920332.37,3.82
15:57,101716.39,26.13,18.84,101738.92,18.20,40.94,-920642.81,4.88
15:58,101714.53,26.31,18.66,101741.57,18.24,40.63,-919786.31,4.09
15:59,101714.44,26.31,18.79,101745.51,17.63,42.47,-919281.31,4.63
16:0,101717.38,26.33,18.42,101742.25,17.17,42.83,-919836.68,3.78
16:1,101716.67,26.42,18.47,101737.89,18.56,39.79,-920287.62,4.72
16:2,101714.35,26.52,18.50,101736.50,18.48,39.65,-920079.00,5.22
16:3,101715.49,26.65,18.25,101735.33,18.46,39.36,-920240.00,4.55
16:4,101710.93,26.70,18.13,101733.10,18.51,39.68,-920158.87,5.03
16:5,101714.70,26.69,18.02,101734.03,17.72,41.31,-921433.00,5.04
16:6,101715.68,26.71,18.12,101737.60,17.00,45.01,-918127.31,3.98
16:7,101715.57,26.64,18.00,101735.47,16.49,45.55,-919153.50,3.51
16:8,101709.18,26.52,18.05,101729.88,16.33,45.50,-917257.37,3.71
16:9,101714.57,26.60,18.31,101737.35,18.15,42.38,-919672.18,4.81
16:10,101706.31,26.89,17.98,101728.26,18.79,39.55,-918247.00,4.71
16:11,101697.08,27.02,18.08,101728.55,18.70,41.20,-916541.87,4.63
16:12,101702.79,27.14,18.03,101730.80,19.25,38.19,-917204.00,3.82
16:13,101702.32,27.29,17.81,101730.03,19.54,37.58,-916173.62,3.63
16:14,101699.56,27.30,17.75,101731.43,19.34,37.96,-916942.87,4.16
16:15,101703.32,27.20,17.62,101727.61,17.64,42.22,-917949.00,4.87
16:16,101700.21,27.15,17.60,101725.75,18.38,39.81,-919616.81,4.63
16:17,101696.77,27.10,17.66,101725.68,17.76,41.08,-919569.12,4.92
16:18,101706.63,27.05,17.74,101730.86,18.05,41.21,-919769.00,5.03
16:19,101705.34,26.99,17.55,101729.46,17.90,40.37,-920352.81,3.85
16:20,101694.39,26.99,17.53,101721.21,18.48,38.86,-920367.68,3.73
16:21,101701.49,27.01,17.51,101725.82,18.04,39.53,-920471.50,4.69
16:22,101696.60,26.99,17.69,101724.41,18.22,39.39,-921266.31,4.59
16:23,101696.80,27.07,17.61,101723.55,18.52,39.17,-921495.68,4.85
16:24,101701.96,27.21,17.71,101726.12,18.96,38.70,-921668.87,3.80
16:25,101707.74,27.22,17.69,101726.60,18.29,41.07,-921726.00,4.16
16:26,101700.25,27.19,17.62,101727.16,18.31,40.15,-922063.87,4.98
16:27,101701.41,27.07,17.65,101730.05,17.41,42.46,-922386.62,5.23
16:28,101696.51,26.98,17.59,101729.22,17.75,41.45,-922762.00,4.04
16:29,101703.32,26.94,17.62,101731.25,16.79,43.67,-922644.31,4.32
16:30,101696.19,26.82,17.59,101724.17,17.46,41.70,-923138.31,4.10
16:31,101698.61,26.92,17.58,101725.86,17.92,40.58,-922823.31,4.92
16:32,101703.80,26.98,17.51,101726.53,18.00,41.75,-923055.18,5.03
16:33,101694.84,27.05,17.96,101725.80,17.23,45.79,-923108.00,4.06
16:34,101694.30,27.12,17.30,101723.42,17.77,40.36,-923137.12,4.99
16:35,101696.26,27.11,17.50,101723.75,16.45,45.33,-922730.87,4.38
16:36,101693.72,27.11,17.33,101724.61,17.42,42.21,-923592.62,4.96
16:37,101695.92,27.10,17.15,101716.67,18.23,39.25,-923535.00,4.38
16:38,101690.98,27.24,17.30,101713.57,18.69,38.70,-923604.00,5.13
16:39,101697.49,27.34,17.45,101722.11,17.37,43.04,-923213.00,3.86
16:40,101690.72,27.44,17.65,101723.03,17.87,42.14,-923605.62,4.11
16:41,101692.13,27.48,17.30,101720.39,17.26,42.72,-923454.50,5.21
16:42,101690.10,27.55,17.46,101721.17,17.84,41.97,-923450.37,5.16
16:43,101700.75,27.58,17.19,101724.42,17.77,41.24,-923468.31,3.85
16:44,101690.63,27.70,17.13,101724.26,17.60,41.85,-923330.18,5.01
16:45,101698.51,27.69,16.73,101723.97,17.74,39.76,-923732.87,5.15
16:46,101704.28,27.87,17.05,101717.53,18.80,38.36,-924053.37,4.89
16:47,101701.88,28.16,17.37,101720.00,19.26,39.61,-923909.81,4.83
16:48,101696.32,28.47,16.58,101715.88,19.71,35.75,-924102.50,3.86
16:49,101694.55,28.60,16.56,101722.35,19.31,37.14,-923881.81,4.90
16:50,101690.97,28.71,17.07,101722.80,19.53,37.45,-923615.31,5.25
16:51,101695.11,28.55,17.13,101725.22,16.79,45.07,-923462.62,5.14
16:52,101699.91,28.40,17.14,101724.01,18.05,40.56,-924415.81,3.71
16:53,101698.85,28.29,17.05,101723.32,18.10,40.28,-924282.18,4.96
16:54,101702.54,28.25,17.34,101724.01,17.84,40.41,-924274.18,5.03
16:55,101702.96,27.99,17.61,101720.70,16.69,44.19,-923612.81,5.13
16:56,101697.44,27.92,18.04,101722.58,17.70,42.52,-924334.62,4.92
16:57,101698.21,27.64,17.95,101716.41,16.59,43.64,-924253.68,4.01
16:58,101692.74,27.61,18.37,101720.25,17.11,43.49,-924342.18,4.68
16:59,101695.67,27.59,18.32,101717.72,17.48,41.85,-924277.18,4.56
17:0,101691.25,27.59,18.32,101717.92,17.96,40.86,-924543.37,3.97
17:1,101693.42,27.69,18.23,101712.53,18.61,38.84,-924211.81,3.80
17:2,101695.67,27.72,18.57,101716.29,18.15,40.77,-923851.37,3.85
17:3,101694.04,27.51,18.65,101724.36,17.21,42.18,-923756.18,3.73
17:4,101688.28,27.57,19.01,101718.44,18.93,38.75,-924193.12,5.02
17:5,101701.39,27.63,19.57,101722.30,18.46,41.30,-924128.81,4.61
17:6,101699.81,27.49,19.24,101723.94,17.50,42.13,-923584.37,5.10
17:7,101694.62,27.23,19.19,101720.77,16.69,42.99,-924496.12,3.96
17:8,101704.42,21.83,27.31,101721.50,17.46,42.56,-924202.68,0.32
17:9,101707.57,13.14,44.04,101718.04,16.02,45.25,-923852.37,0.56
17:10,101718.48,8.38,56.59,101724.47,15.44,48.13,-924172.12,0.41
17:11,101717.50,6.86,63.21,101726.53,14.98,47.56,-924039.68,0.45
17:12,101711.16,6.91,69.63,101722.82,14.54,50.08,-924664.62,0.45
17:13,101723.02,9.21,75.92,101721.91,14.75,52.40,-928080.50,0.36
17:14,101707.45,10.72,76.70,101722.48,14.98,52.51,-932198.50,0.42
17:15,101715.17,11.11,77.51,101723.77,15.00,52.15,-936369.87,0.49
17:16,101720.96,11.72,79.20,101722.17,15.31,54.21,-939439.81,0.42
17:17,101723.21,12.19,78.41,101720.85,15.32,53.40,-941774.37,0.39
17:18,101703.92,12.48,77.59,101719.47,15.44,53.44,-943980.87,0.45
17:19,101712.08,12.84,77.04,101722.66,15.51,54.91,-945814.87,0.45
17:20,101713.25,13.05,75.22,101725.53,15.49,53.66,-947022.62,0.48
17:21,101702.05,16.94,54.29,101720.19,15.62,52.38,-948152.68,4.64
17:22,101693.86,23.19,24.63,101725.86,16.85,45.18,-949589.62,4.94
17:23,101693.25,24.32,22.14,101722.70,17.61,42.00,-950609.00,4.28
17:24,101687.33,24.76,21.01,101720.89,17.76,41.43,-950955.68,3.99
17:25,101685.79,24.91,20.55,101719.27,17.49,42.08,-951427.12,4.09
17:26,101684.64,24.90,20.32,101720.35,17.07,42.85,-951933.12,4.67
17:27,101685.91,25.04,20.18,101717.80,17.73,40.83,-952435.68,4.05
17:28,101689.29,25.25,20.05,101715.74,17.97,41.36,-953156.62,4.94
17:29,101695.03,25.36,20.08,101712.16,18.38,39.33,-953353.50,3.55
17:30,101691.90,25.53,19.85,101711.10,18.42,39.59,-953774.87,3.77
17:31,101684.39,25.46,19.53,101720.71,17.25,42.74,-953576.87,4.68
17:32,101686.85,25.45,19.45,101717.36,17.87,40.65,-954375.00,4.29
17:33,101701.78,25.64,19.65,101719.54,18.67,39.22,-955084.62,4.98
17:34,101695.05,25.89,19.82,101718.14,18.55,40.94,-954835.50,4.64
17:35,101696.00,26.04,19.33,101723.47,18.71,40.05,-955225.50,4.74
17:36,101694.64,25.92,19.16,101723.44,17.69,41.93,-954804.12,4.75
17:37,101697.49,25.88,19.21,101717.44,18.26,40.12,-955551.12,3.79
17:38,101696.24,25.85,19.16,101721.08,18.15,40.09,-955459.37,3.69
17:39,101693.01,25.94,19.20,101718.57,18.37,40.44,-956027.50,4.49
17:40,101697.57,25.93,19.05,101723.61,18.01,40.70,-955953.50,3.81
17:41,101699.75,26.00,19.16,101716.71,18.66,39.76,-956647.00,3.62
17:42,101693.83,25.96,18.87,101723.25,17.09,43.24,-956425.37,4.52
17:43,101688.54,25.74,19.05,101721.27,17.44,41.65,-956816.12,3.69
17:44,101691.39,25.77,19.12,101720.80,17.75,41.74,-957383.31,4.65
17:45,101699.74,25.72,19.27,101723.92,17.56,42.39,-957703.31,3.60
17:46,101699.77,25.77,19.14,101725.30,17.49,42.92,-957832.00,3.76
17:47,101692.21,25.63,19.09,101726.50,17.24,42.08,-958476.68,4.68
17:48,101699.86,25.62,19.12,101726.96,17.06,44.05,-958861.37,4.63
17:49,101688.78,25.58,19.24,101726.21,17.23,42.63,-958789.18,3.82
17:50,101700.41,25.67,19.14,101722.63,17.60,42.20,-958845.00,4.52
17:51,101694.75,25.79,19.13,101717.80,18.55,39.01,-959528.62,3.87
17:52,101690.33,25.82,19.02,101715.94,18.23,40.07,-959391.31,4.83
17:53,101703.20,25.82,19.08,101722.99,17.03,44.40,-958833.62,3.54
17:54,101692.93,25.78,19.07,101721.92,17.63,41.71,-960082.50,3.64
17:55,101690.44,25.84,19.05,101720.92,18.01,40.58,-960186.00,4.63
17:56,101700.24,25.82,19.11,101720.84,17.72,42.54,-960547.31,4.73
17:57,101699.52,25.88,19.02,101724.69,18.05,41.21,-960718.81,3.82
17:58,101689.67,25.76,19.07,101724.38,17.59,41.73,-960619.18,4.67
17:59,101694.22,25.82,19.13,101719.25,18.42,39.29,-961859.50,4.29
18:0,101695.14,25.91,19.15,101718.17,18.41,41.19,-961531.37,4.81
18:1,101692.05,25.96,18.98,101718.90,18.46,39.27,-961801.18,4.64
18:2,101698.83,25.97,19.02,101720.57,18.59,38.93,-961942.12,3.70
18:3,101694.91,25.99,19.08,101718.86,18.73,38.94,-962224.31,4.42
18:4,101699.28,26.07,19.03,101720.92,18.81,38.63,-962507.37,4.88
18:5,101697.37,26.05,18.95,101712.60,18.66,38.58,-962408.62,4.90
18:6,101691.68,26.09,18.88,101725.99,18.01,40.93,-962935.37,3.97
18:7,101694.67,25.96,18.92,101722.69,17.70,41.65,-963041.31,4.85
18:8,101707.23,25.98,19.00,101723.90,17.63,43.07,-963014.18,5.03
18:9,101702.25,25.95,19.00,101719.80,18.18,39.85,-963934.37,3.56
18:10,101697.22,25.96,18.88,101720.80,18.29,39.28,-964380.12,3.67
18:11,101701.47,25.98,18.86,101726.39,18.14,41.15,-964731.31,4.82
18:12,101690.94,25.83,19.00,101726.00,17.33,42.83,-964881.12,4.43
18:13,101701.03,25.92,19.03,101722.35,17.98,43.19,-965691.31,4.94
18:14,101696.64,25.98,18.87,101720.97,18.51,38.62,-965356.81,3.52
18:15,101700.88,25.94,18.92,101724.21,17.96,40.30,-965560.12,3.67
18:16,101704.67,25.96,18.86,101718.69,18.16,40.57,-966243.18,4.71
18:17,101702.00,25.95,18.88,101724.99,18.09,40.80,-966467.62,4.05
18:18,101698.85,25.99,19.13,101720.16,18.34,40.35,-966463.18,4.23
18:19,101701.03,25.97,18.94,101725.64,18.08,40.91,-966901.81,3.76
18:20,101705.67,26.00,18.93,101723.44,18.50,39.08,-967169.62,3.49
18:21,101708.44,26.03,18.97,101725.08,18.85,39.00,-967783.87,4.46
18:22,101705.00,26.06,19.06,101723.37,18.41,40.24,-967741.12,4.81
18:23,101702.00,26.08,18.90,101724.97,18.54,39.91,-968448.18,4.45
18:24,101698.65,26.01,18.93,101728.89,17.67,42.17,-967990.31,4.61
18:25,101709.42,25.97,19.06,101729.55,17.76,42.15,-968427.12,4.60
18:26,101700.20,25.93,18.97,101725.74,17.62,42.83,-969229.00,4.73
18:27,101706.55,25.94,19.03,101729.28,17.52,43.15,-969373.50,4.17
18:28,101701.50,25.91,19.07,101726.47,17.83,41.55,-970105.31,4.06
18:29,101701.66,25.85,19.14,101725.41,16.51,47.08,-970216.37,3.50
18:30,101707.75,25.85,19.05,101729.64,17.39,43.70,-970391.87,4.67
18:31,101702.64,25.92,19.04,101730.42,18.08,41.37,-970891.18,4.32
18:32,101697.49,25.98,19.15,101730.34,17.97,44.21,-971062.12,4.63
18:33,101704.32,26.00,19.08,101733.33,18.06,41.71,-971268.87,4.29
18:34,101698.05,25.95,18.96,101729.28,17.90,41.15,-971545.37,4.45
18:35,101697.89,25.95,19.03,101728.60,17.87,42.83,-972404.31,4.67
18:36,101701.46,25.93,19.07,101725.20,18.14,40.57,-972636.68,4.25
18:37,101700.02,25.92,19.03,101725.67,17.69,42.06,-972742.81,4.71
18:38,101697.03,25.83,19.12,101729.33,17.41,42.91,-972554.62,3.85
18:39,101699.53,25.90,18.94,101727.01,17.56,43.10,-973164.00,4.14
18:40,101698.27,25.85,19.17,101724.78,16.77,46.47,-972970.50,3.47
18:41,101702.99,25.77,19.07,101729.16,17.27,43.85,-974204.37,3.62
18:42,101705.87,25.77,19.25,101724.16,17.83,42.24,-974486.00,4.61
18:43,101702.00,25.81,19.23,101727.02,17.28,44.34,-974404.68,3.51
18:44,101704.53,25.85,19.13,101730.00,17.93,41.64,-975006.87,3.51
18:45,101697.63,25.84,19.12,101729.99,17.53,43.59,-975238.31,4.52
18:46,101698.31,25.84,19.11,101726.88,18.25,40.32,-975564.37,4.14
18:47,101701.47,25.88,19.21,101728.10,17.68,44.01,-975755.81,5.02
18:48,101702.47,25.80,19.23,101730.31,17.63,42.74,-975836.37,3.49
18:49,101707.05,25.77,19.21,101729.57,17.02,44.66,-976465.00,3.62
18:50,101709.64,25.79,19.27,101730.28,17.50,44.37,-976680.62,4.45
18:51,101705.67,25.83,19.20,101730.86,17.77,42.87,-977137.00,4.45
18:52,101701.95,25.84,19.13,101734.23,17.61,43.49,-977244.00,4.67
18:53,101711.16,25.83,19.19,101736.05,17.36,43.88,-977740.68,4.92
18:54,101711.66,25.76,19.22,101736.99,17.07,45.02,-977746.31,4.73
18:55,101706.07,25.75,19.21,101734.21,17.63,42.50,-978391.87,4.27
18:56,101710.57,25.83,19.18,101732.64,18.29,40.52,-978702.37,3.71
18:57,101708.50,25.90,19.27,101732.63,18.33,41.26,-978795.37,4.79
18:58,101700.86,25.97,18.97,101736.25,17.96,43.10,-978901.68,4.88
18:59,101710.46,25.95,19.15,101736.83,18.02,41.81,-979512.87,3.47
19:0,101701.81,25.98,18.98,101737.57,17.43,43.39,-979577.62,3.54
19:1,101713.00,25.95,18.93,101733.13,17.67,42.92,-979741.81,4.09
19:2,101708.30,25.96,19.03,101729.25,18.35,40.15,-980046.62,4.62
19:3,101704.78,25.90,19.00,101733.25,17.88,41.34,-980580.68,3.62
19:4,101700.49,25.91,19.10,101732.51,17.86,41.91,-980784.87,3.63
19:5,101702.74,25.88,18.86,101735.04,17.65,41.24,-981069.68,4.23
19:6,101709.39,25.88,19.10,101736.30,18.01,40.99,-981477.37,4.23
19:7,101706.32,25.81,19.11,101732.03,18.26,40.96,-981664.62,4.56
19:8,101707.32,25.73,19.11,101733.41,17.81,40.80,-982190.81,4.92
19:9,101707.36,25.68,19.38,101736.47,17.86,40.95,-981898.68,3.61
19:10,101716.43,25.57,19.18,101735.20,17.22,41.83,-982583.37,4.97
19:11,101707.96,25.55,19.19,101733.95,17.36,41.77,-982985.50,4.17
19:12,101709.92,25.58,19.21,101737.77,17.90,40.56,-983208.31,5.03
19:13,101712.96,25.65,19.21,101735.78,18.05,40.77,-983622.81,3.97
19:14,101699.55,25.66,19.09,101734.16,17.81,41.52,-983804.87,3.85
19:15,101706.93,25.63,19.13,101732.61,17.79,41.39,-983674.81,4.43
19:16,101707.44,25.59,19.28,101735.24,17.58,41.31,-983899.62,3.78
19:17,101710.00,25.61,19.21,101733.16,17.93,40.54,-984410.81,4.56
19:18,101698.32,25.56,19.10,101732.30,17.48,42.11,-984417.87,3.82
19:19,101697.03,25.59,19.11,101730.77,17.98,40.35,-984900.50,4.54
19:20,101701.00,25.58,19.10,101725.78,17.44,41.93,-984953.18,3.94
19:21,101702.72,25.56,19.22,101732.89,17.36,42.58,-985435.31,3.65
19:22,101704.60,25.61,19.19,101731.50,17.71,41.65,-985113.62,4.67
19:23,101691.72,25.61,19.04,101729.05,17.24,42.16,-985489.37,3.91
19:24,101700.03,25.53,19.11,101725.30,17.70,40.19,-986196.12,4.64
19:25,101697.88,25.55,19.19,101729.38,17.61,40.83,-986222.81,3.55
19:26,101698.58,25.52,19.03,101731.42,17.30,41.43,-986156.62,4.61
19:27,101699.67,25.51,19.06,101727.99,17.73,40.22,-986890.68,3.56
19:28,101703.22,25.55,19.13,101728.49,18.05,39.38,-986704.31,4.20
19:29,101697.21,25.64,19.03,101724.91,18.42,38.13,-986928.68,3.80
19:30,101691.53,25.67,19.03,101728.87,17.76,41.23,-987019.12,4.82
19:31,101699.72,25.70,19.03,101723.76,18.15,40.24,-987559.81,4.19
19:32,101700.27,25.69,19.08,101725.90,18.15,39.68,-987505.00,3.87
19:33,101700.99,25.66,19.09,101725.98,17.45,41.79,-987519.62,4.45
19:34,101700.50,25.63,19.11,101730.21,17.46,42.15,-987440.00,4.75
19:35,101702.71,25.55,19.04,101728.33,16.86,43.08,-987453.31,3.92
19:36,101700.36,25.53,19.15,101727.37,17.62,40.34,-988383.81,4.78
19:37,101704.10,25.54,19.05,101730.08,17.40,41.13,-988458.62,3.80
19:38,101702.91,25.58,18.99,101730.17,17.88,39.88,-988491.50,5.03
19:39,101697.89,25.56,19.04,101727.14,17.86,39.99,-988557.31,4.47
19:40,101711.72,25.50,19.14,101727.38,16.94,43.39,-988407.68,4.83
19:41,101695.97,25.49,19.14,101730.55,16.95,42.56,-988750.12,3.71
19:42,101704.41,25.56,18.94,101726.63,17.65,40.49,-989647.81,4.68
19:43,101693.72,25.58,18.90,101727.17,17.76,40.22,-989402.50,3.91
19:44,101701.77,25.59,19.01,101723.99,18.20,39.03,-989558.12,3.62
19:45,101701.53,25.60,18.99,101727.21,17.20,42.69,-989145.62,5.17
19:46,101700.75,25.58,19.05,101725.88,17.45,41.56,-989447.31,3.96
19:47,101697.46,25.59,19.04,101730.74,17.69,41.25,-989886.68,4.74
19:48,101706.41,25.62,19.04,101731.40,17.54,41.22,-989833.31,4.63
19:49,101703.38,25.63,19.00,101729.48,17.53,41.83,-990091.81,4.14
19:50,101699.35,25.62,19.01,101732.52,17.33,42.45,-989996.00,4.44
19:51,101699.64,25.62,19.04,101733.80,17.23,42.96,-990130.62,4.33
19:52,101704.03,25.66,19.15,101731.21,17.94,40.98,-990402.68,3.91
19:53,101702.42,25.75,18.90,101731.56,17.83,40.91,-990624.12,3.80
19:54,101699.14,25.71,18.90,101733.71,17.27,42.62,-990408.12,3.76
19:55,101703.96,25.70,18.92,101730.03,17.67,40.93,-990723.12,3.69
19:56,101702.28,25.72,18.93,101729.80,17.46,41.88,-990573.18,4.41
19:57,101697.17,25.74,18.84,101728.53,17.90,40.00,-990963.18,3.71
19:58,101698.13,25.76,18.87,101734.22,18.11,39.49,-990832.12,4.11
19:59,101704.60,25.77,18.85,101726.86,17.65,41.02,-990832.31,3.58
20:0,101707.29,25.80,18.90,101732.10,17.35,42.74,-990938.50,3.98
20:1,101712.32,25.85,18.83,101731.25,17.80,41.41,-991230.31,4.90
20:2,101705.39,25.86,18.89,101733.30,17.92,40.34,-991423.37,3.78
20:3,101704.13,25.91,18.87,101729.26,17.50,42.59,-991417.50,3.95
20:4,101703.75,25.92,18.77,101729.39,18.12,39.78,-991879.00,4.85
20:5,101702.35,25.91,18.86,101732.52,18.05,40.41,-991690.87,4.07
20:6,101706.99,25.90,18.72,101730.46,18.09,40.01,-991848.31,4.78
20:7,101708.52,25.95,18.81,101730.16,18.04,40.42,-991894.68,3.82
20:8,101701.58,25.92,18.77,101733.21,17.20,42.77,-991264.00,3.95
20:9,101703.76,25.89,18.88,101730.58,17.67,41.03,-992334.00,5.01
20:10,101708.21,25.95,18.79,101738.36,18.06,40.23,-992053.37,4.74
20:11,101707.03,25.96,18.88,101736.11,18.10,40.34,-992435.50,4.92
20:12,101706.02,26.01,18.75,101736.80,17.73,41.19,-992553.81,4.96
20:13,101710.34,26.02,18.64,101735.92,17.34,42.64,-992567.50,3.71
20:14,101708.54,26.05,18.66,101738.39,17.88,40.85,-992431.50,3.91
20:15,101706.74,26.07,18.68,101737.85,17.36,42.53,-992198.12,4.59
20:16,101703.32,26.06,18.54,101734.38,17.63,41.84,-992793.87,3.60
20:17,101708.38,26.05,18.52,101741.50,17.42,42.35,-992579.12,4.62
20:18,101708.53,26.08,18.49,101739.88,17.74,41.05,-992985.37,4.05
20:19,101708.98,26.06,18.71,101736.19,18.03,40.52,-992975.37,4.83
20:20,101707.67,26.13,18.59,101740.68,18.04,40.45,-992917.12,3.67
20:21,101711.29,26.16,18.69,101740.58,17.72,41.59,-993003.00,3.59
20:22,101712.82,26.21,18.54,101741.00,17.92,41.12,-993068.68,4.56
20:23,101714.07,26.19,18.64,101737.71,18.03,40.48,-993015.81,3.54
20:24,101710.96,26.21,18.51,101738.12,18.13,40.20,-993421.18,3.75
20:25,101711.83,26.27,18.39,101741.03,17.89,41.44,-993385.87,3.76
20:26,101712.79,26.19,18.52,101741.60,17.07,43.59,-993564.81,4.68
20:27,101714.41,26.19,18.36,101739.16,17.22,43.07,-993492.81,5.04
20:28,101708.10,26.26,18.47,101738.11,18.03,40.54,-993542.87,3.93
20:29,101712.15,26.36,18.48,101739.66,18.08,40.94,-993672.31,4.11
20:30,101713.30,26.38,18.48,101740.13,18.18,40.95,-993359.31,4.76
20:31,101717.64,26.40,18.44,101737.89,17.88,41.76,-993364.37,4.88
20:32,101717.58,26.44,18.43,101743.34,17.41,43.57,-993575.81,4.54
20:33,101718.68,26.45,18.46,101742.08,17.97,41.29,-993934.50,3.75
20:34,101710.34,26.46,18.67,101739.88,18.29,40.38,-993788.87,3.81
20:35,101718.45,26.49,18.43,101737.85,18.35,39.91,-994004.12,3.69
20:36,101719.71,26.54,18.19,101738.35,18.32,39.13,-994373.68,4.83
20:37,101724.17,26.57,18.12,101737.41,18.34,39.24,-994229.12,4.92
20:38,101714.49,26.61,18.14,101739.99,18.22,40.38,-994069.00,4.65
20:39,101721.71,26.62,18.26,101739.39,18.24,40.31,-994263.68,4.28
20:40,101713.69,26.69,17.96,101744.06,18.16,40.64,-994353.81,4.79
20:41,101717.32,26.67,18.32,101745.80,18.09,41.23,-994576.12,4.83
20:42,101715.07,26.75,17.99,101743.66,18.22,40.30,-994242.31,3.86
20:43,101715.46,26.79,17.87,101742.17,18.12,39.91,-994364.87,3.60
20:44,101720.27,26.82,17.71,101744.53,17.95,40.94,-994483.50,3.97
20:45,101721.64,26.78,18.14,101745.89,17.96,42.21,-994364.62,4.20
20:46,101712.96,26.87,17.99,101742.77,17.96,41.70,-994624.00,4.39
20:47,101707.14,26.96,17.67,101742.41,17.60,42.37,-994855.87,3.99
20:48,101714.07,26.87,17.89,101743.25,17.15,43.74,-994345.68,4.89
20:49,101711.44,27.00,17.60,101739.00,18.03,40.05,-994531.62,5.01
20:50,101703.40,27.04,17.51,101733.11,18.30,39.42,-994675.81,4.69
20:51,101709.37,27.17,17.61,101739.50,18.04,40.96,-994786.62,5.01
20:52,101709.92,27.20,17.46,101736.55,18.14,39.86,-994787.68,4.87
20:53,101705.88,27.28,17.39,101732.99,18.47,38.71,-994846.12,4.51
20:54,101705.94,27.39,17.08,101732.43,18.56,37.86,-994712.68,3.82
20:55,101700.24,27.51,17.20,101726.22,18.30,38.67,-995037.12,4.91
20:56,101699.97,27.43,17.69,101734.86,17.99,40.00,-995073.31,3.62
20:57,101714.74,27.49,17.99,101734.78,17.97,40.58,-995126.68,4.32
20:58,101710.25,27.52,17.60,101737.16,18.53,37.98,-995133.18,4.15
20:59,101708.77,27.55,17.67,101737.57,18.14,39.74,-995166.18,3.67
21:0,101715.90,27.35,17.98,101740.19,17.78,40.63,-995401.87,5.01
21:1,101714.55,27.18,18.55,101739.67,17.86,40.27,-995045.87,4.25
21:2,101713.75,27.22,18.05,101735.78,18.28,38.76,-995520.50,4.01
21:3,101711.57,27.16,18.27,101744.38,17.79,39.96,-995200.87,4.44
21:4,101712.78,27.04,18.65,101743.99,17.99,39.91,-995325.31,4.21
21:5,101715.08,26.98,18.83,101746.86,17.75,40.65,-994974.81,4.50
21:6,101714.67,26.83,19.28,101745.77,18.02,39.86,-995124.18,3.69
21:7,101715.49,26.75,19.85,101744.82,18.18,40.75,-995281.50,3.63
21:8,101709.25,26.72,19.59,101738.42,18.31,39.01,-995554.81,4.32
21:9,101721.67,26.66,20.35,101738.92,18.29,40.36,-995793.81,4.43
21:10,101718.71,26.65,20.07,101746.14,18.01,40.72,-995703.31,3.70
21:11,101714.69,26.58,20.26,101741.98,17.78,41.15,-995709.37,4.33
21:12,101718.65,26.47,20.39,101741.16,17.13,42.72,-995603.81,3.90
21:13,101714.57,21.04,28.29,101741.41,17.21,42.49,-995540.62,0.42
21:14,101726.13,12.41,46.03,101740.17,15.53,46.17,-995450.18,0.35
21:15,101723.58,7.97,57.54,101737.18,14.38,49.15,-994976.12,0.39
21:16,101731.98,6.53,63.93,101742.88,13.80,51.01,-995084.00,0.36
21:17,101737.37,6.79,70.46,101739.92,13.45,51.96,-995931.37,0.45
21:18,101737.79,8.58,75.40,101743.50,13.44,54.21,-997344.62,0.45
21:19,101732.80,9.62,76.65,101744.50,13.66,55.21,-1000778.62,0.44
21:20,101722.12,9.98,77.09,101742.60,13.78,55.57,-1004437.50,0.45
21:21,101733.64,10.22,77.39,101745.64,13.75,56.07,-1007990.62,0.37
21:22,101738.03,10.31,77.33,101750.27,13.80,55.32,-1011077.12,0.37
21:23,101738.92,10.61,77.99,101748.60,13.78,55.78,-1014102.00,0.45
21:24,101732.77,10.79,78.28,101748.30,13.79,55.71,-1016698.31,0.45
21:25,101734.78,11.06,78.25,101752.89,13.88,54.98,-1018972.62,0.39
21:26,101737.50,11.32,76.94,101752.64,13.91,53.78,-1021081.68,0.45
21:27,101742.26,11.61,76.45,101751.01,14.03,54.69,-1022733.87,0.45
21:28,101739.13,11.87,74.98,101752.83,14.04,54.11,-1023747.87,0.37
21:29,101734.78,12.01,74.38,101752.97,14.00,54.02,-1024723.00,0.41
21:30,101724.63,20.39,29.86,101750.42,14.60,47.97,-1025917.81,3.47
21:31,101731.21,22.23,23.48,101748.55,15.82,41.61,-1026612.68,3.90
21:32,101723.17,23.28,22.10,101747.85,16.34,40.25,-1027263.87,4.82
21:33,101722.60,23.57,21.48,101744.07,16.45,39.75,-1027322.00,4.13
21:34,101720.87,23.80,20.95,101747.14,16.54,39.75,-1027821.62,4.70
21:35,101733.83,23.86,20.43,101745.50,16.57,38.32,-1028354.12,4.48
21:36,101731.96,23.85,20.15,101750.38,16.95,37.22,-1028427.37,3.56
21:37,101733.24,23.74,19.99,101749.21,16.79,37.43,-1028836.18,3.92
21:38,101726.24,23.66,19.83,101752.12,17.05,36.45,-1029352.31,3.68
21:39,101720.28,23.59,19.67,101751.62,16.90,36.55,-1029536.87,3.62
21:40,101725.21,23.51,19.76,101751.36,16.94,36.48,-1029545.87,4.63
21:41,101724.27,23.53,19.51,101757.44,17.05,35.81,-1030062.37,4.85
21:42,101720.16,23.54,19.56,101754.08,17.11,35.85,-1029952.12,3.81
21:43,101720.95,23.61,19.44,101756.66,16.93,36.65,-1030257.12,3.51
21:44,101728.82,23.65,19.28,101758.98,17.02,35.96,-1030576.31,4.40
21:45,101724.80,23.63,19.30,101760.57,17.14,35.34,-1030627.68,4.76
21:46,101741.47,23.67,19.35,101759.79,17.09,35.75,-1030664.81,4.83
21:47,101729.85,23.75,19.19,101759.78,16.84,37.19,-1030939.68,4.90
21:48,101733.52,23.75,19.14,101759.94,17.00,36.14,-1030933.37,4.56
21:49,101737.39,23.77,19.07,101763.07,16.99,36.22,-1030935.18,4.37
21:50,101736.80,23.80,19.09,101766.64,17.08,36.12,-1031466.18,4.85
21:51,101741.07,23.82,19.09,101765.53,16.99,36.78,-1031058.31,4.05
21:52,101739.06,23.86,18.99,101769.00,17.17,35.83,-1031392.31,4.05
21:53,101747.33,23.91,19.03,101767.39,17.12,36.58,-1031636.68,3.90
21:54,101741.80,23.95,18.97,101770.38,16.54,38.20,-1031393.50,4.58
21:55,101752.24,23.92,19.07,101771.72,17.03,36.92,-1031636.87,4.16
21:56,101748.21,23.95,18.94,101772.39,16.69,38.72,-1031494.50,3.94
21:57,101742.97,23.95,19.04,101770.91,16.80,38.03,-1031884.50,3.69
21:58,101752.37,24.02,18.95,101774.08,16.98,37.66,-1032026.18,4.93
21:59,101740.76,24.04,18.84,101771.57,17.13,36.49,-1031867.87,4.48
22:0,101749.08,24.02,18.75,101776.24,16.88,36.97,-1031850.81,4.09
22:1,101746.32,24.06,18.79,101776.82,17.01,37.05,-1032141.62,4.58
22:2,101744.75,24.14,18.67,101774.30,17.07,37.37,-1032220.00,4.65
22:3,101745.62,24.15,18.77,101777.86,16.70,38.72,-1031824.37,4.45
22:4,101765.07,24.19,18.67,101777.82,17.03,37.11,-1032035.31,4.23
22:5,101754.28,24.23,18.50,101782.49,16.91,37.67,-1032331.12,4.69
22:6,101760.74,24.21,18.60,101783.57,16.99,37.26,-1032486.87,4.11
22:7,101754.09,24.25,18.39,101788.38,16.85,37.15,-1032465.18,4.08
22:8,101758.44,24.27,18.31,101783.24,17.10,36.31,-1032385.37,4.27
22:9,101758.36,24.33,18.25,101788.35,16.92,37.31,-1032491.62,4.91
22:10,101762.28,24.38,18.07,101787.98,17.29,35.65,-1032577.37,5.03
22:11,101768.75,24.42,18.11,101787.72,17.26,36.06,-1032529.81,4.46
22:12,101758.37,24.45,18.04,101784.74,16.73,37.94,-1032279.37,4.18
22:13,101768.58,24.45,18.24,101790.83,17.28,36.22,-1032540.00,4.54
22:14,101764.92,24.57,18.07,101789.99,17.27,36.11,-1032732.00,5.04
22:15,101762.92,24.64,17.88,101794.72,17.30,35.96,-1032684.37,3.76
22:16,101760.07,24.72,17.75,101787.99,17.09,36.84,-1032710.50,3.71
22:17,101768.27,24.78,17.71,101791.91,17.45,35.72,-1032767.81,4.24
22:18,101764.91,24.89,17.65,101796.41,17.48,35.96,-1033023.31,4.64
22:19,101769.24,25.00,17.70,101793.40,17.11,38.08,-1032750.62,4.57
22:20,101765.86,25.07,17.59,101793.60,16.91,38.55,-1032754.68,4.87
22:21,101763.14,25.06,17.36,101793.96,16.70,38.19,-1032680.62,5.03
22:22,101767.46,25.13,17.34,101795.05,17.46,35.95,-1033051.68,4.56
22:23,101766.60,25.19,17.54,101796.96,17.56,36.05,-1032842.12,4.69
22:24,101764.30,25.29,17.40,101794.39,16.87,37.80,-1032782.68,4.08
22:25,101768.78,25.36,17.11,101792.82,17.29,36.31,-1033344.87,4.33
22:26,101769.97,25.48,17.26,101796.80,17.59,35.95,-1033145.62,4.37
22:27,101762.27,25.64,17.08,101795.08,17.43,36.73,-1033163.81,5.11
22:28,101772.41,25.71,17.13,101791.21,16.82,38.50,-1033021.68,4.23
22:29,101772.92,25.76,17.51,101792.83,17.23,38.02,-1033214.62,5.16
22:30,101767.07,25.78,17.52,101794.05,17.10,37.73,-1033378.18,5.03
22:31,101773.97,25.84,17.43,101798.58,17.35,37.22,-1033379.50,4.61
22:32,101768.10,25.90,17.73,101798.85,17.57,37.13,-1033478.31,4.49
22:33,101776.88,25.92,17.83,101800.30,17.26,39.07,-1033472.81,4.78
22:34,101784.02,25.95,17.72,101798.50,17.00,39.21,-1033597.62,4.61
22:35,101780.36,25.89,17.84,101801.54,16.89,39.10,-1033404.87,4.43
22:36,101776.84,25.83,18.35,101801.55,16.88,40.21,-1033586.81,4.80
22:37,101772.83,25.81,18.49,101801.75,17.14,38.99,-1033384.50,4.72
22:38,101781.22,25.90,18.35,101800.13,17.14,39.48,-1033472.81,3.74
22:39,101774.50,25.78,18.88,101803.63,16.99,40.44,-1033597.68,3.94
22:40,101781.99,25.82,18.72,101805.57,17.26,38.93,-1033461.81,4.44
22:41,101787.49,25.86,18.88,101807.74,17.13,40.81,-1033537.87,4.86
22:42,101784.72,25.84,18.88,101806.04,16.99,40.16,-1033347.81,4.29
22:43,101787.42,25.87,18.96,101810.64,17.21,39.62,-1033703.62,5.10
22:44,101783.60,25.82,19.35,101811.16,17.13,39.90,-1033543.62,3.82
22:45,101801.88,22.14,24.99,101809.72,16.77,41.77,-1033668.37,0.35
22:46,101811.64,10.74,47.64,101810.25,15.17,45.72,-1033628.18,0.37
22:47,101806.91,6.49,61.53,101818.21,13.72,48.69,-1033080.87,0.38
22:48,101818.11,6.28,71.52,101813.88,13.17,52.58,-1033256.00,0.45
22:49,101805.86,9.70,79.10,101818.39,13.23,55.79,-1034145.62,0.46
22:50,101811.72,10.93,79.85,101821.02,13.63,56.78,-1034423.87,0.45
22:51,101809.10,11.24,80.01,101818.94,13.74,56.24,-1034120.62,0.40
22:52,101801.88,11.36,80.06,101819.55,13.90,56.61,-1034273.87,0.38
22:53,101809.00,11.52,79.97,101818.96,13.84,57.67,-1034391.00,0.37
22:54,101798.60,11.69,79.61,101817.57,13.80,57.70,-1034362.18,0.45
22:55,101802.71,11.87,78.67,101817.97,13.83,57.46,-1034358.18,0.37
22:56,101813.64,11.95,77.95,101819.92,13.78,57.98,-1034144.31,0.39
22:57,101815.24,12.04,77.44,101818.32,13.76,57.33,-1034362.31,0.46
22:58,101806.11,12.08,77.18,101817.49,13.81,57.66,-1034364.37,0.39
22:59,101804.92,12.19,76.93,101816.66,13.84,58.55,-1034216.31,0.45
23:0,101807.55,12.21,76.51,101822.94,13.80,58.83,-1034271.81,0.45
23:1,101804.80,20.96,30.10,101818.32,14.56,52.11,-1034229.37,3.73
23:2,101789.10,22.63,23.98,101818.38,15.53,46.98,-1034750.12,4.57
23:3,101791.84,23.41,22.44,101818.10,15.72,46.07,-1034129.68,4.94
23:4,101783.01,23.76,21.79,101816.63,16.21,44.60,-1034062.62,4.35
23:5,101793.80,23.99,21.43,101820.15,16.44,43.75,-1033936.12,4.40
23:6,101788.73,24.13,21.02,101816.97,16.39,43.71,-1034001.81,4.07
23:7,101791.24,24.27,20.88,101817.80,16.62,43.26,-1033969.31,3.82
23:8,101796.78,24.31,20.76,101820.41,15.93,45.54,-1033446.68,4.13
23:9,101786.77,24.38,20.52,101817.60,16.33,44.43,-1033732.50,4.54
23:10,101790.46,24.42,20.44,101814.30,16.67,42.79,-1033727.31,4.45
23:11,101798.48,24.48,20.26,101817.55,16.65,43.66,-1033625.87,3.51
23:12,101795.48,24.50,20.02,101814.64,16.55,42.88,-1033845.87,4.18
23:13,101799.18,24.52,19.95,101819.28,16.84,42.00,-1033869.00,4.11
23:14,101793.50,24.53,19.89,101814.96,16.72,42.32,-1033511.87,4.63
23:15,101794.96,24.55,19.92,101818.81,16.93,41.54,-1033523.81,4.54
23:16,101797.40,24.57,19.80,101820.38,16.48,43.70,-1033724.68,4.70
23:17,101793.28,24.56,19.81,101814.72,16.02,45.93,-1033666.12,4.02
23:18,101794.85,24.54,19.80,101818.85,16.04,45.58,-1033343.00,3.87
23:19,101794.96,24.52,19.88,101815.11,16.18,44.66,-1033470.37,4.13
23:20,101791.01,24.53,19.91,101820.07,16.06,46.51,-1033879.81,4.05
23:21,101790.50,24.56,19.77,101813.10,16.28,44.75,-1033816.87,4.38
23:22,101791.75,24.58,19.72,101815.63,16.73,42.44,-1033751.31,4.47
23:23,101788.94,24.64,19.68,101813.48,16.45,43.97,-1033692.31,3.83
23:24,101787.76,24.64,19.62,101818.88,16.06,45.46,-1033578.12,3.60
23:25,101792.38,24.66,19.59,101817.58,16.42,44.14,-1033594.62,3.64
23:26,101788.74,24.65,19.67,101813.73,16.14,45.45,-1033448.00,3.98
23:27,101782.33,24.69,19.53,101810.61,16.38,44.61,-1033762.31,3.65
23:28,101787.57,24.72,19.46,101813.16,16.47,43.85,-1033839.81,4.05
23:29,101789.96,24.76,19.47,101816.39,16.70,43.52,-1033551.87,4.04
23:30,101786.78,24.79,19.44,101818.32,16.44,44.52,-1033319.62,4.20
23:31,101794.02,24.83,19.35,101817.96,16.41,44.99,-1033643.87,4.31
23:32,101788.64,24.79,19.35,101818.78,16.10,45.67,-1033395.62,4.54
23:33,101800.46,24.75,19.43,101817.38,16.20,44.83,-1034169.81,4.06
23:34,101793.30,24.79,19.44,101818.92,16.47,44.04,-1033926.62,3.47
23:35,101791.60,24.82,19.29,101818.98,16.35,44.65,-1033810.81,4.89
23:36,101796.72,24.80,19.34,101815.46,15.87,46.74,-1033408.62,4.40
23:37,101792.60,24.78,19.35,101816.38,16.00,45.95,-1033819.50,3.71
23:38,101793.08,24.80,19.24,101820.30,16.52,43.54,-1033657.37,4.78
23:39,101788.33,24.93,19.19,101821.50,16.47,44.51,-1033335.87,4.34
23:40,101802.10,24.89,19.24,101817.89,16.63,42.67,-1033571.62,4.53
23:41,101793.47,24.92,19.22,101820.57,17.15,41.27,-1033706.81,3.51
23:42,101789.19,25.00,19.06,101822.49,17.02,42.40,-1033629.81,4.69
23:43,101796.78,25.02,19.06,101819.61,16.79,42.88,-1033543.50,4.69
23:44,101798.64,25.10,18.98,101819.03,16.70,43.58,-1033415.12,4.76
23:45,101796.83,25.09,19.03,101820.94,16.84,42.57,-1033584.12,4.40
23:46,101800.72,25.14,18.88,101817.81,16.71,43.43,-1033581.31,4.38
23:47,101799.56,25.15,18.91,101819.80,16.63,43.30,-1034092.62,4.06
23:48,101791.67,25.17,19.03,101820.07,16.71,42.99,-1033697.62,4.91
23:49,101797.04,25.20,19.07,101820.07,16.71,44.19,-1033751.12,4.16
23:50,101794.16,25.30,18.83,101821.74,16.56,44.30,-1034030.37,4.85
23:51,101800.26,25.34,18.69,101818.19,16.66,43.78,-1033575.12,5.05
23:52,101789.44,25.38,18.69,101819.40,17.11,41.89,-1033794.00,4.22
23:53,101794.67,25.41,18.66,101822.14,16.32,45.31,-1033762.00,4.83
23:54,101792.72,25.44,18.60,101820.63,16.58,43.64,-1033548.62,4.27
23:55,101799.10,25.50,18.82,101824.50,16.72,43.23,-1033602.00,3.82
23:56,101793.47,25.58,18.48,101823.41,16.68,43.86,-1033850.68,3.74
23:57,101799.55,25.66,18.51,101823.71,17.11,41.83,-1033919.00,4.78
23:58,101792.03,25.74,18.46,101824.17,16.99,42.27,-1034100.81,3.51
23:59,101798.94,25.80,18.53,101826.43,17.40,40.62,-1033813.37,3.74
0:0,101795.80,25.92,18.48,101829.39,17.59,40.45,-1033815.37,4.95
0:1,101797.44,26.01,18.44,101823.85,17.09,42.94,-1033956.81,5.07
0:2,101801.66,26.08,18.45,101825.22,16.62,44.01,-1034209.81,4.20
0:3,101806.82,26.21,18.48,101826.46,16.66,44.76,-1033791.87,4.47
0:4,101803.75,26.24,18.67,101826.94,17.02,42.87,-1033820.18,4.70
0:5,101801.14,26.37,18.56,101828.30,17.28,41.50,-1033947.62,3.71
0:6,101811.14,26.50,18.71,101825.71,17.32,42.12,-1034013.37,4.81
0:7,101808.27,26.59,18.79,101828.10,17.01,43.23,-1033987.37,4.78
0:8,101807.39,26.54,19.17,101832.64,17.55,41.52,-1034266.68,5.04
0:9,101818.57,26.53,19.26,101833.73,17.50,41.84,-1034085.68,3.78
0:10,101806.46,26.49,19.32,101833.89,17.15,43.53,-1034112.62,5.03
0:11,101809.22,26.35,19.70,101829.28,17.16,43.33,-1034156.68,4.64
0:12,101810.43,26.24,20.03,101829.60,16.90,44.53,-1034089.37,5.11
0:13,101803.76,26.16,20.34,101830.39,16.93,44.05,-1034307.81,5.05
0:14,101804.53,26.12,20.39,101829.55,16.94,44.05,-1033893.81,3.58
0:15,101798.55,26.02,20.73,101832.38,16.99,44.39,-1034187.18,3.89
0:16,101809.99,25.98,20.98,101830.72,17.12,44.32,-1033984.68,4.15
0:17,101809.55,25.92,21.22,101834.53,17.02,44.31,-1034123.68,3.51
0:18,101809.24,25.82,21.60,101834.60,16.51,45.77,-1034214.18,4.38
0:19,101806.36,25.82,21.66,101835.47,16.55,46.21,-1034527.31,3.67
0:20,101814.89,24.77,22.95,101832.08,16.85,44.72,-1034327.81,0.36
0:21,101825.49,12.23,47.06,101837.45,14.77,51.56,-1033945.31,0.43
0:22,101822.73,6.78,61.32,101842.39,13.49,53.81,-1033842.81,0.44
0:23,101828.71,5.41,67.60,101835.02,12.86,55.69,-1035436.18,0.37
0:24,101835.11,6.98,76.94,101838.85,12.58,58.19,-1041378.37,0.36
0:25,101823.29,9.97,81.08,101840.82,12.87,60.65,-1047350.00,0.45
0:26,101830.63,10.89,81.35,101836.22,13.18,60.92,-1051704.37,0.45
0:27,101834.82,11.13,81.46,101837.21,13.28,61.17,-1055022.50,0.45
0:28,101828.60,11.25,81.40,101838.72,13.28,61.68,-1057409.75,0.88
0:29,101828.08,11.36,81.37,101838.57,13.26,62.35,-1059460.37,0.88
0:30,101824.10,11.50,81.29,101839.13,13.34,62.33,-1060974.75,1.00
0:31,101812.75,11.64,81.14,101838.85,13.27,62.88,-1062409.87,1.01
0:32,101816.58,11.80,80.49,101841.38,13.27,62.92,-1063278.62,1.02
0:33,101822.20,11.92,80.21,101835.75,13.27,63.19,-1064509.50,0.45
0:34,101835.57,11.98,79.80,101834.58,13.25,63.15,-1065038.25,0.46
0:35,101823.46,11.99,79.54,101834.89,13.26,63.42,-1065804.00,0.39
0:36,101805.36,18.55,41.60,101833.13,13.67,60.18,-1066603.87,3.92
0:37,101806.17,22.12,25.29,101828.05,14.98,51.76,-1066689.62,4.40
0:38,101802.88,23.33,22.90,101829.88,15.57,48.59,-1067387.75,4.40
0:39,101807.96,23.73,22.14,101829.57,15.88,47.37,-1067380.25,4.00
0:40,101805.46,23.99,21.68,101828.24,16.21,46.00,-1067582.12,3.51
0:41,101802.11,24.16,21.37,101828.36,16.34,45.43,-1067852.00,4.67
0:42,101802.41,24.28,21.13,101830.92,15.90,47.74,-1067643.37,4.26
0:43,101799.83,24.36,20.94,101829.29,16.44,45.09,-1068387.75,4.76
0:44,101800.42,24.45,20.72,101828.89,16.17,46.10,-1068475.75,3.71
0:45,101804.85,24.52,20.59,101828.35,16.38,45.32,-1068617.50,4.47
0:46,101801.57,24.56,20.61,101827.57,16.40,45.19,-1069349.50,4.33
0:47,101796.22,24.57,20.46,101828.55,16.45,44.86,-1069285.25,4.62
0:48,101803.11,24.61,20.27,101826.66,16.39,45.09,-1069071.75,4.56
0:49,101802.11,24.64,20.18,101830.49,16.35,45.19,-1069140.25,4.76
0:50,101793.40,24.60,20.28,101830.00,16.19,45.63,-1069289.37,4.38
0:51,101813.22,24.61,20.25,101830.52,16.53,44.61,-1069732.00,4.55
0:52,101812.77,24.64,20.07,101828.61,16.45,44.98,-1069958.87,4.02
0:53,101803.11,24.63,20.10,101823.02,16.60,44.42,-1070095.62,4.61
0:54,101795.77,24.66,20.01,101827.13,16.39,45.35,-1070628.00,3.98
0:55,101801.77,24.67,20.04,101827.60,16.56,44.83,-1070370.75,3.66
0:56,101798.31,24.70,19.97,101825.10,16.43,45.56,-1070601.62,4.19
0:57,101794.82,24.69,20.04,101825.46,16.59,44.73,-1070598.00,3.81
0:58,101799.32,24.69,20.15,101823.24,16.66,44.58,-1070854.75,4.34
0:59,101798.46,24.69,19.99,101821.20,16.58,44.60,-1070954.37,3.58
1:0,101800.58,24.66,20.12,101819.47,16.57,45.01,-1071122.75,3.73
1:1,101798.82,24.70,20.00,101820.08,16.68,44.34,-1071171.75,4.21
1:2,101805.60,24.71,19.99,101821.35,16.64,44.41,-1071528.87,4.78
1:3,101791.13,24.70,20.11,101820.35,16.71,44.26,-1071485.25,4.29
1:4,101803.58,24.72,20.01,101821.19,16.72,43.82,-1071728.37,4.57
1:5,101799.02,24.72,19.88,101818.86,16.58,44.34,-1071801.50,4.90
1:6,101794.88,24.72,19.93,101818.50,16.68,44.03,-1071749.37,4.58
1:7,101792.10,24.72,19.91,101817.36,16.35,45.21,-1071982.75,4.88
1:8,101789.72,24.72,19.88,101817.49,16.64,43.94,-1072098.75,4.64
1:9,101788.03,24.72,19.91,101820.56,16.56,44.73,-1072388.50,4.97
1:10,101792.17,24.72,19.94,101820.09,16.39,45.33,-1072314.25,4.94
1:11,101795.78,24.76,19.82,101818.34,16.73,43.58,-1072472.62,4.08
1:12,101794.89,24.79,19.79,101821.32,16.62,44.58,-1072711.00,3.64
1:13,101788.61,24.83,19.64,101821.49,16.48,45.32,-1072802.25,4.83
1:14,101793.44,24.87,19.55,101817.60,16.47,45.20,-1072940.25,4.25
1:15,101790.36,24.87,19.74,101820.11,16.44,45.03,-1073023.12,4.07
1:16,101791.71,24.90,19.60,101820.81,16.52,45.35,-1072910.37,3.76
1:17,101799.17,24.94,19.53,101823.44,16.55,44.54,-1073000.75,4.51
1:18,101815.72,24.94,19.68,101818.75,16.73,43.88,-1073169.12,4.79
1:19,101798.74,24.97,19.50,101819.89,16.51,45.28,-1073472.25,3.80
1:20,101802.78,24.96,19.61,101821.38,16.37,45.27,-1073320.37,3.71
1:21,101797.38,24.99,19.52,101822.78,16.28,46.59,-1073271.37,3.59
1:22,101794.10,25.01,19.61,101819.77,16.31,45.79,-1073685.75,3.80
1:23,101800.02,24.98,19.68,101822.39,16.44,45.35,-1073410.62,4.68
1:24,101800.17,24.96,19.67,101820.02,16.43,45.08,-1073784.62,4.54
1:25,101795.05,25.02,19.52,101818.10,16.64,44.23,-1073957.62,4.87
1:26,101797.80,25.06,19.36,101818.35,16.58,44.94,-1074374.50,4.49
1:27,101800.39,25.09,19.28,101819.78,16.21,46.01,-1074586.75,4.40
1:28,101793.11,25.10,19.27,101817.92,16.55,44.82,-1073928.75,3.62
1:29,101802.78,25.15,19.24,101818.85,16.47,44.88,-1074152.37,4.50
1:30,101796.79,25.17,19.36,101817.97,16.50,44.81,-1074056.87,3.83
1:31,101793.99,25.22,19.30,101817.49,16.75,43.99,-1074212.25,3.70
1:32,101794.65,25.22,19.44,101818.97,16.17,45.97,-1074262.75,4.54
1:33,101790.04,25.32,19.21,101819.71,16.68,44.12,-1074653.87,4.35
1:34,101787.22,25.40,19.29,101817.53,16.81,43.97,-1074579.25,4.18
1:35,101798.90,25.45,19.36,101817.00,16.67,45.39,-1074546.75,4.67
1:36,101793.39,25.55,19.35,101821.66,17.00,43.46,-1074929.62,4.00
1:37,101799.09,25.65,19.30,101816.05,17.04,43.45,-1075091.12,4.17
1:38,101792.44,25.77,19.01,101819.29,16.91,44.37,-1075219.37,3.91
1:39,101791.46,25.81,19.34,101823.02,17.06,43.84,-1075353.25,4.45
1:40,101793.14,25.93,19.14,101814.78,16.65,45.32,-1075421.75,4.56
1:41,101794.00,25.98,19.35,101818.95,16.73,45.29,-1075185.25,4.67
1:42,101794.30,26.09,19.36,101814.75,16.64,45.42,-1075272.87,3.98
1:43,101794.22,26.14,19.55,101812.66,16.79,45.34,-1075558.87,4.40
1:44,101796.88,26.28,19.65,101814.71,16.40,47.15,-1075534.25,4.77
1:45,101798.58,26.24,20.10,101816.03,16.75,45.53,-1075497.75,4.70
1:46,101786.03,26.23,20.32,101815.33,16.48,47.44,-1075537.75,4.23
1:47,101793.44,26.08,20.63,101815.02,16.90,45.13,-1075097.00,4.12
1:48,101796.61,26.02,20.89,101814.01,16.89,45.71,-1075364.00,5.03
1:49,101791.80,25.94,21.24,101816.46,16.44,47.40,-1075053.00,4.63
1:50,101780.18,25.88,21.33,101816.57,16.38,47.86,-1074882.25,4.94
1:51,101799.27,25.69,21.93,101814.41,16.34,48.28,-1075438.75,4.47
1:52,101790.55,25.61,21.98,101812.11,16.46,47.59,-1075476.87,4.65
1:53,101789.37,25.50,22.34,101813.61,16.59,46.93,-1074825.25,4.15
1:54,101784.97,25.43,22.74,101815.74,16.81,46.59,-1075098.37,5.23
1:55,101789.28,25.38,22.98,101810.46,16.46,48.07,-1075271.00,4.37
1:56,101789.46,25.28,23.56,101810.32,16.60,47.69,-1075219.12,3.80
1:57,101783.74,25.25,23.58,101807.82,16.07,49.50,-1075189.62,3.84
1:58,101787.53,19.85,32.92,101807.53,16.12,49.00,-1075559.25,0.45
1:59,101790.61,9.64,53.48,101806.99,13.88,54.95,-1075648.12,0.45
2:0,101806.32,5.93,66.22,101808.35,12.48,59.54,-1075067.50,0.45
2:1,101800.69,5.01,71.28,101809.73,11.97,61.82,-1075157.87,0.45
2:2,101808.77,7.08,79.12,101806.50,11.81,63.87,-1077291.25,0.45
2:3,101805.04,9.87,82.80,101811.25,12.10,66.93,-1080387.75,0.45
2:4,101801.17,10.68,83.20,101810.91,12.41,67.61,-1083214.75,0.38
2:5,101807.21,10.98,83.43,101810.86,12.49,67.97,-1085144.50,0.45
2:6,101799.14,11.10,83.45,101808.07,12.50,68.16,-1086657.75,0.47
2:7,101794.07,11.13,83.60,101811.05,12.49,68.37,-1088200.62,0.45
2:8,101792.85,11.23,83.61,101807.94,12.55,68.06,-1089461.75,0.46
2:9,101808.19,11.40,83.61,101810.98,12.58,68.42,-1090668.87,0.45
2:10,101802.60,11.50,83.29,101807.98,12.58,68.68,-1091484.25,0.48
2:11,101797.32,11.58,83.07,101810.55,12.66,68.54,-1092112.00,0.45
2:12,101791.40,11.65,82.67,101809.65,12.67,68.49,-1092743.75,0.39
2:13,101800.10,11.69,82.44,101811.32,12.65,68.73,-1093215.37,0.45
2:14,101801.92,11.70,82.15,101810.02,12.59,68.49,-1093782.62,0.47
2:15,101790.67,20.09,33.91,101813.30,13.29,62.47,-1094371.50,4.53
2:16,101785.00,21.97,25.72,101806.92,14.63,53.94,-1094882.00,3.40
2:17,101766.55,23.08,23.60,101803.98,15.23,51.15,-1094825.25,3.87
2:18,101782.14,23.45,22.88,101805.99,15.47,50.06,-1095156.00,4.90
2:19,101778.71,23.71,22.34,101806.30,15.51,50.25,-1095275.00,4.16
2:20,101784.94,23.87,22.10,101808.04,15.68,49.64,-1095666.25,4.75
2:21,101778.57,24.01,21.82,101802.00,15.83,48.60,-1095737.25,4.64
2:22,101786.75,24.09,21.68,101801.60,15.87,48.41,-1096101.12,4.13
2:23,101790.19,24.17,21.50,101802.82,15.95,48.00,-1096240.62,3.71
2:24,101779.60,24.28,21.23,101802.33,15.94,47.93,-1096601.75,4.51
2:25,101782.91,24.31,21.25,101797.87,15.98,48.04,-1096664.75,3.68
2:26,101783.72,24.37,21.00,101801.41,16.18,46.92,-1096852.25,3.51
2:27,101776.52,24.39,21.08,101802.89,16.13,47.67,-1097108.87,3.71
2:28,101774.04,24.43,20.98,101802.19,16.07,48.06,-1097355.37,4.86
2:29,101775.57,24.43,20.95,101803.30,16.15,47.36,-1097523.87,4.80
2:30,101781.16,24.44,20.89,101803.49,16.00,48.41,-1097537.25,3.52
2:31,101777.69,24.44,20.94,101803.44,16.08,48.12,-1097833.37,3.79
2:32,101771.99,24.46,20.78,101799.46,15.96,48.32,-1098047.12,4.17
2:33,101783.25,24.47,20.72,101799.99,16.07,48.05,-1098158.12,4.72
2:34,101774.16,24.48,20.75,101798.06,16.13,47.48,-1098134.75,4.62
2:35,101771.64,24.51,20.63,101796.90,16.16,47.72,-1098516.87,3.68
2:36,101770.37,24.51,20.66,101795.22,16.10,47.97,-1098701.12,4.61
2:37,101771.04,24.51,20.57,101798.78,16.06,47.80,-1098858.87,4.85
2:38,101769.03,24.52,20.49,101796.64,16.16,47.24,-1098926.62,3.86
2:39,101770.22,24.53,20.58,101797.09,15.95,48.44,-1099002.87,4.65
2:40,101763.81,24.53,20.52,101797.46,15.62,48.99,-1098904.12,3.66
2:41,101772.47,24.54,20.42,101799.46,15.85,48.84,-1099248.00,3.89
2:42,101768.55,24.57,20.41,101792.63,15.88,47.94,-1099501.12,4.85
2:43,101769.35,24.53,20.48,101795.33,15.78,48.64,-1099604.00,3.91
2:44,101775.63,24.53,20.44,101797.39,15.59,49.08,-1099945.75,3.86
2:45,101774.72,24.57,20.34,101791.41,15.88,48.91,-1100042.87,4.70
2:46,101770.16,24.57,20.38,101793.21,15.80,48.56,-1100109.75,3.83
2:47,101768.55,24.59,20.28,101793.82,15.78,49.26,-1099983.25,4.17
2:48,101770.07,24.57,20.32,101795.96,15.55,49.44,-1100213.87,4.46
2:49,101768.22,24.60,20.21,101791.64,15.83,48.13,-1100514.62,4.45
2:50,101772.16,24.61,20.17,101796.51,16.01,47.73,-1100567.62,4.78
2:51,101774.74,24.63,20.37,101796.63,16.24,46.92,-1100619.37,4.03
2:52,101768.60,24.71,20.07,101794.71,16.04,48.32,-1100758.25,3.89
2:53,101762.35,24.68,20.15,101790.83,15.85,48.39,-1100832.50,4.04
2:54,101764.50,24.66,20.15,101789.55,15.72,48.88,-1101175.87,4.74
2:55,101762.83,24.70,19.93,101795.86,15.64,48.91,-1101146.12,4.57
2:56,101774.18,24.72,19.91,101789.68,15.71,48.80,-1101155.25,4.90
2:57,101761.05,24.73,19.84,101790.12,15.93,48.20,-1101113.25,4.61
2:58,101781.69,24.71,20.11,101792.35,15.57,48.49,-1101571.75,4.65
2:59,101764.70,24.74,19.96,101794.02,15.45,50.40,-1101596.87,4.65
3:0,101769.50,24.76,20.02,101794.96,16.06,47.35,-1101800.25,4.41
3:1,101773.32,24.80,19.99,101793.09,16.10,47.16,-1101800.37,3.71
3:2,101766.02,24.86,19.97,101799.39,15.40,50.93,-1101604.50,4.93
3:3,101776.39,24.82,20.04,101795.00,15.87,48.32,-1101655.25,4.56
3:4,101769.55,24.89,19.89,101792.92,16.06,48.65,-1101930.37,3.83
3:5,101774.23,24.90,19.90,101796.99,15.90,48.26,-1101976.25,3.97
3:6,101774.13,24.96,19.90,101796.11,16.23,47.02,-1102477.62,4.61
3:7,101772.19,25.00,19.84,101797.42,15.95,48.10,-1102344.75,4.80
3:8,101775.91,25.03,19.89,101800.22,15.56,50.67,-1102289.37,4.05
3:9,101768.72,25.06,19.81,101798.10,15.83,48.24,-1102351.75,4.92
3:10,101771.40,25.11,19.93,101797.87,15.93,48.82,-1102524.62,4.51
3:11,101775.28,25.21,19.85,101797.33,16.24,47.24,-1102485.75,3.68
3:12,101763.87,25.29,19.87,101793.66,16.13,48.43,-1102935.00,4.36
3:13,101773.12,25.34,19.98,101798.31,15.95,48.30,-1102870.12,4.91
3:14,101766.60,25.38,19.99,101798.46,15.53,50.69,-1102648.62,4.45
3:15,101767.60,25.40,20.17,101796.89,16.00,48.76,-1102549.37,4.14
3:16,101773.25,25.55,19.78,101797.75,16.38,46.58,-1102699.87,4.68
3:17,101772.52,25.64,19.80,101797.92,16.35,46.87,-1102649.50,3.70
3:18,101769.96,25.71,20.01,101798.91,16.08,47.84,-1103029.12,3.87
3:19,101768.03,25.76,20.50,101794.89,16.04,48.62,-1103075.87,3.77
3:20,101772.42,25.90,20.57,101795.25,16.12,48.33,-1102832.25,4.32
3:21,101774.02,25.99,20.73,101793.49,16.71,46.48,-1103535.50,4.79
3:22,101769.83,26.04,20.84,101794.96,16.06,49.94,-1103263.25,4.81
3:23,101772.67,25.90,21.26,101795.89,16.13,49.09,-1102986.00,4.34
3:24,101759.35,25.77,21.55,101791.62,16.36,48.52,-1103135.50,3.95
3:25,101766.85,25.64,21.91,101792.03,16.08,49.08,-1103028.62,4.85
3:26,101773.00,25.47,22.37,101793.35,15.53,51.53,-1103307.12,4.03
3:27,101771.42,25.38,22.56,101789.32,15.87,49.61,-1103016.25,5.15
3:28,101766.42,25.30,22.93,101792.07,16.32,48.82,-1103072.75,4.60
3:29,101766.07,25.22,23.63,101790.86,15.95,51.12,-1103375.50,4.78
3:30,101774.07,22.62,27.71,101789.07,16.01,50.43,-1103271.12,0.42
3:31,101781.49,10.21,52.33,101794.90,13.83,56.33,-1103173.37,0.46
3:32,101788.39,6.05,66.04,101794.57,12.26,61.41,-1102948.25,0.45
3:33,101788.10,5.00,71.84,101794.25,11.45,63.77,-1103017.87,0.47
3:34,101795.66,6.74,79.13,101792.12,11.35,66.33,-1104739.12,0.45
3:35,101782.52,9.66,83.03,101790.23,11.80,68.54,-1108295.62,0.48
3:36,101784.89,10.55,83.38,101789.21,12.07,69.41,-1110740.75,0.48
3:37,101786.05,10.83,83.61,101789.33,12.18,69.60,-1113135.37,0.48
3:38,101780.99,10.95,83.88,101791.67,12.21,70.13,-1114449.25,0.48
3:39,101782.00,11.00,83.96,101787.60,12.23,70.17,-1116275.25,0.48
3:40,101780.07,11.08,84.12,101786.17,12.26,70.18,-1117512.37,0.48
3:41,101775.57,11.17,84.28,101794.43,12.37,70.25,-1118837.00,0.48
3:42,101777.18,11.34,84.26,101789.97,12.31,70.54,-1119517.50,0.48
3:43,101778.39,11.40,84.07,101792.67,12.29,70.86,-1120363.87,0.45
3:44,101781.42,11.46,83.93,101790.60,12.33,71.21,-1120889.37,0.48
3:45,101781.82,11.50,83.72,101793.57,12.38,70.92,-1121468.25,0.48
3:46,101789.41,11.52,83.46,101793.76,12.37,71.05,-1122033.62,0.47
3:47,101772.22,17.61,47.00,101794.94,12.52,68.15,-1122322.87,3.60
3:48,101762.69,21.62,26.57,101794.64,13.71,59.18,-1122953.25,4.58
3:49,101770.24,22.86,24.07,101791.53,14.71,53.77,-1123169.75,3.62
3:50,101765.56,23.28,23.34,101790.49,14.28,56.68,-1122942.87,4.84
3:51,101778.68,23.56,22.73,101791.14,15.10,51.88,-1123636.75,4.56
3:52,101766.84,23.77,22.29,101791.91,15.35,51.03,-1124022.75,4.65
3:53,101774.51,23.89,21.98,101791.75,15.25,51.40,-1124117.25,3.65
3:54,101766.83,24.01,21.79,101791.75,15.14,52.27,-1124478.75,4.92
3:55,101774.92,24.03,21.71,101794.03,14.98,52.83,-1124115.62,4.34
3:56,101772.08,24.07,21.51,101794.80,14.96,52.70,-1124569.50,4.21
3:57,101767.20,24.10,21.47,101798.72,15.33,50.62,-1124963.12,4.64
3:58,101780.64,24.17,21.22,101798.28,15.46,50.16,-1124851.25,4.91
3:59,101772.25,24.19,21.01,101795.28,15.20,51.89,-1125093.25,4.45
4:0,101775.43,24.21,20.95,101799.63,15.24,51.60,-1125522.62,4.74
4:1,101771.38,24.24,20.92,101798.69,15.05,52.87,-1125447.25,4.34
4:2,101772.47,24.21,21.02,101796.75,15.11,51.75,-1125781.37,3.61
4:3,101777.13,24.22,20.93,101795.53,15.23,50.92,-1126007.62,3.67
4:4,101770.53,24.18,21.01,101797.39,15.22,51.38,-1126068.87,4.63
4:5,101780.08,24.21,20.84,101797.17,14.87,52.88,-1126194.25,4.67
4:6,101790.72,24.21,20.93,101799.47,14.72,54.03,-1126409.12,4.63
4:7,101772.23,24.21,20.90,101795.82,15.17,51.44,-1126599.12,3.71
4:8,101775.36,24.27,20.75,101798.63,14.99,53.64,-1126594.62,3.82
4:9,101768.55,24.26,20.81,101796.64,15.34,52.32,-1126956.62,3.70
4:10,101782.07,24.26,20.78,101796.58,15.02,52.18,-1126599.25,3.93
4:11,101775.43,24.31,20.67,101799.68,15.21,52.17,-1127298.00,3.82
4:12,101775.25,24.30,20.65,101798.10,14.64,54.62,-1127051.37,3.72
4:13,101768.26,24.34,20.56,101798.38,15.13,52.42,-1127360.37,4.34
4:14,101776.39,24.39,20.50,101794.59,15.41,51.67,-1127373.00,4.81
4:15,101772.74,24.37,20.64,101795.17,15.19,51.08,-1127620.25,3.86
4:16,101776.71,24.37,20.46,101795.78,14.78,53.20,-1127643.00,4.26
4:17,101767.99,24.36,20.51,101800.03,15.29,51.29,-1127923.50,4.89
4:18,101762.85,24.42,20.44,101795.56,15.36,50.69,-1127929.75,3.98
4:19,101769.85,24.45,20.42,101800.27,15.61,49.64,-1128110.37,4.72
4:20,101771.93,24.46,20.50,101796.21,15.14,52.60,-1127786.75,4.98
4:21,101783.67,24.43,20.47,101794.48,15.21,51.21,-1128486.37,3.71
4:22,101762.05,24.43,20.46,101795.92,14.80,52.72,-1128097.00,4.69
4:23,101766.32,24.46,20.52,101801.44,15.59,49.79,-1128540.25,4.72
4:24,101773.02,24.56,20.40,101797.00,15.48,50.26,-1128762.75,4.96
4:25,101767.25,24.54,20.44,101793.32,14.86,53.70,-1128422.50,4.64
4:26,101774.11,24.53,20.56,101796.28,15.15,53.03,-1128850.75,4.63
4:27,101767.22,24.61,20.45,101795.64,15.41,50.83,-1128998.75,4.03
4:28,101767.03,24.69,20.36,101791.75,15.45,50.77,-1128744.25,4.93
4:29,101758.67,24.72,20.47,101790.56,15.72,49.60,-1129045.25,4.45
4:30,101760.14,24.77,20.34,101788.03,15.28,52.92,-1128789.25,4.67
4:31,101766.17,24.79,20.33,101791.02,15.30,50.87,-1129038.25,4.97
4:32,101764.82,24.85,20.41,101789.39,14.76,54.21,-1129122.25,4.89
4:33,101768.55,24.90,20.39,101793.78,15.41,50.71,-1129256.75,3.71
4:34,101761.72,24.97,20.46,101790.26,15.84,48.79,-1129159.75,4.96
4:35,101756.26,25.09,20.41,101790.22,16.06,47.99,-1129357.62,4.96
4:36,101758.63,25.22,20.41,101786.97,15.35,52.28,-1129516.25,4.81
4:37,101765.08,25.27,20.52,101787.85,15.63,49.97,-1129620.50,3.68
4:38,101763.63,25.41,20.54,101787.61,16.05,48.95,-1129779.87,4.54
4:39,101761.10,25.49,21.02,101788.35,16.06,49.14,-1129755.87,4.81
4:40,101757.44,25.67,21.01,101787.07,16.06,49.07,-1130129.00,3.91
4:41,101765.96,25.77,21.26,101787.85,16.10,50.27,-1130400.50,4.97
4:42,101769.44,25.74,21.54,101794.78,15.54,51.12,-1130372.75,4.76
4:43,101778.57,25.66,21.78,101790.66,15.93,50.11,-1129907.50,4.94
4:44,101776.16,25.49,22.20,101790.82,15.57,51.64,-1129950.75,4.07
4:45,101770.91,25.27,22.81,101791.02,15.31,52.46,-1130085.87,4.05
4:46,101768.42,25.14,23.08,101790.79,15.67,51.37,-1129929.50,3.79
4:47,101757.66,25.03,23.32,101790.87,15.84,50.61,-1129887.37,4.89
4:48,101771.00,24.99,23.46,101795.80,15.61,51.83,-1130005.00,5.10
4:49,101770.50,24.72,24.41,101789.63,14.86,54.44,-1130042.75,4.67
4:50,101773.53,24.66,24.82,101795.49,15.55,52.60,-1130048.62,4.05
4:51,101769.57,24.65,24.62,101795.16,15.41,52.87,-1129778.75,3.74
4:52,101770.70,24.45,25.43,101794.48,15.23,53.82,-1130051.62,4.17
4:53,101778.81,18.05,37.85,101796.16,14.46,57.10,-1129857.62,0.45
4:54,101790.50,8.48,57.66,101797.41,12.75,60.43,-1129881.25,0.39
4:55,101786.60,5.43,68.84,101795.64,11.51,64.04,-1129670.25,0.45
4:56,101797.10,4.71,73.70,101798.21,11.11,66.74,-1129747.00,0.45
4:57,101792.07,7.02,81.36,101802.17,11.04,69.02,-1132033.62,0.47
4:58,101792.42,9.69,83.90,101795.64,11.44,71.19,-1135036.50,0.39
4:59,101792.75,10.33,84.13,101794.82,11.67,71.46,-1137722.12,0.47
5:0,101801.85,10.59,84.36,101798.30,11.79,71.63,-1139538.75,0.40
5:1,101797.66,10.70,84.60,101796.47,11.78,72.33,-1141050.62,0.48
5:2,101785.33,10.76,84.75,101794.99,11.84,71.95,-1142317.50,0.48
5:3,101793.59,10.83,84.92,101799.08,11.81,72.28,-1143473.87,0.48
5:4,101796.52,10.90,84.97,101796.45,11.79,72.37,-1144396.00,0.45
5:5,101792.18,11.01,85.10,101794.99,11.79,72.91,-1145555.25,0.48
5:6,101786.83,11.10,85.02,101796.14,11.90,72.89,-1146192.12,0.47
5:7,101791.19,11.09,84.70,101796.91,11.75,72.97,-1146544.25,0.48
5:8,101795.25,11.16,84.70,101802.89,11.86,72.96,-1147639.25,0.48
5:9,101789.53,11.18,84.47,101798.60,11.81,73.10,-1147880.12,0.48
5:10,101779.08,19.67,34.40,101797.14,12.50,67.22,-1148678.00,4.57
5:11,101771.22,21.57,26.46,101806.09,13.81,58.18,-1148903.87,4.72
5:12,101777.60,22.79,24.21,101798.24,14.27,55.91,-1149148.25,3.63
5:13,101778.24,23.19,23.57,101808.78,14.11,56.82,-1149094.25,4.76
5:14,101782.91,23.44,23.00,101808.24,14.10,56.95,-1149091.25,3.74
5:15,101781.07,23.60,22.65,101807.25,14.18,56.19,-1149514.62,4.21
5:16,101789.13,23.72,22.35,101806.64,14.55,55.87,-1149999.75,3.95
5:17,101778.77,23.81,22.14,101804.11,14.85,53.10,-1149988.25,4.84
5:18,101780.60,23.90,21.78,101807.35,14.90,53.05,-1150325.62,3.82
5:19,101785.55,23.91,21.62,101805.50,14.84,52.99,-1150578.87,4.79
5:20,101785.63,23.91,21.57,101811.24,15.00,52.58,-1150728.37,3.67
5:21,101793.50,23.92,21.43,101810.84,14.64,54.17,-1150605.12,4.61
5:22,101788.58,23.90,21.28,101807.07,14.73,53.88,-1150727.75,4.23
5:23,101787.14,23.88,21.33,101808.09,14.81,52.81,-1151223.25,4.35
5:24,101786.05,23.88,21.38,101807.67,14.95,52.33,-1151293.50,4.11
5:25,101778.11,23.90,21.28,101807.14,14.80,52.84,-1151320.50,4.63
5:26,101788.32,23.90,21.13,101809.03,14.67,53.80,-1151703.50,4.46
5:27,101785.74,23.91,21.07,101808.82,14.94,52.11,-1151668.37,4.67
5:28,101782.96,23.92,21.24,101808.25,14.37,56.22,-1151640.37,3.95
5:29,101783.28,23.91,21.19,101808.82,14.78,53.29,-1152111.37,3.79
5:30,101787.85,23.94,21.07,101806.26,14.37,55.18,-1152230.37,4.83
5:31,101783.05,23.92,20.94,101802.64,14.96,52.29,-1152426.37,4.76
5:32,101785.60,23.93,21.01,101805.11,15.18,50.69,-1152495.50,3.80
5:33,101784.85,23.99,21.01,101803.55,15.03,51.82,-1152787.62,4.53
5:34,101784.19,24.00,20.94,101803.88,15.13,51.46,-1152657.25,4.50
5:35,101785.14,24.01,20.88,101806.75,14.92,52.83,-1152898.50,4.79
5:36,101777.36,24.02,20.92,101804.46,14.79,53.41,-1152642.50,4.67
5:37,101786.31,24.05,20.74,101806.63,15.05,51.66,-1153130.00,4.78
5:38,101782.28,24.04,20.82,101807.00,14.88,53.07,-1153043.62,4.81
5:39,101783.92,24.01,20.75,101808.96,14.12,56.79,-1153219.12,3.84
5:40,101783.33,24.02,20.74,101806.73,14.73,52.48,-1152980.37,3.80
5:41,101784.72,24.06,20.77,101807.57,14.79,53.42,-1153407.25,4.75
5:42,101782.30,24.10,20.55,101808.58,15.02,51.33,-1153309.87,3.92
5:43,101778.34,24.10,20.82,101804.96,14.77,52.62,-1153346.87,4.68
5:44,101778.45,24.12,20.76,101806.67,14.38,54.35,-1153426.37,4.59
5:45,101773.03,24.14,20.71,101807.86,14.78,53.06,-1153785.25,4.96
5:46,101775.03,24.22,20.58,101806.36,14.98,51.98,-1153504.25,3.89
5:47,101788.77,24.30,20.53,101807.82,14.82,53.05,-1153776.00,4.27
5:48,101775.60,24.37,20.72,101810.78,14.72,53.17,-1153779.12,4.67
5:49,101787.24,24.41,20.86,101807.83,15.12,51.09,-1153792.75,4.49
5:50,101786.13,24.57,20.69,101808.01,14.80,52.30,-1153864.37,3.85
5:51,101782.32,24.65,20.85,101803.75,14.65,52.95,-1153976.37,4.36
5:52,101787.42,24.74,21.05,101808.44,15.39,50.86,-1154509.62,4.30
5:53,101785.19,24.86,21.27,101810.46,15.30,51.19,-1154732.50,4.59
5:54,101791.89,24.94,21.87,101811.72,14.71,55.06,-1154550.87,4.66
5:55,101786.74,25.07,21.80,101811.94,14.99,53.10,-1154450.75,4.71
5:56,101798.39,25.03,22.11,101809.93,15.14,52.48,-1154591.37,4.98
5:57,101793.72,24.89,22.62,101807.49,14.55,55.03,-1154747.87,5.19
5:58,101796.54,24.76,23.09,101814.78,14.10,57.23,-1154780.25,4.84
5:59,101791.55,24.61,23.22,101811.03,14.23,55.91,-1154747.87,4.82
6:0,101787.85,24.49,23.54,101809.42,14.39,56.13,-1154839.25,4.13
6:1,101794.77,24.34,24.02,101811.84,14.43,55.17,-1154618.37,4.58
6:2,101788.05,24.26,24.53,101811.30,14.68,54.63,-1154733.00,4.05
6:3,101795.10,24.16,25.01,101813.77,14.39,57.31,-1154886.75,3.94
6:4,101790.26,23.74,25.89,101817.70,13.31,60.75,-1154750.25,0.45
6:5,101810.82,10.84,51.88,101816.25,12.70,61.09,-1154969.12,0.45
6:6,101805.99,5.74,66.74,101815.41,11.43,65.05,-1154425.25,0.46
6:7,101821.05,4.67,71.94,101811.10,10.84,67.80,-1154700.75,0.48
6:8,101811.91,5.86,79.33,101813.94,10.68,68.37,-1155115.37,0.48
6:9,101809.92,9.05,83.61,101815.50,10.89,71.99,-1157450.12,0.39
6:10,101808.60,10.00,83.98,101817.21,11.12,72.99,-1159743.12,0.45
6:11,101814.81,10.26,84.38,101814.70,11.25,73.27,-1161267.75,0.47
6:12,101808.60,10.39,84.63,101816.55,11.35,73.21,-1162663.25,0.46
6:13,101802.49,10.38,84.76,101815.61,11.25,73.84,-1164385.12,0.48
6:14,101809.72,10.41,85.12,101817.76,11.21,74.17,-1165081.25,0.40
6:15,101805.46,10.48,85.23,101817.13,11.19,74.37,-1165992.62,0.48
6:16,101810.16,10.60,85.57,101820.81,11.31,74.47,-1167006.87,0.46
6:17,101809.96,10.71,85.61,101815.24,11.39,74.64,-1167790.87,0.49
6:18,101815.46,10.78,85.52,101818.42,11.36,74.67,-1168529.12,0.47
6:19,101819.84,10.77,85.33,101824.36,11.35,74.66,-1169283.12,0.46
6:20,101810.83,10.72,85.13,101818.35,11.15,75.10,-1169207.12,0.45
6:21,101808.66,12.48,81.10,101820.23,11.21,75.52,-1169860.50,4.40
6:22,101803.17,14.28,56.65,101821.00,12.50,65.85,-1170703.37,0.48
6:23,101811.19,11.54,76.00,101821.05,11.67,70.86,-1170507.37,0.08
6:24,101811.94,11.80,73.30,101817.25,11.57,71.49,-1170822.37,0.14
6:25,101808.41,12.40,72.62,101824.55,11.43,72.72,-1171024.75,0.48
6:26,101812.32,11.53,79.44,101820.08,11.41,73.27,-1171523.62,0.16
6:27,101812.61,11.69,74.14,101827.55,11.41,73.10,-1171692.12,0.14
6:28,101813.88,11.95,77.39,101827.02,11.46,73.71,-1172108.12,0.48
6:29,101813.93,11.53,80.42,101826.02,11.44,73.42,-1172266.12,0.17
6:30,101818.62,11.61,74.33,101833.54,11.42,72.93,-1172332.62,0.17
6:31,101810.15,13.23,68.74,101829.28,11.46,73.10,-1172597.00,0.46
6:32,101820.00,11.60,79.00,101829.19,11.36,73.63,-1172582.25,0.16
6:33,101818.98,11.84,75.46,101829.27,11.32,73.36,-1172745.25,0.17
6:34,101813.67,13.87,65.18,101831.27,11.43,73.02,-1172892.75,0.46
6:35,101821.52,11.48,79.34,101832.22,11.40,73.73,-1173371.75,0.17
6:36,101820.78,11.80,75.19,101830.85,11.41,73.26,-1173135.87,0.14
6:37,101822.20,14.18,62.87,101827.50,11.42,72.99,-1173426.25,0.48
6:38,101823.89,11.42,79.33,101828.02,11.49,73.46,-1173679.25,0.14
6:39,101818.64,11.70,75.10,101831.99,11.40,73.25,-1173518.12,0.14
6:40,101821.86,12.31,77.14,101827.44,11.37,73.69,-1173535.50,0.48
6:41,101820.69,11.34,80.83,101830.31,11.30,74.37,-1173872.37,0.14
6:42,101818.13,11.72,76.51,101829.21,11.30,73.70,-1173885.12,0.17
6:43,101820.32,12.75,74.50,101829.61,11.28,73.89,-1173902.75,0.46
6:44,101822.50,11.24,80.67,101829.39,11.29,74.38,-1174402.00,0.14
6:45,101820.71,11.62,77.66,101828.88,11.27,73.95,-1174181.00,0.14
6:46,101818.75,12.05,79.01,101830.47,11.22,74.04,-1174125.75,0.48
6:47,101831.88,11.14,81.45,101834.61,11.24,74.94,-1174631.25,0.14
6:48,101826.55,11.58,77.79,101833.90,11.30,73.91,-1174519.25,0.16
6:49,101816.14,12.57,76.44,101833.38,11.21,74.70,-1174563.75,3.84
6:50,101833.70,11.03,80.58,101833.17,11.25,74.50,-1174535.25,0.48
6:51,101827.91,11.44,76.94,101833.11,11.29,73.76,-1174692.00,0.14
6:52,101825.50,11.61,74.10,101837.72,11.32,73.44,-1174715.75,0.16
6:53,101841.39,11.05,81.24,101834.02,11.29,74.74,-1174832.62,0.47
6:54,101830.71,11.51,79.33,101834.94,11.31,73.92,-1174795.75,0.17
6:55,101832.52,11.67,75.33,101839.57,11.32,73.94,-1174834.87,0.14
6:56,101832.10,11.09,82.40,101842.28,11.42,75.05,-1175029.75,0.48
6:57,101834.02,11.43,77.63,101842.42,11.56,73.75,-1174983.50,0.16
6:58,101834.13,11.64,75.77,101841.81,11.59,73.27,-1174879.25,0.16
6:59,101843.03,11.07,81.82,101839.42,11.39,74.49,-1175093.75,0.49
7:0,101835.21,11.48,79.99,101845.51,11.50,73.75,-1175084.00,0.17
7:1,101836.16,11.61,75.25,101841.52,11.57,73.04,-1175063.25,0.17
7:2,101844.14,11.10,81.58,101843.39,11.37,74.56,-1175359.37,0.48
7:3,101837.73,11.48,80.43,101843.11,11.32,74.27,-1175165.25,0.14
7:4,101837.41,11.65,76.47,101849.35,11.36,74.02,-1175162.12,0.14
7:5,101821.57,17.00,38.83,101842.64,11.92,67.53,-1175278.62,0.48
7:6,101839.31,11.51,77.96,101847.97,11.61,71.87,-1175102.25,0.14
7:7,101839.44,11.83,73.64,101844.73,11.57,72.40,-1175336.12,0.14
7:8,101838.31,12.32,78.42,101851.48,11.46,72.87,-1175225.87,0.48
7:9,101851.59,11.10,82.37,101849.17,11.34,74.78,-1175417.62,0.17
7:10,101846.28,11.40,76.03,101851.08,11.51,73.08,-1175416.62,0.14
7:11,101840.45,12.12,81.63,101850.24,11.48,73.01,-1175121.00,0.48
7:12,101854.39,10.98,82.82,101851.21,11.31,74.46,-1175413.75,0.15
7:13,101847.13,11.31,77.82,101852.13,11.37,73.31,-1175191.37,0.17
7:14,101846.54,11.80,81.39,101852.63,11.34,73.84,-1175165.87,0.66
7:15,101850.19,10.98,82.83,101854.42,11.31,75.03,-1175613.37,0.17
7:16,101848.74,11.34,78.04,101854.35,11.33,73.42,-1175570.00,0.14
7:17,101838.86,11.86,81.52,101854.02,11.33,72.98,-1175445.25,3.87
7:18,101832.35,16.88,41.02,101851.54,12.32,64.39,-1175726.37,0.48
7:19,101845.55,11.49,77.79,101854.10,11.73,70.95,-1175488.62,0.14
7:20,101842.83,11.91,74.23,101851.57,11.52,72.23,-1175189.25,0.17
7:21,101849.07,12.99,70.15,101852.88,11.42,72.96,-1175459.62,0.48
7:22,101855.60,11.15,81.35,101858.27,11.37,73.95,-1175608.25,0.14
7:23,101852.97,11.50,76.52,101855.78,11.43,72.71,-1175400.00,0.16
7:24,101854.12,13.19,67.80,101858.71,11.39,73.08,-1175265.12,0.48
7:25,101861.15,11.11,81.03,101861.16,11.43,73.56,-1175355.00,0.14
7:26,101856.53,11.48,76.48,101866.94,11.50,72.58,-1175282.50,0.15
7:27,101858.06,12.52,76.97,101869.78,11.46,72.98,-1175222.75,3.87
7:28,101859.12,11.59,75.77,101867.41,11.55,72.06,-1175396.50,0.48
7:29,101857.94,11.61,78.59,101870.50,11.51,72.61,-1175518.25,0.17
7:30,101862.03,11.79,73.67,101867.78,11.52,72.81,-1175363.87,0.14
7:31,101857.92,11.41,79.96,101869.89,11.49,73.83,-1175531.62,0.48
7:32,101866.00,11.49,80.62,101869.88,11.45,73.55,-1175584.50,0.17
7:33,101862.31,11.65,76.05,101872.06,11.41,73.26,-1175592.12,0.14
7:34,101879.19,11.28,80.38,101870.35,11.40,74.05,-1175664.25,0.52
7:35,101875.00,11.42,80.68,101875.88,11.38,73.34,-1175590.25,0.14
7:36,101864.97,11.59,74.83,101877.11,11.45,72.96,-1175494.25,0.17
7:37,101867.71,11.22,81.07,101876.07,11.44,74.05,-1175460.00,0.48
7:38,101873.14,11.36,81.04,101878.79,11.39,73.42,-1175463.75,0.14
7:39,101868.30,11.48,74.60,101879.94,11.46,72.57,-1175412.75,0.14
7:40,101878.19,11.38,77.32,101876.68,11.50,72.64,-1175562.62,0.48
7:41,101876.52,11.29,80.69,101877.77,11.48,72.92,-1175655.62,0.14
7:42,101869.91,11.54,75.41,101880.17,11.53,72.40,-1175556.00,0.14
7:43,101863.66,11.80,74.96,101880.02,11.52,72.73,-1175401.62,0.48
7:44,101877.05,11.28,80.85,101879.17,11.37,73.34,-1175478.62,0.14
7:45,101867.60,11.55,75.19,101878.02,11.47,72.83,-1175410.12,0.15
7:46,101870.91,11.38,79.86,101879.55,11.56,72.99,-1175602.62,0.48
7:47,101877.12,11.29,81.22,101877.30,11.57,73.15,-1175567.75,0.14
7:48,101868.77,11.48,75.21,101880.11,11.59,72.17,-1175480.12,0.17
7:49,101883.21,11.49,78.34,101878.57,11.46,73.37,-1175658.25,0.53
7:50,101876.87,11.19,81.48,101877.94,11.47,72.99,-1175562.00,0.18
7:51,101874.24,11.50,78.08,101878.14,11.43,73.30,-1175604.12,0.14
7:52,101884.26,11.28,79.67,101876.31,11.34,73.57,-1175520.12,0.48
7:53,101878.83,11.10,81.36,101876.36,11.30,73.02,-1175495.75,0.18
7:54,101880.65,11.36,75.85,101878.36,11.32,72.84,-1175551.25,0.14
7:55,101864.05,13.31,60.97,101880.10,11.55,70.11,-1175582.37,0.48
7:56,101877.27,10.95,80.99,101879.49,11.39,73.06,-1175611.75,0.14
7:57,101877.82,11.29,75.56,101875.63,11.42,72.50,-1175420.75,0.14
7:58,101865.22,12.78,68.19,101880.03,11.44,72.30,-1175404.75,0.48
7:59,101877.45,10.96,81.19,101880.27,11.34,73.03,-1175492.87,0.14
8:0,101877.07,11.35,77.25,101878.91,11.38,71.85,-1175512.50,0.14
8:1,101876.50,12.31,72.21,101881.63,11.40,72.59,-1175627.50,0.48
8:2,101880.96,10.99,81.22,101875.91,11.37,72.92,-1175604.75,0.14
8:3,101878.38,11.37,77.80,101879.91,11.45,72.55,-1175566.87,0.15
8:4,101866.24,12.32,72.58,101880.82,11.51,73.04,-1175569.00,0.48
8:5,101877.22,11.03,81.72,101880.60,11.52,73.43,-1175474.25,0.17
8:6,101873.67,11.45,78.23,101880.28,11.62,72.22,-1175497.25,0.14
8:7,101866.97,11.86,78.59,101876.94,11.60,72.15,-1175535.87,0.47
8:8,101877.85,11.07,81.90,101876.35,11.50,73.29,-1175636.87,0.17
8:9,101873.61,11.45,77.26,101877.96,11.62,72.22,-1175583.62,0.14
8:10,101867.03,12.23,78.49,101875.91,11.62,71.92,-1175374.00,1.97
8:11,101872.12,11.02,81.69,101877.86,11.60,73.12,-1175724.75,0.14
8:12,101873.64,11.41,75.45,101875.09,11.54,71.98,-1175384.75,0.17
8:13,101867.43,11.70,74.04,101877.39,11.53,71.98,-1175594.75,0.14
8:14,101876.89,11.14,79.93,101871.32,11.57,72.41,-1175586.00,0.50
8:15,101870.75,11.34,76.65,101874.92,11.54,71.91,-1175469.87,0.17
8:16,101865.60,11.63,74.91,101875.41,11.50,72.15,-1175293.62,0.14
8:17,101872.38,11.05,80.63,101875.67,11.39,72.91,-1175520.25,0.48
8:18,101875.05,11.31,79.30,101873.52,11.51,72.00,-1175424.87,0.14
8:19,101871.04,11.60,75.05,101878.61,11.54,72.22,-1175475.25,0.17
8:20,101870.02,11.11,79.38,101877.38,11.49,72.64,-1175445.25,0.48
8:21,101880.03,11.33,77.96,101879.27,11.55,72.31,-1175530.62,0.14
8:22,101876.46,11.64,73.89,101881.34,11.61,71.40,-1175331.37,0.14
8:23,101875.22,11.27,78.15,101881.67,11.59,71.79,-1175370.00,0.48
8:24,101880.11,11.30,76.90,101881.32,11.66,71.65,-1175497.75,0.15
8:25,101877.07,11.66,73.48,101879.28,11.73,71.17,-1175419.75,0.14
8:26,101888.35,11.26,79.88,101881.17,11.61,72.73,-1175479.37,0.50
8:27,101883.22,11.43,80.25,101881.71,11.63,71.96,-1175347.37,0.14
8:28,101877.89,11.70,75.79,101882.78,11.67,72.15,-1175390.25,0.16
8:29,101881.49,12.19,71.81,101885.39,11.88,70.49,-1175504.62,0.52
8:30,101886.57,11.43,80.60,101884.85,11.80,72.37,-1175483.62,0.14
8:31,101881.16,11.78,76.29,101885.11,11.76,72.38,-1175366.00,0.14
8:32,101877.72,12.43,72.00,101886.89,11.82,71.52,-1175369.87,1.12
8:33,101886.25,11.45,80.25,101887.90,11.78,72.54,-1175296.12,0.70
8:34,101878.67,11.78,75.64,101885.67,11.79,72.70,-1175380.75,0.69
8:35,101874.86,13.43,65.04,101882.40,12.01,70.45,-1175386.25,1.12
8:36,101886.59,11.46,80.27,101886.36,11.94,71.88,-1175437.00,0.69
8:37,101879.55,11.80,74.91,101891.07,11.95,71.52,-1175368.75,0.14
8:38,101887.61,12.68,72.25,101891.41,11.94,71.55,-1175272.75,0.50
8:39,101885.88,11.52,80.51,101896.23,11.89,72.71,-1175256.37,0.14
8:40,101885.78,11.87,75.33,101890.08,12.01,71.80,-1175198.25,0.14
8:41,101884.61,12.44,74.33,101895.11,11.87,72.44,-1175281.62,0.48
8:42,101897.53,11.57,80.76,101899.75,11.85,73.55,-1175327.25,0.17
8:43,101893.97,11.88,74.95,101898.70,11.90,71.84,-1175227.00,0.14
8:44,101872.92,12.67,72.24,101899.62,11.81,71.81,-1175344.75,0.48
8:45,101899.91,11.44,79.98,101901.86,11.68,72.57,-1175331.62,0.14
8:46,101896.60,11.84,76.26,101900.03,11.79,72.06,-1175430.25,0.17
8:47,101885.97,12.14,76.14,101898.03,11.90,71.85,-1175358.50,0.48
8:48,101897.03,11.49,80.44,101900.93,11.89,72.71,-1175493.50,0.14
8:49,101894.46,11.86,75.90,101905.32,11.99,72.54,-1175348.25,0.14
8:50,101887.21,13.92,59.50,101899.72,11.94,71.34,-1175258.00,3.64
8:51,101893.05,11.51,80.04,101902.24,11.94,71.89,-1175173.50,0.48
8:52,101897.85,11.88,78.35,101902.70,11.97,71.74,-1175267.75,0.16
8:53,101893.03,12.14,73.53,101903.46,11.96,71.71,-1175326.75,0.16
8:54,101884.49,18.41,33.42,101901.58,12.81,63.96,-1175674.87,4.68
8:55,101885.53,20.81,28.33,101901.29,13.48,60.38,-1175594.75,4.31
8:56,101889.82,22.08,25.73,101910.82,13.95,58.81,-1175269.87,4.92
8:57,101898.07,22.80,24.40,101906.71,14.16,57.44,-1174720.25,4.20
8:58,101889.97,22.98,23.79,101906.28,14.15,56.64,-1174692.12,4.78
8:59,101891.47,23.10,23.41,101909.58,14.47,55.54,-1175077.00,4.73
9:0,101894.63,23.21,23.01,101908.92,14.52,55.16,-1174831.25,4.22
9:1,101894.16,23.24,22.63,101914.74,14.06,56.48,-1174534.75,4.92
9:2,101889.11,23.25,22.52,101909.75,14.46,55.47,-1174681.87,3.76
9:3,101890.49,23.26,22.46,101916.85,14.36,56.71,-1174630.00,3.85
9:4,101886.02,23.26,22.31,101918.48,14.09,57.10,-1174482.75,4.87
9:5,101891.64,23.33,22.22,101917.61,14.45,54.78,-1174979.87,4.88
9:6,101902.49,23.44,21.93,101919.35,14.63,54.77,-1174821.37,3.85
9:7,101903.61,23.40,21.99,101918.61,14.62,54.33,-1174564.87,3.79
9:8,101900.52,23.43,21.98,101923.43,14.44,54.57,-1174703.00,5.05
9:9,101900.81,23.49,21.83,101924.61,14.57,54.40,-1174529.75,4.78
9:10,101909.19,23.61,21.82,101923.07,14.49,55.79,-1174364.75,3.82
9:11,101912.49,23.61,21.68,101921.37,14.66,54.84,-1174482.12,4.03
9:12,101898.26,23.62,21.68,101923.91,14.48,55.30,-1174336.12,4.85
9:13,101901.66,23.65,21.51,101921.33,14.52,54.15,-1174530.62,4.38
9:14,101900.16,23.73,21.70,101923.68,14.74,54.76,-1174586.12,4.71
9:15,101893.35,23.74,21.56,101918.75,14.54,54.05,-1174598.50,4.93
9:16,101902.85,23.70,21.39,101918.53,14.52,53.71,-1174558.00,4.45
9:17,101905.25,23.74,21.40,101924.42,14.79,53.09,-1174944.62,3.82
9:18,101899.39,23.80,21.28,101922.16,14.59,53.83,-1174612.87,3.79
9:19,101898.42,23.85,21.15,101919.80,14.79,53.03,-1174625.75,4.23
9:20,101893.27,23.85,21.20,101921.64,14.93,51.85,-1174587.37,4.87
9:21,101886.69,23.87,21.15,101919.08,14.73,55.01,-1174476.12,4.30
9:22,101890.85,23.99,21.08,101916.52,14.69,53.83,-1174320.37,4.58
9:23,101896.82,24.04,21.12,101917.94,14.96,52.60,-1174513.37,4.16
9:24,101894.74,24.11,21.10,101915.33,15.14,52.75,-1174741.50,4.67
9:25,101886.11,24.24,20.92,101912.71,15.22,51.65,-1174367.62,4.41
9:26,101893.13,24.24,20.94,101917.39,15.06,52.59,-1173789.50,5.09
9:27,101887.63,24.24,20.93,101917.12,15.20,52.10,-1174474.87,3.91
9:28,101884.61,24.27,21.00,101914.43,15.03,53.63,-1174794.50,4.99
9:29,101893.74,24.37,20.88,101916.39,14.65,55.64,-1173777.25,5.09
9:30,101894.39,24.33,20.73,101917.87,14.95,52.89,-1174622.87,4.23
9:31,101890.86,24.44,20.64,101915.77,15.28,52.15,-1174608.87,4.62
9:32,101888.14,24.56,20.64,101910.57,15.39,51.49,-1174169.62,4.96
9:33,101891.60,24.56,20.67,101913.84,15.20,52.97,-1174442.50,4.80
9:34,101891.10,24.61,20.80,101914.42,14.84,54.02,-1174181.50,5.02
9:35,101886.60,24.73,20.62,101910.08,15.11,53.41,-1174111.25,3.79
9:36,101893.83,24.81,20.70,101912.00,15.53,52.03,-1174215.75,3.96
9:37,101888.69,25.01,20.52,101910.68,15.33,52.69,-1174317.37,3.91
9:38,101892.71,25.02,20.79,101913.94,15.35,53.88,-1173936.75,4.85
9:39,101899.44,25.05,20.60,101911.10,15.36,52.43,-1174221.62,3.89
9:40,101895.43,25.12,20.71,101916.36,14.92,54.36,-1173972.25,4.81
9:41,101906.19,25.19,20.85,101915.62,15.10,53.92,-1174403.25,4.29
9:42,101883.46,25.36,20.68,101913.71,15.86,51.13,-1174284.25,4.36
9:43,101896.16,25.51,20.81,101914.37,15.64,53.82,-1174159.00,4.12
9:44,101885.46,25.64,20.52,101918.28,15.92,50.91,-1173969.75,4.69
9:45,101897.14,25.68,20.56,101914.39,15.71,51.25,-1174046.12,5.05
9:46,101900.52,25.71,21.02,101918.32,15.63,51.79,-1174244.87,4.92
9:47,101910.97,25.89,21.21,101920.67,15.83,52.00,-1174268.75,5.23
9:48,101896.41,26.09,21.01,101920.75,16.15,50.66,-1174179.37,4.37
9:49,101897.99,26.27,21.44,101916.53,15.81,53.57,-1174347.25,3.91
9:50,101902.21,26.30,21.49,101921.66,15.30,55.88,-1174235.75,4.96
9:51,101904.13,26.02,22.11,101924.89,14.88,57.75,-1174610.75,4.87
9:52,101889.07,25.87,22.16,101927.69,14.93,54.86,-1174180.62,4.21
9:53,101909.22,25.66,22.90,101926.34,14.82,58.02,-1174598.75,4.74
9:54,101901.94,25.56,23.13,101923.08,15.04,54.97,-1174624.75,4.48
9:55,101899.03,25.34,23.78,101926.47,14.24,59.03,-1174507.00,5.16
9:56,101903.69,25.34,23.68,101921.58,15.38,54.80,-1174585.75,4.23
9:57,101905.36,25.27,23.90,101923.96,15.22,55.13,-1174640.75,4.78
9:58,101903.79,25.18,24.14,101926.92,15.00,56.96,-1174557.75,4.71
9:59,101901.35,25.00,24.92,101927.46,14.25,59.82,-1174750.25,4.54
10:0,101904.10,23.29,27.86,101927.28,13.56,63.86,-1174778.62,0.45
10:1,101915.28,11.13,52.01,101927.27,13.28,61.18,-1174569.25,0.47
10:2,101917.75,6.12,66.50,101925.72,12.28,63.21,-1174107.25,0.45
10:3,101934.41,5.01,72.17,101924.95,11.80,65.57,-1173992.75,0.46
10:4,101917.39,7.07,81.14,101927.00,11.73,66.94,-1176127.87,0.48
10:5,101915.28,10.08,83.45,101928.31,12.16,69.05,-1179489.87,0.48
10:6,101928.57,10.90,83.78,101925.50,12.56,69.57,-1181812.62,0.47
10:7,101922.53,11.27,83.84,101922.78,12.85,68.91,-1183654.62,0.47
10:8,101924.87,11.37,84.06,101927.80,12.78,69.41,-1185318.75,0.48
10:9,101923.14,11.32,83.78,101924.05,12.68,68.52,-1186656.50,0.48
10:10,101924.13,11.39,83.99,101923.32,12.69,69.27,-1187761.75,0.48
10:11,101918.58,11.61,84.27,101920.49,12.78,70.25,-1189044.50,0.45
10:12,101916.35,11.82,84.17,101920.16,12.97,69.45,-1189754.25,0.48
10:13,101907.05,11.93,83.59,101919.30,13.08,69.00,-1190524.50,0.48
10:14,101919.17,12.05,83.09,101920.88,13.10,69.64,-1191378.87,0.46
10:15,101907.74,15.08,66.58,101918.39,13.01,68.61,-1191755.25,4.57
10:16,101900.00,21.92,26.78,101919.71,14.47,57.09,-1192438.25,4.74
10:17,101898.99,23.10,24.24,101924.14,14.24,59.55,-1192611.62,5.01
10:18,101899.10,23.59,23.22,101918.21,15.16,53.83,-1193541.00,3.86
10:19,101898.05,23.89,22.65,101920.57,15.46,52.74,-1193254.37,4.91
10:20,101897.44,24.13,22.17,101920.22,15.77,52.21,-1193639.37,5.09
10:21,101886.05,24.34,21.65,101921.21,16.03,49.82,-1193880.37,5.01
10:22,101900.00,24.48,21.53,101923.94,16.27,49.33,-1194187.37,4.35
10:23,101907.72,24.64,21.43,101919.39,16.15,51.33,-1193534.25,4.66
10:24,101899.18,24.70,21.34,101921.38,15.66,52.19,-1193441.75,5.08
10:25,101899.75,24.69,21.20,101923.54,15.81,51.26,-1194208.37,4.98
10:26,101900.28,24.72,21.03,101924.28,16.00,50.12,-1194458.00,4.52
10:27,101894.57,24.77,20.78,101921.34,15.96,50.26,-1194972.87,3.87
10:28,101900.19,24.83,20.93,101924.36,16.00,52.15,-1195323.37,3.88
10:29,101894.82,24.93,20.91,101921.16,16.48,49.09,-1195291.75,4.08
10:30,101909.13,24.97,20.70,101924.55,16.31,50.18,-1195699.75,4.32
10:31,101896.86,24.97,20.72,101926.85,16.42,49.24,-1195789.75,4.08
10:32,101897.79,25.03,20.63,101928.41,16.49,48.61,-1196360.75,4.40
10:33,101905.08,25.07,20.75,101928.71,16.36,50.11,-1196066.62,4.84
10:34,101901.26,25.15,20.62,101927.81,16.67,48.97,-1196615.75,4.32
10:35,101904.39,25.21,20.45,101927.82,16.65,48.71,-1196858.00,4.79
10:36,101908.38,25.25,20.32,101928.13,16.54,48.84,-1196664.25,4.16
10:37,101895.63,25.20,20.21,101926.46,16.12,50.24,-1197403.00,5.12
10:38,101903.64,25.19,20.50,101928.46,16.57,48.46,-1197645.62,4.72
10:39,101911.51,25.28,20.26,101933.18,16.91,48.11,-1197802.25,3.72
10:40,101913.90,25.30,20.45,101932.22,16.65,49.31,-1197700.50,4.36
10:41,101911.27,25.29,20.33,101934.77,16.29,50.36,-1198057.75,4.41
10:42,101910.94,25.26,20.29,101932.45,16.67,47.89,-1198720.75,3.83
10:43,101912.03,25.29,20.31,101934.60,16.39,49.28,-1199025.62,4.91
10:44,101905.61,25.36,20.54,101933.91,16.68,49.93,-1199423.50,3.82
10:45,101912.91,25.44,20.14,101934.19,17.09,47.26,-1199595.50,4.25
10:46,101911.89,25.47,20.14,101932.72,17.11,46.62,-1200171.25,5.01
10:47,101907.77,25.55,19.96,101930.61,17.23,46.61,-1200023.75,5.03
10:48,101905.76,25.56,20.07,101930.94,17.28,47.69,-1200293.37,4.11
10:49,101909.40,25.57,20.02,101934.90,16.95,47.34,-1200574.50,4.00
10:50,101913.13,25.57,20.11,101934.08,16.59,49.00,-1201209.25,4.90
10:51,101912.79,25.60,19.89,101935.13,16.83,48.82,-1201613.00,5.10
10:52,101909.16,25.64,19.81,101929.78,16.84,47.69,-1202120.00,4.27
10:53,101912.10,25.63,20.06,101931.96,16.78,49.65,-1202059.25,4.95
10:54,101914.76,25.69,20.04,101935.62,17.17,48.64,-1202594.25,4.82
10:55,101911.46,25.69,19.85,101935.41,16.56,50.21,-1202466.12,4.76
10:56,101908.29,25.70,19.92,101929.74,17.12,47.58,-1203457.75,4.87
10:57,101913.80,25.78,19.77,101933.97,17.55,45.56,-1203555.37,3.74
10:58,101907.88,25.74,20.02,101935.49,16.71,51.28,-1203208.25,4.09
10:59,101907.33,25.82,19.89,101936.33,17.15,48.71,-1204146.50,4.34
11:0,101918.33,25.76,19.74,101932.86,17.08,47.66,-1204580.12,4.40
11:1,101918.50,25.76,20.00,101933.75,17.05,50.50,-1205086.25,4.82
11:2,101907.57,25.76,19.94,101936.66,16.50,50.47,-1205264.75,3.89
11:3,101908.12,25.77,19.83,101930.26,16.79,48.61,-1206048.75,3.76
11:4,101904.88,25.86,19.76,101932.91,17.49,46.92,-1206518.75,4.92
11:5,101905.65,25.90,19.67,101933.86,17.50,46.23,-1206917.62,4.63
11:6,101907.57,25.89,19.66,101930.06,17.43,46.46,-1206984.12,4.00
11:7,101892.96,25.87,19.80,101931.94,17.22,47.27,-1207152.25,5.06
11:8,101906.07,25.94,19.73,101930.23,17.43,47.07,-1208330.75,5.03
11:9,101903.35,26.05,19.72,101929.83,17.74,46.80,-1208589.62,4.19
11:10,101898.27,26.13,19.51,101927.86,17.74,46.22,-1208231.25,3.77
11:11,101902.08,26.13,19.48,101926.88,17.85,46.18,-1208707.62,4.46
11:12,101904.26,26.19,19.48,101929.14,17.51,47.53,-1209591.12,4.13
11:13,101905.13,26.17,19.39,101928.24,17.39,46.85,-1209913.00,4.99
11:14,101900.57,26.09,19.54,101924.77,17.64,45.37,-1210398.12,3.89
11:15,101902.57,26.11,19.73,101925.33,17.23,48.03,-1210576.62,3.82
11:16,101899.63,26.21,19.67,101929.39,17.89,46.45,-1211762.25,4.92
11:17,101901.97,26.27,19.58,101925.95,17.92,46.13,-1211879.75,5.10
11:18,101904.37,26.25,19.69,101926.47,16.39,52.63,-1211612.50,5.14
11:19,101905.42,26.26,19.86,101926.74,17.42,51.38,-1213071.37,4.34
11:20,101905.17,26.43,19.59,101928.55,17.54,48.28,-1213372.00,3.74
11:21,101904.58,26.34,19.67,101931.33,16.88,49.93,-1213460.50,4.78
11:22,101915.97,26.29,19.60,101933.00,16.98,49.27,-1214641.62,4.13
11:23,101908.17,26.32,19.64,101930.71,17.69,47.14,-1215148.50,3.77
11:24,101912.69,26.37,19.47,101936.34,17.97,45.63,-1215634.75,5.02
11:25,101906.50,26.45,19.67,101932.05,18.03,46.26,-1215947.87,4.48
11:26,101906.53,26.39,19.55,101932.08,17.78,46.61,-1216381.62,4.87
11:27,101915.94,26.44,19.56,101938.84,18.13,45.45,-1217477.37,5.03
11:28,101910.53,26.55,19.57,101936.66,17.73,47.53,-1216878.00,3.80
11:29,101922.53,26.53,19.45,101935.46,17.85,46.85,-1217818.25,4.94
11:30,101911.60,26.48,19.59,101936.07,17.69,46.90,-1218393.12,4.07
11:31,101912.07,26.51,19.51,101939.52,17.57,48.52,-1218803.87,5.10
11:32,101914.13,26.52,19.67,101938.05,17.65,48.02,-1219074.50,4.97
11:33,101917.34,26.60,19.44,101937.42,17.58,47.97,-1219846.37,4.03
11:34,101920.51,26.54,19.43,101941.22,17.75,46.54,-1220635.25,4.92
11:35,101919.89,26.60,19.43,101940.64,18.02,46.54,-1220557.75,3.76
11:36,101914.57,26.63,19.29,101943.74,17.80,46.70,-1221432.25,4.89
11:37,101916.27,26.63,19.35,101939.66,17.88,46.60,-1222095.50,3.76
11:38,101918.02,26.74,19.39,101937.67,18.09,46.17,-1221895.25,5.07
11:39,101909.36,26.64,19.20,101941.16,17.97,44.51,-1222469.25,4.93
11:40,101913.86,26.55,19.26,101941.69,18.31,43.98,-1223266.62,4.88
11:41,101913.63,26.66,19.17,101943.86,18.32,44.46,-1223960.87,4.65
11:42,101915.36,26.71,19.19,101942.06,18.27,45.34,-1224164.50,4.35
11:43,101910.13,26.73,19.11,101935.97,18.07,44.57,-1224679.25,4.61
11:44,101912.32,26.68,19.32,101939.81,18.01,45.82,-1225572.50,3.87
11:45,101922.90,26.71,19.14,101934.51,17.80,46.59,-1225030.50,5.05
11:46,101916.39,26.63,19.40,101940.01,17.90,47.07,-1226023.75,3.99
11:47,101916.70,26.74,19.19,101939.39,18.26,45.86,-1226617.87,4.78
11:48,101921.52,26.74,19.34,101937.02,18.07,45.84,-1226913.75,4.64
11:49,101907.91,26.73,19.04,101936.97,17.99,45.80,-1227428.87,4.58
11:50,101919.78,26.64,18.95,101936.16,17.87,44.91,-1227776.25,3.91
11:51,101911.89,26.63,19.15,101941.60,18.21,44.76,-1228376.75,4.44
11:52,101909.92,26.75,18.98,101940.07,17.97,45.15,-1228434.25,4.83
11:53,101920.25,26.78,19.05,101946.75,18.44,44.02,-1229246.12,3.99
11:54,101918.14,26.80,19.06,101944.95,18.52,43.78,-1229378.75,3.76
11:55,101914.11,26.68,18.96,101939.33,18.01,44.98,-1229920.62,4.66
11:56,101908.88,26.56,18.94,101941.49,18.03,44.01,-1230541.75,4.95
11:57,101914.39,26.66,19.38,101936.71,17.98,45.88,-1231086.00,3.81
11:58,101915.44,26.71,19.18,101946.74,18.57,42.81,-1231156.37,4.90
11:59,101922.64,26.75,19.16,101944.62,18.38,43.72,-1231627.62,4.78
12:0,101912.97,26.75,18.98,101942.53,18.23,44.84,-1232008.37,4.23
12:1,101921.00,26.78,19.05,101944.72,18.22,44.56,-1232509.37,3.82
12:2,101910.17,26.75,18.88,101946.53,18.46,42.79,-1232765.50,5.13
12:3,101914.89,26.65,19.18,101941.71,17.60,46.10,-1233048.25,4.62
12:4,101919.73,26.66,19.03,101939.26,17.91,45.03,-1233874.75,5.01
12:5,101912.58,26.68,19.02,101941.63,18.42,43.69,-1234355.25,4.32
12:6,101908.93,26.68,18.97,101938.36,18.13,43.86,-1234371.37,5.01
12:7,101913.78,26.56,19.28,101941.35,18.36,43.44,-1234998.75,5.11
12:8,101915.41,26.57,19.31,101938.83,17.61,46.75,-1234755.00,3.72
12:9,101907.66,26.51,19.05,101938.78,17.91,44.18,-1235762.87,3.82
12:10,101911.18,26.53,19.03,101938.26,18.13,44.08,-1236354.25,4.85
12:11,101917.88,26.62,18.91,101937.38,18.31,44.01,-1236753.87,4.83
12:12,101913.95,26.69,19.06,101935.89,18.41,42.59,-1237065.00,4.99
12:13,101906.89,26.67,18.91,101939.84,18.25,43.58,-1237710.37,3.76
12:14,101906.58,26.70,19.06,101938.64,18.50,44.28,-1237894.00,3.78
12:15,101899.46,26.69,19.03,101932.88,18.25,43.70,-1238088.62,4.99
12:16,101904.70,26.68,19.26,101930.33,17.50,47.44,-1238409.25,4.92
12:17,101911.22,26.85,19.27,101933.00,18.72,44.21,-1239568.62,4.95
12:18,101918.13,27.01,19.13,101932.86,18.43,45.95,-1239087.25,5.16
12:19,101910.14,27.05,19.21,101932.89,18.36,45.88,-1239526.12,4.26
12:20,101909.17,27.15,18.93,101932.17,18.92,42.89,-1240328.75,4.74
12:21,101914.66,27.03,18.72,101927.75,18.33,43.50,-1240807.00,3.83
12:22,101908.03,27.06,19.06,101925.12,19.07,42.88,-1241526.25,5.15
12:23,101900.52,27.22,18.56,101922.87,18.72,42.91,-1241515.25,4.76
12:24,101899.57,26.98,18.50,101928.58,18.32,43.06,-1241868.50,4.98
12:25,101901.07,27.14,19.03,101928.14,18.65,45.32,-1242061.75,4.99
12:26,101903.73,27.19,18.80,101927.33,18.58,43.87,-1242623.75,4.59
12:27,101894.53,27.13,18.96,101927.00,18.20,44.69,-1242665.62,3.94
12:28,101892.13,27.22,19.17,101925.92,19.07,43.67,-1243894.12,4.34
12:29,101897.39,27.30,18.83,101920.45,18.95,42.73,-1243943.75,4.09
12:30,101894.53,27.44,18.80,101914.06,19.46,41.22,-1244482.50,5.16
12:31,101896.31,27.54,18.76,101923.28,19.30,42.26,-1244775.25,5.03
12:32,101895.50,27.62,18.69,101920.31,18.74,44.17,-1244679.75,4.57
12:33,101897.84,27.43,18.48,101921.64,19.11,41.47,-1245443.75,5.03
12:34,101897.61,27.50,18.67,101921.38,19.07,42.44,-1245853.12,5.16
12:35,101895.07,27.60,18.71,101919.60,19.36,41.74,-1246074.62,4.36
12:36,101903.26,27.71,18.73,101915.67,19.47,41.89,-1246756.25,4.81
12:37,101896.60,27.75,18.56,101919.69,19.50,41.27,-1247400.25,5.17
12:38,101895.29,27.93,18.59,101919.85,19.64,41.69,-1247498.50,4.72
12:39,101892.10,27.89,18.49,101912.49,19.75,40.79,-1247981.75,5.07
12:40,101889.42,28.04,18.42,101915.54,20.05,39.97,-1248116.87,4.50
12:41,101888.96,28.07,18.28,101915.88,20.04,39.91,-1248569.62,4.54
12:42,101896.36,28.20,18.42,101918.50,20.20,40.96,-1248878.12,4.54
12:43,101886.05,28.23,18.09,101917.00,19.02,42.26,-1248641.00,4.41
12:44,101889.96,27.98,18.41,101919.89,18.61,45.23,-1249478.37,4.52
12:45,101890.44,27.90,18.25,101915.92,19.02,42.22,-1250096.75,5.05
12:46,101895.35,27.67,18.31,101915.32,18.79,42.78,-1250675.75,4.02
12:47,101903.13,27.76,18.53,101909.57,19.51,40.98,-1250819.00,3.89
12:48,101896.28,27.46,18.30,101915.84,17.52,46.54,-1251223.25,5.18
12:49,101900.16,27.40,18.79,101915.73,18.95,44.06,-1252721.75,4.78
12:50,101885.39,27.89,18.61,101914.79,19.49,42.36,-1252757.12,5.21
12:51,101882.30,28.17,18.50,101917.85,20.27,40.91,-1253346.00,5.29
12:52,101885.58,28.29,18.03,101917.36,19.75,40.66,-1253495.62,5.23
12:53,101896.33,28.32,18.29,101915.57,20.37,39.97,-1254300.25,4.91
12:54,101878.78,28.46,18.08,101914.89,20.03,40.54,-1253919.25,5.19
12:55,101892.17,28.45,18.38,101915.54,20.05,41.82,-1254085.12,5.05
12:56,101875.55,28.46,18.11,101914.03,20.01,41.90,-1254609.87,4.20
12:57,101878.24,28.33,18.04,101909.64,19.93,39.89,-1255331.25,4.45
12:58,101881.12,28.24,18.26,101912.39,20.13,40.56,-1255856.75,5.28
12:59,101884.10,28.25,17.85,101907.89,19.76,39.99,-1256135.75,4.05
13:0,101880.91,28.21,18.17,101914.87,18.83,43.58,-1255751.62,4.76
13:1,101874.25,27.86,17.98,101914.21,18.11,44.76,-1256147.62,4.94
13:2,101874.70,27.76,18.32,101912.04,17.91,46.42,-1256804.75,3.85
13:3,101883.62,27.51,18.10,101910.66,18.22,43.51,-1258087.00,4.60
13:4,101891.88,27.58,18.36,101907.49,19.64,40.13,-1258782.00,4.33
13:5,101883.28,27.97,18.18,101908.59,20.20,39.29,-1258441.50,4.88
13:6,101875.33,28.10,18.10,101906.17,20.10,38.99,-1258675.75,5.12
13:7,101870.94,28.06,18.23,101901.52,19.90,41.01,-1258795.87,5.31
13:8,101877.47,28.26,18.15,101902.91,19.98,40.56,-1259568.12,5.30
13:9,101873.57,28.34,17.92,101903.41,20.19,39.28,-1260309.25,4.45
13:10,101874.71,28.41,17.80,101904.58,20.14,39.32,-1260054.75,4.29
13:11,101874.03,28.47,17.91,101901.08,20.39,39.20,-1260843.50,5.07
13:12,101875.74,28.36,17.99,101906.14,20.22,39.52,-1260888.75,5.08
13:13,101878.35,28.78,17.99,101907.41,20.38,40.08,-1261066.00,5.07
13:14,101877.89,28.51,17.50,101903.83,20.38,37.22,-1261231.00,3.89
13:15,101869.87,28.36,17.71,101903.57,20.69,37.06,-1262084.75,4.82
13:16,101875.00,28.50,17.91,101902.41,20.06,39.50,-1261685.75,4.56
13:17,101867.22,28.46,17.58,101902.05,19.75,38.75,-1261973.25,5.08
13:18,101865.69,28.39,17.88,101902.85,20.17,39.70,-1262954.50,5.04
13:19,101875.47,28.41,17.74,101899.60,19.48,40.31,-1262914.87,5.12
13:20,101872.36,28.19,17.91,101906.47,20.45,37.44,-1263968.75,3.82
13:21,101875.30,28.63,17.88,101901.50,21.04,37.12,-1264507.37,4.72
13:22,101868.92,28.70,17.46,101904.13,20.57,37.34,-1264423.00,4.25
13:23,101878.27,28.61,17.78,101898.46,20.98,36.99,-1264957.62,3.82
13:24,101862.74,28.80,17.67,101896.82,20.69,38.31,-1265348.75,3.94
13:25,101868.22,28.78,17.47,101899.02,20.90,36.36,-1265218.00,5.30
13:26,101867.02,28.60,17.80,101901.61,20.59,38.25,-1265746.12,4.71
13:27,101864.34,28.90,17.54,101900.20,21.09,36.60,-1266659.25,4.30
13:28,101873.33,28.76,17.38,101894.96,20.65,37.09,-1266313.75,4.71
13:29,101867.27,28.50,17.46,101896.77,20.08,38.73,-1266495.75,4.74
13:30,101858.98,28.63,17.54,101893.01,20.45,37.74,-1266541.25,4.53
13:31,101869.27,28.49,17.56,101892.25,20.46,37.76,-1267550.50,4.71
13:32,101852.57,28.57,17.56,101892.22,20.40,37.77,-1267906.75,5.23
13:33,101860.50,28.68,17.53,101887.75,20.78,36.88,-1268047.75,3.82
13:34,101860.46,28.65,17.28,101892.67,19.93,37.66,-1267807.37,3.85
13:35,101855.80,28.44,17.51,101886.16,20.60,36.49,-1268326.62,4.16
13:36,101859.78,28.59,17.54,101886.55,20.84,36.59,-1269396.00,4.25
13:37,101853.54,28.46,17.57,101886.06,20.76,36.29,-1269473.37,4.22
13:38,101860.06,28.33,17.58,101889.88,20.50,36.47,-1269474.50,4.81
13:39,101853.75,28.68,17.66,101891.02,21.49,34.86,-1269941.37,4.53
13:40,101864.11,28.65,17.33,101888.92,21.02,36.01,-1270592.87,5.14
13:41,101863.25,28.81,17.34,101887.63,21.50,34.37,-1270748.62,5.14
13:42,101854.80,28.69,17.02,101886.20,21.03,34.23,-1270647.25,3.80
13:43,101858.80,28.71,17.38,101890.10,21.19,35.19,-1270897.25,4.52
13:44,101850.94,28.68,17.27,101886.44,20.92,35.66,-1271068.25,3.88
13:45,101856.35,28.63,17.11,101891.00,20.57,36.19,-1271888.00,5.11
13:46,101857.50,28.60,17.40,101890.77,21.13,35.04,-1272205.87,3.88
13:47,101856.65,28.31,17.20,101888.91,19.33,38.89,-1271288.12,4.85
13:48,101855.64,28.33,17.58,101887.35,20.48,37.28,-1273285.75,4.95
13:49,101863.58,28.81,17.36,101888.80,21.28,35.41,-1273356.37,4.95
13:50,101859.94,28.75,17.00,101883.00,20.96,35.04,-1273054.50,5.16
13:51,101866.64,28.82,17.28,101885.85,21.53,34.46,-1273866.37,4.73
13:52,101854.22,28.87,16.87,101886.72,20.86,34.84,-1273249.50,4.27
13:53,101862.21,28.47,16.92,101889.36,20.50,34.98,-1273681.50,4.40
13:54,101845.74,28.21,17.18,101887.16,20.27,36.65,-1274182.62,5.11
13:55,101855.85,28.29,17.39,101886.50,20.25,36.64,-1274370.50,4.89
13:56,101854.61,28.52,17.16,101888.27,20.87,35.41,-1275138.25,5.21
13:57,101852.47,28.58,17.17,101884.53,20.79,35.45,-1275253.00,4.43
13:58,101857.36,28.61,17.04,101886.38,20.91,34.84,-1275558.25,4.77
13:59,101851.25,28.47,16.90,101886.14,20.84,33.59,-1275318.25,4.76
14:0,101852.49,28.25,16.83,101887.63,20.61,33.65,-1275630.12,3.98
14:1,101858.13,28.20,16.94,101884.20,20.87,33.37,-1276264.50,3.78
14:2,101861.92,28.53,17.17,101885.19,21.21,34.03,-1276255.50,5.06
14:3,101855.19,28.68,16.97,101885.97,21.15,34.09,-1276890.37,3.94
14:4,101864.18,28.82,17.03,101884.77,21.34,34.43,-1277060.00,4.01
14:5,101860.14,28.77,16.78,101886.58,21.02,34.56,-1276810.87,5.11
14:6,101853.03,28.56,16.87,101883.14,21.06,33.62,-1277412.12,3.67
14:7,101869.05,28.66,17.10,101888.28,21.51,33.20,-1277658.25,3.85
14:8,101861.14,28.94,16.99,101888.71,21.66,32.96,-1277895.37,4.05
14:9,101860.73,28.83,16.71,101887.63,21.31,33.04,-1277832.75,3.76
14:10,101858.77,28.57,16.66,101885.29,20.89,33.36,-1277957.12,4.79
14:11,101853.17,28.38,16.99,101885.99,20.97,33.35,-1278705.25,4.06
14:12,101864.29,28.42,16.75,101889.13,20.81,33.38,-1279150.25,4.07
14:13,101862.17,28.25,17.01,101886.55,20.84,33.70,-1279375.25,3.78
14:14,101863.03,28.26,17.05,101883.36,21.04,33.20,-1279527.25,4.81
14:15,101857.54,28.15,16.90,101881.52,20.69,33.24,-1279943.25,4.96
14:16,101858.92,28.03,16.92,101885.51,20.51,33.75,-1279944.87,4.74
14:17,101851.38,28.23,17.22,101889.91,21.27,33.18,-1280580.75,4.89
14:18,101867.05,28.54,17.12,101885.39,21.42,33.27,-1280382.75,5.11
14:19,101853.75,28.60,16.97,101885.23,21.24,33.29,-1280915.37,4.18
14:20,101858.82,28.46,16.58,101885.11,21.00,31.54,-1280377.12,4.96
14:21,101868.16,28.20,16.84,101887.72,21.07,31.68,-1281076.00,4.99
14:22,101850.68,27.97,16.65,101886.53,20.66,31.41,-1281385.37,4.97
14:23,101853.10,27.59,16.72,101882.88,20.46,31.29,-1281385.50,4.18
14:24,101866.91,27.45,16.98,101888.38,20.43,32.49,-1281873.50,3.73
14:25,101846.75,27.67,17.03,101886.63,20.68,32.45,-1282292.50,5.03
14:26,101856.40,27.71,17.22,101882.19,20.68,32.71,-1282624.37,4.56
14:27,101858.13,27.66,16.87,101884.38,20.32,32.66,-1282235.62,3.82
14:28,101862.43,27.48,17.09,101886.37,20.27,33.38,-1283030.37,4.20
14:29,101852.72,27.62,17.21,101881.04,20.64,32.99,-1283568.25,4.11
14:30,101846.46,27.70,17.09,101883.60,20.51,33.13,-1283553.75,3.66
14:31,101862.39,27.61,16.95,101881.70,20.31,32.62,-1283637.50,4.37
14:32,101867.44,27.48,17.07,101882.42,20.23,33.13,-1283646.00,4.72
14:33,101852.87,27.44,17.02,101884.44,20.20,32.59,-1284211.25,4.20
14:34,101850.21,27.20,16.94,101880.62,19.89,32.56,-1284085.25,4.92
14:35,101856.89,27.06,17.08,101883.89,19.98,32.47,-1284736.00,4.74
14:36,101866.47,27.24,17.22,101882.77,20.57,32.04,-1285351.87,3.70
14:37,101852.13,27.40,17.31,101878.89,20.67,32.35,-1285143.75,4.25
14:38,101855.00,27.37,17.13,101885.73,20.38,32.05,-1285224.50,3.76
14:39,101850.33,27.18,17.25,101885.72,18.56,38.00,-1284500.62,4.23
14:40,101855.08,26.94,17.61,101884.18,18.28,39.42,-1285208.12,4.40
14:41,101859.99,26.84,17.77,101883.38,18.91,38.03,-1286139.37,4.36
14:42,101859.35,27.05,17.60,101881.92,19.99,34.44,-1286943.25,4.92
14:43,101853.62,27.22,17.83,101877.71,19.58,37.21,-1286543.50,5.01
14:44,101858.69,27.02,17.66,101879.85,19.44,35.62,-1286807.00,3.87
14:45,101860.69,27.12,17.59,101880.15,19.84,34.73,-1287428.12,4.11
14:46,101863.19,27.21,17.50,101884.49,20.14,33.96,-1287869.37,3.71
14:47,101853.00,27.25,17.42,101883.99,20.19,33.40,-1287881.00,4.85
14:48,101856.28,27.29,17.40,101885.88,20.59,32.33,-1288274.50,4.77
14:49,101857.88,27.34,17.65,101885.45,20.33,33.98,-1287579.12,4.70
14:50,101858.84,27.41,17.58,101883.52,20.26,34.46,-1288407.25,3.80
14:51,101859.50,27.39,17.42,101887.87,20.41,33.67,-1288393.50,4.84
14:52,101855.32,27.32,17.16,101882.13,20.24,32.13,-1288346.75,4.46
14:53,101858.35,27.01,17.11,101878.62,19.73,32.80,-1288773.50,4.00
14:54,101850.74,26.70,17.38,101884.64,18.91,34.85,-1289043.62,4.17
14:55,101858.99,26.53,17.53,101887.71,19.04,35.02,-1289061.12,4.54
14:56,101859.52,26.51,17.54,101880.55,19.16,34.71,-1289229.50,4.78
14:57,101855.71,26.38,17.76,101888.45,18.45,37.15,-1289274.25,4.24
14:58,101854.31,26.29,17.71,101887.58,18.80,35.60,-1289607.37,4.48
14:59,101854.40,26.45,17.66,101886.51,19.52,33.48,-1290077.25,4.85
15:0,101851.21,26.38,17.52,101886.35,19.46,33.00,-1290353.62,3.77
15:1,101852.96,26.41,17.50,101880.07,19.69,32.34,-1290779.75,3.61
15:2,101868.52,26.31,17.59,101881.08,19.23,33.86,-1290697.62,3.66
15:3,101857.33,26.40,17.55,101881.13,19.62,32.94,-1291336.75,4.69
15:4,101863.17,26.47,17.58,101884.05,19.58,33.20,-1291371.12,4.74
15:5,101857.93,26.27,17.77,101887.36,18.84,34.97,-1291257.37,4.29
15:6,101851.00,26.24,17.66,101881.69,19.18,34.18,-1291577.37,3.84
15:7,101846.94,26.15,17.70,101881.56,18.25,35.94,-1291839.37,4.00
15:8,101851.47,26.02,17.80,101880.83,18.66,34.73,-1292186.00,3.68
15:9,101848.54,26.19,17.79,101877.89,19.39,33.52,-1292808.75,3.81
15:10,101857.25,26.31,17.75,101877.82,19.58,33.47,-1292746.75,3.63
15:11,101849.43,26.38,17.78,101877.51,19.67,33.37,-1293032.25,4.90
15:12,101861.47,26.46,17.60,101877.24,19.79,32.65,-1293041.75,4.27
15:13,101863.38,26.52,17.65,101878.91,19.94,32.91,-1293458.00,4.91
15:14,101854.41,26.53,17.63,101877.79,19.85,33.10,-1293138.25,3.76
15:15,101852.78,26.61,17.63,101878.32,20.05,33.41,-1293391.62,4.61
15:16,101851.77,26.66,17.62,101876.35,19.73,33.78,-1293489.87,4.37
