16:50,101632.71,11.99,76.83,101639.10,11.84,77.59,-696900.00,1.82
16:50,101633.78,12.11,76.66,101642.30,11.97,77.41,-696747.00,1.40
9:18,101628.72,12.32,75.01,101645.22,12.18,76.38,-696537.87,1.49
9:18,101627.70,12.33,75.01,101644.74,12.19,76.42,-696517.50,1.01
9:18,101622.82,12.11,75.22,101636.60,11.93,76.74,-697092.68,2.73
9:18,101630.78,12.29,75.06,101643.59,12.16,76.65,-696946.87,2.75
9:19,101626.19,11.06,85.26,101641.82,12.09,76.44,-695941.00,2.13
9:20,101639.29,10.86,86.45,101642.35,12.03,76.76,-696290.31,2.91
9:21,101634.26,10.85,86.95,101641.58,12.09,76.53,-696888.18,1.18
9:22,101614.96,17.35,39.56,101647.13,12.20,74.50,-696750.87,6.23
9:23,101618.80,19.91,32.18,101645.24,12.44,72.55,-697124.31,5.74
9:24,101612.99,21.81,27.20,101643.46,12.81,69.36,-697004.18,5.92
9:25,101613.06,22.52,25.55,101646.64,13.12,68.04,-696407.68,7.17
9:26,101616.13,22.90,24.53,101643.99,13.12,68.09,-696274.68,5.74
9:27,101612.94,23.04,24.07,101644.36,13.20,67.92,-696567.68,5.66
9:28,101612.88,23.12,23.79,101643.07,13.26,67.25,-696469.12,4.70
9:29,101606.93,23.26,23.49,101642.05,13.34,66.34,-696365.37,5.16
9:30,101611.66,23.31,23.41,101643.14,13.12,68.25,-696464.31,4.05
9:31,101606.21,23.45,23.10,101643.89,13.21,68.26,-696329.50,4.42
9:32,101604.92,23.56,22.99,101639.27,13.32,68.67,-696214.31,4.96
9:33,101604.60,23.65,22.92,101640.10,13.38,68.52,-696421.81,5.09
9:34,101599.42,23.72,22.65,101635.05,13.35,68.45,-696025.50,4.99
9:35,101603.37,23.78,22.65,101633.75,13.26,68.70,-695924.87,5.05
9:36,101603.57,23.88,22.29,101630.30,13.40,67.51,-695938.81,4.45
9:37,101605.44,23.95,22.32,101630.14,13.33,68.88,-696051.68,5.43
9:38,101601.14,23.96,22.31,101629.21,13.20,69.46,-696131.68,5.69
9:39,101600.67,24.01,22.02,101627.75,13.46,67.23,-695924.12,5.66
9:40,101595.44,24.11,22.12,101628.69,13.60,67.84,-696004.62,4.45
9:41,101593.21,24.23,21.90,101625.58,13.76,67.46,-695791.62,4.67
9:42,101588.62,24.27,21.73,101626.07,13.82,66.38,-695871.87,5.01
9:43,101589.38,24.28,21.90,101623.85,13.62,67.25,-695484.12,4.67
9:44,101591.33,24.31,21.69,101625.42,13.72,66.68,-695812.00,5.64
9:45,101586.91,24.40,21.56,101620.60,13.70,67.03,-696369.12,5.59
9:46,101578.06,24.44,21.72,101621.62,13.61,67.96,-695642.00,5.07
9:47,101586.43,24.48,21.46,101621.14,13.55,67.50,-695759.68,5.45
9:48,101590.63,24.53,21.47,101617.92,13.53,68.59,-695838.31,5.40
9:49,101575.71,24.60,21.41,101620.15,13.81,66.07,-696041.50,4.36
9:50,101578.32,24.65,21.25,101613.50,13.87,66.26,-695912.62,4.84
9:51,101579.08,24.73,21.15,101615.28,13.99,65.62,-695046.68,5.07
9:52,101579.25,24.78,21.07,101617.94,14.03,66.10,-695801.50,5.15
9:53,101571.99,24.73,21.24,101612.69,13.74,66.32,-695463.50,4.84
9:54,101570.13,24.73,21.15,101612.94,13.69,66.74,-695883.00,4.28
9:55,101572.58,24.78,21.08,101613.06,13.78,66.84,-696049.62,4.81
9:56,101566.67,24.70,21.41,101604.84,13.63,67.87,-695782.81,5.16
9:57,101574.03,24.68,21.02,101612.39,13.75,65.67,-695612.18,3.97
9:58,101576.28,24.69,21.22,101612.74,13.75,66.86,-696189.81,3.69
9:59,101577.67,24.71,21.20,101610.51,13.75,65.79,-695754.62,5.35
10:0,101578.66,24.77,21.02,101611.46,13.76,66.92,-695999.18,3.85
10:1,101575.20,24.85,21.14,101612.27,13.77,66.92,-695746.31,4.90
10:2,101572.08,24.94,20.74,101607.03,14.02,64.20,-695926.00,4.29
10:3,101574.69,24.97,20.70,101609.71,14.10,64.68,-695961.62,4.39
10:4,101581.52,25.04,20.74,101609.64,14.11,63.89,-695829.12,4.39
10:5,101567.21,25.07,20.63,101605.98,14.15,63.58,-696029.62,4.09
10:6,101568.49,25.08,20.75,101611.17,14.14,65.72,-696240.81,5.31
10:7,101572.61,25.21,20.90,101607.39,14.11,66.05,-696071.62,5.00
10:8,101573.58,25.24,20.65,101602.96,14.17,64.73,-695825.00,4.43
10:9,101570.66,25.25,20.55,101607.61,14.19,64.66,-695739.31,3.98
10:10,101573.95,25.28,20.75,101607.49,14.12,66.12,-695478.31,4.52
10:11,101578.85,25.33,20.76,101606.95,14.20,64.59,-695651.81,4.54
10:12,101572.08,25.33,20.76,101608.00,14.00,65.60,-695376.18,4.36
10:13,101566.24,25.42,20.55,101605.66,14.12,63.76,-695992.50,5.63
10:14,101566.55,25.43,20.57,101606.66,14.24,64.72,-695685.87,4.92
10:15,101569.58,25.48,20.47,101605.91,14.21,63.71,-695695.62,4.61
10:16,101568.39,25.56,20.21,101602.17,14.34,63.55,-695421.62,4.09
10:17,101570.46,25.68,20.31,101605.55,14.50,63.08,-695792.62,4.43
10:18,101558.91,25.75,20.47,101608.19,14.39,64.56,-695612.31,5.25
10:19,101567.81,25.78,20.53,101602.49,14.38,64.23,-695488.81,4.29
10:20,101559.85,25.78,20.47,101605.50,14.19,64.59,-695580.31,3.92
10:21,101560.92,25.78,20.48,101602.17,14.00,65.54,-695460.87,4.49
10:22,101561.28,25.83,20.23,101602.32,14.28,64.27,-695664.12,3.98
10:23,101561.82,25.80,20.58,101598.25,13.91,66.39,-695162.00,4.90
10:24,101557.86,25.91,20.45,101602.38,14.24,65.14,-695929.18,4.38
10:25,101558.64,26.01,20.14,101603.67,14.39,63.06,-695501.12,3.87
10:26,101554.94,26.07,20.22,101599.00,14.49,62.92,-695725.87,4.77
10:27,101557.19,26.16,20.30,101592.80,14.54,63.91,-695562.18,5.35
10:28,101563.38,26.27,20.29,101602.23,14.41,64.03,-695580.68,4.00
10:29,101560.92,26.37,20.41,101600.27,14.59,64.40,-695647.18,4.49
10:30,101564.86,26.51,20.37,101600.36,14.54,63.79,-695470.50,4.01
10:31,101560.91,26.63,20.24,101601.81,14.66,63.34,-695589.18,4.93
10:32,101570.03,26.67,20.67,101604.17,14.47,64.85,-695411.31,5.79
10:33,101567.35,26.77,20.44,101601.44,14.40,64.43,-695566.12,4.92
10:34,101561.83,26.95,20.16,101597.58,14.48,63.02,-694984.50,3.86
10:35,101570.16,27.11,20.29,101595.77,14.53,63.79,-695374.37,4.11
10:36,101562.07,27.26,20.41,101598.71,14.67,63.75,-695666.37,4.00
10:37,101569.02,27.40,20.78,101596.47,14.66,64.29,-695709.31,4.24
10:38,101554.12,27.52,21.12,101597.35,14.81,64.35,-695531.81,5.32
10:39,101559.83,27.61,21.34,101598.74,15.04,64.09,-695460.31,4.81
10:40,101548.63,27.61,21.48,101592.25,15.23,62.86,-695510.12,4.24
10:41,101557.20,27.61,21.68,101592.69,15.26,63.02,-695168.87,4.50
10:42,101552.66,27.57,22.49,101592.54,15.36,63.85,-695544.62,5.32
10:43,101551.49,27.52,22.18,101588.94,15.14,63.42,-695294.81,5.68
10:44,101552.50,27.49,22.13,101589.24,15.17,63.03,-695211.18,4.03
10:45,101549.30,27.37,22.48,101590.16,15.08,63.58,-695120.00,4.36
10:46,101551.71,27.41,22.64,101591.61,15.19,62.90,-695247.87,4.69
10:47,101551.96,27.37,22.84,101593.74,15.25,63.11,-695230.68,4.91
10:48,101550.44,27.34,23.22,101587.18,15.15,63.92,-695441.18,4.52
10:49,101559.25,27.16,23.43,101594.24,15.24,62.42,-695256.12,4.49
10:50,101551.03,27.04,23.86,101587.56,15.10,62.89,-695213.68,4.40
10:51,101553.72,23.90,28.11,101589.81,14.80,63.09,-694841.62,0.54
10:52,101558.73,12.47,50.16,101592.77,14.71,63.79,-695069.18,0.97
10:53,101569.83,7.13,64.05,101590.18,14.22,62.18,-694668.87,0.97
10:54,101581.90,5.88,70.65,101592.67,13.95,63.62,-695435.87,0.58
10:55,101576.75,7.15,77.47,101591.13,14.13,64.45,-697457.31,0.57
10:56,101560.42,9.70,81.25,101589.46,14.16,65.32,-702795.37,0.57
10:57,101565.89,11.25,83.11,101585.48,14.09,66.63,-707739.87,1.00
10:58,101560.02,12.02,83.71,101582.46,14.44,67.17,-711506.62,1.00
10:59,101559.67,12.25,83.59,101579.39,14.52,67.32,-714291.00,0.61
11:0,101566.05,12.50,83.79,101582.92,14.64,67.31,-716113.37,0.97
11:1,101557.24,12.67,83.73,101581.42,14.68,67.53,-717715.00,0.93
11:2,101558.19,12.70,83.98,101579.67,14.59,67.11,-719155.68,6.36
11:3,101540.81,22.92,28.11,101579.28,15.14,63.15,-720455.50,5.42
11:4,101539.63,24.09,24.16,101576.85,15.18,62.32,-720814.12,4.24
11:5,101545.89,24.90,22.40,101580.08,15.23,60.99,-721886.87,5.48
11:6,101540.52,25.14,21.57,101578.75,15.40,59.03,-721947.12,5.34
11:7,101539.86,25.43,21.36,101584.98,15.76,59.80,-723076.87,4.65
11:8,101548.46,25.68,20.90,101581.69,15.88,58.43,-723147.12,4.67
11:9,101538.33,25.65,20.76,101579.82,15.61,59.42,-723538.18,3.93
11:10,101531.52,25.66,20.66,101578.89,15.64,58.13,-723726.87,4.47
11:11,101535.69,25.68,20.49,101575.73,15.71,58.83,-725023.68,4.34
11:12,101537.92,25.92,20.46,101584.03,15.97,58.29,-725181.62,4.98
11:13,101540.45,26.13,20.39,101584.60,16.22,57.19,-725016.18,4.65
11:14,101542.70,26.15,20.16,101583.78,16.17,57.10,-725443.81,5.52
11:15,101528.89,26.26,20.30,101584.35,16.38,56.72,-725949.18,5.22
11:16,101544.64,26.46,20.17,101586.03,16.50,56.66,-726509.37,4.34
11:17,101546.71,26.59,19.79,101581.30,16.43,55.79,-726365.12,4.43
11:18,101533.77,26.50,19.97,101577.36,16.21,57.22,-726848.00,5.28
11:19,101534.63,26.56,19.77,101585.16,16.30,56.67,-727452.87,4.43
11:20,101536.13,26.45,19.69,101583.60,16.04,57.19,-727467.31,4.73
11:21,101533.41,26.40,19.93,101582.97,16.23,58.61,-729024.31,3.91
11:22,101530.72,26.51,19.64,101582.02,16.10,57.33,-728440.87,5.14
11:23,101538.11,26.46,19.69,101585.46,16.18,56.21,-729138.18,4.58
11:24,101538.50,26.34,19.78,101581.52,16.07,56.77,-729212.62,5.23
11:25,101538.05,26.27,19.62,101586.42,16.22,56.24,-730050.31,5.14
11:26,101531.22,26.35,19.83,101581.97,16.33,57.40,-730873.18,4.69
11:27,101532.22,26.40,19.75,101579.06,16.26,56.30,-730725.81,4.86
11:28,101535.57,26.57,20.08,101578.63,16.54,58.06,-730791.62,4.98
11:29,101537.41,26.68,19.62,101586.91,16.45,55.52,-731441.00,4.83
11:30,101539.82,26.66,19.78,101585.22,16.32,57.92,-731912.50,4.67
11:31,101534.08,26.78,19.52,101578.82,16.55,56.58,-732284.31,5.11
11:32,101530.91,26.84,19.52,101579.96,16.69,56.87,-732173.81,4.17
11:33,101526.05,26.88,19.47,101575.28,16.82,55.46,-732204.62,4.32
11:34,101522.51,26.75,19.32,101578.50,16.47,55.78,-732920.31,5.48
11:35,101530.53,26.67,19.40,101577.83,16.51,56.73,-733817.18,5.64
11:36,101528.24,26.59,19.33,101579.32,16.41,56.16,-734084.68,4.34
11:37,101523.25,26.62,19.36,101570.46,16.60,54.68,-734862.31,4.77
11:38,101529.53,26.68,19.64,101574.13,16.59,57.19,-735886.62,4.66
11:39,101529.42,26.79,19.35,101574.71,16.82,55.26,-735608.62,5.02
11:40,101529.86,26.93,19.38,101575.13,16.79,56.14,-735954.00,4.31
11:41,101529.83,26.66,19.25,101571.18,16.48,55.30,-737098.31,4.59
11:42,101525.58,26.64,19.31,101572.08,16.66,54.89,-736882.50,4.03
11:43,101530.07,26.64,19.32,101573.50,16.60,56.03,-738135.68,4.25
11:44,101537.35,26.82,19.33,101577.57,16.79,55.01,-738268.31,5.35
11:45,101524.76,26.59,19.33,101573.94,16.26,56.50,-738432.87,4.54
11:46,101525.36,26.62,19.62,101570.71,16.57,57.01,-739406.50,4.98
11:47,101524.30,26.77,19.42,101568.95,16.63,56.35,-739221.18,5.10
11:48,101525.44,26.80,19.44,101570.08,16.50,57.12,-739587.50,4.81
11:49,101520.92,26.89,19.30,101568.87,16.64,55.81,-739845.62,5.09
11:50,101526.94,26.90,19.24,101565.52,16.91,54.56,-740517.62,4.25
11:51,101506.92,26.83,19.26,101562.42,16.51,55.62,-740865.31,4.45
11:52,101516.10,26.72,19.35,101561.03,16.58,56.25,-741288.87,5.65
11:53,101528.67,26.86,19.27,101562.54,16.64,54.99,-741646.31,4.36
11:54,101516.33,26.77,19.20,101562.92,16.42,55.79,-742293.18,4.49
11:55,101523.60,26.67,19.40,101567.37,16.40,55.21,-743100.18,5.21
11:56,101522.84,26.69,19.18,101562.46,16.61,54.74,-743490.00,4.61
11:57,101511.01,26.65,19.30,101557.67,16.72,55.03,-744123.68,4.45
11:58,101515.64,26.74,19.30,101564.44,16.77,54.59,-744912.87,5.52
11:59,101510.10,26.80,19.26,101555.01,16.75,54.92,-744856.31,4.47
12:0,101520.78,26.80,19.55,101559.45,16.60,56.96,-744567.31,5.52
12:1,101507.86,26.83,19.23,101556.00,16.65,55.72,-745297.87,4.30
12:2,101509.48,26.91,19.23,101557.86,16.99,53.40,-745698.37,5.67
12:3,101517.10,26.89,19.39,101561.63,16.90,54.60,-746003.12,5.59
12:4,101511.08,26.83,19.11,101555.11,16.83,53.88,-746315.50,4.90
12:5,101511.51,26.91,19.20,101561.30,17.01,54.69,-747347.12,5.51
12:6,101517.07,27.01,19.31,101560.29,16.88,55.69,-747472.18,4.29
12:7,101514.52,27.19,19.08,101559.39,17.28,53.28,-747664.50,4.34
12:8,101513.66,27.35,19.21,101558.87,17.50,54.93,-747594.68,5.39
12:9,101517.42,27.46,19.06,101553.96,17.42,54.02,-747957.12,5.38
12:10,101510.99,27.40,19.14,101556.09,17.19,55.58,-748657.68,5.14
12:11,101510.89,27.38,19.26,101562.40,17.03,56.46,-749224.18,4.88
12:12,101514.99,27.33,19.00,101563.64,16.76,54.88,-748489.68,3.74
12:13,101520.67,27.26,18.99,101568.55,17.01,54.57,-750875.81,5.38
12:14,101521.71,27.41,19.10,101559.67,17.31,54.23,-751165.31,4.84
12:15,101529.26,27.41,19.09,101567.67,17.45,54.12,-751788.68,5.23
12:16,101519.78,27.52,18.90,101566.79,17.31,53.14,-751471.12,4.70
12:17,101506.36,27.43,18.88,101553.02,17.24,53.46,-751886.18,4.98
12:18,101514.88,27.47,18.96,101557.66,17.39,54.33,-752705.50,5.41
12:19,101514.41,27.52,19.15,101562.83,17.40,55.44,-753441.87,3.71
12:20,101510.17,27.70,19.05,101557.21,17.39,55.06,-753768.50,5.33
12:21,101521.03,27.70,18.76,101565.02,17.55,53.58,-753687.31,4.87
12:22,101515.85,27.68,18.94,101560.17,17.48,54.24,-754555.12,5.20
12:23,101516.46,27.75,18.74,101564.58,17.42,53.61,-754471.12,5.19
12:24,101509.71,27.47,18.96,101558.47,16.92,55.17,-755056.18,5.41
12:25,101507.21,27.43,18.86,101549.30,17.17,53.32,-756360.12,5.02
12:26,101513.51,27.53,18.92,101553.02,17.24,54.69,-756628.00,4.03
12:27,101510.49,27.57,19.05,101552.80,17.30,55.31,-756861.18,5.56
12:28,101504.77,27.56,18.88,101545.45,17.26,54.61,-757688.31,5.30
12:29,101505.42,27.44,18.84,101552.78,17.05,54.36,-757696.31,4.64
12:30,101509.97,27.40,19.11,101557.01,16.99,55.80,-758733.68,4.36
12:31,101513.53,27.30,19.06,101556.11,16.68,56.47,-758574.00,5.45
12:32,101510.57,27.30,18.98,101553.92,17.03,55.16,-759394.68,5.50
12:33,101497.35,27.52,18.84,101545.61,17.39,53.19,-759875.81,5.62
12:34,101498.38,27.67,18.85,101545.75,17.55,53.46,-760619.31,4.94
12:35,101504.75,27.61,18.81,101545.00,17.23,54.23,-760837.62,4.79
12:36,101491.75,27.50,18.94,101546.04,16.98,55.59,-761317.00,5.41
12:37,101499.82,27.52,18.88,101545.07,17.24,54.06,-761775.12,3.90
12:38,101497.35,27.49,18.96,101543.82,17.22,55.10,-761733.18,4.47
12:39,101505.96,27.54,19.08,101540.58,17.07,55.94,-762968.62,4.79
12:40,101503.41,27.55,18.80,101549.73,16.87,55.70,-763041.12,4.74
12:41,101495.78,27.45,18.96,101550.26,16.62,56.43,-763385.87,5.20
12:42,101498.49,27.29,18.90,101546.93,16.63,55.66,-763707.62,5.00
12:43,101492.92,27.30,18.93,101545.00,16.94,55.12,-764551.00,4.04
12:44,101495.98,27.30,19.11,101546.94,16.92,56.45,-765758.68,3.70
12:45,101501.60,27.41,19.07,101542.93,16.81,56.71,-765520.37,4.94
12:46,101489.18,27.40,19.09,101540.14,16.74,56.92,-766071.18,4.75
12:47,101490.88,27.40,18.83,101542.43,16.84,55.52,-766584.37,4.18
12:48,101487.30,27.22,18.80,101541.72,16.71,55.81,-766437.37,4.49
12:49,101495.69,27.12,18.92,101539.71,16.85,54.01,-767579.00,4.49
12:50,101484.54,27.17,18.86,101535.67,17.09,52.65,-767785.68,4.75
12:51,101491.41,27.23,19.01,101537.42,17.11,55.14,-768601.87,5.52
12:52,101495.27,27.29,18.90,101539.19,17.10,54.38,-769274.18,4.60
12:53,101490.68,27.28,18.87,101537.14,17.12,53.60,-769138.00,4.07
12:54,101491.61,27.26,18.90,101538.52,17.10,54.39,-769076.50,4.92
12:55,101492.67,27.33,18.76,101537.44,17.30,53.04,-769897.68,4.41
12:56,101486.35,27.36,18.80,101533.07,17.26,53.53,-770408.68,4.19
12:57,101470.23,27.35,18.81,101529.01,17.32,53.76,-771164.87,4.94
12:58,101484.14,27.35,18.80,101532.32,17.16,53.72,-771226.37,4.76
12:59,101491.75,27.24,19.12,101533.35,17.00,54.90,-771644.00,4.27
13:0,101489.54,27.25,19.00,101529.08,17.25,52.93,-772279.87,5.15
13:1,101488.73,27.27,19.01,101533.07,17.46,53.01,-772978.31,5.40
13:2,101478.16,27.38,18.96,101525.75,17.48,53.65,-773615.18,5.38
13:3,101470.27,27.40,19.00,101525.88,17.39,53.51,-773539.12,4.31
13:4,101471.07,27.42,18.88,101524.02,17.39,53.82,-774239.62,5.72
13:5,101478.61,27.42,18.91,101527.13,17.58,51.90,-774724.31,4.94
13:6,101474.10,27.50,18.89,101522.96,17.45,53.78,-775074.62,4.56
13:7,101477.97,27.48,19.01,101525.92,17.36,54.28,-775787.18,5.61
13:8,101458.08,27.44,18.96,101517.52,17.15,54.02,-776080.87,4.61
13:9,101467.60,27.55,19.22,101522.78,17.27,57.05,-776390.18,4.31
13:10,101480.63,27.70,18.91,101519.46,17.40,54.05,-776696.00,4.28
13:11,101468.06,27.60,18.71,101512.63,17.16,54.89,-776974.81,5.54
13:12,101466.60,27.66,18.82,101521.10,17.23,55.11,-777884.62,4.31
13:13,101473.56,27.64,18.91,101515.43,17.06,55.55,-778544.81,4.78
13:14,101474.44,27.69,18.74,101513.88,17.36,53.87,-779072.37,3.75
13:15,101472.37,27.66,18.72,101514.33,17.47,53.70,-779858.31,4.25
13:16,101468.96,27.73,18.91,101514.96,17.40,55.26,-780259.12,4.84
13:17,101471.42,27.82,18.63,101516.39,17.62,53.05,-780355.37,4.05
13:18,101466.95,27.84,18.71,101517.01,17.76,53.16,-780749.31,5.01
13:19,101462.25,27.81,18.61,101516.77,17.22,53.71,-780983.18,4.83
13:20,101472.69,27.53,18.60,101518.28,17.17,54.15,-781302.81,4.66
13:21,101463.89,27.47,18.58,101514.93,17.16,51.77,-782132.81,5.56
13:22,101468.57,27.39,18.79,101514.61,17.37,52.96,-782752.12,5.40
13:23,101460.42,27.38,18.75,101513.00,17.23,53.17,-782801.68,5.04
13:24,101465.36,27.32,18.71,101513.69,17.27,52.25,-783201.12,4.92
13:25,101457.06,27.25,18.72,101509.33,17.13,52.91,-783836.31,4.28
13:26,101464.86,27.24,18.73,101507.52,17.25,51.32,-785126.62,4.57
13:27,101471.13,27.23,18.63,101506.57,17.51,50.75,-785116.62,3.84
13:28,101469.32,27.19,18.97,101510.78,17.40,52.36,-785771.87,4.79
13:29,101462.10,27.28,18.76,101508.36,17.45,51.85,-786144.18,5.26
13:30,101446.77,27.38,18.69,101503.23,17.30,52.91,-786148.68,4.16
13:31,101450.17,27.30,18.66,101505.42,17.37,51.69,-786998.37,4.28
13:32,101467.90,27.30,18.55,101512.66,17.33,51.16,-786842.50,4.97
13:33,101465.39,27.34,18.54,101512.13,17.44,50.79,-787562.81,4.90
13:34,101462.56,27.31,18.59,101513.75,17.35,51.99,-788439.68,5.10
13:35,101465.38,27.43,18.78,101510.05,17.50,52.84,-788198.68,4.47
13:36,101453.94,27.36,18.74,101509.39,17.14,52.87,-788479.12,4.57
13:37,101460.93,27.38,18.76,101513.07,17.39,52.71,-789107.00,4.56
13:38,101457.07,27.41,18.79,101508.10,17.37,52.23,-789106.12,4.26
13:39,101468.74,27.38,18.80,101509.75,17.34,52.71,-789793.00,5.65
13:40,101450.14,27.28,18.77,101502.47,17.28,51.79,-790598.37,5.80
13:41,101463.08,27.23,19.05,101504.69,17.27,52.64,-791289.87,4.50
13:42,101449.53,27.37,18.80,101502.10,17.37,52.80,-791135.62,4.37
13:43,101464.94,27.34,18.83,101506.49,17.32,53.04,-791819.50,4.67
13:44,101461.07,27.34,18.94,101505.52,17.40,52.71,-792388.37,3.78
13:45,101456.62,27.31,18.71,101508.32,17.43,51.01,-792736.62,3.70
13:46,101459.77,27.23,18.66,101498.23,17.25,51.97,-792885.12,4.65
13:47,101458.63,27.22,18.79,101502.08,17.26,51.97,-793569.81,4.70
13:48,101457.02,27.21,18.89,101493.22,17.48,51.68,-794329.62,5.26
13:49,101447.32,27.18,18.68,101494.71,17.54,50.73,-794369.12,5.14
13:50,101450.71,27.18,18.83,101495.28,17.56,51.49,-795203.31,4.92
13:51,101445.63,27.36,18.74,101496.46,17.98,49.92,-795688.12,5.01
13:52,101443.15,27.43,18.65,101494.82,17.81,50.53,-795967.12,4.91
13:53,101436.75,27.57,18.90,101489.01,17.84,52.20,-796286.62,4.86
13:54,101438.22,27.63,18.72,101485.69,17.52,52.10,-795456.68,4.42
13:55,101439.01,27.36,18.54,101490.92,17.30,51.88,-796386.50,5.59
13:56,101444.28,27.26,18.71,101493.91,17.45,51.07,-796857.37,4.56
13:57,101435.46,27.29,18.60,101487.82,17.56,50.92,-797492.18,5.01
13:58,101454.08,27.23,18.56,101498.45,17.54,49.95,-797708.87,3.80
13:59,101456.42,27.20,18.60,101499.40,17.84,49.26,-798516.62,5.59
14:0,101463.24,27.30,18.67,101498.77,17.75,49.49,-798529.81,4.36
14:1,101444.67,27.26,18.66,101496.28,17.33,50.88,-799157.50,4.20
14:2,101447.32,27.16,18.73,101493.58,17.37,50.55,-799830.81,5.60
14:3,101454.05,27.20,18.62,101491.93,17.39,50.28,-800102.62,4.85
14:4,101450.96,27.16,18.80,101494.50,17.46,50.62,-800777.31,4.53
14:5,101440.10,27.17,18.73,101488.99,17.37,51.02,-801243.37,4.72
14:6,101448.07,27.24,18.70,101493.60,17.56,50.64,-801926.12,4.86
14:7,101445.47,27.26,18.77,101496.44,17.55,50.25,-802196.37,4.88
14:8,101442.02,27.37,18.66,101492.88,17.46,50.91,-802057.50,4.96
14:9,101445.80,27.36,18.54,101495.32,17.71,50.43,-802942.12,5.46
14:10,101443.19,27.45,18.74,101492.17,17.63,50.20,-802720.37,4.98
14:11,101439.92,27.44,18.58,101496.10,17.61,50.51,-803873.87,4.69
14:12,101453.03,27.46,18.51,101499.35,17.61,50.65,-804075.37,4.99
14:13,101449.82,27.38,18.66,101497.50,17.24,51.88,-804424.81,4.48
14:14,101451.36,27.32,18.64,101499.08,17.18,52.38,-805294.62,4.84
14:15,101450.72,27.35,18.51,101499.35,17.32,51.56,-805316.18,3.90
14:16,101449.91,27.39,18.52,101498.41,17.52,50.55,-805961.81,4.15
14:17,101453.36,27.48,18.63,101497.48,17.44,53.09,-806695.31,5.03
14:18,101458.28,27.66,18.63,101502.83,17.41,53.84,-807476.50,4.89
14:19,101455.28,27.71,18.44,101497.42,17.30,52.95,-807455.00,4.33
14:20,101460.01,27.78,18.50,101505.27,17.41,53.50,-807080.68,4.05
14:21,101451.61,27.68,18.50,101500.63,17.38,52.97,-808041.00,4.25
14:22,101446.42,27.59,18.62,101500.21,17.24,54.10,-808859.00,4.62
14:23,101452.96,27.58,18.78,101503.77,17.30,53.56,-809658.50,5.03
14:24,101453.33,27.60,18.62,101501.88,17.20,53.43,-809225.12,5.04
14:25,101457.88,27.56,18.85,101504.50,17.25,54.63,-809874.50,3.88
14:26,101456.43,27.59,18.85,101501.75,17.19,54.37,-810922.68,4.57
14:27,101449.75,27.75,18.95,101500.83,17.09,56.68,-811036.12,5.55
14:28,101453.51,27.79,18.83,101500.30,17.18,55.08,-811426.81,4.92
14:29,101462.82,27.68,18.75,101499.88,16.88,56.83,-812275.62,4.63
14:30,101447.61,27.68,18.93,101504.28,16.76,57.56,-812109.12,5.01
14:31,101459.24,27.60,18.98,101516.32,16.54,56.31,-813265.18,5.52
14:32,101462.38,27.57,19.01,101510.27,16.52,58.40,-813693.50,4.99
14:33,101453.49,27.50,19.08,101503.85,16.41,59.13,-814057.50,4.25
14:34,101456.88,27.49,19.25,101505.88,16.59,59.63,-815109.50,4.40
14:35,101457.60,27.66,19.21,101509.28,16.66,59.06,-815036.50,5.46
14:36,101454.41,27.86,19.19,101503.42,16.52,61.75,-815751.50,4.52
14:37,101462.87,27.96,19.29,101509.82,16.70,60.51,-816481.68,4.29
14:38,101452.34,27.97,18.98,101506.14,16.64,59.80,-816835.87,4.92
14:39,101452.42,27.96,19.19,101508.02,16.54,61.77,-816945.62,5.12
14:40,101455.48,27.96,19.32,101510.97,16.58,62.91,-817735.12,4.71
14:41,101456.53,27.87,19.08,101511.25,16.57,60.11,-817305.87,5.60
14:42,101453.08,27.91,19.20,101511.63,16.56,61.34,-819539.31,5.16
14:43,101451.89,27.92,19.06,101509.46,16.42,62.55,-819566.12,4.94
14:44,101458.96,27.96,19.09,101515.75,16.05,62.93,-819252.50,4.04
14:45,101457.21,27.89,19.07,101510.22,16.12,63.17,-820514.37,5.36
14:46,101451.83,27.83,19.17,101511.05,16.37,62.70,-820472.37,4.19
14:47,101458.82,28.00,19.13,101509.91,16.41,64.10,-821941.18,5.12
14:48,101450.07,28.11,19.12,101513.61,16.53,63.94,-821291.87,5.55
14:49,101453.66,28.13,19.11,101512.16,16.44,63.40,-822287.87,5.50
14:50,101456.44,28.09,18.97,101508.39,16.45,61.37,-822889.81,4.49
14:51,101463.91,27.99,18.99,101506.51,16.60,60.66,-823526.87,5.19
14:52,101442.43,27.99,19.17,101506.50,16.66,61.65,-823505.18,4.55
14:53,101458.19,28.06,19.07,101498.52,16.88,59.98,-824982.18,4.05
14:54,101457.36,28.10,19.20,101508.13,16.70,61.84,-825565.81,3.88
14:55,101451.93,28.10,19.14,101500.64,16.90,61.00,-825377.37,5.12
14:56,101457.13,28.15,19.11,101500.75,16.85,61.91,-826620.87,4.06
14:57,101451.61,28.14,19.14,101499.85,16.81,61.56,-827036.31,4.56
14:58,101449.04,28.26,19.05,101498.60,16.86,60.69,-827334.00,4.81
14:59,101446.86,28.42,19.12,101498.88,17.08,61.07,-827523.81,4.74
15:0,101456.11,28.42,18.96,101501.19,17.04,60.87,-828456.31,4.55
15:1,101457.10,28.48,19.00,101500.42,17.05,62.36,-829296.00,4.84
15:2,101448.50,28.68,19.13,101503.46,16.97,65.19,-829871.12,4.66
15:3,101453.94,28.84,19.12,101498.94,16.87,66.07,-830439.62,4.92
15:4,101444.50,28.89,18.73,101501.75,16.91,63.08,-830550.50,4.86
15:5,101447.66,28.67,18.85,101503.03,16.69,63.74,-831489.68,5.30
15:6,101450.17,28.60,18.93,101500.74,16.49,63.71,-831858.12,4.89
15:7,101453.46,28.53,18.81,101499.96,16.59,63.62,-833141.18,4.44
15:8,101455.33,28.52,18.94,101495.42,16.79,62.80,-833566.62,4.55
15:9,101441.64,28.35,18.85,101493.33,16.43,63.95,-833606.37,4.91
15:10,101448.48,28.40,18.91,101490.14,16.58,62.46,-834289.68,5.10
15:11,101442.78,28.27,19.11,101492.39,16.51,64.25,-835442.81,3.90
15:12,101436.47,28.25,18.89,101488.83,16.56,63.99,-836067.37,4.85
15:13,101438.17,28.25,18.89,101487.97,16.70,61.46,-836924.50,4.31
15:14,101441.14,28.27,18.83,101482.39,16.65,62.14,-837381.81,4.18
15:15,101427.78,28.22,18.98,101486.39,16.61,62.49,-837798.31,4.20
15:16,101433.55,28.31,19.10,101482.63,16.58,63.53,-838284.00,5.02
15:17,101433.19,28.28,19.13,101489.64,16.24,63.78,-838883.37,4.69
15:18,101436.17,28.19,18.89,101483.67,16.57,61.30,-840238.62,5.21
15:19,101429.56,28.16,18.90,101484.67,16.56,62.05,-840504.18,4.56
15:20,101430.63,28.30,19.09,101483.57,16.63,63.40,-841418.81,4.39
15:21,101434.92,28.35,18.74,101481.08,16.95,60.18,-841654.37,5.43
15:22,101442.23,28.35,19.08,101491.75,16.98,62.39,-842599.87,4.83
15:23,101425.81,28.32,18.97,101483.14,16.51,62.47,-843001.62,4.88
15:24,101430.36,28.24,18.93,101486.35,16.35,62.62,-844029.62,4.50
15:25,101440.51,28.16,18.94,101487.02,16.46,62.39,-845566.87,5.02
15:26,101427.35,28.17,19.10,101484.46,16.39,64.23,-845196.12,4.43
15:27,101441.55,28.35,19.25,101481.82,16.65,62.87,-846257.68,5.48
15:28,101417.97,28.29,18.86,101480.71,16.44,63.82,-846079.62,4.78
15:29,101432.46,28.21,18.98,101488.49,16.24,63.16,-846211.00,5.22
15:30,101423.77,28.19,19.03,101484.58,16.45,63.74,-846369.50,4.81
15:31,101429.30,28.16,19.17,101486.92,16.49,63.26,-846940.37,5.34
15:32,101424.30,28.22,18.99,101483.68,16.14,63.93,-847029.00,3.94
15:33,101426.05,28.13,18.94,101475.39,16.34,63.46,-847781.62,5.06
15:34,101424.08,28.10,19.19,101481.49,16.24,64.17,-848621.37,4.78
15:35,101436.69,28.17,19.35,101487.47,16.35,64.15,-848835.81,4.25
15:36,101440.52,28.16,19.07,101480.41,16.01,64.54,-849711.12,5.68
15:37,101436.75,28.13,19.02,101488.03,16.47,64.24,-849917.87,4.65
15:38,101431.67,28.16,19.04,101484.88,16.06,64.64,-850841.81,4.56
15:39,101435.91,28.13,19.12,101489.44,16.43,62.96,-850906.87,5.32
15:40,101439.93,28.23,19.33,101492.24,16.21,65.26,-851460.68,4.36
15:41,101438.71,28.28,19.15,101485.70,15.99,66.40,-851386.31,4.92
15:42,101436.54,28.21,18.96,101487.08,16.27,64.06,-852423.68,5.81
15:43,101437.53,28.18,18.99,101489.92,16.43,63.82,-853097.37,4.15
15:44,101445.21,28.20,19.06,101494.88,16.25,64.09,-852716.68,4.14
15:45,101449.85,28.18,19.06,101496.57,16.27,64.52,-853465.68,5.10
15:46,101450.93,28.14,19.17,101498.49,16.27,64.90,-854515.81,3.78
15:47,101450.32,28.12,19.03,101501.71,15.76,66.19,-853147.00,4.33
15:48,101441.77,28.04,19.13,101497.85,15.83,67.63,-854628.12,5.18
15:49,101447.43,28.09,19.11,101503.35,15.94,65.76,-855119.62,5.23
15:50,101448.34,28.07,19.11,101503.24,15.65,66.92,-856071.81,4.54
15:51,101443.96,27.98,19.31,101502.89,15.61,68.23,-856350.87,4.50
15:52,101450.25,27.97,19.32,101506.38,15.50,68.10,-856568.68,4.60
15:53,101448.16,27.82,19.25,101499.71,15.38,69.40,-860067.81,3.74
15:54,101452.97,27.88,19.42,101505.00,15.65,67.34,-860774.87,4.78
15:55,101447.71,27.77,19.25,101501.51,15.22,69.83,-862112.00,4.90
15:56,101449.42,27.74,19.45,101501.95,15.37,69.15,-863182.18,5.64
15:57,101449.17,27.72,19.71,101503.53,15.03,71.72,-864198.12,4.53
15:58,101442.66,27.65,19.68,101500.72,15.42,70.77,-864883.50,4.31
15:59,101458.83,27.75,19.55,101501.67,15.51,69.85,-865741.18,5.56
16:0,101442.58,27.83,19.60,101501.44,15.23,70.28,-865587.62,3.77
16:1,101449.57,27.78,19.58,101494.71,15.40,70.54,-866839.31,5.45
16:2,101453.82,27.87,19.56,101503.86,15.52,70.79,-867549.00,5.35
16:3,101452.03,27.99,19.48,101500.32,15.61,69.66,-867157.00,4.64
16:4,101447.25,27.96,19.29,101501.25,15.56,68.37,-868606.68,5.04
16:5,101440.60,28.01,19.36,101496.96,15.78,68.52,-869363.81,4.77
16:6,101450.57,28.10,19.51,101505.10,15.90,69.48,-869791.62,4.37
16:7,101449.52,28.16,19.30,101502.90,15.57,70.70,-870804.68,5.54
16:8,101445.96,28.16,19.29,101500.60,15.58,70.84,-871402.12,5.25
16:9,101456.25,28.20,19.44,101504.02,15.65,71.40,-872132.00,5.32
16:10,101454.32,28.25,19.34,101500.92,15.84,68.81,-871323.18,4.65
16:11,101437.39,28.20,19.27,101494.02,16.05,68.30,-873143.00,4.98
16:12,101445.52,28.34,19.59,101495.47,15.86,72.44,-874043.00,5.43
16:13,101441.71,28.43,19.31,101496.85,15.80,69.87,-874001.31,5.45
16:14,101436.73,28.37,19.51,101499.37,15.85,71.15,-874594.37,4.29
16:15,101443.82,28.38,19.58,101497.71,15.77,71.60,-875720.00,4.98
16:16,101438.52,28.56,19.31,101497.92,16.36,67.65,-876086.18,4.81
16:17,101441.35,28.63,19.26,101504.33,16.50,66.81,-875883.12,5.33
16:18,101440.88,28.51,19.18,101494.50,16.09,69.57,-877576.68,5.60
16:19,101442.77,28.55,19.43,101497.10,15.84,70.99,-878324.62,3.81
16:20,101442.07,28.68,19.26,101494.16,16.22,69.86,-879028.62,4.42
16:21,101446.64,28.88,19.36,101492.46,16.17,70.57,-879166.81,4.78
16:22,101443.21,28.82,19.08,101493.31,16.22,69.39,-880110.12,4.62
16:23,101439.96,28.79,19.31,101496.39,16.27,70.25,-880747.81,5.61
16:24,101436.53,28.92,19.19,101494.36,16.10,71.13,-880670.12,5.22
16:25,101433.00,28.99,19.21,101492.75,16.34,69.89,-881630.00,5.45
16:26,101448.67,28.83,19.15,101490.13,15.80,70.36,-881875.00,4.65
16:27,101432.38,28.68,19.14,101487.15,15.92,70.08,-883133.12,5.05
16:28,101425.22,28.67,19.36,101488.60,15.93,70.55,-884284.81,4.25
16:29,101435.50,28.66,19.20,101486.97,15.88,70.76,-884849.81,5.50
16:30,101422.86,28.69,19.11,101485.77,16.16,69.43,-885750.87,4.65
16:31,101437.72,28.70,19.42,101483.91,15.71,72.43,-885607.12,5.69
16:32,101430.17,28.69,19.14,101482.58,15.98,68.70,-886425.31,5.21
16:33,101432.52,28.63,19.14,101485.77,16.26,67.82,-886546.00,4.96
16:34,101424.10,28.63,19.36,101476.86,15.80,71.29,-887785.37,5.12
16:35,101433.03,28.61,19.37,101490.35,15.77,71.36,-888247.62,4.88
16:36,101432.35,28.62,19.26,101486.78,15.86,69.66,-888530.31,4.20
16:37,101430.75,28.48,19.13,101477.64,15.66,69.47,-889627.18,4.78
16:38,101429.30,28.43,19.24,101482.19,15.90,69.63,-889892.37,4.51
16:39,101434.03,28.40,19.52,101479.01,15.91,68.98,-891007.50,4.25
16:40,101430.25,28.46,19.52,101470.77,15.81,71.18,-891753.68,5.09
16:41,101420.99,28.53,19.27,101480.64,16.01,68.54,-892513.31,4.67
16:42,101418.00,28.49,19.50,101476.99,15.88,70.75,-892668.12,5.14
16:43,101420.89,28.47,19.28,101476.29,15.99,68.58,-893913.68,5.64
16:44,101426.70,28.50,19.51,101478.23,15.97,69.96,-895260.31,5.50
16:45,101422.02,28.50,19.34,101476.80,15.81,70.19,-895910.12,4.87
16:46,101428.14,28.50,19.35,101477.20,15.81,69.59,-896140.81,5.41
16:47,101421.66,28.47,19.23,101472.89,15.76,70.74,-896282.87,5.43
16:48,101417.68,28.51,19.46,101475.56,15.55,72.35,-897327.87,4.38
16:49,101424.14,28.53,19.34,101473.97,15.63,71.04,-898004.87,5.07
16:50,101415.99,28.50,19.31,101472.96,15.76,71.26,-898340.62,4.30
16:51,101409.02,28.51,19.32,101464.22,15.71,71.13,-899097.18,5.64
16:52,101415.17,28.40,19.33,101470.49,15.44,71.40,-900647.81,4.83
16:53,101414.93,28.44,19.16,101472.36,15.73,69.98,-900763.68,5.45
16:54,101413.38,28.42,19.11,101466.78,15.98,67.87,-900956.00,4.64
16:55,101426.74,28.34,19.21,101482.05,15.91,67.89,-901449.18,4.87
16:56,101409.44,28.21,19.05,101463.22,15.61,68.95,-902541.68,4.49
16:57,101425.24,28.23,19.20,101469.82,16.13,66.70,-903171.81,4.90
16:58,101418.02,28.23,19.18,101468.13,15.94,68.09,-904357.12,4.80
16:59,101415.46,28.17,19.39,101466.00,15.61,69.62,-904457.18,4.68
17:0,101399.08,28.20,19.28,101459.23,15.54,70.84,-905591.87,3.87
17:1,101415.35,28.13,19.30,101467.17,15.45,71.12,-906777.37,5.03
17:2,101418.25,28.19,19.47,101465.16,15.40,71.59,-906601.50,4.32
17:3,101420.92,28.11,19.34,101460.20,15.48,71.07,-907237.18,5.38
17:4,101415.27,28.13,19.34,101465.53,15.73,70.34,-908057.62,4.20
17:5,101416.64,28.17,19.35,101469.08,15.30,72.53,-909071.37,4.86
17:6,101415.69,28.12,19.28,101465.88,15.14,72.88,-909388.37,4.51
17:7,101427.22,28.10,19.35,101470.23,15.02,73.09,-909435.81,4.71
17:8,101421.91,28.01,19.45,101468.83,15.55,69.89,-910231.81,4.89
17:9,101407.10,28.09,19.53,101467.75,15.53,70.64,-911062.12,5.13
17:10,101410.75,28.09,19.59,101468.76,15.24,72.99,-911574.12,4.89
17:11,101413.12,28.09,19.48,101470.94,15.29,72.61,-912043.37,3.80
17:12,101413.90,28.15,19.40,101472.10,15.41,72.11,-912449.00,4.58
17:13,101413.44,28.20,19.46,101472.35,15.56,71.59,-913564.81,4.48
17:14,101413.54,28.24,19.67,101468.28,15.26,73.18,-914191.31,4.50
17:15,101412.01,28.25,19.70,101466.50,15.24,73.71,-914078.68,5.36
17:16,101421.33,28.22,19.57,101471.69,15.28,73.13,-913999.37,4.71
17:17,101408.60,28.21,19.51,101464.85,15.19,73.86,-915348.18,4.63
17:18,101413.80,28.24,19.72,101465.38,15.14,74.34,-915669.62,5.65
17:19,101414.17,28.18,19.58,101462.10,15.13,74.15,-916135.12,5.12
17:20,101411.28,28.13,19.64,101459.99,14.81,75.80,-916524.68,4.78
17:21,101409.17,28.18,19.79,101459.75,14.87,76.88,-917969.12,4.49
17:22,101412.44,28.24,19.55,101465.33,15.40,74.22,-918819.12,4.55
17:23,101403.53,28.29,19.62,101454.60,15.45,72.03,-919254.37,4.98
17:24,101402.98,28.35,19.47,101460.47,15.78,71.80,-919583.12,4.89
17:25,101398.77,28.42,19.50,101456.37,15.51,72.50,-919912.31,4.56
17:26,101397.08,28.28,19.37,101455.56,15.58,71.83,-920817.68,5.13
17:27,101392.58,28.39,19.54,101455.21,15.74,71.98,-921690.18,5.43
17:28,101396.83,28.44,19.49,101452.71,15.66,72.45,-922013.68,4.56
17:29,101400.24,28.43,19.46,101450.78,15.62,72.65,-923310.12,5.22
17:30,101403.91,28.52,19.53,101454.77,15.61,73.42,-923730.37,4.78
17:31,101405.46,28.55,19.50,101455.77,15.49,72.78,-924037.50,4.77
17:32,101398.21,28.53,19.37,101452.96,15.48,74.37,-924783.87,5.65
17:33,101383.28,28.54,19.40,101435.71,15.67,72.87,-925598.87,4.86
17:34,101397.94,28.44,19.41,101453.14,15.47,72.83,-925863.68,5.31
17:35,101403.04,28.43,19.80,101449.21,15.40,74.55,-927144.81,5.33
17:36,101396.07,28.44,19.64,101451.60,15.41,72.80,-927365.00,5.41
17:37,101399.32,28.47,19.51,101452.53,15.54,73.22,-928385.68,4.82
17:38,101395.91,28.48,19.57,101446.61,15.56,73.86,-928790.37,5.57
17:39,101389.44,28.43,19.70,101448.30,15.30,74.43,-929934.62,5.70
17:40,101399.58,28.46,19.66,101448.74,15.31,75.20,-930246.31,3.87
17:41,101397.71,28.46,19.44,101448.19,15.49,72.33,-930394.18,5.07
17:42,101394.64,28.47,19.41,101449.84,15.80,71.60,-931524.37,4.87
17:43,101398.86,28.45,19.34,101452.10,15.86,70.63,-932186.12,4.34
17:44,101396.25,28.46,19.63,101451.50,15.44,74.15,-933446.87,5.53
17:45,101402.69,28.45,19.62,101458.46,15.24,74.39,-933681.12,5.43
17:46,101395.16,28.35,19.65,101451.57,15.07,75.12,-934998.87,5.31
17:47,101397.24,28.30,19.48,101447.00,15.21,74.25,-935484.62,4.83
17:48,101394.55,28.31,19.69,101449.03,15.11,75.82,-935655.87,5.63
17:49,101399.53,28.29,19.54,101450.21,15.13,74.88,-936320.37,4.32
17:50,101386.60,28.27,19.47,101444.24,15.07,74.88,-938072.37,5.45
17:51,101388.57,28.23,19.69,101444.43,15.12,74.44,-939467.31,4.34
17:52,101392.07,28.28,19.54,101454.30,15.34,74.37,-940310.81,5.06
17:53,101384.51,28.27,19.37,101442.60,15.46,72.38,-939959.50,4.27
17:54,101391.47,28.27,19.68,101444.77,15.35,73.83,-941460.37,5.42
17:55,101394.01,28.30,19.67,101447.34,15.33,72.82,-941836.87,4.87
17:56,101383.55,28.27,19.72,101443.23,15.18,74.81,-942159.37,5.04
17:57,101384.76,28.28,19.51,101445.13,15.45,72.83,-942378.37,4.53
17:58,101388.00,28.27,19.66,101440.44,15.26,73.67,-943679.50,4.44
17:59,101387.07,28.33,19.47,101436.75,15.25,73.43,-943997.37,5.66
18:0,101393.42,28.28,19.67,101442.32,15.39,73.96,-944556.12,5.07
18:1,101387.17,28.35,19.53,101439.67,15.50,73.08,-945103.68,5.57
18:2,101388.21,28.37,19.48,101441.79,15.25,74.90,-946190.87,5.52
18:3,101385.22,28.36,19.36,101440.21,15.26,73.94,-946557.31,4.95
18:4,101392.49,28.28,19.55,101447.85,15.22,74.89,-947012.87,5.72
18:5,101390.78,28.30,19.47,101441.67,15.07,74.47,-948267.50,5.49
18:6,101389.65,28.21,19.75,101441.31,14.86,75.54,-948771.12,4.67
18:7,101390.59,28.20,19.46,101440.96,14.93,75.51,-949355.81,4.74
18:8,101388.92,28.15,19.48,101443.99,15.13,74.87,-950034.18,5.07
18:9,101375.72,28.20,19.44,101444.17,15.19,74.40,-950529.37,4.81
18:10,101377.25,28.20,19.84,101440.92,14.95,76.27,-950939.12,5.54
18:11,101386.41,28.23,19.56,101438.71,15.16,74.48,-951585.37,5.12
18:12,101379.32,28.29,19.64,101439.26,15.23,74.62,-952683.81,5.61
18:13,101383.74,28.30,19.60,101440.25,15.09,74.64,-953456.37,5.50
18:14,101378.99,28.27,19.50,101439.56,15.14,74.14,-953591.81,5.56
18:15,101384.57,28.24,19.50,101440.82,14.98,74.76,-954477.50,5.58
18:16,101385.55,28.18,19.53,101441.32,15.23,74.69,-955090.37,4.34
18:17,101379.78,28.17,19.70,101433.17,14.99,76.16,-956240.81,5.63
18:18,101387.12,28.25,19.56,101437.41,15.42,74.11,-956811.62,5.09
18:19,101383.83,28.27,19.67,101437.85,15.20,75.75,-957247.37,5.60
18:20,101380.85,28.28,19.75,101432.53,15.00,77.27,-957476.62,4.92
18:21,101372.28,28.33,19.53,101440.71,15.16,75.21,-958082.12,4.77
18:22,101377.77,28.27,19.72,101432.61,14.92,76.72,-959225.50,4.76
18:23,101381.82,28.37,19.62,101434.39,15.15,76.12,-959540.62,5.01
18:24,101379.07,28.45,19.40,101434.39,15.27,74.08,-960562.31,5.39
18:25,101373.52,28.38,19.47,101432.14,15.07,75.10,-961084.81,5.50
18:26,101378.60,28.35,19.59,101430.80,15.04,76.83,-962194.50,5.60
18:27,101372.98,28.36,19.49,101430.86,15.20,74.81,-962847.81,5.50
18:28,101385.67,28.25,19.96,101430.77,15.17,75.62,-963430.37,5.66
18:29,101376.07,28.27,19.71,101431.58,15.15,74.10,-964451.81,4.39
18:30,101384.44,28.31,19.78,101434.60,15.20,74.78,-965475.12,4.92
18:31,101374.05,28.41,19.52,101433.19,15.40,74.42,-966013.37,5.49
18:32,101377.02,28.41,19.51,101427.95,15.08,76.41,-966788.81,5.72
18:33,101380.39,28.38,19.76,101429.49,14.84,77.41,-967554.68,4.29
18:34,101387.32,28.42,19.36,101441.89,15.36,74.63,-968284.18,4.32
18:35,101381.42,28.38,19.60,101433.74,14.85,76.59,-968936.31,5.68
18:36,101379.41,28.44,19.34,101436.83,15.09,76.37,-969941.81,5.45
18:37,101384.77,28.44,19.33,101438.05,15.21,76.57,-970566.12,4.65
18:38,101376.59,28.42,19.69,101435.92,14.91,77.92,-971307.18,5.54
18:39,101389.39,28.51,19.45,101437.88,15.22,76.00,-971897.87,5.68
18:40,101379.00,28.47,19.64,101437.18,15.06,77.03,-972324.37,4.29
18:41,101378.00,28.50,19.44,101437.25,15.15,75.74,-973162.87,4.36
18:42,101381.80,28.43,19.73,101430.64,14.81,78.39,-973884.12,4.35
18:43,101373.72,28.49,19.43,101439.07,15.07,76.49,-974271.81,5.60
18:44,101378.66,28.49,19.69,101435.94,15.25,75.35,-975332.68,5.48
18:45,101377.74,28.52,19.48,101437.17,15.09,77.28,-975827.50,5.34
18:46,101383.93,28.47,19.40,101438.35,15.10,75.71,-976634.87,5.58
18:47,101385.69,28.45,19.52,101441.66,15.24,76.08,-977767.31,5.34
18:48,101388.09,28.48,19.52,101444.60,15.12,77.41,-978244.81,5.57
18:49,101378.76,28.51,19.40,101437.94,15.44,73.71,-978883.37,5.00
18:50,101383.61,28.49,19.51,101440.73,15.29,76.93,-979485.31,5.44
18:51,101380.47,28.54,19.45,101441.88,15.38,74.71,-980177.62,5.12
18:52,101375.44,28.47,19.45,101439.61,15.04,77.39,-980947.37,4.27
18:53,101387.49,28.44,19.50,101438.02,14.93,77.81,-981441.00,5.50
18:54,101388.78,28.48,19.55,101434.82,15.17,76.52,-982352.18,5.63
18:55,101387.08,28.46,19.55,101437.65,14.92,77.30,-982946.37,4.26
18:56,101386.97,28.34,19.66,101430.94,14.31,80.52,-983171.50,5.76
18:57,101384.93,28.28,19.68,101434.49,14.87,78.39,-983501.50,5.58
18:58,101386.24,28.35,19.81,101440.22,14.91,79.27,-984239.12,4.33
18:59,101383.09,28.37,19.68,101439.30,14.95,77.63,-985345.50,4.54
19:0,101391.55,28.40,19.67,101437.77,15.01,77.43,-985884.37,4.36
19:1,101391.80,28.41,19.81,101434.88,14.94,78.48,-986623.81,5.05
19:2,101373.78,28.41,19.75,101435.35,14.94,79.12,-987371.12,5.59
19:3,101382.24,28.47,19.61,101435.07,14.77,78.88,-987775.68,4.33
19:4,101384.85,28.38,19.76,101433.66,14.74,79.84,-988924.62,4.27
19:5,101385.86,28.38,19.69,101436.13,14.90,77.66,-989804.68,5.00
19:6,101390.37,28.38,19.71,101436.72,15.13,76.54,-990572.37,4.63
19:7,101379.44,28.35,19.98,101431.99,14.46,80.31,-990675.62,4.27
19:8,101378.46,28.30,19.73,101438.25,14.69,79.02,-991113.00,4.87
19:9,101395.08,28.35,19.74,101439.99,15.17,76.96,-992580.37,4.33
19:10,101384.27,28.32,19.98,101436.63,14.96,78.61,-993004.12,5.42
19:11,101386.38,28.38,19.90,101436.41,14.84,78.78,-993699.37,4.39
19:12,101384.75,28.40,19.71,101439.25,14.98,78.27,-993415.00,4.32
19:13,101387.76,28.47,19.74,101440.35,15.08,77.23,-994942.00,5.63
19:14,101386.85,28.49,19.67,101444.94,15.23,76.72,-995796.37,5.66
19:15,101380.96,28.48,19.85,101441.37,15.05,77.40,-997009.37,5.11
19:16,101392.21,28.54,19.56,101441.17,15.15,77.20,-997640.87,5.68
19:17,101385.30,28.52,19.73,101440.53,14.82,79.06,-998186.81,5.35
19:18,101393.40,28.53,19.72,101439.81,14.94,78.75,-999075.18,5.65
19:19,101390.91,28.53,19.56,101439.86,14.99,78.13,-999659.62,5.30
19:20,101384.80,28.51,19.60,101442.21,14.93,78.48,-1000176.87,4.27
19:21,101382.64,28.44,19.91,101442.77,15.02,78.01,-1000561.00,5.69
19:22,101381.97,28.32,19.87,101442.11,14.42,81.17,-1001198.87,5.65
19:23,101387.24,28.33,19.93,101435.63,14.36,81.81,-1002776.50,5.49
19:24,101388.24,28.31,20.00,101437.39,14.53,80.96,-1003245.62,5.73
19:25,101382.50,28.37,19.79,101439.71,14.61,80.36,-1004007.18,5.47
19:26,101386.82,28.42,19.68,101440.66,14.57,79.68,-1004250.87,5.58
19:27,101376.85,28.24,19.95,101441.10,14.31,81.78,-1005168.31,5.27
19:28,101381.18,28.30,19.86,101436.13,14.68,79.45,-1005916.00,5.70
19:29,101385.67,28.24,19.73,101439.11,14.84,77.97,-1006349.00,4.98
19:30,101388.05,28.25,20.00,101441.06,14.72,79.59,-1007312.00,5.49
19:31,101380.61,28.31,19.75,101441.64,14.89,78.74,-1008146.87,4.36
19:32,101387.21,28.31,19.93,101440.69,14.58,80.36,-1009418.12,4.98
19:33,101384.54,28.35,19.65,101442.38,14.93,77.68,-1010125.81,4.48
19:34,101384.46,28.35,19.66,101439.07,15.10,76.85,-1011167.50,4.81
19:35,101385.41,28.37,19.79,101442.47,14.98,78.40,-1011820.62,4.28
19:36,101378.04,28.39,19.76,101434.05,14.86,78.97,-1012159.68,5.39
19:37,101376.10,28.43,19.76,101437.10,14.96,78.16,-1011975.00,5.79
19:38,101369.39,28.42,19.69,101430.03,15.00,77.16,-1013495.81,5.34
19:39,101384.07,28.42,19.76,101434.99,15.04,78.21,-1013935.87,5.68
19:40,101373.46,28.40,19.73,101432.21,14.63,80.33,-1014582.87,5.09
19:41,101385.50,28.38,19.82,101431.74,14.93,78.82,-1015350.50,5.54
19:42,101376.55,28.46,19.76,101435.85,14.70,80.55,-1015625.12,5.34
19:43,101382.41,28.46,19.60,101434.02,14.82,78.79,-1016224.87,5.81
19:44,101388.50,28.45,19.53,101435.17,14.96,78.16,-1017281.37,4.84
19:45,101391.07,28.48,19.64,101436.69,14.99,78.78,-1018037.31,5.64
19:46,101382.10,28.59,19.50,101433.12,14.94,78.48,-1018759.81,5.60
19:47,101385.58,28.59,19.36,101436.37,14.88,78.72,-1019296.12,5.36
19:48,101383.18,28.56,19.51,101439.58,15.19,77.03,-1020018.37,5.20
19:49,101383.89,28.58,19.69,101443.07,14.82,79.82,-1020864.18,5.24
19:50,101385.92,28.54,19.45,101436.82,14.85,79.04,-1020946.18,5.46
19:51,101381.24,28.54,19.53,101438.24,14.78,79.73,-1022408.37,5.38
19:52,101379.35,28.53,19.57,101438.30,14.62,80.58,-1023195.50,4.78
19:53,101383.00,28.48,19.52,101441.32,14.76,79.24,-1023678.37,5.05
19:54,101387.99,28.45,19.55,101437.16,14.83,78.65,-1024165.12,5.23
19:55,101382.71,28.40,19.34,101434.36,14.98,77.12,-1025115.68,5.12
19:56,101381.53,28.39,19.75,101438.35,14.95,79.19,-1025850.37,5.48
19:57,101390.64,28.49,19.60,101440.57,15.01,77.24,-1026421.12,5.41
19:58,101382.33,28.50,19.51,101442.85,14.91,77.61,-1026768.31,4.47
19:59,101384.51,28.44,19.45,101439.45,14.87,77.95,-1028205.00,5.23
20:0,101381.39,28.35,19.48,101436.48,14.85,77.63,-1028441.18,4.25
20:1,101389.17,28.30,19.73,101431.61,14.84,78.32,-1029423.18,4.29
20:2,101378.22,28.38,19.75,101432.64,14.70,79.00,-1030557.50,4.27
20:3,101384.94,28.43,19.56,101437.03,14.74,79.28,-1031325.68,5.36
20:4,101388.42,28.44,19.63,101440.21,14.65,79.62,-1031849.68,4.92
20:5,101378.39,28.44,19.46,101433.64,14.83,78.42,-1032718.68,5.38
20:6,101370.22,28.40,19.40,101440.10,15.15,75.68,-1033280.00,5.33
20:7,101378.21,28.41,19.47,101442.31,15.42,74.29,-1033688.68,5.07
20:8,101377.13,28.33,19.66,101434.92,14.87,77.15,-1033810.18,5.44
20:9,101377.36,28.30,19.69,101439.03,14.75,78.68,-1035216.81,5.20
20:10,101381.53,28.29,19.54,101438.92,14.94,77.10,-1035821.31,6.07
20:11,101379.42,28.32,19.43,101438.89,15.21,75.36,-1036088.81,5.18
20:12,101393.33,28.30,19.54,101444.58,15.19,75.36,-1037105.81,4.69
20:13,101377.66,28.35,19.37,101440.47,15.24,75.26,-1037941.87,5.64
20:14,101382.63,28.31,19.55,101445.75,15.33,75.15,-1038318.81,5.70
20:15,101385.47,28.35,19.49,101447.23,15.13,75.24,-1039442.62,4.86
20:16,101387.08,28.36,19.35,101442.63,15.16,75.43,-1039864.68,5.25
20:17,101390.13,28.34,19.47,101451.10,15.21,75.33,-1040815.12,5.41
20:18,101392.17,28.32,19.62,101445.57,15.14,75.60,-1041376.00,4.25
20:19,101399.41,28.35,19.65,101450.72,15.10,76.65,-1042003.50,4.32
20:20,101408.20,28.41,19.58,101460.61,14.97,76.82,-1042638.31,5.41
20:21,101396.27,28.35,19.46,101451.50,14.87,77.13,-1043883.12,5.13
20:22,101399.89,28.32,19.70,101453.57,14.83,78.49,-1044611.87,4.65
20:23,101401.60,28.33,19.48,101458.10,15.00,75.91,-1044848.31,5.50
20:24,101408.30,28.34,19.44,101462.89,15.18,75.97,-1046130.87,5.54
20:25,101404.25,28.36,19.43,101462.15,15.18,76.12,-1046721.68,4.54
20:26,101406.53,28.43,19.34,101465.22,15.19,75.46,-1047204.81,4.32
20:27,101413.40,28.44,19.32,101468.46,15.25,75.40,-1047830.31,4.26
20:28,101402.94,28.45,19.25,101466.23,15.35,74.48,-1048332.81,5.48
20:29,101408.47,28.45,19.33,101466.87,15.45,74.27,-1049116.25,5.11
20:30,101403.30,28.43,19.53,101465.25,15.22,75.37,-1049740.12,5.03
20:31,101407.33,28.26,19.56,101464.22,14.46,79.19,-1049906.75,4.40
20:32,101403.50,28.20,19.52,101461.92,14.75,78.26,-1051181.87,5.23
20:33,101404.17,28.22,19.60,101455.07,14.31,80.26,-1051817.75,4.45
20:34,101399.97,28.14,19.57,101456.42,14.67,78.17,-1051997.75,5.51
20:35,101397.72,28.21,19.45,101453.21,15.01,75.85,-1052830.25,5.57
20:36,101401.99,28.23,19.55,101458.63,14.91,76.83,-1053268.75,4.86
20:37,101406.21,28.23,19.62,101460.67,14.73,77.96,-1053913.50,4.22
20:38,101400.06,28.27,19.47,101463.67,14.80,77.97,-1054677.12,4.43
20:39,101405.92,28.27,19.58,101456.67,15.06,76.58,-1054994.87,4.53
20:40,101398.92,28.26,19.54,101457.30,14.67,78.32,-1055786.75,4.30
20:41,101405.66,28.27,19.55,101457.91,14.98,77.34,-1056512.50,4.71
20:42,101403.46,28.28,19.54,101459.17,14.89,77.07,-1057305.25,5.49
20:43,101397.25,28.29,19.49,101454.65,15.03,76.22,-1057824.75,5.07
20:44,101402.44,28.33,19.40,101459.35,15.29,74.65,-1058470.75,5.54
20:45,101410.42,28.34,19.37,101458.54,15.39,74.21,-1058837.12,4.75
20:46,101397.86,28.33,19.35,101456.19,15.35,73.43,-1059736.75,5.50
20:47,101397.78,28.32,19.48,101457.99,15.19,75.07,-1060644.50,4.98
20:48,101402.25,28.30,19.56,101458.00,15.14,75.60,-1061100.00,5.56
20:49,101396.14,28.29,19.47,101462.89,15.32,75.26,-1061896.25,5.02
20:50,101404.79,28.24,19.59,101458.57,14.87,77.14,-1063139.00,5.48
20:51,101405.22,28.24,19.36,101456.72,14.98,75.98,-1062794.00,4.40
20:52,101403.60,28.24,19.45,101455.49,15.05,75.84,-1063973.87,5.21
20:53,101394.38,28.19,19.58,101460.24,14.62,78.04,-1064384.75,4.84
20:54,101408.66,28.17,19.39,101455.71,15.02,75.48,-1065620.25,4.57
20:55,101412.06,28.17,19.57,101461.46,14.95,76.87,-1066805.12,4.27
20:56,101403.56,28.18,19.58,101459.88,14.90,76.35,-1067232.62,5.65
20:57,101416.10,28.08,19.68,101457.60,14.56,77.33,-1067105.12,4.93
20:58,101404.42,28.08,19.64,101457.33,14.98,76.16,-1068184.25,5.58
20:59,101396.21,28.12,19.73,101456.10,14.86,77.08,-1068856.25,5.07
21:0,101398.14,28.20,19.45,101453.49,15.10,75.14,-1069263.12,4.20
21:1,101393.30,28.22,19.61,101455.69,15.08,75.34,-1069976.87,5.59
21:2,101392.11,28.23,19.49,101459.44,15.07,75.86,-1070894.12,4.30
21:3,101403.91,28.23,19.56,101454.89,15.05,76.11,-1071057.50,4.27
21:4,101396.35,28.22,19.60,101463.00,14.97,76.66,-1071595.25,5.65
21:5,101409.49,28.27,19.50,101461.66,14.97,76.78,-1072248.00,4.47
21:6,101402.21,28.18,19.72,101461.17,14.86,77.55,-1073152.25,5.19
21:7,101409.85,28.17,19.81,101463.73,14.89,77.11,-1073763.37,4.26
21:8,101404.46,28.24,19.45,101463.10,15.01,75.91,-1074624.25,4.50
21:9,101402.64,28.22,19.54,101462.27,15.13,74.75,-1075130.37,4.66
21:10,101407.17,28.25,19.38,101465.35,14.92,76.60,-1076035.75,5.69
21:11,101409.66,28.14,19.56,101464.57,14.59,77.73,-1076560.25,4.68
21:12,101399.10,28.11,19.64,101461.39,14.97,75.78,-1077018.75,4.87
21:13,101402.61,28.14,19.76,101456.15,14.68,78.00,-1078017.50,4.67
21:14,101404.16,28.16,19.51,101461.10,15.05,75.37,-1078603.87,4.19
21:15,101414.44,28.17,19.53,101462.34,15.12,75.07,-1079579.37,4.59
21:16,101393.11,28.17,19.61,101462.13,14.93,75.96,-1080130.87,4.97
21:17,101400.14,28.14,19.64,101461.69,14.66,78.57,-1080705.00,4.43
21:18,101404.30,28.14,19.56,101463.35,14.93,75.29,-1080833.12,4.27
21:19,101406.77,28.15,19.41,101466.11,14.98,75.84,-1082186.62,4.85
21:20,101409.08,28.17,19.49,101469.15,15.40,73.18,-1083168.50,5.57
21:21,101408.14,28.19,19.55,101471.03,15.42,73.40,-1083468.25,5.41
21:22,101408.93,28.21,19.55,101468.71,15.18,75.25,-1084454.25,5.06
21:23,101415.58,28.23,19.62,101470.67,15.16,75.57,-1085058.50,5.29
21:24,101419.71,28.23,19.54,101469.11,15.04,75.30,-1085789.75,4.67
21:25,101416.60,28.25,19.54,101465.11,15.11,74.96,-1086405.50,5.53
21:26,101409.10,28.22,19.62,101466.37,15.20,74.77,-1086751.87,5.59
21:27,101411.18,28.28,19.43,101467.41,15.34,73.46,-1087737.75,4.89
21:28,101410.42,28.28,19.36,101471.88,15.43,73.28,-1088383.87,5.52
21:29,101409.47,28.30,19.37,101472.35,15.46,73.66,-1088998.62,4.24
21:30,101407.46,28.34,19.47,101470.85,15.41,73.42,-1089627.25,5.44
21:31,101412.22,28.32,19.44,101470.41,15.37,73.32,-1090041.00,5.32
21:32,101413.41,28.32,19.37,101471.41,15.61,72.40,-1090544.25,4.78
21:33,101405.25,28.34,19.32,101468.49,15.79,70.22,-1091590.75,5.06
21:34,101405.84,28.34,19.49,101467.99,15.45,74.05,-1092517.25,5.43
21:35,101412.80,28.38,19.47,101471.91,15.23,74.31,-1092856.25,4.54
21:36,101403.21,28.33,19.36,101463.80,14.85,76.68,-1093261.87,4.96
21:37,101399.36,28.30,19.59,101461.64,14.85,77.97,-1094552.00,4.45
21:38,101389.97,28.35,19.63,101456.80,14.91,77.15,-1095215.62,4.29
21:39,101399.92,28.35,19.59,101458.71,14.77,77.17,-1095670.50,5.48
21:40,101401.60,28.34,19.48,101457.85,14.96,76.26,-1096484.87,5.12
21:41,101402.87,28.33,19.59,101453.07,15.02,76.84,-1097219.75,5.45
21:42,101399.24,28.36,19.41,101457.96,15.04,76.03,-1097212.25,4.21
21:43,101392.07,28.34,19.46,101458.72,15.13,75.16,-1098569.00,4.21
21:44,101415.85,28.40,19.28,101461.71,15.22,74.59,-1099512.75,5.13
21:45,101401.89,28.38,19.42,101461.36,15.07,76.06,-1099512.00,4.53
21:46,101387.41,28.34,19.59,101452.97,14.96,76.78,-1100552.12,5.64
21:47,101400.32,28.34,19.67,101454.15,14.77,77.39,-1102095.75,4.45
21:48,101399.07,28.36,19.41,101454.07,15.10,75.06,-1102354.00,4.55
21:49,101395.33,28.35,19.41,101455.77,15.16,75.68,-1102604.62,5.27
21:50,101398.95,28.38,19.29,101459.80,15.27,74.31,-1103789.00,5.41
21:51,101400.74,28.34,19.33,101462.13,15.26,74.93,-1104660.00,4.36
21:52,101405.07,28.34,19.37,101465.15,15.61,71.74,-1105265.50,4.55
21:53,101384.69,28.32,19.58,101458.58,15.37,74.62,-1105963.75,5.19
21:54,101400.30,28.29,19.62,101461.69,14.98,76.34,-1106811.25,4.80
21:55,101408.43,28.38,19.53,101462.61,14.92,76.83,-1107326.87,4.69
21:56,101400.76,28.37,19.48,101458.86,15.09,75.33,-1107676.62,5.64
21:57,101399.03,28.38,19.25,101463.56,15.36,74.23,-1108413.25,5.11
21:58,101400.66,28.33,19.31,101458.25,15.11,74.85,-1109345.25,5.54
21:59,101417.99,28.34,19.59,101461.37,15.19,74.68,-1109907.25,5.62
22:0,101403.86,28.31,19.67,101460.03,15.01,76.27,-1110511.50,4.87
22:1,101403.64,28.31,19.64,101455.05,15.08,75.49,-1111129.25,4.32
22:2,101400.75,28.33,19.65,101464.17,14.89,77.06,-1112417.12,4.50
22:3,101403.02,28.31,19.71,101463.58,14.52,78.87,-1112657.62,5.20
22:4,101400.94,28.23,19.57,101466.07,15.05,74.77,-1113651.25,4.67
22:5,101407.41,28.20,19.61,101462.85,15.24,73.81,-1114557.87,5.63
22:6,101406.23,28.26,19.57,101468.97,15.06,75.69,-1115431.25,5.71
22:7,101407.27,28.28,19.47,101468.12,15.09,75.61,-1115989.12,5.63
22:8,101415.60,28.30,19.69,101473.17,15.02,75.83,-1116672.00,4.48
22:9,101409.92,28.32,19.54,101468.43,15.05,76.27,-1117211.12,4.99
22:10,101407.39,28.36,19.49,101466.33,15.07,76.20,-1117995.12,4.42
22:11,101407.38,28.33,19.59,101468.99,15.16,74.91,-1118087.00,4.64
22:12,101398.96,28.32,19.64,101465.98,14.98,76.95,-1119740.50,5.09
22:13,101416.83,28.35,19.49,101471.44,15.19,74.72,-1119974.87,4.34
22:14,101403.91,28.36,19.32,101474.02,15.42,73.44,-1121038.75,4.43
22:15,101412.55,28.33,19.37,101474.75,15.45,72.56,-1121757.12,5.54
22:16,101416.63,28.33,19.47,101471.82,15.14,75.51,-1122800.50,5.23
22:17,101414.34,28.32,19.59,101474.75,15.21,74.09,-1122734.37,4.26
22:18,101416.08,28.37,19.36,101478.83,15.23,73.86,-1123641.50,4.20
22:19,101426.64,28.41,19.17,101475.07,15.16,74.95,-1124366.87,4.25
22:20,101417.80,28.41,19.17,101479.13,15.48,72.43,-1124976.25,4.76
22:21,101417.42,28.36,19.34,101482.32,15.55,71.85,-1125758.37,4.43
22:22,101415.85,28.40,19.26,101478.82,15.42,74.03,-1126494.87,5.39
22:23,101421.99,28.43,19.27,101481.32,15.28,74.78,-1127393.00,4.66
22:24,101413.30,28.40,19.31,101478.85,15.28,74.56,-1127890.75,5.48
22:25,101424.47,28.36,19.25,101484.17,15.26,74.16,-1128194.75,5.58
22:26,101429.00,28.38,19.31,101485.85,15.43,73.57,-1128666.25,4.85
22:27,101427.21,28.38,19.31,101481.77,15.27,74.83,-1129890.00,4.34
22:28,101422.52,28.36,19.42,101485.99,15.30,74.80,-1131106.25,5.02
22:29,101422.39,28.41,19.27,101485.99,15.26,74.53,-1131816.37,4.25
22:30,101429.14,28.46,19.24,101491.18,15.52,72.97,-1131758.00,5.07
22:31,101433.35,28.41,19.44,101491.71,15.05,75.22,-1132950.87,4.37
22:32,101433.13,28.43,19.29,101491.14,15.36,73.70,-1133132.75,5.43
22:33,101428.36,28.43,19.45,101489.36,15.29,75.65,-1134353.12,5.16
22:34,101430.16,28.46,19.26,101488.05,15.39,74.08,-1134788.25,5.03
22:35,101432.46,28.47,19.33,101492.47,15.15,75.84,-1135574.75,5.44
22:36,101440.76,28.45,19.29,101492.61,15.14,75.51,-1136072.00,4.23
22:37,101437.24,28.37,19.51,101492.85,14.74,77.57,-1136506.50,5.41
22:38,101427.30,28.38,19.29,101493.94,15.02,76.52,-1137385.62,4.63
22:39,101442.38,28.33,19.53,101503.17,14.89,77.29,-1138343.37,5.35
22:40,101437.17,28.41,19.30,101495.67,15.16,75.07,-1139029.37,4.25
22:41,101437.20,28.43,19.29,101494.42,15.19,75.41,-1139955.62,4.80
22:42,101423.95,28.43,19.45,101493.64,14.97,77.30,-1140546.50,5.52
22:43,101439.00,28.48,19.30,101494.19,15.17,75.49,-1140886.75,4.74
22:44,101430.44,28.50,19.20,101492.42,15.44,74.19,-1141822.00,5.59
22:45,101442.83,28.52,19.11,101495.69,15.52,73.30,-1143035.75,5.28
22:46,101431.36,28.53,19.16,101495.05,15.50,73.85,-1143391.25,5.32
22:47,101433.40,28.53,19.17,101497.01,15.75,71.88,-1144065.75,5.37
22:48,101428.90,28.51,19.27,101489.89,15.36,75.32,-1144736.25,4.93
22:49,101428.47,28.52,19.22,101497.53,15.31,75.26,-1145456.37,4.20
22:50,101424.05,28.51,19.17,101488.73,15.26,75.24,-1145819.87,4.36
22:51,101435.02,28.53,19.29,101493.31,15.18,75.51,-1146473.25,5.10
22:52,101431.46,28.56,19.37,101489.50,15.15,76.34,-1147378.37,5.01
22:53,101436.48,28.55,19.26,101497.88,15.53,73.44,-1148513.25,5.23
22:54,101435.12,28.55,19.23,101489.05,15.34,74.37,-1148728.00,4.34
22:55,101432.23,28.55,19.21,101494.21,15.35,74.63,-1149659.87,4.89
22:56,101429.60,28.54,19.15,101492.10,15.42,74.34,-1150553.75,4.52
22:57,101434.07,28.46,19.52,101495.33,14.96,76.65,-1150805.00,5.01
22:58,101422.35,28.46,19.24,101489.68,15.05,76.60,-1152270.00,4.28
22:59,101429.48,28.48,19.43,101493.08,14.92,77.68,-1152676.62,5.35
23:0,101428.21,28.53,19.32,101493.25,15.10,76.11,-1153009.25,4.45
23:1,101440.14,22.23,39.13,101491.80,15.28,75.77,-1153898.12,0.83
23:2,101443.18,16.49,70.13,101490.23,15.02,78.01,-1154325.87,0.52
23:3,101458.96,16.09,69.37,101499.47,14.80,79.53,-1155090.00,0.53
23:4,101434.63,23.21,35.33,101489.85,14.68,79.55,-1154985.87,4.70
23:5,101418.83,27.47,21.88,101486.69,14.94,77.31,-1156568.75,4.89
23:6,101423.71,28.06,20.54,101489.67,14.86,77.43,-1156675.87,4.61
23:7,101435.41,28.19,20.03,101486.92,15.31,74.42,-1157237.62,4.53
23:8,101431.21,28.25,20.05,101492.74,15.33,75.26,-1157449.50,4.28
23:9,101420.28,28.32,19.78,101490.24,15.42,74.72,-1157967.75,5.59
23:10,101427.13,28.37,19.68,101490.53,15.46,73.97,-1158031.37,5.54
23:11,101420.44,28.40,19.71,101489.75,15.46,73.69,-1158697.00,4.62
23:12,101436.24,28.41,19.53,101490.96,15.68,71.10,-1159725.00,5.01
23:13,101422.32,28.39,19.73,101486.95,15.72,72.93,-1160200.75,4.53
23:14,101429.21,28.44,19.66,101489.60,15.44,73.99,-1161139.75,5.62
23:15,101422.09,28.47,19.55,101483.89,15.28,74.40,-1161594.25,5.27
23:16,101423.87,28.47,19.45,101488.46,15.40,75.07,-1162203.62,5.45
23:17,101426.92,28.48,19.45,101486.53,15.49,72.91,-1162782.12,4.47
23:18,101429.91,28.47,19.68,101485.44,15.29,75.73,-1163536.75,4.34
23:19,101434.75,28.47,19.49,101485.10,15.15,75.55,-1163607.25,5.71
23:20,101425.03,28.45,19.61,101484.07,15.25,75.71,-1164800.37,5.66
23:21,101432.72,28.50,19.46,101492.44,15.41,73.72,-1165069.75,4.43
23:22,101424.65,28.51,19.51,101487.09,15.33,75.16,-1166416.12,5.19
23:23,101431.78,28.52,19.39,101491.50,15.39,74.38,-1166507.00,5.13
23:24,101420.23,28.52,19.34,101492.71,15.41,74.04,-1167497.37,5.36
23:25,101422.78,28.50,19.49,101486.60,15.25,75.83,-1167873.12,5.21
23:26,101434.42,28.51,19.33,101491.71,15.39,73.71,-1168533.37,5.12
23:27,101430.86,28.49,19.35,101492.17,15.48,74.33,-1168844.37,4.57
23:28,101428.72,28.47,19.79,101493.82,15.18,75.97,-1169882.00,4.29
23:29,101431.28,28.52,19.46,101487.42,15.19,75.23,-1170803.75,5.45
23:30,101434.19,28.54,19.34,101490.46,15.12,76.11,-1171237.75,5.15
23:31,101433.50,28.51,19.46,101488.77,15.23,74.96,-1171766.87,5.25
23:32,101422.61,28.51,19.46,101491.35,15.56,73.97,-1172414.37,4.34
23:33,101434.00,28.52,19.44,101492.26,15.44,74.04,-1173438.75,4.24
23:34,101438.42,28.56,19.30,101489.50,15.30,74.76,-1174396.87,5.65
23:35,101426.80,28.54,19.55,101487.17,15.29,75.16,-1175112.50,5.10
23:36,101443.36,28.55,19.62,101491.41,15.34,73.92,-1175375.00,4.94
23:37,101423.89,28.56,19.48,101489.49,15.20,76.75,-1176170.25,4.81
23:38,101432.17,28.57,19.41,101491.58,15.44,73.54,-1176923.25,4.46
23:39,101430.78,28.56,19.30,101494.75,15.48,73.08,-1177725.87,5.65
23:40,101434.25,28.53,19.37,101495.25,15.37,75.41,-1178130.62,5.06
23:41,101423.99,28.56,19.34,101491.25,15.31,74.57,-1178893.87,5.59
23:42,101441.33,28.54,19.51,101492.64,15.29,76.06,-1179380.75,4.74
23:43,101434.85,28.52,19.66,101492.80,15.21,75.45,-1180432.62,5.65
23:44,101426.78,28.56,19.59,101489.35,15.23,75.88,-1180957.25,5.05
23:45,101431.46,28.56,19.36,101488.06,15.24,74.85,-1182205.75,5.65
23:46,101436.25,28.57,19.42,101489.15,15.32,75.12,-1182762.87,5.12
23:47,101426.43,28.51,19.40,101485.75,15.24,75.63,-1183155.75,5.16
23:48,101429.57,28.48,19.64,101490.50,15.02,76.81,-1183937.12,4.65
23:49,101436.06,28.55,19.30,101491.61,15.33,74.28,-1184665.75,4.43
23:50,101434.86,28.55,19.31,101490.85,15.40,74.25,-1185402.25,4.61
23:51,101429.75,28.53,19.49,101489.99,15.36,75.11,-1185887.12,4.29
23:52,101431.08,28.61,19.35,101492.85,15.25,75.91,-1186430.87,5.61
23:53,101426.57,28.61,19.17,101488.96,15.27,74.80,-1187552.12,5.63
23:54,101437.43,28.58,19.31,101488.00,15.22,75.65,-1187839.75,5.60
23:55,101434.16,28.53,19.50,101485.78,15.10,76.58,-1188368.87,4.86
23:56,101423.30,28.56,19.28,101490.29,15.05,76.49,-1189680.25,5.27
23:57,101426.54,28.54,19.34,101494.39,14.97,76.77,-1189637.75,4.54
23:58,101426.64,28.58,19.25,101489.75,15.09,76.47,-1191180.75,4.70
23:59,101429.85,28.55,19.40,101488.55,15.16,76.20,-1191906.12,5.71
0:0,101425.28,28.58,19.38,101487.47,15.14,76.32,-1192521.87,4.37
0:1,101419.35,28.62,19.30,101490.74,14.98,77.39,-1192655.75,4.24
0:2,101436.68,28.62,19.20,101492.45,15.07,76.22,-1193422.87,4.97
0:3,101440.97,28.51,19.49,101490.69,15.05,77.05,-1194025.25,4.46
0:4,101428.55,28.47,19.51,101495.35,14.87,78.38,-1194980.00,5.61
0:5,101428.95,28.45,19.67,101491.68,15.00,77.29,-1195715.75,4.43
0:6,101430.61,28.50,19.35,101492.63,15.47,72.89,-1196492.75,5.01
0:7,101425.50,28.52,19.28,101492.05,15.72,71.72,-1197263.75,4.72
0:8,101431.96,28.50,19.45,101493.94,15.58,73.84,-1198026.37,4.53
0:9,101426.27,28.51,19.42,101486.01,15.17,76.33,-1198676.62,5.50
0:10,101430.42,28.46,19.64,101486.55,15.00,77.16,-1199473.50,5.51
0:11,101425.27,28.54,19.17,101488.38,15.17,74.97,-1200108.75,4.23
0:12,101429.33,28.51,19.32,101486.63,15.30,75.24,-1200334.75,5.50
0:13,101429.17,28.54,19.42,101488.97,15.09,76.58,-1201589.87,5.62
0:14,101426.27,28.57,19.20,101487.23,15.16,75.05,-1202088.00,4.24
0:15,101416.51,28.54,19.29,101487.89,15.06,76.77,-1202645.50,4.29
0:16,101432.64,28.53,19.29,101490.64,15.30,75.48,-1203478.50,5.30
0:17,101428.10,28.45,19.62,101482.72,15.05,76.38,-1204218.25,5.58
0:18,101418.01,28.46,19.38,101486.48,15.33,74.37,-1204743.75,5.33
0:19,101423.36,28.47,19.40,101481.78,15.23,75.82,-1205366.62,5.58
0:20,101427.02,28.46,19.58,101484.30,15.09,75.44,-1206274.62,5.05
0:21,101419.21,28.52,19.35,101484.61,15.34,75.44,-1206998.12,5.52
0:22,101425.17,28.54,19.29,101483.92,15.43,72.60,-1207958.87,4.36
0:23,101429.85,28.49,19.54,101489.81,15.27,75.68,-1208348.25,4.27
0:24,101430.96,28.53,19.34,101487.57,15.33,74.69,-1208811.62,5.47
0:25,101425.94,28.56,19.33,101490.16,15.36,74.30,-1209383.25,5.16
0:26,101429.42,28.56,19.25,101488.63,15.40,73.79,-1210478.12,4.96
0:27,101416.25,28.55,19.28,101487.78,15.47,74.17,-1211048.62,4.81
0:28,101423.65,28.54,19.57,101483.63,15.08,76.43,-1211939.50,4.60
0:29,101423.15,28.58,19.35,101480.41,15.15,75.65,-1212451.37,5.36
0:30,101412.02,28.58,19.33,101480.78,15.31,75.64,-1213290.62,5.44
0:31,101419.39,28.55,19.28,101481.57,15.13,76.52,-1214219.12,4.30
0:32,101419.29,28.53,19.45,101483.50,15.19,76.02,-1214476.25,5.31
0:33,101410.65,28.54,19.43,101479.24,15.26,75.21,-1214748.12,4.27
0:34,101415.83,28.54,19.43,101477.71,15.24,75.56,-1215865.25,5.03
0:35,101418.12,28.56,19.43,101481.74,15.37,74.86,-1216770.37,4.29
0:36,101413.35,28.57,19.39,101474.63,15.49,73.99,-1217017.62,5.45
0:37,101422.89,28.59,19.29,101477.40,15.66,73.08,-1217940.50,4.73
0:38,101412.78,28.57,19.30,101478.38,15.74,72.11,-1218445.62,5.66
0:39,101407.59,28.54,19.38,101479.55,15.53,73.89,-1219395.12,5.13
0:40,101409.88,28.54,19.59,101475.05,15.09,77.07,-1219973.37,5.66
0:41,101410.24,28.63,19.21,101472.57,15.57,72.71,-1220167.37,4.29
0:42,101405.57,28.58,19.48,101468.66,15.26,75.93,-1221489.25,4.83
0:43,101398.42,28.59,19.39,101467.22,15.03,76.97,-1222193.75,4.92
0:44,101407.78,28.62,19.33,101463.99,14.99,77.60,-1222661.25,5.46
0:45,101400.80,28.63,19.19,101466.53,15.33,75.05,-1223140.50,5.70
0:46,101399.53,28.61,19.26,101463.20,15.41,75.09,-1223893.50,4.72
0:47,101401.30,28.60,19.27,101467.02,15.49,73.59,-1224552.00,5.50
0:48,101394.86,28.61,19.30,101465.19,15.51,73.49,-1225173.37,4.26
0:49,101399.53,28.62,19.31,101468.10,15.49,74.63,-1226339.00,5.11
0:50,101411.60,28.62,19.33,101470.80,15.53,73.24,-1226868.00,4.30
0:51,101411.09,28.63,19.29,101477.46,15.33,75.32,-1227810.12,4.87
0:52,101419.43,28.61,19.43,101477.19,15.19,76.04,-1228060.87,4.28
0:53,101415.25,28.58,19.33,101481.67,15.26,75.32,-1228742.62,4.61
0:54,101419.60,28.61,19.33,101485.39,15.33,74.92,-1229776.50,5.41
0:55,101424.10,28.63,19.20,101489.71,15.39,74.58,-1230853.00,4.29
0:56,101423.92,28.59,19.44,101484.96,15.22,75.66,-1231361.75,4.92
0:57,101417.21,28.59,19.50,101479.10,15.13,76.19,-1231794.75,4.90
0:58,101409.40,28.61,19.31,101479.88,15.37,73.93,-1232525.25,4.28
0:59,101421.44,28.60,19.29,101484.46,15.15,76.34,-1233404.75,5.59
1:0,101426.80,28.59,19.31,101484.96,15.42,73.77,-1233683.00,4.94
1:1,101412.77,28.56,19.48,101484.47,15.47,74.63,-1234307.62,5.12
1:2,101419.49,28.60,19.35,101476.21,15.32,75.44,-1235058.37,4.29
1:3,101409.39,28.64,19.19,101479.38,15.46,73.36,-1235876.75,5.19
1:4,101417.97,28.58,19.58,101477.57,15.16,76.37,-1236752.12,4.32
1:5,101411.85,28.63,19.30,101478.89,15.49,72.99,-1236938.25,5.06
1:6,101412.46,28.62,19.15,101482.32,15.70,71.68,-1238433.62,4.32
1:7,101415.78,28.62,19.19,101484.53,15.76,72.63,-1238773.25,5.09
1:8,101426.04,28.58,19.32,101483.66,15.38,73.85,-1239104.62,4.38
1:9,101422.05,28.58,19.22,101486.42,15.40,73.23,-1239816.37,5.50
1:10,101420.84,28.56,19.38,101486.53,15.47,73.24,-1240595.25,4.35
1:11,101426.53,28.56,19.27,101486.82,15.33,75.00,-1241637.25,4.89
1:12,101425.10,28.54,19.38,101483.27,15.20,74.95,-1241249.62,5.15
1:13,101425.53,28.57,19.25,101489.39,15.32,73.94,-1243042.87,4.43
1:14,101424.22,28.52,19.32,101489.48,15.23,74.62,-1243280.25,4.22
1:15,101431.19,28.51,19.42,101490.63,15.23,74.96,-1244565.75,5.73
1:16,101426.88,28.55,19.21,101486.25,15.31,74.49,-1245040.12,5.59
1:17,101435.38,28.54,19.33,101490.67,15.45,73.83,-1245562.00,5.54
1:18,101419.83,28.54,19.42,101481.00,15.42,74.20,-1246524.25,4.37
1:19,101413.47,28.57,19.34,101487.22,15.55,72.88,-1246925.25,4.49
1:20,101422.89,28.59,19.25,101485.02,15.55,73.74,-1247667.00,5.37
1:21,101427.34,28.61,19.19,101488.55,15.69,72.46,-1248372.37,5.10
1:22,101425.27,28.59,19.36,101490.90,15.64,71.86,-1248869.50,4.40
1:23,101424.77,28.58,19.36,101489.24,15.49,73.84,-1249895.25,5.30
1:24,101428.67,28.58,19.37,101484.69,15.18,76.08,-1250308.75,4.38
1:25,101418.83,28.61,19.23,101489.51,15.48,73.08,-1251235.50,5.19
1:26,101428.92,28.60,19.30,101493.10,15.46,74.13,-1251490.62,4.91
1:27,101424.25,28.59,19.33,101489.83,15.18,75.62,-1252769.62,5.56
1:28,101428.35,28.62,19.15,101485.28,15.07,76.22,-1253438.75,4.57
1:29,101428.42,28.59,19.15,101487.26,15.18,75.01,-1254141.87,5.41
1:30,101429.42,28.54,19.28,101488.50,15.64,71.72,-1254654.87,4.60
1:31,101429.92,28.52,19.31,101487.76,15.34,74.92,-1255368.75,4.70
1:32,101415.38,28.46,19.45,101488.04,15.31,75.47,-1256277.75,4.58
1:33,101423.53,28.48,19.32,101490.38,15.31,74.69,-1256514.62,4.32
1:34,101426.39,28.45,19.52,101487.02,15.01,76.40,-1256482.50,5.24
1:35,101430.67,28.47,19.26,101492.02,15.45,73.10,-1258091.87,4.18
1:36,101426.50,28.42,19.30,101490.05,15.65,72.11,-1258917.75,5.19
1:37,101424.37,28.42,19.27,101491.88,15.82,70.87,-1259455.37,4.75
1:38,101418.74,28.40,19.37,101491.80,15.40,74.09,-1260325.00,4.94
1:39,101442.27,28.40,19.36,101492.67,15.30,74.19,-1260147.37,5.16
1:40,101423.25,28.39,19.35,101494.30,15.14,75.48,-1261509.62,4.94
1:41,101431.32,28.41,19.36,101494.30,15.29,74.05,-1262211.25,4.22
1:42,101429.49,28.35,19.64,101496.12,14.89,76.98,-1263027.75,5.50
1:43,101424.30,28.36,19.37,101491.63,14.83,77.08,-1263546.25,5.05
1:44,101437.09,28.41,19.18,101494.82,15.07,74.86,-1264242.25,4.27
1:45,101426.08,28.36,19.28,101489.66,15.17,74.64,-1265107.87,5.75
1:46,101420.64,28.36,19.21,101490.76,15.07,74.73,-1265420.12,5.54
1:47,101432.35,28.33,19.19,101491.59,14.96,75.79,-1265858.62,4.43
1:48,101421.99,28.32,19.19,101497.46,15.37,71.90,-1266503.12,4.58
1:49,101437.88,28.32,19.32,101501.49,15.43,72.18,-1267453.00,4.67
1:50,101436.67,28.27,19.30,101500.47,14.97,76.30,-1268077.62,5.41
1:51,101434.41,28.23,19.33,101497.21,15.38,72.80,-1268874.62,5.47
1:52,101434.08,28.21,19.33,101499.00,15.29,73.32,-1269795.37,4.71
1:53,101437.66,28.25,19.29,101499.99,15.23,74.23,-1270026.25,5.34
1:54,101438.24,28.20,19.38,101499.86,15.17,73.89,-1270522.50,4.44
1:55,101431.34,28.16,19.39,101499.91,14.84,76.45,-1271850.12,5.52
1:56,101433.52,28.15,19.31,101503.67,15.39,72.34,-1272517.25,4.61
1:57,101430.18,28.12,19.52,101501.70,15.29,74.15,-1273441.25,4.59
1:58,101440.14,28.14,19.42,101503.88,15.20,72.72,-1273747.75,5.31
1:59,101440.32,28.13,19.41,101504.50,15.13,73.33,-1274032.12,5.54
2:0,101433.50,28.12,19.40,101499.72,15.18,73.23,-1275128.12,4.29
2:1,101435.97,28.08,19.48,101502.85,14.86,75.53,-1275925.62,4.23
2:2,101430.21,28.00,19.49,101502.34,14.74,76.10,-1276420.12,5.27
2:3,101438.04,28.03,19.38,101502.00,14.88,75.47,-1276987.37,5.47
2:4,101431.33,28.02,19.41,101501.91,15.09,73.58,-1277522.62,4.25
2:5,101435.39,28.00,19.33,101500.10,15.36,70.61,-1278632.12,5.03
2:6,101430.54,28.00,19.20,101498.83,15.50,70.38,-1279970.37,4.26
2:7,101427.21,27.94,19.51,101503.47,15.57,69.20,-1280755.75,5.03
2:8,101435.78,27.96,19.38,101501.07,15.41,70.23,-1282208.37,4.36
2:9,101431.57,27.97,19.32,101494.00,15.09,72.92,-1282696.87,4.78
2:10,101435.59,27.92,19.33,101497.78,15.30,70.79,-1283443.75,4.40
2:11,101437.52,27.86,19.61,101493.58,14.94,73.52,-1283988.25,4.41
2:12,101437.46,27.90,19.24,101497.73,15.35,70.62,-1285009.12,4.94
2:13,101437.60,27.88,19.32,101501.63,15.54,70.00,-1285724.12,5.20
2:14,101431.49,27.87,19.40,101497.91,15.54,70.08,-1286222.25,5.02
2:15,101439.58,27.82,19.45,101496.74,15.10,72.02,-1287011.62,4.68
2:16,101431.69,27.73,19.52,101504.10,14.81,72.86,-1287584.37,4.18
2:17,101432.50,27.71,19.31,101502.02,15.22,71.28,-1288412.25,5.32
2:18,101438.96,27.69,19.45,101504.50,15.12,71.23,-1288503.62,5.30
2:19,101438.42,27.65,19.37,101497.05,14.98,71.87,-1289734.75,4.92
2:20,101440.00,27.62,19.51,101501.61,15.02,71.60,-1289930.12,4.58
2:21,101429.42,27.65,19.27,101498.38,15.34,70.15,-1290818.75,5.27
2:22,101422.80,27.67,19.34,101496.96,15.22,70.85,-1290850.87,4.91
2:23,101428.91,27.67,19.33,101494.68,15.36,68.37,-1292071.75,4.52
2:24,101426.06,27.69,19.38,101498.10,15.32,70.25,-1292298.00,5.21
2:25,101431.91,27.70,19.26,101494.25,15.33,69.49,-1293470.37,5.23
2:26,101436.64,27.64,19.35,101497.47,15.27,69.58,-1293858.37,5.19
2:27,101432.22,27.66,19.34,101496.32,15.46,69.45,-1294266.75,4.68
2:28,101438.88,27.67,19.33,101500.00,15.33,69.09,-1294774.75,4.81
2:29,101425.41,27.60,19.49,101497.82,14.83,71.67,-1295533.37,5.23
2:30,101418.86,27.51,19.35,101491.00,15.07,70.49,-1296700.25,4.11
2:31,101425.14,27.50,19.44,101495.61,14.92,71.47,-1297003.87,4.59
2:32,101426.59,27.49,19.32,101489.05,15.16,69.65,-1297860.25,4.98
2:33,101420.45,27.46,19.55,101491.18,15.15,69.48,-1298726.37,4.78
2:34,101428.20,27.50,19.44,101491.32,15.31,68.79,-1298901.37,4.28
2:35,101423.99,27.53,19.26,101492.69,15.45,67.64,-1299908.87,5.32
2:36,101429.30,27.50,19.30,101497.32,15.57,66.84,-1300455.00,4.16
2:37,101426.72,27.45,19.43,101498.59,15.30,68.51,-1301115.25,4.71
2:38,101425.07,27.34,19.39,101493.55,14.92,69.78,-1301417.25,5.30
2:39,101421.62,27.35,19.55,101487.74,14.94,70.74,-1302246.37,5.27
2:40,101430.63,27.29,19.50,101494.53,14.65,72.10,-1302689.75,4.41
2:41,101422.57,27.28,19.35,101494.39,14.93,69.95,-1303698.62,4.17
2:42,101426.14,27.29,19.47,101494.20,15.27,68.13,-1303825.25,4.15
2:43,101429.10,27.28,19.59,101498.36,15.04,69.81,-1304616.50,5.12
2:44,101430.67,27.23,19.53,101495.85,14.87,70.45,-1305300.50,4.44
2:45,101428.44,27.22,19.37,101493.22,15.14,68.99,-1305906.87,5.03
2:46,101430.99,27.19,19.49,101493.38,15.15,68.00,-1306706.25,4.24
2:47,101425.69,27.18,19.46,101499.13,15.29,68.42,-1307294.87,5.01
2:48,101441.32,27.05,19.58,101500.21,14.47,72.07,-1307392.75,4.98
2:49,101438.78,26.97,19.74,101496.67,14.62,71.37,-1308350.75,4.91
2:50,101447.05,26.96,19.65,101500.04,14.68,70.97,-1308828.00,4.12
2:51,101442.17,26.99,19.67,101497.00,14.79,68.85,-1309372.00,5.36
2:52,101436.02,27.00,19.57,101497.27,14.85,69.07,-1310053.25,5.16
2:53,101440.64,26.97,19.74,101499.80,14.90,68.71,-1310699.87,5.49
2:54,101433.57,26.94,19.79,101497.44,14.68,69.95,-1310770.75,5.23
2:55,101434.80,26.83,19.68,101497.22,14.38,70.89,-1311896.00,4.63
2:56,101428.91,26.80,19.70,101495.44,14.51,70.84,-1312266.75,4.38
2:57,101437.13,26.74,19.73,101498.08,14.48,70.78,-1312873.75,4.18
2:58,101425.14,26.70,19.66,101487.32,14.52,70.34,-1313962.00,4.96
2:59,101434.11,26.68,19.74,101492.00,14.49,69.98,-1314380.37,4.38
3:0,101439.92,26.72,19.69,101494.74,14.89,69.14,-1315390.62,5.57
3:1,101436.45,26.73,19.71,101494.24,14.76,69.10,-1315716.37,4.90
3:2,101437.80,26.71,19.76,101502.24,14.66,69.22,-1316158.75,4.19
3:3,101446.87,26.66,19.70,101498.83,14.61,69.64,-1316941.12,4.16
3:4,101432.41,26.67,19.54,101504.57,14.80,66.81,-1317611.75,5.62
3:5,101440.33,26.64,19.77,101503.22,14.70,68.28,-1318056.25,5.49
3:6,101441.74,26.68,19.55,101513.14,14.83,67.99,-1318577.75,4.54
3:7,101445.53,26.52,19.75,101507.55,14.36,70.43,-1319079.87,5.26
3:8,101446.25,26.51,19.81,101505.04,14.69,69.46,-1319910.75,5.44
3:9,101445.53,26.53,19.85,101511.38,14.49,69.75,-1320462.62,5.01
3:10,101442.82,26.53,19.84,101509.77,14.65,69.29,-1321098.12,5.42
3:11,101451.47,26.54,19.80,101506.25,14.70,67.38,-1321967.75,4.79
3:12,101440.92,26.56,19.61,101510.03,14.83,68.10,-1322350.25,4.61
3:13,101450.36,26.52,19.80,101508.75,14.78,66.84,-1322965.37,4.85
3:14,101452.53,26.51,19.73,101508.69,14.75,68.29,-1323213.75,4.53
3:15,101447.77,26.50,19.84,101506.25,14.63,68.16,-1323883.25,5.36
3:16,101448.21,26.51,19.88,101513.41,14.63,68.91,-1324451.75,4.27
3:17,101447.99,26.52,19.75,101513.33,14.44,69.79,-1325093.25,5.26
3:18,101454.08,26.52,19.70,101512.47,14.68,67.82,-1325568.37,4.34
3:19,101454.25,26.52,19.68,101514.66,14.78,67.49,-1326138.25,5.47
3:20,101447.14,26.47,19.77,101512.16,14.54,68.38,-1326425.62,4.64
3:21,101448.78,26.48,19.73,101510.03,14.65,68.12,-1327290.12,5.52
3:22,101457.42,26.44,19.77,101515.60,14.53,68.99,-1327756.25,4.98
3:23,101454.13,26.44,19.69,101518.64,14.63,68.24,-1328193.87,5.31
3:24,101463.74,26.46,19.83,101516.22,14.67,68.46,-1328795.62,5.16
3:25,101456.67,26.50,19.70,101521.52,14.97,66.39,-1329470.87,4.36
3:26,101459.64,26.50,19.68,101518.32,14.89,66.90,-1330126.25,5.16
3:27,101463.07,26.46,19.81,101526.14,14.65,67.89,-1330048.75,4.20
3:28,101458.70,26.49,19.81,101518.89,14.77,67.48,-1331247.62,5.15
3:29,101457.90,26.52,19.78,101524.49,14.63,68.43,-1331914.12,4.13
3:30,101457.64,26.46,19.83,101522.58,14.28,70.45,-1331726.37,4.92
3:31,101465.85,26.41,20.00,101523.47,14.63,69.18,-1332666.75,4.45
3:32,101478.19,26.51,19.80,101531.91,14.64,68.63,-1333181.75,4.60
3:33,101463.33,26.53,19.76,101528.99,14.73,67.59,-1333731.62,4.12
3:34,101478.62,26.56,19.66,101529.42,14.78,67.89,-1333920.50,5.42
3:35,101473.28,26.56,19.79,101528.71,14.74,67.51,-1333971.00,4.70
3:36,101473.67,26.60,19.71,101526.75,14.81,68.38,-1334758.87,5.17
3:37,101467.07,26.60,19.83,101531.49,14.75,68.05,-1335080.12,5.05
3:38,101469.61,26.61,19.90,101534.27,14.60,69.38,-1335318.50,4.68
3:39,101472.91,26.60,19.62,101536.96,14.72,68.11,-1336107.50,5.05
3:40,101464.38,26.51,19.85,101532.71,14.49,69.25,-1336360.50,4.64
3:41,101470.86,26.53,19.83,101528.30,14.98,66.83,-1337067.37,4.34
3:42,101470.14,26.56,19.83,101528.99,14.90,68.31,-1337945.00,5.40
3:43,101477.02,26.63,19.78,101529.12,14.81,68.69,-1337746.25,4.26
3:44,101470.25,26.65,19.88,101532.66,14.73,69.24,-1338732.75,4.33
3:45,101464.91,26.65,19.93,101530.25,14.56,70.17,-1339003.25,5.19
3:46,101475.08,26.65,19.83,101532.66,14.70,68.67,-1339614.37,5.03
3:47,101471.47,26.61,19.79,101527.63,14.77,68.38,-1340395.25,5.12
3:48,101463.82,26.66,19.76,101524.90,14.81,67.89,-1339749.37,4.43
3:49,101461.74,26.69,19.75,101527.07,14.79,68.71,-1340162.87,4.48
3:50,101464.24,26.71,19.75,101525.91,14.71,69.35,-1340880.62,5.43
3:51,101469.75,26.72,19.70,101521.53,14.50,70.87,-1341227.12,5.40
3:52,101457.46,26.65,19.79,101526.97,14.55,69.94,-1341931.62,4.68
3:53,101464.83,26.70,19.72,101526.01,14.90,68.09,-1342993.87,5.26
3:54,101460.17,26.71,19.85,101519.05,14.67,69.68,-1343507.25,5.31
3:55,101462.25,26.77,19.76,101522.72,15.04,66.88,-1344029.75,5.47
3:56,101463.69,26.75,19.74,101520.57,14.85,68.34,-1345062.62,5.16
3:57,101463.64,26.73,19.80,101526.33,14.50,70.60,-1345685.50,5.36
3:58,101460.38,26.74,19.69,101522.46,14.66,68.76,-1346575.12,5.48
3:59,101459.25,26.80,19.58,101521.04,14.96,67.87,-1346977.00,4.66
4:0,101455.32,26.85,19.51,101528.17,14.67,70.47,-1347370.62,4.25
4:1,101457.16,26.69,19.75,101522.82,14.30,71.67,-1348311.75,4.05
4:2,101468.74,26.73,19.51,101520.27,14.69,68.48,-1349043.25,4.14
4:3,101465.60,26.72,19.67,101522.46,14.60,70.51,-1349638.75,5.01
4:4,101462.67,26.76,19.91,101525.67,14.70,70.16,-1349681.62,4.68
4:5,101464.66,26.78,19.79,101529.32,14.58,70.61,-1350724.50,5.46
4:6,101458.78,26.76,19.68,101526.68,14.63,70.69,-1351302.87,5.33
4:7,101465.26,26.79,19.69,101531.28,14.84,69.42,-1351654.75,5.29
4:8,101469.80,26.81,19.51,101535.27,14.95,67.46,-1352458.25,5.04
4:9,101468.32,26.80,19.75,101535.13,14.67,70.36,-1352492.12,5.02
4:10,101465.61,26.81,19.54,101530.96,14.53,70.42,-1353059.50,5.17
4:11,101467.60,26.82,19.57,101529.01,14.66,70.69,-1353953.62,4.11
4:12,101471.49,26.81,19.79,101533.88,14.73,70.34,-1354559.25,4.98
4:13,101468.24,26.80,19.87,101533.96,14.15,73.13,-1354907.12,4.03
4:14,101474.42,26.74,19.76,101540.22,14.68,70.68,-1356239.37,5.27
4:15,101460.52,26.73,19.94,101536.88,14.41,72.66,-1356495.87,4.37
4:16,101475.52,26.72,19.71,101534.68,14.63,70.03,-1357692.12,4.54
4:17,101481.07,26.76,19.84,101537.89,14.71,70.36,-1357795.12,4.87
4:18,101474.85,26.80,19.78,101536.21,14.69,71.16,-1358615.00,4.18
4:19,101469.50,26.86,19.62,101534.75,14.95,68.31,-1358923.50,5.47
4:20,101485.86,26.85,19.74,101540.67,14.53,71.96,-1359004.00,4.09
4:21,101469.54,26.82,19.86,101536.00,14.61,71.15,-1359734.37,4.30
4:22,101477.82,26.87,19.78,101541.17,14.67,70.73,-1361109.75,5.44
4:23,101469.75,26.93,19.69,101535.13,14.80,69.98,-1361642.62,4.38
4:24,101471.50,26.96,19.66,101531.01,14.82,69.18,-1362013.37,4.81
4:25,101469.00,26.94,19.86,101531.41,14.67,71.41,-1362704.37,4.06
4:26,101476.08,26.91,19.79,101540.35,14.64,70.48,-1363283.75,4.25
4:27,101467.97,26.86,19.92,101533.96,14.30,73.64,-1363835.87,5.09
4:28,101470.14,26.89,19.65,101536.36,14.59,70.52,-1364933.50,5.22
4:29,101477.52,26.92,19.78,101531.36,14.55,72.00,-1365474.00,5.45
4:30,101458.15,26.95,19.64,101530.97,14.67,71.28,-1366028.12,5.02
4:31,101474.39,26.98,19.59,101529.15,14.83,70.14,-1366636.50,5.51
4:32,101469.42,26.94,19.77,101532.39,14.79,70.63,-1367253.37,5.05
4:33,101472.42,26.98,19.58,101527.63,14.94,69.27,-1367544.12,4.77
4:34,101472.22,26.88,19.80,101535.96,14.54,71.47,-1368437.00,5.19
4:35,101473.50,26.88,19.80,101532.46,14.71,70.32,-1369119.12,4.34
4:36,101473.44,26.89,19.70,101528.42,14.53,71.58,-1369411.87,4.67
4:37,101477.64,26.87,19.67,101535.58,14.47,72.54,-1370315.12,4.15
4:38,101467.25,26.89,19.51,101539.89,14.99,68.00,-1370723.75,5.02
4:39,101468.16,26.89,19.84,101540.13,14.74,70.28,-1371285.75,4.20
4:40,101479.00,26.93,19.59,101535.64,14.78,69.92,-1372072.50,4.07
4:41,101470.94,26.93,19.67,101535.13,14.71,71.03,-1372638.37,4.66
4:42,101465.44,26.94,19.57,101536.89,14.91,68.88,-1373433.25,4.13
4:43,101463.14,26.94,19.64,101531.45,14.75,69.88,-1373619.62,4.60
4:44,101477.69,26.92,19.77,101539.71,14.58,71.87,-1374315.75,4.10
4:45,101479.34,26.94,19.53,101541.14,14.81,70.25,-1375230.75,4.95
4:46,101480.91,26.90,19.77,101540.65,14.56,72.08,-1375968.00,5.17
4:47,101472.22,26.87,19.60,101544.35,14.49,71.84,-1376632.62,5.12
4:48,101482.60,26.91,19.52,101545.74,14.77,69.62,-1377378.12,5.40
4:49,101481.12,26.88,19.70,101547.15,14.75,68.99,-1378134.62,4.90
4:50,101485.32,26.90,19.71,101546.58,14.76,70.51,-1378596.37,5.10
4:51,101483.49,26.93,19.65,101546.00,14.89,68.98,-1379172.00,5.30
4:52,101479.50,26.93,19.58,101541.07,14.79,69.88,-1379719.50,4.95
4:53,101479.30,26.98,19.53,101542.93,14.94,68.50,-1380492.00,5.25
4:54,101484.52,26.95,19.82,101546.77,14.61,71.32,-1380731.50,4.67
4:55,101477.14,26.94,19.59,101549.60,14.57,70.40,-1381618.75,5.23
4:56,101476.42,26.92,19.88,101543.99,14.54,71.83,-1382357.37,5.14
4:57,101487.44,26.99,19.57,101551.07,14.77,69.37,-1383162.25,5.32
4:58,101484.82,27.00,19.59,101541.31,14.43,72.58,-1383292.25,5.39
4:59,101477.47,26.88,19.70,101543.30,14.44,72.70,-1384060.25,5.44
5:0,101482.19,26.92,19.66,101548.28,14.59,70.82,-1385088.25,4.54
5:1,101484.17,26.95,19.64,101545.66,14.70,70.10,-1385646.75,4.98
5:2,101485.32,26.99,19.57,101545.50,14.98,68.08,-1386278.50,4.32
5:3,101483.15,27.00,19.54,101546.58,14.93,69.41,-1387016.12,5.36
5:4,101486.13,27.02,19.62,101547.14,14.68,71.31,-1387308.12,4.43
5:5,101480.44,27.01,19.50,101550.50,14.79,70.33,-1388895.75,4.53
5:6,101488.07,27.00,19.46,101551.53,14.69,70.66,-1389063.75,4.56
5:7,101493.58,26.89,19.80,101549.35,14.17,73.71,-1389937.75,4.29
5:8,101490.99,26.89,19.66,101555.74,14.54,70.86,-1390572.87,5.20
5:9,101491.59,26.90,19.61,101553.02,14.61,70.58,-1391364.25,4.43
5:10,101492.99,26.87,19.70,101557.57,14.43,71.42,-1391938.25,4.14
5:11,101489.68,26.88,19.76,101555.01,14.68,69.88,-1393253.87,5.11
5:12,101494.67,26.86,19.79,101556.89,14.42,72.48,-1393373.37,4.03
5:13,101489.42,26.80,19.84,101558.89,14.08,74.17,-1394406.25,4.53
5:14,101491.07,26.69,19.83,101561.46,14.48,70.78,-1395035.62,5.50
5:15,101498.77,26.69,19.93,101562.85,14.65,71.04,-1395479.50,5.09
5:16,101500.14,26.77,19.91,101562.60,14.61,70.88,-1395927.25,4.11
5:17,101496.37,26.79,19.90,101561.45,14.57,70.94,-1396848.25,4.54
5:18,101500.94,26.78,19.76,101566.34,14.54,71.10,-1396788.25,5.32
5:19,101495.17,26.70,19.95,101566.27,14.55,71.16,-1397721.87,4.81
5:20,101509.11,26.69,19.95,101565.77,14.54,70.97,-1398815.75,5.45
5:21,101497.96,26.71,20.05,101566.58,14.38,72.46,-1399045.25,5.39
5:22,101505.71,26.67,19.99,101565.89,14.34,72.36,-1399947.75,5.24
5:23,101506.91,26.74,19.83,101567.35,14.76,69.92,-1401084.37,4.58
5:24,101501.03,26.78,19.75,101568.07,14.91,68.28,-1400804.00,5.25
5:25,101508.91,26.78,20.01,101571.86,14.68,70.81,-1401597.50,4.96
5:26,101503.58,26.81,19.91,101571.20,14.54,70.44,-1402539.87,5.25
5:27,101507.14,26.88,19.72,101573.74,14.84,69.31,-1403071.62,4.58
5:28,101501.46,26.85,19.62,101567.58,14.81,69.72,-1403080.75,4.16
5:29,101504.42,26.85,19.74,101568.86,14.77,69.44,-1404110.50,5.45
5:30,101505.96,26.87,19.68,101575.63,14.97,68.29,-1404319.87,5.20
5:31,101495.61,26.87,19.73,101570.39,14.95,69.41,-1405006.37,4.72
5:32,101496.21,26.86,19.83,101568.05,14.70,70.22,-1405662.75,4.94
5:33,101498.53,26.83,19.91,101562.92,14.49,71.69,-1406119.12,4.96
5:34,101504.81,26.83,19.90,101574.14,14.54,71.08,-1406897.75,5.34
5:35,101507.27,26.84,19.85,101569.34,14.54,71.53,-1408076.50,5.37
5:36,101512.69,26.82,19.90,101573.27,14.43,71.68,-1407731.12,5.33
5:37,101500.31,26.81,19.74,101572.85,14.70,70.37,-1408605.00,4.39
5:38,101511.41,26.82,19.75,101572.03,14.73,69.62,-1409283.12,4.38
5:39,101515.05,26.77,19.78,101570.10,14.58,71.32,-1409724.25,4.58
5:40,101505.52,26.78,19.73,101571.46,14.49,70.97,-1410594.87,4.43
5:41,101511.84,26.82,19.79,101575.24,14.65,70.50,-1411040.50,4.43
5:42,101520.86,26.80,19.91,101581.41,14.60,71.04,-1411560.75,5.51
5:43,101509.21,26.75,19.85,101583.92,14.50,70.56,-1412181.00,5.45
5:44,101523.36,26.77,19.86,101587.46,14.48,71.73,-1413126.37,5.12
5:45,101519.50,26.73,19.91,101584.05,14.26,72.60,-1412266.25,5.22
5:46,101521.32,26.70,19.75,101586.88,14.46,71.46,-1414239.75,5.31
5:47,101523.90,26.71,19.76,101590.72,14.85,68.27,-1414985.25,4.40
5:48,101521.96,26.73,19.83,101587.91,14.71,69.76,-1414936.00,4.09
5:49,101522.27,26.77,19.69,101589.63,14.74,69.19,-1416028.25,5.37
5:50,101527.05,26.78,19.78,101588.32,14.73,70.12,-1416089.75,5.46
5:51,101515.90,26.76,19.68,101590.49,14.82,68.16,-1417306.62,5.26
5:52,101523.19,26.77,19.64,101585.69,14.88,68.58,-1417847.50,4.94
5:53,101536.49,26.74,19.81,101596.35,14.56,71.10,-1418313.50,5.61
5:54,101529.35,26.61,19.83,101596.19,14.42,70.46,-1419078.75,5.39
5:55,101525.67,26.66,19.86,101589.30,14.59,70.21,-1419882.37,4.46
5:56,101525.03,26.62,19.83,101600.38,14.14,72.57,-1419965.25,4.14
5:57,101527.97,26.55,19.96,101603.53,14.20,72.02,-1420910.00,4.73
5:58,101530.35,26.59,19.77,101595.83,14.62,69.04,-1421690.75,4.57
5:59,101522.24,26.62,19.77,101591.86,14.55,69.12,-1422271.25,4.47
6:0,101534.85,26.61,19.83,101602.16,14.32,70.87,-1422792.00,4.52
6:1,101539.06,26.65,19.70,101599.98,14.15,72.27,-1423094.75,5.35
6:2,101529.13,26.57,19.66,101597.52,14.48,70.16,-1423729.25,5.22
6:3,101535.60,26.59,19.71,101602.21,14.51,70.56,-1423989.62,5.21
6:4,101541.07,26.58,19.61,101600.39,14.49,69.35,-1424789.25,4.11
6:5,101542.25,26.57,19.85,101605.94,14.44,71.12,-1425290.00,5.39
6:6,101547.14,26.61,19.79,101616.91,14.44,70.36,-1425752.25,5.10
6:7,101542.85,26.56,19.86,101605.29,14.40,71.17,-1426447.12,4.52
6:8,101543.10,26.56,19.98,101608.82,14.43,69.82,-1427024.12,5.21
6:9,101551.49,26.57,19.80,101613.89,14.51,70.49,-1427302.25,5.10
6:10,101539.97,26.57,19.83,101610.35,14.62,69.70,-1428187.87,5.23
6:11,101535.82,26.58,19.83,101611.85,14.43,70.42,-1428805.25,4.58
6:12,101548.16,26.62,19.70,101609.54,14.68,68.70,-1430141.00,4.25
6:13,101551.78,26.55,19.91,101611.49,14.46,69.85,-1430334.37,4.18
6:14,101547.61,26.52,19.79,101604.49,14.54,69.77,-1430725.87,5.00
6:15,101552.27,26.46,19.90,101614.00,14.12,71.86,-1431098.75,5.07
6:16,101555.89,26.42,19.80,101621.71,14.42,70.31,-1432031.12,4.23
6:17,101546.92,26.46,19.85,101621.71,14.56,69.61,-1432147.75,5.51
6:18,101550.72,26.41,19.92,101619.24,14.22,71.63,-1432881.12,4.14
6:19,101553.68,26.40,19.99,101615.17,14.26,70.79,-1433563.75,4.94
6:20,101545.50,26.37,19.99,101621.27,14.35,70.27,-1434601.12,4.75
6:21,101547.42,26.42,19.88,101616.25,14.47,70.21,-1434785.50,4.17
6:22,101553.45,26.46,19.80,101615.05,14.66,68.96,-1435561.37,5.46
6:23,101552.25,26.42,19.92,101620.27,14.37,70.60,-1435574.87,4.20
6:24,101550.28,26.36,19.89,101624.00,14.41,69.94,-1436766.00,4.89
6:25,101561.26,26.38,20.02,101623.58,14.51,70.22,-1437208.75,4.98
6:26,101554.05,26.37,19.93,101623.36,14.33,69.92,-1437242.75,4.18
6:27,101556.60,26.38,19.89,101624.74,14.21,71.03,-1438496.12,5.61
6:28,101565.98,26.31,19.99,101626.02,14.32,70.70,-1438896.00,5.14
6:29,101564.00,26.34,20.01,101633.07,14.20,71.40,-1439129.75,5.13
6:30,101557.32,26.35,19.90,101625.51,14.22,71.34,-1439648.12,5.16
6:31,101554.41,26.29,19.92,101624.02,14.47,70.09,-1440260.25,4.13
6:32,101556.30,26.35,19.83,101624.50,14.69,69.00,-1441211.75,4.85
6:33,101562.88,26.38,20.01,101637.22,14.51,69.21,-1441520.25,4.85
6:34,101553.94,26.41,19.87,101630.19,14.47,69.52,-1442216.75,4.45
6:35,101568.99,26.34,20.01,101624.92,14.20,71.33,-1443041.87,5.41
6:36,101563.63,26.37,19.96,101627.58,14.45,70.42,-1443984.37,4.50
6:37,101558.88,26.47,19.83,101634.12,14.41,70.58,-1444131.62,4.88
6:38,101565.49,26.47,19.86,101631.47,14.46,69.97,-1444824.25,4.17
6:39,101564.88,26.46,19.85,101630.68,14.25,71.59,-1444977.75,4.54
6:40,101566.57,26.41,20.10,101633.10,14.28,70.89,-1446461.25,4.16
6:41,101568.61,26.44,19.91,101641.02,14.57,69.60,-1447112.37,4.87
6:42,101561.91,26.42,19.97,101636.46,14.57,69.36,-1446943.75,4.57
6:43,101567.35,26.47,19.85,101633.13,14.51,69.82,-1447864.37,5.26
6:44,101563.75,26.49,19.69,101634.82,14.71,68.31,-1448672.50,4.39
6:45,101572.47,26.49,19.84,101639.84,14.71,69.15,-1449095.50,5.07
6:46,101573.27,26.43,19.92,101633.92,14.10,72.47,-1449200.75,5.43
6:47,101564.61,26.41,20.04,101635.05,14.19,72.67,-1450311.37,4.48
6:48,101577.57,26.51,19.75,101641.23,14.60,69.14,-1450770.25,4.84
6:49,101576.55,26.50,19.95,101634.64,14.38,70.65,-1451062.25,4.98
6:50,101580.99,26.47,19.98,101642.28,14.39,70.92,-1451949.75,4.25
6:51,101572.64,26.50,20.00,101638.44,14.32,71.55,-1452583.75,5.56
6:52,101566.54,26.49,19.98,101639.99,14.62,70.48,-1453559.00,4.67
6:53,101568.41,26.49,19.96,101640.43,14.66,68.72,-1454093.37,5.30
6:54,101574.32,26.53,19.93,101644.35,14.76,68.79,-1454243.00,5.23
6:55,101576.78,26.55,19.91,101643.72,14.57,70.08,-1455304.00,4.68
6:56,101574.89,26.58,19.80,101642.80,14.68,69.31,-1455994.75,4.26
6:57,101581.83,26.58,19.84,101647.30,14.69,69.14,-1456375.75,5.59
6:58,101574.29,26.59,19.82,101648.67,14.77,68.43,-1456435.12,5.56
6:59,101580.83,26.65,19.60,101644.67,14.98,67.04,-1457223.75,5.56
7:0,101576.53,26.61,19.90,101649.07,14.60,69.82,-1457774.50,4.25
7:1,101582.56,26.61,19.96,101651.00,14.78,69.06,-1458460.37,5.14
7:2,101584.41,26.59,19.80,101650.72,14.96,67.04,-1459170.75,5.32
7:3,101585.58,26.65,19.89,101653.96,14.60,69.79,-1459641.12,5.10
7:4,101577.71,26.66,19.77,101654.41,14.64,70.41,-1460203.87,5.19
7:5,101589.73,26.65,19.65,101657.42,14.67,69.35,-1460905.00,5.43
7:6,101596.81,26.67,19.66,101660.97,14.85,68.56,-1461383.25,4.40
7:7,101590.03,26.67,19.72,101657.30,14.74,69.21,-1461925.00,4.69
7:8,101583.47,26.70,19.69,101658.24,15.05,66.84,-1462753.75,5.57
7:9,101590.42,26.72,19.80,101660.24,14.89,67.57,-1462997.25,5.33
7:10,101586.46,26.73,19.68,101663.41,14.85,68.97,-1463883.25,4.88
7:11,101596.86,26.70,19.66,101674.27,14.79,68.22,-1464513.00,4.99
7:12,101593.82,26.71,19.86,101664.50,14.63,69.83,-1464861.25,5.54
7:13,101596.07,26.75,19.68,101662.22,14.68,69.01,-1465995.50,4.45
7:14,101585.94,26.73,19.76,101666.86,14.75,69.37,-1466016.62,5.45
7:15,101596.49,26.70,19.60,101673.14,14.85,68.52,-1466991.00,5.67
7:16,101602.50,26.69,19.78,101674.55,14.81,68.55,-1467285.50,4.29
7:17,101595.75,26.70,19.65,101670.96,14.77,69.09,-1467918.75,4.90
7:18,101603.26,26.69,19.72,101671.30,14.65,69.53,-1468425.12,5.56
7:19,101604.22,26.65,19.83,101670.20,14.41,70.72,-1469516.25,4.23
7:20,101607.24,26.68,19.80,101673.72,14.55,69.59,-1469978.50,4.72
7:21,101602.17,26.64,19.93,101676.35,14.35,71.71,-1470481.87,4.91
7:22,101610.83,26.66,19.83,101676.24,14.51,70.75,-1471184.25,4.57
7:23,101608.60,26.70,19.75,101679.61,14.81,69.29,-1471697.12,4.16
7:24,101605.77,26.73,19.79,101675.89,14.80,69.14,-1472576.25,5.35
7:25,101606.72,26.79,19.67,101674.61,14.84,69.05,-1473068.62,4.44
7:26,101602.85,26.74,19.81,101675.08,14.58,70.67,-1473555.87,4.45
7:27,101605.72,26.74,19.70,101677.47,14.64,70.82,-1474208.25,5.40
7:28,101609.55,26.75,19.59,101675.99,14.93,67.92,-1474725.25,4.23
7:29,101612.25,26.75,19.76,101675.01,14.79,69.37,-1474907.25,4.99
7:30,101604.56,26.77,19.70,101677.85,14.54,71.17,-1475680.75,4.97
7:31,101605.07,26.65,19.81,101675.36,14.11,73.24,-1476431.00,4.19
7:32,101606.38,26.62,19.79,101675.13,14.25,72.53,-1477108.37,5.35
7:33,101611.00,26.64,19.84,101675.57,14.42,71.40,-1477799.25,4.94
7:34,101608.63,26.65,19.81,101678.88,14.52,70.79,-1478541.25,5.50
7:35,101598.89,26.66,19.89,101675.77,14.61,69.94,-1479081.00,4.29
7:36,101619.25,26.73,19.68,101686.25,14.90,68.17,-1479333.25,5.09
7:37,101606.53,26.71,19.69,101683.75,14.63,70.67,-1479830.12,4.66
7:38,101614.07,26.71,19.80,101682.07,14.75,69.80,-1480699.50,5.47
7:39,101607.07,26.79,19.76,101686.05,14.79,69.31,-1481253.75,4.54
7:40,101611.30,26.79,19.79,101685.88,14.63,70.83,-1481814.87,4.34
7:41,101616.56,26.79,19.78,101684.35,14.34,72.15,-1481771.00,4.18
7:42,101615.42,26.71,19.72,101688.37,14.53,71.18,-1482709.62,4.22
7:43,101616.75,26.75,19.77,101683.24,14.63,70.76,-1483674.87,5.21
7:44,101614.97,26.76,19.81,101686.15,14.65,69.17,-1483659.00,4.43
7:45,101607.73,26.78,19.68,101682.08,14.85,69.76,-1484958.62,5.23
7:46,101615.58,26.77,19.67,101687.14,14.84,69.33,-1485156.50,5.65
7:47,101602.65,26.79,19.79,101683.91,14.60,70.93,-1485849.87,5.10
7:48,101615.64,26.86,19.62,101690.00,14.93,68.40,-1486293.12,4.96
7:49,101619.00,26.89,19.59,101691.94,14.96,67.77,-1486775.00,4.97
7:50,101618.33,26.92,19.49,101686.12,15.12,67.59,-1487844.50,5.57
7:51,101623.21,26.94,19.55,101689.74,15.09,67.75,-1488286.50,4.93
7:52,101624.00,26.90,19.77,101694.72,14.65,70.50,-1488690.25,5.14
7:53,101629.25,26.89,19.53,101689.50,14.69,70.01,-1489863.25,4.65
7:54,101618.27,26.86,19.68,101690.99,14.49,71.46,-1490669.25,5.39
7:55,101613.49,26.90,19.59,101692.17,14.51,70.71,-1491273.50,4.25
7:56,101615.52,26.90,19.58,101690.12,14.42,72.08,-1491431.75,4.59
7:57,101627.03,26.82,19.66,101695.71,14.66,70.56,-1492658.25,4.64
7:58,101639.16,26.83,19.87,101701.67,14.75,70.97,-1493055.62,5.45
7:59,101641.41,26.86,19.82,101706.19,14.83,70.13,-1492966.00,5.54
8:0,101627.67,26.85,19.82,101706.53,14.72,70.96,-1494140.12,4.65
8:1,101641.85,26.88,19.77,101708.47,14.48,71.55,-1494419.75,5.73
8:2,101644.21,26.87,19.70,101709.75,14.66,70.58,-1495469.12,4.59
8:3,101643.64,26.93,19.63,101714.27,14.96,68.60,-1496023.12,5.32
8:4,101638.30,26.94,19.60,101713.42,14.96,69.11,-1496494.75,4.85
8:5,101631.23,26.98,19.60,101711.92,14.88,69.58,-1497040.25,4.84
8:6,101647.05,27.02,19.54,101716.41,15.02,67.90,-1497290.00,4.30
8:7,101646.69,27.07,19.33,101719.82,15.03,67.74,-1498459.00,5.43
8:8,101640.64,26.98,19.66,101718.61,14.93,69.40,-1498860.12,4.85
8:9,101646.50,26.99,19.76,101717.03,14.62,70.72,-1498963.75,5.50
8:10,101649.72,26.99,19.48,101723.82,14.89,68.45,-1499956.75,5.40
8:11,101647.07,26.92,19.64,101717.58,14.56,71.26,-1500543.50,4.54
8:12,101665.86,26.84,19.51,101725.91,14.45,71.39,-1501346.75,4.19
8:13,101656.63,26.84,19.65,101729.19,14.54,71.30,-1501419.25,4.59
8:14,101656.08,26.75,19.69,101731.25,14.56,70.12,-1502655.87,4.22
8:15,101656.19,26.72,19.62,101725.99,14.64,69.71,-1503401.37,5.23
8:16,101659.32,26.77,19.76,101734.70,14.73,70.73,-1503970.50,5.30
8:17,101661.67,26.87,19.55,101733.64,14.89,69.30,-1504191.12,5.51
8:18,101663.31,26.82,19.84,101730.50,14.40,71.53,-1504854.50,4.84
8:19,101670.28,26.85,19.51,101739.03,14.96,69.33,-1505620.25,5.38
8:20,101669.89,26.87,19.61,101739.96,14.87,69.08,-1506338.75,5.41
8:21,101672.03,26.93,19.52,101740.08,15.12,68.19,-1506703.37,4.21
8:22,101676.14,26.91,19.56,101741.71,14.77,70.23,-1507042.75,4.48
8:23,101681.88,26.95,19.67,101745.60,14.71,71.77,-1508214.75,4.74
8:24,101673.03,26.99,19.52,101751.13,15.11,68.20,-1508679.37,4.22
8:25,101675.24,26.99,19.66,101751.35,14.72,70.53,-1508832.25,5.54
8:26,101682.14,26.96,19.70,101753.24,14.82,70.46,-1509388.62,4.28
8:27,101684.60,26.95,19.55,101749.61,14.87,69.58,-1510099.12,5.21
8:28,101678.36,26.97,19.76,101752.74,14.91,69.80,-1510762.37,5.54
8:29,101685.64,27.04,19.71,101753.62,14.85,70.61,-1511575.25,4.78
8:30,101686.13,27.01,19.70,101755.36,14.49,72.01,-1511893.37,5.55
8:31,101685.14,27.08,19.40,101756.07,14.91,70.29,-1512649.37,5.38
8:32,101685.86,27.06,19.50,101758.74,14.91,69.38,-1514055.25,5.52
8:33,101683.80,27.00,19.67,101755.55,14.85,70.44,-1513724.75,4.87
8:34,101689.60,26.95,19.78,101759.64,14.70,70.92,-1514627.25,4.46
8:35,101691.90,27.01,19.57,101759.14,14.89,70.24,-1515386.62,5.00
8:36,101694.72,27.09,19.55,101762.52,14.99,70.01,-1515864.37,4.24
8:37,101691.00,27.12,19.61,101762.16,15.01,69.89,-1516604.50,4.33
8:38,101698.86,27.18,19.49,101765.85,15.19,68.26,-1517231.75,4.32
8:39,101693.59,27.16,19.70,101761.17,14.90,70.11,-1517885.25,5.44
8:40,101689.75,27.06,19.59,101762.19,14.37,72.85,-1517728.00,5.15
8:41,101699.63,26.92,19.88,101766.64,14.42,73.10,-1518472.25,5.06
8:42,101694.73,26.98,19.66,101765.22,14.80,69.96,-1519750.62,4.36
8:43,101699.20,27.02,19.70,101765.46,14.71,71.26,-1520125.25,5.21
8:44,101695.31,27.04,19.67,101770.33,14.82,69.04,-1521033.50,4.52
8:45,101693.34,27.01,19.83,101765.45,14.54,72.50,-1521540.37,5.27
8:46,101699.03,27.02,19.74,101765.96,14.95,69.48,-1522057.75,4.80
8:47,101692.14,27.15,19.47,101772.35,15.43,68.09,-1522915.75,5.01
8:48,101699.49,27.19,19.43,101770.53,15.28,68.17,-1523179.50,4.94
8:49,101701.06,27.17,19.67,101769.17,15.01,70.21,-1523698.25,4.31
8:50,101704.57,27.14,19.70,101776.69,14.95,69.59,-1524073.87,4.77
8:51,101711.28,27.19,19.55,101771.80,15.07,68.75,-1525323.75,4.64
8:52,101713.15,27.20,19.67,101775.38,15.08,69.35,-1525840.25,4.85
8:53,101712.46,27.14,19.73,101783.36,14.81,70.90,-1526081.62,4.73
8:54,101695.50,27.11,19.77,101774.59,14.75,70.40,-1526900.50,5.52
8:55,101704.96,27.16,19.51,101771.19,15.22,68.41,-1527035.37,5.32
8:56,101703.21,27.12,19.67,101781.36,14.89,70.98,-1527563.37,4.95
8:57,101713.92,27.05,19.64,101776.39,14.71,71.44,-1528912.37,5.29
8:58,101710.87,27.05,19.88,101779.16,14.78,71.68,-1529569.87,4.63
8:59,101703.37,27.12,19.68,101776.52,14.83,71.21,-1530168.12,5.41
9:0,101711.08,27.11,19.86,101785.61,14.94,70.54,-1530931.25,4.49
9:1,101706.89,27.11,19.75,101775.01,14.78,71.42,-1531051.50,4.98
9:2,101714.53,27.15,19.80,101782.10,14.78,70.98,-1532336.00,5.05
9:3,101712.08,27.16,19.78,101779.96,14.85,70.93,-1532394.25,4.36
9:4,101717.25,27.15,19.72,101780.66,14.58,72.29,-1533166.75,4.32
9:5,101711.27,27.14,19.79,101773.41,14.83,71.04,-1534147.75,4.79
9:6,101715.66,27.23,19.67,101781.46,14.78,71.68,-1534081.62,5.13
9:7,101709.75,27.19,19.59,101785.59,14.97,69.44,-1535206.75,5.32
9:8,101712.33,27.15,19.68,101784.21,14.80,71.12,-1535031.25,5.25
9:9,101719.75,27.13,19.66,101778.90,14.72,71.65,-1536008.12,5.38
9:10,101706.24,27.02,19.87,101775.75,14.54,72.33,-1536924.25,4.34
9:11,101706.89,26.95,19.82,101782.17,14.57,72.34,-1537702.25,4.85
9:12,101708.44,27.02,19.75,101783.17,15.12,69.72,-1538504.75,5.00
9:13,101707.88,27.10,19.92,101783.33,15.09,69.90,-1538777.25,4.88
9:14,101720.98,27.15,19.79,101791.16,15.32,68.63,-1539709.62,4.23
9:15,101716.08,27.23,19.72,101785.75,15.33,68.40,-1540151.87,4.92
9:16,101721.58,27.29,19.71,101789.67,15.22,69.73,-1540935.37,5.03
9:17,101729.71,27.40,19.56,101799.27,15.06,70.27,-1541168.50,5.47
9:18,101723.28,27.34,19.56,101787.22,15.24,68.89,-1542506.00,4.80
9:19,101728.00,27.40,19.44,101797.07,15.54,67.79,-1543055.25,5.36
9:20,101731.17,27.34,19.62,101794.79,15.02,69.75,-1543246.62,5.68
9:21,101735.19,27.30,19.52,101799.11,14.93,70.15,-1544073.50,4.62
9:22,101731.36,27.25,19.52,101794.53,14.97,70.12,-1544539.75,5.04
9:23,101729.41,27.25,19.63,101801.91,15.21,69.50,-1545328.00,4.28
9:24,101733.33,27.33,19.52,101801.22,15.45,67.67,-1545689.50,4.27
9:25,101731.27,27.24,19.35,101799.47,15.07,68.76,-1546127.25,4.36
9:26,101717.32,27.21,19.64,101796.03,15.07,70.23,-1547114.75,5.62
9:27,101731.61,27.23,19.60,101800.85,14.86,71.71,-1547638.25,5.24
9:28,101733.25,27.33,19.40,101798.16,15.20,68.30,-1548339.25,5.81
9:29,101721.64,27.41,19.39,101793.55,15.45,68.74,-1548524.00,5.79
9:30,101732.17,27.40,19.61,101794.41,15.39,68.90,-1549403.25,5.78
9:31,101720.14,27.53,19.37,101793.19,15.56,67.82,-1550071.62,4.78
9:32,101731.89,27.50,19.35,101800.11,15.47,66.63,-1550493.75,5.62
9:33,101741.37,27.42,19.62,101803.60,15.30,68.61,-1551179.12,5.64
9:34,101734.69,27.52,19.41,101795.69,15.56,67.72,-1552119.50,5.28
9:35,101734.91,27.54,19.51,101803.61,15.62,66.38,-1552523.37,5.30
9:36,101734.98,27.47,19.56,101811.02,15.41,68.09,-1553327.62,4.30
9:37,101736.60,27.36,19.61,101804.92,14.91,70.93,-1553631.25,4.81
9:38,101739.46,27.40,19.53,101806.82,15.12,69.59,-1554902.50,5.41
9:39,101737.69,27.46,19.35,101805.75,15.69,64.88,-1555088.25,4.69
9:40,101734.89,27.45,19.38,101805.03,15.42,67.69,-1556068.75,4.88
9:41,101745.47,27.52,19.41,101811.02,15.60,66.80,-1556480.00,4.55
9:42,101731.16,27.46,19.55,101810.00,14.94,71.35,-1556430.12,4.54
9:43,101736.86,27.41,19.49,101809.67,15.17,68.46,-1557618.75,4.87
9:44,101734.16,27.41,19.73,101809.10,14.97,71.17,-1557926.75,4.31
9:45,101738.28,27.47,19.60,101816.57,14.91,72.05,-1559128.25,5.32
9:46,101736.88,27.44,19.51,101815.36,14.94,71.03,-1559348.75,4.64
9:47,101737.75,27.52,19.59,101811.08,15.02,71.71,-1560145.25,4.32
9:48,101746.92,27.58,19.54,101811.66,15.13,71.56,-1560780.00,4.34
9:49,101744.79,27.57,19.44,101806.60,14.82,72.44,-1561001.25,5.14
9:50,101749.99,27.46,19.48,101816.05,14.53,73.56,-1561891.87,4.32
9:51,101754.55,27.38,19.67,101822.86,14.94,72.46,-1563316.37,4.34
9:52,101761.07,27.49,19.49,101824.74,14.89,72.11,-1563644.12,5.36
9:53,101754.46,27.50,19.55,101819.96,15.13,70.89,-1564293.62,5.72
9:54,101743.27,27.57,19.57,101825.34,14.88,71.78,-1564266.25,4.22
9:55,101745.99,27.59,19.51,101820.72,14.90,72.78,-1565589.75,4.85
9:56,101755.20,27.61,19.30,101817.54,15.15,70.44,-1565537.37,4.34
9:57,101751.33,27.58,19.31,101822.21,15.28,70.22,-1566815.50,5.18
9:58,101756.17,27.57,19.42,101824.42,15.02,71.35,-1566547.75,5.60
9:59,101758.42,27.43,19.49,101828.76,14.90,71.20,-1568022.50,4.21
10:0,101753.25,27.56,19.29,101831.10,15.44,68.94,-1569006.25,4.36
10:1,101750.24,27.59,19.55,101829.71,15.29,70.88,-1568868.50,4.32
10:2,101760.15,27.56,19.57,101835.16,15.01,71.61,-1569848.87,4.25
10:3,101762.14,27.52,19.54,101828.28,15.12,70.95,-1569873.25,4.97
10:4,101765.46,27.53,19.60,101830.32,15.27,70.70,-1570586.75,4.53
10:5,101763.92,27.53,19.42,101831.94,14.82,71.60,-1571007.75,4.29
10:6,101767.85,27.44,19.41,101830.16,15.12,70.16,-1572546.75,5.21
10:7,101766.79,27.46,19.49,101829.52,15.09,69.91,-1572952.25,4.72
10:8,101758.24,27.48,19.41,101831.97,15.15,70.03,-1573681.25,5.65
10:9,101771.10,27.50,19.40,101839.03,15.35,69.42,-1574881.62,5.55
10:10,101767.58,27.54,19.37,101843.60,15.49,68.35,-1575437.75,5.50
10:11,101776.11,27.58,19.35,101847.32,15.52,68.85,-1576019.12,5.25
10:12,101780.53,27.58,19.51,101841.28,15.46,69.15,-1576065.12,5.39
10:13,101781.76,27.61,19.18,101845.11,15.73,67.52,-1576955.62,4.47
10:14,101779.86,27.65,19.32,101842.75,15.75,66.90,-1577571.00,4.63
10:15,101774.57,27.70,19.39,101853.58,15.55,68.87,-1578515.00,5.20
10:16,101784.54,27.76,19.53,101850.94,15.54,68.83,-1578736.50,4.34
10:17,101783.52,27.71,19.42,101851.37,15.37,70.55,-1579289.62,5.05
10:18,101775.38,27.72,19.48,101849.80,15.44,68.81,-1579670.50,4.70
10:19,101781.44,27.68,19.43,101856.05,15.29,70.47,-1580110.00,4.47
10:20,101793.70,27.66,19.33,101854.60,15.44,68.67,-1581179.75,5.13
10:21,101792.17,27.75,19.53,101858.66,15.56,70.14,-1581822.75,5.09
10:22,101778.86,27.83,19.39,101856.15,15.42,70.30,-1582085.00,5.43
10:23,101791.39,27.86,19.30,101861.70,15.58,67.74,-1582986.87,5.56
10:24,101784.77,27.88,19.39,101859.14,15.64,69.14,-1583158.75,4.40
10:25,101787.27,27.90,19.10,101860.05,15.87,66.35,-1584649.75,5.45
10:26,101793.57,27.91,19.15,101864.96,15.98,67.60,-1585146.25,5.43
10:27,101784.91,27.93,19.28,101860.71,15.71,68.54,-1585884.37,4.54
10:28,101791.78,27.90,19.16,101864.21,15.48,68.84,-1586130.75,5.48
10:29,101808.14,27.77,19.25,101881.42,15.45,68.92,-1586335.25,5.26
10:30,101802.02,27.65,19.32,101870.41,15.11,71.12,-1587329.25,5.12
10:31,101799.71,27.58,19.58,101869.89,15.25,71.48,-1588041.75,4.30
10:32,101802.24,27.70,19.28,101869.31,15.74,66.74,-1588974.87,4.32
10:33,101809.17,27.84,19.31,101867.50,15.88,66.75,-1589191.75,5.82
10:34,101795.00,27.90,19.24,101869.67,15.98,67.51,-1589607.25,5.25
10:35,101809.62,27.99,19.21,101873.71,16.10,66.73,-1591065.12,5.19
10:36,101795.14,27.96,18.96,101865.58,15.70,67.47,-1590997.75,5.32
10:37,101812.44,27.82,19.22,101874.50,15.49,68.76,-1591976.87,4.67
10:38,101793.92,27.70,19.13,101867.64,15.41,68.70,-1592565.75,5.54
10:39,101797.32,27.79,19.03,101868.64,15.83,66.83,-1593354.62,5.49
10:40,101812.19,27.81,19.11,101871.82,15.75,66.54,-1594068.62,4.97
10:41,101802.36,27.75,19.30,101870.25,15.33,69.97,-1594440.12,5.51
10:42,101807.03,27.76,19.25,101880.50,15.46,69.15,-1594697.25,5.54
10:43,101805.51,27.77,19.37,101873.55,15.51,69.43,-1595436.75,4.34
10:44,101806.46,27.85,19.24,101872.70,15.82,67.93,-1596577.87,5.01
10:45,101811.17,27.87,19.18,101877.28,15.71,66.45,-1596460.62,4.25
10:46,101807.25,27.70,19.17,101886.94,15.22,69.62,-1596983.75,5.24
10:47,101806.89,27.67,19.31,101870.31,15.39,69.50,-1597338.12,5.52
10:48,101808.71,27.59,19.18,101884.53,15.47,68.10,-1597996.75,4.48
10:49,101808.50,27.62,19.17,101883.25,15.82,66.10,-1599603.37,5.10
10:50,101819.14,27.79,19.25,101898.41,16.08,66.57,-1600037.25,5.12
10:51,101810.28,27.84,19.27,101886.47,15.86,67.43,-1600281.37,5.50
10:52,101812.45,27.87,19.18,101881.36,15.81,67.99,-1601024.25,4.28
10:53,101821.54,27.89,19.21,101887.21,15.59,68.70,-1601584.12,4.93
10:54,101809.74,27.89,19.09,101888.05,16.24,64.93,-1602482.62,4.43
10:55,101824.04,27.90,18.99,101893.89,15.72,67.81,-1602604.75,4.22
10:56,101816.63,27.71,19.26,101888.19,15.38,69.42,-1603491.25,4.43
10:57,101819.31,27.79,19.17,101888.55,15.75,67.77,-1604410.37,4.90
10:58,101814.96,27.91,19.12,101888.05,16.12,65.73,-1604682.62,4.20
10:59,101807.97,28.04,19.24,101885.38,16.31,64.63,-1605604.25,5.53
11:0,101833.07,28.06,18.95,101899.96,15.98,67.32,-1605908.37,4.34
11:1,101819.10,28.12,19.05,101892.79,16.22,65.48,-1606493.62,4.57
11:2,101815.92,28.14,19.14,101894.40,16.46,65.57,-1607236.75,5.47
11:3,101839.46,17.92,54.67,101897.25,16.13,66.87,-1607505.12,0.84
11:4,101845.41,16.29,63.91,101896.92,15.68,69.00,-1608116.25,0.52
11:5,101844.13,16.65,62.46,101897.99,15.71,69.53,-1609250.87,0.52
11:6,101825.21,25.45,26.11,101897.60,15.85,67.93,-1610033.12,4.26
11:7,101834.58,27.45,20.81,101893.02,16.47,64.14,-1610632.25,4.29
11:8,101824.36,28.10,19.72,101898.98,16.70,63.98,-1611009.75,4.62
11:9,101837.58,28.29,19.51,101903.31,16.72,64.14,-1610938.12,5.55
11:10,101840.64,28.37,19.32,101907.89,16.40,64.63,-1611002.37,5.40
11:11,101836.39,28.30,19.16,101911.44,16.19,65.16,-1611516.75,5.33
11:12,101833.20,28.16,19.30,101908.39,16.08,66.44,-1612054.00,4.49
11:13,101839.97,28.01,19.05,101908.97,15.45,68.30,-1612508.25,5.58
11:14,101838.82,27.90,19.27,101909.25,15.93,67.20,-1613589.12,5.05
11:15,101847.74,27.93,19.31,101917.39,15.82,66.71,-1613599.75,5.68
11:16,101848.51,27.99,19.16,101920.19,16.03,66.85,-1615190.75,5.27
11:17,101841.42,28.01,19.21,101909.21,15.83,67.14,-1614756.00,4.92
11:18,101843.92,27.98,19.15,101911.87,15.66,68.31,-1615500.75,5.66
11:19,101836.28,27.79,19.25,101918.52,15.62,68.71,-1616390.12,4.22
11:20,101842.50,27.86,19.35,101916.77,15.65,67.95,-1617007.12,4.72
11:21,101858.44,27.92,19.16,101916.07,16.08,66.17,-1617614.62,5.45
11:22,101860.53,28.01,19.37,101926.23,16.13,67.08,-1618498.25,4.36
11:23,101853.59,28.18,19.23,101915.46,16.51,65.10,-1618952.50,4.97
11:24,101845.91,28.35,19.07,101914.46,16.70,64.04,-1619262.87,5.56
11:25,101856.86,28.41,19.23,101928.30,16.53,66.47,-1619622.37,5.37
11:26,101850.61,28.50,18.86,101916.02,16.85,63.66,-1620277.25,5.56
11:27,101855.85,28.39,18.83,101920.58,16.28,66.11,-1620172.37,5.10
11:28,101834.82,28.34,18.98,101906.63,16.46,65.40,-1621555.12,5.18
11:29,101868.28,28.17,18.96,101930.38,15.69,68.25,-1621183.75,4.72
11:30,101854.18,27.91,19.12,101922.16,15.57,68.95,-1621665.25,5.29
11:31,101852.42,27.81,19.13,101930.17,15.55,68.40,-1622670.12,4.61
11:32,101857.13,27.72,19.09,101930.69,15.39,68.77,-1623813.75,5.03
11:33,101868.60,27.63,19.17,101933.69,15.78,65.62,-1624537.12,5.36
11:34,101870.46,27.73,18.96,101936.25,15.77,66.61,-1624860.87,4.23
11:35,101877.96,27.70,19.17,101945.38,15.88,66.41,-1625770.75,5.30
11:36,101863.30,27.66,19.11,101932.70,15.93,65.65,-1626367.62,4.43
11:37,101868.08,27.74,19.19,101932.32,16.09,65.10,-1626913.00,4.27
11:38,101859.33,27.73,19.12,101928.62,16.03,65.03,-1627401.87,4.36
11:39,101878.07,27.53,19.07,101943.35,15.73,64.69,-1628183.62,4.50
11:40,101873.94,27.62,19.11,101939.33,16.15,64.45,-1629173.25,5.36
11:41,101871.53,27.81,19.07,101937.52,16.40,63.33,-1628827.75,4.27
11:42,101866.92,27.92,19.16,101939.82,16.74,63.36,-1629920.37,4.81
11:43,101874.96,27.95,18.85,101939.80,15.93,65.11,-1629889.37,4.85
11:44,101874.64,27.47,18.76,101940.81,15.52,64.46,-1630558.75,5.41
11:45,101895.82,27.29,19.16,101964.41,15.72,63.90,-1631808.50,4.24
11:46,101881.95,27.15,19.04,101945.41,15.53,64.19,-1631973.50,4.23
11:47,101882.82,27.17,19.14,101939.92,15.73,63.52,-1633048.50,5.50
11:48,101874.61,27.29,19.10,101939.24,16.18,61.51,-1634308.12,5.40
11:49,101887.38,27.48,19.18,101956.08,16.11,64.10,-1634894.75,4.21
11:50,101872.97,27.53,19.08,101943.63,15.91,64.78,-1634677.75,5.19
11:51,101879.35,27.66,19.15,101949.58,16.17,64.13,-1635183.25,5.02
11:52,101868.86,27.85,19.01,101938.05,16.25,64.06,-1636404.25,4.25
11:53,101877.02,27.85,18.91,101943.10,16.20,63.60,-1636497.00,4.16
11:54,101884.36,27.87,18.77,101958.24,16.30,63.80,-1637642.37,5.50
11:55,101892.92,27.81,18.95,101958.54,16.46,62.19,-1637992.75,4.46
11:56,101888.20,27.94,19.10,101958.35,16.79,61.67,-1638109.37,4.43
11:57,101890.24,28.12,19.13,101953.64,16.71,64.04,-1638511.00,5.07
11:58,101894.36,28.18,19.16,101961.35,16.55,64.56,-1639338.50,4.78
11:59,101888.86,28.26,19.16,101963.89,16.49,64.67,-1639745.25,4.83
12:0,101892.57,28.37,18.91,101967.91,16.75,63.48,-1640777.75,4.27
12:1,101892.89,28.49,18.88,101964.10,16.80,62.91,-1641363.75,4.31
12:2,101894.72,28.57,19.09,101968.26,16.64,65.17,-1641732.75,5.57
12:3,101896.13,28.61,18.74,101972.93,16.61,65.71,-1642812.62,5.04
12:4,101900.72,28.63,19.09,101965.85,16.36,67.15,-1642940.87,5.42
12:5,101906.67,28.56,18.94,101968.69,16.36,66.32,-1643428.75,4.83
12:6,101889.66,28.69,19.14,101966.16,16.48,67.37,-1643639.25,5.60
12:7,101901.38,28.83,19.00,101972.70,16.57,67.80,-1644705.50,4.65
12:8,101906.47,28.91,18.82,101975.03,16.60,65.56,-1645139.37,4.78
12:9,101902.39,28.83,18.89,101975.57,16.67,66.28,-1645911.75,4.42
12:10,101896.55,28.96,18.90,101971.94,16.75,65.51,-1646524.75,4.47
12:11,101899.32,29.13,18.86,101972.13,17.02,65.40,-1647354.50,5.32
12:12,101899.10,29.30,18.50,101963.67,17.24,63.22,-1647847.25,5.34
12:13,101906.73,29.26,18.57,101975.98,17.24,64.27,-1648213.87,5.08
12:14,101894.77,29.13,18.64,101964.17,16.79,65.54,-1648569.62,4.95
12:15,101896.94,29.26,18.61,101971.00,17.23,63.79,-1649698.25,4.93
12:16,101906.02,29.22,18.70,101973.07,16.96,65.79,-1650448.00,4.39
12:17,101892.38,29.30,18.70,101970.31,17.14,65.25,-1650926.25,4.65
12:18,101903.72,29.34,18.43,101974.10,17.39,62.99,-1651545.75,4.33
12:19,101896.86,29.38,18.47,101974.11,17.44,61.79,-1651695.37,5.20
12:20,101902.65,29.35,18.50,101971.96,17.30,64.73,-1652455.75,4.32
12:21,101908.35,29.36,18.32,101981.97,17.15,63.28,-1652789.00,5.70
12:22,101911.97,29.20,18.35,101971.02,16.75,64.58,-1653512.75,5.57
12:23,101931.53,29.03,18.51,101986.96,16.90,64.38,-1655216.12,5.71
12:24,101912.71,29.17,18.35,101986.98,17.19,62.48,-1655739.25,4.76
12:25,101909.83,29.11,18.27,101981.08,17.29,60.66,-1656816.87,5.69
12:26,101904.40,29.02,18.46,101976.43,17.40,60.98,-1657369.62,4.73
12:27,101898.16,29.17,18.39,101974.11,17.80,59.48,-1658159.37,4.33
12:28,101919.69,29.30,18.20,101988.41,17.78,58.10,-1658257.12,5.54
12:29,101914.50,29.28,18.29,101990.07,17.85,59.56,-1659046.75,5.59
12:30,101916.05,29.51,18.36,101982.35,18.17,59.31,-1659545.00,4.54
12:31,101916.07,29.45,18.14,101983.07,17.69,60.01,-1659478.00,4.24
12:32,101925.27,29.43,18.30,101994.10,17.66,61.92,-1659991.00,4.54
12:33,101918.85,29.12,18.41,101992.72,16.96,62.05,-1660188.25,5.72
12:34,101914.02,29.04,18.44,101988.66,16.88,64.16,-1661504.37,4.32
12:35,101933.38,29.18,18.48,101994.86,17.26,63.67,-1661903.00,5.22
12:36,101914.83,29.18,18.47,101988.46,17.10,62.93,-1662297.12,5.12
12:37,101930.41,29.18,18.18,101996.28,17.27,61.58,-1662950.12,4.57
12:38,101916.77,28.94,18.25,101998.27,16.71,61.50,-1663407.37,4.86
12:39,101941.64,28.53,18.38,102004.16,16.60,62.60,-1664560.75,4.26
12:40,101917.03,28.47,18.50,101999.08,16.48,63.29,-1665084.25,5.33
12:41,101941.50,28.39,18.43,102007.42,16.29,63.25,-1665615.62,4.97
12:42,101939.02,28.28,18.83,102002.33,16.52,63.30,-1666613.62,4.27
12:43,101931.20,28.21,18.77,102005.62,16.64,61.48,-1667225.12,5.61
12:44,101937.00,28.35,18.81,102006.53,17.06,60.84,-1668026.50,5.14
12:45,101942.53,28.55,18.77,102009.80,17.14,60.02,-1667874.25,5.62
12:46,101929.32,28.59,18.78,102007.87,17.41,60.83,-1668337.37,5.31
12:47,101943.27,28.74,18.58,102014.33,17.48,59.88,-1669643.50,4.85
12:48,101935.19,28.59,18.54,102009.60,16.88,62.34,-1669810.62,5.68
12:49,101936.16,28.53,18.46,102009.33,16.86,61.89,-1670062.75,4.85
12:50,101938.19,28.46,18.53,102013.07,16.54,62.47,-1670282.12,4.98
12:51,101946.65,28.45,18.70,102015.58,16.56,63.34,-1672097.12,4.39
12:52,101933.44,28.54,18.70,102008.25,16.87,62.58,-1672209.75,5.73
12:53,101945.08,28.54,18.51,102018.25,16.68,62.66,-1672489.37,5.36
12:54,101933.81,28.37,18.75,102008.66,16.82,62.15,-1673753.12,4.40
12:55,101937.10,28.56,18.75,102012.00,16.93,61.80,-1673764.12,4.46
12:56,101952.00,28.44,18.77,102019.25,16.91,61.58,-1674710.12,5.06
12:57,101943.39,28.61,18.53,102017.07,17.27,60.63,-1675438.75,5.33
12:58,101934.16,28.80,18.47,102012.77,17.46,60.24,-1676070.75,5.14
12:59,101948.74,28.84,18.38,102024.96,17.63,60.12,-1676235.50,5.16
13:0,101962.60,28.91,18.39,102035.83,17.36,60.04,-1676415.75,5.73
13:1,101979.53,28.49,18.35,102050.78,16.28,63.37,-1676361.75,5.52
13:2,101956.82,28.24,18.64,102024.07,16.49,62.92,-1679101.25,4.71
13:3,101954.27,28.25,18.64,102030.99,16.59,62.87,-1679641.25,5.59
13:4,101956.36,28.29,18.63,102025.63,16.88,61.15,-1679646.37,5.58
13:5,101962.32,28.42,18.72,102040.57,16.60,62.89,-1680086.00,4.43
13:6,101954.67,28.29,18.65,102031.28,16.52,62.64,-1680764.25,5.23
13:7,101964.73,28.26,18.74,102037.86,16.63,62.59,-1681050.75,4.85
13:8,101953.61,28.42,18.95,102023.67,16.71,62.05,-1682275.25,5.05
13:9,101962.58,28.46,18.59,102030.35,16.68,62.63,-1682597.37,4.23
13:10,101962.53,28.43,18.66,102032.11,16.76,62.48,-1683379.62,5.64
13:11,101964.48,28.64,18.66,102035.35,16.94,61.27,-1684297.62,4.89
13:12,101960.17,28.58,18.59,102031.19,17.13,60.26,-1684676.37,5.58
13:13,101964.30,28.62,18.54,102036.05,17.09,60.56,-1685083.62,5.07
13:14,101968.47,28.85,18.50,102044.03,17.48,60.60,-1686232.00,5.03
13:15,101961.20,28.65,18.49,102029.22,16.85,61.87,-1685683.75,5.59
13:16,101958.05,28.87,18.54,102032.65,17.54,60.14,-1687058.37,4.98
13:17,101957.21,28.96,18.52,102032.42,17.52,60.26,-1687101.62,4.23
13:18,101960.68,28.94,18.19,102031.10,17.04,61.29,-1687526.75,4.67
13:19,101959.47,29.07,18.50,102027.76,17.47,60.27,-1688223.25,5.23
13:20,101982.00,29.21,18.37,102047.67,17.84,59.75,-1688813.62,4.47
13:21,101966.89,29.25,18.21,102039.16,17.74,59.93,-1688917.37,5.50
13:22,101967.60,29.31,18.28,102042.67,18.00,58.07,-1689936.00,4.81
13:23,101983.64,29.53,17.94,102048.99,17.86,58.51,-1690174.37,5.26
13:24,101972.80,29.48,17.98,102042.52,18.10,57.90,-1691226.37,4.58
13:25,101986.58,29.49,17.96,102049.37,18.05,57.11,-1689618.37,5.38
13:26,101987.58,29.55,17.98,102053.34,17.83,57.93,-1689544.75,5.36
13:27,101990.32,29.35,18.03,102060.89,17.77,58.99,-1691008.00,4.44
13:28,101996.54,29.30,17.84,102057.92,17.66,58.57,-1691212.00,4.98
13:29,101979.69,29.04,17.97,102062.39,17.33,59.28,-1691394.25,4.29
13:30,101983.14,28.89,18.09,102051.50,17.49,58.15,-1692917.25,4.98
13:31,101976.47,28.93,18.23,102048.75,17.38,59.99,-1693264.75,4.97
13:32,101975.90,29.01,18.22,102049.22,17.21,59.24,-1692933.37,5.03
13:33,101972.53,29.11,18.15,102054.14,17.51,58.88,-1694779.25,4.67
13:34,101968.28,29.03,18.21,102046.30,17.53,59.83,-1694998.37,4.22
13:35,101978.67,29.29,18.25,102047.50,18.05,57.78,-1695847.62,5.63
13:36,101957.69,29.69,18.19,102034.64,18.31,57.07,-1696087.37,4.87
13:37,101971.89,29.51,17.91,102047.44,17.65,58.81,-1694804.37,4.80
13:38,101973.63,29.39,18.13,102050.67,17.87,59.66,-1696852.75,5.21
13:39,101988.96,29.63,17.97,102051.74,18.13,58.27,-1697005.62,5.54
13:40,101975.07,29.44,17.98,102041.86,17.36,60.10,-1697475.25,4.27
13:41,101979.03,29.40,17.85,102050.74,17.64,59.20,-1698413.62,5.49
13:42,101978.19,29.07,18.05,102049.50,17.15,60.44,-1699096.37,5.65
13:43,101993.03,29.12,18.09,102070.21,17.82,57.30,-1699784.25,3.78
13:44,101981.57,28.92,17.84,102053.50,17.13,59.14,-1699877.25,4.25
13:45,102004.32,28.80,17.96,102077.17,17.46,57.06,-1701274.00,4.18
13:46,101990.72,28.54,17.90,102048.00,16.77,59.83,-1701153.00,5.37
13:47,101981.92,28.50,17.95,102055.78,16.97,58.39,-1702052.00,5.36
13:48,101997.66,28.30,18.19,102057.47,17.11,58.03,-1702841.62,4.25
13:49,101981.44,28.67,18.11,102055.00,17.85,55.88,-1703385.25,4.20
13:50,101966.85,28.83,18.19,102044.72,17.90,56.23,-1702783.25,4.32
13:51,101980.07,28.51,17.86,102060.63,16.72,58.95,-1703689.25,3.89
13:52,101996.03,28.27,18.28,102059.86,16.87,59.17,-1704910.75,5.45
13:53,101978.07,28.25,18.30,102045.21,17.03,59.16,-1705852.00,5.54
13:54,101986.89,28.42,18.28,102059.35,17.23,57.44,-1705846.25,4.72
13:55,101995.14,28.26,18.09,102067.39,17.26,57.49,-1706374.00,5.48
13:56,101985.38,28.55,18.41,102060.95,18.05,56.13,-1707231.62,4.20
13:57,101991.01,28.93,18.11,102057.42,18.23,54.74,-1706695.37,5.43
13:58,101992.96,28.91,18.12,102067.10,18.35,54.79,-1707367.25,4.30
13:59,101992.49,28.72,18.00,102073.33,17.36,57.30,-1707591.62,5.31
14:0,102004.91,28.80,18.26,102072.21,17.82,57.08,-1709304.75,5.41
14:1,101999.42,28.83,18.10,102074.57,17.31,58.32,-1709054.62,5.35
14:2,102005.24,28.72,18.09,102073.32,17.59,56.43,-1709906.37,4.63
14:3,102001.97,28.71,18.23,102076.46,17.71,57.40,-1710699.25,5.05
14:4,102003.03,28.75,18.02,102077.12,17.22,58.29,-1711259.37,4.64
14:5,101997.56,28.78,18.19,102076.74,17.61,56.58,-1712173.37,4.16
14:6,102006.23,28.83,18.18,102082.69,17.38,58.72,-1712254.75,5.39
14:7,102009.03,28.83,18.36,102079.94,17.43,58.85,-1712649.25,4.78
14:8,101995.77,28.77,18.27,102068.02,17.47,57.66,-1713152.00,5.51
14:9,102002.96,28.83,18.18,102076.27,17.87,56.21,-1713819.62,5.50
14:10,102003.71,28.98,18.09,102078.80,18.31,54.75,-1714741.25,4.27
14:11,102004.61,29.05,17.97,102076.80,17.97,55.38,-1714631.25,4.49
14:12,102005.89,28.85,18.08,102072.75,17.74,56.45,-1715101.62,5.44
14:13,102014.69,29.01,18.14,102077.34,18.19,55.64,-1715777.25,4.88
14:14,102013.07,29.16,18.00,102077.68,18.37,54.54,-1716085.25,4.25
14:15,102018.78,29.33,18.03,102082.27,18.42,55.70,-1717197.25,4.20
14:16,102001.75,29.15,17.87,102080.61,17.95,55.34,-1716621.75,5.58
14:17,102011.79,29.15,18.09,102087.86,18.07,56.83,-1718052.37,5.07
14:18,102006.71,29.33,18.08,102074.87,18.41,56.22,-1718195.62,4.29
14:19,102007.54,29.40,17.95,102073.60,18.25,55.86,-1718262.00,4.90
14:20,102004.84,29.53,17.94,102078.02,18.97,53.54,-1719960.75,5.49
14:21,101999.35,29.63,17.76,102074.28,18.76,54.01,-1719921.25,3.82
14:22,102014.77,29.76,17.91,102081.64,19.03,54.52,-1720276.62,4.61
14:23,102010.51,29.95,17.63,102082.97,18.85,54.23,-1720784.00,4.55
14:24,102018.07,29.83,17.78,102090.11,18.98,55.13,-1721409.25,4.32
14:25,102015.91,29.90,17.32,102086.39,18.64,52.91,-1720950.37,5.73
14:26,102021.66,29.73,17.42,102094.80,18.86,52.26,-1722108.00,4.27
14:27,102025.32,29.65,17.74,102092.98,18.88,53.34,-1723012.37,5.11
14:28,102021.92,29.85,17.57,102090.07,19.15,53.15,-1723643.62,5.13
14:29,102026.92,29.82,17.27,102095.61,18.43,53.35,-1723487.62,5.61
14:30,102020.99,29.75,17.69,102088.22,18.88,53.41,-1724484.00,5.12
14:31,102013.17,29.78,17.66,102088.65,18.72,54.13,-1725271.00,5.40
14:32,102017.66,29.76,17.69,102092.00,18.91,54.31,-1725589.62,4.45
14:33,102024.82,29.76,17.51,102096.53,18.37,55.10,-1725934.37,5.14
14:34,102032.78,29.71,17.64,102104.57,18.55,55.00,-1726455.75,3.77
14:35,102027.78,29.65,17.61,102096.52,18.34,55.10,-1726957.25,5.23
14:36,102038.07,29.70,17.67,102104.77,18.76,54.36,-1727979.62,5.39
14:37,102032.28,29.82,17.75,102098.67,18.96,53.94,-1728010.25,4.40
14:38,102029.42,30.07,17.52,102101.84,18.90,53.45,-1728008.00,5.59
14:39,102030.01,29.73,17.54,102100.08,18.06,55.45,-1728485.75,4.54
14:40,102023.02,29.63,17.62,102108.10,18.56,54.37,-1729454.00,4.43
14:41,102027.80,29.87,17.66,102108.04,19.24,52.60,-1729748.00,4.49
14:42,102041.21,30.11,17.50,102115.82,19.30,52.04,-1730440.37,4.61
14:43,102033.82,30.04,17.46,102111.48,19.13,52.60,-1730293.25,4.71
14:44,102040.36,29.69,17.60,102109.64,18.01,56.23,-1731518.37,4.26
14:45,102043.32,29.66,17.81,102113.85,18.37,54.73,-1732334.75,5.51
14:46,102032.13,29.92,17.75,102106.66,18.94,54.57,-1732654.37,5.41
14:47,102051.11,29.93,17.69,102118.24,18.60,55.65,-1732953.37,5.56
14:48,102047.89,29.74,17.46,102112.78,18.14,55.81,-1732914.00,4.92
14:49,102047.61,29.55,17.76,102117.00,18.18,56.34,-1734362.62,5.54
14:50,102050.10,29.64,17.80,102117.53,18.47,54.16,-1734893.75,5.36
14:51,102044.86,29.58,17.78,102122.17,18.32,56.38,-1735245.62,5.52
14:52,102045.82,29.72,17.68,102120.32,18.42,55.24,-1735782.75,5.20
14:53,102059.17,29.60,17.61,102125.91,18.80,53.50,-1736638.75,5.01
14:54,102047.53,29.92,17.72,102114.28,19.11,53.53,-1736915.75,4.54
14:55,102062.16,30.13,17.92,102129.22,19.40,53.52,-1737748.37,4.44
14:56,102041.85,30.27,17.58,102112.07,19.06,54.72,-1737651.25,4.51
14:57,102052.22,30.23,17.51,102121.51,19.27,52.96,-1738186.75,5.03
14:58,102049.75,30.38,17.45,102122.83,19.56,53.10,-1738883.37,4.47
14:59,102044.51,30.47,17.13,102125.80,18.95,53.43,-1738582.00,4.49
15:0,102056.14,30.14,17.62,102118.24,19.09,53.48,-1739919.00,4.48
15:1,102058.33,30.20,17.43,102126.78,19.42,52.41,-1740240.75,5.69
15:2,102055.21,30.23,17.49,102128.27,19.13,54.18,-1740739.37,4.14
15:3,102054.10,30.22,17.40,102135.08,18.81,53.01,-1741125.25,5.11
15:4,102054.38,30.10,17.42,102129.80,19.09,53.16,-1742131.25,5.41
15:5,102059.38,30.06,17.53,102131.89,19.31,52.78,-1742912.37,5.34
15:6,102065.00,30.48,17.51,102136.67,19.91,51.51,-1743292.00,4.34
15:7,102064.91,30.34,17.24,102135.80,19.20,52.94,-1743184.00,4.61
15:8,102058.32,30.31,17.49,102136.30,18.97,54.77,-1743353.62,5.31
15:9,102071.30,30.34,17.47,102141.38,19.08,53.58,-1744621.25,4.18
15:10,102065.14,30.30,17.49,102144.85,19.03,54.42,-1745194.75,5.42
15:11,102069.58,30.19,17.51,102142.19,19.43,52.26,-1745577.62,5.36
15:12,102085.85,30.41,17.69,102156.97,19.59,52.89,-1745754.25,4.90
15:13,102075.22,30.34,17.36,102146.08,19.48,53.10,-1746733.62,4.37
15:14,102076.77,30.47,17.32,102150.08,19.32,52.39,-1746646.00,5.16
15:15,102069.41,30.19,17.45,102144.11,19.23,53.79,-1747210.75,4.32
15:16,102068.32,30.24,17.48,102151.39,19.25,53.77,-1748245.00,4.79
15:17,102093.23,30.39,17.47,102165.19,20.07,52.36,-1749498.75,5.50
15:18,102073.60,30.59,17.31,102158.86,20.04,50.84,-1749463.25,4.53
15:19,102081.24,30.41,17.13,102155.96,19.71,51.56,-1749870.75,4.23
15:20,102080.38,30.42,17.19,102159.27,19.90,50.54,-1749977.62,5.34
15:21,102084.97,30.28,17.52,102161.95,19.08,53.63,-1750308.75,4.15
15:22,102083.66,30.15,17.37,102159.10,19.40,52.09,-1750999.75,4.22
15:23,102083.03,30.31,17.55,102158.07,19.61,52.68,-1751681.62,4.85
15:24,102084.52,30.24,17.34,102162.08,19.30,53.71,-1752036.37,4.83
15:25,102088.86,30.36,17.56,102158.97,20.28,50.89,-1753138.62,4.27
15:26,102089.56,30.62,17.44,102164.60,20.33,51.36,-1753616.75,4.29
15:27,102091.28,30.68,17.51,102165.13,20.01,52.14,-1753974.00,4.83
15:28,102090.95,30.78,17.12,102170.14,19.76,51.65,-1752837.75,4.72
15:29,102098.15,30.34,17.10,102173.39,18.95,52.54,-1754150.00,4.29
15:30,102105.21,29.94,17.36,102173.38,18.88,54.33,-1754638.75,5.23
15:31,102095.13,29.90,17.60,102166.50,18.86,53.35,-1755834.37,5.19
15:32,102095.49,29.81,17.58,102174.03,18.60,55.28,-1756193.25,4.25
15:33,102097.44,29.83,17.60,102171.11,19.19,53.48,-1756516.00,5.44
15:34,102098.82,29.75,17.53,102174.94,19.55,51.73,-1757399.62,5.44
15:35,102098.28,29.89,17.66,102173.88,20.16,50.11,-1758153.25,4.92
15:36,102098.52,29.97,17.60,102172.69,20.90,48.07,-1758352.00,5.48
15:37,102113.16,30.22,17.53,102185.91,20.93,48.22,-1758352.37,5.55
15:38,102100.25,30.13,17.51,102175.77,21.26,47.82,-1759260.75,5.12
15:39,102108.50,30.26,17.32,102183.83,20.00,49.88,-1759612.00,5.01
15:40,102103.29,30.08,17.58,102184.07,21.49,45.63,-1760580.75,4.63
15:41,102098.99,30.46,17.49,102173.66,22.25,44.61,-1760681.37,4.40
15:42,102112.11,30.18,17.35,102186.15,21.10,48.22,-1760743.00,3.98
15:43,102096.08,30.11,17.31,102173.38,21.14,47.37,-1761297.62,4.76
15:44,102108.10,29.74,17.65,102181.55,20.32,48.66,-1762649.00,5.53
15:45,102099.36,29.61,17.73,102174.54,21.03,47.11,-1763318.37,5.23
15:46,102107.53,29.86,17.76,102190.21,22.42,44.42,-1763867.00,4.82
15:47,102107.80,30.08,17.48,102187.47,22.59,43.83,-1764234.00,5.52
15:48,102106.64,30.10,17.42,102184.21,21.64,44.98,-1764838.75,4.60
15:49,102116.52,30.00,17.60,102187.75,22.32,44.02,-1764913.25,5.46
15:50,102116.08,30.37,17.39,102191.67,23.08,41.11,-1766061.75,4.76
15:51,102107.91,30.01,17.34,102193.24,21.94,44.36,-1765873.25,5.67
15:52,102132.01,29.90,17.39,102196.49,22.76,42.22,-1767581.25,5.30
15:53,102109.14,30.05,17.63,102190.90,22.64,42.49,-1766724.37,4.78
15:54,102113.23,30.06,17.29,102191.27,22.07,43.13,-1767276.25,5.63
15:55,102104.64,29.98,17.52,102179.13,23.27,40.92,-1768184.00,5.72
15:56,102102.83,30.06,17.28,102185.53,22.51,41.63,-1767868.00,4.72
15:57,102121.19,30.09,17.46,102193.78,23.98,39.82,-1769068.37,4.46
15:58,102105.23,30.24,17.45,102187.96,24.68,37.89,-1768996.37,4.68
15:59,102105.28,30.42,17.34,102187.14,24.70,38.40,-1756002.00,4.24
16:0,102108.74,30.51,17.22,102195.16,25.27,36.74,-1739770.37,4.61
16:1,102105.82,30.47,17.17,102186.00,23.33,40.88,-1760970.75,5.53
16:2,102110.64,30.52,17.28,102195.57,24.20,38.68,-1761996.00,4.54
16:3,102111.32,30.52,17.14,102193.40,23.55,40.41,-1754424.37,5.41
16:4,102111.99,30.27,17.28,102191.75,23.54,41.15,-1755931.62,5.63
16:5,102123.18,30.41,17.42,102200.70,24.58,37.69,-1756767.62,4.71
16:6,102116.99,30.88,17.22,102190.50,25.92,34.98,-1713511.25,5.78
16:7,102116.82,31.06,17.08,102196.38,24.06,39.16,-1709361.75,4.54
16:8,102127.66,31.00,17.04,102193.73,22.75,42.90,-1704096.75,5.07
16:9,102113.50,30.87,17.04,102189.35,21.13,45.61,-1746525.00,4.37
16:10,102123.82,30.81,17.15,102197.57,21.93,44.67,-1749237.75,5.48
16:11,102119.19,30.98,16.93,102194.97,23.33,40.34,-1759818.25,5.83
16:12,102123.99,30.59,16.88,102213.64,20.41,47.50,-1773963.00,4.31
16:13,102144.92,30.21,17.14,102212.72,19.90,50.42,-1777101.62,4.61
16:14,102124.66,30.14,17.22,102204.51,20.90,47.25,-1777206.00,4.63
16:15,102127.35,30.11,17.34,102197.03,21.41,46.30,-1776805.37,4.33
16:16,102123.03,30.46,17.30,102195.65,23.41,41.59,-1770675.25,5.63
16:17,102122.17,30.58,17.08,102204.17,22.57,43.48,-1769220.37,5.75
16:18,102126.41,30.75,17.27,102198.86,24.19,39.75,-1728789.37,5.37
16:19,102124.19,30.90,17.05,102201.47,22.38,42.38,-1761877.75,4.31
16:20,102124.54,30.68,17.07,102203.89,23.65,40.31,-1763010.37,5.21
16:21,102140.57,30.75,17.06,102210.86,24.64,38.09,-1761569.62,4.23
16:22,102129.35,30.70,16.98,102205.35,23.61,39.61,-1768520.00,4.76
16:23,102135.16,30.61,17.03,102210.77,23.14,40.96,-1771788.75,4.93
16:24,102134.71,30.56,17.06,102214.40,23.21,40.77,-1772108.75,5.63
16:25,102149.75,30.28,16.88,102232.00,20.93,45.10,-1770464.37,5.42
16:26,102123.50,29.81,17.15,102214.21,20.96,45.76,-1772592.37,5.23
16:27,102140.85,29.77,17.50,102221.69,22.92,40.64,-1772839.25,4.25
16:28,102145.93,29.95,17.39,102223.35,22.64,41.47,-1772893.25,5.05
16:29,102137.83,29.66,17.58,102216.74,22.55,42.07,-1772145.00,4.70
16:30,102138.91,29.88,17.46,102217.00,23.18,41.14,-1772782.00,5.56
16:31,102151.53,29.81,17.21,102222.64,21.95,42.93,-1770637.62,5.25
16:32,102149.66,29.76,17.66,102232.52,23.02,40.75,-1771792.37,4.27
16:33,102142.97,29.78,17.37,102222.75,23.32,39.81,-1772716.62,4.29
16:34,102146.69,29.68,17.54,102228.78,22.99,41.25,-1773442.00,5.49
16:35,102157.89,29.70,17.57,102233.00,22.39,42.81,-1777290.75,5.45
16:36,102152.92,29.49,17.42,102231.59,21.99,42.77,-1784544.37,4.94
16:37,102138.96,29.41,17.70,102223.89,21.87,43.38,-1781767.37,4.94
16:38,102143.53,29.66,17.59,102227.92,22.82,41.37,-1780714.37,4.18
16:39,102148.08,29.79,17.55,102226.71,23.61,39.40,-1783021.25,4.85
16:40,102123.53,29.65,17.66,102200.89,23.24,40.00,-1782415.62,5.69
16:41,102135.30,29.41,17.50,102215.91,22.09,42.54,-1781143.37,6.02
16:42,102135.81,29.55,17.85,102217.57,22.13,42.59,-1781965.62,5.31
16:43,102146.52,29.92,17.50,102226.49,22.55,41.18,-1783002.25,5.42
16:44,102150.03,30.19,17.55,102219.68,23.12,41.03,-1783061.62,5.68
16:45,102144.30,30.25,17.21,102215.64,22.09,42.20,-1782500.75,5.35
16:46,102149.42,30.13,17.16,102231.97,21.04,45.29,-1781444.75,4.95
16:47,102152.42,29.79,17.13,102238.69,20.82,45.85,-1789100.00,5.71
16:48,102166.41,29.38,17.42,102242.15,18.88,50.88,-1797358.25,5.18
16:49,102145.21,29.15,17.78,102220.42,19.73,48.69,-1791904.75,5.15
16:50,102159.30,29.32,17.76,102233.98,20.97,45.77,-1794155.37,5.74
16:51,102151.66,29.14,17.67,102221.96,19.57,49.13,-1803229.75,5.78
16:52,102140.46,29.38,17.73,102211.72,22.31,42.50,-1803645.25,4.71
16:53,102142.88,29.41,17.84,102221.21,19.82,50.12,-1802743.75,5.01
16:54,102139.00,29.36,17.76,102223.82,20.41,47.74,-1803774.00,5.78
16:55,102138.75,29.43,17.68,102225.10,19.49,49.79,-1803215.62,5.20
16:56,102147.35,29.45,17.69,102222.03,19.75,48.52,-1804137.62,4.68
16:57,102141.64,29.24,17.70,102223.74,18.97,51.47,-1808491.37,5.90
16:58,102148.87,29.28,17.72,102220.11,21.47,44.81,-1808729.75,5.19
16:59,102157.30,29.24,17.74,102222.67,20.41,46.35,-1808033.00,5.91
17:0,102147.09,29.02,17.74,102218.49,18.42,52.16,-1809115.75,5.19
17:1,102141.40,29.10,17.92,102208.27,19.31,50.94,-1810202.37,4.64
17:2,102147.75,29.21,17.79,102215.92,19.07,51.42,-1811055.75,4.76
17:3,102156.66,29.39,17.90,102220.45,19.69,48.90,-1811560.37,5.77
17:4,102140.05,29.66,17.71,102218.35,19.42,50.24,-1811339.00,5.79
17:5,102141.03,29.64,17.74,102228.89,19.50,49.47,-1812713.00,4.70
17:6,102141.96,29.71,17.75,102221.64,19.39,50.22,-1812717.62,5.17
17:7,102150.82,29.64,17.58,102220.53,19.10,50.53,-1813225.37,4.13
17:8,102170.41,29.63,17.56,102239.16,19.38,49.67,-1814628.62,4.94
17:9,102182.32,29.28,17.78,102248.41,18.24,53.13,-1814677.25,4.81
17:10,102159.61,29.10,17.86,102229.55,17.56,54.97,-1815940.62,5.05
17:11,102160.75,29.01,18.01,102232.71,18.13,53.52,-1817720.75,5.13
17:12,102167.10,28.89,17.89,102241.14,17.44,54.83,-1818906.75,5.13
17:13,102158.70,28.55,17.94,102235.66,17.19,55.99,-1820124.62,5.01
17:14,102160.58,28.49,18.13,102239.55,17.65,54.81,-1821040.00,5.74
17:15,102169.13,28.60,17.97,102237.89,17.39,54.33,-1820533.62,5.74
17:16,102159.97,28.45,18.11,102237.99,17.61,54.34,-1821691.75,5.41
17:17,102166.96,28.31,18.13,102236.24,17.13,55.67,-1821197.62,4.67
17:18,102169.99,28.24,18.20,102241.53,17.24,55.90,-1821868.62,5.01
17:19,102165.13,28.48,18.21,102236.89,17.72,52.96,-1822222.37,5.61
17:20,102180.99,28.50,18.07,102241.46,17.48,55.21,-1821716.37,5.60
17:21,102176.40,28.51,18.08,102240.91,17.56,54.70,-1819619.62,4.88
17:22,102175.11,28.57,18.15,102239.58,17.53,55.40,-1819984.00,5.16
17:23,102168.28,28.75,17.96,102247.63,18.11,52.47,-1820267.25,4.62
17:24,102184.85,28.92,17.89,102249.22,18.37,53.52,-1820670.00,4.30
17:25,102172.42,28.68,17.92,102237.17,17.39,55.08,-1820791.37,4.79
17:26,102174.04,28.47,17.88,102239.63,17.16,55.47,-1821401.62,5.43
17:27,102173.21,28.30,17.99,102244.44,17.57,52.90,-1822299.62,5.65
17:28,102165.05,28.24,18.13,102243.68,17.34,54.32,-1822245.75,5.61
17:29,102164.05,28.05,18.30,102245.46,17.15,54.53,-1824058.75,5.53
17:30,102169.80,28.14,18.20,102240.16,17.39,54.49,-1824698.37,4.55
17:31,102170.71,28.23,18.07,102245.56,17.57,53.94,-1825103.62,5.20
17:32,102187.77,28.07,18.24,102249.89,17.49,54.78,-1825196.00,5.63
17:33,102170.60,28.20,18.21,102243.41,17.98,53.01,-1825635.25,5.85
17:34,102169.57,28.25,18.25,102240.60,18.12,52.80,-1825964.00,5.22
17:35,102166.55,28.46,18.10,102239.54,18.25,51.94,-1827062.00,5.05
17:36,102175.69,28.65,18.10,102240.86,18.25,51.92,-1826629.25,5.45
17:37,102166.86,28.38,18.01,102239.67,17.36,54.04,-1827103.25,5.58
17:38,102166.60,28.20,17.99,102238.91,17.14,55.57,-1826936.62,5.77
17:39,102165.24,28.11,18.21,102240.39,17.67,52.65,-1828744.25,5.36
17:40,102174.21,28.34,18.18,102233.63,18.16,52.25,-1829460.62,4.91
17:41,102171.44,28.44,18.04,102238.50,18.18,51.05,-1829291.00,5.35
17:42,102156.42,28.22,18.01,102238.55,17.74,53.08,-1829206.25,4.55
17:43,102160.00,28.23,18.01,102237.55,17.93,51.93,-1830964.37,5.46
17:44,102170.66,28.49,18.13,102238.47,18.31,52.21,-1830919.75,4.72
17:45,102178.97,28.38,17.83,102248.07,17.48,52.69,-1830458.75,5.35
17:46,102186.00,28.04,17.77,102254.63,17.28,52.58,-1831684.25,5.55
17:47,102184.80,27.89,17.95,102250.28,17.27,52.36,-1831708.00,5.08
17:48,102177.58,27.72,17.99,102253.86,17.55,51.26,-1833293.25,4.58
17:49,102184.99,27.76,18.15,102255.92,17.79,51.20,-1833477.25,4.90
17:50,102178.41,27.87,18.04,102257.07,18.08,50.13,-1834250.62,5.64
17:51,102174.64,27.82,17.98,102253.14,18.04,50.60,-1834275.75,4.96
17:52,102198.17,27.95,18.15,102268.00,19.74,46.69,-1835049.00,5.57
17:53,102192.42,28.20,18.05,102255.42,20.73,43.33,-1834739.62,5.63
17:54,102192.19,28.37,17.88,102259.50,20.86,42.14,-1835412.25,5.71
17:55,102188.02,28.44,17.75,102257.50,19.94,45.33,-1835608.37,5.03
17:56,102179.71,28.50,17.91,102252.38,19.58,46.09,-1836153.62,4.49
17:57,102181.11,28.24,17.62,102256.60,18.25,48.63,-1836290.62,5.03
17:58,102187.48,28.15,17.88,102262.47,18.63,47.87,-1837894.25,5.43
17:59,102176.90,28.16,17.80,102253.00,18.33,48.50,-1837802.00,4.27
18:0,102189.83,28.18,17.80,102258.47,18.53,47.85,-1838792.75,4.37
18:1,102187.71,28.27,17.95,102257.64,18.62,48.19,-1839799.25,4.99
18:2,102184.09,28.42,17.79,102260.32,18.99,47.18,-1839825.00,4.94
18:3,102178.60,28.22,17.73,102254.05,18.09,48.79,-1839987.25,4.71
18:4,102167.48,28.17,17.88,102258.08,18.38,48.70,-1841215.25,4.63
18:5,102187.46,28.34,17.85,102256.07,18.73,47.70,-1841328.37,5.13
18:6,102189.67,28.46,17.83,102262.60,18.98,47.91,-1841872.37,4.63
18:7,102193.96,28.44,17.70,102261.77,18.32,49.22,-1841854.00,5.44
18:8,102194.07,28.41,17.91,102261.59,18.34,49.40,-1842433.25,5.05
18:9,102187.68,28.45,17.79,102258.45,18.39,49.92,-1842690.00,4.69
18:10,102177.12,28.24,17.94,102262.24,17.83,51.34,-1843047.62,5.10
18:11,102195.87,28.33,18.05,102269.17,18.03,51.03,-1844211.37,5.32
18:12,102194.14,28.37,17.92,102264.86,18.16,50.98,-1844593.62,5.07
18:13,102195.53,28.52,17.80,102261.08,18.76,48.86,-1845542.75,5.52
18:14,102195.85,28.56,17.83,102266.88,18.65,49.51,-1845468.75,4.93
18:15,102189.10,28.69,17.86,102264.64,18.85,48.99,-1846093.37,5.39
18:16,102192.83,28.75,17.88,102262.36,18.38,51.16,-1845195.25,4.53
18:17,102197.05,28.51,17.79,102266.41,17.87,52.03,-1846777.25,4.48
18:18,102195.72,28.58,17.95,102266.81,17.93,52.51,-1847006.75,5.48
18:19,102196.67,28.59,17.72,102265.46,18.35,50.19,-1847969.25,5.43
18:20,102204.42,28.65,17.94,102270.27,18.29,51.92,-1847307.75,3.79
18:21,102203.92,28.77,17.73,102269.47,18.77,49.82,-1849369.75,5.07
18:22,102202.92,28.83,17.78,102270.78,18.59,51.41,-1849670.00,4.18
18:23,102196.10,28.89,17.85,102273.58,18.63,51.42,-1850057.25,4.46
18:24,102214.02,28.93,17.79,102279.77,18.17,52.19,-1849630.00,4.98
18:25,102198.96,28.92,17.94,102271.90,17.89,54.47,-1851365.62,4.38
18:26,102211.38,28.91,17.83,102275.22,18.15,53.10,-1851484.00,5.55
18:27,102204.71,28.83,17.97,102274.63,17.61,56.05,-1851459.62,4.87
18:28,102210.27,28.68,17.96,102285.38,17.24,57.40,-1852002.25,5.65
18:29,102206.03,28.82,17.97,102284.98,18.26,52.54,-1853102.62,4.23
18:30,102206.00,29.01,18.10,102277.35,18.25,55.03,-1853098.37,5.15
18:31,102206.03,29.15,18.03,102276.85,17.98,55.58,-1853767.62,5.52
18:32,102200.08,29.15,18.07,102276.35,18.10,55.62,-1854900.62,5.16
18:33,102204.10,29.29,17.95,102284.46,18.55,53.52,-1855171.00,4.30
18:34,102214.04,29.43,17.97,102280.66,18.68,54.23,-1855499.25,5.23
18:35,102205.88,29.50,17.82,102287.08,18.70,53.68,-1855980.75,5.30
18:36,102208.69,29.49,17.95,102280.95,18.22,55.81,-1855503.25,4.57
18:37,102210.97,29.40,17.87,102283.78,17.95,55.54,-1857039.75,5.37
18:38,102217.07,29.44,17.84,102280.46,18.40,54.01,-1858242.62,4.47
18:39,102222.85,29.45,18.06,102286.74,18.43,55.27,-1858033.62,5.08
18:40,102215.80,29.26,17.85,102280.64,17.61,57.88,-1858606.37,4.50
18:41,102209.39,29.12,18.07,102280.05,17.83,56.49,-1858995.62,4.87
18:42,102212.35,29.23,17.96,102287.24,18.17,56.37,-1860040.75,5.09
18:43,102219.94,29.30,17.95,102285.96,18.17,55.51,-1860245.62,4.69
18:44,102210.98,29.42,17.95,102283.33,18.56,55.26,-1861326.62,4.86
18:45,102213.54,29.56,17.87,102283.02,18.74,54.83,-1861574.37,4.40
18:46,102216.00,29.59,17.88,102293.75,18.56,55.06,-1861961.62,4.36
18:47,102230.30,29.47,18.00,102295.16,17.73,58.70,-1862163.25,5.66
18:48,102226.85,29.44,17.93,102277.65,18.07,57.31,-1862875.62,4.52
18:49,102225.14,29.37,18.05,102299.91,17.77,59.20,-1863499.62,3.85
18:50,102222.83,29.31,18.05,102292.58,17.66,59.19,-1864712.00,4.03
18:51,102221.02,29.42,18.17,102292.42,18.40,56.45,-1865957.62,5.25
18:52,102226.94,29.51,18.16,102288.72,18.01,58.57,-1865632.75,4.52
18:53,102221.88,29.59,18.04,102295.17,18.59,56.42,-1866915.62,5.58
18:54,102236.32,29.54,17.97,102294.86,17.40,60.96,-1865700.75,5.31
18:55,102226.41,29.37,18.36,102304.41,17.29,62.32,-1867725.75,5.12
18:56,102225.62,29.59,17.99,102295.66,18.36,56.83,-1868601.00,5.51
18:57,102238.32,29.74,18.08,102315.00,18.43,57.77,-1868531.25,4.35
18:58,102225.33,29.53,18.22,102301.24,17.72,60.85,-1869002.62,4.29
18:59,102232.86,29.48,18.25,102301.08,17.50,61.57,-1869231.62,4.97
19:0,102231.38,29.54,18.17,102303.98,17.77,60.99,-1870030.00,5.71
19:1,102230.22,29.67,18.11,102298.13,18.00,59.69,-1870188.37,4.84
19:2,102237.13,29.67,18.03,102301.44,17.76,60.28,-1870908.62,5.65
19:3,102236.96,29.57,18.18,102308.27,16.66,65.72,-1872077.25,5.42
19:4,102230.80,29.34,18.39,102310.02,16.57,65.84,-1874103.25,4.72
19:5,102230.71,29.16,18.45,102305.60,16.24,67.57,-1874578.37,4.76
19:6,102236.47,29.20,18.52,102303.99,16.88,65.43,-1877525.62,4.29
19:7,102240.05,29.26,18.33,102308.03,16.29,67.67,-1876621.25,4.57
19:8,102228.76,29.21,18.56,102302.69,16.62,66.12,-1877420.25,4.83
19:9,102241.40,29.19,18.39,102308.90,16.96,64.17,-1876576.75,4.36
19:10,102227.22,29.35,18.37,102300.13,17.24,63.44,-1877874.75,5.01
19:11,102232.67,29.41,18.65,102304.17,17.14,64.44,-1877917.25,4.22
19:12,102241.03,29.55,18.38,102306.94,17.38,63.25,-1878442.75,4.39
19:13,102230.44,29.64,18.20,102305.03,17.33,63.50,-1878961.75,4.42
19:14,102227.13,29.54,18.45,102306.66,16.55,67.58,-1879970.62,5.01
19:15,102232.57,29.53,18.24,102303.38,16.97,64.74,-1880764.37,5.15
19:16,102223.50,29.68,18.42,102298.84,17.42,63.62,-1880981.62,4.38
19:17,102243.21,29.65,18.28,102314.84,17.10,65.63,-1880957.25,4.90
19:18,102229.99,29.38,18.42,102311.67,16.37,68.63,-1879307.62,5.07
19:19,102241.05,29.35,18.54,102317.63,16.62,66.99,-1882541.62,4.90
19:20,102245.96,29.47,18.60,102317.10,16.77,67.29,-1882516.00,4.42
19:21,102246.52,29.50,18.46,102319.13,16.64,66.93,-1882814.37,5.63
19:22,102244.25,29.41,18.44,102317.39,16.76,66.10,-1883532.62,4.36
19:23,102239.80,29.45,18.63,102316.39,16.81,66.97,-1883948.25,4.67
19:24,102251.17,29.60,18.34,102322.59,17.17,63.50,-1884965.37,4.14
19:25,102247.72,29.70,18.37,102325.75,17.18,65.52,-1885265.62,4.38
19:26,102246.61,29.69,18.43,102320.74,17.20,65.21,-1886200.75,5.70
19:27,102230.23,29.82,18.38,102312.57,17.60,63.47,-1886525.25,5.12
19:28,102255.57,29.94,18.25,102319.15,17.68,62.61,-1887432.37,5.22
19:29,102255.48,30.00,18.14,102325.53,17.80,62.23,-1887891.00,5.78
19:30,102245.47,29.97,18.21,102323.61,17.30,64.74,-1888762.37,4.64
19:31,102257.36,29.95,18.16,102330.71,17.09,66.19,-1889889.62,5.81
19:32,102257.61,29.80,18.25,102325.58,16.42,68.85,-1891361.62,4.32
19:33,102257.53,29.79,18.35,102319.89,17.01,66.22,-1892973.62,4.67
19:34,102249.74,29.90,18.26,102327.08,17.40,65.10,-1893419.75,4.85
19:35,102240.19,29.98,18.33,102323.32,17.20,64.85,-1893549.25,4.49
19:36,102246.46,29.93,18.31,102326.99,16.71,67.49,-1893956.75,4.55
19:37,102258.29,29.85,18.19,102327.96,17.07,65.44,-1894570.00,5.91
19:38,102261.71,29.87,18.26,102335.22,17.36,64.25,-1895543.00,5.77
19:39,102268.42,29.92,18.20,102338.50,16.83,67.18,-1895535.25,3.88
19:40,102264.67,29.64,18.39,102335.77,16.46,68.52,-1896494.75,5.25
19:41,102266.88,29.62,18.53,102338.97,16.49,68.66,-1897343.25,4.18
19:42,102254.71,29.62,18.55,102331.94,16.65,67.83,-1898114.37,4.63
19:43,102256.92,29.70,18.30,102334.13,17.10,65.75,-1899446.75,3.81
19:44,102260.03,29.67,18.36,102331.87,16.95,65.95,-1899704.37,5.31
19:45,102269.53,29.76,18.15,102331.13,17.71,61.64,-1900076.37,3.88
19:46,102265.61,29.78,18.29,102331.52,17.35,64.35,-1900134.75,4.34
19:47,102265.61,29.70,18.43,102340.38,16.86,67.53,-1901398.62,4.85
19:48,102264.26,29.80,18.34,102332.58,17.27,64.39,-1902056.75,4.90
19:49,102270.22,29.92,18.08,102332.08,17.68,61.63,-1902910.37,4.29
19:50,102259.24,29.94,18.32,102334.06,17.47,64.94,-1902879.25,5.77
19:51,102256.75,30.01,18.10,102336.89,17.41,64.51,-1903729.37,4.63
19:52,102251.86,29.98,18.21,102340.78,17.23,65.50,-1903803.75,5.23
19:53,102268.52,29.86,18.25,102339.25,17.02,65.90,-1904849.62,4.49
19:54,102269.02,29.77,18.33,102344.83,16.81,67.00,-1905602.75,3.91
19:55,102268.13,29.76,18.40,102342.03,16.84,66.51,-1906272.00,5.70
19:56,102262.38,29.76,18.23,102340.57,17.00,64.63,-1907143.62,4.65
19:57,102271.25,29.87,18.15,102342.10,17.46,62.62,-1908434.75,5.63
19:58,102268.69,29.87,18.33,102341.63,17.50,62.77,-1908457.75,4.07
19:59,102264.97,29.88,18.34,102340.87,17.45,64.28,-1909009.25,4.79
20:0,102270.77,29.81,18.39,102340.69,16.32,70.16,-1910085.00,5.12
20:1,102269.96,29.80,18.29,102349.49,16.69,67.73,-1911006.00,5.14
20:2,102270.39,29.92,18.17,102348.92,17.36,64.33,-1911609.75,4.59
20:3,102275.33,29.92,18.21,102344.53,17.08,66.57,-1911807.75,4.79
20:4,102276.44,30.00,18.26,102346.30,17.31,64.98,-1912588.37,5.62
20:5,102279.42,30.02,18.03,102348.06,17.30,65.46,-1913026.25,4.63
20:6,102275.16,29.85,18.24,102350.03,16.36,69.73,-1913341.25,5.26
20:7,102285.84,29.74,18.25,102353.98,16.56,67.32,-1914836.00,4.61
20:8,102276.17,29.78,18.29,102361.02,16.60,68.67,-1915479.37,4.33
20:9,102291.47,29.88,18.12,102359.23,17.13,65.61,-1915862.62,5.49
20:10,102282.41,29.95,18.20,102358.02,17.39,64.46,-1916840.37,4.49
20:11,102287.78,30.02,18.12,102357.39,17.33,65.83,-1917071.00,5.39
20:12,102294.21,29.97,18.14,102356.58,17.21,65.26,-1917350.37,4.72
20:13,102283.46,29.88,18.28,102357.44,16.75,67.45,-1918558.75,5.26
20:14,102286.14,29.86,18.24,102362.64,16.85,67.12,-1918680.00,4.36
20:15,102280.27,29.84,18.00,102354.14,17.04,65.73,-1920039.62,4.56
20:16,102290.83,29.73,18.31,102364.71,16.66,67.37,-1920606.37,5.03
20:17,102290.52,29.67,18.32,102358.99,16.44,68.67,-1922049.62,5.16
20:18,102284.50,29.54,18.39,102362.27,16.43,68.72,-1925750.75,4.92
20:19,102286.69,29.68,18.22,102364.05,17.15,65.03,-1926445.25,4.61
20:20,102282.86,29.76,18.28,102363.76,17.31,64.45,-1927046.00,5.63
20:21,102291.47,29.81,18.13,102370.58,17.46,64.02,-1927212.37,4.38
20:22,102305.82,29.86,18.17,102377.65,17.38,63.86,-1927572.25,4.76
20:23,102307.40,29.82,18.30,102383.02,17.03,66.40,-1928222.25,5.25
20:24,102307.05,29.81,18.36,102385.06,16.97,66.58,-1928436.75,4.25
20:25,102308.85,29.83,18.22,102380.69,16.97,66.68,-1929125.25,4.38
20:26,102313.82,29.78,18.23,102385.25,16.88,66.83,-1930476.75,5.56
20:27,102313.14,29.79,18.24,102395.21,17.23,65.28,-1930818.00,4.56
20:28,102309.65,29.78,18.30,102388.05,16.78,67.26,-1931441.00,3.99
20:29,102310.15,29.71,18.36,102382.74,16.40,68.91,-1932177.62,5.50
20:30,102315.39,29.68,18.37,102388.22,16.56,68.70,-1933272.62,4.34
20:31,102313.04,29.69,18.38,102383.27,16.54,68.79,-1933778.75,5.01
20:32,102316.32,29.61,18.44,102384.83,16.31,69.64,-1933942.75,4.90
20:33,102325.32,29.58,18.57,102391.53,16.45,69.90,-1934572.75,4.54
20:34,102316.44,29.63,18.45,102390.27,16.58,68.66,-1935544.25,5.39
20:35,102320.44,29.41,18.42,102389.28,16.07,70.03,-1936711.62,5.69
20:36,102318.07,29.43,18.59,102390.08,16.06,70.84,-1938332.37,4.49
20:37,102311.07,29.40,18.78,102388.46,16.39,69.44,-1939378.75,5.19
20:38,102326.69,29.43,18.48,102395.01,16.58,67.16,-1940624.00,4.66
20:39,102326.20,29.45,18.73,102391.28,16.47,68.44,-1940920.75,5.02
20:40,102325.14,29.47,18.54,102395.32,16.58,67.88,-1941365.62,4.38
20:41,102313.95,29.50,18.59,102398.95,16.69,68.40,-1942297.25,5.16
20:42,102327.52,29.47,18.45,102398.28,16.73,67.39,-1942472.00,4.35
20:43,102340.42,29.46,18.62,102405.08,16.26,70.08,-1942553.25,5.30
20:44,102330.42,29.25,18.79,102394.11,15.98,71.12,-1943902.75,5.54
20:45,102326.85,29.26,18.74,102399.28,16.05,70.88,-1944748.00,4.72
20:46,102322.21,29.23,18.80,102398.68,15.80,71.29,-1945423.62,4.74
20:47,102327.05,29.21,18.87,102397.17,15.84,72.00,-1945952.75,4.78
20:48,102331.50,29.29,18.69,102404.41,16.35,69.40,-1946717.37,4.45
20:49,102339.69,29.36,18.59,102406.81,16.59,67.74,-1947447.62,3.83
20:50,102338.85,29.37,18.50,102409.03,16.73,65.82,-1947948.37,5.35
20:51,102334.74,29.42,18.44,102409.23,17.04,65.33,-1948859.62,4.61
20:52,102336.55,29.48,18.70,102408.55,16.66,68.01,-1949438.25,4.43
20:53,102341.92,29.37,18.67,102405.30,16.16,69.52,-1950617.62,5.14
20:54,102343.28,29.37,18.70,102412.89,16.38,69.18,-1950514.37,4.97
20:55,102342.61,29.39,18.63,102410.97,16.03,71.00,-1951468.75,4.38
20:56,102342.55,29.24,18.69,102416.61,15.73,71.97,-1953082.62,5.64
20:57,102338.54,29.22,18.62,102413.17,16.18,68.93,-1954263.62,4.72
20:58,102347.47,29.32,18.72,102425.85,16.44,69.35,-1954308.37,5.59
20:59,102345.42,29.32,18.67,102418.77,16.36,68.56,-1954963.00,4.52
21:0,102343.96,29.36,18.62,102416.54,16.66,67.46,-1955545.62,5.65
21:1,102353.16,29.37,18.77,102425.66,16.43,68.52,-1956606.00,4.32
21:2,102339.85,29.29,18.66,102421.34,16.07,69.60,-1956705.37,5.63
21:3,102340.35,29.28,18.68,102421.11,16.12,70.33,-1957471.00,5.73
21:4,102340.54,29.31,18.73,102417.17,16.19,69.84,-1958630.00,4.54
21:5,102350.50,29.36,18.65,102422.20,16.71,67.08,-1959264.75,5.26
21:6,102353.72,29.41,18.74,102422.77,16.40,69.41,-1959938.37,5.53
21:7,102344.32,29.44,18.77,102414.64,16.45,68.84,-1960292.00,4.29
21:8,102348.57,29.50,18.57,102415.60,16.46,69.14,-1960684.37,4.69
21:9,102349.63,29.40,18.76,102418.61,16.21,70.62,-1962167.25,5.28
21:10,102352.87,29.41,18.64,102416.26,16.07,71.22,-1962346.00,5.33
21:11,102350.02,29.39,18.59,102418.53,16.35,69.70,-1963312.37,5.54
21:12,102349.72,29.41,18.71,102424.50,16.41,69.58,-1963956.00,5.18
21:13,102349.17,29.43,18.53,102426.38,16.44,67.98,-1964358.00,4.76
21:14,102354.36,29.44,18.75,102429.44,16.37,68.32,-1965036.62,5.61
21:15,102349.75,29.50,18.39,102425.99,16.75,67.03,-1965783.25,4.37
21:16,102345.52,29.44,18.70,102421.41,16.15,70.62,-1965902.37,5.12
21:17,102355.25,29.41,18.69,102423.52,16.24,70.12,-1966798.62,4.52
21:18,102348.27,29.40,18.64,102429.58,16.24,69.88,-1967680.00,3.84
21:19,102353.98,29.42,18.64,102425.50,16.23,69.57,-1968416.00,5.52
21:20,102350.07,29.46,18.58,102426.88,16.62,68.48,-1969196.00,5.27
21:21,102357.20,29.50,18.42,102426.00,16.61,68.29,-1969342.75,5.65
21:22,102353.71,29.51,18.48,102427.42,16.79,67.20,-1970556.75,5.26
21:23,102354.46,29.44,18.68,102426.77,16.05,70.88,-1970603.25,5.76
21:24,102350.42,29.46,18.59,102424.57,16.59,68.33,-1971549.25,4.20
21:25,102345.77,29.56,18.43,102425.03,16.87,67.13,-1972009.25,4.60
21:26,102364.83,29.55,18.46,102442.58,16.75,68.45,-1972848.37,4.91
21:27,102367.32,29.45,18.71,102424.39,16.12,70.77,-1972722.75,4.84
21:28,102362.53,29.44,18.71,102428.39,16.08,71.09,-1974042.62,4.75
21:29,102354.65,29.29,18.68,102428.33,15.77,72.15,-1975703.00,3.85
21:30,102363.08,29.30,18.72,102428.55,16.12,69.58,-1975971.25,4.78
21:31,102355.19,29.36,18.43,102427.74,16.85,66.32,-1976581.00,4.85
21:32,102355.62,29.37,18.70,102426.80,16.82,67.36,-1977315.37,5.36
21:33,102360.64,29.48,18.45,102433.36,16.97,66.10,-1977985.25,4.85
21:34,102362.78,29.50,18.61,102429.33,16.80,67.39,-1978376.00,4.67
21:35,102360.61,29.51,18.45,102429.17,16.77,67.35,-1979023.25,4.61
21:36,102362.80,29.45,18.53,102435.92,16.30,70.16,-1979467.25,4.33
21:37,102366.67,29.42,18.61,102434.55,16.35,69.52,-1980648.00,5.36
21:38,102366.03,29.44,18.46,102430.92,16.08,70.11,-1981158.37,4.29
21:39,102369.61,29.45,18.59,102440.08,16.29,69.56,-1981756.37,5.52
21:40,102376.01,29.51,18.51,102438.78,16.08,71.39,-1982198.75,4.69
21:41,102357.49,29.48,18.40,102440.77,16.62,67.06,-1982922.25,4.32
21:42,102358.83,29.41,18.72,102439.43,16.05,71.27,-1983970.37,4.98
21:43,102365.96,29.34,18.81,102441.23,15.88,71.88,-1984238.62,4.32
21:44,102365.85,29.21,18.89,102435.72,15.46,74.53,-1985007.62,5.48
21:45,102367.42,29.19,18.71,102443.74,15.92,71.93,-1985874.00,4.18
21:46,102366.85,29.26,18.80,102440.20,16.00,71.77,-1986300.37,5.64
21:47,102362.92,29.30,18.85,102444.41,16.03,71.56,-1986965.75,4.73
21:48,102362.03,29.33,18.72,102440.39,16.33,69.91,-1987877.00,5.47
21:49,102369.78,29.44,18.46,102439.86,16.63,67.40,-1988618.62,4.43
21:50,102373.10,29.45,18.70,102446.96,16.37,69.93,-1988760.00,4.30
21:51,102375.64,29.43,18.62,102445.46,16.17,70.92,-1989608.37,5.43
21:52,102366.39,29.40,18.59,102449.96,16.28,69.70,-1989840.00,4.34
21:53,102369.42,29.39,18.61,102449.09,16.75,68.01,-1990919.62,4.27
21:54,102376.21,29.42,18.63,102444.36,16.48,68.91,-1991870.00,5.63
21:55,102376.42,29.45,18.64,102456.71,16.60,68.41,-1991714.75,4.27
21:56,102374.11,29.43,18.74,102449.13,16.22,69.62,-1992835.25,4.32
21:57,102383.03,29.37,18.88,102456.67,16.36,70.35,-1993724.37,4.39
21:58,102384.44,29.40,18.72,102456.99,16.38,69.50,-1994441.25,5.75
21:59,102385.16,29.48,18.50,102462.74,16.47,69.09,-1995066.75,5.27
22:0,102384.60,29.45,18.68,102462.96,16.16,70.93,-1995659.37,5.73
22:1,102386.35,29.48,18.67,102464.08,16.20,70.67,-1995989.25,4.42
22:2,102384.30,29.47,18.47,102459.24,16.29,69.63,-1996878.75,5.21
22:3,102381.43,29.43,18.64,102462.62,16.06,71.35,-1997606.00,4.30
22:4,102398.61,29.48,18.58,102463.66,16.55,68.76,-1998128.00,5.30
22:5,102399.57,29.44,18.69,102464.46,16.28,70.40,-1998194.00,5.73
22:6,102381.11,29.45,18.64,102467.03,16.34,70.04,-1999173.37,5.36
22:7,102389.19,29.45,18.62,102475.35,16.52,69.23,-2000132.25,5.69
22:8,102392.19,29.39,18.60,102470.60,16.35,69.76,-2001041.75,5.34
22:9,102394.71,29.38,18.74,102464.09,16.25,71.16,-2001356.37,4.84
22:10,102384.08,29.44,18.63,102465.55,16.42,70.13,-2002308.00,4.96
22:11,102391.97,29.48,18.65,102463.53,16.48,69.96,-2002884.37,5.43
22:12,102390.57,29.50,18.61,102460.86,16.24,69.30,-2003354.00,5.12
22:13,102392.13,29.54,18.39,102462.24,16.59,68.04,-2003946.75,5.61
22:14,102392.58,29.54,18.62,102466.33,16.64,67.69,-2004695.62,5.15
22:15,102390.89,29.56,18.56,102464.41,16.44,69.41,-2005368.75,5.07
22:16,102395.58,29.57,18.60,102466.34,16.16,71.46,-2005724.25,5.49
22:17,102395.06,29.58,18.43,102466.26,16.74,67.26,-2007017.75,5.12
22:18,102394.98,29.56,18.49,102467.75,16.63,68.76,-2007508.00,4.25
22:19,102390.47,29.61,18.39,102467.05,16.91,66.50,-2007874.37,5.40
22:20,102396.09,29.60,18.48,102469.20,16.83,67.80,-2008651.00,4.86
22:21,102385.10,29.59,18.42,102474.87,16.84,67.86,-2009244.37,5.61
22:22,102390.80,29.58,18.55,102472.09,16.43,69.43,-2009409.25,5.29
22:23,102394.72,29.59,18.65,102478.74,16.25,71.00,-2010191.25,4.32
22:24,102402.39,29.57,18.45,102474.21,16.36,69.59,-2011677.62,5.44
22:25,102408.03,29.53,18.51,102476.14,16.49,68.66,-2011933.62,5.54
22:26,102403.65,29.54,18.44,102476.30,16.51,69.37,-2012957.00,4.91
22:27,102405.88,29.55,18.54,102477.38,16.60,68.73,-2013361.62,5.00
22:28,102408.75,29.50,18.62,102479.75,16.28,70.86,-2013702.00,5.63
22:29,102396.63,29.53,18.45,102476.94,16.60,68.97,-2014802.37,4.74
22:30,102400.55,29.53,18.51,102481.58,16.52,67.95,-2015553.75,5.19
22:31,102406.41,29.51,18.55,102479.27,16.23,70.55,-2016330.62,4.24
22:32,102406.21,29.56,18.30,102481.05,16.71,68.02,-2016597.37,4.83
22:33,102399.87,29.54,18.58,102478.66,16.55,69.07,-2017638.25,5.50
22:34,102408.35,29.59,18.34,102484.60,16.74,66.34,-2017985.62,4.45
22:35,102411.08,29.57,18.49,102481.97,16.83,67.38,-2018634.25,5.13
22:36,102418.73,29.58,18.44,102486.89,16.78,67.41,-2019510.00,5.68
22:37,102408.17,29.58,18.35,102491.96,16.85,67.22,-2019817.00,4.77
22:38,102407.07,29.55,18.41,102482.92,16.73,66.84,-2020781.62,5.43
22:39,102401.62,29.56,18.38,102482.49,16.83,67.17,-2020964.75,4.51
22:40,102407.62,29.54,18.60,102486.99,16.49,69.25,-2021742.62,4.48
22:41,102413.43,29.50,18.58,102483.52,16.33,69.80,-2022303.25,5.38
22:42,102411.39,29.50,18.73,102488.46,15.98,71.76,-2023272.25,4.09
22:43,102408.21,29.42,18.50,102491.50,16.20,69.69,-2023474.00,5.41
22:44,102425.85,29.47,18.57,102491.34,16.40,68.35,-2024936.75,4.27
22:45,102415.35,29.51,18.51,102493.53,16.74,67.49,-2025252.37,4.35
22:46,102422.97,29.50,18.59,102492.71,16.68,67.96,-2026247.00,5.18
22:47,102418.69,29.46,18.62,102493.94,16.44,68.47,-2026156.37,4.54
22:48,102418.74,29.46,18.47,102495.89,16.62,67.89,-2026703.37,4.96
22:49,102420.03,29.42,18.58,102490.86,16.39,69.10,-2028022.00,5.68
22:50,102410.47,29.45,18.45,102496.82,16.73,67.24,-2028272.37,4.64
22:51,102418.74,29.46,18.36,102496.58,16.92,66.05,-2029074.00,5.66
22:52,102431.19,29.41,18.83,102503.30,16.23,69.89,-2028776.62,4.82
22:53,102425.50,29.37,18.72,102500.52,16.26,70.04,-2030316.25,5.50
22:54,102420.41,29.38,18.55,102499.39,16.11,69.86,-2030995.37,5.70
22:55,102419.67,29.39,18.55,102496.92,16.39,69.60,-2031560.00,4.56
22:56,102428.34,29.43,18.42,102498.42,16.44,68.50,-2032021.62,4.49
22:57,102417.40,29.42,18.42,102499.75,16.66,67.64,-2032535.62,4.32
22:58,102427.10,29.42,18.61,102499.22,16.63,68.39,-2033048.00,5.76
22:59,102426.75,29.39,18.48,102502.92,16.74,66.37,-2033876.25,4.94
23:0,102433.92,29.42,18.43,102501.59,16.58,67.98,-2034647.25,5.63
23:1,102427.46,29.37,18.60,102498.98,16.47,68.47,-2035590.62,4.63
23:2,102423.49,29.43,18.48,102501.21,16.61,68.07,-2036030.75,4.76
23:3,102428.07,29.39,18.59,102503.51,16.00,70.45,-2036557.75,4.81
23:4,102417.92,29.27,18.73,102504.71,16.03,70.75,-2037392.37,5.36
23:5,102447.51,16.87,67.99,102503.83,16.07,72.15,-2037504.75,0.84
23:6,102443.41,17.26,63.79,102501.96,15.78,73.33,-2038550.75,0.55
23:7,102446.63,17.26,64.01,102501.42,15.91,72.98,-2039346.75,0.55
23:8,102431.94,28.13,21.82,102503.67,15.69,73.43,-2039950.00,5.32
23:9,102434.27,28.85,19.98,102510.34,15.78,72.27,-2039821.37,4.23
23:10,102430.49,28.74,19.64,102504.21,15.49,73.72,-2040208.00,5.24
23:11,102441.66,28.79,19.42,102510.35,15.70,72.58,-2041071.75,4.56
23:12,102441.86,28.77,19.40,102507.42,15.93,71.36,-2041124.00,5.16
23:13,102438.33,28.83,19.21,102512.02,15.77,71.80,-2042018.00,5.61
23:14,102444.39,28.86,19.25,102507.14,15.86,71.81,-2042446.37,5.19
23:15,102443.63,28.80,19.16,102510.96,15.79,71.04,-2044086.37,5.39
23:16,102432.44,28.92,19.01,102507.28,16.43,68.65,-2044271.25,4.32
23:17,102440.75,28.94,19.06,102511.44,16.24,69.11,-2044722.25,4.89
23:18,102434.66,28.92,19.06,102513.20,15.85,71.09,-2045178.75,4.50
23:19,102433.04,28.92,19.17,102518.33,15.56,72.92,-2045636.62,4.44
23:20,102442.39,28.92,19.07,102513.02,15.58,72.82,-2046739.37,4.26
23:21,102444.77,28.97,18.99,102517.08,15.99,70.47,-2047358.00,4.29
23:22,102441.62,28.99,19.13,102514.60,15.98,70.79,-2047777.25,5.22
23:23,102437.38,28.97,19.00,102513.91,16.07,69.89,-2048138.75,4.32
23:24,102441.19,28.96,19.12,102515.35,15.97,70.55,-2048756.00,5.50
23:25,102438.07,28.88,19.20,102513.92,15.49,73.40,-2049499.25,5.28
23:26,102444.08,28.91,19.14,102512.92,15.91,71.32,-2050111.37,4.67
23:27,102443.67,29.00,18.90,102518.91,16.33,69.02,-2050566.37,4.99
23:28,102440.41,29.02,19.07,102518.09,16.25,69.16,-2050936.75,4.21
23:29,102458.88,28.95,19.03,102526.74,15.74,71.85,-2052054.00,4.29
23:30,102439.61,28.94,18.89,102520.19,16.08,69.99,-2052922.62,3.94
23:31,102451.42,29.02,18.83,102522.37,16.53,66.76,-2053248.00,4.92
23:32,102434.57,29.05,18.96,102516.77,16.63,67.72,-2053872.75,4.54
23:33,102442.36,29.08,18.94,102519.09,16.17,69.23,-2054291.25,4.65
23:34,102453.66,29.11,18.87,102524.60,16.51,66.92,-2055174.75,4.67
23:35,102443.30,29.08,18.82,102524.46,16.25,68.57,-2055713.37,4.98
23:36,102445.89,29.01,19.04,102524.39,15.76,71.94,-2056125.62,5.18
23:37,102449.61,29.04,18.81,102524.25,15.99,70.66,-2057051.62,4.36
23:38,102449.58,29.07,18.72,102521.51,16.09,70.50,-2057745.25,4.39
23:39,102462.28,29.04,19.01,102530.55,16.06,70.32,-2058728.25,5.19
23:40,102453.02,28.97,19.06,102527.03,15.56,73.13,-2058689.75,5.12
23:41,102452.41,28.95,18.77,102523.86,16.01,68.81,-2059739.25,4.66
23:42,102453.19,28.97,19.07,102524.21,16.11,70.24,-2060313.62,4.49
23:43,102454.25,29.06,18.75,102525.38,16.03,70.51,-2060920.37,5.13
23:44,102443.99,29.02,18.84,102528.19,15.79,71.65,-2061279.25,4.28
23:45,102458.44,29.07,18.78,102527.60,16.38,68.34,-2062377.37,5.25
23:46,102460.03,29.10,18.76,102526.61,16.54,66.92,-2062977.25,5.76
23:47,102448.75,29.16,18.63,102526.01,16.63,67.32,-2063476.00,4.78
23:48,102453.65,29.16,18.79,102527.58,16.37,68.72,-2064295.25,5.39
23:49,102447.35,29.16,18.70,102528.60,16.57,67.67,-2064620.00,4.39
23:50,102459.52,29.16,18.67,102535.32,16.66,67.71,-2065282.25,4.87
23:51,102458.33,29.11,18.80,102534.99,16.63,66.39,-2066244.00,5.31
23:52,102453.03,29.14,18.80,102526.97,16.27,68.37,-2066155.62,4.49
23:53,102452.00,29.04,18.87,102532.53,15.86,71.00,-2066879.25,4.64
23:54,102461.53,29.05,18.76,102531.85,16.20,68.06,-2068219.62,4.02
23:55,102463.71,29.06,18.88,102530.28,16.18,69.57,-2068540.75,4.79
23:56,102455.47,29.09,18.74,102530.24,16.31,68.05,-2069408.37,5.59
23:57,102463.71,29.07,18.78,102534.20,16.21,69.33,-2069986.00,5.21
23:58,102465.33,29.07,18.78,102535.31,16.10,69.09,-2070632.75,3.98
23:59,102464.22,29.06,18.93,102535.51,16.21,69.13,-2071126.37,4.92
0:0,102466.85,29.11,18.86,102533.92,16.34,68.07,-2071904.75,5.32
0:1,102476.71,29.10,18.97,102541.97,16.04,70.17,-2072585.62,4.70
0:2,102467.52,29.10,18.65,102542.96,16.07,69.61,-2072794.37,5.03
0:3,102460.99,29.07,18.60,102538.82,16.17,68.68,-2073988.37,4.80
0:4,102476.91,29.08,18.65,102542.78,16.27,68.06,-2074479.62,4.57
0:5,102465.74,29.11,18.83,102541.58,15.93,69.87,-2074890.00,3.85
0:6,102469.82,29.11,18.60,102539.39,16.22,67.83,-2075610.75,4.65
0:7,102473.42,29.07,18.67,102544.67,16.33,66.76,-2076328.37,4.83
0:8,102472.14,29.07,18.72,102544.48,16.13,69.33,-2076837.62,4.16
0:9,102472.56,29.12,18.64,102543.22,16.47,65.99,-2077538.75,5.40
0:10,102477.55,29.14,18.63,102544.17,16.47,67.30,-2077865.62,4.94
0:11,102474.85,29.12,18.55,102550.21,16.24,68.94,-2078843.25,5.34
0:12,102476.74,29.08,18.61,102550.63,16.57,66.61,-2079347.25,3.81
0:13,102486.29,29.05,18.71,102552.96,16.18,69.00,-2079855.75,5.06
0:14,102486.42,29.02,18.70,102552.47,15.90,70.40,-2080155.25,3.87
0:15,102488.49,28.98,18.80,102554.75,16.09,67.82,-2080960.00,4.78
0:16,102483.71,28.95,18.71,102555.11,15.98,69.75,-2081140.00,5.10
0:17,102491.13,28.99,18.69,102555.33,16.29,68.17,-2081583.25,5.32
0:18,102483.12,29.03,18.72,102554.03,16.28,68.85,-2082064.75,5.68
0:19,102490.52,29.02,18.75,102556.43,16.34,68.59,-2082551.00,5.16
0:20,102486.69,29.07,18.64,102556.86,16.57,66.79,-2083448.37,4.78
0:21,102486.89,29.05,18.61,102557.30,16.38,67.65,-2084185.62,5.43
0:22,102490.57,29.02,18.70,102557.88,16.57,66.63,-2085162.75,4.36
0:23,102493.92,29.02,18.84,102563.23,16.23,68.88,-2085468.75,4.23
0:24,102486.04,29.00,18.68,102562.74,16.00,68.88,-2086230.75,4.33
0:25,102487.03,29.02,18.68,102555.99,16.13,68.23,-2086808.00,5.16
0:26,102486.27,29.03,18.75,102557.35,16.21,68.90,-2087240.37,4.64
0:27,102485.86,29.04,18.65,102558.10,16.55,67.01,-2088305.25,5.64
0:28,102493.02,29.01,18.76,102558.79,16.26,68.42,-2089010.75,5.54
0:29,102491.66,29.00,18.68,102563.25,16.45,67.46,-2089489.37,4.36
0:30,102492.13,29.02,18.60,102563.73,16.35,67.93,-2089792.37,4.43
0:31,102488.85,29.00,18.55,102563.03,16.37,68.26,-2090803.62,4.39
0:32,102488.10,28.94,18.72,102564.63,16.44,66.16,-2090938.00,5.04
0:33,102504.07,28.97,18.60,102568.05,16.62,65.29,-2091958.75,5.06
0:34,102485.11,28.89,18.81,102566.27,16.16,69.10,-2091992.00,5.65
0:35,102482.80,28.87,18.90,102557.89,16.14,69.03,-2093209.25,4.45
0:36,102492.71,28.86,18.81,102557.97,15.59,71.50,-2093476.37,4.88
0:37,102491.22,28.67,19.03,102559.39,15.59,71.38,-2094176.25,5.20
0:38,102486.71,28.66,18.81,102561.57,15.73,69.80,-2094959.62,3.75
0:39,102491.66,28.67,19.02,102561.00,16.03,68.65,-2096089.25,5.38
0:40,102496.11,28.72,18.93,102562.34,15.89,69.34,-2096251.25,4.33
0:41,102486.60,28.73,18.85,102565.21,15.94,69.42,-2097050.62,5.53
0:42,102486.43,28.73,18.94,102565.57,15.85,70.25,-2097732.50,4.79
0:43,102491.58,28.80,18.76,102561.89,16.31,66.28,-2097666.50,5.38
0:44,102492.80,28.72,18.93,102568.49,15.91,68.61,-2098577.50,5.68
0:45,102492.92,28.71,18.85,102568.39,16.14,67.49,-2099725.25,5.09
0:46,102500.80,28.73,18.80,102573.03,16.49,65.68,-2099954.75,3.84
0:47,102493.97,28.75,18.84,102564.64,16.22,66.61,-2100709.50,5.30
0:48,102493.22,28.77,18.84,102570.78,16.07,68.78,-2101692.00,4.38
0:49,102497.49,28.78,18.89,102568.66,16.09,68.58,-2102124.50,4.40
0:50,102502.32,28.81,18.72,102579.66,16.14,68.49,-2102344.75,4.37
0:51,102499.96,28.69,18.92,102573.50,15.89,68.86,-2103106.75,5.61
0:52,102491.74,28.67,18.78,102570.05,16.30,67.18,-2103920.75,4.28
0:53,102497.78,28.67,18.84,102571.54,16.12,67.61,-2104579.25,3.87
0:54,102492.25,28.67,18.77,102573.52,16.01,68.90,-2104870.75,5.05
0:55,102504.67,28.60,19.13,102574.09,15.58,70.74,-2106029.25,5.42
0:56,102510.55,28.52,19.09,102576.36,15.30,73.08,-2106375.25,4.52
0:57,102500.61,28.48,19.00,102575.16,15.70,70.33,-2107221.50,5.21
0:58,102505.52,28.55,19.13,102578.14,15.75,70.20,-2107423.00,4.81
0:59,102501.63,28.56,19.09,102581.99,15.67,70.77,-2107979.00,5.39
1:0,102505.97,28.48,19.12,102579.75,15.59,70.44,-2109250.75,4.29
1:1,102510.13,28.52,19.03,102585.91,15.77,69.40,-2109827.50,5.30
1:2,102506.14,28.57,18.97,102579.71,15.81,69.33,-2110305.50,4.90
1:3,102504.25,28.55,19.06,102579.64,15.79,70.35,-2111105.50,5.32
1:4,102508.91,28.53,19.08,102580.09,15.71,70.64,-2111381.50,5.32
1:5,102503.68,28.53,18.92,102579.27,15.76,70.18,-2112110.25,4.11
1:6,102502.46,28.54,19.05,102577.95,15.84,69.16,-2112937.50,4.47
1:7,102506.82,28.56,18.86,102587.89,16.21,67.52,-2113349.50,4.00
1:8,102518.93,28.57,18.81,102588.24,16.22,66.46,-2114551.50,5.16
1:9,102515.57,28.60,18.86,102591.99,16.15,67.46,-2114651.25,5.16
1:10,102500.28,28.53,18.99,102581.13,15.70,69.75,-2115289.25,4.43
1:11,102518.60,28.58,18.93,102584.58,15.87,68.94,-2116663.75,4.16
1:12,102518.47,28.53,18.91,102587.08,15.73,69.47,-2116929.25,4.37
1:13,102506.45,28.50,18.89,102584.42,15.96,68.10,-2117787.25,5.43
1:14,102516.75,28.47,19.07,102589.97,15.69,68.88,-2118317.25,5.41
1:15,102510.67,28.42,19.00,102589.19,15.54,69.98,-2118861.25,3.80
1:16,102516.18,28.41,18.87,102592.30,16.01,67.13,-2119131.50,5.34
1:17,102522.78,28.43,19.04,102594.20,15.93,68.23,-2120212.25,5.54
1:18,102519.72,28.47,18.84,102601.75,16.07,67.08,-2120711.75,5.41
1:19,102524.30,28.46,18.90,102595.04,16.13,67.26,-2121616.75,5.01
1:20,102526.17,28.46,18.75,102599.10,16.09,67.29,-2122356.25,5.52
1:21,102528.83,28.44,18.88,102599.02,16.14,65.43,-2122881.25,5.49
1:22,102527.22,28.40,19.13,102601.69,15.72,69.62,-2123152.50,5.63
1:23,102530.17,28.32,18.90,102599.15,15.89,67.70,-2124307.25,4.07
1:24,102527.05,28.30,19.03,102601.57,16.12,67.40,-2124110.00,5.02
1:25,102524.33,28.30,19.02,102601.42,15.76,68.81,-2125193.50,5.63
1:26,102532.57,28.22,19.10,102601.17,15.55,69.20,-2125645.00,4.05
1:27,102526.53,28.15,19.22,102602.04,15.40,71.26,-2126741.75,5.64
1:28,102522.93,28.16,19.19,102600.74,15.36,71.08,-2127875.50,4.85
1:29,102522.11,28.18,19.18,102598.86,15.53,69.94,-2128624.75,4.84
1:30,102533.59,28.19,19.28,102605.48,15.46,70.85,-2128903.25,5.60
1:31,102534.35,28.15,19.11,102602.36,15.63,69.51,-2130015.50,5.27
1:32,102528.82,28.19,19.04,102608.50,15.73,68.99,-2130495.75,5.53
1:33,102523.86,28.16,19.10,102604.55,15.77,69.16,-2131183.25,5.38
1:34,102519.63,28.18,19.16,102601.52,15.60,69.69,-2131662.50,4.47
1:35,102526.54,28.23,19.02,102602.40,15.68,68.33,-2132358.50,5.14
1:36,102535.50,28.20,19.15,102606.19,15.58,68.89,-2132546.50,4.81
1:37,102536.78,28.16,19.18,102604.33,15.30,71.83,-2133617.25,4.54
1:38,102538.60,28.18,19.15,102605.73,15.69,68.74,-2133469.25,5.65
1:39,102531.28,28.18,19.23,102602.25,15.44,70.80,-2133814.00,4.11
1:40,102535.21,28.26,19.03,102603.23,15.67,69.76,-2134167.50,5.63
1:41,102528.83,28.19,19.17,102600.40,15.67,69.37,-2134376.75,5.06
1:42,102535.80,28.22,18.87,102604.76,15.93,66.63,-2134484.75,5.53
1:43,102524.38,28.20,19.15,102607.89,15.73,69.13,-2134746.00,4.23
1:44,102526.88,28.23,18.97,102610.16,15.68,69.40,-2135389.25,4.70
1:45,102537.39,28.21,19.04,102610.58,15.72,68.71,-2136116.75,4.34
1:46,102539.53,28.19,19.09,102612.40,15.74,68.90,-2136278.00,5.04
1:47,102540.60,28.16,19.13,102613.96,15.70,68.56,-2136539.50,3.72
1:48,102541.11,28.13,19.12,102614.71,15.57,68.85,-2137769.75,4.63
1:49,102545.95,28.12,19.22,102615.10,15.33,71.76,-2137810.00,5.26
1:50,102540.52,28.06,19.19,102615.00,15.43,70.69,-2138512.00,5.28
1:51,102540.12,28.04,19.31,102614.78,15.33,71.50,-2138649.25,5.31
1:52,102541.72,28.10,19.25,102614.14,15.58,69.73,-2139397.25,4.64
1:53,102540.28,28.14,19.05,102615.75,15.77,67.51,-2140241.00,5.16
1:54,102536.12,28.14,19.04,102619.06,15.61,69.61,-2140673.25,4.82
1:55,102550.39,28.10,19.14,102619.53,15.47,69.81,-2141368.50,4.52
1:56,102554.78,28.09,19.08,102621.68,15.80,68.93,-2141750.50,4.59
1:57,102545.46,28.10,19.09,102621.66,15.45,69.63,-2142278.00,4.79
1:58,102545.96,28.09,19.16,102623.19,15.41,70.83,-2143118.25,4.96
1:59,102547.59,28.03,19.42,102620.24,15.18,71.76,-2143326.25,5.03
2:0,102561.52,28.00,19.21,102630.94,15.53,70.45,-2143700.00,5.76
2:1,102555.70,27.97,19.34,102629.80,15.18,72.47,-2144540.50,5.26
2:2,102554.09,27.91,19.58,102634.21,14.84,74.17,-2145818.75,4.22
2:3,102553.37,28.00,19.25,102634.52,15.30,71.62,-2146509.25,4.27
2:4,102562.00,28.05,19.07,102632.72,15.76,68.86,-2147130.75,4.39
2:5,102571.56,28.08,19.13,102631.60,15.73,69.36,-2147470.00,5.16
2:6,102562.61,28.07,19.36,102633.99,15.41,70.42,-2147809.25,4.77
2:7,102560.09,28.04,19.33,102630.37,15.39,70.78,-2149204.75,3.82
2:8,102562.52,28.06,19.35,102636.67,15.65,70.06,-2149806.75,5.19
2:9,102556.75,28.13,19.21,102633.63,15.71,68.98,-2150253.50,4.92
2:10,102554.02,28.16,19.17,102633.02,15.61,70.34,-2150892.00,5.56
2:11,102563.37,28.16,19.19,102634.24,15.78,69.13,-2151808.50,5.05
2:12,102556.36,28.19,19.12,102636.58,15.92,67.74,-2152762.00,5.64
2:13,102566.72,28.22,18.98,102636.64,15.88,67.95,-2153458.75,4.31
2:14,102560.59,28.21,19.11,102635.90,15.64,69.64,-2154198.25,4.35
2:15,102556.86,28.22,19.04,102640.13,15.79,68.54,-2154878.50,5.47
2:16,102570.17,28.23,19.11,102644.59,15.66,68.19,-2155288.75,4.98
2:17,102568.08,28.19,19.40,102646.06,15.46,71.46,-2156050.50,5.03
2:18,102567.55,28.21,19.21,102646.32,15.59,69.51,-2156814.50,4.26
2:19,102579.36,28.24,19.11,102649.43,15.71,69.99,-2157254.50,4.26
2:20,102566.28,28.25,19.13,102649.72,15.65,69.53,-2158047.00,5.70
2:21,102578.92,28.20,19.24,102654.01,15.55,70.36,-2158238.75,5.08
2:22,102573.74,28.23,19.03,102651.80,15.71,69.33,-2159087.25,4.97
2:23,102569.16,28.21,19.23,102648.82,15.29,72.36,-2159900.00,3.96
2:24,102576.21,28.20,19.27,102652.34,15.45,69.89,-2160473.25,4.59
2:25,102577.43,28.19,19.15,102651.11,15.83,68.29,-2160881.00,5.52
2:26,102579.19,28.21,18.99,102650.50,15.90,68.38,-2161536.75,5.67
2:27,102579.72,28.23,19.11,102651.82,15.82,69.67,-2162073.50,5.07
2:28,102586.15,28.24,19.12,102656.42,15.79,67.74,-2163184.75,4.30
2:29,102587.61,28.24,19.08,102657.81,15.75,68.63,-2163917.50,4.65
2:30,102571.97,28.21,19.04,102655.78,15.77,68.98,-2164330.75,5.52
2:31,102587.28,28.19,19.20,102657.13,15.58,70.21,-2165355.75,5.52
2:32,102591.75,28.13,19.31,102655.79,15.32,72.53,-2165581.50,5.69
2:33,102581.55,28.20,19.06,102659.67,15.65,69.57,-2166391.25,3.76
2:34,102587.24,28.16,19.05,102663.38,15.55,70.53,-2167087.25,3.75
2:35,102590.64,28.13,19.19,102664.04,15.39,72.01,-2168384.25,5.30
2:36,102585.67,28.15,19.19,102663.94,15.57,70.75,-2168711.50,4.68
2:37,102583.33,28.16,19.36,102663.14,15.09,73.20,-2169223.00,4.54
2:38,102587.89,28.19,19.05,102661.53,15.40,70.69,-2169900.00,5.39
2:39,102586.32,28.13,19.34,102657.14,15.45,70.71,-2170557.25,5.59
2:40,102582.40,28.13,19.27,102665.72,15.19,72.60,-2170714.50,4.27
2:41,102582.82,28.09,19.30,102661.30,15.41,70.44,-2172071.25,5.19
2:42,102592.77,28.10,19.03,102663.06,15.64,68.92,-2172839.25,5.67
2:43,102593.78,28.05,19.09,102668.51,15.53,70.32,-2173375.50,5.39
2:44,102601.94,28.03,19.16,102667.32,15.56,69.36,-2174045.75,5.59
2:45,102597.63,28.00,19.36,102672.34,15.21,72.50,-2174517.25,5.08
2:46,102597.27,27.96,19.45,102674.68,14.98,73.45,-2175066.00,3.89
2:47,102595.71,27.94,19.26,102671.68,15.22,72.58,-2175801.25,5.49
2:48,102592.31,27.91,19.33,102673.11,15.03,73.01,-2176962.00,5.61
2:49,102600.41,27.99,19.24,102670.99,15.11,72.48,-2177540.50,3.85
2:50,102600.66,27.99,19.17,102671.17,15.41,70.38,-2177806.50,4.49
2:51,102594.53,27.95,19.21,102674.09,15.37,71.00,-2178260.50,5.34
2:52,102601.99,27.91,19.30,102675.14,15.20,72.30,-2179199.50,4.58
2:53,102605.67,27.96,19.19,102678.44,15.54,68.58,-2179562.25,3.85
2:54,102603.71,27.92,19.39,102683.95,15.12,72.26,-2180645.25,5.74
2:55,102610.89,27.84,19.28,102682.86,15.06,71.74,-2181654.50,4.49
2:56,102611.74,27.81,19.45,102677.71,14.91,73.75,-2182377.25,5.12
2:57,102613.44,27.81,19.51,102678.61,14.74,74.55,-2182872.50,5.36
2:58,102602.60,27.85,19.24,102679.36,15.30,70.78,-2183179.50,4.45
2:59,102615.73,27.84,19.30,102679.82,15.38,68.73,-2184446.50,4.72
3:0,102607.22,27.83,19.31,102679.58,15.45,69.78,-2184894.50,4.33
3:1,102615.55,27.77,19.64,102684.13,14.88,73.42,-2185393.00,3.92
3:2,102608.50,27.86,19.35,102686.61,15.09,71.56,-2185764.75,4.85
3:3,102613.42,27.83,19.24,102687.24,15.26,71.37,-2186519.75,4.20
3:4,102615.73,27.83,19.18,102685.97,15.42,69.81,-2187234.50,5.25
3:5,102613.86,27.83,19.33,102686.40,15.42,70.88,-2187726.50,5.63
3:6,102610.17,27.78,19.52,102691.05,15.18,72.08,-2188009.25,4.81
3:7,102625.64,27.79,19.25,102694.50,15.22,69.89,-2189335.50,5.48
3:8,102623.23,27.85,19.22,102692.53,15.23,70.21,-2189611.25,5.51
3:9,102615.05,27.86,19.10,102687.46,15.46,69.53,-2190085.00,4.73
3:10,102620.69,27.86,19.19,102686.39,15.48,69.35,-2191076.00,4.22
3:11,102614.75,27.86,19.21,102685.24,15.56,69.52,-2191865.25,4.48
3:12,102610.21,27.80,19.54,102696.21,14.77,74.12,-2192260.75,4.59
3:13,102617.19,27.81,19.18,102689.65,15.09,71.85,-2193757.25,4.24
3:14,102621.61,27.82,19.35,102687.91,15.13,71.95,-2193906.50,5.08
3:15,102615.91,27.87,19.18,102689.87,15.14,71.44,-2194127.50,5.45
3:16,102614.44,27.83,19.39,102695.81,15.14,72.00,-2194790.50,4.56
3:17,102623.90,27.85,19.33,102694.28,15.15,71.84,-2195696.00,5.46
3:18,102617.86,27.84,19.41,102694.94,15.18,70.42,-2196327.50,4.99
3:19,102622.68,27.86,19.28,102696.92,15.19,71.24,-2196839.25,5.53
3:20,102623.41,27.86,19.47,102702.55,14.97,73.57,-2197014.50,4.94
3:21,102625.57,27.86,19.24,102698.72,15.12,71.81,-2198084.00,5.25
3:22,102621.52,27.87,19.18,102704.57,15.36,70.80,-2198580.50,5.41
3:23,102627.82,27.88,19.18,102699.56,15.48,69.90,-2199212.75,4.27
3:24,102622.22,27.86,19.34,102698.58,15.26,71.80,-2200152.50,4.12
3:25,102623.74,27.91,19.05,102699.79,15.27,71.15,-2200622.00,4.23
3:26,102631.19,27.90,19.16,102701.30,15.41,70.61,-2201157.50,5.34
3:27,102625.52,27.88,19.30,102704.83,15.26,71.22,-2202010.50,5.05
3:28,102636.82,27.91,19.18,102701.56,15.18,71.75,-2202668.50,5.50
3:29,102629.50,27.91,19.16,102702.97,15.26,71.61,-2203354.75,5.71
3:30,102641.77,27.89,19.34,102704.83,15.12,72.58,-2204205.00,5.52
3:31,102628.99,27.87,19.42,102708.99,14.73,74.33,-2204642.50,4.65
3:32,102631.76,27.82,19.22,102707.86,15.02,72.83,-2205895.50,5.40
3:33,102638.48,27.83,19.24,102707.03,15.20,71.03,-2206427.25,4.85
3:34,102638.25,27.84,19.36,102706.57,15.30,70.11,-2207093.50,5.19
3:35,102630.44,27.85,19.25,102705.94,15.43,70.05,-2207091.75,4.22
3:36,102631.89,27.85,19.31,102706.09,15.22,70.22,-2207995.50,4.89
3:37,102635.95,27.87,19.28,102702.30,15.40,69.11,-2208747.25,5.40
3:38,102628.85,27.86,19.28,102706.05,15.33,70.76,-2209296.50,5.19
3:39,102637.91,27.88,19.18,102704.52,15.39,69.40,-2210020.00,5.47
3:40,102635.42,27.86,19.24,102703.42,15.47,70.36,-2210513.50,5.30
3:41,102641.32,27.85,19.34,102706.99,15.37,71.06,-2211404.00,5.61
3:42,102636.30,27.91,19.20,102706.17,15.55,69.22,-2211886.50,4.89
3:43,102640.45,27.90,19.18,102705.39,15.39,70.62,-2212769.50,5.15
3:44,102635.64,27.92,19.11,102706.94,15.42,70.48,-2213518.00,4.27
3:45,102630.67,27.90,19.35,102707.92,15.40,70.85,-2214040.00,5.05
3:46,102642.45,27.93,19.25,102708.28,15.59,69.72,-2214723.50,4.56
3:47,102640.97,27.91,19.33,102711.89,15.50,70.42,-2215324.00,3.79
3:48,102635.72,27.95,19.44,102715.39,15.24,71.91,-2215624.00,5.03
3:49,102642.88,27.96,19.21,102713.41,15.27,69.50,-2216490.25,5.70
3:50,102642.35,27.95,19.17,102712.53,15.39,70.87,-2216860.25,4.60
3:51,102639.49,27.96,19.19,102711.76,15.44,70.05,-2217702.50,4.61
3:52,102634.91,27.97,19.20,102713.92,15.33,70.60,-2218698.00,4.57
3:53,102630.57,27.93,19.27,102711.86,15.33,71.82,-2219149.25,5.04
3:54,102638.89,27.93,19.17,102707.03,15.31,71.16,-2219802.50,4.81
3:55,102635.72,27.92,19.27,102713.85,15.26,71.52,-2220553.75,5.45
3:56,102640.25,27.93,19.17,102710.03,15.27,70.87,-2220948.00,5.45
3:57,102629.88,27.96,19.21,102712.11,15.28,71.75,-2221308.50,4.90
3:58,102635.53,27.94,19.17,102709.64,15.24,72.15,-2222169.25,3.92
3:59,102636.92,27.92,19.09,102710.27,15.25,71.19,-2222781.50,4.58
4:0,102633.02,27.89,19.29,102709.35,15.47,70.95,-2223933.75,5.31
4:1,102638.19,27.92,19.20,102703.96,15.66,69.24,-2224297.25,4.58
4:2,102627.64,27.94,19.16,102706.78,15.35,71.50,-2224889.25,4.49
4:3,102633.27,27.95,19.19,102708.89,15.42,69.94,-2225978.50,4.24
4:4,102632.32,27.95,19.25,102711.32,14.94,74.21,-2225583.75,4.74
4:5,102630.38,27.95,19.15,102706.57,15.20,72.05,-2226745.25,4.34
4:6,102631.64,27.88,19.21,102702.44,15.02,73.39,-2227836.50,5.03
4:7,102630.78,27.90,19.12,102710.17,15.25,70.68,-2228508.50,4.66
4:8,102635.96,27.91,19.12,102711.42,15.26,71.95,-2229338.75,5.36
4:9,102645.55,27.90,19.16,102713.85,15.19,71.89,-2229254.00,3.92
4:10,102641.58,27.92,19.01,102717.08,15.34,69.33,-2230082.75,5.48
4:11,102642.52,27.92,19.13,102718.63,15.23,71.81,-2230970.50,5.48
4:12,102655.83,27.91,19.24,102716.17,15.09,72.20,-2231663.25,4.52
4:13,102645.31,27.88,19.18,102720.81,14.83,73.71,-2232196.75,4.44
4:14,102645.11,27.86,19.22,102723.13,14.92,72.65,-2232645.50,5.22
4:15,102643.00,27.90,19.15,102718.45,15.09,72.01,-2233524.50,4.70
4:16,102644.82,27.89,19.11,102722.99,15.02,72.96,-2234244.75,4.61
4:17,102646.86,27.89,19.10,102723.24,15.02,71.50,-2234917.75,5.09
4:18,102641.46,27.87,19.29,102718.19,15.14,71.80,-2235747.75,3.69
4:19,102641.08,27.89,19.12,102721.14,15.28,70.95,-2236042.00,3.74
4:20,102643.69,27.82,19.14,102718.86,15.30,70.23,-2236873.25,5.57
4:21,102645.07,27.75,19.50,102715.96,15.16,72.66,-2237636.00,5.34
4:22,102640.54,27.72,19.42,102714.53,15.12,71.46,-2238580.00,4.31
4:23,102633.42,27.70,19.47,102710.26,14.85,72.71,-2239409.50,5.57
4:24,102626.80,27.70,19.41,102710.14,15.04,71.79,-2239656.00,5.16
4:25,102633.90,27.68,19.38,102705.56,15.05,72.42,-2240207.00,4.40
4:26,102628.22,27.72,19.42,102709.55,14.94,72.72,-2241045.00,4.55
4:27,102635.84,27.79,19.31,102712.85,14.90,73.03,-2241470.50,5.44
4:28,102646.02,27.79,19.13,102712.71,14.95,72.27,-2242017.25,4.23
4:29,102647.71,27.76,19.32,102713.07,14.65,75.14,-2242914.75,5.23
4:30,102641.94,27.76,19.31,102716.74,14.58,74.15,-2243308.00,5.29
4:31,102644.86,27.78,19.24,102720.19,14.92,72.65,-2244194.50,5.53
4:32,102645.82,27.70,19.30,102720.07,14.91,72.49,-2244590.75,4.78
4:33,102651.86,27.71,19.27,102718.42,15.06,72.29,-2245560.50,5.33
4:34,102648.08,27.69,19.27,102721.11,15.13,71.91,-2245883.25,5.43
4:35,102650.57,27.67,19.26,102722.02,15.05,72.38,-2247178.50,5.23
4:36,102649.86,27.66,19.29,102723.25,14.79,74.20,-2247455.50,4.92
4:37,102653.24,27.65,19.08,102724.37,14.93,72.22,-2248474.75,5.07
4:38,102646.75,27.60,19.35,102724.06,14.71,73.86,-2248818.00,5.15
4:39,102651.13,27.63,19.27,102720.89,15.08,72.07,-2249160.50,4.58
4:40,102649.39,27.61,19.32,102724.58,14.90,73.09,-2250214.00,4.51
4:41,102645.92,27.61,19.39,102723.11,14.68,73.77,-2250865.25,4.87
4:42,102650.32,27.60,19.40,102716.49,14.56,74.46,-2251484.50,5.18
4:43,102639.98,27.63,19.12,102719.42,14.81,72.79,-2252190.50,4.49
4:44,102647.02,27.58,19.33,102718.39,14.86,73.77,-2252804.75,3.76
4:45,102640.89,27.57,19.27,102721.57,14.79,73.84,-2253040.75,3.94
4:46,102639.28,27.57,19.28,102716.94,14.61,74.41,-2254224.75,5.40
4:47,102650.91,27.54,19.37,102719.49,14.64,73.95,-2254573.25,5.37
4:48,102646.96,27.56,19.36,102722.38,14.75,72.79,-2255576.25,4.11
4:49,102644.28,27.57,19.29,102721.66,14.73,74.17,-2256079.50,4.24
4:50,102645.72,27.56,19.53,102720.65,14.53,75.38,-2256148.75,4.32
4:51,102649.39,27.54,19.36,102719.86,14.62,73.94,-2257459.50,5.52
4:52,102648.27,27.51,19.46,102719.97,14.53,74.49,-2258185.50,5.57
4:53,102640.27,27.44,19.51,102719.85,14.20,75.87,-2259254.75,4.65
4:54,102650.67,27.42,19.36,102722.33,14.49,74.67,-2259562.75,5.13
4:55,102639.88,27.41,19.37,102721.72,14.56,74.24,-2260330.50,5.35
4:56,102640.86,27.35,19.62,102714.63,14.18,76.84,-2260843.50,5.50
4:57,102654.31,27.39,19.48,102714.86,14.27,76.17,-2261187.50,4.23
4:58,102638.71,27.40,19.42,102717.44,14.49,74.89,-2262128.75,4.50
4:59,102642.25,27.39,19.46,102716.86,14.80,72.21,-2262796.50,4.14
5:0,102637.55,27.44,19.37,102719.08,14.78,72.74,-2263673.75,4.20
5:1,102642.10,27.45,19.33,102715.64,14.85,72.51,-2264260.50,4.85
5:2,102634.21,27.45,19.31,102716.11,14.92,72.27,-2265043.25,5.14
5:3,102634.05,27.40,19.42,102713.89,14.80,73.06,-2265769.00,4.09
5:4,102628.37,27.40,19.28,102710.19,14.83,71.25,-2266268.50,4.74
5:5,102634.14,27.40,19.32,102710.93,14.70,72.47,-2266762.50,4.62
5:6,102634.35,27.35,19.50,102708.27,14.50,74.48,-2267428.50,4.48
5:7,102636.89,27.35,19.52,102714.33,14.61,73.79,-2267787.50,5.30
5:8,102644.08,27.34,19.32,102718.52,14.88,71.90,-2268715.75,4.59
5:9,102645.17,27.31,19.56,102719.51,14.65,73.77,-2269012.75,5.32
5:10,102649.78,27.32,19.38,102721.99,14.54,73.71,-2270202.75,4.33
5:11,102639.19,27.33,19.36,102724.80,14.68,72.69,-2270829.25,4.74
5:12,102646.44,27.30,19.41,102727.32,14.87,71.69,-2271475.25,3.65
5:13,102651.30,27.29,19.44,102727.60,14.78,72.22,-2272184.50,4.16
5:14,102648.42,27.29,19.35,102729.82,14.71,72.38,-2272678.50,5.23
5:15,102655.96,27.31,19.38,102727.52,14.92,70.61,-2273566.75,5.04
5:16,102652.66,27.31,19.47,102733.24,14.74,73.13,-2273633.50,5.07
5:17,102662.15,27.26,19.42,102730.64,14.52,73.60,-2274268.00,4.85
5:18,102656.89,27.26,19.35,102727.71,14.44,73.42,-2275323.25,5.34
5:19,102650.60,27.25,19.43,102729.84,14.51,73.49,-2275986.50,4.81
5:20,102652.59,27.23,19.29,102730.41,14.66,71.60,-2276093.25,4.16
5:21,102655.31,27.21,19.43,102731.10,14.60,73.45,-2277251.75,4.31
5:22,102657.22,27.19,19.37,102736.10,14.57,72.15,-2277506.50,5.52
5:23,102657.32,27.17,19.47,102734.40,14.53,73.70,-2278723.00,4.34
5:24,102665.11,27.14,19.54,102738.53,14.57,73.65,-2279604.00,5.54
5:25,102663.69,27.15,19.37,102734.78,14.23,75.29,-2279484.50,5.14
5:26,102654.17,27.14,19.36,102733.78,14.36,73.72,-2280225.75,5.36
5:27,102667.67,27.14,19.42,102738.61,14.66,72.12,-2281230.00,5.19
5:28,102661.49,27.10,19.75,102738.71,14.08,75.71,-2281887.25,4.33
5:29,102664.78,27.14,19.39,102741.77,14.43,73.30,-2282666.50,5.40
5:30,102667.99,27.06,19.51,102739.21,14.24,74.31,-2282893.50,4.67
5:31,102677.66,27.04,19.44,102748.96,14.48,71.94,-2283779.50,4.75
5:32,102677.59,27.00,19.50,102751.45,14.40,73.51,-2284460.75,4.91
5:33,102680.74,27.01,19.52,102750.03,14.30,74.17,-2285090.00,4.82
5:34,102677.72,27.02,19.44,102750.03,14.26,74.61,-2285647.25,5.23
5:35,102674.09,27.03,19.52,102754.26,14.00,75.75,-2286234.75,5.07
5:36,102678.27,27.00,19.57,102751.52,14.04,75.24,-2287125.75,4.77
5:37,102677.93,26.95,19.76,102753.19,14.13,75.11,-2287766.00,4.57
5:38,102689.71,26.95,19.65,102758.07,14.27,74.33,-2288512.75,4.33
5:39,102695.15,26.96,19.64,102760.75,14.02,75.58,-2289001.50,5.52
5:40,102691.82,26.94,19.54,102754.69,14.18,73.92,-2289346.50,5.48
5:41,102685.21,26.92,19.52,102756.65,14.45,73.43,-2290498.00,4.20
5:42,102681.78,26.88,19.62,102754.39,14.37,74.09,-2290996.25,5.09
5:43,102683.00,26.86,19.57,102752.27,14.34,73.69,-2291624.50,5.30
5:44,102680.85,26.82,19.72,102758.54,14.17,75.23,-2292361.50,5.03
5:45,102680.71,26.84,19.67,102752.92,14.20,74.38,-2292820.75,4.92
5:46,102678.03,26.88,19.53,102753.85,14.38,73.62,-2293416.50,5.22
5:47,102673.07,26.83,19.78,102751.77,13.95,76.40,-2294023.50,5.36
5:48,102676.13,26.83,19.62,102750.55,14.41,72.71,-2294585.00,4.53
5:49,102674.49,26.82,19.68,102752.03,14.37,73.18,-2295282.50,4.85
5:50,102679.44,26.86,19.55,102749.71,14.52,71.41,-2295964.00,4.16
5:51,102683.81,26.79,19.83,102746.78,14.22,74.29,-2296530.50,5.33
5:52,102668.15,26.81,19.61,102750.14,14.45,72.74,-2297491.25,5.36
5:53,102676.89,26.83,19.62,102752.01,14.27,74.28,-2297651.50,4.69
5:54,102677.50,26.78,19.85,102751.44,13.99,76.09,-2298616.00,4.16
5:55,102678.54,26.77,19.85,102753.46,13.99,75.60,-2299401.50,5.01
5:56,102672.75,26.78,19.72,102751.16,14.16,74.98,-2299787.75,5.13
5:57,102679.31,26.79,19.76,102747.32,14.17,73.93,-2300360.75,4.85
5:58,102676.85,26.82,19.66,102749.00,14.26,73.56,-2301064.75,4.61
5:59,102677.85,26.76,19.71,102752.91,14.32,73.21,-2301956.50,5.37
6:0,102676.75,26.78,19.74,102749.09,14.30,73.35,-2302656.75,5.19
6:1,102673.57,26.83,19.62,102754.33,14.23,72.99,-2302842.75,4.93
6:2,102676.47,26.83,19.68,102749.78,13.86,76.82,-2303447.50,5.31
6:3,102682.49,26.81,19.62,102753.66,14.10,74.86,-2304144.00,4.17
6:4,102680.71,26.73,20.02,102756.28,14.05,74.26,-2305014.75,4.16
6:5,102686.14,26.78,19.75,102756.03,14.19,75.50,-2305212.75,4.70
6:6,102681.40,26.78,19.58,102761.28,14.16,73.74,-2306032.75,4.35
6:7,102680.05,26.74,19.70,102761.72,14.25,74.62,-2306619.25,4.80
6:8,102686.13,26.67,19.93,102762.28,14.30,74.01,-2307182.75,5.10
6:9,102685.86,26.72,19.69,102759.05,14.30,73.19,-2307681.25,5.52
6:10,102691.83,26.76,19.76,102760.16,14.16,74.86,-2308721.25,4.59
6:11,102686.34,26.79,19.76,102758.69,14.42,73.38,-2309359.50,5.33
6:12,102683.22,26.77,19.96,102756.21,14.16,75.46,-2310307.50,5.41
6:13,102687.32,26.81,19.81,102760.39,14.28,74.58,-2310155.25,5.03
6:14,102691.21,26.82,19.69,102755.46,14.27,73.89,-2311371.50,4.20
6:15,102686.56,26.81,19.84,102757.39,14.21,74.56,-2312057.50,4.80
6:16,102684.27,26.83,19.77,102758.08,14.25,73.53,-2312372.00,4.85
6:17,102680.52,26.82,20.01,102758.74,14.21,75.04,-2312944.00,4.22
6:18,102686.08,26.85,19.75,102757.39,14.48,72.89,-2313732.75,4.27
6:19,102687.91,26.83,20.00,102762.78,14.10,76.25,-2314341.50,5.11
6:20,102673.52,26.84,19.78,102758.97,14.12,74.98,-2314737.50,5.73
6:21,102679.10,26.86,19.88,102760.37,14.11,75.70,-2315824.50,4.77
6:22,102686.83,26.87,19.67,102757.80,14.43,72.55,-2316557.50,4.05
6:23,102688.17,26.86,19.82,102758.88,14.53,73.56,-2317163.00,4.41
6:24,102693.25,26.85,20.03,102763.35,14.37,74.45,-2317512.50,5.32
6:25,102684.25,26.89,19.77,102760.27,14.39,73.19,-2318477.75,5.62
6:26,102684.63,26.89,19.77,102761.58,14.28,74.52,-2318875.75,4.98
6:27,102683.35,26.89,19.76,102761.03,14.48,73.12,-2319667.50,4.23
6:28,102688.99,26.90,19.72,102767.67,14.53,73.13,-2320459.50,4.13
6:29,102701.55,26.89,19.77,102767.64,14.69,72.50,-2320753.25,5.46
6:30,102696.96,26.88,19.87,102767.94,14.39,73.99,-2321484.50,4.81
6:31,102694.48,26.90,19.82,102768.98,14.46,72.45,-2321962.25,4.71
6:32,102697.07,26.92,19.79,102772.69,14.38,73.77,-2322797.75,5.10
6:33,102707.99,26.93,19.69,102769.22,14.50,73.11,-2322857.00,4.29
6:34,102703.32,26.91,19.77,102767.65,14.49,72.78,-2323789.50,5.12
6:35,102695.53,26.92,19.84,102772.11,14.24,74.84,-2324263.50,4.96
6:36,102695.20,26.94,19.77,102769.14,14.25,75.08,-2325026.50,4.31
6:37,102695.72,26.92,19.73,102768.41,14.66,72.59,-2325558.50,4.36
6:38,102705.69,26.91,19.83,102773.36,14.29,74.96,-2326163.50,4.70
6:39,102696.91,26.92,19.77,102770.13,14.48,73.34,-2326803.50,4.99
6:40,102688.67,26.97,19.69,102767.25,14.66,72.61,-2327606.50,3.80
6:41,102700.89,26.97,19.76,102768.02,14.72,71.62,-2328372.00,5.00
6:42,102690.52,26.99,19.80,102769.82,14.38,74.67,-2328943.50,4.74
6:43,102702.46,27.01,19.80,102769.97,14.38,74.91,-2329505.50,3.91
6:44,102702.39,27.04,19.74,102769.90,14.42,74.98,-2329846.75,3.80
6:45,102686.86,27.10,19.63,102775.90,14.36,75.15,-2330428.50,3.80
6:46,102695.86,27.11,19.58,102771.95,14.58,73.15,-2331470.50,4.76
6:47,102696.37,27.12,19.71,102775.11,14.51,74.71,-2332384.25,4.71
6:48,102703.62,27.11,19.79,102780.78,14.22,76.39,-2332906.00,4.65
6:49,102707.58,27.12,19.73,102779.57,14.43,74.29,-2333608.25,4.59
6:50,102710.08,27.14,19.78,102783.35,14.56,73.45,-2334024.75,4.43
6:51,102712.44,27.16,19.74,102780.00,14.51,74.44,-2335154.75,4.40
6:52,102707.54,27.19,19.67,102784.59,14.52,74.19,-2335524.75,4.43
6:53,102710.39,27.22,19.71,102788.43,14.66,73.20,-2336033.25,4.78
6:54,102719.04,27.24,19.66,102789.15,14.63,73.79,-2336822.50,3.84
6:55,102716.21,27.23,19.66,102787.52,14.88,72.11,-2337336.75,5.05
6:56,102713.11,27.25,19.59,102792.71,14.98,71.79,-2338054.75,5.01
6:57,102711.25,27.25,19.75,102786.21,14.52,75.53,-2338464.25,4.04
6:58,102706.15,27.27,19.62,102785.28,14.42,75.30,-2339102.50,4.55
6:59,102710.47,27.27,19.58,102789.74,14.91,72.18,-2339600.25,4.07
7:0,102709.39,27.28,19.68,102789.27,14.93,72.66,-2340409.50,4.60
7:1,102714.27,27.32,19.61,102786.51,14.76,73.07,-2341254.75,4.11
7:2,102716.99,27.32,19.70,102786.11,14.65,74.48,-2341642.75,5.41
7:3,102716.08,27.36,19.52,102791.14,14.77,73.07,-2342624.00,5.13
7:4,102725.10,27.25,19.74,102786.78,14.33,76.51,-2343305.50,3.77
7:5,102718.52,27.33,19.67,102789.04,14.61,73.60,-2343735.25,4.66
7:6,102721.42,27.38,19.54,102793.83,14.94,71.89,-2344533.50,4.47
7:7,102719.64,27.38,19.73,102792.83,14.39,76.64,-2345367.00,4.54
7:8,102718.28,27.33,19.84,102791.44,14.28,76.47,-2345390.75,5.05
7:9,102719.31,27.36,19.66,102791.78,14.52,74.92,-2346708.75,4.62
7:10,102720.77,27.40,19.58,102793.85,14.68,74.55,-2347315.25,5.70
7:11,102717.46,27.39,19.77,102792.96,14.69,74.53,-2347860.50,4.51
7:12,102725.73,27.44,19.65,102800.00,14.99,71.43,-2348379.00,3.77
7:13,102725.99,27.37,19.77,102799.46,14.80,72.92,-2348718.50,5.14
7:14,102723.96,27.35,19.74,102806.92,15.01,72.71,-2349736.50,5.03
7:15,102729.92,27.37,19.77,102803.73,14.79,74.09,-2350664.75,3.87
7:16,102727.58,27.41,19.63,102802.92,14.78,74.21,-2350933.25,3.80
7:17,102729.88,27.41,19.78,102800.40,14.60,75.33,-2351652.50,5.27
7:18,102725.73,27.44,19.67,102805.24,14.77,73.57,-2352474.75,4.53
7:19,102728.28,27.44,19.72,102803.32,14.67,75.03,-2353144.00,3.82
7:20,102730.68,27.48,19.58,102802.71,14.75,74.28,-2353803.25,4.96
7:21,102727.40,27.43,19.79,102800.07,14.16,78.48,-2354216.50,4.43
7:22,102728.86,27.41,19.68,102805.27,14.31,77.11,-2355322.25,5.09
7:23,102728.67,27.46,19.61,102803.96,14.77,74.51,-2355856.50,4.98
7:24,102748.83,27.52,19.57,102806.07,15.03,72.45,-2356403.00,4.84
7:25,102739.19,27.54,19.69,102813.35,15.18,71.68,-2357110.75,4.87
7:26,102736.41,27.61,19.57,102812.36,15.10,72.88,-2357454.75,4.62
7:27,102739.91,27.62,19.73,102809.44,14.84,74.70,-2358649.00,4.99
7:28,102743.05,27.61,19.83,102816.12,14.44,77.13,-2359043.25,5.07
7:29,102747.61,27.60,19.70,102813.27,14.48,76.71,-2359942.50,4.96
7:30,102735.58,27.62,19.55,102816.10,15.12,72.10,-2360638.75,5.01
7:31,102746.47,27.65,19.74,102817.12,14.60,76.61,-2361112.50,5.03
7:32,102741.89,27.71,19.57,102822.49,15.06,73.15,-2361830.75,4.82
7:33,102746.60,27.73,19.54,102821.07,14.82,75.13,-2362292.75,4.61
7:34,102745.26,27.74,19.46,102825.32,15.14,73.21,-2363164.25,4.18
7:35,102749.55,27.77,19.55,102823.16,15.15,73.68,-2363929.25,3.82
7:36,102751.67,27.80,19.63,102823.07,15.26,72.80,-2364175.00,5.72
7:37,102759.16,27.81,19.58,102826.86,15.07,73.64,-2364777.25,5.20
7:38,102748.27,27.82,19.47,102822.52,14.84,75.12,-2365683.25,3.99
7:39,102751.93,27.80,19.63,102824.75,14.94,73.48,-2366250.50,5.23
7:40,102757.15,27.88,19.32,102828.61,15.25,72.05,-2367266.50,5.61
7:41,102754.69,27.88,19.42,102833.53,15.26,72.80,-2367655.00,3.98
7:42,102753.94,27.89,19.55,102828.53,15.35,72.58,-2368758.50,4.90
7:43,102752.82,27.90,19.56,102836.77,15.34,72.56,-2369238.75,4.71
7:44,102752.41,27.94,19.52,102834.92,15.29,73.14,-2369310.00,4.77
7:45,102750.39,27.95,19.48,102838.27,15.24,73.56,-2370054.50,5.21
7:46,102762.05,27.96,19.48,102836.64,15.49,71.66,-2370896.50,4.76
7:47,102763.49,27.99,19.53,102839.60,15.26,73.01,-2371641.50,4.44
7:48,102764.17,27.99,19.56,102839.64,15.19,72.65,-2372422.50,5.10
7:49,102761.46,28.05,19.27,102841.49,15.39,72.13,-2373036.75,5.10
7:50,102761.14,28.01,19.67,102841.49,15.07,74.75,-2373557.00,4.36
7:51,102764.47,28.07,19.40,102840.05,15.20,73.50,-2374257.25,4.02
7:52,102767.52,28.07,19.53,102842.82,15.37,71.68,-2374709.50,3.86
7:53,102764.57,28.11,19.41,102849.88,15.35,73.01,-2375778.75,4.72
7:54,102772.40,28.12,19.51,102849.06,15.20,74.09,-2375699.50,4.56
7:55,102771.98,28.01,19.44,102842.55,14.99,75.13,-2377073.25,5.15
7:56,102758.05,28.01,19.36,102844.71,15.19,73.52,-2377754.25,4.20
7:57,102768.89,28.04,19.38,102842.72,15.67,70.84,-2378662.00,5.02
7:58,102767.78,28.07,19.51,102844.79,15.13,74.35,-2379321.50,3.89
7:59,102766.35,28.10,19.34,102848.41,15.33,72.86,-2379822.50,3.86
8:0,102771.42,28.12,19.41,102843.22,15.41,72.61,-2380510.50,5.19
8:1,102763.55,28.16,19.39,102845.50,15.45,72.36,-2380815.00,5.16
8:2,102762.35,28.16,19.47,102844.11,15.56,72.04,-2381596.50,5.02
8:3,102765.00,28.20,19.41,102842.04,15.41,72.11,-2382636.75,4.40
8:4,102757.03,28.18,19.37,102838.69,15.51,71.15,-2382781.25,4.14
8:5,102765.52,28.18,19.63,102839.10,15.12,75.83,-2383600.00,3.81
8:6,102761.72,28.22,19.38,102841.00,15.23,74.00,-2384348.50,5.28
8:7,102764.39,28.27,19.22,102843.60,15.68,71.18,-2385108.50,5.26
8:8,102771.79,28.30,19.19,102842.82,15.66,71.64,-2385734.50,3.87
8:9,102774.67,28.36,19.21,102842.39,15.82,71.02,-2387125.25,4.46
8:10,102765.89,28.25,19.46,102838.28,14.85,76.19,-2387358.50,4.58
8:11,102778.86,28.21,19.35,102844.99,15.23,73.74,-2387933.50,5.16
8:12,102774.99,28.32,19.27,102849.25,15.64,71.87,-2388816.00,5.90
8:13,102777.86,28.43,19.21,102850.50,15.74,70.49,-2389267.50,4.78
8:14,102769.03,28.47,19.27,102851.69,16.18,68.73,-2389752.75,5.30
8:15,102770.84,28.54,19.12,102849.58,15.94,71.31,-2390566.25,4.42
8:16,102774.60,28.52,19.21,102849.88,15.81,70.42,-2391382.00,4.96
8:17,102781.22,28.55,19.25,102849.66,15.31,75.08,-2391913.25,5.44
8:18,102772.36,28.51,19.20,102852.42,15.35,74.79,-2392820.50,4.53
8:19,102772.36,28.57,19.08,102852.35,15.69,71.95,-2393372.25,4.36
8:20,102770.35,28.52,19.14,102848.90,15.62,72.31,-2393600.25,4.41
8:21,102774.00,28.59,18.95,102851.64,15.69,71.78,-2394684.00,3.89
8:22,102780.82,28.59,19.08,102855.17,15.47,73.73,-2395197.50,3.96
8:23,102769.08,28.56,19.07,102848.38,15.45,72.16,-2395599.50,4.67
8:24,102773.60,28.59,18.98,102852.92,15.54,73.07,-2396501.00,5.51
8:25,102771.74,28.67,18.83,102854.30,15.73,71.63,-2397188.50,3.96
8:26,102783.21,28.60,19.19,102853.03,15.41,74.15,-2397528.75,5.14
8:27,102783.89,28.63,19.03,102860.85,15.56,73.42,-2398410.75,3.96
8:28,102777.61,28.67,19.05,102868.51,15.80,71.71,-2398814.00,4.78
8:29,102790.37,28.71,18.93,102860.46,15.93,69.37,-2400022.75,4.60
8:30,102792.49,28.70,18.90,102861.75,16.14,69.75,-2400546.00,4.77
8:31,102788.91,28.77,18.93,102862.42,16.14,69.31,-2401324.75,4.18
8:32,102798.19,28.83,18.70,102865.16,16.13,70.30,-2402017.75,4.65
8:33,102785.00,28.67,18.90,102871.03,15.71,71.92,-2402802.00,5.66
8:34,102798.99,28.51,19.15,102868.34,14.94,75.47,-2403266.25,5.70
8:35,102789.54,28.54,19.00,102871.17,15.56,72.87,-2404470.00,4.37
8:36,102795.28,28.60,19.07,102871.58,15.70,71.11,-2404778.50,4.37
8:37,102795.99,28.71,18.88,102875.90,16.04,69.26,-2405597.25,5.66
8:38,102794.21,28.75,19.03,102870.66,16.04,70.35,-2406373.50,5.23
8:39,102798.19,28.87,18.86,102876.03,16.20,69.05,-2406909.50,5.54
8:40,102795.57,28.92,18.84,102875.79,16.18,69.62,-2407619.75,5.68
8:41,102794.60,29.03,18.78,102878.69,16.30,69.66,-2407990.50,4.89
8:42,102804.07,29.01,18.63,102877.55,16.36,67.95,-2408833.50,5.63
8:43,102806.71,29.05,18.78,102881.81,16.48,68.66,-2409371.50,5.68
8:44,102808.50,29.13,18.69,102883.75,16.61,68.06,-2409935.25,5.13
8:45,102807.64,29.12,18.89,102884.74,16.47,69.58,-2410838.75,5.63
8:46,102801.75,29.15,18.80,102884.23,16.36,69.60,-2411498.00,5.69
8:47,102808.57,29.11,18.74,102890.25,16.22,69.27,-2411886.00,5.26
8:48,102818.60,29.07,18.75,102889.63,16.15,69.86,-2412806.50,4.40
8:49,102812.63,29.09,18.70,102895.05,16.39,68.58,-2413207.75,4.76
8:50,102814.35,29.08,18.70,102893.50,16.33,69.34,-2413723.25,4.63
8:51,102812.49,29.04,18.61,102890.35,16.44,68.12,-2414552.50,4.45
8:52,102817.26,29.09,18.60,102892.82,16.46,68.27,-2415162.75,5.41
8:53,102817.38,28.98,18.61,102890.33,16.36,68.13,-2415860.50,4.36
8:54,102815.14,28.96,18.69,102889.72,16.36,67.81,-2416892.75,4.38
8:55,102824.13,29.11,18.55,102894.42,16.38,68.41,-2417317.50,5.71
8:56,102822.00,29.07,18.67,102897.25,16.34,68.29,-2417636.00,5.72
8:57,102820.96,29.06,18.70,102895.67,16.22,68.50,-2418688.50,4.37
8:58,102820.13,29.07,18.56,102896.19,16.50,67.53,-2419502.50,5.34
8:59,102819.11,29.00,18.57,102898.97,16.32,67.75,-2420182.75,5.34
9:0,102825.35,28.96,18.54,102897.59,16.46,66.74,-2420916.75,4.37
9:1,102817.42,29.02,18.67,102899.33,16.63,66.56,-2421288.75,4.29
9:2,102825.08,29.09,18.66,102905.47,16.59,66.78,-2421898.75,5.25
9:3,102821.66,29.07,18.49,102902.65,16.73,65.19,-2422233.75,4.46
9:4,102822.28,29.12,18.49,102904.30,16.82,65.87,-2422975.25,5.52
9:5,102826.41,29.13,18.59,102910.31,16.68,67.00,-2423513.25,5.59
9:6,102830.85,29.17,18.50,102903.57,16.75,65.97,-2424234.00,5.34
9:7,102827.03,29.29,18.40,102900.46,16.86,66.31,-2424443.50,5.53
9:8,102821.57,29.28,18.48,102902.02,16.57,66.92,-2425521.50,4.77
9:9,102821.47,29.39,18.53,102898.26,16.94,66.63,-2425479.25,5.52
9:10,102825.82,29.47,18.33,102902.72,17.21,65.05,-2426339.00,5.42
9:11,102825.94,29.42,18.30,102900.12,16.91,65.87,-2426662.00,5.78
9:12,102823.21,29.41,18.41,102899.67,16.75,67.31,-2427138.75,5.70
9:13,102820.19,29.46,18.25,102903.84,17.15,64.22,-2427801.25,4.33
9:14,102818.32,29.54,18.23,102898.74,17.08,65.82,-2428578.00,5.23
9:15,102828.57,29.59,18.31,102899.41,17.40,64.33,-2430087.25,5.47
9:16,102830.19,29.59,18.27,102903.05,17.03,65.49,-2430667.25,4.26
9:17,102833.50,29.58,18.21,102904.46,17.11,64.67,-2431205.50,5.56
9:18,102823.19,29.52,18.07,102897.64,16.86,65.00,-2431574.75,5.61
9:19,102822.75,29.51,18.05,102901.27,17.33,63.25,-2432624.50,4.47
9:20,102826.02,29.38,18.29,102898.89,16.66,66.69,-2433188.50,4.49
9:21,102818.07,29.40,18.20,102895.85,17.08,65.16,-2433047.00,3.78
9:22,102822.08,29.52,18.39,102896.82,17.09,65.71,-2433918.50,4.74
9:23,102823.01,29.47,18.45,102900.07,16.79,67.26,-2434148.00,4.40
9:24,102817.74,29.40,18.32,102900.77,16.79,66.06,-2434969.25,5.03
9:25,102820.07,29.34,18.11,102903.17,16.57,66.62,-2434742.75,4.28
9:26,102810.51,29.29,18.27,102897.15,16.87,64.84,-2436838.75,4.33
9:27,102813.75,29.45,18.24,102899.21,17.28,62.40,-2437218.75,5.01
9:28,102825.59,29.49,18.30,102901.67,17.18,64.46,-2437514.25,4.66
9:29,102829.92,29.37,18.33,102904.37,16.70,66.57,-2438172.00,5.02
9:30,102825.42,29.42,18.09,102899.64,17.10,62.78,-2439320.50,5.22
9:31,102817.57,29.47,18.15,102895.13,17.30,63.54,-2439858.75,5.04
9:32,102825.39,29.51,18.12,102899.71,17.02,63.97,-2440352.00,4.87
9:33,102827.80,29.62,18.04,102903.31,17.49,62.57,-2441283.25,5.76
9:34,102825.41,29.58,18.27,102905.67,17.24,64.39,-2441798.50,4.85
9:35,102831.77,29.73,18.15,102905.19,17.60,62.25,-2442205.50,5.27
9:36,102832.39,29.75,18.12,102912.17,17.23,62.64,-2442771.50,5.82
9:37,102825.92,29.66,17.94,102908.49,17.24,63.23,-2443160.00,4.30
9:38,102833.32,29.66,18.06,102909.03,17.39,62.93,-2444349.25,5.45
9:39,102827.02,29.66,18.20,102914.60,16.77,66.47,-2443920.50,4.78
9:40,102829.92,29.45,18.13,102911.26,16.66,67.69,-2444069.50,5.54
9:41,102839.71,29.52,18.10,102910.24,17.08,64.25,-2445204.00,5.35
9:42,102845.35,29.50,18.13,102913.22,16.54,66.87,-2445237.50,5.39
9:43,102836.64,29.37,18.25,102918.30,16.85,65.67,-2446717.25,4.83
9:44,102839.97,29.49,18.23,102914.83,17.05,64.19,-2447253.50,5.10
9:45,102835.89,29.49,18.06,102911.21,17.45,61.78,-2447547.00,4.36
9:46,102839.48,29.59,18.01,102914.41,17.70,61.38,-2448482.75,5.17
9:47,102842.80,29.60,18.09,102919.36,17.69,63.12,-2449478.00,3.82
9:48,102835.80,29.75,18.19,102919.14,17.77,62.45,-2448975.25,3.85
9:49,102846.00,29.78,18.08,102916.28,17.50,62.74,-2450088.00,4.09
9:50,102836.97,29.81,18.18,102915.10,17.53,63.69,-2450934.75,4.58
9:51,102839.19,29.74,18.04,102915.82,17.16,65.43,-2451312.50,4.78
9:52,102838.37,29.76,18.07,102916.28,17.30,64.15,-2451763.50,4.50
9:53,102844.94,29.61,18.16,102918.57,17.05,65.52,-2452173.00,4.43
9:54,102836.75,29.71,18.08,102913.96,17.29,63.55,-2452790.25,4.32
9:55,102836.89,29.74,18.02,102918.17,17.17,64.24,-2453796.00,4.92
9:56,102828.66,29.76,18.08,102912.45,17.44,63.96,-2454570.00,4.83
9:57,102815.70,29.84,17.93,102907.85,17.68,61.97,-2454955.50,5.19
9:58,102829.59,29.80,17.91,102911.05,17.62,61.84,-2455133.50,4.30
9:59,102827.39,29.88,17.98,102908.19,17.69,62.50,-2455861.50,3.98
10:0,102832.38,29.78,17.74,102910.38,17.53,61.22,-2456058.50,4.72
10:1,102834.92,29.73,17.86,102911.13,17.57,60.39,-2456855.50,4.74
10:2,102833.33,29.62,17.99,102914.03,17.62,59.62,-2457931.00,5.26
10:3,102840.77,29.60,18.11,102919.58,17.74,61.79,-2458400.50,5.47
10:4,102840.83,29.67,18.02,102922.32,17.76,61.21,-2458636.25,5.52
10:5,102841.26,29.63,18.10,102922.87,17.63,62.21,-2458909.25,4.07
10:6,102838.11,29.57,18.13,102918.07,17.01,64.88,-2459838.00,5.02
10:7,102834.86,29.62,18.06,102918.22,17.47,63.10,-2460419.25,4.34
10:8,102841.32,29.82,17.86,102917.91,17.95,60.21,-2461256.25,5.48
10:9,102836.80,29.81,18.05,102919.33,17.73,61.81,-2461436.50,4.63
10:10,102833.19,29.69,17.96,102918.24,17.48,61.61,-2462025.25,5.33
10:11,102841.49,29.73,18.02,102917.46,17.75,60.90,-2463160.50,4.67
10:12,102835.66,29.92,17.90,102918.50,18.09,60.84,-2463646.75,5.14
10:13,102838.17,29.87,17.89,102919.39,17.52,62.91,-2463492.75,4.49
10:14,102840.56,29.70,18.04,102919.67,17.26,64.40,-2464623.00,5.07
10:15,102833.92,29.66,18.15,102920.05,17.27,64.82,-2464698.50,4.69
10:16,102829.73,29.73,18.25,102919.47,17.26,64.42,-2465948.50,4.00
10:17,102827.07,29.89,17.94,102920.99,17.86,61.76,-2466420.00,5.05
10:18,102835.35,29.95,17.91,102918.94,17.96,61.87,-2466660.75,4.47
10:19,102832.33,29.96,17.93,102918.78,18.10,60.83,-2467652.00,4.44
10:20,102836.29,30.07,17.89,102919.39,18.21,60.48,-2468171.25,4.72
10:21,102848.64,30.18,17.93,102924.27,18.12,61.63,-2468450.50,5.18
10:22,102842.64,30.02,17.90,102922.69,17.79,62.35,-2469510.00,5.44
10:23,102845.56,29.89,18.17,102924.00,17.22,64.94,-2469790.00,4.34
10:24,102847.20,29.82,18.21,102917.89,17.24,65.63,-2470703.50,5.05
10:25,102843.02,29.94,18.27,102927.91,17.59,63.85,-2470695.00,4.34
10:26,102832.88,30.06,18.06,102917.39,17.62,64.59,-2471515.50,5.09
10:27,102840.25,30.10,18.19,102917.97,17.66,63.70,-2472456.00,4.24
10:28,102837.43,30.17,18.17,102923.13,17.86,64.58,-2472804.00,5.20
10:29,102828.55,30.08,18.17,102913.49,17.22,66.59,-2472883.25,5.03
10:30,102842.15,30.14,18.12,102917.88,17.70,64.46,-2473931.25,4.54
10:31,102841.03,30.14,18.05,102914.60,17.64,64.08,-2474387.25,5.39
10:32,102834.16,30.23,18.01,102919.13,17.98,62.82,-2474796.75,4.18
10:33,102844.64,30.28,17.99,102927.14,17.84,63.39,-2475045.25,4.79
10:34,102839.60,30.22,18.09,102921.28,17.54,64.58,-2476221.25,5.11
10:35,102844.13,30.28,17.80,102925.06,17.62,63.67,-2477131.25,4.98
10:36,102850.02,30.24,17.92,102924.88,17.51,63.98,-2477183.50,3.83
10:37,102835.58,30.31,18.05,102925.23,17.69,64.69,-2478583.25,5.67
10:38,102849.32,30.45,17.96,102927.88,17.76,63.97,-2478492.00,4.72
10:39,102845.09,30.43,17.88,102929.83,17.87,63.36,-2479580.50,5.24
10:40,102853.07,30.44,17.86,102930.85,18.24,62.64,-2480440.50,5.25
10:41,102845.27,30.51,18.05,102926.60,18.11,63.42,-2480845.50,5.07
10:42,102843.11,30.55,17.88,102925.82,18.01,63.04,-2481628.00,5.62
10:43,102845.20,30.48,17.85,102923.92,18.10,63.02,-2481831.75,4.77
10:44,102841.17,30.34,17.98,102924.80,17.83,63.53,-2482749.25,5.07
10:45,102848.57,30.40,17.95,102926.03,18.15,62.74,-2483371.50,5.66
10:46,102845.53,30.33,18.03,102926.22,17.53,66.59,-2484101.50,4.45
10:47,102845.99,30.45,17.97,102925.30,17.80,64.67,-2484886.50,5.17
10:48,102845.85,30.56,18.03,102926.43,18.14,64.05,-2485516.00,5.27
10:49,102845.61,30.72,17.96,102918.50,18.49,61.72,-2485696.25,5.12
10:50,102846.78,30.79,17.83,102922.06,18.53,61.57,-2486314.75,5.86
10:51,102847.13,30.79,17.80,102925.47,18.55,60.91,-2486707.50,5.13
10:52,102844.69,30.76,17.89,102923.63,18.44,62.61,-2487726.50,5.95
10:53,102854.72,30.71,17.79,102927.85,18.10,62.92,-2487934.00,3.90
10:54,102848.03,30.64,17.84,102928.49,18.25,62.01,-2488755.50,4.36
10:55,102848.99,30.66,17.81,102924.49,18.17,61.13,-2490212.75,5.83
10:56,102853.49,30.63,17.90,102936.07,18.22,61.30,-2490278.50,5.06
10:57,102847.80,30.61,17.77,102930.89,18.16,62.32,-2490646.50,5.78
10:58,102851.46,30.65,17.64,102926.22,18.41,59.93,-2491990.50,4.43
10:59,102851.17,30.68,17.81,102932.55,18.47,60.98,-2492393.75,5.27
11:0,102843.91,30.53,17.79,102931.75,17.59,64.21,-2492668.00,5.00
11:1,102847.96,30.46,17.93,102926.55,18.12,62.54,-2493924.25,3.91
11:2,102853.15,30.64,17.77,102927.64,18.65,60.33,-2493694.75,5.30
11:3,102848.14,30.70,17.84,102923.82,18.56,60.75,-2494303.50,4.80
11:4,102836.76,30.54,17.81,102922.84,17.71,63.08,-2494589.50,4.70
11:5,102842.50,30.17,17.81,102925.67,17.37,64.23,-2494365.00,4.98
11:6,102844.24,23.28,38.99,102924.16,17.74,62.88,-2494943.75,0.86
11:7,102858.62,18.11,65.87,102920.00,18.05,63.26,-2495732.00,0.55
11:8,102863.97,18.50,57.87,102922.49,17.69,63.02,-2496013.25,0.55
11:9,102850.13,25.73,29.70,102933.72,17.90,62.49,-2497259.25,5.58
11:10,102839.90,29.50,19.70,102927.64,18.53,59.68,-2498410.00,5.72
11:11,102850.56,30.10,18.37,102930.11,18.63,57.34,-2497308.00,5.37
11:12,102854.75,29.84,18.01,102927.56,18.46,56.46,-2498094.75,5.23
11:13,102846.83,29.84,18.28,102932.55,18.37,57.75,-2499017.50,5.01
11:14,102846.88,29.80,18.02,102926.59,18.26,57.65,-2499597.25,4.75
11:15,102841.47,29.98,17.99,102928.72,18.87,55.46,-2500464.50,4.36
11:16,102840.66,30.04,18.03,102925.80,18.64,57.43,-2500448.00,5.36
11:17,102851.19,29.94,17.91,102929.47,17.65,60.63,-2500264.00,4.37
11:18,102853.40,29.81,18.03,102928.64,17.91,60.02,-2501720.75,3.99
11:19,102849.57,29.86,18.29,102925.89,18.20,59.28,-2502091.75,5.21
11:20,102851.74,30.19,18.06,102921.88,18.41,59.19,-2502073.25,5.06
11:21,102841.55,30.02,17.91,102924.61,18.12,58.92,-2502151.25,4.85
11:22,102837.87,30.01,17.98,102927.75,18.35,58.22,-2502672.50,5.16
11:23,102853.60,30.06,17.89,102925.11,18.46,58.61,-2503045.50,5.63
11:24,102847.94,30.14,17.90,102926.91,17.80,60.09,-2503002.50,5.09
11:25,102859.39,29.91,18.05,102934.60,17.89,60.76,-2503765.50,5.21
11:26,102848.38,29.73,17.87,102933.20,17.58,60.36,-2502716.50,5.87
11:27,102853.01,29.79,17.94,102931.14,18.05,57.32,-2504362.00,5.29
11:28,102837.82,29.90,17.87,102928.71,18.36,57.42,-2504675.50,4.90
11:29,102846.31,29.97,17.66,102925.17,18.56,56.40,-2505178.25,5.18
11:30,102845.08,30.03,17.82,102932.38,18.56,57.49,-2505575.50,5.10
11:31,102847.69,29.94,17.69,102932.73,18.21,57.75,-2505837.00,4.64
11:32,102842.47,30.02,17.84,102924.96,18.59,57.73,-2506411.75,4.08
11:33,102848.38,30.10,17.79,102924.39,18.60,57.90,-2507162.00,5.60
11:34,102852.35,30.10,17.59,102930.11,18.64,56.02,-2507076.00,4.93
11:35,102841.86,30.00,17.71,102922.50,18.08,57.64,-2507869.00,5.16
11:36,102840.91,30.03,17.82,102917.94,18.42,57.43,-2508792.50,4.94
11:37,102842.07,29.89,17.88,102919.10,17.62,61.13,-2508746.50,4.42
11:38,102833.16,29.99,17.90,102914.72,18.42,58.86,-2510422.50,4.23
11:39,102838.90,30.30,17.92,102914.44,18.52,58.38,-2509851.50,4.97
11:40,102834.32,30.32,17.57,102912.61,18.83,54.99,-2510940.50,5.48
11:41,102830.78,30.39,17.78,102910.11,19.16,56.56,-2511654.00,5.28
11:42,102834.92,30.79,17.66,102909.55,19.61,54.69,-2513072.00,3.87
11:43,102831.19,30.81,17.38,102912.85,19.22,55.54,-2513132.00,4.54
11:44,102828.86,30.78,17.56,102912.74,19.30,56.31,-2513707.25,4.49
11:45,102825.69,30.59,17.26,102911.73,18.58,55.58,-2514152.75,4.40
11:46,102836.19,30.65,17.40,102912.55,19.23,54.89,-2515067.25,4.30
11:47,102838.12,30.77,17.29,102909.71,19.50,54.01,-2515199.00,4.13
11:48,102828.63,30.81,17.45,102910.49,19.53,55.08,-2515987.50,4.37
11:49,102830.24,30.89,17.21,102915.02,19.18,54.45,-2516095.25,5.20
11:50,102833.97,30.65,17.21,102910.06,18.88,53.96,-2516653.25,5.02
11:51,102825.36,30.66,17.37,102912.52,18.91,55.84,-2517355.50,4.36
11:52,102842.81,30.76,17.28,102912.78,19.32,54.52,-2517732.50,3.91
11:53,102836.21,30.56,17.47,102912.89,18.49,56.31,-2517928.75,4.62
11:54,102834.05,30.59,17.47,102915.03,18.84,56.14,-2518900.50,4.43
11:55,102833.06,30.56,17.31,102912.17,18.29,58.03,-2518767.25,5.24
11:56,102829.52,30.35,17.63,102904.49,18.33,58.81,-2520269.75,5.45
11:57,102836.92,30.54,17.53,102908.78,18.73,56.70,-2521898.25,4.91
11:58,102831.78,30.71,17.35,102910.28,19.28,55.18,-2522490.25,5.83
11:59,102835.16,30.65,17.42,102912.57,18.93,56.03,-2522368.75,5.19
12:0,102833.46,30.59,17.59,102918.31,18.67,57.53,-2523032.00,4.45
12:1,102842.83,30.45,17.45,102918.57,18.25,58.26,-2523610.75,4.16
12:2,102833.63,30.45,17.55,102913.07,18.72,56.96,-2524868.50,4.71
12:3,102842.60,30.55,17.58,102915.51,18.66,57.54,-2524885.25,4.40
12:4,102840.84,30.58,17.56,102919.30,18.28,59.77,-2524976.25,4.53
12:5,102844.88,30.50,17.67,102915.19,18.69,57.92,-2526166.50,5.36
12:6,102838.39,30.49,17.77,102918.76,18.28,60.07,-2526132.75,3.89
12:7,102839.42,30.31,17.76,102918.52,18.20,59.38,-2527373.25,4.20
12:8,102838.46,30.34,17.63,102921.34,18.51,58.26,-2528354.50,4.92
12:9,102847.72,30.41,17.58,102923.82,18.91,56.83,-2528414.50,4.97
12:10,102837.08,30.58,17.59,102918.75,19.01,56.15,-2528687.50,4.72
12:11,102846.13,30.75,17.57,102918.28,19.10,56.43,-2528077.75,4.98
12:12,102845.99,30.82,17.26,102922.91,18.75,57.01,-2528380.50,5.71
12:13,102838.28,30.48,17.17,102921.41,18.20,58.19,-2528600.25,5.02
12:14,102849.27,30.38,17.24,102927.99,18.71,55.41,-2530195.50,3.89
12:15,102852.77,30.33,17.52,102926.53,18.19,57.75,-2530585.50,4.52
12:16,102855.36,29.99,17.31,102936.78,17.66,59.65,-2530548.50,4.61
12:17,102859.06,29.71,17.37,102940.78,17.36,59.04,-2531362.00,5.70
12:18,102851.32,29.35,17.58,102938.69,17.25,60.26,-2531371.25,4.88
12:19,102876.73,29.22,17.89,102946.83,17.40,59.81,-2533350.25,4.72
12:20,102866.03,29.24,17.71,102942.03,17.38,59.46,-2533587.50,4.79
12:21,102860.02,29.09,17.79,102937.74,17.54,58.17,-2533831.50,4.09
12:22,102872.71,29.20,17.86,102939.13,17.71,58.11,-2534918.00,5.17
12:23,102871.65,29.31,17.91,102940.32,17.99,56.69,-2535678.75,4.80
12:24,102862.51,29.54,17.82,102945.56,18.45,56.27,-2534870.25,4.51
12:25,102861.32,29.55,17.45,102935.07,17.53,58.00,-2533857.75,5.01
12:26,102872.57,29.15,17.73,102946.55,17.66,58.33,-2535922.75,4.14
12:27,102863.35,29.17,17.78,102943.25,17.86,57.06,-2536942.75,5.61
12:28,102863.53,29.11,17.70,102936.00,17.64,56.97,-2536525.25,4.38
12:29,102877.74,29.04,17.88,102947.92,17.99,55.43,-2537844.25,5.09
12:30,102864.03,29.04,17.86,102935.42,17.77,56.68,-2538341.50,5.43
12:31,102867.03,29.08,17.96,102937.32,17.77,58.05,-2540046.00,4.18
12:32,102864.61,29.06,17.91,102934.69,17.36,58.25,-2539889.50,5.39
12:33,102855.63,28.82,18.01,102932.28,17.20,59.25,-2539959.00,4.29
12:34,102860.47,28.94,18.01,102933.77,17.78,57.11,-2540924.75,4.23
12:35,102856.39,29.22,18.10,102934.14,18.36,56.65,-2542554.75,4.97
12:36,102856.41,29.57,17.83,102928.17,18.62,54.81,-2543073.25,5.21
12:37,102847.30,29.57,17.78,102927.14,18.10,56.36,-2543173.25,4.62
12:38,102861.35,29.53,17.69,102934.28,18.80,53.79,-2543597.25,5.48
12:39,102867.64,29.41,17.65,102933.63,18.06,56.92,-2543897.00,4.23
12:40,102870.36,29.33,17.69,102935.35,18.13,56.42,-2544384.00,5.52
12:41,102861.08,29.37,17.83,102933.32,18.06,57.10,-2545215.50,4.02
12:42,102875.31,29.31,17.69,102934.66,17.44,58.34,-2545162.50,5.55
12:43,102858.64,29.24,17.87,102934.17,17.48,58.86,-2546410.25,4.26
12:44,102857.23,29.51,17.94,102936.14,18.31,55.90,-2547033.25,4.89
12:45,102869.09,29.69,17.59,102941.45,18.28,56.48,-2547237.25,4.23
12:46,102851.85,29.61,17.59,102933.07,18.48,54.90,-2548062.75,5.23
12:47,102847.63,29.78,17.62,102929.75,18.60,55.51,-2548911.00,5.63
12:48,102855.77,29.88,17.70,102936.15,18.67,55.87,-2549035.50,5.54
12:49,102846.63,29.67,17.35,102931.18,17.91,56.51,-2548841.25,4.78
12:50,102852.47,29.52,17.62,102933.40,18.37,54.98,-2550076.00,4.44
12:51,102853.96,29.64,17.59,102935.37,18.56,55.40,-2551354.75,5.38
12:52,102851.13,29.75,17.54,102927.88,18.49,55.09,-2550072.50,5.15
12:53,102857.27,29.71,17.58,102930.27,18.37,54.83,-2550228.75,5.32
12:54,102846.28,29.71,17.54,102930.39,18.30,55.32,-2550643.50,4.40
12:55,102858.36,29.74,17.62,102937.23,18.35,56.21,-2550776.75,4.43
12:56,102857.36,29.59,17.44,102931.97,17.99,55.77,-2550605.50,5.51
12:57,102851.36,29.32,17.63,102937.27,17.88,57.17,-2551940.75,3.78
12:58,102856.48,29.56,17.78,102931.85,18.49,55.87,-2553301.25,4.26
12:59,102852.77,30.00,17.40,102930.74,19.12,52.08,-2553618.50,5.39
13:0,102842.97,29.91,17.32,102932.03,18.96,53.16,-2553596.50,5.72
13:1,102860.21,29.93,17.38,102934.14,18.72,53.59,-2553407.25,4.44
13:2,102857.75,29.90,17.36,102947.35,18.85,53.10,-2554910.00,3.81
13:3,102856.75,29.56,17.48,102947.39,17.86,56.84,-2554438.75,4.00
13:4,102858.96,29.49,17.54,102943.38,18.31,54.34,-2555582.00,4.54
13:5,102860.25,29.50,17.57,102948.16,18.39,53.64,-2556507.50,4.92
13:6,102858.36,29.66,17.43,102943.60,18.96,51.83,-2557794.25,4.96
13:7,102863.19,29.89,17.42,102938.99,19.43,51.21,-2558162.00,4.79
13:8,102868.93,29.87,17.38,102934.19,18.63,53.64,-2558247.50,4.33
13:9,102855.67,30.00,17.53,102932.13,19.19,52.88,-2558768.50,5.42
13:10,102865.10,30.23,17.28,102947.25,19.00,53.88,-2559314.50,4.29
13:11,102861.00,29.95,17.31,102938.37,18.74,54.25,-2559608.50,5.60
13:12,102853.86,30.03,17.50,102937.74,19.03,53.81,-2560158.75,4.67
13:13,102863.28,30.14,17.22,102940.11,18.35,55.11,-2559838.75,5.03
13:14,102852.41,30.03,17.42,102938.10,18.74,53.42,-2559834.50,5.06
13:15,102859.42,30.34,17.51,102938.72,19.46,53.49,-2560525.50,5.70
13:16,102854.00,30.64,17.18,102941.19,19.52,52.27,-2560456.00,4.29
13:17,102866.03,30.59,17.16,102944.26,19.70,51.30,-2561568.75,4.27
13:18,102854.63,30.78,17.05,102933.21,19.74,51.43,-2560526.00,3.80
13:19,102861.74,30.75,17.03,102939.94,19.44,51.99,-2560797.00,5.48
13:20,102851.10,30.82,17.10,102931.19,19.77,52.04,-2557209.25,5.03
13:21,102861.34,30.97,16.83,102940.76,20.13,50.51,-2557471.50,4.28
13:22,102859.80,30.97,16.99,102936.87,19.69,52.30,-2559070.50,4.87
13:23,102866.42,30.90,16.95,102934.72,19.91,50.40,-2559682.75,4.55
13:24,102862.48,30.95,16.66,102937.53,19.63,50.04,-2559403.00,4.32
13:25,102860.96,30.81,16.89,102939.27,19.58,50.24,-2521461.50,5.56
13:26,102860.45,30.52,16.63,102936.98,18.93,52.21,-2378227.25,5.39
13:27,102852.58,30.41,17.02,102930.47,19.40,51.71,-2388842.50,4.44
13:28,102853.87,30.43,17.07,102930.24,19.41,51.35,-2378313.50,4.30
13:29,102857.71,30.70,17.00,102929.74,19.45,52.25,-2222519.50,4.83
13:30,102845.74,30.64,17.10,102929.17,19.51,51.67,-2557665.50,4.90
13:31,102849.63,30.76,16.88,102927.67,19.94,49.01,-2558100.50,4.70
13:32,102849.06,30.98,16.83,102934.35,20.05,50.72,-2553458.50,5.39
13:33,102857.28,30.80,16.77,102932.81,19.63,51.48,-2556496.00,4.25
13:34,102841.63,30.63,16.80,102929.39,19.56,50.52,-2567294.00,4.37
13:35,102849.60,30.55,16.66,102927.92,19.41,49.74,-2567999.50,5.52
13:36,102844.94,30.53,16.76,102928.66,19.64,49.21,-2568727.50,5.56
13:37,102849.60,30.56,16.83,102934.92,19.41,51.06,-2568225.50,5.54
13:38,102855.52,30.54,16.70,102931.88,19.01,50.91,-2568342.75,4.40
13:39,102857.41,30.26,16.99,102933.41,19.36,51.07,-2569385.00,4.92
13:40,102849.83,30.15,16.88,102925.08,18.63,52.67,-2569508.50,4.81
13:41,102847.94,29.97,17.15,102930.09,19.03,52.06,-2570571.50,4.81
13:42,102857.98,30.17,17.13,102931.38,19.10,51.08,-2570995.75,4.29
13:43,102855.50,30.39,17.02,102932.14,19.76,49.35,-2571886.75,5.58
13:44,102858.31,30.51,17.05,102932.53,19.86,50.62,-2571753.50,4.96
13:45,102855.53,30.64,16.98,102929.64,19.84,50.04,-2572742.25,4.27
13:46,102847.60,30.69,16.87,102935.41,19.99,49.66,-2573113.25,5.06
13:47,102846.57,30.68,16.93,102926.03,19.46,52.04,-2572786.25,5.55
13:48,102848.14,30.84,16.95,102928.11,19.88,49.40,-2579245.50,5.12
13:49,102842.21,30.96,16.72,102927.92,20.19,48.55,-2579318.00,5.85
13:50,102848.71,31.08,16.83,102932.91,20.38,49.82,-2580064.75,4.34
13:51,102848.65,31.15,16.68,102934.97,20.14,49.38,-2579975.50,5.23
13:52,102849.73,31.07,16.74,102930.02,19.96,49.90,-2579633.50,3.81
13:53,102842.19,30.91,16.78,102929.10,19.89,50.40,-2581539.50,4.98
13:54,102846.56,31.02,16.70,102929.55,20.17,49.13,-2582114.50,5.37
13:55,102860.39,30.87,16.57,102926.35,19.54,50.60,-2582235.50,5.65
13:56,102846.41,30.88,16.73,102925.05,20.07,49.54,-2583426.50,4.33
13:57,102852.75,30.84,16.78,102930.67,19.69,50.39,-2582414.75,5.48
13:58,102848.53,30.48,16.80,102925.04,18.62,53.71,-2583738.50,5.48
13:59,102844.71,30.31,17.04,102921.71,18.99,53.19,-2584336.50,3.96
14:0,102841.71,30.70,17.09,102918.87,19.78,52.44,-2585355.50,4.70
14:1,102842.71,30.91,16.71,102924.17,19.11,52.59,-2584908.50,4.24
14:2,102846.82,30.53,16.96,102919.03,19.09,53.41,-2585582.00,5.16
14:3,102834.83,30.77,16.80,102918.27,19.85,50.66,-2586820.75,5.59
14:4,102843.41,30.96,16.94,102925.33,20.12,51.17,-2587305.50,5.16
14:5,102842.82,31.08,16.77,102925.13,20.45,48.97,-2587252.75,5.68
14:6,102848.00,31.12,16.87,102931.63,20.17,51.85,-2587961.50,4.45
14:7,102848.32,31.16,16.80,102929.19,19.79,51.47,-2588167.50,4.85
14:8,102860.77,31.04,16.68,102931.60,19.73,51.12,-2588752.75,5.40
14:9,102851.64,30.79,16.73,102932.03,19.04,53.21,-2588576.75,5.01
14:10,102848.68,30.58,16.88,102929.27,18.89,53.67,-2589654.00,5.07
14:11,102850.14,30.68,16.98,102931.42,19.53,52.44,-2590688.25,4.47
14:12,102847.35,30.99,17.03,102926.10,20.29,51.20,-2591740.75,5.72
14:13,102850.62,31.16,17.20,102925.39,19.97,52.39,-2577617.25,4.50
14:14,102846.74,31.07,16.77,102926.07,19.82,51.18,-2581442.50,5.57
14:15,102850.89,31.06,16.80,102930.92,20.04,51.99,-2582652.50,4.33
14:16,102844.64,31.03,16.91,102924.38,19.54,54.22,-2582250.75,4.36
14:17,102849.44,30.89,17.11,102928.16,19.52,52.84,-2583574.75,5.19
14:18,102842.01,31.18,16.83,102915.28,19.72,52.30,-2583440.00,4.05
14:19,102847.93,31.30,16.66,102918.73,19.74,51.96,-2584246.00,5.54
14:20,102845.28,31.24,16.65,102928.15,20.28,49.72,-2584941.25,5.79
14:21,102846.35,31.27,16.70,102921.97,20.54,49.65,-2585683.50,4.58
14:22,102837.64,31.32,16.77,102917.13,19.75,52.05,-2585652.25,5.72
14:23,102846.88,31.51,16.73,102921.88,20.30,50.04,-2585728.75,4.51
14:24,102844.46,31.43,16.46,102920.63,20.19,50.58,-2585964.00,5.57
14:25,102844.08,31.40,16.74,102921.23,19.84,52.31,-2587142.00,4.25
14:26,102841.26,31.24,16.71,102914.54,19.74,52.32,-2590466.00,5.69
14:27,102836.48,31.40,16.66,102919.88,20.01,50.08,-2594690.75,4.29
14:28,102830.84,31.23,16.58,102904.46,19.75,51.82,-2593990.50,5.30
14:29,102828.03,30.91,16.69,102913.46,19.30,53.61,-2595407.50,3.80
14:30,102830.12,30.82,17.07,102909.64,19.20,54.69,-2596239.25,5.46
14:31,102837.11,30.98,16.88,102913.04,19.53,53.46,-2597181.75,4.88
14:32,102840.71,31.31,16.82,102923.63,20.66,49.33,-2599377.00,5.55
14:33,102847.57,31.22,16.87,102916.58,19.73,52.96,-2599336.00,5.03
14:34,102843.99,31.40,16.76,102916.87,20.28,50.94,-2599797.50,5.76
14:35,102851.91,31.69,16.79,102916.03,20.84,49.85,-2568217.50,5.24
14:36,102832.42,31.94,16.70,102916.64,21.11,49.72,-2600546.00,4.08
14:37,102829.61,32.02,16.27,102912.52,21.17,48.05,-2601109.25,5.51
14:38,102839.10,32.09,16.36,102910.13,21.42,47.36,-2600510.75,4.95
14:39,102839.00,32.16,16.24,102904.96,21.71,46.22,-2599295.50,5.74
14:40,102825.79,32.20,16.28,102909.57,20.89,49.36,-2598938.25,4.18
14:41,102829.39,31.90,16.36,102904.31,20.81,48.66,-2600701.25,5.38
14:42,102823.41,31.98,16.55,102907.41,20.83,50.24,-2601126.00,5.62
14:43,102823.92,32.07,16.45,102901.03,20.59,50.56,-2601354.50,5.63
14:44,102836.78,32.08,16.37,102913.09,20.29,51.25,-2601268.50,5.26
14:45,102824.17,32.05,16.53,102909.35,20.64,50.99,-2592842.50,4.75
14:46,102830.28,32.17,16.21,102908.03,21.06,49.00,-2595359.25,5.77
14:47,102829.19,31.83,16.30,102902.43,20.44,49.63,-2595753.50,4.99
14:48,102823.97,31.86,16.40,102899.78,20.87,48.87,-2596641.25,4.43
14:49,102836.82,32.20,16.44,102904.05,21.48,48.07,-2596892.00,4.30
14:50,102825.91,31.81,16.23,102898.05,19.68,52.31,-2596986.75,4.53
14:51,102835.33,31.69,16.38,102909.80,20.00,51.54,-2597552.25,5.05
14:52,102828.64,31.30,16.49,102910.97,19.20,54.54,-2598802.50,5.50
14:53,102838.79,31.46,16.68,102913.88,20.21,51.18,-2599324.00,4.33
14:54,102844.30,31.86,16.50,102912.08,20.94,48.88,-2599835.50,5.25
14:55,102831.07,31.78,16.42,102908.80,19.86,52.02,-2600318.00,4.59
14:56,102830.35,31.80,16.51,102906.16,20.55,49.46,-2600742.00,4.35
14:57,102822.31,31.92,16.47,102902.75,21.32,47.51,-2601395.50,4.70
14:58,102827.85,32.04,16.57,102908.13,20.82,50.24,-2601767.50,5.14
14:59,102826.97,31.78,16.17,102905.14,19.65,53.12,-2601559.25,5.60
15:0,102828.16,31.76,16.71,102910.57,20.94,49.19,-2603386.00,5.46
15:1,102824.14,31.96,16.37,102909.38,20.63,50.54,-2602928.75,5.39
15:2,102822.57,31.92,16.43,102910.00,20.72,50.16,-2603167.25,5.85
15:3,102830.85,31.92,16.45,102909.41,21.05,49.27,-2603717.50,3.85
15:4,102826.38,31.85,16.55,102905.60,20.70,50.44,-2604573.00,5.51
15:5,102823.75,31.97,16.39,102907.03,21.28,48.61,-2604995.25,4.28
15:6,102834.74,32.10,16.41,102914.35,20.87,49.83,-2605324.50,5.90
15:7,102832.52,32.11,16.33,102904.00,21.41,46.99,-2605109.25,5.00
15:8,102833.36,32.08,16.35,102910.39,21.75,46.21,-2606095.25,5.59
15:9,102842.85,32.25,16.26,102909.38,21.83,46.12,-2605889.50,4.86
15:10,102833.64,32.35,16.33,102910.00,22.12,46.76,-2607632.00,4.34
15:11,102829.38,32.42,16.09,102905.03,21.75,46.41,-2607668.50,5.14
15:12,102842.09,32.40,16.30,102910.66,21.66,47.91,-2607835.25,4.56
15:13,102843.46,32.57,16.22,102913.08,21.72,47.49,-2608371.25,4.59
15:14,102837.15,32.51,16.18,102906.21,21.58,47.38,-2608777.50,4.38
15:15,102836.07,32.38,16.18,102914.08,21.45,47.73,-2609063.50,5.86
15:16,102830.32,32.29,15.98,102909.80,21.52,47.62,-2609935.50,5.66
15:17,102833.85,32.40,16.13,102911.55,22.03,46.17,-2610268.00,4.65
15:18,102839.17,32.65,16.10,102919.10,22.60,44.57,-2611496.00,4.42
15:19,102837.10,32.39,16.08,102915.02,21.30,48.44,-2611331.25,4.75
15:20,102836.25,32.31,16.08,102915.55,21.70,46.16,-2611529.50,3.96
15:21,102838.23,32.48,16.19,102917.84,22.10,45.63,-2612413.75,5.28
15:22,102838.36,32.63,16.09,102914.44,22.67,44.19,-2613570.50,5.21
15:23,102832.36,32.80,16.00,102914.10,22.73,44.74,-2613359.25,4.87
15:24,102845.17,32.57,16.17,102918.47,22.31,46.95,-2612994.75,3.91
15:25,102844.33,32.52,16.08,102918.34,21.52,48.41,-2613156.50,5.23
15:26,102839.60,32.47,16.13,102919.17,22.36,44.70,-2613879.75,4.55
15:27,102842.42,32.46,16.19,102912.98,22.50,45.04,-2614898.75,4.63
15:28,102829.69,32.58,16.39,102912.94,22.15,46.81,-2615553.25,5.65
15:29,102844.49,32.58,16.18,102916.89,21.42,48.35,-2614792.00,4.87
15:30,102841.96,32.08,16.26,102917.72,21.29,48.30,-2615824.75,5.39
15:31,102837.38,32.23,16.51,102915.96,22.02,47.03,-2616198.75,4.58
15:32,102857.80,32.31,16.33,102926.32,22.56,45.15,-2617892.50,5.65
15:33,102847.32,32.58,16.37,102929.39,23.30,44.05,-2618035.50,4.78
15:34,102846.28,32.40,16.19,102920.86,22.82,44.57,-2618041.50,4.61
15:35,102837.72,32.24,16.22,102925.53,22.49,44.94,-2618168.50,4.37
15:36,102841.74,32.49,16.21,102930.95,23.81,42.03,-2619360.50,4.71
15:37,102843.83,32.42,16.13,102928.67,22.26,46.04,-2618149.50,4.52
15:38,102858.76,32.49,16.24,102927.02,23.41,42.79,-2620162.50,4.81
15:39,102840.98,32.59,16.43,102921.82,24.12,41.78,-2620946.00,5.61
15:40,102844.71,32.85,16.02,102917.38,23.77,42.04,-2620027.75,4.56
15:41,102835.32,32.78,16.13,102923.46,24.49,40.31,-2620856.75,5.33
15:42,102850.36,33.04,16.25,102923.82,25.19,39.14,-2622072.50,4.78
15:43,102848.11,33.39,16.00,102925.66,25.82,38.15,-2622801.50,5.23
15:44,102844.68,32.80,15.85,102925.94,23.83,40.82,-2615442.50,4.06
15:45,102849.75,32.74,16.05,102925.56,25.18,38.92,-2617412.00,4.09
15:46,102839.86,32.89,15.90,102918.17,25.83,36.96,-2617737.25,3.98
15:47,102839.19,32.71,16.02,102928.00,24.52,40.22,-2618344.50,5.29
15:48,102838.94,32.71,16.07,102921.01,25.08,38.67,-2619449.25,5.78
15:49,102839.92,32.55,16.07,102922.03,21.94,46.23,-2619246.50,6.02
15:50,102844.56,32.23,16.21,102915.85,21.33,47.40,-2619353.25,4.52
15:51,102846.46,32.41,16.15,102922.42,21.97,44.89,-2619750.25,5.50
15:52,102847.63,32.31,16.20,102929.21,22.71,43.89,-2620894.50,4.75
15:53,102847.62,32.53,16.13,102922.07,25.71,37.56,-2621571.50,5.74
15:54,102834.13,32.77,16.07,102921.66,26.75,35.50,-2621970.50,4.91
15:55,102849.53,33.07,15.94,102925.56,27.15,34.41,-2622191.00,4.58
15:56,102844.14,33.07,15.96,102932.44,26.57,35.81,-2622318.50,5.68
15:57,102845.82,32.85,16.05,102925.55,24.31,39.89,-2622197.50,4.59
15:58,102848.64,32.53,16.05,102928.03,22.69,43.85,-2623151.25,4.99
15:59,102846.10,32.34,16.08,102927.42,24.27,40.27,-2623719.50,5.27
16:0,102840.95,32.53,16.22,102921.11,26.07,36.34,-2624658.00,5.07
16:1,102838.94,32.92,15.93,102928.78,25.52,37.52,-2624596.75,4.87
16:2,102850.82,32.90,16.06,102925.42,25.93,36.45,-2624883.50,5.04
16:3,102846.36,33.07,15.97,102923.31,26.32,35.94,-2625229.25,4.93
16:4,102838.83,32.89,15.90,102922.47,25.86,36.86,-2624856.50,4.97
16:5,102851.13,32.55,16.10,102927.83,25.59,37.74,-2625880.75,6.14
16:6,102853.08,32.44,16.02,102928.60,24.03,39.67,-2627445.50,4.85
16:7,102839.96,32.09,16.19,102928.52,23.56,42.46,-2627751.25,5.12
16:8,102847.21,32.33,16.17,102930.25,24.81,38.95,-2628084.75,4.86
16:9,102846.21,32.35,16.36,102931.41,25.37,38.16,-2628225.75,5.21
16:10,102845.19,32.51,16.17,102923.91,25.90,37.18,-2625300.00,4.34
16:11,102837.16,32.61,15.92,102920.13,26.25,35.03,-2602522.75,6.01
16:12,102840.58,32.43,15.96,102923.38,26.01,35.72,-2624812.50,5.35
16:13,102844.58,32.35,16.09,102925.21,26.40,34.40,-2624633.25,5.12
16:14,102851.69,32.50,16.30,102920.53,26.23,35.66,-2587953.50,5.92
16:15,102841.35,32.61,16.17,102923.99,26.65,34.86,-2598227.75,4.46
16:16,102843.05,32.49,16.09,102924.69,25.97,35.72,-2528190.00,4.68
16:17,102846.50,32.74,16.08,102925.16,27.57,32.82,-2601941.50,5.88
16:18,102857.17,32.80,15.93,102929.71,27.54,32.84,-2616525.25,6.42
16:19,102842.11,32.82,16.11,102925.38,27.59,33.10,-2598490.50,4.98
16:20,102843.91,32.91,16.04,102925.96,27.37,33.02,-2616751.25,5.37
16:21,102843.14,32.90,15.83,102925.82,27.00,33.65,-2632477.50,5.88
16:22,102843.00,32.53,15.85,102921.77,25.82,35.68,-2634505.50,4.06
16:23,102849.38,32.34,16.10,102929.82,25.58,36.69,-2634215.25,5.73
16:24,102840.91,32.36,16.09,102928.07,26.84,33.78,-2636286.50,4.71
16:25,102839.74,32.63,15.99,102925.92,27.78,31.54,-2637534.50,4.58
16:26,102853.64,32.95,16.09,102931.77,28.00,32.45,-2638458.00,5.70
16:27,102832.38,32.43,16.01,102920.21,26.04,35.54,-2638849.50,5.90
16:28,102839.08,32.47,16.17,102926.17,25.81,36.46,-2640216.50,5.78
16:29,102838.66,32.77,16.15,102920.11,27.92,32.82,-2641404.75,5.21
16:30,102849.39,33.11,16.02,102927.33,27.75,33.09,-2641507.25,5.15
16:31,102850.83,33.23,15.85,102929.50,28.12,32.04,-2641995.25,5.22
16:32,102846.22,32.90,15.73,102925.12,26.82,33.14,-2642079.25,4.83
16:33,102846.62,32.89,15.86,102924.50,27.31,32.46,-2643764.75,4.60
16:34,102839.09,32.87,15.75,102923.22,26.51,33.95,-2644551.25,6.15
16:35,102852.27,32.78,15.85,102930.50,27.10,33.56,-2644944.50,3.98
16:36,102843.39,32.27,15.98,102927.54,25.06,37.78,-2644483.50,4.23
16:37,102851.02,32.42,16.03,102929.36,26.92,34.34,-2645368.75,5.14
16:38,102845.33,32.76,15.98,102928.22,27.60,33.70,-2645146.00,4.24
16:39,102849.48,32.98,15.92,102922.89,28.85,29.91,-2645402.75,5.24
16:40,102845.50,33.19,15.74,102926.06,28.86,30.58,-2644541.50,4.53
16:41,102845.72,33.24,15.76,102924.85,28.66,30.36,-2611142.75,6.14
16:42,102851.71,33.10,15.71,102926.57,26.75,34.23,-2610546.00,5.43
16:43,102840.85,33.04,15.89,102925.88,27.55,32.79,-2615179.25,5.17
16:44,102845.72,33.16,15.66,102925.92,26.50,34.01,-2586762.50,4.56
16:45,102843.66,32.99,15.84,102926.46,27.48,33.02,-2561611.50,4.46
16:46,102849.44,33.19,15.74,102922.94,28.22,32.41,-2588366.75,4.78
16:47,102840.41,33.41,15.62,102921.79,28.82,29.75,-2632201.25,3.92
16:48,102840.85,33.57,15.53,102928.80,29.14,29.79,-2644913.75,6.18
16:49,102851.10,33.12,15.44,102935.72,25.32,36.65,-2645032.00,5.04
16:50,102846.92,32.75,15.92,102926.85,26.03,36.07,-2646750.50,5.63
16:51,102842.42,32.78,15.83,102917.80,26.21,35.24,-2649621.50,6.01
16:52,102838.81,32.94,15.79,102919.60,26.86,33.38,-2649625.50,4.07
16:53,102839.75,33.02,15.81,102920.21,27.20,33.30,-2651271.00,5.54
16:54,102846.57,33.01,15.76,102921.91,25.68,36.45,-2650157.50,4.56
16:55,102850.90,32.98,15.72,102931.49,27.07,33.65,-2651267.75,5.58
16:56,102852.44,32.87,15.68,102925.54,26.21,34.70,-2647632.50,4.90
16:57,102839.60,32.64,15.79,102925.85,25.30,37.12,-2649619.50,4.69
16:58,102841.70,32.64,15.94,102918.94,26.42,35.41,-2651089.50,5.29
16:59,102832.10,33.00,15.92,102916.25,27.94,32.42,-2644937.50,5.65
17:0,102832.10,33.10,15.66,102915.30,27.39,32.59,-2645792.00,5.87
17:1,102845.80,32.93,15.74,102920.44,26.42,35.10,-2622549.75,4.32
17:2,102834.10,32.72,15.97,102919.77,26.67,34.21,-2622365.50,4.03
17:3,102830.89,32.60,16.15,102917.14,26.63,34.32,-2624154.75,4.54
17:4,102834.67,32.80,15.91,102914.13,27.76,32.21,-2625686.75,5.74
17:5,102833.55,32.90,15.91,102920.61,26.79,33.78,-2631526.25,5.32
17:6,102833.61,32.97,15.76,102909.25,26.16,34.98,-2631133.75,5.34
17:7,102829.74,32.85,15.94,102909.52,26.93,33.92,-2634038.00,5.99
17:8,102823.50,33.08,15.91,102910.35,28.02,31.56,-2632292.75,5.07
17:9,102828.36,33.19,15.82,102906.10,27.96,31.55,-2631412.50,4.67
17:10,102829.25,32.76,15.83,102906.66,26.39,34.87,-2632045.00,4.55
17:11,102828.25,32.99,15.88,102910.54,27.97,30.98,-2635713.25,5.06
17:12,102830.35,33.08,15.67,102908.86,27.14,32.94,-2626770.50,4.82
17:13,102818.38,32.87,15.79,102902.30,28.02,30.84,-2626374.75,4.33
17:14,102819.11,33.04,15.73,102899.99,28.39,30.85,-2627204.50,4.99
17:15,102823.52,33.20,15.78,102908.75,28.62,30.15,-2626586.00,4.05
17:16,102818.41,33.30,15.61,102906.71,29.03,29.15,-2629040.50,5.50
17:17,102816.85,33.53,15.58,102901.28,29.42,29.20,-2628619.50,4.68
17:18,102822.32,33.47,15.47,102903.19,27.70,31.30,-2626698.50,5.92
17:19,102826.12,33.14,15.50,102901.27,26.80,33.33,-2627686.50,5.18
17:20,102810.99,32.63,15.79,102899.96,26.40,34.51,-2593247.50,5.05
17:21,102816.50,32.78,15.85,102892.96,27.35,32.03,-2615738.75,6.08
17:22,102831.05,32.96,15.80,102901.57,26.71,34.10,-2615191.50,5.89
17:23,102816.75,32.76,15.98,102900.75,26.88,34.07,-2611023.75,5.49
17:24,102824.14,32.92,15.83,102896.53,27.30,32.81,-2616920.50,5.26
17:25,102823.85,32.95,15.78,102897.78,26.56,34.51,-2485454.00,4.00
17:26,102819.92,32.94,15.96,102893.77,27.74,33.05,-2576137.50,4.56
17:27,102828.70,33.04,15.78,102901.75,26.71,33.87,-2521068.50,5.12
17:28,102817.49,32.86,15.70,102900.74,26.98,33.19,-2544447.75,4.61
17:29,102820.60,32.87,15.89,102894.16,26.40,35.17,-2529857.25,5.78
17:30,102815.29,32.90,15.95,102892.49,27.67,32.34,-2502256.25,5.78
17:31,102812.03,33.35,15.76,102898.81,28.16,31.12,-2561772.25,5.27
17:32,102813.41,33.35,15.60,102895.39,27.83,31.71,-2503120.00,5.48
17:33,102810.86,33.10,15.59,102896.85,26.63,33.75,-2574156.50,4.14
17:34,102820.99,33.14,15.70,102897.58,27.83,31.66,-2529123.75,5.85
17:35,102817.26,33.35,15.65,102896.00,27.89,31.53,-2538271.25,5.35
17:36,102811.47,33.15,15.58,102895.35,26.58,33.99,-2577661.25,5.48
17:37,102820.14,33.19,15.73,102894.21,27.19,32.78,-2616617.25,5.54
17:38,102818.61,32.83,15.57,102899.12,25.30,36.53,-2666438.50,5.32
17:39,102813.75,32.90,15.91,102895.11,27.58,32.01,-2681338.50,6.05
17:40,102822.17,33.24,15.75,102896.19,28.03,30.84,-2688946.75,4.98
17:41,102812.52,33.34,15.62,102893.82,28.09,30.87,-2689521.50,6.01
17:42,102813.52,33.44,15.53,102893.83,28.73,29.55,-2691548.00,6.12
17:43,102809.75,33.56,15.54,102903.23,29.11,29.46,-2691196.25,5.46
17:44,102807.50,33.51,15.47,102896.17,28.61,29.81,-2691764.75,5.16
17:45,102812.78,33.64,15.41,102896.50,28.97,29.02,-2692678.75,4.80
17:46,102807.33,33.47,15.48,102889.46,28.33,30.27,-2693694.75,5.66
17:47,102809.82,33.21,15.41,102889.90,27.13,32.38,-2694481.75,6.01
17:48,102803.72,33.22,15.75,102890.05,28.56,30.84,-2696190.75,5.16
17:49,102813.07,33.71,15.70,102892.46,28.71,30.28,-2695982.50,6.07
17:50,102820.21,33.78,15.38,102899.08,29.05,29.43,-2695465.50,5.70
17:51,102816.27,33.78,15.30,102894.71,29.37,28.59,-2696128.50,5.82
17:52,102817.81,33.78,15.27,102898.50,28.74,29.68,-2695132.25,6.14
17:53,102819.91,33.50,15.38,102889.74,27.15,32.76,-2696519.50,5.61
17:54,102804.33,33.52,15.55,102885.26,27.74,31.69,-2698282.50,5.95
17:55,102810.86,33.73,15.51,102890.83,28.52,30.67,-2697846.50,4.78
17:56,102812.82,33.70,15.38,102887.32,27.73,31.66,-2698154.75,6.12
17:57,102810.19,33.76,15.32,102891.93,28.66,29.34,-2697672.00,4.05
17:58,102806.49,33.57,15.22,102883.43,27.73,31.79,-2697750.50,5.39
17:59,102810.22,33.67,15.46,102884.53,28.22,30.45,-2704972.25,6.04
18:0,102799.64,33.56,15.31,102889.30,26.97,32.82,-2702672.00,5.77
18:1,102789.36,33.54,15.48,102880.84,27.21,32.54,-2704137.25,5.96
18:2,102806.41,33.56,15.36,102882.02,27.20,32.15,-2705933.50,4.69
18:3,102807.00,33.57,15.36,102880.33,26.94,33.01,-2705923.50,4.67
18:4,102795.83,33.49,15.44,102881.60,27.49,32.58,-2705500.75,4.67
18:5,102782.77,33.60,15.45,102874.82,27.22,32.58,-2703392.75,4.65
18:6,102799.88,33.70,15.38,102875.91,28.22,31.04,-2703535.50,6.32
18:7,102788.74,33.74,15.28,102878.96,28.84,29.55,-2702340.50,5.42
18:8,102800.58,33.76,15.34,102880.52,28.64,30.02,-2702147.00,6.09
18:9,102796.43,33.91,15.27,102883.60,28.78,29.47,-2700995.25,5.11
18:10,102791.55,33.71,15.33,102876.10,27.19,32.48,-2702368.50,6.28
18:11,102803.92,33.57,15.44,102876.21,26.79,33.95,-2704880.50,5.39
18:12,102805.25,33.66,15.40,102874.07,27.74,31.56,-2704795.50,4.81
18:13,102796.57,33.65,15.40,102874.50,27.99,31.44,-2705453.25,5.06
18:14,102789.48,33.61,15.34,102872.50,27.13,32.97,-2705690.75,5.90
18:15,102795.39,33.33,15.26,102880.61,25.26,36.22,-2707302.75,6.07
18:16,102804.58,33.22,15.53,102871.82,25.85,34.95,-2707837.50,4.45
18:17,102790.14,33.25,15.69,102866.88,26.11,34.64,-2708464.00,4.67
18:18,102787.46,33.50,15.37,102871.49,27.08,33.09,-2709058.00,6.26
18:19,102783.55,33.60,15.53,102870.92,27.43,32.59,-2709064.50,4.58
18:20,102797.46,33.71,15.35,102872.75,28.02,31.05,-2708756.00,4.24
18:21,102786.78,33.83,15.48,102870.88,28.20,31.23,-2709444.75,4.33
18:22,102789.54,33.90,15.17,102870.56,28.22,30.71,-2708494.75,4.08
18:23,102790.43,33.91,15.09,102875.56,28.83,28.96,-2709191.75,4.40
18:24,102796.42,33.93,15.17,102877.19,28.65,30.01,-2707978.75,5.01
18:25,102790.91,33.86,15.04,102871.52,28.31,29.84,-2705077.50,5.36
18:26,102796.16,33.93,15.09,102875.41,29.05,29.16,-2703490.25,6.01
18:27,102796.21,33.77,15.18,102869.49,27.23,32.10,-2704706.50,4.98
18:28,102802.07,33.64,15.32,102866.83,26.88,32.54,-2706010.00,5.34
18:29,102778.25,33.62,15.24,102864.52,27.47,31.94,-2705401.50,5.85
18:30,102778.94,33.68,15.33,102863.94,27.84,31.43,-2704127.50,5.12
18:31,102773.16,33.81,15.07,102870.32,28.40,29.75,-2703158.50,4.29
18:32,102782.80,33.95,15.26,102868.80,28.38,30.94,-2703407.25,5.19
18:33,102788.52,34.10,15.12,102861.89,27.35,32.05,-2703138.50,5.17
18:34,102787.23,33.80,15.28,102862.74,27.05,33.28,-2704474.00,5.63
18:35,102784.38,33.78,15.29,102864.07,26.36,34.12,-2704601.75,4.13
18:36,102781.63,33.79,15.13,102866.29,26.51,33.69,-2704989.50,4.72
18:37,102781.55,33.77,15.07,102862.42,27.23,32.23,-2704034.00,4.55
18:38,102784.10,33.70,15.12,102860.89,27.46,31.73,-2704375.50,6.23
18:39,102776.67,33.82,15.20,102856.24,27.51,31.57,-2704965.25,5.50
18:40,102778.67,33.64,15.07,102857.54,25.94,34.56,-2704201.25,4.98
18:41,102784.77,33.34,15.42,102859.86,25.84,35.19,-2705459.50,5.45
18:42,102777.42,33.53,15.25,102859.05,27.17,32.17,-2705132.50,6.22
18:43,102778.08,33.68,15.17,102856.76,27.75,31.03,-2705870.00,4.33
18:44,102773.82,33.75,15.13,102855.85,28.02,31.03,-2706922.75,4.63
18:45,102779.76,33.76,15.17,102857.83,27.36,32.19,-2706972.00,5.65
18:46,102783.62,33.45,15.29,102854.74,26.23,34.76,-2707822.50,5.25
18:47,102787.51,33.67,15.26,102856.55,27.08,33.08,-2709515.25,4.73
18:48,102774.47,33.93,15.25,102853.44,27.85,31.76,-2709674.00,4.10
18:49,102781.83,34.06,15.19,102850.19,27.77,31.82,-2708377.25,5.88
18:50,102781.75,34.10,15.09,102845.78,28.04,31.45,-2711018.50,4.05
18:51,102786.89,34.24,15.05,102852.15,28.25,30.82,-2711115.75,4.12
18:52,102772.41,34.18,15.03,102849.78,27.87,31.58,-2711685.75,5.39
18:53,102774.00,34.09,15.12,102852.56,27.72,31.84,-2710596.00,5.14
18:54,102781.53,33.75,15.08,102850.24,27.21,31.87,-2711981.00,5.53
18:55,102776.10,33.88,15.05,102853.14,28.01,30.03,-2712676.75,5.47
18:56,102778.47,34.03,14.96,102853.24,28.63,29.44,-2713010.00,4.68
18:57,102775.37,34.06,14.96,102853.49,28.70,29.60,-2714141.00,5.36
18:58,102775.72,34.05,15.02,102847.32,27.90,31.10,-2713877.00,4.45
18:59,102776.35,33.89,14.80,102857.24,26.41,32.69,-2715444.75,5.82
19:0,102776.11,33.67,15.04,102848.43,26.74,32.98,-2715223.50,4.05
19:1,102773.13,33.70,15.08,102849.89,26.52,33.16,-2717344.25,5.75
19:2,102781.33,33.63,15.05,102855.70,26.83,32.80,-2715802.50,5.09
19:3,102777.38,33.84,15.00,102853.53,27.43,31.84,-2715876.25,4.10
19:4,102776.78,33.89,15.06,102858.86,27.36,32.09,-2716208.75,4.24
19:5,102781.07,33.94,14.94,102854.25,27.88,30.62,-2716416.00,5.52
19:6,102773.97,33.95,14.92,102850.46,27.56,31.18,-2716444.00,4.80
19:7,102771.28,33.90,14.88,102851.86,27.36,31.69,-2717615.75,5.41
19:8,102770.12,33.66,15.17,102851.86,26.40,33.53,-2721796.00,4.09
19:9,102781.17,33.92,15.24,102849.41,27.19,32.95,-2721500.00,5.30
19:10,102768.11,34.23,15.04,102848.22,28.17,30.87,-2722271.00,4.89
19:11,102775.57,34.46,14.95,102852.39,28.46,30.41,-2720759.25,4.47
19:12,102778.42,34.33,14.87,102847.10,26.27,34.20,-2720188.50,5.30
19:13,102777.11,34.12,14.88,102850.47,26.95,32.74,-2721895.25,5.19
19:14,102774.47,34.14,14.84,102844.82,26.97,32.50,-2721697.50,6.17
19:15,102774.70,34.08,14.97,102847.74,25.81,34.67,-2723282.00,4.62
19:16,102770.07,34.12,14.84,102848.32,27.05,32.84,-2724577.50,5.66
19:17,102766.90,34.16,14.84,102850.13,28.00,30.80,-2724868.50,4.78
19:18,102768.02,34.16,14.85,102842.27,26.95,32.76,-2724495.50,5.25
19:19,102773.59,34.08,14.83,102844.92,27.46,31.67,-2724119.25,4.00
19:20,102760.83,34.21,14.97,102843.13,27.67,31.86,-2726367.50,5.36
19:21,102776.53,34.34,14.73,102843.67,28.05,30.89,-2724747.00,5.95
19:22,102769.58,34.30,14.62,102843.79,28.09,30.11,-2725400.50,4.09
19:23,102768.78,34.24,14.72,102841.33,27.63,30.98,-2725802.50,4.91
19:24,102766.28,34.06,14.96,102845.56,26.05,34.58,-2724453.25,5.30
19:25,102766.15,33.89,14.83,102845.41,26.17,33.54,-2727745.50,5.22
19:26,102768.88,33.87,14.75,102845.39,26.48,32.58,-2727962.75,4.62
19:27,102759.13,33.93,14.98,102848.21,27.12,31.81,-2728783.00,5.05
19:28,102767.59,33.81,14.83,102846.66,26.33,33.21,-2728652.75,4.23
19:29,102767.41,33.78,14.87,102846.89,26.99,31.98,-2728866.00,4.64
19:30,102766.81,34.00,15.13,102844.24,27.62,32.39,-2731003.50,4.71
19:31,102770.35,34.27,14.82,102846.75,27.91,30.62,-2728603.50,4.39
19:32,102776.96,34.22,14.63,102845.41,27.33,30.96,-2729598.50,5.04
19:33,102774.01,34.17,14.86,102844.36,27.26,31.73,-2730490.00,5.26
19:34,102775.14,34.20,14.80,102842.63,27.23,31.96,-2730937.50,5.12
19:35,102766.64,34.24,15.07,102841.52,27.14,32.73,-2731378.00,4.78
19:36,102768.13,34.33,14.78,102839.67,27.28,32.06,-2731074.00,4.91
19:37,102770.08,34.46,14.86,102844.74,27.30,32.25,-2733061.25,3.86
19:38,102773.78,34.49,14.70,102846.89,26.86,32.51,-2732715.50,5.61
19:39,102774.99,34.33,14.76,102846.21,27.34,32.52,-2734825.50,4.18
19:40,102770.44,34.41,14.65,102843.65,27.28,31.81,-2734457.50,5.79
19:41,102774.46,34.42,14.75,102842.42,27.34,32.11,-2732711.50,4.13
19:42,102770.67,34.47,14.74,102842.30,27.40,31.72,-2731244.00,4.74
19:43,102768.82,34.33,14.67,102842.22,26.30,34.04,-2730866.25,5.95
19:44,102766.42,34.40,14.86,102838.35,26.80,33.86,-2732542.50,5.54
19:45,102762.14,34.53,14.65,102843.88,26.99,32.34,-2730697.50,6.11
19:46,102764.71,34.50,14.74,102840.64,26.55,34.02,-2731036.00,6.11
19:47,102765.91,34.64,14.79,102837.46,26.85,33.89,-2731173.50,4.67
19:48,102765.83,34.70,14.71,102841.07,26.94,33.47,-2732336.75,5.97
19:49,102761.11,34.69,14.46,102834.53,26.68,33.32,-2733434.50,5.61
19:50,102762.88,34.42,14.66,102836.03,25.74,34.95,-2733439.50,5.27
19:51,102759.46,34.26,14.79,102837.81,25.07,37.10,-2735182.50,5.69
19:52,102758.35,34.18,14.89,102837.19,25.57,35.09,-2738670.50,4.65
19:53,102763.05,34.27,14.73,102836.75,25.94,34.69,-2739012.75,6.05
19:54,102761.50,34.32,14.68,102833.13,25.89,34.30,-2744328.00,4.19
19:55,102759.63,34.19,14.71,102834.05,25.50,35.48,-2745303.00,3.94
19:56,102753.44,34.15,14.75,102832.57,25.31,35.64,-2747684.50,4.90
19:57,102761.16,34.12,14.85,102831.39,25.77,35.51,-2748521.75,5.25
19:58,102757.36,34.02,14.86,102833.52,24.78,37.81,-2749077.50,3.92
19:59,102754.46,34.04,15.02,102831.57,24.99,37.81,-2751503.25,4.92
20:0,102758.14,34.13,14.90,102826.74,25.09,36.73,-2752230.00,4.98
20:1,102765.27,34.08,14.82,102827.14,25.13,36.91,-2751387.25,5.54
20:2,102764.35,33.94,14.95,102835.27,24.91,37.49,-2752555.50,4.69
20:3,102762.12,33.60,15.04,102836.03,23.73,39.69,-2754274.50,3.97
20:4,102756.39,33.58,15.36,102833.75,23.78,40.44,-2755252.50,4.68
20:5,102762.85,33.65,15.37,102837.09,24.15,38.53,-2755281.50,5.78
20:6,102759.17,33.75,15.20,102833.58,24.81,37.57,-2756518.00,5.08
20:7,102750.16,33.75,15.25,102831.33,24.99,37.15,-2758301.50,5.50
20:8,102763.97,33.78,15.21,102833.51,24.68,37.53,-2760555.75,6.04
20:9,102757.05,33.86,15.18,102828.41,25.30,36.51,-2761412.50,4.44
20:10,102761.69,33.94,15.20,102827.48,25.69,34.79,-2762369.75,4.90
20:11,102762.55,33.94,15.17,102825.21,25.66,35.99,-2763742.50,5.96
20:12,102762.70,33.99,15.19,102830.29,25.58,36.31,-2763230.00,4.72
20:13,102761.66,34.17,15.10,102830.27,25.94,35.29,-2761314.00,5.40
20:14,102769.06,34.19,15.02,102831.46,25.72,35.68,-2760978.00,6.08
20:15,102764.78,34.14,15.08,102832.80,25.23,37.12,-2759493.50,5.68
20:16,102764.49,34.09,15.08,102835.57,24.39,39.30,-2759770.75,4.25
20:17,102751.14,33.95,15.22,102834.71,24.19,39.45,-2760379.25,5.43
20:18,102761.32,34.04,15.04,102828.27,24.63,38.46,-2761564.50,4.38
20:19,102765.18,34.12,15.02,102832.30,24.95,37.58,-2762328.00,6.10
20:20,102759.11,34.19,15.03,102830.83,24.93,38.14,-2762869.25,6.08
20:21,102764.50,34.23,15.01,102830.09,25.24,37.48,-2763294.75,5.32
20:22,102747.63,34.22,15.00,102835.45,24.89,38.10,-2763684.00,4.25
20:23,102759.63,34.27,14.98,102828.13,25.14,37.50,-2764594.50,4.40
20:24,102763.49,34.31,15.03,102835.64,25.38,37.68,-2765054.75,4.78
20:25,102761.76,34.28,15.05,102836.80,24.70,39.46,-2765582.50,5.04
20:26,102759.44,34.28,15.04,102830.92,24.50,38.54,-2765984.75,4.72
20:27,102760.23,34.30,15.08,102830.47,24.65,38.91,-2766442.00,3.96
20:28,102763.75,34.33,14.97,102831.97,24.69,39.39,-2766953.25,6.08
20:29,102756.28,34.37,15.13,102828.82,24.86,39.33,-2767212.50,5.32
20:30,102763.31,34.35,15.09,102827.52,23.66,41.79,-2767740.75,4.67
20:31,102757.82,34.31,15.06,102833.26,23.99,41.43,-2768579.50,5.10
20:32,102762.28,34.35,15.15,102829.38,23.79,41.72,-2769915.50,4.91
20:33,102762.82,34.37,15.07,102829.86,23.83,41.72,-2770329.25,5.86
20:34,102761.94,34.26,15.06,102832.47,23.80,40.79,-2769846.00,5.65
20:35,102756.96,34.23,15.12,102828.64,23.70,42.50,-2770740.50,5.99
20:36,102757.22,34.23,15.13,102824.27,23.59,42.29,-2771558.75,4.95
20:37,102756.45,34.23,15.17,102830.44,23.73,41.46,-2771122.00,4.87
20:38,102760.22,34.14,15.12,102827.14,23.64,41.26,-2771365.25,5.23
20:39,102758.83,34.05,15.14,102826.25,23.33,42.16,-2772332.50,5.24
20:40,102767.39,34.02,15.20,102829.33,23.65,41.37,-2772512.00,4.59
20:41,102758.11,33.95,15.22,102829.65,23.26,42.76,-2773257.50,4.03
20:42,102757.75,33.92,15.38,102829.01,23.37,43.07,-2773814.50,4.74
20:43,102757.21,34.00,15.29,102831.28,23.22,43.31,-2774216.50,4.02
20:44,102748.91,33.95,15.31,102825.78,23.19,43.62,-2775165.50,5.41
20:45,102768.72,33.84,15.44,102821.47,22.98,44.14,-2775213.50,4.05
20:46,102747.30,33.92,15.31,102821.25,23.29,42.14,-2775478.50,6.06
20:47,102750.74,33.95,15.27,102822.36,23.33,43.08,-2776204.00,5.12
20:48,102754.40,33.94,15.51,102821.38,22.92,45.22,-2776512.50,4.47
20:49,102756.49,33.95,15.35,102822.84,22.95,43.79,-2776874.75,5.48
20:50,102753.63,33.85,15.42,102827.30,22.74,45.05,-2777574.75,4.41
20:51,102755.50,33.83,15.45,102828.05,22.87,44.01,-2777681.25,5.14
20:52,102747.10,33.86,15.44,102823.89,23.05,43.37,-2777967.50,4.83
20:53,102763.03,33.83,15.32,102825.96,22.79,43.94,-2778620.50,5.28
20:54,102753.61,33.76,15.46,102826.20,22.71,44.58,-2779519.50,4.76
20:55,102752.74,33.79,15.49,102823.64,22.82,44.60,-2779562.75,4.30
20:56,102754.13,33.77,15.44,102824.89,23.07,42.88,-2779964.75,5.75
20:57,102750.60,33.79,15.40,102822.15,22.98,43.82,-2780521.50,5.37
20:58,102756.77,33.75,15.48,102827.88,22.60,45.46,-2780949.25,4.98
20:59,102753.57,33.67,15.66,102824.49,22.40,46.98,-2781822.00,5.10
21:0,102751.97,33.69,15.55,102826.29,22.38,45.14,-2782106.75,5.39
21:1,102756.32,33.67,15.53,102830.51,22.40,46.24,-2782781.25,5.26
21:2,102766.75,33.60,15.68,102831.56,22.53,45.93,-2783575.50,5.47
21:3,102762.75,33.61,15.75,102825.45,22.25,47.50,-2784079.25,5.23
21:4,102759.16,33.71,15.66,102827.21,22.26,47.08,-2784417.50,4.85
21:5,102758.03,33.71,15.57,102831.39,22.25,46.38,-2784377.25,4.61
21:6,102758.66,33.69,15.74,102830.37,22.01,47.85,-2784746.00,6.09
21:7,102757.18,33.66,15.78,102831.41,21.89,48.32,-2785502.50,4.96
21:8,102760.02,33.65,15.73,102831.91,21.94,47.69,-2786755.75,4.55
21:9,102758.29,33.66,15.77,102827.87,21.95,49.10,-2786813.25,5.32
21:10,102760.49,33.80,15.64,102834.46,21.72,49.06,-2787579.50,4.88
21:11,102763.12,33.78,15.60,102835.55,21.81,48.92,-2787709.75,4.60
21:12,102767.75,33.77,15.64,102833.69,21.79,49.32,-2788474.75,4.07
21:13,102758.91,33.74,15.67,102833.47,21.59,50.27,-2788583.50,5.37
21:14,102766.88,33.75,15.70,102834.92,21.47,51.26,-2788886.00,5.34
21:15,102766.12,33.73,15.72,102835.50,21.34,50.72,-2789270.50,3.99
21:16,102772.00,33.68,15.76,102837.14,21.28,51.52,-2789182.00,5.43
21:17,102764.81,33.66,15.66,102836.60,21.43,49.36,-2790328.50,6.08
21:18,102770.28,33.61,15.68,102835.39,21.87,47.93,-2791330.00,4.10
21:19,102764.94,33.56,15.63,102835.63,21.75,49.56,-2791882.75,5.58
21:20,102752.00,33.56,15.73,102833.35,21.62,50.05,-2792491.00,5.32
21:21,102769.64,33.56,15.85,102837.18,21.47,50.41,-2793439.25,4.27
21:22,102762.28,33.56,15.86,102837.26,21.31,51.57,-2793465.50,5.16
21:23,102762.27,33.53,15.84,102836.36,21.17,51.23,-2794230.00,4.45
21:24,102769.53,33.50,15.87,102832.53,21.00,52.19,-2795362.75,5.17
21:25,102766.39,33.50,15.71,102834.75,21.16,50.83,-2795000.75,4.34
21:26,102765.42,33.49,15.87,102831.91,21.20,51.24,-2796205.75,5.11
21:27,102763.63,33.47,15.85,102838.85,21.16,52.07,-2796192.00,4.68
21:28,102766.57,33.45,15.96,102835.20,21.05,52.26,-2796738.50,5.97
21:29,102763.92,33.45,16.01,102840.89,21.00,53.28,-2797042.00,5.58
21:30,102767.49,33.47,15.93,102837.65,20.93,52.66,-2797120.50,4.63
21:31,102770.16,33.41,15.93,102837.89,20.99,53.08,-2798504.75,5.40
21:32,102761.27,33.43,16.02,102841.50,20.61,53.90,-2798164.50,4.86
21:33,102773.93,33.39,15.98,102842.95,20.65,54.20,-2798948.00,6.19
21:34,102780.22,33.29,15.95,102838.27,20.69,53.59,-2799643.50,4.07
21:35,102768.33,33.19,16.01,102843.92,20.52,53.57,-2800782.00,4.74
21:36,102765.92,33.16,16.03,102841.60,20.53,53.91,-2800218.00,6.32
21:37,102771.58,33.14,16.15,102845.42,20.50,54.60,-2800964.00,5.41
21:38,102776.45,33.16,16.24,102848.17,20.52,54.69,-2801780.00,4.07
21:39,102772.63,33.17,16.22,102848.02,20.57,54.23,-2802127.25,4.07
21:40,102767.89,33.14,16.18,102845.07,20.44,54.90,-2802328.00,4.20
21:41,102776.03,33.13,16.09,102847.26,20.38,53.54,-2802903.50,5.34
21:42,102776.75,33.06,16.26,102849.39,20.30,54.81,-2803173.50,5.35
21:43,102772.10,33.04,16.20,102851.50,20.34,53.70,-2804424.00,5.63
21:44,102783.22,32.98,16.20,102850.77,20.39,53.53,-2804384.50,5.34
21:45,102788.50,32.97,16.31,102855.46,20.06,56.85,-2805272.25,4.07
21:46,102787.90,32.94,16.32,102859.38,20.00,56.05,-2806596.50,5.41
21:47,102781.50,32.93,16.26,102859.78,20.14,55.88,-2806515.75,4.83
21:48,102789.10,32.87,16.27,102854.32,19.87,56.93,-2807196.50,5.25
21:49,102787.46,32.84,16.32,102855.24,19.83,57.30,-2807482.75,4.47
21:50,102793.16,32.81,16.35,102860.89,19.83,56.72,-2808290.75,5.47
21:51,102793.39,32.78,16.31,102856.50,19.80,56.42,-2809048.00,5.58
21:52,102791.10,32.70,16.33,102862.38,19.96,56.29,-2809203.50,5.32
21:53,102790.42,32.68,16.41,102863.30,19.90,57.03,-2809640.50,5.28
21:54,102790.14,32.67,16.42,102860.31,19.82,56.86,-2810589.50,5.30
21:55,102791.50,32.65,16.44,102864.05,19.86,55.97,-2810809.75,5.14
21:56,102800.66,32.64,16.42,102867.69,19.78,56.72,-2811514.50,4.52
21:57,102796.92,32.59,16.50,102864.49,19.73,57.21,-2813052.50,6.10
21:58,102787.77,32.59,16.51,102866.26,19.76,57.39,-2812804.00,4.14
21:59,102785.80,32.57,16.44,102865.34,19.40,59.05,-2813482.75,4.92
22:0,102799.31,32.46,16.54,102862.21,19.40,58.98,-2814264.50,5.18
22:1,102798.57,32.51,16.52,102865.36,19.39,58.73,-2814300.50,4.61
22:2,102800.28,32.49,16.52,102865.35,19.43,59.94,-2815299.75,4.01
22:3,102797.38,32.50,16.50,102869.21,19.53,58.92,-2815783.00,4.46
22:4,102801.19,32.49,16.56,102870.94,19.55,58.85,-2817705.25,4.73
22:5,102804.56,32.49,16.58,102872.96,19.67,58.14,-2817436.50,4.14
22:6,102796.49,32.48,16.65,102873.21,19.68,58.05,-2818662.25,6.23
22:7,102800.63,32.52,16.55,102876.60,19.64,58.69,-2818481.50,5.48
22:8,102798.57,32.51,16.61,102872.35,19.64,57.94,-2819718.00,4.83
22:9,102799.53,32.45,16.66,102867.17,19.61,57.96,-2819089.00,5.34
22:10,102803.41,32.45,16.71,102867.14,19.40,58.45,-2820352.75,4.92
22:11,102794.57,32.45,16.66,102866.21,19.48,57.75,-2819895.25,4.99
22:12,102797.32,32.39,16.54,102864.97,19.44,57.58,-2820920.00,5.98
22:13,102796.91,32.33,16.68,102869.39,19.28,59.13,-2821808.25,5.45
22:14,102803.46,32.29,16.76,102870.12,19.00,60.82,-2822262.50,5.57
22:15,102799.53,32.27,16.72,102870.92,18.97,60.19,-2823162.50,4.14
22:16,102804.67,32.21,16.62,102869.61,19.12,58.99,-2823964.00,5.52
22:17,102803.18,32.18,16.66,102865.92,19.18,58.67,-2824518.75,5.05
22:18,102806.57,32.15,16.71,102867.11,19.05,59.73,-2824537.25,4.96
22:19,102797.81,32.11,16.71,102867.79,19.15,58.98,-2825824.75,6.19
22:20,102797.89,32.09,16.71,102867.87,19.19,59.21,-2826321.50,5.22
22:21,102800.75,32.05,16.80,102870.92,19.44,58.15,-2827052.75,5.59
22:22,102803.11,32.03,16.83,102871.82,19.17,59.03,-2826801.25,4.60
22:23,102796.39,32.12,16.66,102871.29,19.05,59.71,-2828150.50,4.56
22:24,102803.91,32.12,16.63,102873.54,19.28,58.32,-2827909.50,5.01
22:25,102811.22,32.09,16.68,102874.60,19.14,59.06,-2828028.00,4.58
22:26,102805.03,32.06,16.69,102874.09,19.06,60.14,-2829682.75,5.48
22:27,102806.96,32.02,16.78,102879.93,18.97,61.10,-2829965.50,6.12
22:28,102805.89,31.98,16.74,102875.34,18.87,60.35,-2830359.25,4.33
22:29,102805.21,31.93,16.77,102878.92,19.28,59.38,-2831518.25,4.25
22:30,102811.66,31.94,16.80,102879.85,19.20,58.91,-2833166.75,6.17
22:31,102807.05,31.95,16.90,102879.55,19.02,60.11,-2833343.25,5.28
22:32,102810.30,31.96,16.75,102882.03,18.80,61.22,-2833052.50,4.07
22:33,102812.95,31.96,16.76,102881.99,19.10,60.52,-2834090.00,5.17
22:34,102811.61,31.97,16.80,102879.75,18.84,60.64,-2835061.50,5.47
22:35,102815.42,31.93,16.92,102885.55,18.68,61.90,-2836864.50,4.87
22:36,102820.52,31.92,16.85,102886.13,18.69,61.52,-2836118.75,5.34
22:37,102813.72,31.89,16.96,102887.42,18.63,61.70,-2836513.25,4.68
22:38,102816.96,31.86,16.93,102883.08,18.47,61.91,-2836348.00,4.33
22:39,102820.46,31.87,17.00,102885.75,18.51,62.42,-2837542.25,3.98
22:40,102820.30,31.88,16.91,102885.14,18.50,62.55,-2838019.25,4.14
22:41,102809.70,31.86,16.92,102883.75,18.63,61.77,-2839776.75,5.23
22:42,102816.07,31.92,16.77,102883.46,18.58,62.09,-2839190.75,4.57
22:43,102812.64,31.92,16.74,102886.21,18.36,63.36,-2840017.50,5.50
22:44,102815.21,31.72,16.96,102883.10,18.23,63.84,-2840737.00,5.99
22:45,102814.10,31.66,16.97,102884.05,18.34,63.47,-2842052.00,5.98
22:46,102819.61,31.67,16.92,102883.38,18.40,62.77,-2842841.25,5.27
22:47,102810.50,31.65,17.01,102882.71,18.77,61.11,-2842461.50,5.33
22:48,102813.07,31.65,17.02,102883.58,18.51,62.51,-2843426.50,5.42
22:49,102813.89,31.69,16.97,102881.32,18.53,61.82,-2844236.50,4.59
22:50,102813.75,31.66,16.95,102881.29,18.60,61.13,-2845215.75,5.25
22:51,102820.34,31.67,17.02,102882.53,18.51,62.10,-2845328.50,3.96
22:52,102814.74,31.67,16.95,102882.63,18.62,60.86,-2847127.50,5.52
22:53,102813.25,31.67,17.01,102882.25,18.63,61.28,-2846566.00,5.32
22:54,102811.14,31.68,16.98,102883.94,18.49,61.87,-2846458.50,4.63
22:55,102816.88,31.63,17.09,102886.41,18.47,61.73,-2847888.00,5.22
22:56,102818.88,31.64,17.03,102885.40,18.38,62.84,-2847996.75,3.98
22:57,102822.25,31.62,17.02,102886.03,18.35,62.94,-2848378.75,5.03
22:58,102822.25,31.62,17.05,102886.08,18.42,62.49,-2848640.00,4.34
22:59,102817.03,31.61,17.08,102885.14,18.45,62.60,-2849342.50,4.92
23:0,102818.14,31.61,17.09,102884.77,18.35,62.74,-2849642.00,4.24
23:1,102809.56,31.57,17.11,102884.92,18.22,63.55,-2850509.25,5.50
23:2,102818.49,31.55,17.05,102886.74,18.15,63.42,-2851382.50,5.62
23:3,102819.71,31.49,17.00,102885.35,18.11,63.53,-2853087.50,4.98
23:4,102811.33,31.44,17.02,102883.63,18.22,62.63,-2852171.50,5.22
23:5,102808.16,31.36,17.09,102886.99,18.09,63.82,-2853391.50,4.82
23:6,102816.27,31.36,17.12,102884.17,18.31,63.15,-2854219.25,4.72
23:7,102829.89,24.78,36.80,102883.55,18.46,61.61,-2855181.75,0.61
23:8,102834.91,18.96,66.07,102883.22,18.27,64.69,-2855062.75,0.35
23:9,102832.38,19.48,57.96,102886.89,17.92,65.90,-2855728.75,0.35
23:10,102820.55,26.85,28.66,102884.67,17.68,66.81,-2856340.50,5.28
23:11,102814.23,30.58,19.07,102885.77,18.08,64.05,-2857580.50,5.24
23:12,102817.53,31.13,17.94,102881.54,18.30,62.76,-2857498.50,5.25
23:13,102822.24,31.14,17.81,102881.17,18.26,63.39,-2857670.00,5.07
23:14,102821.35,31.17,17.62,102884.63,18.07,64.73,-2858804.50,5.15
23:15,102810.38,31.19,17.59,102882.21,18.04,64.12,-2858603.25,5.32
23:16,102812.58,31.25,17.50,102885.03,18.01,64.14,-2859439.50,5.21
23:17,102819.54,31.27,17.43,102881.35,18.08,63.92,-2859379.25,4.56
23:18,102822.19,31.31,17.41,102881.19,18.19,63.32,-2860252.50,4.76
23:19,102815.41,31.34,17.31,102880.21,18.20,63.88,-2860854.50,4.13
23:20,102813.25,31.40,17.38,102887.05,18.08,64.69,-2861280.00,4.45
23:21,102816.37,31.43,17.27,102886.21,18.12,63.24,-2861522.75,5.00
23:22,102816.11,31.44,17.33,102888.97,17.98,65.31,-2862134.00,6.09
23:23,102818.73,31.47,17.26,102889.16,18.07,64.46,-2862858.25,5.79
23:24,102814.03,31.48,17.22,102885.42,18.03,64.48,-2863408.75,4.87
23:25,102816.50,31.47,17.18,102887.21,17.98,64.84,-2864482.00,4.76
23:26,102824.18,31.45,17.28,102889.30,17.80,66.18,-2864520.25,4.63
23:27,102823.28,31.37,17.31,102890.63,17.97,64.98,-2865494.50,4.09
23:28,102817.24,31.31,17.31,102891.58,18.14,63.83,-2866142.50,4.58
23:29,102817.58,31.28,17.32,102887.14,18.02,64.70,-2866370.50,4.13
23:30,102817.96,31.25,17.42,102888.82,17.76,66.32,-2867515.00,3.95
23:31,102829.02,31.31,17.38,102889.88,18.09,63.97,-2867831.50,5.65
23:32,102818.57,31.34,17.47,102891.71,17.91,65.17,-2868532.50,4.56
23:33,102815.46,31.39,17.44,102891.60,17.87,66.39,-2868850.00,5.39
23:34,102821.10,31.39,17.45,102892.49,17.99,65.07,-2869508.00,4.76
23:35,102815.59,31.37,17.40,102888.77,17.82,65.86,-2869406.50,4.33
23:36,102818.94,31.31,17.39,102888.50,17.58,66.87,-2871529.00,6.12
23:37,102818.02,31.29,17.36,102890.58,17.42,68.21,-2870957.50,4.96
23:38,102820.00,31.24,17.44,102887.89,17.48,67.74,-2871456.50,4.50
23:39,102826.78,31.21,17.44,102887.03,17.54,66.73,-2872319.25,4.09
23:40,102823.75,31.23,17.43,102885.18,17.79,65.58,-2873263.50,5.26
23:41,102811.76,31.22,17.43,102882.35,17.85,65.63,-2873837.50,4.32
23:42,102817.39,31.22,17.49,102882.67,17.73,66.44,-2874076.75,4.96
23:43,102815.99,31.24,17.52,102884.41,17.91,65.01,-2874876.50,4.49
23:44,102815.52,31.27,17.43,102884.79,17.74,65.75,-2875349.00,4.07
23:45,102818.85,31.26,17.40,102885.48,17.90,63.86,-2875707.25,5.00
23:46,102826.35,31.20,17.45,102885.33,17.69,65.39,-2876922.00,4.03
23:47,102823.40,31.18,17.47,102885.16,17.76,64.02,-2878197.50,6.05
23:48,102821.52,31.18,17.44,102886.50,17.80,64.44,-2878144.00,4.42
23:49,102816.30,31.15,17.42,102890.12,17.63,65.64,-2878876.50,6.04
23:50,102824.03,31.14,17.37,102887.22,17.68,65.32,-2879040.75,4.00
23:51,102818.55,31.11,17.40,102889.72,17.54,66.48,-2879221.50,4.42
23:52,102826.66,31.12,17.48,102886.07,17.65,65.82,-2880239.25,5.23
23:53,102821.31,31.08,17.56,102887.21,17.47,67.06,-2880785.50,4.12
23:54,102814.60,31.03,17.51,102886.00,17.21,68.28,-2880995.75,4.89
23:55,102810.17,30.94,17.46,102885.16,17.30,67.39,-2881991.50,4.16
23:56,102813.77,30.89,17.43,102881.59,17.72,65.20,-2883427.50,5.04
23:57,102808.94,30.86,17.53,102882.63,17.78,65.57,-2883676.50,5.20
23:58,102812.96,30.87,17.56,102881.57,17.49,66.72,-2885736.25,6.16
23:59,102814.32,30.87,17.58,102881.55,17.25,67.41,-2885118.75,4.55
0:0,102820.83,30.83,17.61,102881.71,17.17,68.02,-2885123.25,4.38
0:1,102820.02,30.75,17.66,102881.67,17.25,67.58,-2885952.50,4.51
0:2,102812.85,30.72,17.62,102883.88,17.37,66.91,-2887549.50,5.27
0:3,102810.80,30.72,17.79,102881.80,17.27,67.24,-2887744.50,4.98
0:4,102813.58,30.74,17.69,102881.70,17.36,66.85,-2888699.50,6.04
0:5,102814.31,30.76,17.60,102882.94,17.17,67.53,-2888429.00,5.20
0:6,102809.77,30.74,17.57,102883.77,17.36,64.99,-2889425.50,3.90
0:7,102816.25,30.71,17.58,102879.07,17.22,66.35,-2889794.75,5.74
0:8,102815.52,30.68,17.56,102883.05,17.17,67.01,-2890274.25,4.52
0:9,102815.60,30.67,17.53,102884.84,17.17,66.77,-2891960.75,6.11
0:10,102817.96,30.71,17.57,102885.70,17.09,67.89,-2892279.50,4.51
0:11,102824.95,30.70,17.59,102885.94,17.18,67.08,-2892439.50,5.30
0:12,102820.83,30.65,17.64,102882.66,17.13,67.32,-2892776.50,3.97
0:13,102827.14,30.64,17.53,102882.35,17.21,66.50,-2893057.25,5.35
0:14,102818.85,30.63,17.51,102880.94,17.32,65.75,-2893886.75,5.07
0:15,102821.53,30.60,17.57,102886.00,17.66,64.34,-2894274.25,4.37
0:16,102815.86,30.54,17.69,102885.87,17.39,65.43,-2895190.75,5.07
0:17,102813.22,30.54,17.56,102883.53,17.18,66.69,-2895392.00,5.19
0:18,102817.96,30.47,17.84,102883.92,17.00,68.15,-2895818.75,3.97
0:19,102820.30,30.47,17.74,102885.53,16.93,68.40,-2897087.50,4.78
0:20,102814.60,30.49,17.82,102887.08,17.03,67.38,-2897932.50,4.89
0:21,102822.61,30.50,17.89,102885.19,17.01,68.32,-2897702.75,3.93
0:22,102821.50,30.49,17.82,102880.77,16.81,69.12,-2898780.50,5.07
0:23,102824.00,30.46,17.67,102880.30,16.82,68.68,-2898735.25,4.94
0:24,102820.46,30.38,17.81,102881.80,16.90,67.55,-2899635.25,5.23
0:25,102810.82,30.37,17.75,102880.00,16.92,67.43,-2900362.00,5.30
0:26,102813.59,30.31,17.75,102876.38,16.85,67.89,-2901269.50,4.94
0:27,102813.57,30.29,17.75,102879.46,16.64,69.36,-2901353.50,4.23
0:28,102812.32,30.27,17.71,102882.85,17.03,67.00,-2902063.50,4.07
0:29,102811.97,30.26,17.87,102882.47,16.90,68.32,-2903560.00,6.10
0:30,102818.02,30.25,17.86,102885.25,17.06,66.34,-2903610.00,5.35
0:31,102820.41,30.26,17.78,102882.85,16.87,68.00,-2905201.25,5.52
0:32,102812.85,30.23,17.86,102878.75,16.75,68.23,-2904666.50,5.12
0:33,102826.33,30.20,17.92,102882.38,16.72,68.42,-2905264.75,5.87
0:34,102817.99,30.21,17.82,102885.86,16.85,67.70,-2905848.00,5.44
0:35,102822.91,30.24,17.70,102883.03,17.07,66.05,-2906354.75,5.31
0:36,102821.20,30.23,17.81,102883.07,17.10,66.57,-2907166.50,4.92
0:37,102806.91,30.21,17.82,102880.80,16.89,67.77,-2907500.75,4.92
0:38,102813.36,30.18,17.81,102878.25,16.78,67.87,-2908506.50,5.25
0:39,102809.51,30.15,17.80,102876.39,16.84,67.79,-2908830.50,5.52
0:40,102809.50,30.14,17.80,102879.77,16.95,67.41,-2909784.50,5.16
0:41,102817.19,30.16,17.85,102876.97,17.02,66.57,-2910275.50,4.06
0:42,102808.83,30.15,17.82,102879.16,16.96,67.55,-2912101.50,5.52
0:43,102814.21,30.16,17.91,102879.94,17.18,66.05,-2911195.75,4.25
0:44,102814.50,30.16,17.84,102879.18,16.95,66.96,-2912157.50,5.45
0:45,102813.17,30.15,17.84,102876.17,16.96,67.55,-2912299.50,5.21
0:46,102809.27,30.11,17.99,102874.10,16.84,67.46,-2913151.25,4.15
0:47,102822.14,30.16,17.95,102877.02,16.72,68.36,-2913783.50,5.26
0:48,102809.30,30.13,17.90,102872.95,16.74,68.51,-2914782.75,5.04
0:49,102807.07,30.12,17.80,102871.71,16.93,67.51,-2915301.25,4.20
0:50,102819.08,30.13,17.91,102877.88,16.94,66.78,-2916693.50,4.44
0:51,102812.78,30.07,17.91,102875.91,16.85,67.16,-2916075.25,5.27
0:52,102811.76,30.03,18.01,102880.36,16.63,68.39,-2917149.25,5.17
0:53,102809.89,30.04,17.84,102878.38,16.69,68.04,-2918548.75,5.66
0:54,102811.74,29.94,17.97,102873.25,16.87,67.01,-2918792.75,4.59
0:55,102807.99,29.89,17.99,102873.53,16.78,68.09,-2918972.50,5.21
0:56,102812.85,29.90,18.00,102878.92,16.58,68.80,-2919780.00,5.14
0:57,102805.86,29.85,17.94,102870.59,16.78,66.88,-2920489.50,5.34
0:58,102800.54,29.80,17.94,102867.08,16.76,68.12,-2921066.50,4.16
0:59,102804.53,29.78,18.01,102867.11,16.97,66.79,-2922718.00,4.71
1:0,102805.96,29.82,17.96,102872.89,16.83,67.40,-2924426.50,5.69
1:1,102812.19,29.82,18.02,102875.99,16.70,68.18,-2923863.25,5.13
1:2,102805.71,29.86,18.12,102872.65,16.67,68.67,-2924154.50,5.33
1:3,102807.58,29.91,18.03,102877.39,16.60,69.13,-2924830.50,4.64
1:4,102810.39,29.91,18.05,102882.51,16.48,69.22,-2925648.50,4.81
1:5,102799.65,29.90,17.93,102878.82,16.60,68.41,-2924834.50,4.54
1:6,102803.72,29.84,18.05,102881.03,16.41,69.59,-2925834.00,5.12
1:7,102826.10,29.79,18.12,102882.33,16.29,70.24,-2926623.25,5.06
1:8,102816.11,29.78,18.12,102881.36,16.28,70.05,-2927547.25,5.77
1:9,102807.42,29.78,18.14,102880.14,16.41,69.57,-2927581.75,5.03
1:10,102802.33,29.80,18.22,102880.14,16.34,70.23,-2929649.50,5.10
1:11,102810.21,29.81,18.18,102878.30,16.22,71.14,-2930149.25,6.03
1:12,102800.51,29.77,18.29,102875.87,16.16,71.34,-2929455.25,4.94
1:13,102803.96,29.76,18.18,102876.53,16.28,70.53,-2930226.00,4.74
1:14,102801.74,29.76,18.13,102873.71,16.41,69.78,-2930726.50,4.74
1:15,102799.09,29.75,18.12,102876.39,16.35,69.96,-2932104.75,5.99
1:16,102801.75,29.72,18.10,102872.17,16.40,69.31,-2932061.75,5.41
1:17,102800.78,29.73,18.15,102874.13,16.49,68.91,-2932456.75,4.05
1:18,102802.73,29.73,18.19,102876.10,16.34,70.03,-2933032.50,5.24
1:19,102795.17,29.70,18.21,102875.58,16.28,70.37,-2934117.00,5.28
1:20,102793.50,29.68,18.18,102872.17,16.40,69.37,-2934860.50,4.71
1:21,102803.43,29.66,18.21,102872.08,16.37,70.50,-2935457.75,4.07
1:22,102799.62,29.63,18.17,102868.38,16.27,70.40,-2937341.50,5.49
1:23,102789.97,29.62,18.11,102867.21,16.53,67.75,-2936196.00,5.18
1:24,102801.49,29.57,18.10,102858.36,16.83,66.41,-2937339.50,5.96
1:25,102796.38,29.57,18.22,102863.00,16.97,66.72,-2938560.50,5.11
1:26,102792.74,29.60,18.23,102864.85,16.47,69.44,-2940050.75,6.09
1:27,102793.60,29.61,18.12,102864.78,16.35,69.53,-2939906.50,4.86
1:28,102792.04,29.59,18.25,102867.51,16.23,69.78,-2940466.00,4.41
1:29,102795.38,29.61,18.23,102864.26,16.32,69.65,-2941155.00,4.72
1:30,102798.92,29.62,18.23,102865.66,16.21,70.67,-2941181.50,5.11
1:31,102794.25,29.63,18.34,102864.55,16.29,70.09,-2941836.75,4.96
1:32,102799.55,29.65,18.20,102864.82,16.33,69.21,-2942939.25,5.90
1:33,102794.00,29.64,18.16,102863.32,16.43,68.93,-2943072.50,5.01
1:34,102793.34,29.65,18.26,102869.90,16.38,69.61,-2943870.00,6.07
1:35,102799.89,29.64,18.30,102868.49,16.36,69.42,-2944021.25,4.75
1:36,102804.32,29.65,18.20,102871.54,16.28,69.98,-2944750.50,5.75
1:37,102804.88,29.62,18.25,102870.91,16.21,70.40,-2946351.50,4.78
1:38,102803.46,29.57,18.16,102873.77,16.29,69.65,-2946016.50,5.06
1:39,102804.28,29.52,18.22,102874.71,16.33,70.06,-2947130.75,3.88
1:40,102800.14,29.50,18.19,102873.96,16.21,70.30,-2947344.00,4.70
1:41,102804.14,29.46,18.32,102873.30,16.17,70.41,-2948303.25,5.33
1:42,102811.86,29.48,18.24,102873.50,16.28,69.91,-2949090.25,5.38
1:43,102805.64,29.48,18.31,102874.53,16.15,70.70,-2949832.50,5.34
1:44,102800.46,29.48,18.35,102875.00,16.19,70.55,-2949872.50,3.95
1:45,102798.51,29.45,18.25,102875.93,16.36,69.76,-2950682.00,4.21
1:46,102803.10,29.33,18.32,102874.89,16.41,69.09,-2951073.50,4.62
1:47,102805.10,29.31,18.25,102868.30,16.74,67.12,-2951814.00,4.85
1:48,102804.66,29.43,18.14,102872.86,16.55,68.29,-2953974.50,5.19
1:49,102796.88,29.44,18.21,102876.11,16.17,70.67,-2953956.75,5.20
1:50,102803.52,29.43,18.09,102871.27,16.21,69.81,-2954522.75,4.57
1:51,102796.66,29.39,18.24,102870.57,16.00,70.91,-2955211.50,5.31
1:52,102802.17,29.45,18.25,102873.10,15.98,70.87,-2955729.75,4.54
1:53,102801.32,29.49,18.20,102868.42,16.08,70.48,-2956193.50,4.87
1:54,102799.69,29.52,18.24,102871.66,16.15,70.92,-2956526.00,3.98
1:55,102798.75,29.52,18.12,102874.60,15.90,71.73,-2956867.50,4.09
1:56,102796.17,29.54,18.08,102868.69,16.08,71.03,-2957598.00,5.68
1:57,102796.11,29.52,18.21,102870.44,16.09,71.22,-2958887.50,4.54
1:58,102793.46,29.51,18.23,102871.92,15.88,72.44,-2959038.50,5.14
1:59,102798.83,29.52,18.14,102864.39,16.08,70.93,-2960245.50,6.05
2:0,102791.88,29.49,18.24,102862.58,16.03,71.55,-2960792.75,3.91
2:1,102791.60,29.48,18.25,102858.55,16.00,71.67,-2960857.25,3.98
2:2,102786.00,29.50,18.11,102864.04,15.89,72.21,-2961167.75,4.07
2:3,102789.83,29.45,18.25,102861.89,15.97,71.46,-2962519.50,5.48
2:4,102800.97,29.45,18.20,102868.57,15.88,71.69,-2962657.50,5.37
2:5,102800.75,29.43,18.17,102865.35,15.93,71.50,-2963654.00,4.21
2:6,102801.30,29.39,18.20,102867.62,15.96,71.37,-2964004.50,3.95
2:7,102797.82,29.36,18.21,102866.16,16.08,70.33,-2964321.25,4.67
2:8,102794.26,29.37,18.22,102869.60,16.05,71.25,-2965530.75,4.03
2:9,102788.82,29.38,18.32,102866.63,15.87,71.98,-2965822.50,3.92
2:10,102784.75,29.35,18.30,102865.22,15.78,72.40,-2967359.50,5.49
2:11,102787.19,29.37,18.31,102863.67,15.75,72.52,-2967500.75,5.24
2:12,102795.71,29.38,18.30,102863.71,15.78,72.58,-2968061.00,3.96
2:13,102790.85,29.37,18.24,102860.61,15.92,71.61,-2968440.75,5.52
2:14,102794.10,29.34,18.28,102864.91,15.80,72.25,-2969385.25,3.98
2:15,102789.14,29.32,18.23,102863.35,15.81,71.38,-2969380.50,4.77
2:16,102793.75,29.30,18.38,102864.41,15.74,72.59,-2970627.50,3.91
2:17,102799.26,29.32,18.34,102866.55,15.85,72.00,-2971258.00,4.45
2:18,102796.39,29.34,18.37,102867.47,15.81,72.20,-2971710.75,3.93
2:19,102792.38,29.37,18.28,102866.10,15.82,72.32,-2971983.25,4.78
2:20,102790.75,29.35,18.27,102867.69,15.82,72.33,-2972983.25,4.61
2:21,102794.77,29.33,18.27,102862.96,15.66,73.23,-2973642.75,4.92
2:22,102793.64,29.28,18.33,102862.12,15.43,74.23,-2975262.50,5.50
2:23,102789.75,29.22,18.42,102863.77,15.51,73.60,-2975275.50,4.77
2:24,102795.46,29.22,18.35,102862.92,15.65,73.15,-2975449.50,4.83
2:25,102786.63,29.20,18.36,102861.83,15.49,73.51,-2976332.50,5.03
2:26,102802.54,29.16,18.39,102861.99,15.56,73.09,-2977380.00,4.62
2:27,102784.89,29.14,18.35,102862.37,15.47,73.83,-2977338.75,5.35
2:28,102791.74,29.13,18.43,102866.42,15.61,73.20,-2978056.75,3.98
2:29,102795.17,29.13,18.38,102863.46,15.74,71.25,-2978691.25,4.36
2:30,102792.41,29.13,18.33,102863.75,15.93,71.92,-2978995.50,4.03
2:31,102794.93,29.14,18.38,102867.21,15.92,71.18,-2979366.50,5.09
2:32,102795.35,29.17,18.39,102866.84,15.96,70.96,-2980438.50,4.48
2:33,102794.00,29.18,18.43,102870.41,15.63,73.49,-2981427.25,4.92
2:34,102795.21,29.19,18.47,102870.89,15.62,72.95,-2981905.50,4.05
2:35,102794.17,29.21,18.42,102870.13,15.84,72.12,-2982056.00,4.74
2:36,102793.43,29.23,18.42,102868.71,15.74,72.92,-2983150.50,5.79
2:37,102789.32,29.25,18.45,102862.25,15.93,71.59,-2983264.75,5.59
2:38,102803.18,29.28,18.49,102861.55,15.91,72.03,-2984256.50,5.14
2:39,102794.26,29.30,18.35,102866.89,15.81,72.10,-2984246.50,4.45
2:40,102792.99,29.26,18.39,102869.43,15.89,71.96,-2985158.50,4.85
2:41,102793.24,29.25,18.43,102868.13,15.80,72.45,-2985819.25,4.32
2:42,102795.86,29.28,18.37,102870.18,15.73,73.29,-2986863.75,4.34
2:43,102803.71,29.26,18.29,102870.46,15.66,73.41,-2987124.50,5.47
2:44,102798.17,29.21,18.40,102866.36,15.68,73.04,-2988415.25,5.35
2:45,102788.22,29.18,18.46,102863.25,15.62,73.58,-2988426.75,4.14
2:46,102798.28,29.13,18.41,102865.52,15.57,73.84,-2988990.50,5.13
2:47,102792.82,29.11,18.36,102864.96,15.69,72.50,-2990791.25,4.98
2:48,102787.61,29.06,18.33,102862.72,16.05,70.38,-2990892.50,3.91
2:49,102786.97,29.05,18.47,102866.36,15.69,73.15,-2991344.75,5.18
2:50,102793.05,29.09,18.41,102867.55,15.60,72.91,-2992293.50,4.91
2:51,102788.64,29.07,18.46,102863.82,15.53,73.73,-2993135.25,4.80
2:52,102792.58,29.09,18.49,102860.30,15.58,73.29,-2993865.50,6.03
2:53,102787.03,29.11,18.46,102861.67,15.61,73.51,-2993969.50,4.80
2:54,102784.57,29.11,18.32,102858.83,15.59,73.26,-2994345.25,5.27
2:55,102785.07,29.07,18.47,102859.78,15.56,73.78,-2995946.50,5.82
2:56,102778.10,29.08,18.44,102856.33,15.51,73.52,-2996792.50,5.56
2:57,102789.93,29.04,18.39,102855.66,15.61,72.79,-2996445.00,5.30
2:58,102782.83,28.98,18.37,102858.63,15.84,70.65,-2997480.50,5.09
2:59,102779.69,28.98,18.40,102853.02,16.12,70.02,-2998231.50,4.58
3:0,102784.29,28.99,18.45,102852.39,16.36,68.80,-2998002.50,4.52
3:1,102798.04,28.95,18.47,102850.85,15.92,70.91,-2998859.75,5.27
3:2,102775.83,28.95,18.44,102854.80,15.65,71.82,-3000338.00,4.62
3:3,102784.35,28.92,18.52,102854.81,15.51,72.90,-3000538.50,4.20
3:4,102793.27,28.88,18.59,102855.74,15.41,73.78,-3000897.00,5.08
3:5,102779.43,28.93,18.70,102853.88,15.60,72.76,-3001641.50,5.56
3:6,102773.99,28.98,18.57,102853.21,15.43,73.94,-3002360.75,4.87
3:7,102792.89,28.98,18.61,102856.21,15.44,74.07,-3003315.25,4.00
3:8,102783.02,28.99,18.62,102860.16,15.37,74.34,-3003870.00,4.32
3:9,102788.78,28.98,18.55,102860.42,15.40,74.27,-3004760.50,5.11
3:10,102786.99,28.96,18.49,102859.20,15.43,73.78,-3004921.25,4.12
3:11,102788.45,28.97,18.58,102861.32,15.56,73.23,-3006163.50,6.03
3:12,102786.25,28.99,18.48,102862.31,15.58,72.67,-3006262.75,4.03
3:13,102793.47,28.97,18.58,102858.55,15.47,73.76,-3007019.50,3.94
3:14,102786.10,29.00,18.48,102858.71,15.73,72.02,-3007244.50,5.17
3:15,102772.32,29.00,18.50,102856.74,15.63,72.74,-3008413.50,5.20
3:16,102782.63,29.01,18.50,102863.64,15.59,73.13,-3008846.50,5.23
3:17,102797.07,29.00,18.55,102857.33,15.60,72.90,-3009055.00,4.37
3:18,102791.25,28.98,18.42,102860.03,15.63,72.18,-3010212.50,4.16
3:19,102799.16,28.93,18.62,102862.39,15.46,73.38,-3011035.50,5.19
3:20,102800.25,28.92,18.49,102864.32,15.40,72.75,-3011141.50,5.21
3:21,102793.02,28.85,18.54,102860.31,15.45,73.46,-3012452.75,4.14
3:22,102793.21,28.86,18.59,102862.46,15.48,73.06,-3013631.75,5.56
3:23,102794.24,28.90,18.59,102863.16,15.57,72.58,-3013636.50,4.25
3:24,102802.82,28.93,18.55,102859.94,15.42,73.78,-3014766.75,5.67
3:25,102798.03,28.92,18.45,102862.69,15.57,72.37,-3015847.50,5.50
3:26,102799.98,28.87,18.63,102864.22,15.28,74.91,-3016386.25,4.66
3:27,102804.69,28.86,18.50,102865.14,15.34,73.80,-3016723.50,4.81
3:28,102802.72,28.82,18.64,102863.32,15.36,74.13,-3017232.75,5.01
3:29,102801.94,28.87,18.63,102864.91,15.38,73.87,-3017128.75,4.80
3:30,102796.52,28.89,18.59,102863.57,15.40,73.93,-3017960.50,4.31
3:31,102803.30,28.91,18.58,102864.21,15.47,73.48,-3017798.00,5.03
3:32,102795.60,28.90,18.59,102865.66,15.33,73.88,-3019159.50,4.90
3:33,102788.75,28.77,18.52,102863.55,15.70,70.54,-3019918.50,4.27
3:34,102794.80,28.71,18.59,102866.61,15.59,72.16,-3020555.00,4.52
3:35,102790.50,28.72,18.55,102862.16,15.69,70.91,-3021125.75,4.11
3:36,102795.26,28.68,18.55,102864.03,15.45,73.08,-3022240.25,4.19
3:37,102797.49,28.69,18.67,102863.21,15.32,73.44,-3023561.50,4.74
3:38,102796.63,28.69,18.69,102860.63,15.13,74.59,-3023759.25,4.71
3:39,102786.13,28.68,18.66,102859.42,15.23,73.85,-3025333.50,5.54
3:40,102797.57,28.66,18.64,102859.08,15.04,75.02,-3025107.25,3.96
3:41,102802.07,28.62,18.54,102861.53,15.36,72.93,-3025888.50,4.26
3:42,102799.41,28.61,18.72,102861.82,15.08,74.86,-3026016.50,5.22
3:43,102801.26,28.68,18.75,102867.21,15.25,75.18,-3027005.25,5.20
3:44,102797.24,28.76,18.62,102870.25,15.60,72.94,-3027487.50,4.70
3:45,102805.94,28.84,18.72,102870.96,15.60,73.11,-3027590.50,5.17
3:46,102802.82,28.90,18.63,102870.28,15.45,73.32,-3028694.50,3.90
3:47,102800.25,28.89,18.64,102870.30,15.30,74.96,-3029036.50,4.23
3:48,102806.13,28.89,18.52,102870.65,15.32,73.45,-3029990.00,4.85
3:49,102794.44,28.77,18.56,102868.91,15.46,72.88,-3030569.25,6.05
3:50,102795.63,28.70,18.50,102867.97,15.65,71.14,-3032101.50,4.95
3:51,102801.96,28.57,18.60,102872.98,15.69,70.45,-3032390.50,4.62
3:52,102802.32,28.52,18.64,102870.07,15.96,68.60,-3032531.50,4.96
3:53,102806.21,28.55,18.65,102869.28,15.67,70.99,-3033491.00,3.92
3:54,102801.03,28.54,18.71,102870.80,15.33,72.21,-3034903.50,4.80
3:55,102805.53,28.48,18.65,102870.41,15.43,72.25,-3034881.25,3.97
3:56,102797.27,28.47,18.70,102875.03,15.47,72.41,-3036230.50,5.14
3:57,102801.85,28.50,18.58,102870.85,15.54,71.32,-3036889.50,5.74
3:58,102801.71,28.45,18.81,102873.35,15.30,73.38,-3037089.00,4.71
3:59,102799.16,28.49,18.71,102864.89,15.24,73.04,-3038341.50,4.73
4:0,102799.72,28.47,18.69,102869.53,15.58,71.76,-3037778.25,5.05
4:1,102801.00,28.47,18.65,102871.03,15.33,72.62,-3039472.75,5.83
4:2,102803.99,28.45,18.56,102869.02,15.37,71.99,-3039528.50,4.07
4:3,102808.05,28.43,18.66,102869.00,15.54,71.14,-3040215.00,5.59
4:4,102799.80,28.44,18.71,102872.61,15.68,70.80,-3040832.25,3.89
4:5,102805.29,28.38,18.73,102867.85,15.24,72.34,-3042075.50,4.87
4:6,102795.21,28.37,18.87,102867.80,15.13,73.43,-3042957.75,4.25
4:7,102808.83,28.42,18.93,102871.75,15.09,74.12,-3043010.75,5.31
4:8,102804.49,28.44,18.71,102864.91,15.15,73.64,-3043292.75,4.38
4:9,102801.17,28.47,18.73,102867.33,15.30,73.41,-3044049.25,4.90
4:10,102796.81,28.56,18.76,102867.05,15.42,73.25,-3045257.50,4.91
4:11,102795.78,28.62,18.72,102867.57,15.29,73.68,-3045188.00,4.92
4:12,102804.50,28.57,18.54,102868.27,15.53,72.25,-3045941.75,6.02
4:13,102803.58,28.51,18.63,102868.21,15.82,70.28,-3046123.50,3.85
4:14,102797.10,28.50,18.77,102865.54,15.56,72.23,-3046796.00,3.82
4:15,102799.83,28.45,18.62,102867.89,15.72,70.35,-3047692.50,4.66
4:16,102797.52,28.44,18.85,102865.91,15.41,72.88,-3049115.50,4.06
4:17,102798.91,28.55,18.71,102867.48,15.31,72.90,-3049262.75,5.05
4:18,102804.43,28.55,18.65,102867.88,15.93,69.64,-3050191.25,5.75
4:19,102796.70,28.52,18.70,102867.08,15.49,72.09,-3050725.25,4.90
4:20,102807.17,28.53,18.65,102867.05,15.60,71.06,-3051115.50,5.05
4:21,102802.82,28.55,18.77,102870.64,15.46,72.19,-3051612.50,3.92
4:22,102801.47,28.56,18.75,102869.22,15.57,71.17,-3052241.25,3.93
4:23,102807.10,28.56,18.70,102868.14,15.25,72.93,-3052790.75,5.22
4:24,102810.85,28.57,18.68,102870.40,15.32,73.33,-3053923.25,5.14
4:25,102809.03,28.58,18.57,102873.74,15.45,70.91,-3054050.50,4.96
4:26,102804.66,28.50,18.65,102873.67,15.70,70.72,-3054761.50,3.91
4:27,102804.25,28.48,18.70,102874.45,15.51,71.96,-3055261.50,3.83
4:28,102801.19,28.48,18.65,102873.53,15.28,72.44,-3055699.25,5.25
4:29,102804.15,28.47,18.71,102871.66,15.61,70.88,-3056640.50,4.79
4:30,102805.82,28.39,18.78,102868.97,15.28,73.08,-3057399.50,4.78
4:31,102801.82,28.39,18.72,102873.35,15.59,70.84,-3058474.25,4.45
4:32,102812.89,28.43,18.66,102873.85,15.47,71.78,-3058996.00,4.08
4:33,102809.49,28.46,18.70,102872.24,15.37,72.36,-3058985.50,5.42
4:34,102808.58,28.45,18.62,102870.42,15.69,70.47,-3059854.50,4.08
4:35,102806.77,28.46,18.83,102873.24,15.45,72.77,-3060659.25,5.50
4:36,102806.38,28.55,18.72,102872.19,15.46,72.58,-3061406.75,5.10
4:37,102811.10,28.60,18.56,102874.61,15.58,71.34,-3061717.50,5.11
4:38,102810.16,28.57,18.68,102871.44,15.57,71.23,-3063024.50,4.03
4:39,102797.46,28.58,18.67,102869.78,15.49,72.35,-3062945.00,4.29
4:40,102802.22,28.58,18.63,102868.22,15.54,71.67,-3063598.50,5.22
4:41,102799.30,28.47,18.71,102867.49,15.45,71.84,-3064683.75,5.92
4:42,102801.28,28.45,18.58,102867.11,15.56,71.10,-3064789.50,4.50
4:43,102801.50,28.43,18.67,102866.07,15.49,71.65,-3065988.00,5.25
4:44,102802.53,28.47,18.68,102869.94,15.41,72.39,-3066985.25,4.89
4:45,102799.86,28.53,18.64,102868.89,15.48,72.01,-3067512.50,4.92
4:46,102797.77,28.50,18.74,102864.60,15.27,73.71,-3068307.25,4.99
4:47,102795.00,28.52,18.69,102866.05,15.20,73.94,-3068315.50,4.90
4:48,102802.22,28.51,18.58,102868.50,15.35,72.40,-3069018.25,5.19
4:49,102805.32,28.46,18.81,102869.52,15.23,73.40,-3069732.75,4.14
4:50,102793.22,28.49,18.70,102866.35,15.32,72.39,-3070183.50,5.92
4:51,102801.25,28.44,18.66,102864.00,15.42,71.63,-3072172.50,6.06
4:52,102800.38,28.39,18.80,102863.38,14.98,74.66,-3072329.50,4.85
4:53,102803.99,28.41,18.74,102863.07,15.21,73.33,-3072036.75,6.10
4:54,102796.13,28.42,18.68,102866.71,15.10,73.88,-3072905.25,4.81
4:55,102802.53,28.35,18.72,102863.76,15.27,72.96,-3073970.00,4.92
4:56,102808.42,28.33,18.74,102865.36,15.23,72.71,-3074048.50,4.25
4:57,102799.64,28.29,18.91,102869.11,15.18,74.03,-3075155.50,5.83
4:58,102804.94,28.34,18.90,102871.96,14.95,75.48,-3075918.75,5.04
4:59,102802.21,28.36,18.78,102869.64,15.40,70.86,-3076127.50,3.98
5:0,102794.28,28.32,18.82,102868.16,15.12,74.28,-3077166.00,3.92
5:1,102800.61,28.37,18.75,102866.60,15.24,73.35,-3077781.50,5.30
5:2,102801.57,28.39,18.79,102869.41,15.12,73.71,-3078633.00,5.34
5:3,102806.67,28.27,18.79,102870.14,15.36,72.44,-3078494.50,4.28
5:4,102806.39,28.17,18.71,102872.58,15.36,71.68,-3079188.75,5.10
5:5,102807.41,28.14,18.90,102871.22,15.05,74.30,-3080268.50,4.30
5:6,102810.88,28.17,18.71,102873.64,15.44,70.66,-3080859.25,5.68
5:7,102812.00,28.14,18.76,102873.21,15.42,71.57,-3081159.25,4.05
5:8,102800.53,28.15,18.77,102876.41,15.49,71.08,-3082810.00,4.47
5:9,102809.46,28.21,18.72,102873.75,15.39,71.84,-3084072.00,4.58
5:10,102807.94,28.19,18.76,102872.13,15.33,71.92,-3083787.50,4.78
5:11,102802.57,28.15,18.78,102871.19,15.23,72.36,-3085672.50,4.87
5:12,102820.15,28.14,18.88,102871.40,14.88,74.80,-3085255.50,5.09
5:13,102811.32,28.17,18.78,102874.71,15.02,73.61,-3085511.50,4.98
5:14,102814.47,28.18,18.77,102877.35,15.17,72.49,-3086764.50,4.63
5:15,102813.64,28.19,18.82,102877.77,15.04,73.43,-3087721.25,4.56
5:16,102823.13,28.15,18.87,102877.18,14.86,74.67,-3088213.00,3.90
5:17,102813.08,28.13,18.88,102883.67,14.89,74.53,-3088035.50,5.77
5:18,102809.63,28.15,18.74,102878.95,15.30,71.63,-3088933.50,5.18
5:19,102813.58,28.13,18.95,102879.48,14.92,74.66,-3090036.50,4.54
5:20,102815.47,28.20,18.90,102878.39,15.10,73.77,-3090097.00,5.27
5:21,102806.41,28.21,18.91,102879.11,15.09,73.61,-3090440.75,3.91
5:22,102818.78,28.20,18.90,102878.89,14.96,74.69,-3091180.50,6.23
5:23,102810.05,28.21,18.89,102881.91,15.02,73.97,-3091932.00,4.48
5:24,102815.49,28.21,18.84,102878.94,15.10,73.46,-3092056.75,4.92
5:25,102812.81,28.23,18.89,102880.35,14.92,74.72,-3092970.00,4.93
5:26,102812.27,28.21,18.83,102883.08,14.66,75.42,-3093901.50,5.56
5:27,102818.84,28.13,18.72,102882.52,15.04,72.89,-3094246.75,5.27
5:28,102823.50,28.04,18.83,102885.58,15.08,73.54,-3095005.50,5.22
5:29,102824.33,28.03,18.80,102891.19,15.13,72.87,-3096121.75,3.89
5:30,102816.88,28.04,18.81,102892.16,15.01,73.40,-3096412.50,5.14
5:31,102824.06,28.02,18.80,102889.47,15.29,71.57,-3096982.00,5.94
5:32,102825.86,28.00,18.79,102885.21,15.16,72.04,-3097851.25,3.95
5:33,102820.67,28.00,18.80,102885.21,15.23,71.61,-3099059.50,4.85
5:34,102823.81,28.05,18.89,102891.60,15.05,73.60,-3099345.50,5.25
5:35,102823.59,28.12,18.96,102891.80,14.84,74.82,-3100270.50,3.93
5:36,102820.04,28.13,18.94,102887.29,14.65,75.86,-3100189.50,4.44
5:37,102825.17,28.15,18.89,102891.24,14.63,75.90,-3101183.50,4.04
5:38,102826.13,28.06,18.79,102894.08,14.91,73.11,-3101678.00,5.19
5:39,102821.83,27.98,18.76,102890.99,14.96,73.17,-3102069.25,5.07
5:40,102827.50,27.94,18.76,102891.10,14.98,73.43,-3103044.50,4.76
5:41,102821.32,27.93,18.82,102894.71,15.35,71.15,-3103477.75,5.20
5:42,102829.72,27.95,18.86,102894.11,15.39,71.13,-3103978.00,4.66
5:43,102824.74,27.97,18.96,102894.55,15.14,72.62,-3105106.00,4.16
5:44,102827.71,27.99,18.83,102896.75,14.91,73.44,-3106447.75,3.98
5:45,102825.56,27.95,18.94,102894.44,14.81,74.13,-3107153.50,5.44
5:46,102827.22,27.94,18.91,102894.79,14.94,73.86,-3108003.50,4.69
5:47,102827.80,27.90,18.78,102897.91,15.01,72.75,-3108267.50,4.93
5:48,102832.50,27.89,18.89,102899.14,14.92,73.30,-3109754.75,6.00
5:49,102831.00,27.96,18.88,102901.31,15.00,73.30,-3109546.75,5.29
5:50,102837.53,27.95,18.93,102903.13,15.15,72.36,-3110638.50,5.82
5:51,102827.39,27.88,18.92,102906.79,15.14,72.13,-3111182.00,5.01
5:52,102833.92,27.85,18.87,102903.53,15.08,72.29,-3111490.50,4.45
5:53,102826.75,27.83,18.87,102906.50,15.29,71.18,-3111578.75,4.40
5:54,102833.38,27.83,18.94,102905.86,15.18,71.80,-3113424.50,5.96
5:55,102830.45,27.88,18.88,102904.31,15.51,69.54,-3113977.00,5.83
5:56,102841.33,27.88,18.92,102906.25,15.06,72.53,-3114389.25,4.14
5:57,102829.53,27.89,18.90,102904.95,14.98,73.17,-3114512.50,4.68
5:58,102838.21,27.92,18.86,102906.43,14.96,73.47,-3114823.50,5.94
5:59,102838.06,27.86,18.96,102907.99,14.94,73.44,-3115809.50,4.34
6:0,102840.27,27.93,18.97,102907.54,14.96,73.62,-3116914.00,5.71
6:1,102828.17,27.91,18.92,102909.82,15.38,71.07,-3116460.00,4.18
6:2,102838.78,27.94,18.76,102911.24,15.28,71.38,-3117326.00,4.90
6:3,102845.10,27.95,18.86,102910.07,15.20,70.92,-3118196.75,4.71
6:4,102836.25,27.95,18.75,102909.85,15.34,71.03,-3118861.50,5.23
6:5,102841.56,27.97,18.74,102913.33,15.18,72.37,-3119455.50,5.00
6:6,102845.21,27.96,18.75,102914.66,15.60,69.49,-3119688.50,3.89
6:7,102850.46,27.99,18.75,102912.39,15.51,69.59,-3120682.25,3.91
6:8,102853.30,28.00,18.76,102916.53,15.24,72.35,-3121049.25,5.23
6:9,102853.09,27.96,18.92,102919.13,15.14,72.78,-3121817.25,4.98
6:10,102846.64,27.93,18.92,102916.63,15.37,71.01,-3123073.25,3.90
6:11,102844.89,27.93,19.01,102915.25,14.94,73.43,-3123702.25,3.95
6:12,102846.19,27.97,18.91,102915.22,15.16,71.85,-3124188.75,4.90
6:13,102839.97,27.94,19.03,102920.21,15.01,73.93,-3125605.00,5.73
6:14,102852.08,27.99,19.03,102917.36,14.85,74.75,-3125361.50,4.93
6:15,102850.21,28.01,19.10,102916.49,14.79,74.72,-3125766.00,4.83
6:16,102856.89,28.07,18.94,102919.46,15.07,73.09,-3126856.75,4.98
6:17,102844.22,28.03,18.87,102919.28,15.08,72.88,-3127365.50,4.34
6:18,102843.26,27.99,18.98,102921.53,15.10,73.32,-3128056.75,5.65
6:19,102848.64,28.01,18.98,102920.25,15.30,71.91,-3128437.25,4.74
6:20,102851.33,28.02,19.05,102916.28,15.09,74.24,-3129161.25,4.10
6:21,102851.62,28.04,19.03,102920.05,15.14,72.77,-3129951.50,5.74
6:22,102849.80,28.05,19.01,102916.85,14.94,74.85,-3130884.00,4.82
6:23,102845.00,28.07,18.91,102920.82,14.96,74.12,-3130961.25,5.48
6:24,102847.61,28.06,19.03,102919.29,14.85,74.86,-3131813.50,5.13
6:25,102855.61,28.09,19.01,102920.96,14.67,76.48,-3132719.75,5.08
6:26,102853.21,28.12,19.00,102918.33,14.86,75.10,-3133464.75,3.94
6:27,102857.25,28.13,19.04,102916.83,14.85,75.68,-3133446.75,3.94
6:28,102855.30,28.11,19.00,102913.71,14.79,75.58,-3134528.75,3.87
6:29,102845.21,28.11,18.97,102915.66,14.99,74.73,-3135247.50,5.23
6:30,102846.41,28.18,18.98,102914.97,14.94,75.12,-3135606.25,4.85
6:31,102847.70,28.18,19.00,102909.69,15.02,74.94,-3136418.00,5.24
6:32,102847.78,28.21,19.04,102909.92,14.85,75.79,-3136815.25,3.89
6:33,102839.90,28.25,18.89,102911.16,14.90,75.24,-3137396.00,5.05
6:34,102842.78,28.22,18.77,102912.58,15.06,73.87,-3138572.00,4.63
6:35,102844.82,28.21,18.94,102911.38,14.91,75.53,-3138699.75,5.10
6:36,102841.77,28.27,18.98,102911.46,14.80,76.88,-3139942.50,5.03
6:37,102841.83,28.34,18.85,102910.07,15.01,75.16,-3140955.50,5.34
6:38,102846.95,28.39,18.91,102916.40,15.28,74.02,-3140565.25,3.89
6:39,102843.87,28.48,18.84,102913.99,15.49,73.40,-3141465.50,4.76
6:40,102852.83,28.53,18.75,102914.08,15.67,72.37,-3141679.00,4.45
6:41,102850.94,28.55,18.87,102914.91,15.39,74.09,-3142214.00,4.14
6:42,102859.00,28.54,18.87,102915.22,15.14,74.99,-3143541.25,6.07
6:43,102848.23,28.56,18.80,102915.89,15.46,73.59,-3143585.25,5.16
6:44,102857.89,28.57,18.76,102918.61,15.48,73.54,-3144935.50,4.78
6:45,102851.46,28.62,18.76,102920.22,15.70,72.21,-3144838.50,3.99
6:46,102851.50,28.67,18.67,102915.13,15.59,72.76,-3145762.00,4.75
6:47,102850.33,28.71,18.72,102916.08,15.46,73.88,-3146255.75,4.26
6:48,102853.03,28.73,18.62,102918.11,15.56,72.86,-3147300.25,5.33
6:49,102847.67,28.76,18.75,102920.94,15.65,73.63,-3147617.50,5.92
6:50,102855.47,28.83,18.62,102920.75,15.96,70.61,-3148004.50,5.51
6:51,102852.64,28.85,18.65,102920.46,15.66,73.31,-3148965.50,4.63
6:52,102850.41,28.87,18.63,102918.49,15.51,73.99,-3149707.50,5.11
6:53,102852.58,28.86,18.56,102921.19,15.67,72.58,-3149947.50,5.11
6:54,102850.79,28.89,18.64,102922.52,15.69,73.49,-3150818.50,5.20
6:55,102855.22,28.96,18.45,102923.64,15.75,72.60,-3151443.25,5.63
6:56,102848.34,28.98,18.58,102923.25,15.76,72.81,-3152143.50,4.36
6:57,102861.14,29.01,18.65,102927.97,15.91,71.75,-3152977.50,5.34
6:58,102860.78,29.03,18.50,102927.28,16.05,71.02,-3153390.75,4.73
6:59,102868.39,29.05,18.49,102930.96,15.94,71.47,-3153841.50,4.78
7:0,102857.76,29.09,18.53,102927.08,15.88,72.46,-3154212.00,4.76
7:1,102866.14,29.09,18.61,102930.72,15.74,73.43,-3155074.75,5.15
7:2,102864.58,29.13,18.48,102931.71,16.03,71.00,-3155366.75,5.27
7:3,102864.82,29.15,18.57,102930.57,15.95,72.72,-3156333.25,5.00
7:4,102861.86,29.20,18.44,102930.82,16.14,71.42,-3157346.25,5.20
7:5,102859.73,29.23,18.40,102936.86,16.17,71.57,-3158318.50,5.25
7:6,102864.40,29.30,18.43,102935.39,16.25,69.74,-3158910.25,5.23
7:7,102862.21,29.31,18.39,102928.83,16.38,69.99,-3158870.50,4.96
7:8,102865.44,29.34,18.33,102933.25,16.06,72.42,-3159389.25,4.13
7:9,102865.32,29.36,18.32,102930.85,16.24,71.03,-3159877.25,5.27
7:10,102865.75,29.37,18.41,102935.25,16.23,70.95,-3161359.25,5.06
7:11,102857.70,29.39,18.44,102934.33,16.28,71.44,-3161387.25,5.29
7:12,102864.23,29.41,18.36,102936.28,16.13,71.65,-3162085.25,4.04
7:13,102859.45,29.43,18.34,102932.60,16.15,71.73,-3162390.00,4.77
7:14,102860.39,29.44,18.35,102931.14,16.16,70.96,-3163169.25,5.45
7:15,102861.50,29.44,18.20,102930.99,16.37,69.89,-3163758.50,3.92
7:16,102865.44,29.49,18.26,102930.44,16.32,70.67,-3164735.00,4.85
7:17,102859.02,29.51,18.19,102929.38,16.47,69.15,-3165714.50,5.12
7:18,102862.76,29.50,18.31,102932.36,16.38,70.56,-3166442.00,4.72
7:19,102855.28,29.52,18.28,102929.60,16.31,70.95,-3166529.50,5.25
7:20,102848.14,29.52,18.27,102928.57,16.38,70.65,-3166984.75,4.78
7:21,102858.04,29.54,18.22,102929.46,16.39,70.50,-3167928.75,4.07
7:22,102852.07,29.57,18.12,102924.58,16.61,68.48,-3169023.25,5.69
7:23,102847.54,29.56,18.18,102924.66,16.62,68.88,-3169398.25,4.47
7:24,102855.31,29.57,18.35,102921.23,16.46,71.25,-3170182.50,5.45
7:25,102849.85,29.62,18.25,102927.39,16.44,70.44,-3170814.00,5.15
7:26,102853.00,29.62,18.17,102924.21,16.54,69.50,-3171213.50,4.65
7:27,102844.41,29.63,18.21,102921.90,16.68,68.19,-3171357.50,5.19
7:28,102846.55,29.64,18.15,102922.42,16.66,69.51,-3172392.50,4.04
7:29,102857.09,29.66,18.17,102922.71,16.54,69.70,-3172813.25,3.99
7:30,102851.03,29.69,18.16,102922.63,16.33,71.48,-3173906.50,4.87
7:31,102850.53,29.70,18.12,102923.96,16.45,70.91,-3174619.50,5.40
7:32,102849.95,29.71,18.08,102923.28,16.68,68.84,-3175627.50,5.36
7:33,102850.60,29.74,18.28,102923.84,16.44,71.56,-3175348.75,4.01
7:34,102849.00,29.79,18.12,102925.94,16.61,69.52,-3176899.25,4.44
7:35,102861.15,29.81,18.11,102923.42,16.70,69.20,-3177145.25,4.94
7:36,102849.57,29.81,18.27,102920.13,16.38,72.45,-3178010.75,4.31
7:37,102847.96,29.86,18.22,102918.53,16.36,71.93,-3178301.50,5.23
7:38,102852.32,29.87,18.07,102919.24,16.71,69.63,-3179036.00,5.36
7:39,102851.12,29.87,18.04,102917.71,16.94,68.13,-3179941.75,4.45
7:40,102847.21,29.87,18.12,102918.74,16.84,68.99,-3180628.75,4.37
7:41,102848.88,29.94,18.03,102923.02,16.85,69.75,-3181118.50,4.78
7:42,102856.10,29.95,18.00,102918.43,16.87,68.50,-3181820.50,4.85
7:43,102852.67,29.99,18.00,102923.73,16.90,68.96,-3182131.50,4.07
7:44,102844.06,30.03,18.02,102914.67,17.01,67.66,-3183212.50,5.16
7:45,102848.23,30.07,18.07,102915.46,17.03,68.22,-3183372.75,5.50
7:46,102854.28,30.12,18.07,102918.61,16.98,69.58,-3184248.50,5.01
7:47,102851.46,30.18,17.94,102925.36,16.93,68.40,-3184878.00,5.28
7:48,102849.49,30.22,17.97,102917.88,17.12,68.29,-3185426.50,4.09
7:49,102857.32,30.31,17.88,102922.30,17.33,67.26,-3185965.25,4.76
7:50,102859.00,30.34,17.87,102921.57,17.37,66.89,-3186856.50,6.19
7:51,102861.38,30.33,17.84,102919.12,17.65,65.01,-3187445.50,4.62
7:52,102852.25,30.37,17.90,102920.89,17.41,67.43,-3188515.50,5.38
7:53,102855.85,30.39,18.14,102918.78,17.37,67.32,-3188794.50,4.06
7:54,102853.90,30.48,17.82,102920.97,17.60,66.19,-3189322.75,4.90
7:55,102851.61,30.50,17.84,102921.44,17.59,66.66,-3190154.25,5.45
7:56,102864.97,30.52,17.82,102918.80,17.51,66.95,-3191621.50,4.80
7:57,102854.05,30.52,17.89,102921.99,17.57,66.56,-3191463.00,5.42
7:58,102856.67,30.61,17.77,102923.00,17.69,65.79,-3192489.25,4.62
7:59,102859.00,30.66,17.69,102922.10,17.74,66.59,-3193158.00,4.74
8:0,102851.61,30.70,17.73,102919.52,17.75,64.58,-3192829.25,4.69
8:1,102853.05,30.69,17.63,102921.96,17.89,64.50,-3193860.00,4.67
8:2,102852.50,30.70,17.58,102925.92,17.99,64.87,-3194465.50,4.44
8:3,102864.82,30.73,17.68,102925.52,17.92,65.64,-3194972.75,4.75
8:4,102859.02,30.76,17.66,102928.40,17.84,65.77,-3195697.75,5.10
8:5,102852.17,30.80,17.65,102928.16,17.73,66.57,-3195928.75,5.96
8:6,102862.30,30.84,17.58,102929.58,17.87,64.74,-3196698.75,5.20
8:7,102861.00,30.82,17.66,102929.22,18.00,63.71,-3197352.75,5.28
8:8,102860.10,30.89,17.69,102930.82,18.07,65.10,-3197999.25,4.56
8:9,102859.89,30.97,17.67,102930.35,17.97,65.21,-3198697.50,5.26
8:10,102866.17,31.00,17.64,102928.46,18.01,65.31,-3198712.75,4.41
8:11,102852.71,31.03,17.52,102929.17,18.02,65.60,-3200263.25,5.05
8:12,102865.63,31.10,17.50,102930.55,17.89,66.25,-3201223.50,6.17
8:13,102863.88,31.12,17.48,102930.74,18.01,65.80,-3202039.50,5.76
8:14,102870.21,31.14,17.46,102933.62,18.35,62.33,-3202739.50,6.00
8:15,102862.67,31.18,17.40,102937.58,18.41,63.07,-3202384.25,4.26
8:16,102863.83,31.21,17.42,102934.80,18.33,64.08,-3204431.75,6.26
8:17,102867.61,31.27,17.31,102934.14,18.60,61.44,-3204789.25,6.19
8:18,102871.28,31.28,17.42,102937.83,18.34,64.37,-3205553.75,4.82
8:19,102864.71,31.32,17.43,102938.97,18.36,63.92,-3206154.75,4.84
8:20,102872.94,31.39,17.36,102940.28,18.39,63.97,-3206630.75,4.09
8:21,102862.28,31.46,17.21,102939.16,18.54,62.24,-3207232.00,5.83
8:22,102880.56,31.46,17.32,102936.47,18.64,62.75,-3208247.75,5.63
8:23,102869.10,31.58,17.13,102932.79,18.79,60.83,-3208081.25,5.93
8:24,102866.32,31.54,17.21,102937.28,18.88,60.98,-3208844.50,4.82
8:25,102871.39,31.70,17.34,102936.96,18.71,63.04,-3209196.00,4.66
8:26,102872.90,31.81,16.99,102937.25,18.82,61.37,-3209725.50,5.41
8:27,102874.85,31.72,17.25,102939.77,18.68,65.20,-3211300.75,4.80
8:28,102869.14,31.85,17.00,102938.83,18.72,63.15,-3210795.25,5.32
8:29,102865.34,31.89,17.02,102936.94,18.74,62.06,-3212097.50,5.92
8:30,102885.08,31.88,16.81,102937.78,19.22,58.85,-3212086.50,5.12
8:31,102876.74,31.78,16.80,102936.36,19.32,58.93,-3213304.75,5.99
8:32,102869.78,31.78,16.96,102945.36,19.18,59.98,-3214296.75,5.73
8:33,102875.33,31.86,16.93,102941.33,19.07,60.18,-3213709.75,4.86
8:34,102867.90,31.88,16.97,102947.74,18.95,61.26,-3215022.00,6.18
8:35,102871.61,31.90,17.05,102946.02,18.74,63.10,-3215844.25,5.18
8:36,102873.12,32.01,17.12,102949.11,18.68,64.05,-3216118.50,4.09
8:37,102877.10,32.05,16.70,102945.60,19.11,59.91,-3217752.00,5.06
8:38,102874.49,32.02,16.91,102945.36,18.97,62.18,-3216866.50,5.20
8:39,102876.71,32.10,16.82,102941.96,18.97,61.57,-3217829.25,4.19
8:40,102870.25,32.13,16.78,102949.87,19.08,60.88,-3218123.25,6.13
8:41,102875.86,32.16,16.77,102947.46,19.16,60.57,-3218667.50,6.24
8:42,102880.22,32.10,16.78,102943.98,19.31,59.72,-3219984.00,4.71
8:43,102874.20,32.16,16.78,102948.61,19.53,58.01,-3220012.00,5.12
8:44,102877.52,32.20,16.62,102950.61,19.52,58.42,-3220851.50,6.19
8:45,102878.99,32.14,16.57,102949.22,19.54,56.62,-3221167.00,4.96
8:46,102889.58,32.13,16.65,102954.78,19.72,58.02,-3222202.75,4.84
8:47,102878.08,32.23,16.58,102952.97,19.71,57.69,-3222681.25,4.85
8:48,102888.85,32.32,16.66,102953.15,19.75,56.87,-3223178.00,4.78
8:49,102882.22,32.35,16.60,102956.75,19.69,58.07,-3223987.75,6.33
8:50,102883.88,32.38,16.87,102956.04,19.57,60.89,-3224521.50,6.03
8:51,102888.13,32.58,16.66,102953.66,19.56,59.44,-3225058.25,5.54
8:52,102881.66,32.61,16.65,102956.97,19.58,60.68,-3224899.50,5.21
8:53,102887.25,32.67,16.49,102957.88,19.71,58.00,-3226364.00,4.90
8:54,102881.19,32.57,16.28,102956.63,20.07,54.00,-3226501.50,5.03
8:55,102889.14,32.41,16.21,102959.13,20.22,53.68,-3227608.75,6.18
8:56,102893.89,32.34,16.35,102958.24,20.12,54.56,-3228268.00,4.05
8:57,102891.18,32.48,16.52,102958.95,20.07,57.08,-3228058.50,4.88
8:58,102889.42,32.71,16.51,102965.83,20.21,55.47,-3229154.75,5.19
8:59,102894.42,32.72,16.32,102959.80,19.98,56.64,-3229987.50,6.19
9:0,102893.71,32.71,16.25,102964.21,19.88,56.53,-3230417.50,5.03
9:1,102902.58,32.57,16.40,102961.89,19.90,56.11,-3230923.50,5.88
9:2,102895.17,32.61,16.39,102962.88,19.85,57.34,-3231255.25,5.76
9:3,102903.89,32.69,16.33,102966.65,19.82,57.41,-3232200.75,5.86
9:4,102899.35,32.70,16.37,102966.94,19.96,56.21,-3231822.75,6.19
9:5,102893.79,32.71,16.23,102967.74,20.07,55.86,-3232728.75,4.22
9:6,102900.39,32.62,16.37,102966.51,20.02,56.29,-3233806.00,5.58
9:7,102899.76,32.57,16.48,102969.10,20.11,56.11,-3234037.25,6.35
9:8,102897.21,32.52,16.33,102968.50,20.19,54.21,-3234742.75,6.30
9:9,102899.57,32.48,16.21,102970.10,20.27,54.05,-3235285.50,4.76
9:10,102899.17,32.43,16.39,102968.08,20.32,54.23,-3236028.75,4.88
9:11,102902.49,32.64,16.34,102968.72,20.47,53.96,-3236700.75,5.73
9:12,102905.43,32.70,16.37,102969.05,20.56,53.56,-3236269.50,6.14
9:13,102891.50,32.61,16.34,102968.75,20.57,52.07,-3237908.00,4.80
9:14,102895.35,32.63,16.30,102972.08,20.57,53.18,-3238132.25,5.41
9:15,102893.75,32.66,16.21,102972.39,20.75,52.13,-3239067.25,5.59
9:16,102894.88,32.58,16.22,102966.99,20.47,52.64,-3239086.00,5.03
9:17,102894.08,32.56,16.22,102964.33,20.65,52.73,-3239575.00,4.92
9:18,102895.94,32.60,16.21,102966.79,20.64,52.01,-3240461.25,6.11
9:19,102893.22,32.56,16.29,102967.94,20.49,52.61,-3240539.50,5.03
9:20,102896.49,32.48,16.16,102965.14,20.49,52.26,-3241746.75,5.93
9:21,102892.33,32.42,16.37,102969.11,20.30,53.96,-3242290.50,4.77
9:22,102894.38,32.49,16.19,102969.83,20.57,51.43,-3242864.75,5.65
9:23,102895.91,32.58,16.28,102971.92,20.70,52.12,-3243293.25,6.02
9:24,102901.14,32.77,16.29,102970.96,20.75,53.22,-3243937.50,6.28
9:25,102904.40,32.88,16.15,102969.12,20.76,53.01,-3243721.25,6.23
9:26,102898.97,32.86,16.07,102969.52,20.82,51.20,-3245024.75,5.21
9:27,102895.66,32.76,15.95,102968.84,20.62,50.82,-3244871.25,6.06
9:28,102903.25,32.66,16.05,102968.38,20.98,50.52,-3245555.25,5.44
9:29,102899.07,32.58,16.11,102967.19,20.67,51.86,-3246497.50,5.14
9:30,102893.16,32.67,16.10,102963.44,20.85,51.30,-3246720.00,4.74
9:31,102900.16,32.72,16.12,102962.41,21.00,49.95,-3246810.50,5.81
9:32,102895.08,32.70,16.11,102961.00,20.79,51.49,-3247958.75,5.97
9:33,102892.50,32.88,16.16,102964.35,20.90,51.79,-3248394.75,4.89
9:34,102899.14,33.00,15.95,102965.00,21.26,49.40,-3248741.50,5.92
9:35,102904.02,33.00,16.00,102963.18,21.28,50.00,-3249372.00,6.08
9:36,102892.80,33.11,16.14,102967.61,21.36,50.94,-3250076.50,4.77
9:37,102897.97,33.13,15.88,102963.75,21.08,51.21,-3250051.00,4.81
9:38,102897.85,32.99,15.95,102963.86,21.04,50.80,-3250936.00,5.78
9:39,102886.63,32.99,15.99,102965.77,21.05,50.65,-3251289.50,6.09
9:40,102894.34,33.00,15.87,102960.77,21.08,50.09,-3251766.75,6.10
9:41,102887.92,32.98,15.85,102961.14,21.12,50.93,-3252352.50,5.34
9:42,102892.03,32.98,15.98,102963.75,21.18,50.09,-3253081.50,4.88
9:43,102897.67,32.99,16.01,102961.96,20.99,50.52,-3253398.00,5.32
9:44,102889.38,32.98,15.96,102959.82,21.07,50.73,-3253645.75,5.56
9:45,102892.64,33.27,16.09,102963.28,21.15,51.68,-3254524.50,4.88
9:46,102893.72,33.34,15.90,102964.81,21.24,50.83,-3255050.25,6.03
9:47,102885.53,33.35,15.81,102958.54,21.42,50.26,-3255449.50,4.89
9:48,102890.39,33.22,15.80,102956.11,21.21,50.47,-3255974.50,5.84
9:49,102887.13,33.34,16.06,102960.64,21.32,52.61,-3256833.25,4.86
9:50,102883.63,33.60,15.90,102955.95,21.61,50.27,-3256957.25,6.06
9:51,102881.47,33.75,15.72,102956.56,21.67,50.11,-3257042.75,6.04
9:52,102884.30,33.92,15.74,102950.33,21.84,49.55,-3257170.00,6.35
9:53,102883.83,33.80,15.75,102952.74,21.60,50.50,-3258282.75,6.49
9:54,102874.92,33.84,15.68,102953.32,21.72,49.78,-3257732.50,5.14
9:55,102877.17,33.94,15.76,102956.07,21.88,50.31,-3256266.75,4.09
9:56,102877.02,33.91,15.41,102952.86,22.02,48.07,-3257115.50,4.82
9:57,102883.22,33.83,15.55,102953.86,21.87,49.43,-3258463.50,5.01
9:58,102887.19,33.85,15.53,102951.69,21.80,49.63,-3259290.50,5.17
9:59,102870.42,33.97,15.57,102951.69,21.76,50.07,-3259391.50,6.10
10:0,102880.90,34.13,15.65,102953.19,21.96,50.01,-3259317.50,4.91
10:1,102877.69,34.32,15.32,102950.89,22.06,48.81,-3259304.75,5.41
10:2,102887.61,34.31,15.45,102956.78,22.08,48.97,-3260784.50,5.82
10:3,102885.05,34.29,15.58,102953.36,22.20,49.11,-3261494.00,5.04
10:4,102885.13,34.36,15.50,102952.50,22.22,49.28,-3260142.50,6.14
10:5,102880.78,34.13,15.35,102952.82,22.02,47.52,-3260412.00,5.91
10:6,102873.09,33.96,15.47,102954.24,22.17,48.33,-3261583.25,7.77
10:7,102885.47,34.06,15.52,102956.02,21.97,48.72,-3262102.50,4.85
10:8,102886.77,34.05,15.51,102957.88,21.89,48.40,-3262635.50,5.59
10:9,102883.94,33.99,15.62,102958.94,21.79,49.27,-3262856.00,5.74
10:10,102894.25,34.11,15.52,102958.35,21.99,49.08,-3263813.50,6.06
10:11,102881.22,33.97,15.24,102957.59,22.05,46.80,-3264468.50,5.88
10:12,102885.54,33.82,15.47,102958.80,22.15,47.17,-3265140.00,4.69
10:13,102882.15,33.87,15.46,102955.41,22.05,48.02,-3265326.00,5.27
10:14,102891.00,34.10,15.54,102954.25,22.35,47.51,-3266316.75,5.25
10:15,102893.42,34.20,15.44,102953.91,22.35,48.14,-3266603.50,4.73
10:16,102884.25,34.23,15.28,102954.92,22.55,45.99,-3266839.25,5.79
10:17,102872.38,34.07,15.26,102949.63,22.40,45.80,-3267313.25,6.14
10:18,102879.43,33.96,15.47,102949.49,22.33,47.07,-3268273.75,6.06
10:19,102879.75,33.93,15.35,102950.15,22.35,46.55,-3268591.00,5.30
10:20,102882.91,34.06,15.51,102948.89,22.35,47.69,-3269481.00,6.07
10:21,102888.50,34.09,15.34,102950.24,22.33,46.98,-3269495.50,4.63
10:22,102885.30,34.01,15.23,102950.44,22.34,46.72,-3270350.25,5.14
10:23,102879.16,33.93,15.37,102955.75,22.44,45.74,-3270499.25,4.56
10:24,102881.10,33.85,15.11,102949.55,22.18,45.63,-3270841.25,5.95
10:25,102884.82,33.76,15.34,102954.01,22.20,45.91,-3271471.50,6.00
10:26,102888.42,33.75,15.22,102955.72,22.28,45.80,-3272776.25,5.61
10:27,102872.35,33.85,15.33,102956.13,22.50,45.11,-3273402.50,6.02
10:28,102880.60,33.89,15.21,102952.39,22.37,45.25,-3272906.75,5.69
10:29,102889.71,33.74,15.46,102959.87,22.22,46.45,-3274253.50,4.96
10:30,102886.11,33.72,15.22,102952.57,22.25,45.31,-3274406.75,4.90
10:31,102881.57,33.74,15.50,102948.04,22.49,46.25,-3274759.25,6.11
10:32,102879.01,34.14,15.57,102950.27,22.26,48.67,-3275398.50,5.70
10:33,102882.30,34.26,15.25,102949.72,22.52,46.96,-3274646.00,5.52
10:34,102885.80,34.22,15.17,102951.14,22.63,44.75,-3275601.25,4.87
10:35,102877.97,33.73,15.20,102949.89,22.14,45.32,-3276246.00,6.03
10:36,102891.67,33.76,15.37,102954.02,22.52,44.89,-3277006.75,4.63
10:37,102881.98,33.94,15.37,102949.99,22.45,46.13,-3277755.25,4.78
10:38,102874.11,33.96,15.10,102956.78,22.70,43.91,-3277592.00,5.86
10:39,102875.64,33.75,15.12,102955.15,22.59,43.04,-3278930.00,5.85
10:40,102886.89,33.60,15.27,102952.96,22.38,44.31,-3279826.50,5.19
10:41,102884.21,33.57,15.47,102952.53,22.44,44.86,-3280312.00,5.99
10:42,102879.21,33.62,15.32,102952.44,22.53,44.12,-3280081.25,6.05
10:43,102883.57,33.64,15.35,102948.24,22.49,44.34,-3281099.50,4.66
10:44,102882.35,33.77,15.32,102946.11,22.53,44.60,-3281832.25,5.00
10:45,102880.36,33.75,15.40,102942.52,22.54,45.12,-3282040.25,4.67
10:46,102873.94,33.97,15.33,102945.67,22.57,44.92,-3282697.50,6.12
10:47,102872.86,34.01,15.29,102948.82,22.63,44.63,-3282694.75,5.74
10:48,102885.06,33.98,15.22,102948.24,22.70,44.72,-3283290.75,4.83
10:49,102873.87,34.19,15.32,102944.40,22.91,43.92,-3284620.50,4.62
10:50,102873.61,34.19,15.07,102946.39,22.79,43.35,-3284402.50,4.67
10:51,102871.64,34.13,15.22,102941.83,22.97,44.01,-3284590.75,4.16
10:52,102870.64,34.29,15.16,102944.36,23.06,43.92,-3285130.50,5.25
10:53,102879.99,34.29,15.24,102945.63,22.83,45.43,-3285554.00,4.39
10:54,102870.11,34.32,15.14,102946.50,22.90,43.99,-3286209.00,5.78
10:55,102879.89,34.22,15.22,102947.77,22.75,44.99,-3287573.75,4.65
10:56,102874.42,34.29,15.22,102949.00,22.85,44.94,-3287271.50,5.82
10:57,102875.35,34.30,15.08,102945.49,22.89,43.52,-3288002.75,4.65
10:58,102871.76,34.33,15.10,102944.19,22.97,43.71,-3286797.00,5.87
10:59,102876.54,34.52,15.35,102947.10,23.22,44.99,-3287792.75,5.51
11:0,102878.32,34.54,15.02,102945.59,23.17,43.51,-3287679.50,6.08
11:1,102878.54,34.32,15.06,102951.85,22.89,44.12,-3288701.00,4.89
11:2,102875.17,34.32,14.99,102954.61,22.84,43.55,-3288230.25,5.94
11:3,102878.79,34.29,15.22,102954.78,23.04,43.66,-3290248.50,5.37
11:4,102883.44,34.41,15.03,102957.75,22.90,43.93,-3290297.50,5.56
11:5,102877.50,34.38,15.31,102957.27,22.96,43.97,-3290564.50,5.88
11:6,102887.62,34.75,15.24,102955.35,23.33,44.65,-3290708.00,6.04
11:7,102885.12,34.95,14.99,102954.56,23.38,43.88,-3291122.75,6.13
11:8,102890.12,34.74,15.23,102953.25,23.45,42.65,-3292542.50,0.96
11:9,102892.46,20.86,62.56,102946.99,22.98,47.84,-3292381.00,0.72
11:10,102891.44,22.55,48.46,102956.55,22.88,46.24,-3293663.25,1.30
11:11,102889.25,23.72,53.58,102953.00,22.96,45.99,-3294698.75,5.27
11:12,102889.35,33.43,17.50,102948.09,23.00,45.18,-3295467.25,5.12
11:13,102877.60,34.46,15.73,102951.46,23.27,44.22,-3295920.50,5.23
11:14,102874.67,34.63,15.62,102953.63,23.23,44.98,-3295556.50,4.85
11:15,102884.80,34.81,15.34,102953.74,23.44,43.80,-3295728.75,6.07
11:16,102884.70,34.94,15.21,102952.42,23.54,43.18,-3295680.00,5.25
11:17,102882.02,34.61,15.07,102952.39,23.15,43.85,-3296063.50,4.83
11:18,102882.66,34.73,15.26,102951.61,23.31,43.85,-3296352.75,5.00
11:19,102878.95,34.75,15.13,102949.75,23.47,42.85,-3296188.75,5.09
11:20,102883.15,34.91,15.12,102952.88,23.56,43.65,-3296969.50,4.02
11:21,102884.31,35.04,15.19,102946.60,23.59,43.02,-3297177.50,6.08
11:22,102884.03,35.16,14.94,102952.32,23.88,41.71,-3296053.25,5.74
11:23,102878.89,35.07,14.90,102944.19,23.73,42.55,-3297137.50,6.12
11:24,102885.49,35.02,14.83,102949.50,23.64,43.02,-3297599.50,6.18
11:25,102881.11,35.09,14.97,102953.24,23.88,42.70,-3298359.75,6.08
11:26,102872.94,34.86,14.53,102948.21,23.42,40.63,-3298059.25,5.26
11:27,102879.45,34.61,14.74,102946.32,23.37,41.93,-3298418.75,5.79
11:28,102877.68,34.47,14.95,102947.83,23.34,42.79,-3300576.50,6.48
11:29,102885.49,34.81,14.93,102944.03,23.67,41.66,-3299370.00,6.15
11:30,102881.26,34.76,14.76,102947.74,23.65,41.11,-3299797.50,5.84
11:31,102886.42,34.66,14.64,102945.64,23.60,40.47,-3301002.50,6.06
11:32,102884.70,34.68,14.75,102945.75,23.65,40.93,-3301332.50,5.12
11:33,102874.66,34.59,15.05,102945.30,23.56,42.39,-3301602.00,4.74
11:34,102880.58,34.79,14.93,102946.80,23.77,41.04,-3300987.00,5.35
11:35,102876.21,35.06,14.82,102945.17,24.10,40.71,-3300627.50,5.59
11:36,102880.53,35.00,14.68,102946.30,23.85,41.44,-3301477.50,5.30
11:37,102877.14,35.19,14.92,102947.46,24.11,42.63,-3301990.50,5.95
11:38,102872.66,35.28,14.61,102948.31,24.09,40.90,-3302392.50,5.66
11:39,102880.05,35.30,14.63,102948.41,24.24,41.00,-3302221.50,4.63
11:40,102885.89,35.27,14.64,102948.69,24.13,41.37,-3302647.50,4.72
11:41,102880.83,35.29,14.59,102951.11,23.92,41.16,-3303542.50,6.05
11:42,102875.79,35.08,14.74,102948.14,23.86,43.16,-3304062.50,4.58
11:43,102879.53,35.31,14.84,102949.55,23.92,42.86,-3305958.00,5.30
11:44,102877.39,35.23,14.37,102943.12,23.73,40.91,-3308523.25,5.67
11:45,102866.06,35.14,14.63,102940.56,23.86,41.75,-3307884.50,6.06
11:46,102884.08,35.25,14.63,102942.75,24.06,41.43,-3309241.25,4.90
11:47,102874.69,35.45,14.69,102937.28,24.34,41.39,-3310076.50,4.84
11:48,102873.41,35.52,14.78,102941.33,24.28,42.20,-3310197.50,5.23
11:49,102887.21,35.64,14.65,102942.39,24.30,42.58,-3311497.25,5.34
11:50,102875.08,35.64,14.40,102942.03,24.35,40.72,-3310146.00,4.57
11:51,102882.42,35.54,14.54,102942.30,24.37,40.37,-3311259.25,4.61
11:52,102868.78,35.66,14.49,102942.47,24.61,39.90,-3312101.50,6.03
11:53,102874.36,35.50,14.29,102939.63,24.19,40.07,-3312806.75,5.46
11:54,102861.79,35.12,14.30,102937.61,23.94,40.50,-3312922.50,4.57
11:55,102869.24,35.20,14.62,102936.52,24.19,41.15,-3312857.00,5.69
11:56,102871.24,35.46,14.43,102936.84,24.00,40.06,-3313904.00,5.87
11:57,102866.75,35.22,14.38,102935.41,24.22,39.32,-3314177.25,4.59
11:58,102863.74,35.17,14.49,102933.07,24.10,40.03,-3314981.75,6.76
11:59,102861.66,35.25,14.51,102934.11,24.37,39.75,-3315097.50,6.30
12:0,102862.39,35.48,14.84,102929.46,24.27,41.48,-3315166.50,6.03
12:1,102858.83,35.59,14.61,102928.96,24.32,40.99,-3315948.00,5.10
12:2,102862.42,35.67,14.59,102931.33,24.26,42.15,-3316000.75,4.52
12:3,102857.35,35.87,14.53,102931.92,24.49,41.12,-3316154.75,5.55
12:4,102857.31,35.92,14.41,102931.67,24.73,40.26,-3316627.25,5.71
12:5,102861.10,35.78,14.42,102926.58,24.45,40.67,-3316403.00,5.24
12:6,102856.75,35.84,14.38,102930.21,24.55,40.13,-3316941.25,4.84
12:7,102860.10,35.71,14.28,102926.73,24.47,39.96,-3317985.25,5.79
12:8,102859.11,35.57,14.29,102921.21,24.18,40.09,-3318646.75,5.97
12:9,102855.90,35.62,14.45,102920.58,24.49,40.51,-3319087.25,6.01
12:10,102858.64,35.66,14.45,102920.91,24.55,39.55,-3319306.00,5.01
12:11,102852.60,35.73,14.49,102921.83,24.53,39.81,-3318999.25,4.58
12:12,102852.57,35.80,14.47,102927.85,24.67,39.97,-3319624.00,6.07
12:13,102846.75,35.91,14.19,102918.61,24.64,39.62,-3319906.00,5.70
12:14,102849.13,35.63,14.40,102922.78,24.52,40.24,-3320623.25,5.93
12:15,102843.36,35.83,14.33,102918.66,24.74,39.53,-3320694.00,4.61
12:16,102843.19,35.80,14.29,102911.44,24.96,38.73,-3321102.50,5.49
12:17,102838.58,35.54,14.24,102914.77,24.62,38.42,-3321916.50,5.15
12:18,102843.30,35.49,14.39,102912.69,24.70,38.39,-3322370.75,4.69
12:19,102834.80,35.57,14.23,102910.39,24.77,37.71,-3322976.75,4.65
12:20,102838.32,35.57,14.45,102906.38,24.92,38.66,-3323663.50,4.65
12:21,102844.28,35.87,14.31,102909.39,25.07,38.20,-3323867.50,5.62
12:22,102837.24,35.86,14.16,102917.44,24.81,38.71,-3323878.75,5.54
12:23,102836.64,35.86,14.26,102909.63,24.91,38.15,-3325244.75,4.60
12:24,102845.41,35.71,14.12,102911.28,24.63,38.51,-3325240.50,5.87
12:25,102839.59,35.63,14.29,102912.07,24.54,39.60,-3325072.00,4.50
12:26,102839.80,35.72,14.39,102909.74,24.87,39.16,-3325233.25,4.82
12:27,102832.99,35.89,14.29,102904.60,25.06,38.41,-3324569.00,4.73
12:28,102831.10,35.91,14.44,102907.35,24.95,39.27,-3324393.50,5.99
12:29,102830.77,36.23,14.34,102909.14,25.21,38.78,-3324527.25,5.68
12:30,102825.34,35.91,14.02,102905.21,25.08,37.82,-3325528.50,5.36
12:31,102837.70,35.79,14.12,102907.43,24.96,37.77,-3326203.50,4.67
12:32,102841.71,35.70,14.15,102910.16,24.80,38.01,-3327300.50,5.43
12:33,102836.75,35.61,14.06,102905.03,24.57,38.04,-3327737.50,6.06
12:34,102836.63,35.52,14.23,102904.89,24.64,38.51,-3328075.25,5.32
12:35,102838.21,35.77,14.54,102903.00,24.83,39.38,-3328114.50,5.53
12:36,102830.44,35.87,14.14,102904.32,24.89,37.89,-3327947.50,4.54
12:37,102831.63,35.75,14.09,102906.11,24.87,37.46,-3328848.75,4.85
12:38,102834.65,35.69,14.17,102901.17,24.83,37.86,-3329941.25,5.36
12:39,102828.83,35.65,14.18,102899.53,24.78,38.15,-3329652.75,5.74
12:40,102824.32,35.70,14.10,102900.18,24.74,37.20,-3329890.00,4.54
12:41,102826.92,34.82,14.02,102890.74,23.33,39.21,-3330477.50,5.07
12:42,102819.20,34.69,14.47,102890.49,23.80,39.18,-3330523.25,3.89
12:43,102824.17,34.90,14.45,102891.71,24.45,38.32,-3331129.50,5.50
12:44,102823.07,35.07,14.21,102892.92,24.48,37.43,-3332048.50,5.20
12:45,102817.15,35.00,14.48,102892.54,24.58,37.87,-3332105.50,5.14
12:46,102823.17,35.31,14.53,102886.75,24.82,38.14,-3332690.75,6.05
12:47,102821.25,35.52,14.44,102888.17,25.00,37.66,-3332694.75,4.84
12:48,102815.21,35.87,14.51,102890.08,25.32,38.92,-3333313.50,4.79
12:49,102819.81,36.16,14.20,102885.61,25.58,36.71,-3332510.50,4.02
12:50,102825.32,35.95,14.10,102885.13,25.56,36.25,-3332746.50,4.51
12:51,102821.00,35.96,14.23,102887.92,25.45,37.78,-3333313.00,5.66
12:52,102823.42,35.97,14.02,102892.55,25.32,36.35,-3333680.25,5.74
12:53,102832.01,35.67,13.90,102895.13,25.29,35.54,-3334938.50,5.91
12:54,102830.52,35.45,13.92,102893.42,25.16,34.93,-3335344.25,4.57
12:55,102827.63,35.29,14.08,102897.03,25.17,35.31,-3335670.00,4.47
12:56,102833.11,35.38,14.04,102897.60,25.23,34.66,-3335866.75,5.91
12:57,102823.89,35.19,13.91,102892.82,25.14,34.07,-3335998.50,5.96
12:58,102820.65,35.08,14.02,102894.10,25.21,34.20,-3336564.50,5.40
12:59,102822.89,35.04,14.13,102897.22,25.20,34.44,-3336976.50,5.28
13:0,102822.60,35.20,14.09,102894.21,25.12,34.76,-3337438.75,4.99
13:1,102830.02,35.35,14.30,102896.28,25.29,36.08,-3337447.25,5.36
13:2,102831.11,35.70,14.17,102888.74,25.47,35.45,-3337503.00,4.15
13:3,102822.13,35.80,14.05,102893.49,25.47,35.62,-3337086.00,4.53
13:4,102834.92,35.62,13.91,102901.85,25.20,35.03,-3338040.00,4.56
13:5,102822.17,35.53,14.04,102899.39,25.07,35.71,-3338261.50,5.77
13:6,102826.55,35.49,13.97,102898.19,25.07,35.71,-3338818.75,4.47
13:7,102824.74,35.20,13.98,102891.91,24.75,35.59,-3338781.50,5.94
13:8,102826.46,35.17,14.17,102889.57,24.93,35.91,-3339944.50,5.70
13:9,102827.07,35.43,14.21,102894.25,25.34,35.18,-3339810.50,5.25
13:10,102822.39,35.61,14.32,102888.92,25.48,36.04,-3339976.75,5.73
13:11,102824.21,35.79,14.11,102891.66,25.50,35.44,-3340426.00,4.83
13:12,102829.10,35.82,14.11,102888.69,25.54,36.43,-3340182.00,5.65
13:13,102828.67,36.01,14.07,102886.75,25.82,35.69,-3340138.25,4.59
13:14,102821.60,36.00,13.92,102890.63,25.71,35.21,-3340500.50,5.31
13:15,102824.44,36.15,14.26,102887.53,25.91,35.88,-3340529.50,6.15
13:16,102831.95,36.36,14.13,102888.46,25.72,37.85,-3340553.50,5.62
13:17,102818.56,36.49,14.12,102886.75,25.54,38.09,-3340274.00,5.30
13:18,102815.85,36.28,13.62,102889.53,24.96,35.66,-3340274.50,4.09
13:19,102818.94,35.98,14.13,102890.86,25.08,38.28,-3342746.50,4.53
13:20,102825.59,36.10,13.86,102887.52,25.45,35.58,-3342298.50,4.92
13:21,102816.02,35.98,14.02,102880.83,25.47,35.87,-3342448.50,5.90
13:22,102803.74,35.92,13.77,102877.44,25.55,34.77,-3342847.25,4.81
13:23,102807.35,35.79,13.83,102879.18,25.03,35.90,-3343398.50,4.67
13:24,102814.36,35.84,14.04,102878.60,24.94,36.77,-3345049.50,6.01
13:25,102805.67,36.06,13.95,102874.83,25.54,35.66,-3345216.75,4.84
13:26,102811.24,35.90,13.98,102878.67,25.20,36.77,-3345471.25,5.57
13:27,102813.92,36.18,14.07,102874.27,25.86,35.34,-3345135.50,6.12
13:28,102820.28,36.34,13.87,102877.17,26.08,35.17,-3345643.25,5.30
13:29,102814.07,36.12,13.94,102876.28,25.87,35.71,-3346654.00,4.98
13:30,102816.13,36.48,13.97,102878.92,25.83,35.92,-3346896.75,5.66
13:31,102809.07,36.22,13.79,102883.60,25.06,36.68,-3346935.25,5.94
13:32,102812.17,36.10,13.84,102880.69,25.21,36.35,-3346768.75,5.88
13:33,102811.21,35.83,13.82,102882.53,24.55,38.28,-3347807.75,4.60
13:34,102808.86,35.50,13.96,102875.52,24.72,37.43,-3348017.50,4.58
13:35,102809.16,35.63,14.13,102874.82,24.90,37.71,-3348576.00,4.09
13:36,102802.30,36.07,14.21,102871.28,25.40,37.56,-3349272.50,6.03
13:37,102804.56,36.31,14.08,102869.74,25.93,36.52,-3349386.00,4.52
13:38,102800.44,36.70,13.98,102871.17,26.27,35.68,-3349549.00,4.57
13:39,102804.60,36.44,13.54,102867.07,25.28,35.94,-3349228.25,4.20
13:40,102809.51,35.78,13.93,102875.57,24.96,37.63,-3349754.75,5.17
13:41,102800.68,35.69,13.90,102872.72,25.47,35.82,-3349839.00,5.14
13:42,102805.17,35.84,13.99,102872.92,25.57,35.33,-3350610.25,4.87
13:43,102799.52,36.01,14.04,102869.96,25.76,35.84,-3350898.75,6.13
13:44,102802.85,36.39,13.98,102869.02,26.07,34.78,-3351106.50,5.16
13:45,102802.91,36.41,13.77,102872.33,26.05,35.28,-3351182.25,4.64
13:46,102791.78,36.49,14.10,102868.82,26.26,36.36,-3352009.50,6.15
13:47,102806.33,36.77,13.99,102872.64,26.46,36.01,-3352091.50,5.97
13:48,102800.84,36.92,13.68,102871.49,26.49,34.57,-3352449.25,5.05
13:49,102788.55,36.54,13.78,102865.92,25.83,37.09,-3351881.50,5.56
13:50,102794.81,36.84,13.65,102861.11,26.15,34.63,-3353110.50,4.97
13:51,102808.44,36.52,13.58,102860.78,26.13,34.50,-3353508.75,5.73
13:52,102798.97,36.72,13.94,102863.80,26.58,35.23,-3353284.50,5.92
13:53,102799.53,36.95,13.74,102868.89,26.77,34.03,-3353830.75,6.20
13:54,102790.02,37.14,13.74,102866.66,26.72,34.47,-3354029.25,5.48
13:55,102802.83,36.89,13.43,102861.81,26.44,33.73,-3355049.00,4.72
13:56,102791.59,36.59,13.67,102861.07,26.50,34.38,-3354888.50,5.73
13:57,102792.18,36.59,13.63,102864.19,26.37,34.17,-3355193.00,5.16
13:58,102790.11,36.51,13.54,102860.08,26.21,34.31,-3355180.75,6.20
13:59,102795.00,36.42,13.82,102856.75,26.19,34.78,-3355794.00,5.97
14:0,102792.94,36.81,13.85,102858.39,26.57,34.71,-3356347.25,6.10
14:1,102797.61,36.97,13.62,102863.35,26.65,33.98,-3356562.50,4.51
14:2,102788.89,37.01,13.96,102854.77,26.67,37.00,-3354828.00,4.96
14:3,102796.76,37.28,13.66,102856.89,26.67,35.43,-3356123.50,5.30
14:4,102784.78,37.35,13.83,102861.53,26.97,35.71,-3356696.75,5.96
14:5,102775.12,37.41,13.46,102850.17,26.82,34.80,-3357210.00,6.03
14:6,102789.85,37.34,13.51,102856.32,26.72,34.74,-3357136.00,5.05
14:7,102781.85,37.13,13.42,102859.08,26.47,34.19,-3357640.00,5.48
14:8,102786.04,37.00,13.60,102861.78,26.68,34.30,-3358782.75,4.56
14:9,102791.32,36.88,13.38,102855.99,26.36,34.02,-3358498.00,5.65
14:10,102786.49,36.52,13.32,102850.00,26.03,33.25,-3359403.50,4.62
14:11,102778.58,36.05,13.60,102851.57,25.92,34.25,-3359331.50,5.97
14:12,102787.83,36.10,13.80,102848.06,26.16,34.56,-3359431.50,4.30
14:13,102785.44,36.40,13.98,102851.10,26.45,35.11,-3359620.75,5.97
14:14,102786.50,36.61,13.78,102849.13,26.16,34.75,-3359720.75,4.57
14:15,102788.17,36.68,13.78,102846.75,26.35,34.97,-3360455.25,6.11
14:16,102782.15,36.56,13.62,102848.57,25.95,34.87,-3360318.75,4.54
14:17,102773.82,36.55,13.71,102850.36,26.43,33.99,-3361502.75,5.65
14:18,102779.21,36.38,13.47,102844.35,26.18,33.38,-3361576.75,4.81
14:19,102777.27,36.09,13.65,102842.55,26.31,33.15,-3362275.25,5.08
14:20,102775.31,36.19,13.80,102839.94,26.65,32.50,-3362641.50,5.79
14:21,102775.46,36.32,13.61,102841.50,26.64,32.05,-3362512.00,4.92
14:22,102773.96,36.35,13.40,102841.72,26.49,31.40,-3362905.50,4.61
14:23,102779.64,36.13,13.58,102840.14,26.67,31.68,-3363562.00,5.83
14:24,102771.63,36.27,13.59,102842.81,26.79,31.55,-3362808.75,3.92
14:25,102774.16,36.43,13.61,102845.85,27.11,31.31,-3363747.25,5.86
14:26,102777.14,36.56,13.55,102849.11,27.24,30.51,-3364142.50,4.98
14:27,102780.52,36.43,13.45,102851.87,27.11,31.12,-3364384.75,5.74
14:28,102776.75,36.40,13.50,102844.66,27.18,30.82,-3364824.00,5.32
14:29,102772.69,36.47,13.50,102846.49,27.26,30.62,-3365016.50,4.20
14:30,102788.21,36.52,13.50,102849.32,26.98,31.41,-3364736.00,4.85
14:31,102782.39,36.36,13.44,102849.78,26.40,32.41,-3364962.50,5.69
14:32,102781.19,36.01,13.56,102848.20,26.14,32.62,-3365222.75,5.34
14:33,102786.42,36.14,13.75,102850.52,26.65,32.10,-3365441.25,5.81
14:34,102781.97,36.35,13.58,102845.96,26.96,31.42,-3365864.50,4.87
14:35,102785.75,36.46,13.71,102846.67,27.13,31.88,-3363077.50,5.27
14:36,102780.22,36.37,13.70,102848.88,26.57,32.61,-3363453.25,4.51
14:37,102783.98,36.54,13.69,102846.00,26.96,32.80,-3364273.50,6.22
14:38,102777.17,36.91,13.75,102845.92,27.14,32.38,-3363949.50,5.13
14:39,102782.53,37.06,13.68,102847.27,27.60,32.24,-3365554.00,5.45
14:40,102786.30,37.09,13.48,102843.75,27.57,31.78,-3366633.50,5.80
14:41,102777.60,37.22,13.70,102845.43,27.58,32.20,-3367143.25,4.81
14:42,102786.29,37.16,13.36,102843.22,27.47,31.30,-3367519.25,4.64
14:43,102783.99,36.99,13.36,102846.28,27.45,31.39,-3368052.75,4.98
14:44,102779.96,37.04,13.39,102845.42,27.22,31.06,-3367945.25,5.87
14:45,102786.13,36.75,13.35,102845.08,27.10,31.02,-3368266.50,4.61
14:46,102778.14,36.54,13.38,102842.64,27.03,31.11,-3368834.50,5.67
14:47,102771.13,36.56,13.47,102841.16,26.74,31.21,-3369544.00,5.33
14:48,102768.28,36.26,13.41,102834.24,25.95,32.57,-3370178.75,6.42
14:49,102773.96,36.27,13.52,102838.28,26.70,31.34,-3370580.00,5.72
14:50,102770.96,36.44,13.72,102835.49,27.15,32.37,-3371056.00,5.86
14:51,102768.47,36.83,13.77,102831.61,27.25,32.95,-3369400.00,4.92
14:52,102770.75,36.96,13.68,102836.63,27.05,33.96,-3369883.25,4.69
14:53,102763.20,37.30,13.64,102839.09,27.48,33.46,-3370956.00,5.09
14:54,102769.63,37.42,13.42,102837.97,27.73,32.08,-3370788.50,4.56
14:55,102768.03,37.47,13.22,102835.97,27.76,31.27,-3371496.50,6.04
14:56,102770.86,33.44,20.78,102832.75,27.55,32.15,-3304801.25,0.59
14:57,102772.12,30.12,25.33,102839.17,26.56,33.96,-3151329.50,0.56
14:58,102772.38,28.97,27.18,102834.28,26.60,33.40,-2923143.50,0.55
14:59,102771.25,28.44,28.47,102831.17,27.04,32.95,-2719913.25,0.57
15:0,102774.36,28.76,29.78,102831.33,27.41,33.46,-2478767.25,0.57
15:1,102766.42,28.99,29.68,102831.47,27.69,33.52,-2182277.25,0.55
15:2,102764.80,28.98,28.89,102831.38,27.56,32.12,-1934647.62,0.57
15:3,102769.50,28.68,30.14,102830.69,27.64,33.84,-1629727.37,0.57
15:4,102774.83,28.79,29.92,102831.52,27.74,34.11,-1332365.50,0.56
15:5,102770.21,28.73,30.53,102830.19,27.80,33.95,-699193.87,0.21
15:6,102773.74,28.98,44.62,102834.96,28.11,32.93,-698598.81,1.28
15:7,102773.17,23.07,61.65,102831.73,27.63,35.59,-698316.00,1.35
15:8,102771.60,21.94,65.52,102831.21,27.20,36.45,-697895.81,0.83
15:9,102768.17,23.31,59.71,102829.55,27.32,37.64,-697033.81,4.44
15:10,102765.15,34.98,17.34,102830.91,27.84,34.23,-696672.37,5.97
15:11,102765.87,35.96,15.46,102833.41,28.28,32.34,-696603.37,5.80
15:12,102761.69,36.40,14.90,102837.04,28.47,31.19,-696606.87,4.63
15:13,102766.21,36.49,14.47,102832.03,28.22,30.59,-697364.62,5.19
15:14,102768.63,36.57,14.45,102832.46,28.39,31.88,-697725.87,5.58
15:15,102761.21,36.75,14.19,102823.19,27.44,31.89,-696877.81,5.61
15:16,102764.46,36.86,14.33,102827.52,27.64,32.45,-698533.81,4.58
15:17,102766.69,37.06,14.09,102832.97,28.39,30.78,-698037.87,4.62
15:18,102752.14,37.38,13.92,102830.39,28.86,30.25,-697952.00,4.14
15:19,102764.20,37.43,13.69,102827.90,28.84,29.48,-697205.37,5.50
15:20,102766.46,37.25,13.65,102830.83,28.74,30.06,-697660.00,4.02
15:21,102761.86,37.35,13.78,102831.86,28.97,29.90,-697542.12,4.05
15:22,102767.49,37.55,13.66,102829.50,29.32,29.71,-697028.37,5.40
15:23,102761.53,37.61,13.58,102822.55,29.54,29.29,-695851.87,5.72
15:24,102751.96,37.50,13.37,102823.07,29.09,27.86,-695329.31,5.10
15:25,102741.14,37.10,13.62,102822.38,27.98,31.13,-695119.50,4.33
15:26,102752.47,37.35,13.94,102816.10,27.87,33.51,-695842.12,4.65
15:27,102756.23,37.70,13.71,102822.31,28.99,31.21,-695864.00,4.06
15:28,102745.36,37.89,13.51,102813.22,29.90,28.64,-695132.31,4.09
15:29,102747.63,37.99,13.43,102816.28,30.07,28.39,-695189.62,5.43
15:30,102755.61,38.02,13.52,102813.75,30.09,28.71,-695886.12,4.09
15:31,102750.71,38.06,13.45,102814.53,29.99,29.21,-695402.50,5.90
15:32,102747.50,38.22,13.44,102812.80,30.33,28.31,-695588.18,4.34
15:33,102749.07,38.22,13.39,102814.70,29.57,29.90,-696454.18,5.20
15:34,102751.33,38.21,13.43,102811.58,29.81,29.48,-696437.12,4.35
15:35,102741.68,37.44,13.15,102819.51,28.62,30.13,-694993.12,4.52
15:36,102758.50,36.97,13.60,102814.07,28.69,30.07,-693940.37,5.93
15:37,102743.13,37.17,13.66,102818.46,29.25,29.30,-695357.68,4.15
15:38,102744.28,37.43,13.54,102813.75,30.10,27.95,-695955.37,5.63
15:39,102735.54,37.69,13.81,102816.42,30.85,28.61,-696385.12,5.23
15:40,102750.98,38.00,13.52,102811.00,31.08,27.46,-695623.18,5.48
15:41,102743.91,38.00,13.48,102813.66,31.47,26.56,-695435.50,4.09
15:42,102743.05,38.04,13.34,102807.92,31.70,26.48,-695673.87,5.97
15:43,102736.86,38.08,13.26,102810.33,31.90,25.33,-696198.18,5.07
15:44,102738.81,38.11,13.52,102812.57,32.37,25.51,-695746.62,5.21
15:45,102741.99,38.17,13.32,102813.34,32.80,24.08,-695948.87,5.54
15:46,102739.02,38.23,13.23,102812.99,33.10,23.71,-695539.31,5.27
15:47,102729.58,38.05,13.18,102810.36,33.47,22.90,-695589.50,4.43
15:48,102737.39,37.84,13.27,102811.69,33.15,23.76,-695736.37,4.94
15:49,102740.33,38.07,13.40,102815.11,33.71,23.04,-695652.81,6.00
15:50,102743.09,38.07,13.13,102810.69,33.93,22.55,-694986.62,4.61
15:51,102750.25,38.07,13.33,102809.89,33.92,22.71,-695193.31,4.98
15:52,102743.08,38.14,13.07,102814.66,34.01,22.14,-695689.50,5.18
15:53,102743.13,37.99,13.22,102814.14,33.99,22.07,-696076.00,4.05
15:54,102735.23,37.72,13.18,102817.07,32.94,23.05,-696886.00,5.63
15:55,102748.82,37.75,13.51,102808.38,33.96,23.02,-696438.81,4.96
15:56,102741.03,38.17,13.25,102808.72,34.60,21.59,-696194.18,4.20
15:57,102735.80,38.25,13.01,102808.61,34.86,21.07,-696121.18,5.14
15:58,102737.55,38.35,13.06,102808.04,35.10,21.18,-695248.31,5.47
15:59,102736.17,38.33,12.96,102806.59,35.18,20.54,-695119.18,6.23
16:0,102742.64,38.45,13.24,102808.58,35.24,21.88,-694947.31,6.18
16:1,102731.17,38.86,13.09,102810.27,35.16,21.37,-695073.18,6.02
16:2,102730.92,38.48,12.79,102807.63,35.26,20.41,-696231.87,5.94
16:3,102738.86,38.40,13.02,102804.27,35.47,20.37,-696634.81,5.86
16:4,102734.22,38.61,13.19,102801.96,35.57,21.49,-696219.68,4.72
16:5,102734.72,38.95,12.98,102801.33,36.08,20.08,-695658.18,6.04
16:6,102740.91,38.93,12.83,102803.72,35.98,19.91,-696219.00,5.49
16:7,102736.69,38.91,12.44,102805.47,34.58,19.67,-696317.12,4.75
16:8,102728.70,38.06,12.68,102802.21,34.09,20.26,-696062.87,4.62
16:9,102721.69,37.78,12.92,102804.11,33.53,21.69,-696098.50,4.51
16:10,102731.32,37.99,12.96,102799.35,34.37,20.75,-696794.62,4.53
16:11,102728.79,38.15,13.09,102800.30,35.10,20.55,-697382.12,5.21
16:12,102730.63,38.37,12.84,102801.42,34.90,20.33,-696486.00,5.61
16:13,102726.39,38.25,12.87,102797.32,34.95,20.59,-694714.50,4.51
16:14,102729.17,38.41,13.11,102795.35,35.43,20.36,-693688.68,4.22
16:15,102726.39,38.60,12.92,102797.32,35.28,20.14,-693975.31,4.10
16:16,102720.14,38.66,12.94,102799.13,35.63,20.30,-691935.31,4.09
16:17,102730.33,38.82,12.72,102794.56,35.53,19.73,-694940.12,5.27
16:18,102722.85,38.68,12.67,102802.46,35.88,19.19,-691981.87,3.98
16:19,102733.75,38.45,12.63,102797.89,35.07,19.37,-693145.18,4.00
16:20,102720.74,38.27,12.72,102796.36,35.25,19.84,-693710.50,5.36
16:21,102719.89,37.96,12.84,102793.97,33.99,20.87,-693136.62,5.61
16:22,102727.30,37.84,12.85,102799.35,32.56,23.03,-689159.00,4.24
16:23,102731.96,37.84,12.98,102791.25,34.10,21.32,-692502.50,5.27
16:24,102723.07,38.03,13.03,102794.32,34.26,21.60,-693068.62,4.72
16:25,102720.13,38.12,12.89,102794.96,34.79,20.18,-690177.18,4.67
16:26,102721.81,38.30,12.98,102793.60,35.51,20.10,-693228.37,4.69
16:27,102722.27,38.63,12.93,102793.52,35.36,20.38,-692863.62,5.16
16:28,102723.14,38.53,12.69,102792.05,34.42,20.43,-693266.31,5.24
16:29,102723.39,38.36,12.85,102793.50,35.03,20.28,-693733.00,5.65
16:30,102721.42,38.59,13.07,102796.86,35.94,20.45,-694510.81,4.18
16:31,102723.97,38.93,12.91,102794.48,36.30,19.80,-694298.31,4.09
16:32,102731.38,39.06,12.74,102794.43,36.27,19.17,-693694.81,5.39
16:33,102721.53,39.01,12.72,102788.92,36.54,19.25,-693431.81,4.56
16:34,102709.74,39.04,12.73,102788.54,35.55,19.67,-693195.81,5.85
16:35,102714.35,38.99,12.89,102788.13,35.39,21.45,-694627.68,4.01
16:36,102718.46,39.34,12.83,102792.14,36.10,20.36,-695621.87,4.91
16:37,102724.28,39.39,12.58,102789.71,36.09,19.94,-695783.68,4.79
16:38,102721.11,39.31,12.25,102782.42,36.00,18.64,-696793.87,4.33
16:39,102718.91,38.96,12.47,102789.53,35.88,19.04,-696430.37,5.83
16:40,102717.42,38.91,12.70,102787.75,35.68,19.70,-695772.12,5.39
16:41,102713.58,38.89,12.45,102785.00,34.49,20.59,-695416.81,4.56
16:42,102707.32,38.73,12.49,102783.77,35.28,19.89,-698086.12,5.01
16:43,102712.55,38.62,12.56,102782.47,34.60,20.69,-698072.62,5.05
16:44,102711.19,38.74,12.62,102782.94,35.89,19.30,-700471.62,4.12
16:45,102705.64,38.79,12.64,102777.82,36.49,19.00,-699791.37,4.00
16:46,102715.27,38.83,12.70,102780.94,35.08,20.60,-698896.81,4.00
16:47,102706.21,38.98,12.77,102778.56,35.37,20.70,-700202.87,5.42
16:48,102695.40,39.11,12.67,102776.16,35.58,20.17,-699342.87,4.05
16:49,102706.89,38.90,12.60,102775.49,35.29,20.33,-698518.12,5.40
16:50,102712.85,38.88,12.66,102779.28,35.20,20.36,-700406.81,6.04
16:51,102713.63,39.04,12.62,102781.84,35.18,20.34,-698947.50,5.06
16:52,102713.11,38.99,12.55,102781.60,35.77,19.63,-700570.68,4.67
16:53,102716.77,39.06,12.63,102781.77,36.42,19.03,-700105.62,5.91
16:54,102711.02,39.21,12.69,102784.53,37.02,18.83,-700163.12,5.50
16:55,102712.70,39.33,12.35,102782.67,36.30,18.58,-699392.18,5.54
16:56,102704.49,39.02,12.29,102778.16,36.16,18.27,-699985.68,4.23
16:57,102711.24,38.71,12.35,102773.64,35.87,18.41,-700085.00,3.86
16:58,102700.49,38.83,12.80,102775.60,36.32,19.43,-700860.18,5.43
16:59,102699.78,39.04,12.47,102773.71,35.09,19.18,-697584.87,4.53
17:0,102698.42,38.99,12.49,102775.40,35.71,19.16,-699782.00,5.20
17:1,102699.22,38.71,12.26,102772.58,35.17,18.95,-701614.37,4.92
17:2,102702.38,38.56,12.41,102770.14,36.06,18.28,-702369.18,5.29
17:3,102700.21,38.52,12.44,102771.25,36.28,17.81,-702993.62,5.50
17:4,102700.81,38.38,12.45,102764.81,35.42,18.48,-703712.87,5.45
17:5,102693.20,38.14,12.54,102767.03,35.13,18.99,-700771.00,4.61
17:6,102694.77,38.32,12.72,102765.42,36.30,18.38,-701541.50,3.95
17:7,102694.78,38.76,12.69,102762.39,36.49,18.30,-702803.00,5.15
17:8,102691.14,38.93,12.63,102760.61,36.71,18.26,-703176.00,3.99
17:9,102686.15,38.99,12.47,102760.75,36.69,17.67,-702639.68,4.61
17:10,102689.11,38.94,12.64,102757.78,36.39,18.99,-701889.87,4.45
17:11,102682.71,39.11,12.40,102752.92,35.79,18.78,-704121.37,5.35
17:12,102693.31,39.04,12.66,102758.51,35.56,19.51,-702025.81,6.10
17:13,102684.69,39.08,12.40,102752.69,35.36,18.59,-702468.37,4.80
17:14,102687.58,38.97,12.67,102753.38,36.06,19.47,-705643.87,4.76
17:15,102690.91,39.08,12.42,102750.63,36.37,17.97,-705696.18,4.69
17:16,102693.64,39.01,12.24,102754.52,36.66,17.28,-705739.18,4.98
17:17,102681.25,38.77,12.33,102745.21,36.04,17.80,-703774.50,4.54
17:18,102680.36,38.68,12.40,102748.83,36.37,17.67,-706057.87,4.25
17:19,102680.58,38.80,12.45,102759.33,36.99,17.08,-707426.87,5.21
17:20,102686.10,39.07,12.67,102757.58,36.99,18.54,-706299.12,4.79
17:21,102682.77,38.96,12.18,102752.66,36.44,17.54,-706071.37,4.93
17:22,102680.01,38.84,12.23,102751.98,35.86,17.74,-705621.87,4.11
17:23,102674.06,38.77,12.38,102749.23,36.23,17.82,-706938.31,5.23
17:24,102678.50,38.82,12.49,102750.96,36.44,17.70,-707370.37,5.00
17:25,102685.34,39.01,12.43,102751.33,36.81,17.47,-711032.62,5.50
17:26,102681.75,38.95,12.14,102755.07,37.14,16.61,-710822.37,5.50
17:27,102679.24,38.96,12.48,102747.21,36.30,18.33,-711423.18,4.13
17:28,102684.54,39.06,12.30,102747.69,36.38,18.12,-713481.18,5.99
17:29,102679.33,38.96,12.19,102747.83,36.63,17.15,-713230.81,5.35
17:30,102675.92,38.84,12.17,102748.95,36.66,16.92,-713737.12,6.08
17:31,102681.06,38.83,12.34,102749.58,37.03,17.00,-714119.87,5.05
17:32,102670.51,38.91,12.25,102746.10,36.52,17.48,-713813.37,3.98
17:33,102676.21,38.88,12.33,102745.12,36.69,17.40,-714295.81,4.65
17:34,102675.88,38.95,12.52,102746.86,36.97,17.73,-714760.12,5.26
17:35,102679.36,39.13,12.22,102742.96,37.29,16.75,-715717.37,4.05
17:36,102672.61,39.07,12.30,102747.80,37.19,16.90,-716302.00,4.83
17:37,102674.90,38.96,12.27,102743.36,36.15,17.78,-716353.12,5.05
17:38,102676.44,38.84,12.30,102739.81,35.93,17.86,-717508.31,4.40
17:39,102679.27,38.75,12.34,102743.44,35.92,18.02,-716426.50,5.37
17:40,102667.77,38.98,12.52,102745.66,36.63,18.04,-717687.31,4.22
17:41,102670.77,39.15,12.27,102746.21,37.17,17.05,-718971.12,5.39
17:42,102676.32,39.03,12.18,102744.39,36.30,17.58,-718577.81,5.70
17:43,102674.11,38.79,12.31,102741.60,36.04,17.95,-718189.37,4.88
17:44,102676.05,38.76,12.40,102742.96,36.49,17.75,-719468.81,5.45
17:45,102671.28,38.70,12.45,102733.88,35.62,18.75,-719077.50,4.45
17:46,102673.98,38.46,12.48,102735.28,35.12,19.65,-719821.81,5.14
17:47,102675.02,38.55,12.61,102733.96,35.66,18.92,-719429.87,5.68
17:48,102667.00,38.89,12.48,102735.35,36.53,18.06,-720706.68,5.40
17:49,102664.58,39.05,12.59,102730.28,36.26,18.91,-721269.68,5.45
17:50,102669.55,39.08,12.37,102728.24,36.15,18.27,-721014.62,6.08
17:51,102672.44,39.13,12.41,102731.82,36.34,18.01,-720380.87,4.81
17:52,102658.10,38.98,12.23,102731.70,36.17,17.99,-720904.31,4.55
17:53,102662.83,38.68,12.29,102730.60,34.72,19.25,-721928.37,5.75
17:54,102659.67,38.63,12.32,102725.58,35.38,18.53,-721798.31,5.21
17:55,102656.57,38.89,12.65,102728.33,35.61,19.55,-722791.12,5.32
17:56,102658.28,39.20,12.45,102729.39,35.91,18.92,-722692.81,4.61
17:57,102664.24,39.21,12.41,102723.58,35.54,19.41,-723549.31,5.99
17:58,102661.83,39.29,12.54,102725.35,34.91,20.54,-724532.37,5.30
17:59,102659.16,39.01,12.42,102726.77,34.65,20.35,-724974.37,6.01
18:0,102657.83,39.02,12.71,102722.84,34.87,20.90,-728119.81,3.98
18:1,102660.72,39.25,12.46,102726.83,35.39,19.39,-727985.87,4.01
18:2,102656.48,39.16,12.21,102727.16,35.91,17.95,-725903.12,5.05
18:3,102654.84,38.81,12.28,102724.28,35.94,17.97,-726795.00,4.56
18:4,102663.52,38.64,12.38,102725.89,35.49,18.69,-725363.87,6.12
18:5,102656.60,38.92,12.47,102726.32,36.18,18.10,-724005.50,5.82
18:6,102655.52,39.13,12.60,102724.22,36.22,18.81,-725593.00,4.46
18:7,102659.11,39.22,12.50,102723.62,35.88,19.58,-726651.87,4.62
18:8,102658.13,39.25,12.40,102722.22,35.63,19.14,-724443.12,4.67
18:9,102664.64,38.99,12.36,102723.67,35.82,18.56,-723489.50,5.26
18:10,102659.57,39.05,12.21,102720.65,36.08,17.70,-724635.37,5.58
18:11,102655.24,38.94,12.40,102721.80,35.99,18.46,-725267.68,4.05
18:12,102657.89,39.00,12.36,102722.57,35.99,18.14,-726992.81,4.74
18:13,102654.78,39.08,12.41,102716.28,36.02,18.60,-727027.18,5.41
18:14,102654.41,39.05,12.26,102711.46,35.49,18.83,-725263.18,4.93
18:15,102656.00,39.02,12.27,102712.80,35.71,18.35,-726787.12,4.60
18:16,102650.60,39.01,12.37,102713.74,35.98,18.23,-727035.68,5.35
18:17,102653.14,39.02,12.31,102711.03,35.06,18.83,-726655.62,5.80
18:18,102649.85,39.04,12.28,102710.28,35.69,18.53,-727778.50,4.12
18:19,102644.30,39.12,12.42,102711.22,35.47,19.37,-728236.87,5.97
18:20,102652.28,39.15,12.51,102708.52,35.17,19.71,-728363.00,4.11
18:21,102647.13,39.22,12.50,102711.60,35.33,19.94,-728633.31,4.52
18:22,102648.96,39.28,12.35,102713.84,34.84,20.19,-728530.62,4.72
18:23,102657.50,39.21,12.37,102715.53,34.77,20.28,-728286.18,5.08
18:24,102655.86,39.16,12.27,102713.42,34.89,19.86,-729160.68,4.96
18:25,102652.57,39.13,12.33,102711.50,34.95,19.64,-728658.50,4.65
18:26,102651.89,39.21,12.31,102709.44,34.83,19.80,-729306.50,4.45
18:27,102648.25,38.86,12.09,102707.49,34.81,19.01,-728087.50,5.42
18:28,102653.58,38.68,12.20,102711.41,34.57,19.28,-728164.12,5.86
18:29,102657.13,38.68,12.38,102709.29,34.21,19.82,-729053.81,4.45
18:30,102643.13,38.74,12.42,102706.55,33.66,21.08,-729159.31,4.46
18:31,102644.25,38.73,12.29,102704.91,33.37,20.58,-728767.18,4.52
18:32,102651.63,38.54,12.18,102703.42,33.65,19.81,-729710.87,5.81
18:33,102649.64,38.37,12.25,102702.99,33.73,19.68,-729078.87,3.86
18:34,102644.14,38.35,12.36,102706.57,33.56,19.76,-728623.87,4.32
18:35,102648.89,38.21,12.38,102704.53,34.46,19.17,-727462.81,5.04
18:36,102641.64,38.34,12.50,102703.30,34.47,19.43,-726401.00,5.08
18:37,102647.94,38.49,12.42,102704.03,34.90,18.86,-725168.18,4.46
18:38,102642.98,38.42,12.34,102706.27,34.60,18.96,-725849.81,5.07
18:39,102649.28,38.41,12.48,102702.76,35.04,18.98,-725197.50,4.95
18:40,102645.27,38.61,12.53,102704.41,35.06,19.30,-724845.68,5.62
18:41,102643.61,38.75,12.35,102705.36,34.71,19.10,-726541.87,5.58
18:42,102643.83,38.72,12.54,102706.55,34.57,20.22,-725941.00,5.86
18:43,102643.01,38.81,12.30,102702.71,34.07,19.94,-726295.18,5.09
18:44,102637.47,38.85,12.44,102706.37,34.17,20.50,-729651.12,4.45
18:45,102644.81,38.82,12.31,102706.33,34.40,19.85,-730378.31,5.92
18:46,102639.03,38.79,12.31,102704.92,34.24,20.09,-731783.18,4.95
18:47,102639.95,38.68,12.61,102702.82,33.90,21.38,-732166.00,4.46
18:48,102637.75,38.84,12.56,102703.52,33.55,21.70,-733268.87,5.81
18:49,102639.37,38.71,12.36,102700.38,33.15,21.51,-731927.37,4.95
18:50,102643.86,38.63,12.56,102702.88,32.81,22.72,-734112.81,5.88
18:51,102642.82,38.63,12.45,102703.67,32.81,22.63,-734884.81,5.77
18:52,102632.39,38.58,12.37,102701.78,32.66,21.88,-735482.81,4.07
18:53,102639.27,38.46,12.45,102701.61,33.06,21.68,-735193.00,4.93
18:54,102643.76,38.46,12.52,102699.48,33.12,21.53,-735621.00,5.06
18:55,102642.47,38.46,12.42,102697.22,33.12,21.10,-735787.50,5.66
18:56,102645.56,38.48,12.43,102697.66,33.32,20.84,-735737.00,5.32
18:57,102638.17,38.53,12.43,102696.28,34.02,20.18,-735042.68,4.73
18:58,102636.42,38.55,12.47,102700.60,34.15,20.05,-735535.62,4.47
18:59,102636.50,38.55,12.41,102698.29,33.94,20.19,-736690.50,5.16
19:0,102648.10,38.63,12.45,102698.85,33.82,20.83,-736889.81,5.30
19:1,102642.24,38.61,12.43,102696.17,33.71,20.60,-737071.87,6.08
19:2,102640.09,38.36,12.26,102702.82,32.29,21.62,-734877.37,6.00
19:3,102634.82,38.06,12.53,102700.02,32.78,21.34,-735357.37,5.62
19:4,102638.89,37.95,12.45,102693.35,33.24,20.50,-734977.68,5.60
19:5,102640.11,38.10,12.72,102692.58,33.34,21.04,-736653.31,5.46
19:6,102640.53,38.25,12.47,102695.64,32.42,21.46,-735898.12,5.67
19:7,102639.61,38.13,12.43,102695.13,33.36,20.74,-736312.50,5.27
19:8,102635.46,38.13,12.57,102691.43,34.05,20.04,-736282.68,4.85
19:9,102639.75,38.34,12.71,102691.69,33.97,20.92,-737138.18,4.39
19:10,102642.03,38.43,12.69,102690.08,34.01,21.14,-738843.12,5.26
19:11,102636.94,38.55,12.61,102689.59,34.09,20.69,-738882.87,5.23
19:12,102626.83,38.67,12.47,102687.21,34.72,19.71,-735785.62,4.56
19:13,102628.21,38.68,12.40,102688.11,34.59,19.75,-736023.68,4.41
19:14,102628.17,38.78,12.39,102688.43,34.61,19.68,-736444.81,5.94
19:15,102632.08,38.82,12.41,102692.22,34.35,20.69,-737870.00,4.63
19:16,102630.94,38.83,12.31,102688.64,34.59,20.15,-737048.68,4.83
19:17,102626.44,38.95,12.42,102684.31,34.03,20.70,-737325.68,5.18
19:18,102623.46,38.98,12.55,102687.44,33.84,21.95,-738534.87,4.56
19:19,102623.28,39.09,12.50,102685.52,33.56,22.22,-739711.12,4.89
19:20,102626.89,39.21,12.29,102685.69,33.74,21.13,-739709.31,4.36
19:21,102632.94,39.06,12.20,102681.65,33.59,21.26,-740638.12,4.72
19:22,102633.53,38.95,12.25,102680.30,33.63,20.55,-739415.50,5.99
19:23,102624.36,38.78,12.35,102682.88,33.90,20.58,-739393.81,3.81
19:24,102623.22,38.51,12.17,102683.32,32.30,21.74,-739937.31,5.14
19:25,102629.87,38.30,12.45,102687.73,32.94,21.38,-741150.62,5.32
19:26,102623.61,38.48,12.73,102681.10,33.46,21.63,-742220.68,5.92
19:27,102623.00,38.68,12.37,102685.49,33.87,20.44,-740094.62,4.30
19:28,102615.24,38.64,12.50,102681.91,33.96,20.75,-741287.00,5.74
19:29,102617.00,38.67,12.35,102687.11,33.37,21.15,-739891.81,4.28
19:30,102630.80,38.72,12.37,102680.03,33.30,21.37,-740554.12,4.26
19:31,102621.50,38.66,12.36,102681.61,33.28,21.34,-740570.00,4.63
19:32,102620.75,38.68,12.40,102678.42,33.87,20.96,-740531.12,5.69
19:33,102620.35,38.82,12.46,102679.20,34.10,21.10,-741147.31,5.08
19:34,102626.83,38.94,12.44,102680.17,33.52,22.04,-743046.12,3.76
19:35,102624.03,38.96,12.38,102677.94,32.59,22.55,-741994.00,5.00
19:36,102623.75,38.84,12.44,102676.46,32.55,22.88,-741960.50,5.28
19:37,102619.30,38.82,12.36,102682.33,32.33,22.51,-742376.31,5.34
19:38,102618.78,38.72,12.34,102681.03,32.55,22.52,-745013.87,3.72
19:39,102620.32,38.74,12.42,102676.78,33.11,21.62,-744300.37,4.92
19:40,102618.55,38.82,12.39,102678.03,33.33,21.49,-743825.18,4.98
19:41,102621.34,38.83,12.35,102671.58,33.02,21.81,-741828.18,4.05
19:42,102620.53,38.79,12.35,102672.88,33.43,21.26,-741886.31,5.81
19:43,102607.77,38.80,12.36,102673.28,33.46,21.73,-742307.62,5.06
19:44,102622.75,38.86,12.50,102677.20,32.88,22.29,-744331.62,4.83
19:45,102610.97,38.83,12.24,102675.71,32.44,22.41,-744495.18,4.98
19:46,102630.20,38.46,12.32,102671.85,32.50,22.29,-741672.50,5.67
19:47,102623.57,38.26,12.46,102676.54,32.82,21.98,-743473.18,5.01
19:48,102623.60,38.33,12.45,102673.17,33.13,21.47,-743306.12,5.74
19:49,102623.08,38.25,12.55,102674.86,32.94,22.00,-743385.37,4.69
19:50,102616.72,38.23,12.51,102670.28,33.18,21.68,-744126.62,4.21
19:51,102625.32,38.25,12.55,102672.33,33.37,21.36,-744514.37,5.71
19:52,102619.58,38.38,12.55,102672.94,33.19,21.77,-745982.62,4.69
19:53,102616.92,38.63,12.71,102677.47,32.69,23.62,-747459.18,5.78
19:54,102616.71,38.68,12.36,102670.50,33.16,21.58,-746208.62,4.20
19:55,102625.46,38.46,12.44,102668.64,33.06,21.82,-745335.62,4.61
19:56,102618.77,38.44,12.79,102675.96,32.73,23.67,-748903.62,3.68
19:57,102627.24,38.76,12.65,102676.13,32.40,23.94,-751848.37,5.68
19:58,102626.46,38.83,12.51,102676.64,32.44,23.40,-751347.62,5.27
19:59,102631.69,38.80,12.58,102678.70,32.13,24.27,-751114.50,5.14
20:0,102629.39,38.74,12.46,102680.27,31.92,24.15,-751702.31,4.70
20:1,102622.07,38.68,12.47,102683.63,32.24,23.49,-753514.00,5.55
20:2,102625.19,38.72,12.34,102680.99,32.22,22.99,-754659.00,4.89
20:3,102624.17,38.46,12.32,102675.33,32.11,23.52,-756368.62,4.85
20:4,102612.54,38.40,12.50,102675.85,32.30,23.20,-756319.87,5.23
20:5,102621.63,38.40,12.69,102678.19,31.72,25.15,-754395.50,4.19
20:6,102614.42,38.53,12.53,102677.67,32.09,24.06,-753504.68,5.82
20:7,102619.57,38.47,12.64,102680.50,32.12,24.23,-751908.62,4.10
20:8,102623.10,38.52,12.60,102682.39,31.95,24.18,-751286.18,4.32
20:9,102626.64,38.42,12.69,102678.98,32.11,24.60,-752643.37,4.82
20:10,102617.83,38.72,12.80,102676.66,31.91,25.03,-753891.81,4.18
20:11,102619.56,38.98,12.63,102679.30,32.01,24.48,-752216.37,4.63
20:12,102623.46,38.94,12.57,102678.19,32.05,24.75,-750590.31,5.81
20:13,102625.22,39.08,12.52,102678.75,31.98,24.96,-748682.31,5.63
20:14,102622.00,39.08,12.48,102674.53,32.37,24.33,-747248.12,6.19
20:15,102617.21,39.07,12.43,102684.07,31.92,24.68,-747917.18,4.97
20:16,102618.58,39.07,12.41,102679.32,31.72,24.53,-750313.68,4.97
20:17,102624.75,39.01,12.32,102678.50,31.77,24.24,-753463.31,4.27
20:18,102622.91,38.87,12.39,102677.00,31.81,24.26,-757123.50,5.24
20:19,102620.00,38.82,12.41,102673.91,31.24,25.19,-756987.50,5.80
20:20,102616.25,38.78,12.55,102674.00,31.06,26.51,-756765.68,4.23
20:21,102617.55,38.78,12.42,102667.37,30.83,26.12,-758051.37,4.18
20:22,102621.67,38.53,12.47,102672.05,31.04,25.47,-758387.68,4.76
20:23,102622.46,38.49,12.72,102669.50,31.07,26.83,-759333.18,5.24
20:24,102616.83,38.80,12.79,102674.39,31.08,27.30,-760298.37,5.71
20:25,102631.60,39.01,12.78,102670.57,30.93,28.01,-760419.62,5.01
20:26,102621.71,39.14,12.66,102674.24,30.68,27.88,-760552.31,5.62
20:27,102619.41,39.04,12.41,102674.17,31.01,26.44,-760369.81,5.12
20:28,102617.81,38.84,12.53,102668.58,30.67,27.22,-761400.00,4.16
20:29,102621.21,38.90,12.65,102671.28,30.49,28.22,-761709.37,5.78
20:30,102622.19,38.93,12.68,102672.92,30.06,28.84,-760795.00,4.69
20:31,102625.21,38.80,12.67,102671.79,29.82,29.60,-760996.18,5.73
20:32,102625.14,38.66,12.62,102671.53,29.42,29.42,-761753.87,4.98
20:33,102625.10,38.46,12.81,102672.35,28.72,31.19,-762220.18,5.74
20:34,102618.75,38.45,12.94,102672.55,28.62,31.66,-762630.18,4.65
20:35,102630.69,38.29,12.92,102674.74,28.16,32.27,-763452.68,5.05
20:36,102624.99,38.15,12.92,102671.86,28.53,31.18,-763534.68,4.18
20:37,102623.60,38.05,13.00,102675.10,28.30,32.02,-763905.50,4.31
20:38,102618.26,38.05,13.31,102672.07,27.83,33.90,-764029.18,4.32
20:39,102622.92,38.28,13.26,102672.27,27.45,34.43,-766062.62,5.83
20:40,102628.21,38.31,13.17,102672.55,27.29,35.57,-766605.81,3.89
20:41,102620.41,38.25,13.21,102668.59,27.32,35.06,-766595.37,5.18
20:42,102620.11,38.23,13.29,102669.70,27.25,35.37,-767005.50,3.94
20:43,102619.64,38.23,13.24,102669.71,27.08,34.92,-768276.31,5.26
20:44,102617.74,38.24,13.18,102666.78,27.04,35.97,-769157.87,5.77
20:45,102617.16,38.14,13.45,102667.07,26.94,37.17,-768462.37,3.84
20:46,102617.80,38.16,13.41,102667.14,26.73,36.75,-767701.12,5.39
20:47,102622.86,38.14,13.44,102665.50,26.55,37.83,-769270.87,4.03
20:48,102625.07,38.11,13.46,102661.46,26.38,38.19,-768466.81,5.50
20:49,102617.96,38.08,13.46,102663.70,26.38,37.87,-769832.81,5.61
20:50,102619.61,38.02,13.56,102663.54,26.41,38.68,-770087.37,3.94
20:51,102619.92,38.00,13.47,102661.20,26.23,38.30,-771910.81,5.30
20:52,102614.88,37.97,13.46,102665.25,26.38,38.25,-772616.87,5.12
20:53,102621.14,37.93,13.56,102666.21,26.31,38.34,-772672.31,4.00
20:54,102621.94,37.88,13.46,102667.47,26.58,36.86,-772502.37,4.83
20:55,102616.77,37.81,13.50,102664.39,26.47,37.73,-773222.87,4.94
20:56,102622.72,37.76,13.58,102669.79,26.00,38.90,-773682.12,4.52
20:57,102617.53,37.72,13.65,102667.20,26.04,39.33,-773053.18,5.58
20:58,102615.02,37.73,13.58,102666.67,26.03,38.74,-774658.68,5.73
20:59,102620.60,37.68,13.70,102670.24,25.68,39.82,-773874.87,4.47
21:0,102616.50,37.66,13.64,102664.12,25.91,38.71,-774767.87,4.59
21:1,102623.00,37.58,13.63,102662.58,26.07,38.06,-773016.81,5.88
21:2,102618.41,37.50,13.75,102667.57,25.85,39.91,-773657.18,4.43
21:3,102624.07,37.47,13.73,102664.82,25.62,39.68,-773402.81,4.72
21:4,102622.68,37.38,13.76,102666.05,25.54,39.76,-772987.18,5.41
21:5,102629.56,37.35,13.80,102666.36,25.30,39.82,-775750.37,4.90
21:6,102618.30,37.32,13.80,102671.30,25.48,40.32,-777442.00,4.83
21:7,102616.55,37.27,13.85,102666.17,25.36,39.97,-777472.62,3.87
21:8,102623.33,37.18,13.75,102667.67,25.46,39.38,-777140.81,5.58
21:9,102620.30,37.07,13.77,102671.80,25.43,39.24,-778034.00,5.07
21:10,102619.46,36.99,13.99,102670.11,25.12,41.52,-778790.62,4.79
21:11,102616.52,37.00,14.00,102666.52,24.93,41.50,-776980.81,3.97
21:12,102621.24,37.02,13.98,102665.63,24.88,41.56,-778406.00,5.72
21:13,102618.41,37.02,13.88,102668.11,25.00,41.61,-778574.50,4.43
21:14,102624.77,36.94,14.05,102665.19,24.93,42.04,-779400.12,4.60
21:15,102620.80,36.94,13.96,102667.57,25.26,40.92,-779639.81,4.36
21:16,102611.85,36.94,13.97,102667.89,25.18,40.40,-780027.37,5.03
21:17,102624.92,36.96,13.95,102670.97,25.13,40.56,-780017.87,5.97
21:18,102619.28,36.91,13.97,102668.99,24.93,40.99,-780299.62,3.96
21:19,102626.86,36.89,13.95,102668.80,25.16,40.70,-780370.62,3.96
21:20,102619.44,36.86,14.03,102668.96,25.12,40.87,-781331.37,4.69
21:21,102621.19,36.82,14.04,102671.07,25.05,40.52,-782799.12,5.23
21:22,102627.80,36.79,14.06,102673.07,25.08,40.56,-782242.00,4.74
21:23,102632.49,36.74,14.07,102669.92,24.84,41.90,-783270.50,4.65
21:24,102626.25,36.77,14.04,102673.52,24.62,41.92,-784429.12,4.20
21:25,102629.03,36.76,14.02,102671.49,24.85,41.26,-784585.12,4.38
21:26,102625.03,36.73,14.03,102671.28,24.72,40.74,-784438.12,4.82
21:27,102627.57,36.69,14.08,102673.47,24.52,42.30,-784842.31,5.39
21:28,102635.41,36.67,14.15,102677.67,24.45,42.51,-784786.00,4.27
21:29,102630.30,36.64,14.10,102677.63,24.39,42.58,-785257.62,6.02
21:30,102638.60,36.61,14.11,102680.82,24.35,42.49,-784697.50,3.98
21:31,102630.67,36.52,14.11,102681.30,24.50,42.10,-785630.87,5.01
21:32,102627.66,36.52,14.16,102680.11,24.53,42.23,-785429.18,5.52
21:33,102634.22,36.51,14.25,102684.21,24.55,42.27,-786953.87,4.72
21:34,102634.39,36.53,14.34,102686.76,24.45,43.40,-785549.81,5.50
21:35,102631.43,36.56,14.32,102685.70,24.62,43.04,-784956.62,4.51
21:36,102630.91,36.55,14.26,102685.53,24.52,43.31,-786811.18,5.23
21:37,102631.89,36.53,14.23,102682.28,24.24,43.93,-787316.00,4.71
21:38,102640.89,36.49,14.27,102686.49,24.35,43.74,-787715.31,5.21
21:39,102644.92,36.49,14.24,102688.67,24.46,42.75,-788698.81,5.88
21:40,102647.77,36.45,14.21,102688.96,24.59,41.82,-789491.31,5.10
21:41,102657.16,36.37,14.30,102689.34,24.18,43.53,-790201.87,6.12
21:42,102648.89,36.30,14.29,102697.41,24.14,43.35,-790229.12,5.72
21:43,102651.07,36.27,14.40,102699.89,23.95,44.34,-790420.68,4.46
21:44,102660.28,36.27,14.40,102700.40,23.97,44.13,-791090.68,5.56
21:45,102650.00,36.29,14.37,102700.26,24.11,43.82,-791955.81,4.12
21:46,102658.25,36.29,14.39,102703.42,24.15,44.00,-792620.87,5.39
21:47,102655.16,36.23,14.43,102705.74,23.96,44.54,-791221.18,5.08
21:48,102648.23,36.19,14.41,102704.56,23.91,44.48,-793163.62,4.97
21:49,102660.63,36.15,14.43,102704.08,23.84,44.83,-792958.31,4.52
21:50,102653.05,36.07,14.45,102703.21,23.81,45.48,-792405.81,5.48
21:51,102668.53,36.07,14.52,102701.45,23.78,45.14,-793045.18,5.43
21:52,102655.49,36.04,14.45,102697.63,23.79,44.47,-794077.81,4.89
21:53,102654.17,36.00,14.48,102698.16,23.77,44.41,-795262.87,4.46
21:54,102654.50,35.97,14.50,102697.13,23.70,44.76,-794851.87,3.96
21:55,102651.78,35.93,14.46,102699.94,23.89,44.39,-795923.31,4.00
21:56,102650.44,35.87,14.52,102700.60,23.90,43.66,-796297.00,5.45
21:57,102657.93,35.87,14.51,102702.80,23.70,44.13,-796360.68,5.45
21:58,102656.85,35.83,14.62,102708.07,23.51,45.16,-796716.18,5.24
21:59,102658.66,35.83,14.54,102708.44,23.49,45.28,-796628.87,4.96
22:0,102655.32,35.78,14.61,102706.50,23.34,45.58,-797149.68,5.83
22:1,102667.04,35.76,14.67,102708.03,23.00,47.22,-798706.18,5.29
22:2,102660.35,35.74,14.69,102710.55,23.03,46.53,-798867.00,5.13
22:3,102669.39,35.72,14.68,102710.13,23.28,45.97,-799263.12,4.57
22:4,102662.03,35.68,14.80,102711.97,23.06,46.28,-799566.62,5.10
22:5,102660.97,35.72,14.81,102711.79,22.93,47.67,-800068.31,4.72
22:6,102668.80,35.72,14.75,102712.72,23.08,46.76,-800941.62,6.02
22:7,102668.99,35.69,14.68,102714.41,22.99,46.84,-801124.18,4.57
22:8,102664.83,35.61,14.71,102716.64,23.12,45.95,-801009.62,4.50
22:9,102668.49,35.54,14.78,102714.72,23.22,45.85,-801624.37,4.11
22:10,102668.50,35.53,14.71,102717.70,23.18,46.44,-802720.68,4.56
22:11,102669.91,35.42,14.85,102718.27,23.21,45.83,-803076.81,5.93
22:12,102670.10,35.37,14.81,102713.57,23.24,45.57,-802919.81,5.35
22:13,102664.56,35.31,14.91,102713.67,22.83,48.11,-801933.18,5.46
22:14,102670.27,35.21,14.96,102713.90,22.83,47.42,-801725.68,4.00
22:15,102655.58,35.26,15.03,102713.50,22.83,48.45,-802445.00,4.74
22:16,102664.80,35.32,14.90,102716.17,23.00,46.86,-804446.62,6.10
22:17,102660.89,35.27,14.86,102717.02,23.20,45.31,-805766.00,4.22
22:18,102664.08,35.22,14.86,102717.72,23.19,45.84,-806136.81,5.14
22:19,102660.08,35.19,14.88,102713.46,23.03,45.41,-806790.37,5.50
22:20,102659.67,35.15,14.97,102716.38,22.89,46.72,-807056.37,5.96
22:21,102662.68,35.15,14.94,102710.46,22.97,46.22,-807314.00,6.14
22:22,102657.33,35.14,15.00,102708.41,22.93,47.00,-808242.37,5.45
22:23,102658.28,35.16,14.86,102711.91,22.95,46.66,-809391.81,4.54
22:24,102658.81,35.13,15.04,102710.80,22.73,47.87,-809522.68,4.76
22:25,102650.24,35.11,15.08,102707.38,22.53,49.22,-809031.68,5.20
22:26,102661.13,35.13,15.12,102705.92,22.74,48.53,-809912.87,5.14
22:27,102658.38,35.16,15.23,102703.82,22.50,50.31,-809887.18,4.86
22:28,102662.14,35.19,14.99,102703.94,22.48,48.26,-811045.18,4.47
22:29,102653.60,35.06,14.94,102704.30,22.64,47.18,-812770.31,5.10
22:30,102658.27,35.01,15.02,102704.49,22.69,47.58,-813087.81,5.46
22:31,102660.30,35.03,15.06,102700.39,22.61,47.80,-813040.12,4.47
22:32,102653.00,35.03,15.12,102701.22,22.78,47.66,-814088.87,5.43
22:33,102662.38,34.99,15.15,102699.96,22.75,48.12,-813716.81,5.68
22:34,102655.12,35.10,15.05,102701.21,22.55,48.42,-814315.68,4.00
22:35,102650.14,35.12,15.07,102702.41,22.50,49.79,-814677.62,4.57
22:36,102651.57,35.19,15.04,102701.59,22.50,49.79,-814959.12,6.01
22:37,102653.33,35.11,14.94,102702.60,22.25,49.29,-815695.87,4.46
22:38,102648.89,35.05,15.01,102698.30,22.19,49.66,-816661.50,5.23
22:39,102650.98,35.00,15.05,102696.90,22.47,49.40,-816896.18,5.18
22:40,102641.99,35.09,15.13,102699.25,22.43,50.59,-816951.18,5.94
22:41,102653.13,35.16,15.18,102697.08,22.34,50.33,-817426.12,4.67
22:42,102644.71,35.16,15.15,102697.25,22.34,50.09,-818043.12,5.66
22:43,102651.86,35.10,15.08,102694.85,22.13,50.12,-819009.37,5.42
22:44,102649.22,35.06,15.06,102695.29,22.22,50.23,-819866.31,4.76
22:45,102644.97,35.00,15.12,102698.53,22.06,50.37,-819868.18,5.12
22:46,102651.14,34.93,15.17,102696.03,22.04,51.00,-820783.00,5.89
22:47,102647.11,34.91,15.24,102694.19,22.03,50.79,-820726.50,4.96
22:48,102655.28,34.87,15.23,102696.52,21.85,51.53,-822193.12,4.54
22:49,102644.32,34.82,15.17,102697.21,21.97,50.68,-821214.12,5.90
22:50,102645.88,34.79,15.18,102692.24,21.97,50.88,-822198.31,4.63
22:51,102652.91,34.79,15.24,102693.97,22.01,51.09,-823027.31,4.29
22:52,102647.85,34.78,15.23,102691.21,22.10,50.18,-824503.37,4.96
22:53,102648.38,34.72,15.31,102690.72,21.99,50.88,-824569.50,4.48
22:54,102643.07,34.73,15.35,102689.50,21.98,51.31,-824542.31,5.10
22:55,102649.92,34.75,15.37,102697.39,21.89,51.92,-824469.31,5.83
22:56,102647.52,34.75,15.34,102692.74,21.71,52.64,-825498.68,5.99
22:57,102640.84,34.71,15.26,102693.21,21.93,49.94,-826146.00,4.50
22:58,102639.16,34.60,15.34,102691.85,22.07,50.38,-827128.37,5.13
22:59,102647.13,34.63,15.41,102692.24,22.09,50.47,-827450.50,4.53
23:0,102644.38,34.61,15.37,102695.49,21.97,49.99,-826935.62,4.72
23:1,102649.62,34.57,15.36,102697.22,22.01,50.46,-828415.18,4.09
23:2,102647.53,34.66,15.28,102690.60,22.03,50.62,-829105.62,4.61
23:3,102652.96,34.69,15.25,102698.14,21.76,51.58,-829209.00,5.84
23:4,102645.49,34.67,15.25,102700.10,21.89,50.60,-830119.62,5.68
23:5,102647.97,34.70,15.29,102697.05,21.66,52.22,-830636.18,5.43
23:6,102644.51,34.72,15.18,102698.99,21.84,51.27,-830926.37,6.19
23:7,102655.50,34.72,15.26,102698.28,21.95,50.68,-830836.12,5.07
23:8,102650.25,34.76,15.23,102700.42,22.22,50.05,-831451.50,5.27
23:9,102652.14,34.76,15.20,102697.42,22.34,48.99,-831570.68,4.94
23:10,102654.30,34.72,15.32,102698.60,22.08,50.94,-830796.37,5.83
23:11,102653.61,34.78,15.49,102704.14,21.93,52.14,-831126.62,5.19
23:12,102654.27,34.83,15.44,102705.19,21.48,54.36,-831331.37,4.38
23:13,102656.19,34.77,15.35,102701.85,21.50,53.74,-830940.00,4.63
23:14,102660.85,34.69,15.38,102706.10,21.59,53.66,-830719.81,5.85
23:15,102658.28,34.64,15.46,102707.50,21.37,54.64,-831961.37,3.94
23:16,102663.27,34.63,15.34,102707.78,21.45,53.33,-833724.62,5.33
23:17,102670.03,34.61,15.44,102708.16,21.44,53.42,-833651.81,4.07
23:18,102656.55,34.68,15.35,102711.77,21.56,52.79,-834353.37,4.14
23:19,102655.02,34.66,15.35,102713.38,21.42,53.70,-834706.00,4.46
23:20,102652.19,34.64,15.36,102709.81,21.58,52.62,-835012.68,5.05
23:21,102666.00,34.64,15.41,102708.80,21.67,53.12,-835188.31,4.81
23:22,102661.39,34.57,15.39,102712.04,21.60,53.59,-834822.50,5.49
23:23,102664.39,34.53,15.50,102713.75,21.49,54.31,-835100.00,5.61
23:24,102665.93,34.54,15.56,102714.35,21.20,55.18,-836246.37,4.45
23:25,102666.38,34.53,15.53,102716.78,21.38,53.84,-836689.81,5.74
23:26,102660.11,34.55,15.58,102716.16,21.55,53.98,-837727.81,4.99
23:27,102660.44,34.63,15.69,102715.63,21.49,54.50,-837743.12,5.65
23:28,102666.08,34.68,15.62,102715.53,21.44,54.66,-838183.50,5.97
23:29,102665.91,34.68,15.59,102711.46,21.46,54.23,-838411.81,5.21
23:30,102666.27,34.66,15.58,102716.72,21.37,54.46,-838996.18,5.11
23:31,102665.66,34.61,15.62,102717.02,21.23,55.34,-839726.12,5.26
23:32,102670.21,34.61,15.71,102715.89,21.09,56.51,-839865.12,4.63
23:33,102662.75,34.66,15.63,102715.55,21.13,55.79,-840529.37,4.50
23:34,102663.59,34.65,15.59,102716.37,21.14,56.00,-841428.18,4.47
23:35,102660.19,34.59,15.64,102713.24,21.05,56.26,-841943.50,5.14
23:36,102664.91,34.56,15.67,102709.63,20.93,56.63,-842716.68,4.50
23:37,102668.42,34.54,15.58,102710.46,21.06,55.82,-843805.81,5.81
23:38,102653.83,34.50,15.71,102714.87,20.95,56.22,-844926.68,4.56
23:39,102664.66,34.49,15.67,102713.28,20.88,56.86,-844805.00,5.81
23:40,102661.30,34.48,15.75,102712.94,20.97,56.30,-845303.00,5.45
23:41,102657.69,34.48,15.67,102709.11,20.94,56.58,-846209.68,4.51
23:42,102663.71,34.48,15.73,102709.67,21.02,56.42,-846967.12,3.96
23:43,102666.60,34.46,15.76,102708.16,20.88,56.89,-847156.50,4.47
23:44,102666.79,34.45,15.70,102710.38,20.83,56.90,-847904.37,6.10
23:45,102658.38,34.46,15.77,102710.57,20.96,56.23,-849108.50,5.95
23:46,102660.78,34.48,15.72,102709.47,21.01,55.92,-848413.12,5.39
23:47,102672.29,34.44,15.73,102712.94,20.92,56.53,-849793.00,5.42
23:48,102663.03,34.44,15.72,102710.23,21.05,55.90,-849529.68,4.17
23:49,102660.88,34.41,15.78,102708.10,20.92,57.02,-850829.62,4.87
23:50,102651.27,34.44,15.83,102709.97,20.93,56.61,-851116.81,5.84
23:51,102666.17,34.47,15.70,102704.95,20.90,56.73,-852701.37,4.60
23:52,102655.11,34.46,15.79,102709.79,20.99,56.85,-852954.62,4.52
23:53,102660.53,34.45,15.77,102706.28,20.73,58.03,-853533.62,5.45
23:54,102658.83,34.43,15.77,102705.67,20.68,58.31,-854715.50,5.05
23:55,102656.07,34.44,15.83,102706.69,20.55,59.29,-854719.87,5.43
23:56,102668.34,34.45,15.82,102708.69,20.64,57.96,-854265.62,4.54
23:57,102665.42,34.37,15.82,102707.30,20.58,58.76,-855988.81,5.11
23:58,102659.60,34.37,15.87,102706.69,20.63,58.69,-856685.00,5.85
23:59,102662.24,34.39,15.85,102707.25,20.75,58.12,-857221.68,5.74
0:0,102656.86,34.40,15.89,102702.36,20.68,58.56,-858039.12,5.74
0:1,102663.27,34.39,15.84,102702.30,20.60,58.71,-858043.12,5.14
0:2,102652.63,34.39,15.83,102706.02,20.77,58.04,-859440.62,5.32
0:3,102659.27,34.36,15.89,102708.57,20.62,58.60,-859862.12,3.91
0:4,102654.63,34.34,15.80,102705.85,20.60,58.90,-860645.87,4.25
0:5,102656.42,34.30,15.89,102704.49,20.59,58.48,-861159.68,5.28
0:6,102653.01,34.32,15.80,102704.82,20.78,57.50,-861794.87,5.35
0:7,102656.78,34.30,15.78,102705.27,20.72,57.72,-862539.12,5.77
0:8,102662.00,34.33,15.80,102705.44,20.72,57.31,-862997.62,5.62
0:9,102661.41,34.34,15.78,102710.14,20.94,57.10,-863730.12,4.74
0:10,102657.71,34.33,15.77,102706.54,20.76,57.86,-864385.62,4.72
0:11,102672.46,34.32,15.78,102710.32,20.77,57.30,-865064.50,4.57
0:12,102666.39,34.33,15.70,102710.53,20.90,56.90,-865857.37,5.01
0:13,102665.71,34.32,15.81,102710.75,20.98,55.53,-866671.81,4.57
0:14,102676.39,34.35,15.80,102714.42,20.92,57.26,-867821.31,5.81
0:15,102673.85,34.36,15.80,102714.07,20.88,57.31,-868202.12,4.61
0:16,102661.66,34.37,15.77,102715.57,20.82,57.77,-867653.87,3.92
0:17,102662.27,34.33,15.90,102716.00,20.56,58.74,-868425.81,5.43
0:18,102671.02,34.29,15.86,102718.58,20.28,60.56,-868667.68,4.98
0:19,102667.50,34.24,15.81,102719.83,20.30,60.28,-869220.68,5.45
0:20,102668.61,34.20,15.87,102719.08,20.52,59.48,-870386.68,5.97
0:21,102667.75,34.20,15.93,102715.69,20.49,59.29,-871339.68,5.74
0:22,102661.32,34.23,15.96,102712.26,20.77,57.81,-872461.00,5.94
0:23,102673.16,34.27,15.90,102713.41,20.79,57.77,-872831.00,5.94
0:24,102674.11,34.29,15.76,102716.53,20.77,57.69,-873712.81,4.45
0:25,102675.75,34.29,15.80,102716.82,20.85,57.27,-874322.18,4.24
0:26,102672.74,34.25,15.90,102717.19,20.68,57.47,-875128.12,4.70
0:27,102669.21,34.24,15.96,102716.15,20.31,60.20,-876031.68,5.73
0:28,102673.92,34.24,15.90,102719.97,20.53,59.31,-876497.62,5.33
0:29,102670.94,34.25,15.89,102716.80,20.52,59.07,-876869.81,5.39
0:30,102673.24,34.24,15.81,102716.07,20.43,58.34,-877794.18,5.72
0:31,102678.47,34.24,15.81,102713.60,20.69,57.39,-878282.87,5.40
0:32,102669.07,34.21,15.83,102713.46,20.58,57.69,-878862.81,5.61
0:33,102668.71,34.19,15.87,102717.09,20.68,57.29,-879432.12,5.78
0:34,102677.02,34.16,15.97,102713.35,20.54,58.53,-879803.81,5.91
0:35,102673.35,34.14,15.96,102712.25,20.35,59.71,-880104.18,5.81
0:36,102661.67,34.15,15.93,102713.73,20.23,60.12,-880926.12,4.54
0:37,102673.09,34.15,15.89,102710.92,20.41,58.90,-881001.50,4.79
0:38,102670.00,34.11,15.92,102711.71,20.56,58.56,-881989.68,4.92
0:39,102667.25,34.11,15.96,102714.14,20.38,59.52,-882481.37,5.56
0:40,102669.57,34.11,15.98,102711.03,20.46,58.73,-883410.81,5.25
0:41,102666.48,34.15,16.04,102717.11,20.51,59.36,-883760.50,3.94
0:42,102664.69,34.18,16.07,102717.28,20.39,59.33,-884208.62,3.95
0:43,102668.97,34.15,16.01,102716.03,20.26,59.98,-884602.50,3.91
0:44,102679.27,34.10,16.08,102716.57,20.27,60.17,-885026.62,5.80
0:45,102668.64,34.06,16.10,102713.27,19.96,61.64,-885626.37,5.45
0:46,102675.06,34.04,16.11,102714.09,19.98,61.04,-886453.37,5.10
0:47,102669.24,34.02,16.10,102715.69,19.98,61.68,-887025.12,5.81
0:48,102673.61,33.99,16.11,102719.92,19.93,61.70,-888398.62,3.99
0:49,102665.33,33.96,16.11,102714.41,19.94,61.26,-888816.50,5.72
0:50,102670.03,33.98,16.05,102712.16,20.03,60.88,-889527.62,4.44
0:51,102670.14,33.96,16.02,102711.88,19.95,61.41,-890142.81,5.43
0:52,102671.24,33.90,16.14,102717.00,19.92,62.07,-890312.31,5.50
0:53,102667.75,33.91,16.01,102713.63,20.14,60.44,-890894.62,4.87
0:54,102668.57,33.83,16.07,102712.33,20.32,60.07,-890891.81,4.63
0:55,102671.32,33.83,16.09,102714.38,20.12,61.41,-892256.68,6.01
0:56,102665.67,33.81,16.13,102711.86,20.01,61.26,-892918.68,5.43
0:57,102665.92,33.73,16.14,102715.67,20.12,60.73,-894087.50,5.79
0:58,102664.54,33.71,16.26,102710.14,19.98,61.64,-894466.18,5.12
0:59,102669.68,33.75,16.21,102713.64,19.95,61.09,-896079.62,5.27
1:0,102665.83,33.78,16.23,102709.82,20.10,60.75,-896303.31,5.38
1:1,102658.98,33.78,16.34,102710.12,20.03,61.33,-896629.00,5.23
1:2,102665.40,33.87,16.12,102709.16,20.15,60.87,-896599.31,4.85
1:3,102669.89,33.87,16.21,102707.78,20.18,59.52,-897309.12,4.89
1:4,102665.25,33.88,16.21,102709.20,20.14,60.35,-898118.00,4.92
1:5,102664.55,33.90,16.23,102708.99,19.95,62.03,-899055.18,5.48
1:6,102666.63,33.92,16.19,102709.11,20.11,60.90,-899821.87,4.45
1:7,102662.42,33.88,16.17,102711.42,20.09,60.00,-900461.50,6.05
1:8,102658.22,33.84,16.14,102711.99,19.92,61.24,-900692.00,5.71
1:9,102668.25,33.81,16.23,102713.90,19.52,63.97,-901331.12,3.94
1:10,102661.63,33.79,16.25,102712.07,19.26,65.00,-902153.62,4.58
1:11,102664.46,33.75,16.24,102710.92,19.38,64.30,-902646.00,4.58
1:12,102663.44,33.73,16.24,102711.46,19.36,64.80,-902980.68,5.10
1:13,102666.69,33.70,16.25,102710.92,19.65,63.28,-903395.50,4.88
1:14,102657.94,33.66,16.27,102709.02,19.62,62.99,-904595.81,3.89
1:15,102663.33,33.67,16.25,102703.35,19.71,62.03,-905300.50,5.32
1:16,102653.82,33.63,16.26,102708.02,19.51,63.55,-905654.68,5.25
1:17,102656.80,33.56,16.29,102703.91,19.43,63.80,-906486.18,4.60
1:18,102645.85,33.54,16.30,102702.78,19.36,64.14,-907022.81,4.43
1:19,102654.92,33.50,16.40,102700.71,19.31,64.22,-907688.37,5.72
1:20,102650.72,33.56,16.38,102704.72,19.50,63.47,-908070.87,4.01
1:21,102650.65,33.58,16.34,102703.39,19.50,63.60,-909273.18,5.44
1:22,102661.85,33.57,16.38,102702.69,19.61,63.40,-909712.37,4.82
1:23,102646.80,33.58,16.44,102700.75,19.63,63.42,-909966.00,4.31
1:24,102651.33,33.59,16.31,102701.86,19.49,63.86,-910462.00,5.06
1:25,102650.64,33.59,16.38,102704.00,19.53,63.94,-911686.37,5.29
1:26,102658.00,33.61,16.34,102703.05,19.70,62.64,-912324.12,4.14
1:27,102658.00,33.60,16.38,102702.87,19.55,63.61,-913328.31,5.87
1:28,102657.94,33.58,16.34,102701.68,19.52,63.87,-913291.12,5.48
1:29,102648.16,33.55,16.34,102701.34,19.55,63.80,-914060.18,5.61
1:30,102644.38,33.56,16.32,102702.50,19.49,63.69,-914514.00,5.16
1:31,102647.38,33.51,16.38,102702.98,19.47,64.12,-915407.18,5.14
1:32,102644.72,33.51,16.35,102701.41,19.52,63.18,-915816.87,4.72
1:33,102656.55,33.50,16.42,102702.34,19.43,63.66,-916653.31,4.50
1:34,102651.22,33.52,16.44,102700.74,19.40,64.13,-917882.00,4.48
1:35,102657.82,33.49,16.44,102699.89,19.29,64.59,-918607.18,4.99
1:36,102649.77,33.51,16.38,102696.80,19.41,64.36,-919155.18,3.98
1:37,102650.02,33.53,16.46,102695.36,19.49,63.74,-919631.12,5.32
1:38,102649.25,33.57,16.40,102695.32,19.71,62.80,-920345.00,4.51
1:39,102644.30,33.60,16.45,102695.85,19.61,63.80,-921356.31,5.25
1:40,102649.46,33.62,16.45,102696.58,19.44,64.67,-922025.62,5.32
1:41,102645.50,33.64,16.32,102697.47,19.42,64.41,-922138.81,5.21
1:42,102639.34,33.58,16.43,102691.05,19.62,63.50,-922957.68,4.98
1:43,102642.25,33.58,16.45,102694.75,19.37,64.88,-923188.81,5.27
1:44,102638.57,33.54,16.38,102691.46,19.29,65.03,-923946.68,4.50
1:45,102644.27,33.49,16.34,102692.72,19.32,64.30,-924264.18,5.00
1:46,102639.19,33.44,16.39,102691.39,19.26,64.76,-924833.87,4.38
1:47,102634.81,33.46,16.40,102688.74,19.35,64.18,-925600.62,5.36
1:48,102639.17,33.41,16.45,102696.17,19.04,65.49,-926666.00,5.28
1:49,102635.50,33.36,16.41,102696.96,19.39,64.16,-927059.81,4.63
1:50,102647.82,33.32,16.44,102690.49,19.55,63.85,-927931.68,3.96
1:51,102647.04,33.33,16.46,102693.90,19.41,63.39,-929365.31,5.17
1:52,102634.71,33.34,16.50,102694.99,19.37,63.99,-929661.00,5.19
1:53,102642.67,33.33,16.48,102691.69,19.37,64.17,-930423.31,5.23
1:54,102641.54,33.31,16.52,102693.33,19.30,65.05,-930885.37,5.14
1:55,102644.32,33.32,16.58,102694.49,19.24,64.77,-931904.62,5.79
1:56,102642.75,33.33,16.49,102696.86,19.38,64.01,-932194.18,4.01
1:57,102640.78,33.28,16.61,102691.39,19.26,65.19,-932997.00,4.26
1:58,102644.38,33.29,16.55,102690.64,19.14,65.10,-933327.18,5.16
1:59,102639.49,33.31,16.50,102691.80,19.25,64.47,-934111.37,5.33
2:0,102640.68,33.31,16.49,102688.16,19.32,64.55,-934826.87,4.45
2:1,102643.44,33.29,16.61,102688.10,19.24,65.08,-935384.18,3.98
2:2,102631.28,33.33,16.57,102684.77,19.46,63.86,-935833.37,4.32
2:3,102632.25,33.44,16.40,102679.64,19.38,64.33,-936451.81,4.07
2:4,102633.63,33.43,16.36,102682.05,19.47,63.71,-936782.50,5.32
2:5,102626.26,33.43,16.45,102682.47,19.33,65.03,-937845.37,5.25
2:6,102626.50,33.40,16.35,102682.71,19.09,66.12,-938360.81,4.43
2:7,102631.03,33.32,16.38,102681.85,18.95,66.61,-939507.18,4.35
2:8,102619.69,33.27,16.34,102675.81,19.07,65.57,-939691.37,4.26
2:9,102624.14,33.24,16.40,102679.40,19.44,64.12,-940459.37,4.58
2:10,102627.90,33.18,16.39,102681.49,19.61,62.84,-941452.81,5.62
2:11,102620.96,33.19,16.46,102676.89,19.32,64.37,-942306.50,4.57
2:12,102623.72,33.21,16.43,102675.06,19.28,64.76,-942794.31,4.56
2:13,102631.69,33.25,16.55,102674.31,19.36,64.58,-944206.68,5.52
2:14,102625.17,33.27,16.53,102674.45,19.20,65.52,-944849.87,4.26
2:15,102627.41,33.30,16.54,102677.24,19.08,66.27,-944918.00,5.08
2:16,102627.10,33.31,16.49,102675.57,19.12,66.04,-945795.37,5.32
2:17,102634.86,33.31,16.52,102673.91,19.12,66.17,-946299.31,5.94
2:18,102627.24,33.30,16.43,102675.13,19.33,64.22,-946866.37,3.92
2:19,102621.00,33.28,16.49,102679.66,19.16,65.99,-948637.12,4.78
2:20,102628.17,33.31,16.54,102678.30,19.19,65.28,-949353.31,4.70
2:21,102618.70,33.37,16.52,102677.96,19.26,65.29,-950223.68,4.42
2:22,102629.25,33.39,16.49,102675.33,19.02,66.79,-950090.31,4.62
2:23,102624.61,33.37,16.54,102680.19,19.00,66.62,-950263.81,3.94
2:24,102619.89,33.38,16.51,102679.71,18.96,66.81,-951429.50,5.01
2:25,102641.66,33.36,16.47,102677.51,19.09,66.17,-951507.62,4.43
2:26,102633.55,33.24,16.43,102676.17,19.36,64.47,-952138.50,5.54
2:27,102619.33,33.14,16.44,102677.92,19.29,64.97,-953016.81,5.12
2:28,102630.46,33.14,16.54,102677.07,19.37,64.29,-953927.81,3.91
2:29,102633.11,33.10,16.53,102678.09,19.13,65.35,-954663.00,4.43
2:30,102634.81,33.12,16.46,102678.39,19.04,66.00,-955427.18,4.44
2:31,102626.85,33.11,16.55,102677.21,19.16,65.26,-956056.50,5.68
2:32,102627.64,33.14,16.60,102677.41,19.17,65.34,-956616.12,5.12
2:33,102626.00,33.16,16.57,102679.75,18.96,66.53,-958228.37,5.05
2:34,102631.99,33.16,16.54,102681.07,18.96,66.40,-958470.87,3.91
2:35,102622.50,33.13,16.58,102678.25,19.00,66.04,-959451.68,4.34
2:36,102626.78,33.13,16.55,102680.93,18.93,66.22,-959874.50,4.92
2:37,102638.00,33.13,16.45,102681.55,18.94,66.04,-959919.37,5.45
2:38,102636.78,33.10,16.47,102679.38,19.06,65.85,-961010.62,4.35
2:39,102633.96,33.09,16.52,102684.24,18.77,67.17,-961860.18,4.40
2:40,102632.74,33.08,16.43,102686.00,19.01,65.30,-961824.87,5.88
2:41,102638.19,33.01,16.51,102685.50,19.39,63.69,-962689.12,4.56
2:42,102640.53,33.02,16.53,102686.73,19.16,64.97,-963732.18,5.23
2:43,102638.99,33.02,16.59,102688.41,18.90,66.21,-964005.62,4.58
2:44,102639.32,33.04,16.57,102688.09,18.80,66.78,-965708.50,5.15
2:45,102630.76,33.03,16.65,102686.21,18.76,66.82,-966019.87,5.15
2:46,102628.10,33.05,16.65,102687.08,18.88,66.14,-966534.18,4.45
2:47,102636.77,33.06,16.59,102684.76,18.81,66.70,-966975.18,5.25
2:48,102632.99,33.03,16.52,102687.44,18.80,66.68,-967845.31,4.19
2:49,102624.14,32.95,16.65,102683.67,18.80,66.88,-968342.81,5.00
2:50,102635.71,33.00,16.59,102682.93,18.86,66.19,-969275.81,4.07
2:51,102617.92,33.02,16.65,102682.69,18.88,66.52,-969738.37,5.78
2:52,102625.72,33.02,16.58,102680.53,18.76,67.01,-969924.00,5.24
2:53,102628.10,32.98,16.73,102681.12,18.80,66.75,-970606.37,3.85
2:54,102628.86,33.00,16.63,102680.27,18.77,66.87,-970868.18,4.11
2:55,102629.71,32.94,16.66,102677.27,18.56,67.82,-971784.62,5.17
2:56,102624.85,32.88,16.68,102679.46,18.48,68.08,-972230.12,3.97
2:57,102619.53,32.85,16.71,102675.38,18.49,67.81,-973468.81,5.14
2:58,102628.17,32.84,16.68,102676.58,18.43,68.17,-974136.68,4.39
2:59,102626.44,32.80,16.68,102672.42,18.49,68.04,-974835.00,4.90
3:0,102625.74,32.78,16.66,102674.78,18.52,67.49,-975884.12,4.73
3:1,102631.13,32.78,16.57,102674.75,18.68,67.02,-976543.62,5.10
3:2,102621.03,32.76,16.58,102675.86,18.66,67.01,-977527.12,3.89
3:3,102622.29,32.75,16.67,102674.73,18.47,68.30,-977839.87,4.63
3:4,102628.39,32.76,16.66,102673.58,18.51,67.80,-978410.12,4.47
3:5,102619.64,32.74,16.66,102677.51,18.59,66.86,-978887.31,4.62
3:6,102621.29,32.77,16.68,102675.35,18.53,67.73,-980090.62,5.01
3:7,102631.75,23.66,44.41,102672.40,18.41,68.17,-980617.81,0.82
3:8,102639.14,20.03,65.21,102677.67,18.46,69.45,-981340.18,0.23
3:9,102638.83,20.29,59.36,102672.63,18.30,70.21,-981620.62,0.23
3:10,102630.06,28.90,25.78,102668.89,18.30,69.71,-982624.12,5.46
3:11,102630.55,31.93,18.60,102673.10,18.37,69.07,-983184.62,3.80
3:12,102615.55,32.44,17.45,102673.36,18.46,68.33,-983183.31,4.42
3:13,102619.78,32.49,17.32,102671.64,18.37,68.46,-984476.68,4.34
3:14,102620.82,32.49,17.19,102673.99,18.48,68.19,-984987.50,5.88
3:15,102624.60,32.53,17.14,102674.94,18.51,67.77,-985215.18,4.76
3:16,102625.56,32.59,17.18,102675.79,18.65,67.03,-985495.31,4.70
3:17,102623.33,32.60,17.10,102672.86,18.36,68.81,-985809.12,5.50
3:18,102618.57,32.60,16.87,102675.92,18.47,68.03,-986240.18,4.97
3:19,102620.69,32.57,16.96,102676.14,18.52,67.73,-986729.00,5.13
3:20,102620.21,32.52,17.01,102674.86,18.36,68.13,-987584.81,4.43
3:21,102622.27,32.50,17.11,102667.30,18.30,68.60,-988107.62,5.17
3:22,102625.88,32.55,16.97,102669.61,18.22,69.36,-988669.81,4.70
3:23,102619.83,32.57,16.93,102668.11,18.21,69.71,-989361.81,4.78
3:24,102620.51,32.57,16.97,102670.77,18.53,67.45,-989868.87,3.86
3:25,102622.73,32.59,17.01,102669.74,18.36,68.91,-990490.87,4.99
3:26,102611.63,32.63,16.92,102667.00,18.41,68.60,-990975.87,4.96
3:27,102615.24,32.67,16.92,102669.02,18.64,68.06,-991739.68,4.39
3:28,102604.07,32.74,16.94,102669.50,18.49,68.66,-992367.00,4.12
3:29,102609.46,32.74,16.86,102664.14,18.42,68.96,-993307.31,4.54
3:30,102610.13,32.71,16.74,102668.46,18.55,67.61,-993347.00,5.11
3:31,102616.53,32.65,16.87,102666.14,18.53,68.02,-994084.12,5.32
3:32,102617.19,32.63,16.92,102671.66,18.73,67.23,-995196.31,4.37
3:33,102612.00,32.65,16.85,102669.00,18.67,67.03,-995825.12,4.36
3:34,102623.78,32.62,16.88,102668.96,18.65,67.36,-996074.37,4.32
3:35,102621.10,32.60,16.97,102672.88,18.68,66.88,-997256.50,5.24
3:36,102620.19,32.62,16.95,102672.08,18.47,68.69,-997851.50,4.76
3:37,102615.78,32.68,16.91,102671.35,18.39,68.46,-998300.18,5.23
3:38,102619.12,32.68,16.96,102669.17,18.30,69.18,-998540.12,4.66
3:39,102628.25,32.66,16.96,102670.49,18.38,68.02,-999625.62,4.83
3:40,102623.96,32.63,17.02,102669.77,18.37,68.64,-1000486.81,3.91
3:41,102623.87,32.61,16.90,102669.17,18.32,68.15,-1001251.68,4.03
3:42,102613.64,32.55,16.97,102673.17,18.28,68.87,-1001798.50,3.95
3:43,102616.30,32.55,16.97,102672.53,18.14,69.82,-1002274.68,4.07
3:44,102618.17,32.56,16.86,102676.95,18.41,68.20,-1003236.68,4.36
3:45,102615.96,32.54,17.03,102676.58,18.15,69.76,-1003911.50,3.96
3:46,102612.02,32.56,16.96,102668.49,18.28,68.00,-1004515.31,5.06
3:47,102620.77,32.59,16.94,102673.53,18.28,68.82,-1004681.87,4.70
3:48,102617.35,32.57,16.88,102671.28,18.31,68.46,-1005772.68,4.17
3:49,102613.39,32.56,17.00,102670.67,18.33,68.30,-1006144.81,5.08
3:50,102628.02,32.53,17.04,102671.25,18.00,70.18,-1006914.62,4.94
3:51,102621.16,32.49,17.01,102671.96,18.07,70.03,-1007536.37,4.79
3:52,102623.35,32.47,17.03,102673.38,17.97,70.52,-1007998.12,4.36
3:53,102626.26,32.47,16.96,102671.74,18.19,69.46,-1008744.87,3.94
3:54,102625.38,32.45,16.88,102674.24,18.23,69.12,-1009584.18,5.40
3:55,102623.93,32.42,16.88,102676.97,18.19,69.23,-1010118.50,5.16
3:56,102624.85,32.41,17.02,102676.71,18.12,69.64,-1011325.18,4.72
3:57,102623.44,32.46,16.99,102679.63,18.22,69.25,-1012404.18,4.99
3:58,102622.67,32.47,16.96,102678.57,18.18,69.71,-1012612.18,5.31
3:59,102626.92,32.43,16.89,102679.62,18.28,68.55,-1012538.68,4.40
4:0,102626.64,32.34,16.92,102677.74,18.31,68.30,-1013547.62,5.83
4:1,102622.25,32.30,16.99,102678.53,18.49,67.31,-1014380.37,4.68
4:2,102624.93,32.33,16.93,102680.92,18.41,67.38,-1014894.31,4.59
4:3,102627.02,32.35,16.97,102677.35,18.28,68.39,-1015976.00,4.73
4:4,102634.05,32.39,17.06,102679.49,18.12,69.72,-1016369.12,3.97
4:5,102629.46,32.40,17.08,102678.36,18.11,69.42,-1017075.18,4.29
4:6,102625.13,32.42,16.90,102684.10,18.36,68.38,-1017704.18,4.36
4:7,102640.84,32.41,16.96,102680.39,18.17,69.23,-1018789.12,5.80
4:8,102626.10,32.38,16.96,102682.95,17.91,70.65,-1019651.81,4.36
4:9,102636.65,32.32,17.00,102682.35,17.92,69.93,-1020279.81,5.14
4:10,102625.02,32.31,16.98,102684.39,17.94,70.10,-1020425.18,4.07
4:11,102628.02,32.33,17.03,102682.46,18.14,69.69,-1021280.81,3.89
4:12,102643.09,32.37,16.94,102681.39,18.04,69.62,-1021983.18,5.05
4:13,102622.37,32.32,16.97,102677.08,18.05,69.21,-1023009.00,5.37
4:14,102628.10,32.33,16.98,102681.10,18.01,69.93,-1023666.50,5.14
4:15,102635.48,32.35,16.96,102682.81,18.03,70.11,-1024286.68,5.22
4:16,102634.77,32.32,17.00,102683.82,17.82,71.30,-1025057.62,3.89
4:17,102637.05,32.38,17.00,102686.59,18.05,70.10,-1025231.37,5.83
4:18,102633.28,32.40,17.01,102684.32,18.06,69.68,-1026597.31,5.38
4:19,102635.64,32.44,17.04,102683.49,18.26,69.21,-1026474.37,5.83
4:20,102632.67,32.48,16.92,102685.46,18.18,69.70,-1027022.12,4.59
4:21,102636.61,32.46,16.96,102682.98,18.18,69.76,-1028629.68,4.98
4:22,102622.33,32.46,16.99,102681.97,18.23,69.31,-1028817.00,5.66
4:23,102631.30,32.49,17.00,102684.32,18.30,68.86,-1029741.00,4.45
4:24,102639.06,32.53,16.88,102684.46,18.43,68.67,-1030061.12,4.96
4:25,102635.28,32.54,16.83,102682.71,18.49,67.48,-1030537.18,5.10
4:26,102636.75,32.53,16.97,102678.16,18.27,69.87,-1031338.68,4.78
4:27,102625.88,32.55,16.78,102679.28,18.28,68.67,-1032332.37,5.21
4:28,102618.53,32.53,16.78,102681.39,17.97,69.96,-1032708.81,5.23
4:29,102630.86,32.43,16.83,102681.21,18.16,68.97,-1033830.87,3.80
4:30,102631.72,32.36,16.76,102678.08,18.01,69.24,-1034197.00,5.03
4:31,102630.87,32.26,16.96,102681.78,17.89,70.14,-1035323.00,5.38
4:32,102625.77,32.28,16.85,102682.49,17.87,69.83,-1035637.62,4.92
4:33,102647.03,32.26,16.88,102684.56,18.06,69.05,-1036842.12,5.14
4:34,102640.96,32.25,16.99,102682.69,18.06,69.48,-1037515.12,5.02
4:35,102635.57,32.26,16.94,102688.16,18.23,68.26,-1037914.68,4.57
4:36,102626.77,32.25,16.81,102688.55,18.26,66.60,-1038036.18,4.81
4:37,102644.96,32.20,16.93,102690.17,18.09,69.03,-1039028.00,5.36
4:38,102639.66,32.19,16.99,102689.58,18.00,69.32,-1039655.37,4.36
4:39,102644.15,32.19,16.93,102686.08,18.12,68.50,-1040223.62,4.73
4:40,102644.86,32.22,16.98,102687.10,18.19,69.15,-1041210.37,4.36
4:41,102638.05,32.25,16.99,102688.25,18.13,69.50,-1041598.87,4.73
4:42,102638.91,32.26,16.97,102685.75,18.17,67.93,-1042008.00,4.28
4:43,102638.22,32.24,16.89,102679.39,18.12,68.97,-1042726.12,4.68
4:44,102631.69,32.23,16.93,102683.44,18.22,67.28,-1044145.31,4.66
4:45,102633.61,32.25,16.98,102684.24,18.26,67.49,-1044281.18,5.41
4:46,102627.36,32.26,16.83,102681.08,18.19,68.05,-1044903.81,4.11
4:47,102637.80,32.23,16.87,102680.92,18.23,67.13,-1045791.37,4.83
4:48,102632.38,32.22,16.76,102681.67,18.31,66.86,-1046524.31,5.23
4:49,102627.57,32.17,16.88,102677.80,18.30,66.32,-1047433.31,5.08
4:50,102625.83,32.14,16.82,102678.61,18.31,66.39,-1048423.50,5.26
4:51,102623.96,32.13,16.84,102672.17,18.28,67.50,-1048343.81,4.99
4:52,102621.21,32.13,16.94,102671.49,18.22,67.91,-1048829.50,4.96
4:53,102627.39,32.16,16.90,102674.19,18.40,66.85,-1049956.37,5.62
4:54,102615.35,32.16,16.99,102670.05,18.41,67.22,-1050672.25,4.50
4:55,102621.07,32.17,16.85,102669.86,18.43,66.61,-1050813.75,5.74
4:56,102620.44,32.14,16.92,102665.78,18.24,67.70,-1051779.00,5.09
4:57,102610.10,32.13,16.92,102666.11,18.21,67.79,-1052486.25,5.61
4:58,102612.29,32.11,17.07,102664.22,18.09,68.85,-1053292.00,5.72
4:59,102614.52,32.11,16.82,102666.27,18.37,66.13,-1053660.25,5.25
5:0,102612.01,32.07,16.90,102661.25,18.22,66.80,-1054512.12,4.39
5:1,102621.41,32.06,16.97,102664.10,18.20,67.66,-1054687.00,4.58
5:2,102622.84,32.12,16.84,102665.85,18.23,67.07,-1055752.12,3.98
5:3,102613.24,32.09,16.99,102663.62,18.27,67.99,-1056507.25,5.62
5:4,102611.89,32.12,16.89,102661.64,18.26,67.26,-1057059.00,4.81
5:5,102609.90,32.08,17.08,102663.53,18.22,67.77,-1057882.75,4.20
5:6,102606.02,32.16,16.98,102661.80,18.14,68.45,-1058337.50,4.82
5:7,102618.90,32.15,16.88,102664.07,18.36,66.89,-1058698.12,3.85
5:8,102608.90,32.14,16.82,102665.96,18.34,67.26,-1059594.50,3.90
5:9,102616.97,32.05,16.90,102671.06,18.47,65.91,-1060319.25,3.93
5:10,102621.72,32.03,16.96,102669.67,18.39,66.31,-1061015.12,3.94
5:11,102627.50,31.99,16.96,102666.36,18.07,68.05,-1061547.50,5.23
5:12,102618.67,31.96,16.95,102666.82,18.10,67.41,-1062292.50,5.27
5:13,102621.44,31.98,16.98,102666.97,18.08,67.94,-1063309.50,4.75
5:14,102624.66,31.95,16.94,102675.27,17.89,68.80,-1063788.50,4.95
5:15,102614.80,31.93,16.94,102673.72,17.98,67.84,-1064128.25,5.23
5:16,102627.74,31.94,16.94,102675.18,17.99,67.76,-1065246.12,4.05
5:17,102633.25,31.91,16.96,102674.26,17.97,67.51,-1066025.00,5.47
5:18,102625.78,31.88,16.94,102677.44,18.03,67.12,-1066170.75,3.79
5:19,102631.79,31.84,16.86,102679.35,18.17,66.33,-1067026.00,5.19
5:20,102637.82,31.80,16.95,102677.21,17.96,67.17,-1067737.75,3.97
5:21,102630.57,31.81,16.89,102679.17,18.24,65.72,-1068011.50,4.38
5:22,102631.30,31.77,17.01,102677.31,18.10,66.14,-1069308.62,4.75
5:23,102636.85,31.78,16.90,102677.49,18.13,65.77,-1069755.25,5.00
5:24,102637.05,31.79,17.00,102681.39,18.05,66.56,-1070640.37,5.06
5:25,102641.50,31.81,16.90,102677.94,18.08,66.13,-1070899.75,4.21
5:26,102641.50,31.79,16.90,102677.91,18.09,66.69,-1071582.00,5.21
5:27,102636.85,31.77,16.88,102678.14,18.15,66.13,-1072203.37,4.34
5:28,102630.11,31.70,16.97,102678.61,18.00,67.12,-1072552.50,4.78
5:29,102628.78,31.72,16.90,102676.75,18.01,66.52,-1073910.37,4.69
5:30,102631.00,31.71,16.96,102675.38,18.19,65.98,-1074038.37,4.59
5:31,102626.57,31.72,16.95,102676.71,18.13,66.82,-1074663.37,5.46
5:32,102634.33,31.71,16.94,102675.25,18.00,66.96,-1075779.37,4.43
5:33,102627.86,31.67,16.89,102676.53,18.18,65.14,-1076413.87,4.90
5:34,102633.58,31.65,16.99,102680.65,18.22,65.92,-1077012.87,4.93
5:35,102626.54,31.61,16.91,102679.34,18.16,65.34,-1077227.62,5.16
5:36,102629.88,31.61,16.98,102674.21,18.15,65.80,-1078433.25,3.90
5:37,102632.10,31.61,16.97,102679.66,17.98,66.84,-1078926.37,4.36
5:38,102632.61,31.60,17.02,102674.16,17.98,66.17,-1080043.75,4.50
5:39,102631.16,31.61,17.08,102674.03,18.08,66.41,-1080338.50,4.02
5:40,102622.27,31.62,17.03,102673.46,18.06,66.68,-1081286.87,4.87
5:41,102622.19,31.63,17.14,102676.97,17.90,67.85,-1081579.25,5.06
5:42,102621.49,31.68,16.95,102669.33,18.36,64.68,-1082257.12,5.15
5:43,102626.96,31.69,17.07,102670.88,18.08,67.36,-1083330.75,3.79
5:44,102621.78,31.71,17.01,102670.45,18.02,66.86,-1083322.50,3.81
5:45,102619.47,31.71,16.97,102671.53,18.16,65.85,-1084376.50,5.71
5:46,102623.80,31.68,16.95,102668.05,18.23,65.76,-1084372.25,5.03
5:47,102619.92,31.65,16.91,102671.80,18.17,65.33,-1085501.00,4.74
5:48,102617.32,31.61,16.93,102672.39,18.38,64.39,-1085725.87,3.85
5:49,102622.61,31.61,16.92,102676.25,18.46,63.65,-1086281.87,4.32
5:50,102626.97,31.61,16.94,102670.57,18.34,64.69,-1087268.12,3.88
5:51,102630.04,31.60,17.05,102673.14,18.20,65.96,-1087792.25,3.96
5:52,102630.47,31.61,17.02,102675.67,18.03,66.96,-1088764.25,5.07
5:53,102639.39,31.63,17.07,102681.12,18.05,66.28,-1089072.00,3.89
5:54,102642.42,31.67,17.01,102681.92,18.26,65.56,-1089387.87,4.09
5:55,102645.61,31.71,17.02,102685.55,18.24,65.60,-1090482.25,4.06
5:56,102644.93,31.72,16.97,102687.82,18.12,66.90,-1091218.62,4.03
5:57,102637.19,31.75,17.01,102688.69,18.18,66.29,-1091589.25,4.34
5:58,102644.46,31.78,16.90,102684.32,18.40,64.51,-1092364.75,4.67
5:59,102638.73,31.76,16.91,102688.50,18.31,64.75,-1093090.25,5.16
6:0,102633.57,31.72,16.84,102686.13,18.24,65.19,-1093282.50,5.05
6:1,102631.19,31.67,16.98,102683.58,18.09,66.41,-1094038.87,5.51
6:2,102635.25,31.70,17.05,102684.35,18.13,65.79,-1094756.37,4.87
6:3,102634.13,31.70,17.02,102682.35,18.32,64.21,-1095803.37,4.96
6:4,102631.43,31.74,16.99,102675.91,18.25,65.93,-1096396.25,5.07
6:5,102630.24,31.73,16.94,102676.32,18.34,64.84,-1096810.25,4.34
6:6,102627.08,31.73,17.01,102676.65,18.16,66.26,-1097421.62,3.85
6:7,102625.03,31.73,17.02,102679.46,18.29,64.00,-1098037.50,5.18
6:8,102635.79,31.73,16.84,102684.61,18.46,62.88,-1098316.62,4.92
6:9,102638.66,31.67,16.95,102690.53,18.62,63.37,-1099182.87,3.84
6:10,102635.07,31.69,16.92,102690.29,18.60,62.79,-1099905.12,4.36
6:11,102639.94,31.68,16.95,102689.89,18.61,63.04,-1100580.37,4.38
6:12,102649.28,31.72,17.02,102691.92,18.46,64.14,-1101390.87,4.84
6:13,102642.24,31.77,16.97,102693.35,18.20,65.98,-1101810.62,4.94
6:14,102642.13,31.82,16.95,102691.72,18.30,65.69,-1102217.62,4.69
6:15,102642.56,31.84,16.94,102693.97,18.52,64.76,-1102750.37,4.85
6:16,102639.21,31.86,16.92,102692.46,18.47,64.83,-1103895.00,5.21
6:17,102633.05,31.88,16.92,102689.82,18.49,64.82,-1104508.37,5.03
6:18,102634.93,31.88,16.88,102690.96,18.68,63.59,-1105344.00,4.19
6:19,102630.32,31.86,16.88,102686.72,18.60,64.29,-1105462.12,4.27
6:20,102638.72,31.92,16.82,102685.08,18.69,63.42,-1106321.12,3.92
6:21,102630.04,31.94,16.87,102685.11,18.55,65.33,-1106974.25,5.27
6:22,102635.97,31.98,16.90,102681.91,18.52,65.27,-1107458.87,5.06
6:23,102637.06,32.05,16.80,102681.13,18.53,65.41,-1107998.75,5.10
6:24,102628.48,32.02,16.96,102680.46,18.54,66.12,-1108397.62,4.23
6:25,102631.25,32.05,16.90,102681.33,18.66,64.37,-1109141.12,4.47
6:26,102630.22,32.07,16.84,102684.25,18.53,65.27,-1110033.50,4.32
6:27,102639.25,32.04,16.79,102686.24,18.88,63.96,-1110221.00,4.90
6:28,102627.36,32.03,16.87,102680.42,18.58,64.75,-1111091.75,5.05
6:29,102632.61,32.05,16.87,102685.20,18.78,64.54,-1111416.25,4.36
6:30,102636.32,32.10,16.79,102685.14,18.89,63.30,-1112328.50,4.27
6:31,102630.36,32.13,16.87,102688.00,18.86,64.39,-1112821.12,4.58
6:32,102629.88,32.18,16.84,102686.52,18.79,63.49,-1113599.75,3.83
6:33,102625.63,32.20,16.76,102691.32,19.06,63.02,-1114458.75,5.09
6:34,102647.17,32.20,16.83,102691.46,19.06,63.90,-1115394.75,4.05
6:35,102636.14,32.22,16.75,102688.94,19.36,60.17,-1115734.50,4.37
6:36,102649.35,32.24,16.74,102686.86,19.40,61.81,-1116861.62,5.69
6:37,102634.60,32.32,16.87,102691.50,19.20,63.12,-1116742.50,5.77
6:38,102634.46,32.36,16.65,102690.43,19.38,61.83,-1117144.87,4.09
6:39,102639.84,32.37,16.64,102695.47,19.15,62.48,-1117909.12,4.37
6:40,102635.67,32.39,16.61,102687.89,19.27,62.34,-1118396.37,4.96
6:41,102644.17,32.40,16.61,102691.35,19.49,60.05,-1119194.25,4.56
6:42,102642.32,32.44,16.57,102695.99,19.29,62.02,-1119779.75,5.30
6:43,102645.60,32.48,16.54,102694.42,19.31,61.79,-1120639.75,4.58
6:44,102642.85,32.48,16.58,102697.72,19.27,62.60,-1120918.37,5.21
6:45,102643.65,32.50,16.65,102698.67,19.31,61.65,-1122129.87,5.08
6:46,102655.63,32.52,16.46,102698.19,19.38,61.56,-1122480.75,4.18
6:47,102643.08,32.54,16.45,102701.49,19.49,60.81,-1123431.25,5.10
6:48,102648.66,32.57,16.53,102698.40,19.25,62.49,-1124019.62,5.37
6:49,102641.78,32.64,16.55,102697.28,19.27,62.57,-1124749.75,5.21
6:50,102639.91,32.69,16.51,102698.30,19.36,62.28,-1125345.75,4.41
6:51,102650.96,32.74,16.53,102702.28,19.32,63.42,-1125474.25,5.23
6:52,102660.57,32.76,16.41,102699.99,19.67,60.20,-1126243.00,4.90
6:53,102648.34,32.75,16.43,102700.53,19.68,60.96,-1126790.75,5.34
6:54,102647.04,32.79,16.53,102702.14,19.65,61.96,-1126918.87,5.27
6:55,102654.62,32.83,16.30,102707.13,19.54,59.86,-1127874.12,4.38
6:56,102647.88,32.75,16.34,102707.86,19.82,59.75,-1128328.62,4.16
6:57,102658.85,32.77,16.41,102705.60,20.10,58.88,-1129225.50,3.93
6:58,102664.63,32.86,16.50,102706.67,19.61,61.97,-1129922.00,4.77
6:59,102654.38,32.89,16.40,102709.52,19.68,60.54,-1130402.87,5.14
7:0,102658.07,32.93,16.50,102707.10,19.46,62.84,-1131288.25,4.31
7:1,102654.35,32.98,16.48,102708.11,19.58,62.27,-1132228.00,4.54
7:2,102647.44,33.00,16.46,102709.03,19.51,62.69,-1132433.62,4.12
7:3,102655.94,33.02,16.42,102709.78,19.45,63.05,-1133629.00,4.47
7:4,102661.96,33.09,16.32,102716.54,19.62,61.65,-1134125.00,4.18
7:5,102667.66,33.04,16.62,102718.85,19.65,62.44,-1134720.25,5.32
7:6,102657.60,33.09,16.41,102719.93,19.72,61.44,-1135465.00,5.71
7:7,102665.85,33.05,16.45,102718.25,19.61,62.60,-1135799.75,4.50
7:8,102664.42,33.06,16.40,102721.12,19.45,62.99,-1136280.37,5.38
7:9,102662.44,33.02,16.44,102719.23,19.64,61.98,-1136582.37,4.71
7:10,102659.42,33.01,16.42,102718.25,19.65,62.35,-1136802.75,5.39
7:11,102659.78,33.05,16.50,102712.01,19.67,62.63,-1137450.25,6.06
7:12,102666.24,33.09,16.53,102715.13,19.57,63.16,-1137709.62,4.88
7:13,102658.70,33.11,16.51,102713.63,19.52,63.80,-1138204.50,4.99
7:14,102664.52,33.12,16.49,102711.67,19.67,62.34,-1138633.75,4.09
7:15,102656.75,33.15,16.49,102717.30,19.51,63.40,-1139410.75,6.04
7:16,102666.52,33.18,16.54,102715.30,19.54,62.84,-1139643.12,4.18
7:17,102669.71,33.22,16.40,102724.17,19.94,61.82,-1140150.25,4.64
7:18,102681.94,33.23,16.39,102729.94,20.04,60.28,-1140560.37,5.74
7:19,102679.53,33.18,16.30,102723.94,20.08,60.01,-1141354.75,4.71
7:20,102680.05,33.13,16.45,102737.17,19.82,61.48,-1141401.62,3.95
7:21,102681.30,33.12,16.36,102739.19,19.98,59.55,-1142019.25,5.05
7:22,102687.58,33.14,16.33,102741.23,19.99,60.27,-1142825.75,4.58
7:23,102684.96,33.21,16.45,102738.42,19.93,61.63,-1143136.50,4.48
7:24,102688.82,33.24,16.17,102736.82,20.16,58.70,-1143737.87,4.49
7:25,102682.35,33.19,16.18,102740.05,20.05,59.07,-1144370.12,4.69
7:26,102684.25,33.17,16.28,102734.39,20.35,58.44,-1144712.37,5.85
7:27,102682.96,33.18,16.35,102733.30,20.06,60.59,-1144639.50,5.40
7:28,102684.30,33.28,16.37,102738.66,20.04,62.03,-1145472.25,3.96
7:29,102679.00,33.42,16.43,102739.42,19.98,61.85,-1145835.75,5.35
7:30,102679.16,33.52,16.51,102736.62,20.04,62.76,-1146602.12,5.00
7:31,102677.28,33.61,16.27,102738.09,20.01,61.46,-1147960.25,4.12
7:32,102686.89,33.60,16.31,102735.00,19.98,62.22,-1147769.87,4.90
7:33,102677.19,33.57,16.42,102736.17,19.94,62.94,-1148898.25,3.91
7:34,102682.61,33.64,16.25,102735.90,19.91,62.64,-1149347.50,5.18
7:35,102685.71,33.66,16.32,102731.00,20.14,61.91,-1150650.25,5.78
7:36,102681.66,33.64,16.22,102731.99,20.15,61.35,-1151486.37,5.21
7:37,102683.48,33.66,16.11,102730.07,20.30,60.39,-1152092.50,5.33
7:38,102675.60,33.66,16.10,102729.30,20.33,60.34,-1152096.25,3.91
7:39,102680.82,33.68,16.10,102730.71,20.38,59.94,-1152512.50,3.98
7:40,102683.75,33.73,16.13,102729.65,20.37,60.68,-1153954.25,4.61
7:41,102692.75,33.77,16.03,102730.82,20.43,59.98,-1154344.87,4.83
7:42,102679.45,33.76,16.07,102730.52,20.43,60.14,-1154390.12,4.58
7:43,102688.30,33.77,16.02,102732.61,20.39,59.94,-1154911.75,5.27
7:44,102683.16,33.81,15.96,102731.88,20.57,58.17,-1154809.87,4.97
7:45,102683.51,33.80,16.05,102733.72,20.56,59.77,-1156106.50,4.67
7:46,102681.35,33.86,15.97,102732.39,20.57,59.35,-1157180.00,4.46
7:47,102678.64,33.91,15.87,102733.72,20.76,57.94,-1157737.00,5.56
7:48,102681.11,33.89,15.91,102731.49,20.79,58.32,-1158410.12,5.05
7:49,102681.38,33.91,15.94,102728.61,20.80,58.33,-1159568.12,4.31
7:50,102677.25,33.97,15.92,102726.42,20.64,58.90,-1160390.25,5.62
7:51,102666.57,34.00,15.87,102724.82,20.70,57.72,-1161339.75,4.03
7:52,102667.14,33.96,15.94,102722.58,20.95,55.98,-1162012.50,5.37
7:53,102668.38,33.99,15.88,102720.08,21.02,57.13,-1161753.75,4.98
7:54,102676.16,34.02,15.85,102722.33,21.01,57.24,-1161285.75,4.61
7:55,102669.72,34.13,15.86,102722.52,21.04,57.90,-1161924.75,3.95
7:56,102668.80,34.25,15.91,102725.53,21.07,58.40,-1162570.87,4.76
7:57,102676.16,34.40,15.93,102729.35,21.03,59.36,-1163757.25,4.66
7:58,102676.00,34.51,15.78,102726.02,21.10,57.82,-1164806.25,4.90
7:59,102662.41,34.48,15.72,102726.25,21.11,56.95,-1165760.75,5.38
8:0,102663.78,34.48,15.88,102727.96,21.15,58.70,-1165310.50,4.52
8:1,102676.77,34.52,15.82,102724.47,21.16,58.73,-1165828.25,5.33
8:2,102668.60,34.59,15.74,102725.44,21.06,58.35,-1166892.62,5.90
8:3,102678.10,34.58,15.63,102728.92,21.01,57.74,-1168055.12,3.96
8:4,102674.52,34.59,15.63,102726.14,21.20,57.55,-1168497.37,4.66
8:5,102668.93,34.66,15.63,102730.91,21.27,57.84,-1168040.37,4.98
8:6,102675.94,34.69,15.67,102730.21,21.30,57.69,-1169027.25,4.29
8:7,102671.88,34.76,15.61,102730.71,21.22,58.12,-1169763.37,4.92
8:8,102674.08,34.84,15.66,102734.99,21.25,59.17,-1170622.62,5.37
8:9,102675.56,34.88,15.63,102735.52,21.27,58.59,-1170535.75,3.96
8:10,102678.46,34.92,15.53,102738.27,21.48,56.10,-1171471.00,5.41
8:11,102679.49,34.92,15.82,102733.74,21.35,60.34,-1173453.37,5.04
8:12,102685.49,35.01,15.49,102737.28,21.55,55.54,-1174355.00,4.69
8:13,102687.78,34.97,15.63,102742.94,21.45,58.52,-1174435.25,4.49
8:14,102686.51,35.04,15.56,102740.12,21.31,59.32,-1174705.25,3.96
8:15,102695.24,35.12,15.51,102744.41,21.48,57.87,-1175201.00,3.95
8:16,102694.25,35.17,15.45,102749.10,21.51,57.98,-1175793.87,4.59
8:17,102695.12,35.22,15.60,102750.29,21.31,59.69,-1177357.25,5.10
8:18,102702.79,35.31,15.45,102754.36,21.55,57.93,-1177912.25,4.28
8:19,102697.42,35.23,15.58,102751.77,21.47,57.87,-1178626.12,4.91
8:20,102691.07,35.20,15.39,102749.69,21.89,55.00,-1180264.87,4.07
8:21,102706.17,35.21,15.48,102750.64,22.06,54.80,-1180999.00,4.98
8:22,102696.35,35.29,15.53,102750.03,21.86,55.95,-1181438.00,4.81
8:23,102700.64,35.32,15.50,102750.60,21.90,56.87,-1182408.75,4.89
8:24,102698.64,35.37,15.43,102748.34,21.97,56.85,-1182724.50,4.23
8:25,102694.99,35.43,15.37,102753.36,21.84,56.83,-1183386.62,5.56
8:26,102697.35,35.48,15.45,102751.60,21.86,57.34,-1184374.75,5.34
8:27,102703.15,35.52,15.29,102751.31,22.01,55.71,-1184895.12,4.78
8:28,102699.78,35.56,15.47,102753.86,21.99,57.01,-1185501.75,4.97
8:29,102711.54,35.69,15.45,102759.10,21.95,57.16,-1184233.37,4.01
8:30,102708.05,35.76,15.28,102759.09,21.99,56.31,-1185388.50,5.23
8:31,102716.44,35.69,15.43,102761.98,21.90,58.67,-1186839.87,5.59
8:32,102710.60,35.80,15.47,102762.38,21.94,58.68,-1187104.25,5.33
8:33,102720.60,35.88,15.33,102761.60,21.97,57.16,-1187619.50,4.61
8:34,102714.36,35.84,15.16,102767.03,22.18,56.52,-1189796.25,4.03
8:35,102714.10,35.84,15.24,102760.39,22.31,54.65,-1190401.62,4.07
8:36,102715.02,35.88,15.24,102762.42,22.30,56.20,-1190127.12,5.77
8:37,102714.97,35.99,15.33,102761.62,22.34,55.99,-1190195.50,4.66
8:38,102709.67,36.04,15.16,102760.60,22.34,56.31,-1191522.87,4.17
8:39,102717.67,36.03,15.26,102760.33,22.33,55.81,-1192706.25,5.50
8:40,102712.44,36.05,15.19,102762.85,22.31,56.50,-1193485.00,4.80
8:41,102713.21,36.05,15.06,102767.02,22.46,55.29,-1193583.37,4.97
8:42,102713.46,36.08,15.18,102762.93,22.47,54.67,-1194170.62,5.14
8:43,102718.81,36.16,15.11,102769.24,22.60,55.12,-1195754.25,5.59
8:44,102720.57,36.18,15.05,102771.17,22.88,54.19,-1196652.25,4.33
8:45,102720.17,36.25,15.08,102771.32,22.76,55.03,-1197137.50,4.63
8:46,102720.33,36.38,15.28,102769.53,22.65,56.62,-1197285.62,4.45
8:47,102713.61,36.50,15.10,102772.16,22.76,54.59,-1198532.62,5.03
8:48,102717.17,36.62,15.20,102767.68,22.71,57.23,-1197680.75,5.61
8:49,102715.53,36.72,14.99,102768.99,22.73,55.77,-1197704.75,5.64
8:50,102721.25,36.67,15.08,102761.80,22.68,57.34,-1199495.87,5.30
8:51,102706.42,36.78,15.03,102766.60,22.75,57.08,-1199624.25,4.29
8:52,102721.92,36.87,14.90,102768.13,22.86,56.11,-1200190.25,5.45
8:53,102719.21,36.89,14.90,102771.14,22.99,55.35,-1199965.75,5.41
8:54,102716.59,36.92,14.84,102768.85,23.17,54.19,-1200980.12,4.55
8:55,102716.03,36.99,14.84,102768.28,23.14,54.71,-1202005.50,4.56
8:56,102713.60,37.00,14.94,102767.38,23.04,55.40,-1203349.75,5.90
8:57,102704.07,36.98,14.72,102763.97,23.35,52.89,-1203853.25,4.15
8:58,102708.75,36.95,14.79,102762.72,23.30,53.15,-1204121.50,5.63
8:59,102709.82,37.00,14.74,102762.66,23.49,52.39,-1205619.75,4.54
9:0,102702.89,37.01,14.83,102760.70,23.37,54.32,-1205299.12,4.14
9:1,102707.88,37.10,14.91,102757.64,23.39,53.68,-1206128.37,5.32
9:2,102698.66,37.17,14.81,102758.67,23.59,53.02,-1207659.75,6.29
9:3,102704.08,37.18,14.65,102756.41,23.67,51.84,-1208541.00,4.89
9:4,102696.99,37.12,14.56,102760.19,23.76,50.32,-1209352.00,4.05
9:5,102706.60,37.08,14.93,102758.03,23.47,53.53,-1210048.75,4.74
9:6,102707.51,37.18,14.74,102759.70,23.57,52.52,-1209061.87,5.37
9:7,102696.46,37.21,14.68,102758.16,23.82,51.53,-1210833.75,5.51
9:8,102702.70,37.23,14.73,102755.49,23.65,53.03,-1211318.75,4.11
9:9,102704.80,37.27,14.73,102757.46,23.49,54.28,-1211406.87,4.45
9:10,102694.19,37.22,14.59,102754.76,23.65,52.24,-1212849.25,5.26
9:11,102696.06,37.18,14.63,102757.22,23.81,50.85,-1212477.62,4.58
9:12,102692.07,37.19,14.66,102752.54,23.94,51.66,-1213794.50,4.63
9:13,102702.96,37.24,14.69,102752.35,24.06,51.72,-1214971.12,5.46
9:14,102703.28,37.31,14.64,102751.63,23.88,52.41,-1215668.62,5.49
9:15,102691.83,37.52,14.71,102755.69,23.97,52.03,-1215524.87,5.83
9:16,102699.89,37.61,14.81,102750.38,23.97,54.52,-1216216.12,5.70
9:17,102694.97,37.72,14.63,102748.49,24.05,52.28,-1217648.25,5.91
9:18,102690.71,37.69,14.43,102747.22,24.07,51.63,-1218018.87,6.12
9:19,102691.74,37.63,14.49,102748.83,24.13,52.24,-1219132.62,5.25
9:20,102687.36,37.73,14.47,102751.94,24.15,51.43,-1219568.75,5.63
9:21,102689.66,37.74,14.44,102751.74,24.16,51.05,-1220633.12,5.25
9:22,102701.85,37.78,14.47,102754.17,24.04,52.47,-1221958.00,5.39
9:23,102702.84,37.95,14.51,102758.62,24.08,52.87,-1221438.00,6.13
9:24,102712.53,37.99,14.44,102760.18,24.24,51.64,-1222006.25,4.90
9:25,102712.07,37.88,14.47,102765.88,24.26,51.34,-1222596.75,5.28
9:26,102712.00,37.80,14.45,102767.86,24.54,49.69,-1222722.62,5.30
9:27,102701.88,37.83,14.48,102768.03,24.54,49.62,-1223871.62,5.88
9:28,102710.48,37.78,14.50,102762.75,24.48,50.49,-1224152.87,4.64
9:29,102703.16,37.83,14.42,102761.52,24.56,50.30,-1224681.75,4.27
9:30,102702.82,37.83,14.34,102753.28,24.63,49.52,-1225226.25,4.14
9:31,102704.64,37.82,14.31,102760.22,24.49,49.52,-1225697.87,4.34
9:32,102709.80,37.84,14.39,102752.09,24.63,49.44,-1226870.62,6.00
9:33,102711.39,37.81,14.31,102764.15,24.33,49.06,-1227126.87,5.58
9:34,102704.85,37.74,14.26,102763.46,24.71,47.63,-1227947.00,5.45
9:35,102705.69,37.86,14.49,102768.00,24.79,49.75,-1227241.25,4.29
9:36,102714.37,38.05,14.28,102767.10,24.80,48.85,-1228684.75,4.81
9:37,102722.57,38.12,14.49,102769.62,24.80,51.73,-1229621.25,5.70
9:38,102711.74,37.87,14.37,102776.25,24.26,50.53,-1229016.12,5.30
9:39,102719.64,38.02,14.38,102771.40,24.52,50.29,-1230009.25,5.65
9:40,102714.89,38.31,14.49,102768.91,24.99,50.02,-1229957.50,6.04
9:41,102720.14,38.48,14.19,102767.66,25.23,48.88,-1231181.50,4.68
9:42,102719.33,38.39,14.15,102770.83,25.15,48.27,-1232369.37,4.29
9:43,102716.16,38.44,14.32,102771.38,25.11,49.83,-1232995.12,5.86
9:44,102719.18,38.57,14.18,102772.27,25.27,48.08,-1233666.87,4.80
9:45,102719.60,38.67,14.10,102774.14,25.34,47.89,-1232963.87,5.28
9:46,102720.83,38.66,14.11,102772.78,25.28,48.79,-1234276.50,6.06
9:47,102723.50,38.67,14.16,102773.25,25.24,49.15,-1235245.87,5.63
9:48,102726.91,38.78,14.09,102776.71,25.44,48.95,-1233953.37,5.77
9:49,102727.76,38.79,14.00,102775.60,25.46,47.79,-1235440.75,4.16
9:50,102728.01,38.79,13.96,102775.44,25.55,47.43,-1236877.75,5.25
9:51,102722.07,38.65,13.91,102775.66,25.59,46.38,-1237895.75,5.70
9:52,102727.09,38.60,13.92,102775.00,25.41,46.95,-1238619.37,6.14
9:53,102720.17,38.70,14.04,102777.60,25.70,46.68,-1238358.12,5.43
9:54,102721.00,38.82,13.83,102774.57,25.58,47.25,-1239399.87,4.72
9:55,102723.17,38.81,13.94,102774.97,25.54,47.46,-1240222.25,5.26
9:56,102722.58,38.79,13.89,102780.71,25.51,47.59,-1240949.75,5.97
9:57,102728.11,38.83,13.93,102780.46,25.50,48.08,-1241468.50,4.50
9:58,102723.10,38.74,13.94,102776.86,25.32,48.15,-1241630.25,5.72
9:59,102718.57,38.67,14.06,102781.05,25.55,47.66,-1241859.00,5.07
10:0,102735.46,38.55,13.91,102781.44,25.39,46.83,-1242004.12,4.76
10:1,102723.58,38.53,14.05,102781.17,25.52,47.28,-1243525.37,4.10
10:2,102724.49,38.47,14.09,102776.80,25.46,47.13,-1244191.62,5.21
10:3,102720.10,38.54,14.02,102780.57,25.60,46.79,-1244993.87,5.31
10:4,102724.17,38.55,13.91,102779.03,25.74,45.47,-1245778.50,4.65
10:5,102726.24,38.49,14.17,102784.30,25.25,47.59,-1246681.50,5.99
10:6,102726.35,38.53,14.13,102784.38,25.37,47.66,-1246261.75,4.96
10:7,102735.57,38.68,14.09,102784.12,25.62,46.74,-1247129.12,6.37
10:8,102734.42,38.87,14.19,102787.97,25.54,47.88,-1248672.50,6.35
10:9,102734.16,38.78,14.00,102795.00,25.24,48.57,-1247713.37,4.47
10:10,102746.54,38.59,14.11,102795.64,25.40,46.65,-1248753.50,5.50
10:11,102752.73,38.68,14.11,102799.00,25.45,47.84,-1248588.62,5.40
10:12,102744.74,38.90,14.12,102800.47,25.68,47.93,-1249377.87,6.17
10:13,102745.74,39.01,14.07,102794.50,25.80,47.70,-1248592.75,4.78
10:14,102742.18,39.11,14.00,102801.20,26.06,46.16,-1250037.87,5.92
10:15,102743.69,39.00,13.84,102800.91,25.43,47.43,-1249745.12,6.09
10:16,102741.47,38.80,13.92,102799.64,25.49,47.24,-1250631.00,5.19
10:17,102745.78,38.82,14.11,102798.50,25.65,47.04,-1250640.62,4.95
10:18,102744.96,38.85,13.97,102803.60,26.00,45.86,-1252606.25,4.63
10:19,102750.75,38.97,13.99,102805.50,25.97,46.21,-1252858.62,5.51
10:20,102743.84,39.05,13.73,102807.99,26.03,45.58,-1253815.37,5.18
10:21,102749.82,39.09,13.75,102808.10,26.10,44.65,-1254279.25,5.26
10:22,102751.17,39.11,13.75,102809.63,26.19,45.19,-1254414.75,4.17
10:23,102748.60,39.14,13.78,102812.33,26.05,45.39,-1255086.62,5.34
10:24,102756.82,39.00,13.80,102813.30,25.59,47.46,-1253938.00,5.46
10:25,102751.49,39.02,13.64,102813.13,25.82,45.85,-1256329.25,4.95
10:26,102752.10,38.90,13.85,102815.50,25.31,48.27,-1256692.75,5.26
10:27,102765.66,39.00,13.71,102813.33,25.83,46.42,-1257117.00,6.08
10:28,102764.22,39.06,13.68,102815.92,26.18,44.04,-1258078.25,4.65
10:29,102758.38,39.08,13.79,102812.47,26.04,46.64,-1258574.75,6.05
10:30,102757.97,39.02,13.71,102814.72,25.70,46.40,-1258614.12,4.98
10:31,102755.35,38.95,13.76,102811.27,25.83,45.71,-1259387.50,5.52
10:32,102747.87,39.11,13.79,102811.89,26.20,45.08,-1260119.25,5.77
10:33,102756.56,39.42,13.70,102808.08,26.49,45.46,-1261335.00,4.58
10:34,102754.89,39.51,13.54,102808.25,26.46,45.43,-1262019.75,5.19
10:35,102761.59,39.57,13.64,102805.94,26.59,45.78,-1262621.00,4.14
10:36,102742.87,39.79,13.38,102802.82,26.40,45.20,-1262758.62,5.51
10:37,102746.13,39.68,13.48,102802.19,26.20,45.98,-1263435.00,5.88
10:38,102747.46,39.56,13.48,102801.54,26.23,45.22,-1264285.75,4.27
10:39,102742.36,39.58,13.41,102798.33,26.38,44.58,-1264571.75,5.50
10:40,102739.25,39.48,13.52,102798.58,26.15,45.91,-1265672.37,6.01
10:41,102742.00,39.51,13.53,102797.86,26.22,45.54,-1265754.37,6.26
10:42,102739.77,39.55,13.53,102791.66,26.37,45.17,-1266839.62,6.25
10:43,102741.31,39.56,13.55,102792.73,25.98,46.65,-1265895.00,4.61
10:44,102737.71,39.54,13.53,102793.14,26.17,45.54,-1267512.00,4.23
10:45,102748.28,39.76,13.75,102793.74,26.51,46.11,-1267347.75,6.35
10:46,102739.89,39.91,13.48,102794.64,26.59,45.33,-1268079.87,4.83
10:47,102745.62,39.97,13.39,102794.07,26.59,45.79,-1268253.25,4.47
10:48,102751.82,40.06,13.40,102794.64,26.90,44.84,-1268862.12,5.34
10:49,102746.39,40.05,13.33,102796.71,26.77,45.18,-1270386.87,5.83
10:50,102737.77,40.14,13.47,102793.88,27.07,44.58,-1270024.12,4.43
10:51,102743.05,40.10,13.31,102795.43,26.48,45.96,-1270282.50,4.24
10:52,102739.39,39.76,13.41,102796.50,26.28,45.27,-1271457.12,5.14
10:53,102737.44,39.81,13.54,102793.25,26.58,46.58,-1272895.75,5.52
10:54,102740.50,40.11,13.47,102796.72,26.83,45.47,-1272778.00,4.67
10:55,102743.60,40.27,13.35,102792.55,27.08,44.23,-1273143.87,4.74
10:56,102746.44,40.37,13.24,102798.45,27.05,44.64,-1273583.25,5.93
10:57,102743.93,39.99,13.24,102798.00,26.16,46.38,-1273344.62,5.53
10:58,102742.55,39.84,13.30,102794.53,26.48,44.88,-1274809.00,5.70
10:59,102745.13,40.06,13.35,102799.02,26.91,44.73,-1274941.87,4.08
11:0,102733.93,40.13,13.17,102799.57,26.95,43.15,-1275098.75,4.15
11:1,102742.35,40.07,13.26,102793.80,27.05,43.42,-1276100.12,5.07
11:2,102741.54,40.29,13.28,102791.89,27.33,43.51,-1276965.00,4.16
11:3,102741.22,40.42,13.14,102798.52,27.37,43.78,-1277376.50,5.56
11:4,102747.57,40.34,13.37,102797.17,27.20,44.09,-1277537.25,4.38
11:5,102746.25,40.35,13.24,102794.41,27.33,42.89,-1278445.62,6.19
11:6,102750.78,40.33,13.42,102797.60,27.31,43.66,-1278964.50,4.70
11:7,102750.11,40.36,13.17,102800.16,27.41,41.72,-1279547.12,6.22
11:8,102746.11,40.40,13.34,102797.03,27.62,42.00,-1279964.25,4.71
11:9,102749.83,40.61,13.19,102798.60,27.41,42.93,-1279583.62,4.61
11:10,102748.94,40.21,13.21,102796.57,27.06,44.07,-1280485.75,5.54
11:11,102751.21,40.38,13.43,102803.98,27.29,43.24,-1281138.37,4.72
11:12,102749.69,40.49,13.16,102806.89,27.36,43.12,-1281214.75,4.78
11:13,102761.42,40.41,13.23,102808.21,27.43,42.16,-1282443.50,6.16
11:14,102762.02,40.44,13.21,102811.44,27.52,41.86,-1283874.87,5.85
11:15,102750.87,40.43,13.13,102808.53,27.81,41.24,-1284122.50,4.11
11:16,102765.94,40.40,13.13,102814.83,27.62,41.67,-1283991.75,6.14
11:17,102757.10,40.41,13.27,102811.10,27.55,42.90,-1285095.37,4.92
11:18,102758.37,40.39,13.08,102812.43,27.49,41.46,-1285810.75,4.50
11:19,102757.83,40.19,13.11,102809.14,27.22,42.08,-1286523.25,5.56
11:20,102757.91,40.23,13.30,102812.21,27.38,43.03,-1285739.75,5.07
11:21,102763.07,40.20,13.30,102812.75,26.92,43.64,-1286619.12,5.34
11:22,102759.83,40.03,13.16,102810.13,26.75,43.19,-1287591.37,6.24
11:23,102762.89,40.09,13.25,102814.94,27.37,41.67,-1288731.25,5.63
11:24,102758.52,40.26,13.29,102812.96,27.20,42.42,-1289262.00,4.74
11:25,102759.19,40.34,13.19,102818.74,27.37,41.63,-1289133.12,4.09
11:26,102759.89,40.25,13.13,102812.10,27.27,41.79,-1289844.25,5.00
11:27,102765.42,40.27,13.19,102809.34,27.32,42.51,-1290577.62,6.22
11:28,102759.83,40.49,13.20,102811.06,27.49,42.61,-1289337.50,5.74
11:29,102763.30,40.56,13.17,102812.42,27.62,42.19,-1290763.12,4.23
11:30,102759.89,40.50,13.16,102811.83,27.72,42.37,-1290768.25,6.38
11:31,102756.28,40.46,13.23,102810.07,27.16,43.85,-1290547.37,5.66
11:32,102758.78,40.43,13.17,102808.11,27.44,42.80,-1292737.87,6.97
11:33,102756.04,40.41,13.22,102813.28,27.07,43.44,-1293256.00,6.19
11:34,102767.35,40.32,13.03,102805.82,27.23,41.90,-1293598.75,4.18
11:35,102756.07,40.17,13.11,102810.61,27.29,41.65,-1295065.50,5.25
11:36,102749.96,40.07,13.17,102804.58,27.12,42.18,-1295064.62,5.29
11:37,102743.66,39.88,13.19,102810.86,26.64,43.78,-1295054.75,5.91
11:38,102752.39,39.58,13.42,102805.53,26.35,44.64,-1295656.75,5.23
11:39,102745.25,39.73,13.34,102800.54,26.76,42.44,-1296713.25,4.62
11:40,102746.36,39.70,13.25,102799.89,26.92,41.75,-1296292.00,6.28
11:41,102739.27,39.70,13.38,102800.67,26.94,42.68,-1297061.75,4.69
11:42,102755.94,39.82,13.50,102795.82,27.03,43.71,-1296390.00,5.57
11:43,102741.27,40.09,13.18,102800.07,27.37,41.87,-1297760.50,4.11
11:44,102748.14,40.03,13.13,102799.77,27.29,41.35,-1298639.37,5.01
11:45,102746.53,39.93,13.15,102796.97,27.28,41.18,-1299730.87,4.31
11:46,102742.17,39.97,13.31,102796.35,27.47,40.83,-1299907.37,4.05
11:47,102735.66,39.98,13.22,102789.24,27.35,41.07,-1300043.00,5.69
11:48,102737.80,40.24,13.28,102796.79,27.79,41.05,-1301082.75,4.66
11:49,102747.91,40.28,13.04,102798.05,27.28,42.00,-1300817.00,6.16
11:50,102738.66,39.95,13.28,102789.82,27.11,42.09,-1300566.50,5.68
11:51,102735.53,40.00,13.18,102787.61,27.24,41.71,-1302085.00,6.12
11:52,102736.82,40.06,12.83,102788.71,27.23,39.65,-1302756.37,6.14
11:53,102740.08,39.49,13.09,102787.97,27.09,40.79,-1301943.75,5.49
11:54,102743.13,39.58,13.14,102790.94,27.46,39.53,-1303506.12,4.83
11:55,102737.42,39.71,13.19,102791.60,27.74,39.24,-1304566.62,5.43
11:56,102734.58,39.96,13.14,102796.10,28.00,38.55,-1305325.37,6.17
11:57,102738.02,40.04,13.15,102796.01,27.84,39.71,-1305446.62,6.02
11:58,102735.07,40.10,13.08,102795.66,27.91,38.73,-1306147.25,5.57
11:59,102746.62,40.17,13.14,102797.62,28.05,38.88,-1306403.37,6.21
12:0,102734.11,40.04,12.93,102790.10,27.17,40.41,-1305458.25,6.00
12:1,102729.91,39.85,13.25,102788.56,27.44,40.71,-1307234.62,5.33
12:2,102748.21,40.08,13.33,102795.64,27.76,40.97,-1308111.50,5.49
12:3,102740.30,40.14,12.89,102793.26,27.19,41.41,-1307106.25,4.12
12:4,102732.60,39.70,13.12,102789.17,27.06,41.39,-1307069.75,4.66
12:5,102730.89,39.61,13.11,102795.38,26.99,40.96,-1308240.12,4.49
12:6,102742.70,39.67,13.17,102799.94,27.03,41.01,-1309042.25,4.23
12:7,102734.76,39.62,13.21,102799.52,27.50,39.74,-1309483.25,5.18
12:8,102736.16,39.73,13.12,102791.01,27.66,39.45,-1310198.12,4.05
12:9,102725.50,39.75,13.25,102791.77,27.83,38.53,-1311238.50,4.10
12:10,102733.82,39.98,13.21,102790.75,27.89,39.88,-1311748.75,5.56
12:11,102731.28,40.17,13.16,102792.89,27.87,39.64,-1311712.25,4.83
12:12,102733.16,40.19,13.08,102790.83,28.05,39.25,-1312081.62,4.74
12:13,102729.25,40.36,13.08,102790.19,28.45,38.49,-1312637.37,6.31
12:14,102726.32,40.49,12.86,102791.63,28.31,38.78,-1313457.25,4.18
12:15,102737.67,40.48,12.97,102794.86,28.42,38.20,-1313887.12,4.53
12:16,102742.63,40.40,12.88,102791.44,27.89,39.60,-1313807.87,4.07
12:17,102728.03,40.33,12.83,102795.30,28.03,38.25,-1314797.75,5.98
12:18,102738.39,40.21,12.84,102795.16,27.84,38.96,-1314510.75,4.20
12:19,102742.10,40.06,12.83,102797.77,28.11,37.66,-1315496.25,4.30
12:20,102733.69,40.19,12.89,102791.74,28.33,37.27,-1316588.75,5.38
12:21,102736.64,40.28,12.88,102798.00,28.35,37.32,-1316703.25,5.97
12:22,102743.02,40.26,12.81,102798.96,28.07,38.09,-1316074.62,4.58
12:23,102745.11,39.90,13.05,102795.11,27.70,39.74,-1314694.87,5.52
12:24,102737.53,39.81,12.95,102793.24,27.53,39.45,-1313824.50,5.36
12:25,102733.68,39.79,13.11,102793.03,27.75,39.58,-1315111.50,4.56
12:26,102730.63,40.02,12.94,102796.15,27.88,37.97,-1315820.37,6.10
12:27,102735.00,40.00,12.78,102794.66,28.12,37.38,-1316516.12,5.47
12:28,102735.69,39.88,13.00,102796.16,28.00,37.94,-1318076.50,4.57
12:29,102736.46,40.26,13.01,102792.96,28.78,36.91,-1318269.25,5.02
12:30,102740.10,40.45,12.97,102793.28,28.60,37.82,-1318651.37,5.27
12:31,102741.57,40.58,12.85,102798.22,28.63,37.19,-1319368.12,4.05
12:32,102746.18,40.71,12.76,102798.85,28.81,36.82,-1319695.25,5.82
12:33,102737.46,40.79,12.64,102797.39,28.83,36.49,-1320912.25,5.92
12:34,102751.42,40.62,12.63,102797.96,28.73,36.43,-1320866.37,4.95
12:35,102748.72,40.55,12.71,102798.00,28.72,36.25,-1321837.37,4.91
12:36,102735.97,40.41,12.54,102804.36,28.49,35.94,-1321812.62,4.81
12:37,102743.94,40.37,12.74,102808.66,28.47,37.68,-1321696.75,4.32
12:38,102753.28,40.24,12.65,102802.67,28.20,37.38,-1321859.75,3.96
12:39,102747.01,40.23,12.79,102803.67,28.50,35.92,-1322730.75,6.08
12:40,102740.36,40.25,12.66,102800.06,28.08,38.29,-1322408.87,5.68
12:41,102750.60,40.28,12.87,102804.33,28.33,37.16,-1323162.25,4.98
12:42,102747.80,40.19,12.70,102798.03,27.82,38.28,-1322976.62,5.51
12:43,102745.96,40.05,12.92,102803.83,27.84,38.11,-1322196.00,5.99
12:44,102760.50,40.36,13.08,102809.50,28.60,37.99,-1324024.75,4.25
12:45,102752.60,40.50,12.71,102813.21,28.48,37.11,-1324618.25,5.48
12:46,102753.27,40.35,12.69,102809.46,28.48,36.72,-1324725.12,5.61
12:47,102747.36,40.26,12.78,102803.85,28.50,36.28,-1324904.12,4.34
12:48,102749.77,40.23,12.78,102807.85,28.05,38.36,-1325576.87,5.30
12:49,102739.82,40.05,12.92,102801.55,27.85,39.01,-1326281.12,5.97
12:50,102756.78,40.05,12.83,102799.07,27.70,39.02,-1326555.87,5.62
12:51,102749.44,40.16,13.07,102806.22,28.35,39.93,-1326949.50,6.11
12:52,102748.91,40.26,13.01,102808.19,28.01,38.95,-1326737.50,5.30
12:53,102756.50,40.33,12.83,102807.15,28.15,37.90,-1328028.62,4.16
12:54,102753.32,40.30,12.95,102811.17,28.43,37.60,-1328236.87,5.42
12:55,102752.32,40.41,12.91,102807.14,28.52,37.92,-1328540.37,6.03
12:56,102748.03,40.23,12.94,102804.32,28.25,37.87,-1329701.25,5.32
12:57,102756.69,40.36,12.78,102803.44,27.99,38.27,-1329680.62,4.19
12:58,102746.51,40.35,12.94,102800.30,28.39,37.67,-1330696.50,5.18
12:59,102740.88,40.42,12.81,102799.32,28.36,37.62,-1330831.12,4.63
13:0,102745.20,40.29,12.71,102798.55,27.92,38.23,-1331103.50,5.40
13:1,102742.82,40.09,12.82,102797.71,27.39,40.14,-1330990.62,6.11
13:2,102742.10,39.97,13.01,102792.58,27.72,39.04,-1331983.75,4.61
13:3,102739.80,40.33,13.03,102794.30,28.34,38.38,-1332871.87,5.27
13:4,102744.86,40.62,12.87,102797.80,28.79,37.56,-1333312.75,6.10
13:5,102751.66,40.85,12.86,102802.22,28.78,38.60,-1332006.50,6.26
13:6,102745.35,40.85,12.71,102801.25,29.04,36.71,-1333161.25,5.56
13:7,102745.48,40.58,12.87,102798.00,27.90,40.13,-1334036.62,5.33
13:8,102743.53,40.73,12.83,102797.53,28.26,38.75,-1335196.87,5.60
13:9,102741.55,40.84,12.91,102801.17,28.31,39.49,-1334501.50,5.99
13:10,102744.71,40.83,12.88,102799.35,28.23,39.51,-1334957.12,4.54
13:11,102745.41,40.98,12.82,102801.33,28.60,38.93,-1335995.12,4.99
13:12,102747.74,40.95,12.77,102804.21,28.60,38.82,-1336120.50,6.26
13:13,102752.23,40.75,12.79,102807.21,28.39,38.03,-1336542.25,6.10
13:14,102753.21,40.54,12.72,102805.10,27.84,39.84,-1336040.25,4.64
13:15,102750.46,40.63,12.89,102801.89,28.57,37.87,-1337751.75,4.54
13:16,102746.70,40.86,12.76,102805.10,28.66,37.79,-1338232.12,4.53
13:17,102759.99,40.78,12.78,102799.57,28.44,39.00,-1338180.75,4.98
13:18,102745.72,40.96,12.81,102800.43,28.66,37.62,-1338504.25,4.59
13:19,102752.63,40.94,12.73,102803.44,28.88,37.51,-1339169.87,5.36
13:20,102747.41,41.05,12.70,102802.89,29.16,36.62,-1340303.25,5.81
13:21,102749.81,41.11,12.70,102792.83,29.24,37.33,-1340750.25,6.14
13:22,102734.34,41.29,12.57,102790.81,29.22,36.83,-1341204.37,5.49
13:23,102742.25,41.26,12.58,102799.04,29.07,38.01,-1340996.50,4.64
13:24,102750.03,41.16,12.59,102799.07,28.85,37.61,-1341000.12,4.63
13:25,102739.52,41.02,12.47,102802.04,28.70,37.48,-1342040.87,6.14
13:26,102748.60,40.90,12.57,102799.29,28.79,37.37,-1343234.25,5.21
13:27,102741.86,40.97,12.60,102800.72,28.78,37.11,-1343847.25,4.07
13:28,102746.85,41.06,12.62,102801.52,28.69,37.55,-1343818.75,5.57
13:29,102749.29,40.98,12.68,102799.17,28.87,37.19,-1344318.25,4.18
13:30,102740.32,41.33,12.82,102804.19,29.06,38.87,-1344393.00,4.96
13:31,102737.92,41.40,12.43,102794.42,29.40,36.53,-1345435.75,5.01
13:32,102751.68,41.29,12.39,102802.52,29.00,36.59,-1345109.25,5.88
13:33,102750.28,41.18,12.58,102795.52,29.33,37.10,-1345979.37,4.58
13:34,102749.72,41.44,12.45,102797.07,29.77,35.28,-1346433.50,4.25
13:35,102746.00,41.44,12.50,102804.13,29.52,35.86,-1347291.75,5.89
13:36,102740.96,41.37,12.51,102799.90,29.60,36.09,-1347705.75,5.14
13:37,102741.52,41.59,12.53,102800.57,29.53,36.47,-1348071.50,5.70
13:38,102744.00,41.44,12.43,102799.96,29.27,36.22,-1347575.87,4.13
13:39,102740.57,41.43,12.46,102795.77,29.25,37.09,-1348498.25,5.12
13:40,102739.32,41.34,12.43,102799.82,28.76,37.79,-1348457.25,5.17
13:41,102744.03,41.16,12.60,102797.03,29.03,39.52,-1348264.12,4.24
13:42,102741.83,41.63,12.61,102794.03,29.95,36.03,-1349239.37,5.40
13:43,102738.20,41.93,12.33,102790.49,29.97,35.11,-1349354.87,5.86
13:44,102752.43,41.59,12.25,102794.55,29.24,36.26,-1349639.75,6.08
13:45,102736.30,41.57,12.46,102792.26,29.52,36.52,-1350395.25,4.09
13:46,102740.00,41.74,12.32,102793.92,30.02,35.31,-1351533.37,5.14
13:47,102740.30,41.76,12.34,102795.80,29.65,35.81,-1351236.25,4.49
13:48,102741.82,41.71,12.44,102794.97,29.69,36.25,-1351812.75,5.50
13:49,102736.00,41.79,12.38,102796.53,29.52,36.70,-1352879.50,4.28
13:50,102733.10,42.05,12.53,102788.03,29.92,37.06,-1352758.75,5.94
13:51,102736.48,42.26,12.39,102792.89,30.20,35.96,-1351612.62,5.25
13:52,102742.57,42.31,12.24,102792.35,29.93,35.43,-1353252.62,5.34
13:53,102740.57,42.03,12.12,102792.14,29.89,35.53,-1354486.25,4.49
13:54,102744.87,41.90,12.18,102802.61,29.55,36.64,-1355101.25,5.45
13:55,102743.92,41.63,12.34,102800.82,29.45,36.63,-1355417.37,5.45
13:56,102739.16,41.43,12.41,102802.74,29.30,36.76,-1356335.25,4.96
13:57,102742.24,41.18,12.31,102795.04,28.89,37.23,-1356248.25,4.74
13:58,102740.97,41.34,12.49,102802.15,29.34,36.75,-1356928.25,4.96
13:59,102736.94,41.53,12.30,102794.72,29.54,35.58,-1357357.00,4.87
14:0,102745.60,41.39,12.34,102791.14,29.54,35.15,-1357644.75,5.04
14:1,102737.67,41.50,12.59,102790.33,29.60,36.73,-1357551.87,5.74
14:2,102728.59,41.67,12.39,102793.22,29.80,36.49,-1358181.37,4.61
14:3,102736.21,41.70,12.35,102796.33,29.41,36.84,-1358572.87,4.65
14:4,102725.97,41.30,12.53,102791.41,28.88,38.13,-1357641.00,4.43
14:5,102730.27,41.61,12.64,102786.57,29.97,36.54,-1359027.62,4.56
14:6,102734.22,42.00,12.46,102790.99,30.60,34.74,-1360298.12,5.15
14:7,102732.03,42.20,12.30,102793.41,30.44,34.95,-1360291.75,4.15
14:8,102737.66,42.19,12.18,102788.82,30.18,34.69,-1360384.87,4.17
14:9,102733.40,41.88,12.11,102791.44,29.55,35.25,-1360767.00,5.63
14:10,102734.88,41.53,12.26,102794.47,29.42,35.79,-1360968.12,4.54
14:11,102726.25,41.31,12.14,102791.75,28.80,36.47,-1360841.37,4.69
14:12,102752.13,40.93,12.52,102802.16,29.14,36.04,-1361704.25,5.17
14:13,102744.62,41.11,12.45,102797.18,29.58,34.42,-1362742.75,4.63
14:14,102761.10,41.13,12.40,102791.44,29.35,35.41,-1363585.25,5.50
14:15,102733.67,41.26,12.43,102789.24,29.77,34.98,-1363638.87,4.02
14:16,102739.13,41.38,12.47,102795.32,29.61,35.92,-1363144.75,4.09
14:17,102743.25,41.56,12.46,102791.84,29.93,35.36,-1364196.75,4.83
14:18,102744.40,41.61,12.40,102797.61,29.75,35.32,-1364349.87,4.63
14:19,102740.21,41.67,12.37,102793.75,29.87,34.83,-1364860.37,6.22
14:20,102740.58,41.80,12.42,102797.60,29.93,35.46,-1365992.50,6.21
14:21,102732.49,41.65,12.34,102790.08,29.48,36.08,-1366088.75,6.30
14:22,102734.43,41.77,12.39,102790.64,29.85,36.02,-1366744.25,4.07
14:23,102734.57,41.92,12.50,102796.33,29.79,36.67,-1367676.37,5.21
14:24,102745.57,41.93,12.38,102797.19,29.80,35.70,-1367191.62,6.37
14:25,102750.03,41.70,12.23,102799.84,29.77,34.73,-1367485.00,6.12
14:26,102741.81,41.37,12.29,102796.91,29.39,35.96,-1367549.75,6.00
14:27,102742.61,41.49,12.46,102797.49,29.79,35.23,-1367651.62,5.29
14:28,102741.97,41.77,12.42,102802.33,30.38,34.25,-1369149.12,6.21
14:29,102742.17,41.99,12.32,102799.33,30.37,34.53,-1368672.12,5.16
14:30,102745.73,42.09,12.33,102801.22,30.67,34.37,-1368157.25,5.01
14:31,102748.94,42.24,12.19,102805.17,30.77,33.77,-1369656.50,5.01
14:32,102751.83,42.31,12.19,102806.38,30.78,34.51,-1369288.00,4.74
14:33,102745.58,42.51,12.30,102802.65,31.18,33.64,-1370067.00,4.10
14:34,102746.47,42.66,12.24,102802.27,30.99,34.43,-1370776.00,5.50
14:35,102742.28,42.69,12.00,102800.21,30.93,34.37,-1370791.75,6.02
14:36,102749.48,42.61,12.11,102801.64,30.99,34.19,-1370366.25,5.51
14:37,102741.06,42.67,12.10,102800.88,31.00,34.49,-1370479.75,5.42
14:38,102750.39,42.68,12.14,102803.97,30.83,34.96,-1368819.37,4.07
14:39,102754.74,42.75,12.07,102806.61,30.76,34.71,-1370355.62,5.42
14:40,102746.80,42.67,12.13,102806.25,30.26,36.43,-1368398.25,4.47
14:41,102752.69,42.54,12.08,102805.64,30.24,36.13,-1369505.12,5.79
14:42,102759.50,42.36,12.36,102807.28,30.29,36.54,-1368270.62,5.13
14:43,102754.38,42.53,12.28,102810.50,30.18,36.63,-1362983.12,6.05
14:44,102756.92,42.43,12.25,102813.14,30.23,35.57,-1366293.75,5.77
14:45,102741.02,42.40,12.22,102806.04,30.03,36.78,-1367493.75,5.27
14:46,102743.54,42.50,12.11,102802.94,30.42,35.19,-1368532.00,5.84
14:47,102737.60,42.53,12.34,102801.32,30.41,37.77,-1369061.00,6.32
14:48,102738.60,42.55,12.19,102802.56,29.91,37.40,-1368357.75,4.54
14:49,102749.93,42.41,12.25,102800.44,30.01,36.57,-1368089.37,5.26
14:50,102749.38,42.52,12.30,102805.92,30.03,37.58,-1369700.00,6.12
14:51,102746.37,42.46,12.15,102803.25,29.93,36.88,-1372732.50,5.53
14:52,102745.58,42.54,12.26,102805.18,30.62,36.27,-1371885.25,5.48
14:53,102739.82,42.62,12.05,102800.22,30.50,35.84,-1373484.75,4.97
14:54,102749.97,42.47,12.29,102807.03,30.43,35.48,-1376525.00,4.20
14:55,102745.86,42.50,12.10,102807.14,30.63,34.81,-1377907.25,5.07
14:56,102742.36,42.44,12.10,102806.10,30.75,35.41,-1380310.00,6.21
14:57,102744.60,42.64,12.28,102801.26,31.43,33.58,-1381157.37,4.15
14:58,102746.03,42.60,12.01,102803.85,31.04,33.64,-1380415.00,4.58
14:59,102752.55,42.58,12.04,102802.91,30.84,34.25,-1379787.75,4.56
15:0,102751.72,42.17,12.08,102802.58,30.70,33.73,-1380806.37,5.63
15:1,102742.11,42.26,12.24,102796.76,30.81,33.71,-1381387.75,5.14
15:2,102741.80,42.42,12.13,102802.04,31.19,33.34,-1381976.75,5.69
15:3,102749.39,42.13,11.88,102801.25,29.67,35.93,-1381320.25,6.08
15:4,102739.62,41.97,12.17,102800.33,30.22,34.31,-1382818.00,5.20
15:5,102736.00,41.99,12.29,102799.60,30.68,33.32,-1383401.25,4.14
15:6,102741.91,42.16,12.28,102803.57,31.09,33.08,-1384250.75,4.68
15:7,102749.14,42.29,12.23,102802.50,31.19,33.11,-1384413.25,5.83
15:8,102764.72,28.07,50.76,102806.88,30.68,35.74,-1383841.12,0.39
15:9,102756.46,28.00,40.13,102811.75,30.69,35.08,-1384592.12,0.57
15:10,102744.33,29.62,36.55,102802.47,30.43,35.05,-1385160.50,0.20
15:11,102741.36,38.59,16.53,102802.08,30.15,34.87,-1384717.75,4.92
15:12,102759.11,40.53,13.91,102803.42,30.48,34.84,-1385774.00,5.27
15:13,102749.78,41.60,12.61,102803.19,30.57,33.33,-1385547.50,6.54
15:14,102751.71,41.61,12.63,102800.39,30.89,33.25,-1385979.00,5.21
15:15,102746.97,41.76,12.44,102796.50,30.85,32.76,-1385434.62,5.33
15:16,102741.61,41.72,12.42,102794.19,30.93,32.44,-1385717.12,5.93
15:17,102740.39,41.75,12.38,102798.92,31.34,31.69,-1385776.50,5.65
15:18,102744.07,42.01,12.41,102800.31,31.35,32.37,-1386352.37,5.53
15:19,102740.22,41.95,12.33,102801.08,31.10,32.53,-1386685.25,5.12
15:20,102751.80,41.60,12.30,102801.64,30.47,33.72,-1385526.75,4.81
15:21,102750.05,41.58,12.43,102800.91,30.98,32.63,-1385859.50,5.22
15:22,102736.60,41.86,12.38,102798.99,31.46,31.65,-1385285.12,4.05
15:23,102747.61,41.94,12.42,102798.69,31.78,30.91,-1385951.25,5.65
15:24,102745.74,42.17,12.25,102797.16,31.88,31.47,-1386596.75,6.39
15:25,102748.00,42.39,12.41,102800.92,32.20,32.03,-1387565.62,4.79
15:26,102744.41,42.28,12.24,102794.86,31.58,32.37,-1388277.37,4.34
15:27,102745.92,42.47,12.36,102802.48,32.17,31.67,-1389166.00,4.84
15:28,102747.47,42.17,12.15,102797.57,31.28,33.10,-1389530.25,5.14
15:29,102737.42,42.38,12.22,102795.61,32.10,30.95,-1390461.37,6.01
15:30,102738.60,42.55,12.28,102796.38,32.60,31.08,-1390523.25,5.73
15:31,102739.35,42.66,12.12,102800.97,32.77,30.34,-1390183.50,4.11
15:32,102738.21,42.53,11.89,102798.71,32.26,29.88,-1390721.00,6.31
15:33,102742.25,42.25,12.05,102799.10,32.64,29.65,-1391120.87,4.58
15:34,102740.69,42.22,12.19,102795.98,32.08,31.78,-1389900.12,5.33
15:35,102744.02,41.76,12.08,102794.29,31.02,32.69,-1390757.25,4.54
15:36,102740.71,41.62,12.26,102798.03,30.62,33.27,-1391489.75,5.74
15:37,102751.27,41.74,12.32,102800.63,31.60,31.85,-1391260.12,5.65
15:38,102741.63,41.99,12.41,102800.08,32.79,30.58,-1393017.00,4.57
15:39,102740.02,42.39,12.26,102799.94,33.62,28.88,-1393587.25,5.69
15:40,102741.66,42.67,12.02,102802.36,33.24,28.84,-1392248.25,4.95
15:41,102744.10,42.05,11.99,102803.96,32.31,30.31,-1392701.62,5.46
15:42,102739.07,42.05,12.13,102797.61,33.35,28.42,-1393178.87,4.53
15:43,102736.64,42.03,12.20,102801.33,33.13,28.75,-1392963.12,6.40
15:44,102746.07,42.14,12.06,102801.37,34.25,27.09,-1394175.37,5.83
15:45,102740.32,42.28,12.16,102804.61,34.30,26.94,-1394188.50,4.72
15:46,102743.92,42.40,12.06,102801.54,34.25,26.64,-1393955.00,6.24
15:47,102750.39,42.25,12.08,102801.34,34.74,25.84,-1394662.75,4.61
15:48,102742.83,42.38,12.16,102796.83,35.32,25.35,-1395192.00,5.70
15:49,102746.80,42.51,12.07,102801.46,34.86,26.59,-1395513.25,4.21
15:50,102738.53,42.61,12.05,102799.71,35.51,25.68,-1396023.87,4.65
15:51,102747.11,42.70,12.04,102807.71,35.24,26.04,-1396501.25,5.84
15:52,102736.55,42.66,11.94,102801.69,35.54,25.09,-1396614.62,4.14
15:53,102744.35,42.61,11.95,102807.13,34.63,26.53,-1396694.00,5.52
15:54,102737.63,42.38,11.95,102800.46,34.78,26.26,-1395839.12,5.10
15:55,102751.46,42.23,12.04,102805.99,35.22,25.60,-1397133.25,5.48
15:56,102749.82,42.25,11.98,102799.86,35.49,24.73,-1397698.50,5.33
15:57,102737.84,42.32,12.06,102799.75,35.84,24.21,-1398903.75,5.28
15:58,102755.39,42.34,12.07,102803.05,35.40,25.13,-1399191.37,5.59
15:59,102740.69,42.19,12.08,102802.66,35.15,25.33,-1398995.87,5.16
16:0,102737.22,42.23,12.09,102803.85,35.01,25.94,-1399251.50,4.03
16:1,102738.63,42.06,12.10,102804.33,34.54,26.43,-1399620.75,5.42
16:2,102751.40,42.15,12.10,102805.21,35.20,25.34,-1400591.50,6.21
16:3,102749.74,42.30,12.03,102806.82,35.01,25.49,-1400603.25,5.10
16:4,102741.16,42.00,12.00,102803.47,34.61,26.12,-1400672.62,4.67
16:5,102733.62,42.05,12.06,102796.89,34.94,25.19,-1401427.75,4.61
16:6,102739.99,42.24,12.15,102800.14,35.49,24.80,-1401945.37,5.04
16:7,102741.99,42.33,12.06,102801.32,35.99,24.56,-1401846.37,4.79
16:8,102742.35,42.42,12.08,102800.67,36.55,23.71,-1402476.87,4.67
16:9,102740.10,42.56,11.99,102803.36,36.59,23.33,-1402312.37,5.58
16:10,102749.88,42.64,11.94,102807.32,36.61,23.44,-1401471.50,4.72
16:11,102743.61,42.38,12.06,102807.25,36.27,24.54,-1402166.75,4.58
16:12,102748.00,42.31,11.86,102808.21,35.89,24.18,-1402817.12,5.39
16:13,102747.61,41.92,11.96,102803.57,34.77,25.59,-1403354.62,6.17
16:14,102740.44,42.03,12.12,102805.53,35.50,24.46,-1403651.87,5.68
16:15,102747.82,42.16,12.14,102803.97,36.00,24.17,-1401983.75,5.34
16:16,102757.42,42.33,11.97,102807.10,36.00,24.12,-1399832.75,4.16
16:17,102743.37,42.35,12.04,102798.50,36.54,23.45,-1405747.25,6.02
16:18,102735.25,42.58,11.98,102805.26,37.00,22.95,-1403260.62,6.01
16:19,102747.61,42.60,11.86,102801.35,35.34,25.61,-1402833.75,4.12
16:20,102734.52,42.45,12.00,102800.00,35.52,24.92,-1403258.25,4.87
16:21,102730.32,42.12,11.93,102796.50,34.75,26.00,-1405388.37,5.14
16:22,102742.64,42.31,11.97,102795.85,34.68,26.36,-1404186.25,5.88
16:23,102741.39,42.19,12.14,102796.11,35.61,25.23,-1405335.87,4.18
16:24,102743.46,42.57,12.04,102798.90,36.98,23.15,-1405593.00,4.00
16:25,102746.00,42.56,11.90,102796.75,36.39,23.72,-1407353.12,5.54
16:26,102739.72,42.57,11.98,102792.45,36.39,23.84,-1406683.75,5.36
16:27,102739.78,42.65,11.94,102791.59,36.46,23.67,-1406681.12,4.76
16:28,102740.91,42.82,11.89,102799.65,37.39,22.63,-1407465.75,5.22
16:29,102735.19,42.75,11.88,102793.40,36.36,23.92,-1407923.37,5.39
16:30,102730.05,42.57,12.01,102796.20,34.95,26.34,-1410039.12,4.74
16:31,102749.07,42.88,12.03,102793.07,36.70,23.59,-1410923.00,4.17
16:32,102730.91,42.80,11.77,102792.28,34.74,26.64,-1410168.75,5.53
16:33,102738.21,42.80,11.84,102794.21,35.91,24.65,-1411526.00,5.58
16:34,102737.36,42.89,11.81,102794.35,36.59,23.92,-1412320.25,4.01
16:35,102736.07,42.93,11.86,102794.05,36.64,23.46,-1412128.25,5.65
16:36,102736.12,43.01,11.66,102797.30,37.07,22.55,-1412622.75,5.61
16:37,102731.55,43.00,11.79,102794.76,36.81,23.44,-1414300.25,4.03
16:38,102731.32,43.04,11.75,102795.53,37.02,23.28,-1412664.50,5.63
16:39,102728.08,42.97,11.77,102791.33,36.72,23.76,-1415067.25,5.76
16:40,102724.88,43.06,11.69,102783.35,36.50,23.56,-1415251.50,5.03
16:41,102737.03,43.07,11.71,102786.82,37.09,22.90,-1415660.62,5.70
16:42,102732.28,43.25,11.73,102788.55,37.54,22.75,-1416897.12,5.65
16:43,102729.84,43.24,11.62,102786.75,35.60,25.14,-1415278.25,4.86
16:44,102722.11,43.33,11.87,102783.74,36.29,24.98,-1417010.87,6.39
16:45,102732.82,43.01,11.58,102787.73,34.57,26.64,-1415815.75,5.02
16:46,102727.11,42.79,11.74,102787.36,35.83,24.85,-1418462.75,5.27
16:47,102724.73,42.80,11.86,102783.36,35.52,25.46,-1418796.75,4.70
16:48,102724.85,42.96,11.78,102788.83,36.63,23.79,-1419564.75,6.22
16:49,102738.55,42.88,11.91,102791.77,35.90,25.28,-1418737.62,5.83
16:50,102722.34,42.95,11.80,102787.35,36.48,23.66,-1419515.75,4.98
16:51,102728.89,42.96,11.80,102786.11,36.33,24.35,-1419321.25,5.57
16:52,102725.00,42.98,11.92,102786.82,36.87,23.50,-1421270.75,4.96
16:53,102734.44,43.04,11.71,102777.32,35.20,25.76,-1421331.25,4.69
16:54,102724.72,42.96,11.90,102785.16,33.74,28.41,-1421164.75,5.99
16:55,102726.39,42.68,11.81,102775.67,33.72,27.76,-1423612.25,4.00
16:56,102732.95,42.52,11.91,102778.88,33.90,27.84,-1423522.12,5.69
16:57,102727.52,42.63,11.99,102774.42,34.40,27.34,-1424532.87,4.85
16:58,102715.57,42.93,11.91,102775.76,34.63,26.81,-1424180.12,5.02
16:59,102718.85,42.91,11.93,102772.89,34.55,27.33,-1425362.25,6.23
17:0,102715.76,43.04,11.81,102776.46,34.88,26.85,-1426350.75,6.12
17:1,102719.14,43.18,11.94,102778.88,35.77,26.09,-1427534.87,5.65
17:2,102718.46,43.08,11.75,102775.31,34.12,27.90,-1424936.62,5.61
17:3,102724.09,42.76,11.91,102775.82,32.95,30.07,-1425238.25,6.24
17:4,102724.42,42.35,11.98,102780.53,33.04,29.71,-1426335.37,4.67
17:5,102726.15,42.41,12.00,102785.61,32.52,30.33,-1428609.00,6.26
17:6,102722.46,42.34,12.04,102779.03,33.03,29.69,-1428462.00,5.60
17:7,102716.77,42.45,12.10,102780.91,33.01,29.65,-1429583.62,4.74
17:8,102723.41,42.30,12.04,102776.89,32.36,31.15,-1430375.62,5.23
17:9,102731.64,42.37,12.18,102781.28,32.60,30.39,-1430344.00,4.63
17:10,102721.11,42.43,12.27,102779.55,32.90,30.57,-1431303.25,5.09
17:11,102720.30,42.68,12.12,102778.29,33.21,29.59,-1432125.87,4.75
17:12,102716.88,42.45,12.02,102782.16,32.25,31.47,-1431470.75,5.48
17:13,102725.99,42.35,12.12,102778.16,31.68,32.46,-1432696.00,5.16
17:14,102722.44,42.35,12.08,102782.21,32.44,31.36,-1434022.37,5.36
17:15,102729.85,42.29,12.17,102782.51,32.25,31.09,-1434036.50,5.58
17:16,102729.68,42.00,12.14,102778.91,31.17,33.26,-1434975.75,4.92
17:17,102726.67,41.98,12.29,102780.03,31.28,32.91,-1435778.75,4.07
17:18,102726.07,41.89,12.17,102779.97,30.51,34.37,-1435818.62,5.64
17:19,102729.12,41.56,12.22,102780.57,29.83,35.77,-1437083.87,4.05
17:20,102721.22,41.28,12.42,102779.41,29.90,35.24,-1437478.37,5.98
17:21,102729.75,41.38,12.45,102782.36,30.25,34.12,-1438598.75,6.22
17:22,102728.78,41.47,12.47,102781.39,30.35,34.40,-1439010.37,5.71
17:23,102737.92,41.50,12.56,102783.32,30.50,34.86,-1439696.00,4.10
17:24,102723.72,41.52,12.46,102779.26,30.07,35.69,-1439524.75,5.71
17:25,102731.70,41.43,12.36,102776.35,29.75,35.66,-1440198.12,5.45
17:26,102727.47,41.18,12.49,102783.42,29.31,36.66,-1441654.87,5.98
17:27,102730.85,40.91,12.63,102784.34,28.89,37.90,-1441993.25,5.27
17:28,102726.28,40.61,12.57,102786.03,28.25,38.49,-1442389.75,4.76
17:29,102731.23,40.64,12.80,102782.11,28.67,38.45,-1442928.87,5.40
17:30,102744.08,40.75,12.80,102785.03,28.47,38.83,-1443723.50,4.74
17:31,102734.63,40.56,12.72,102785.69,27.68,40.74,-1443935.75,5.34
17:32,102744.36,40.40,12.92,102785.94,28.23,39.47,-1443950.50,4.98
17:33,102731.89,40.50,12.76,102788.03,28.23,38.94,-1444352.87,5.77
17:34,102736.58,40.37,12.87,102792.28,28.24,38.80,-1444798.25,5.85
17:35,102735.61,40.00,12.91,102787.28,27.50,40.44,-1442951.75,5.64
17:36,102733.01,39.93,13.19,102789.61,28.18,39.48,-1444041.00,4.38
17:37,102735.81,40.34,12.92,102785.86,27.60,40.64,-1444381.62,5.53
17:38,102739.10,40.17,13.06,102791.52,28.32,38.97,-1445087.50,4.10
17:39,102740.47,39.85,13.08,102789.86,27.41,41.21,-1445661.75,4.23
17:40,102737.49,39.72,13.09,102789.02,27.20,41.41,-1446598.25,5.75
17:41,102728.67,39.60,13.20,102780.61,27.04,41.42,-1447524.50,5.12
17:42,102731.88,39.66,13.40,102786.78,27.89,39.64,-1449595.50,5.19
17:43,102734.00,39.69,13.06,102785.75,27.63,39.48,-1448650.37,4.18
17:44,102734.19,39.68,13.10,102785.33,27.74,39.36,-1449834.00,4.47
17:45,102728.97,39.85,13.18,102788.88,28.23,39.17,-1450187.25,3.99
17:46,102733.69,40.16,13.25,102791.83,28.38,39.05,-1450891.37,5.27
17:47,102731.86,40.16,13.09,102790.77,28.02,38.86,-1451214.87,5.00
17:48,102737.39,40.11,13.12,102794.13,28.10,39.68,-1451063.87,4.96
17:49,102745.64,39.75,13.15,102787.57,27.74,39.92,-1449446.12,4.11
17:50,102735.56,39.78,13.22,102789.52,27.59,39.68,-1450919.25,6.06
17:51,102733.21,39.50,13.18,102789.17,27.40,39.81,-1451404.50,6.07
17:52,102730.19,39.42,13.39,102790.03,27.47,41.15,-1451448.50,4.63
17:53,102742.27,39.59,13.56,102791.49,27.48,42.14,-1452176.75,6.08
17:54,102740.41,39.84,13.15,102791.02,27.01,42.06,-1452127.75,4.30
17:55,102739.42,39.58,13.34,102794.55,27.03,42.29,-1452568.37,5.72
17:56,102738.58,39.61,13.47,102793.53,26.99,41.86,-1452413.25,5.16
17:57,102748.83,39.58,13.31,102792.94,26.89,41.33,-1452992.62,4.72
17:58,102736.69,39.46,13.46,102795.41,27.05,42.22,-1453620.37,6.19
17:59,102744.41,39.72,13.42,102799.08,27.96,39.86,-1456428.75,4.50
18:0,102754.82,39.89,13.43,102801.66,27.68,41.87,-1456649.75,5.34
18:1,102756.58,39.80,13.50,102805.21,28.44,39.25,-1457848.87,5.10
18:2,102749.98,39.65,13.28,102800.17,29.49,35.85,-1459507.25,5.39
18:3,102751.88,39.54,13.09,102795.91,27.51,39.63,-1458479.25,4.32
18:4,102756.39,39.00,13.63,102802.90,27.11,41.83,-1461084.37,5.99
18:5,102752.03,39.15,13.66,102799.74,27.25,42.03,-1461521.75,5.80
18:6,102747.94,39.26,13.62,102796.68,27.16,41.77,-1456889.00,5.38
18:7,102743.70,39.34,13.55,102798.42,27.48,40.97,-1459027.87,5.63
18:8,102761.62,39.41,13.50,102800.49,27.91,39.59,-1459000.87,4.52
18:9,102746.99,39.38,13.47,102795.13,27.46,40.60,-1458871.00,4.97
18:10,102733.99,39.22,13.57,102793.75,27.05,41.69,-1460626.12,5.68
18:11,102737.07,39.25,13.51,102793.86,27.03,41.36,-1461675.62,4.28
18:12,102737.39,39.30,13.46,102794.80,26.82,41.60,-1463202.25,4.61
18:13,102739.07,39.36,13.74,102791.99,26.99,42.93,-1463696.87,4.12
18:14,102743.65,39.52,13.64,102791.72,26.78,43.46,-1463207.12,5.12
18:15,102737.47,39.53,13.39,102788.05,26.56,43.23,-1462944.75,5.75
18:16,102741.76,39.27,13.42,102785.69,26.61,42.83,-1462686.50,5.03
18:17,102735.87,39.32,13.37,102791.31,26.95,42.52,-1465363.62,5.13
18:18,102740.17,39.33,13.57,102787.11,27.23,41.53,-1465618.37,5.05
18:19,102741.30,39.24,13.42,102788.28,26.83,42.98,-1465844.25,5.90
18:20,102744.03,39.08,13.25,102790.78,26.74,41.71,-1466064.00,4.78
18:21,102739.91,38.94,13.59,102789.22,26.74,42.20,-1467228.25,5.90
18:22,102735.32,39.12,13.58,102794.91,26.21,44.01,-1469686.00,5.51
18:23,102748.00,38.83,13.48,102793.75,26.02,43.54,-1471204.12,4.25
18:24,102746.49,38.66,13.49,102795.60,25.70,44.79,-1470449.12,5.18
18:25,102744.16,38.52,13.62,102795.50,26.59,42.37,-1471011.75,4.40
18:26,102746.13,38.67,13.59,102794.64,27.20,40.05,-1471775.87,5.77
18:27,102747.00,38.80,13.71,102796.32,27.44,41.10,-1472088.25,5.40
18:28,102751.59,39.07,13.67,102793.22,27.14,41.85,-1472839.75,5.69
18:29,102754.03,39.17,13.46,102798.08,27.82,39.56,-1472468.87,4.74
18:30,102751.97,39.22,13.71,102800.36,27.31,41.36,-1472803.25,4.09
18:31,102753.77,39.14,13.51,102805.33,27.20,41.69,-1474338.25,5.32
18:32,102752.16,38.96,13.41,102809.30,28.45,38.02,-1474478.50,5.46
18:33,102750.57,38.74,13.52,102803.91,27.55,39.55,-1474691.50,6.12
18:34,102752.13,38.65,13.63,102811.32,28.95,36.73,-1473650.25,5.16
18:35,102761.99,38.69,13.60,102815.39,29.12,36.18,-1474159.50,4.11
18:36,102752.50,38.73,13.48,102812.48,29.06,36.38,-1472250.75,4.51
18:37,102754.25,38.38,13.57,102814.35,28.05,38.83,-1472219.62,5.34
18:38,102752.99,38.46,13.70,102819.25,28.42,38.40,-1472529.00,5.19
18:39,102746.99,38.42,13.70,102814.69,28.32,38.10,-1473049.87,5.42
18:40,102763.88,38.55,13.67,102815.57,29.02,36.18,-1474254.75,5.10
18:41,102761.00,38.80,13.66,102807.97,30.16,34.20,-1473740.37,4.29
18:42,102759.25,39.16,13.75,102810.96,30.11,35.33,-1472748.25,6.10
18:43,102745.96,39.41,13.66,102809.74,30.22,36.17,-1473352.25,6.08
18:44,102769.27,39.71,13.47,102812.08,30.29,34.55,-1474599.75,6.14
18:45,102770.18,39.76,13.29,102810.81,30.26,34.39,-1476341.50,4.19
18:46,102761.85,39.88,13.39,102811.85,30.35,35.13,-1477541.25,5.85
18:47,102761.07,39.81,13.04,102817.58,30.34,33.95,-1477744.62,4.77
18:48,102761.74,39.55,13.12,102812.27,29.70,35.20,-1477782.75,5.30
18:49,102761.34,39.24,13.18,102809.03,29.52,35.51,-1480135.25,5.05
18:50,102755.46,39.20,13.53,102811.35,30.00,35.23,-1479534.75,5.25
18:51,102762.13,39.28,13.36,102810.30,30.15,34.81,-1480357.00,4.06
18:52,102754.69,39.06,13.33,102812.36,29.21,35.95,-1480806.37,4.49
18:53,102758.11,38.88,13.60,102815.86,29.03,36.70,-1482688.50,4.64
18:54,102756.61,38.97,13.53,102813.86,29.20,36.27,-1482717.37,4.45
18:55,102761.71,39.07,13.53,102811.46,29.41,36.05,-1483262.75,5.18
18:56,102760.28,38.91,13.60,102816.80,29.05,37.16,-1483186.37,4.07
18:57,102773.17,38.94,13.62,102817.19,29.18,36.53,-1483568.87,4.11
18:58,102763.67,39.20,13.69,102814.60,29.60,36.73,-1484672.50,4.47
18:59,102763.64,39.31,13.35,102814.28,28.86,36.80,-1484936.87,4.37
19:0,102769.28,38.91,13.55,102811.54,29.08,36.99,-1485940.50,4.09
19:1,102760.10,38.92,13.71,102812.12,29.13,37.02,-1485244.62,4.82
19:2,102769.19,39.08,13.37,102816.05,28.76,36.57,-1486445.75,5.62
19:3,102762.07,38.87,13.60,102811.10,29.00,37.30,-1486413.50,4.79
19:4,102756.07,39.03,13.56,102813.91,29.24,35.84,-1486726.12,4.09
19:5,102750.01,39.25,13.61,102806.00,29.44,36.86,-1487315.12,5.23
19:6,102766.65,39.40,13.48,102809.61,29.54,35.96,-1487695.37,4.90
19:7,102756.75,39.42,13.28,102812.13,28.92,36.96,-1488440.87,5.23
19:8,102760.77,38.83,13.51,102817.68,28.60,37.11,-1489164.00,5.04
19:9,102761.63,38.85,13.40,102816.61,28.71,37.02,-1489531.25,5.86
19:10,102763.50,38.79,13.76,102817.95,29.25,37.12,-1491697.75,4.37
19:11,102763.08,39.02,13.65,102813.72,29.43,36.55,-1490347.00,4.37
19:12,102761.19,39.01,13.50,102817.25,29.14,36.74,-1490470.75,5.49
19:13,102759.62,38.99,13.44,102816.38,29.29,35.88,-1491049.75,6.00
19:14,102757.20,38.99,13.51,102819.27,29.15,36.00,-1492881.75,5.74
19:15,102769.60,38.91,13.41,102819.50,29.14,36.54,-1493546.00,5.45
19:16,102763.96,38.89,13.58,102813.63,28.84,37.25,-1493904.75,5.09
19:17,102759.77,38.96,13.64,102816.57,28.93,36.71,-1494899.25,5.19
19:18,102770.47,39.16,13.63,102818.46,28.50,38.31,-1493184.12,4.77
19:19,102765.06,38.94,13.52,102814.16,28.18,37.45,-1495306.75,4.57
19:20,102758.41,39.07,13.73,102810.34,27.54,40.71,-1494595.87,5.09
19:21,102764.35,39.12,13.58,102811.33,27.52,40.44,-1495572.87,4.08
19:22,102752.47,39.15,13.48,102817.69,28.09,38.16,-1496975.25,6.26
19:23,102766.82,39.15,13.56,102815.14,28.01,39.48,-1494715.75,4.47
19:24,102761.32,39.21,13.61,102816.05,28.35,39.32,-1497063.00,4.40
19:25,102765.40,39.29,13.63,102813.35,27.87,40.31,-1496938.25,4.68
19:26,102766.93,39.35,13.55,102811.74,27.38,40.59,-1498237.62,5.99
19:27,102775.10,39.29,13.46,102818.70,28.12,38.28,-1498196.25,5.97
19:28,102772.25,38.93,13.50,102814.84,27.65,39.42,-1498703.75,5.15
19:29,102769.30,38.89,13.55,102817.21,27.88,39.42,-1498571.12,5.27
19:30,102758.21,38.57,13.65,102811.17,27.38,40.50,-1500888.75,4.12
19:31,102762.19,38.58,13.78,102814.72,28.25,39.08,-1501386.37,5.63
19:32,102758.74,38.58,13.61,102814.67,27.90,39.33,-1501902.25,5.05
19:33,102759.14,38.54,13.66,102809.99,27.70,39.73,-1503603.50,4.40
19:34,102758.58,38.75,13.83,102811.96,28.07,39.70,-1501649.87,5.18
19:35,102753.42,38.84,13.67,102813.50,28.53,38.09,-1502211.37,4.23
19:36,102756.61,38.78,13.77,102809.75,27.94,39.55,-1501574.12,4.03
19:37,102753.46,38.96,13.58,102811.68,28.29,38.45,-1502699.87,5.90
19:38,102761.58,38.95,13.44,102810.58,28.25,38.44,-1502738.25,5.44
19:39,102759.71,39.02,13.55,102813.09,28.62,38.50,-1504345.50,5.01
19:40,102761.63,39.07,13.44,102813.25,28.60,38.09,-1502920.50,4.82
19:41,102750.80,39.25,13.46,102810.35,28.89,37.40,-1503579.50,5.22
19:42,102759.69,39.16,13.27,102810.71,27.32,40.89,-1505002.50,4.96
19:43,102769.36,38.96,13.46,102814.06,27.94,39.67,-1505374.25,5.28
19:44,102756.89,38.68,13.57,102811.77,26.99,41.34,-1506907.62,5.12
19:45,102761.53,38.60,13.60,102812.32,27.07,41.80,-1507214.25,5.56
19:46,102753.43,38.68,13.58,102805.73,27.72,39.68,-1506491.75,4.38
19:47,102757.05,38.60,13.63,102811.97,26.38,43.57,-1509076.75,3.96
19:48,102762.67,38.54,13.72,102806.19,26.84,42.47,-1509658.25,4.49
19:49,102761.46,38.79,13.63,102807.57,27.94,39.60,-1509850.75,5.36
19:50,102756.85,39.07,13.54,102807.77,28.62,38.19,-1509971.00,6.13
19:51,102758.29,39.12,13.44,102809.10,28.30,38.99,-1509625.12,4.47
19:52,102754.04,39.21,13.46,102811.00,28.36,38.62,-1511204.75,5.77
19:53,102757.00,39.38,13.39,102810.51,28.49,38.88,-1510986.37,5.11
19:54,102752.50,39.50,13.35,102806.41,29.07,37.62,-1513050.00,4.49
19:55,102757.32,39.63,13.48,102811.39,28.34,39.56,-1513838.25,5.14
19:56,102761.05,39.65,13.40,102809.22,27.88,41.06,-1514927.25,5.07
19:57,102764.54,39.70,13.41,102810.50,28.08,40.30,-1514503.75,5.20
19:58,102761.49,39.61,13.20,102809.20,27.86,39.54,-1516373.75,4.24
19:59,102753.65,39.49,13.25,102808.83,27.94,39.18,-1517128.25,4.64
20:0,102757.94,39.46,13.42,102805.33,27.51,40.87,-1518126.00,3.96
20:1,102758.69,39.36,13.46,102811.56,27.62,40.93,-1520427.25,6.06
20:2,102762.01,39.34,13.35,102814.39,27.90,39.11,-1520827.75,4.22
20:3,102772.72,39.16,13.37,102814.07,27.74,40.07,-1521099.37,5.36
20:4,102768.45,39.15,13.58,102814.88,27.06,42.21,-1522556.12,5.21
20:5,102767.39,39.26,13.61,102815.07,26.82,42.86,-1522533.75,5.93
20:6,102772.92,39.28,13.61,102817.58,26.23,44.35,-1522109.75,4.46
20:7,102768.32,39.26,13.47,102817.62,26.16,44.88,-1522820.25,5.51
20:8,102767.66,39.15,13.49,102815.16,25.83,45.26,-1523918.25,3.91
20:9,102769.99,38.99,13.50,102821.00,26.39,43.78,-1524479.50,4.95
20:10,102771.80,38.94,13.65,102825.57,26.28,43.60,-1524947.50,5.34
20:11,102774.02,38.86,13.56,102820.29,26.51,43.06,-1524971.00,4.05
20:12,102775.91,38.73,13.57,102823.28,26.51,42.37,-1526354.87,5.45
20:13,102775.99,38.68,13.73,102817.68,26.68,42.57,-1525902.12,5.34
20:14,102777.24,38.56,13.84,102823.51,26.34,43.31,-1526870.87,6.21
20:15,102774.63,38.42,13.87,102822.57,26.27,42.94,-1527200.87,4.63
20:16,102772.00,38.53,13.88,102822.21,26.27,43.79,-1528010.87,6.06
20:17,102780.83,38.54,13.70,102824.60,26.52,42.78,-1528553.87,5.78
20:18,102778.66,38.49,13.75,102829.57,26.49,42.83,-1529864.12,4.92
20:19,102779.27,38.49,13.81,102832.72,26.53,43.37,-1531093.50,5.55
20:20,102780.07,38.52,13.86,102830.42,26.32,43.63,-1531206.87,4.02
20:21,102782.96,38.55,13.95,102829.09,25.74,45.21,-1531845.62,5.45
20:22,102778.97,38.41,13.93,102832.02,25.48,45.71,-1532266.37,5.41
20:23,102785.66,38.44,13.88,102834.21,25.72,45.42,-1533774.12,5.61
20:24,102784.32,38.41,13.76,102828.92,26.13,43.59,-1534217.25,4.70
20:25,102779.61,38.31,13.92,102833.60,25.91,44.79,-1533878.12,4.11
20:26,102780.52,38.30,14.03,102828.92,25.61,45.98,-1534878.87,4.09
20:27,102794.91,38.30,13.99,102835.24,25.17,46.97,-1534043.12,4.59
20:28,102787.75,38.04,14.07,102830.17,25.13,45.26,-1535829.00,5.90
20:29,102786.62,37.93,14.09,102833.58,24.96,46.82,-1536798.75,4.65
20:30,102789.83,37.83,14.19,102839.96,24.76,47.65,-1536730.00,4.07
20:31,102788.66,37.81,14.05,102837.02,25.11,46.29,-1538384.50,4.13
20:32,102788.58,37.56,14.13,102843.30,24.66,47.01,-1539810.87,5.87
20:33,102799.15,37.36,14.28,102847.00,24.54,47.48,-1538799.12,5.41
20:34,102801.75,37.29,14.23,102853.61,24.39,47.30,-1539801.87,5.90
20:35,102805.23,37.03,14.29,102852.16,24.12,47.97,-1541035.50,4.49
20:36,102803.92,37.06,14.51,102856.88,23.86,49.17,-1541636.12,5.36
20:37,102801.60,36.96,14.46,102856.96,24.15,47.29,-1541639.87,6.14
20:38,102810.71,36.99,14.56,102857.88,24.07,49.56,-1543093.25,5.90
20:39,102808.22,36.98,14.50,102860.11,24.05,48.88,-1543216.75,5.23
20:40,102806.39,36.78,14.55,102851.72,23.38,50.60,-1543830.12,5.36
20:41,102806.05,36.77,14.55,102853.25,23.55,49.40,-1544499.00,6.24
20:42,102807.82,36.40,14.72,102853.89,22.94,51.85,-1546014.75,5.54
20:43,102806.92,36.22,14.61,102853.24,23.15,50.41,-1547007.87,5.85
20:44,102802.22,36.29,14.73,102855.44,23.43,49.90,-1546667.12,5.20
20:45,102804.35,36.33,14.78,102853.48,23.44,49.56,-1547353.25,5.48
20:46,102798.75,36.46,14.71,102852.94,23.37,49.84,-1547391.75,4.74
20:47,102810.02,36.50,14.59,102850.86,24.02,47.78,-1548008.62,4.41
20:48,102807.21,36.43,14.66,102853.97,23.88,48.67,-1549065.62,4.52
20:49,102801.08,36.45,14.66,102849.67,23.58,49.85,-1549149.00,3.98
20:50,102795.28,36.37,14.79,102849.22,22.97,50.75,-1549555.62,4.44
20:51,102806.71,36.17,14.84,102856.77,22.75,51.94,-1550052.25,4.48
20:52,102798.25,36.23,14.92,102852.97,22.91,52.21,-1551918.25,5.95
20:53,102805.00,36.16,14.79,102845.58,22.99,49.76,-1551665.00,6.01
20:54,102800.91,36.12,14.88,102851.29,23.28,50.29,-1551138.50,4.85
20:55,102799.71,36.23,14.66,102849.55,23.50,48.77,-1551637.25,5.45
20:56,102804.15,36.00,14.85,102851.85,23.14,49.44,-1551817.75,4.58
20:57,102799.35,35.92,14.92,102850.11,23.27,49.34,-1552950.87,4.73
20:58,102813.33,35.86,14.99,102854.35,22.49,52.56,-1553536.25,4.72
20:59,102804.03,35.70,15.08,102854.41,22.20,53.63,-1553111.00,5.66
21:0,102803.86,35.87,14.88,102858.45,22.86,50.68,-1555317.75,4.81
21:1,102810.55,35.93,15.05,102856.65,22.59,52.56,-1554972.50,5.32
21:2,102811.46,35.95,14.93,102856.88,22.23,53.64,-1556610.62,5.31
21:3,102814.89,35.84,15.00,102859.30,22.33,53.04,-1557143.87,4.55
21:4,102810.23,35.87,15.09,102858.19,22.38,53.48,-1557917.00,5.93
21:5,102814.64,35.80,15.06,102863.25,22.18,54.05,-1559555.87,4.85
21:6,102810.78,35.82,15.00,102862.06,22.41,53.42,-1560677.12,4.15
21:7,102820.67,35.79,15.05,102863.19,22.50,52.86,-1561916.87,4.56
21:8,102813.14,35.70,15.04,102861.85,22.19,52.96,-1560175.37,5.17
21:9,102808.77,35.72,15.12,102860.75,22.08,54.55,-1562119.00,5.53
21:10,102812.28,35.75,15.04,102860.94,22.72,51.09,-1562448.25,4.04
21:11,102813.03,35.79,15.11,102860.41,22.45,52.60,-1562915.75,5.56
21:12,102806.49,35.77,15.10,102865.28,21.95,54.73,-1561584.25,5.03
21:13,102816.50,35.74,15.10,102868.14,21.79,55.49,-1559243.37,4.68
21:14,102818.75,35.71,15.04,102867.83,22.11,54.30,-1559555.12,4.91
21:15,102820.80,35.74,15.01,102869.91,22.18,53.76,-1562253.12,5.66
21:16,102821.06,35.72,15.10,102870.60,21.97,54.76,-1561272.00,5.02
21:17,102825.35,35.53,14.94,102873.41,22.03,52.67,-1561911.25,5.81
21:18,102816.59,35.45,15.17,102874.46,22.18,53.40,-1562685.75,4.51
21:19,102822.96,35.50,15.16,102876.80,21.78,55.07,-1562484.87,4.67
21:20,102836.86,35.46,15.25,102875.66,21.71,54.85,-1563274.12,5.36
21:21,102834.52,35.48,15.18,102879.34,21.67,55.16,-1563299.50,5.04
21:22,102838.17,35.41,15.12,102871.70,21.19,55.97,-1565484.12,6.13
21:23,102837.81,35.13,15.24,102882.53,21.50,55.05,-1565020.50,5.58
21:24,102836.97,35.05,15.36,102884.30,21.62,54.49,-1556049.75,5.56
21:25,102836.97,35.08,15.26,102881.83,21.68,54.67,-1562034.00,5.56
21:26,102837.24,35.04,15.31,102885.68,21.69,54.24,-1561638.25,3.96
21:27,102832.95,35.07,15.30,102883.69,21.56,54.87,-1563940.25,5.34
21:28,102842.82,35.01,15.26,102890.35,21.66,53.72,-1567034.75,4.54
21:29,102834.79,34.99,15.37,102888.49,21.48,54.15,-1569890.75,5.41
21:30,102835.23,34.91,15.42,102886.24,21.13,55.66,-1569018.12,5.59
21:31,102837.92,34.89,15.48,102890.66,21.45,55.46,-1567955.12,4.47
21:32,102845.81,34.76,15.37,102890.33,21.58,54.46,-1564032.25,4.57
21:33,102852.35,34.67,15.33,102892.49,21.67,54.30,-1568328.25,4.53
21:34,102844.80,34.58,15.58,102890.53,21.19,55.84,-1569451.00,5.32
21:35,102852.17,34.52,15.70,102897.64,21.02,56.09,-1569201.12,4.26
21:36,102846.59,34.52,15.66,102898.97,21.10,55.90,-1570483.75,4.94
21:37,102849.67,34.65,15.57,102903.49,21.01,56.55,-1568914.75,5.10
21:38,102854.07,34.70,15.68,102907.92,20.98,56.40,-1570942.25,5.12
21:39,102852.69,34.78,15.56,102905.33,20.99,57.21,-1571385.00,4.12
21:40,102844.43,34.76,15.53,102904.64,21.02,56.95,-1573167.75,5.18
21:41,102862.19,34.58,15.61,102909.49,21.10,56.28,-1571912.00,4.47
21:42,102855.77,34.65,15.54,102907.61,21.23,55.87,-1574179.12,5.33
21:43,102858.00,34.69,15.59,102910.98,21.19,56.55,-1575277.75,5.72
21:44,102858.10,34.71,15.63,102914.61,20.82,57.36,-1574943.75,4.72
21:45,102863.83,34.69,15.62,102911.55,20.79,57.55,-1575923.25,5.05
21:46,102860.25,34.67,15.62,102910.67,20.87,57.54,-1577407.50,4.65
21:47,102864.88,34.59,15.70,102913.47,20.74,57.58,-1574180.50,4.77
21:48,102860.25,34.55,15.69,102913.63,20.69,57.00,-1576656.25,5.16
21:49,102863.67,34.56,15.65,102915.96,20.44,58.46,-1578869.50,4.29
21:50,102861.07,34.50,15.60,102914.33,20.71,57.24,-1578437.37,5.24
21:51,102856.18,34.50,15.55,102915.96,20.63,57.91,-1580940.62,4.91
21:52,102865.42,34.44,15.68,102916.82,20.72,56.64,-1579959.75,5.35
21:53,102867.44,34.28,15.70,102917.41,20.53,57.53,-1579478.00,4.08
21:54,102867.80,34.26,15.70,102920.57,20.46,57.94,-1583833.12,3.92
21:55,102870.71,34.23,15.74,102924.88,20.31,58.44,-1582630.25,5.43
21:56,102868.14,34.21,15.66,102926.95,20.57,57.66,-1583031.87,4.49
21:57,102868.91,34.22,15.71,102924.45,20.62,57.17,-1583644.87,4.00
21:58,102869.66,34.24,15.55,102920.39,21.33,54.13,-1583962.37,4.51
21:59,102876.01,34.19,15.71,102928.80,20.82,55.50,-1583480.25,5.56
22:0,102878.49,34.17,15.69,102926.54,21.18,54.23,-1584992.25,3.98
22:1,102879.85,33.97,15.74,102930.61,20.98,55.22,-1584939.87,5.29
22:2,102876.89,33.86,15.86,102929.46,20.67,56.59,-1586914.25,5.36
22:3,102871.12,33.79,15.83,102926.79,20.90,55.76,-1587318.75,4.49
22:4,102879.07,33.55,16.08,102929.58,20.30,57.83,-1586598.37,4.89
22:5,102875.28,33.65,15.99,102932.94,20.46,56.98,-1587844.25,5.30
22:6,102887.30,33.56,15.81,102932.38,20.51,55.98,-1587850.37,4.18
22:7,102879.08,33.61,15.84,102928.86,20.68,55.87,-1590188.25,4.58
22:8,102881.22,33.73,15.93,102934.69,20.27,57.50,-1588966.62,5.41
22:9,102883.47,33.76,15.93,102937.75,19.98,58.64,-1590048.75,5.81
22:10,102882.78,33.76,15.83,102939.74,20.22,57.19,-1592026.50,3.92
22:11,102889.70,33.76,15.79,102934.61,20.36,55.95,-1593150.00,4.41
22:12,102885.44,33.58,15.88,102937.81,20.45,57.48,-1592013.00,5.90
22:13,102892.34,33.50,15.84,102939.25,20.24,57.27,-1593663.75,5.57
22:14,102884.80,33.45,15.86,102934.01,20.70,55.76,-1594073.75,4.44
22:15,102884.16,33.38,16.06,102934.03,19.86,58.64,-1594170.50,5.09
22:16,102887.92,33.38,15.95,102935.16,19.84,58.78,-1597193.75,4.41
22:17,102900.74,33.17,16.07,102941.14,20.18,57.44,-1597538.00,5.42
22:18,102890.77,33.26,15.95,102945.17,20.45,56.59,-1597261.75,4.13
22:19,102884.51,33.27,15.96,102938.23,20.87,54.62,-1598508.87,3.94
22:20,102880.83,33.24,16.05,102945.53,20.55,56.41,-1599264.12,4.88
22:21,102887.83,33.23,16.05,102940.89,20.21,56.19,-1598488.62,4.63
22:22,102881.17,33.25,16.11,102943.79,20.18,57.57,-1599344.00,4.82
22:23,102895.89,33.36,16.01,102944.24,20.25,57.04,-1603274.37,5.34
22:24,102888.41,33.17,16.04,102943.38,20.31,55.15,-1602991.25,5.37
22:25,102891.35,33.11,16.13,102946.49,20.19,57.74,-1603084.37,4.66
22:26,102889.58,33.13,16.18,102941.33,20.04,57.46,-1603663.62,4.63
22:27,102898.48,33.24,16.04,102942.75,20.40,56.38,-1603770.87,5.13
22:28,102889.14,33.24,16.12,102940.66,20.11,57.42,-1604332.50,5.23
22:29,102894.46,33.15,16.03,102943.27,20.45,56.53,-1605327.00,5.03
22:30,102890.94,33.16,16.01,102945.25,20.61,55.42,-1605654.25,5.86
22:31,102895.28,33.11,16.07,102944.53,20.57,54.56,-1605727.75,5.43
22:32,102898.11,33.00,16.27,102946.11,20.23,57.22,-1607619.75,5.57
22:33,102895.11,33.12,16.15,102951.53,20.13,57.17,-1608730.87,5.59
22:34,102900.63,33.13,16.08,102950.19,20.41,56.12,-1609000.37,4.93
22:35,102897.49,33.06,16.10,102951.36,20.56,56.05,-1608072.12,5.32
22:36,102899.53,33.08,16.10,102953.95,20.14,57.75,-1609718.25,5.30
22:37,102908.16,33.13,16.19,102950.04,19.88,58.79,-1609471.12,4.66
22:38,102900.42,33.00,16.06,102955.00,20.15,56.89,-1610081.37,5.48
22:39,102900.85,32.98,16.17,102953.33,20.07,58.63,-1611491.25,5.42
22:40,102907.58,32.98,16.26,102952.50,19.91,58.24,-1611231.75,5.56
22:41,102904.05,33.02,16.17,102952.57,19.95,58.11,-1611310.75,5.36
22:42,102913.55,33.04,16.21,102950.86,19.72,59.58,-1614083.75,5.84
22:43,102910.24,33.08,16.10,102958.14,20.29,57.07,-1613129.62,4.69
22:44,102917.57,33.04,16.29,102959.10,20.20,57.75,-1614758.62,6.01
22:45,102906.39,33.05,16.22,102956.02,20.03,58.44,-1614626.87,5.01
22:46,102911.83,33.03,16.30,102955.10,19.78,59.57,-1616307.87,5.27
22:47,102909.41,33.09,16.23,102958.38,20.08,58.42,-1615743.75,5.92
22:48,102917.77,33.07,16.24,102959.53,19.65,59.98,-1616352.37,5.33
22:49,102906.16,33.09,16.32,102956.35,19.47,60.62,-1616865.37,5.26
22:50,102903.59,33.10,16.13,102956.74,20.01,57.82,-1617745.75,5.59
22:51,102914.77,32.98,16.15,102960.55,20.10,57.27,-1617776.75,5.57
22:52,102911.97,32.93,16.23,102962.46,20.20,57.86,-1618141.25,5.49
22:53,102913.91,32.96,16.29,102963.44,20.06,57.50,-1620232.12,4.17
22:54,102920.35,32.91,16.42,102958.48,19.41,60.58,-1619592.62,5.28
22:55,102915.99,32.92,16.37,102962.61,19.46,59.87,-1621302.25,4.00
22:56,102917.19,32.92,16.39,102960.47,19.61,60.13,-1622075.75,5.07
22:57,102915.23,32.98,16.38,102963.86,19.54,60.92,-1622571.37,5.44
22:58,102921.79,32.94,16.44,102963.03,19.50,60.46,-1622852.25,4.35
22:59,102915.07,32.86,16.44,102968.24,19.30,61.72,-1622631.25,5.90
23:0,102916.75,32.79,16.33,102964.17,19.67,60.05,-1622711.50,5.86
23:1,102915.35,32.68,16.57,102959.72,19.46,60.07,-1624542.12,5.19
23:2,102916.72,32.69,16.52,102959.14,19.74,57.97,-1624422.25,5.90
23:3,102917.67,32.71,16.51,102963.83,19.84,57.58,-1625134.75,4.59
23:4,102923.92,32.63,16.53,102963.36,19.94,58.05,-1625339.62,5.45
23:5,102908.13,32.64,16.59,102965.28,19.65,60.12,-1625364.37,5.21
23:6,102920.78,32.74,16.50,102963.50,19.73,58.98,-1626385.50,5.21
23:7,102917.84,32.70,16.35,102964.07,20.10,57.57,-1626951.00,4.58
23:8,102909.03,32.62,16.60,102966.21,20.02,58.46,-1627705.75,4.32
23:9,102913.15,32.80,16.36,102965.73,20.12,56.84,-1629116.25,4.47
23:10,102910.29,32.76,16.37,102962.44,19.73,59.53,-1628684.25,5.34
23:11,102917.38,32.67,16.51,102963.85,19.41,60.90,-1629416.37,5.24
23:12,102909.69,32.57,16.55,102959.50,19.41,61.34,-1631180.00,5.23
23:13,102910.32,32.63,16.49,102963.80,19.70,59.54,-1630644.62,5.92
23:14,102912.41,32.66,16.48,102964.88,19.80,58.76,-1632005.25,5.80
23:15,102915.32,32.67,16.47,102964.99,19.86,59.49,-1633181.25,5.79
23:16,102911.08,32.68,16.43,102961.04,19.87,57.44,-1633497.50,6.06
23:17,102914.35,32.63,16.47,102964.45,19.55,60.91,-1633526.62,5.39
23:18,102920.49,32.70,16.45,102962.72,19.50,60.56,-1634530.25,4.09
23:19,102911.86,32.61,16.53,102963.13,19.46,59.70,-1633925.62,4.99
23:20,102915.97,32.63,16.58,102963.92,19.65,58.18,-1634095.62,4.20
23:21,102906.93,32.64,16.50,102963.25,19.89,59.52,-1634575.25,5.44
23:22,102906.30,32.61,16.42,102962.34,19.91,58.43,-1634226.75,5.32
23:23,102914.56,32.57,16.59,102964.14,19.73,59.28,-1634434.75,4.81
23:24,102911.42,32.70,16.41,102959.60,19.53,59.01,-1637013.25,5.10
23:25,102907.96,32.65,16.44,102965.76,19.63,59.79,-1636527.25,5.22
23:26,102914.85,32.62,16.47,102966.96,19.66,59.95,-1636695.75,5.37
23:27,102923.24,32.62,16.54,102967.16,19.41,60.97,-1637682.62,5.71
23:28,102921.00,32.69,16.45,102963.99,19.76,59.74,-1638001.87,5.84
23:29,102915.53,32.61,16.59,102968.35,19.32,60.44,-1639127.12,4.40
23:30,102913.24,32.53,16.45,102967.78,19.37,61.47,-1637791.62,4.57
23:31,102918.67,32.57,16.61,102968.00,19.14,62.71,-1639129.25,5.68
23:32,102928.19,32.68,16.57,102971.07,18.90,63.46,-1640869.25,5.04
23:33,102929.25,32.74,16.41,102971.07,18.96,63.17,-1639222.25,4.72
23:34,102930.71,32.75,16.45,102971.07,19.33,59.54,-1641952.37,5.16
23:35,102925.24,32.73,16.45,102968.19,19.28,61.82,-1642358.37,5.75
23:36,102926.89,32.76,16.52,102973.83,19.25,62.02,-1642343.25,3.87
23:37,102928.56,32.82,16.44,102976.90,19.13,62.37,-1642390.12,5.04
23:38,102931.09,32.77,16.42,102977.74,18.97,63.29,-1642958.37,5.10
23:39,102931.48,32.71,16.43,102976.19,19.07,63.03,-1643409.25,5.23
23:40,102926.48,32.69,16.36,102976.58,19.63,60.25,-1643914.25,5.28
23:41,102929.31,32.70,16.40,102976.84,19.69,60.49,-1645421.25,5.12
23:42,102920.57,32.76,16.37,102979.49,19.27,62.04,-1645756.12,4.40
23:43,102928.33,32.65,16.46,102979.28,19.27,60.74,-1646297.50,4.72
23:44,102930.94,32.62,16.53,102981.94,18.95,63.22,-1646182.87,3.98
23:45,102929.47,32.68,16.52,102986.36,19.21,62.12,-1647391.12,4.82
23:46,102932.72,32.69,16.48,102980.59,19.09,62.84,-1648973.62,3.87
23:47,102936.96,32.75,16.45,102983.52,18.91,63.55,-1649004.75,4.69
23:48,102928.28,32.68,16.43,102981.82,19.40,61.47,-1647670.50,5.41
23:49,102932.05,32.62,16.52,102982.22,19.15,62.29,-1649150.62,4.88
23:50,102931.93,32.58,16.43,102986.58,19.10,62.46,-1649411.25,4.58
23:51,102939.80,32.57,16.65,102985.42,19.17,62.09,-1649193.87,4.40
23:52,102934.93,32.52,16.45,102987.21,19.28,61.14,-1648417.00,3.87
23:53,102938.70,32.52,16.65,102988.17,19.02,63.50,-1651612.62,4.21
23:54,102926.75,32.60,16.54,102987.66,19.21,61.72,-1651426.25,5.88
23:55,102929.83,32.64,16.50,102986.22,18.99,62.64,-1652595.50,4.83
23:56,102932.49,32.56,16.59,102988.36,18.57,65.16,-1652019.75,5.23
23:57,102936.35,32.56,16.65,102988.22,18.66,64.91,-1654359.12,5.64
23:58,102929.92,32.64,16.61,102990.52,18.69,64.92,-1654631.25,4.65
23:59,102938.55,32.69,16.52,102988.64,18.74,64.38,-1655240.37,4.92
0:0,102940.00,32.69,16.56,102986.92,18.60,65.83,-1655379.87,5.38
0:1,102938.55,32.70,16.52,102989.91,18.79,64.40,-1656913.75,5.09
0:2,102928.79,32.70,16.57,102986.07,18.69,65.23,-1657093.75,4.15
0:3,102934.61,32.71,16.46,102988.58,18.85,63.71,-1656150.75,4.76
0:4,102941.42,32.66,16.47,102990.11,19.21,61.52,-1656698.62,5.79
0:5,102938.21,32.61,16.55,102990.49,18.86,64.05,-1656189.00,5.57
0:6,102930.98,32.66,16.55,102991.96,18.66,64.27,-1659187.37,5.56
0:7,102937.10,32.70,16.51,102995.64,18.67,65.35,-1658684.25,4.33
0:8,102940.00,32.70,16.37,102988.91,18.95,63.49,-1659757.87,4.48
0:9,102943.69,32.61,16.55,102994.53,18.96,63.70,-1660985.37,5.86
0:10,102940.52,32.69,16.43,102994.17,18.76,64.45,-1660487.25,5.10
0:11,102942.41,32.63,16.54,102994.24,18.66,65.04,-1660087.12,3.91
0:12,102941.33,32.66,16.50,102994.71,18.85,64.29,-1661400.87,5.56
0:13,102941.13,32.63,16.54,102997.53,18.57,64.76,-1662772.00,4.87
0:14,102939.36,32.66,16.48,102996.05,18.59,64.33,-1663162.37,5.46
0:15,102944.42,32.59,16.55,102999.24,18.76,64.24,-1662036.37,5.28
0:16,102945.78,32.57,16.62,102993.70,18.67,64.33,-1663596.25,5.47
0:17,102942.71,32.59,16.61,102999.60,18.35,66.33,-1664850.25,5.21
0:18,102951.35,32.58,16.54,102999.28,18.69,65.15,-1663872.37,4.56
0:19,102949.64,32.57,16.48,102997.89,18.68,64.50,-1663916.62,3.85
0:20,102953.66,32.50,16.62,102998.09,18.73,64.44,-1665140.87,5.51
0:21,102947.67,32.52,16.61,103000.67,18.69,64.12,-1666161.87,4.79
0:22,102944.46,32.53,16.59,102999.74,18.55,65.52,-1667322.12,5.25
0:23,102949.94,32.54,16.55,103004.53,18.75,64.37,-1666105.25,5.99
0:24,102949.25,32.53,16.57,103001.82,18.53,66.01,-1667416.25,5.39
0:25,102949.22,32.51,16.71,103003.17,18.40,66.07,-1667104.75,4.67
0:26,102950.16,32.51,16.72,103002.91,18.40,66.42,-1668488.12,4.71
0:27,102948.58,32.55,16.66,103006.14,18.53,64.85,-1668896.75,3.89
0:28,102952.08,32.56,16.61,103005.46,18.50,65.25,-1669218.62,3.87
0:29,102954.13,32.53,16.59,103003.25,18.45,66.12,-1669220.75,5.04
0:30,102949.64,32.51,16.61,103003.66,18.49,65.37,-1669939.62,5.64
0:31,102948.88,32.50,16.66,103000.53,18.40,66.01,-1672391.25,5.00
0:32,102951.66,32.48,16.55,103005.95,18.47,65.91,-1672211.50,5.01
0:33,102957.27,32.45,16.61,103006.35,18.50,65.43,-1670273.00,3.99
0:34,102956.19,32.46,16.61,103004.53,18.53,65.42,-1672030.25,5.22
0:35,102949.74,32.44,16.68,103004.99,18.98,64.01,-1673859.12,5.37
0:36,102957.09,32.42,16.66,103005.28,18.56,65.18,-1676566.25,5.25
0:37,102951.06,32.46,16.63,103005.89,18.90,63.16,-1676100.75,4.92
0:38,102955.94,32.48,16.71,103008.19,18.51,65.65,-1675861.75,4.11
0:39,102957.39,32.49,16.70,103006.03,18.25,66.53,-1678455.00,5.24
0:40,102963.55,32.46,16.73,103009.91,18.29,66.14,-1680772.00,5.39
0:41,102958.67,32.48,16.72,103004.53,18.36,66.30,-1679219.62,4.75
0:42,102946.10,32.47,16.76,103008.10,18.28,66.09,-1683677.62,5.52
0:43,102951.83,32.46,16.84,103007.86,18.28,66.57,-1684725.25,5.58
0:44,102959.06,32.44,16.87,103008.18,18.30,66.28,-1685732.37,4.44
0:45,102950.67,32.49,16.65,103004.39,18.43,65.50,-1686606.25,5.10
0:46,102956.36,32.46,16.68,103001.88,18.47,65.48,-1685733.62,5.30
0:47,102951.83,32.41,16.90,103003.96,18.28,66.75,-1685710.75,4.38
0:48,102948.50,32.40,16.89,103001.50,18.22,66.67,-1685915.62,4.83
0:49,102951.07,32.41,16.81,102999.99,18.14,67.29,-1688000.37,5.82
0:50,102952.35,32.41,16.88,103000.11,18.13,66.95,-1689175.37,5.08
0:51,102955.97,32.42,16.72,103002.35,18.34,65.54,-1689219.00,4.27
0:52,102951.55,32.34,16.75,103002.74,18.62,65.07,-1690140.37,5.69
0:53,102948.97,32.33,16.90,102999.49,18.42,66.17,-1688907.62,5.16
0:54,102951.07,32.41,16.73,102997.42,18.27,66.38,-1692311.00,5.79
0:55,102950.67,32.44,16.73,102996.78,18.12,67.29,-1692782.25,5.52
0:56,102958.03,32.42,16.78,102996.21,18.44,65.81,-1691172.75,4.98
0:57,102954.96,32.40,16.77,102997.87,18.35,66.37,-1691228.00,5.68
0:58,102950.03,32.41,16.66,103000.41,18.85,64.32,-1690969.37,4.00
0:59,102936.83,32.33,16.91,103000.60,18.58,65.79,-1691723.25,4.61
1:0,102959.92,32.33,16.98,102999.82,18.37,66.19,-1692607.62,4.69
1:1,102952.99,32.38,16.84,103005.97,18.30,66.57,-1693800.00,5.68
1:2,102946.70,32.40,16.79,102998.10,18.18,67.25,-1695059.62,4.65
1:3,102952.64,32.42,16.71,102999.61,18.40,66.42,-1695135.37,5.67
1:4,102955.42,32.40,16.73,102998.11,18.24,67.12,-1697662.37,4.92
1:5,102951.80,32.39,16.69,102998.08,18.16,67.13,-1698231.62,5.09
1:6,102950.82,32.36,16.68,102995.39,18.05,67.50,-1698392.37,4.37
1:7,102951.75,32.36,16.76,102995.55,17.97,67.94,-1698612.75,5.83
1:8,102954.92,32.37,16.79,102994.77,18.30,66.75,-1698113.75,5.33
1:9,102942.10,32.38,16.69,102998.21,18.19,66.58,-1698925.75,3.94
1:10,102944.49,32.38,16.74,102995.21,18.17,67.36,-1700020.37,4.29
1:11,102942.52,32.37,16.79,102995.36,18.10,67.35,-1701430.00,5.27
1:12,102949.39,32.38,16.87,102996.63,18.03,68.41,-1702189.25,4.03
1:13,102941.74,32.41,16.81,102996.65,18.06,68.04,-1702202.75,5.17
1:14,102957.31,32.41,16.85,102995.83,18.24,67.09,-1702928.75,4.00
1:15,102942.97,32.44,16.69,102997.25,18.31,66.46,-1704193.25,5.16
1:16,102944.69,32.39,16.84,102997.78,18.32,66.19,-1702667.25,4.54
1:17,102943.83,32.42,16.80,102995.54,18.18,67.29,-1703298.75,4.62
1:18,102949.99,32.44,16.75,102998.08,18.21,67.08,-1706068.75,4.64
1:19,102951.44,32.43,16.82,102999.75,18.17,67.75,-1705159.37,3.87
1:20,102948.16,32.41,16.77,102994.16,18.01,68.15,-1707838.37,5.25
1:21,102942.13,32.40,16.83,102997.75,18.18,67.28,-1707688.75,4.35
1:22,102946.83,32.38,16.96,102998.49,18.06,67.62,-1706700.75,4.21
1:23,102951.53,32.38,16.83,102996.03,18.05,67.81,-1706630.75,4.76
1:24,102947.57,32.37,16.84,102997.84,18.06,68.11,-1706424.62,3.91
1:25,102946.66,32.31,16.90,103000.03,18.01,68.57,-1705681.25,5.77
1:26,102950.68,32.32,16.93,103000.86,18.06,67.84,-1694939.25,4.61
1:27,102947.94,32.32,16.92,102998.72,17.99,68.08,-1705523.37,5.07
1:28,102948.50,32.29,16.92,103003.82,18.14,67.31,-1708726.62,3.84
1:29,102953.89,32.30,16.96,103007.39,18.24,67.00,-1708379.00,5.15
1:30,102962.39,32.31,16.88,103004.16,18.00,67.54,-1710411.25,4.52
1:31,102950.08,32.32,16.85,103002.24,18.11,67.47,-1712135.37,5.23
1:32,102958.77,32.30,16.83,103004.52,18.05,67.95,-1711405.25,5.53
1:33,102954.91,32.27,16.80,103004.85,18.07,67.77,-1712117.25,4.94
1:34,102957.00,32.24,16.94,103008.83,18.30,66.68,-1712074.37,5.70
1:35,102949.10,32.27,16.90,103006.86,18.12,67.62,-1713111.62,5.60
1:36,102954.10,32.26,16.96,103006.79,18.19,66.91,-1713009.00,4.80
1:37,102955.35,32.29,16.91,103004.38,18.11,67.87,-1713603.75,4.66
1:38,102951.71,32.31,16.87,103003.96,17.99,67.87,-1714830.75,5.15
1:39,102948.38,32.26,16.85,103006.21,18.18,66.54,-1715600.75,4.66
1:40,102952.48,32.26,16.81,103006.33,18.31,66.50,-1716329.62,5.16
1:41,102952.39,32.24,16.82,103006.02,18.34,66.70,-1715473.62,5.76
1:42,102959.27,32.20,16.79,103009.55,18.26,66.91,-1715994.62,5.71
1:43,102946.65,32.16,16.89,103006.07,18.14,67.39,-1718669.75,5.31
1:44,102952.13,32.16,16.88,103007.05,18.17,67.41,-1717349.62,4.47
1:45,102955.38,32.17,16.90,103005.83,18.04,67.72,-1717801.00,4.96
1:46,102962.94,32.14,16.84,103004.24,18.10,67.40,-1718688.75,4.85
1:47,102956.65,32.10,16.94,103007.25,18.10,67.84,-1719622.75,5.73
1:48,102956.14,32.09,16.91,103006.14,18.18,67.86,-1719212.75,4.93
1:49,102962.89,32.08,16.88,103010.75,18.00,68.43,-1719827.25,4.75
1:50,102957.75,32.04,16.92,103006.47,18.06,67.89,-1721442.25,5.03
1:51,102958.82,32.05,16.95,103009.37,18.15,67.31,-1720553.00,4.97
1:52,102968.19,32.10,16.91,103006.82,18.18,66.88,-1723798.00,3.82
1:53,102955.07,32.13,16.92,103004.67,18.00,68.33,-1722977.62,3.92
1:54,102954.99,32.08,16.86,103006.39,18.02,67.79,-1722701.75,4.08
1:55,102956.30,32.03,16.98,103006.21,18.05,68.02,-1725784.25,5.30
1:56,102953.74,32.08,16.94,103009.35,18.09,67.48,-1726928.75,5.17
1:57,102959.00,32.12,16.87,103008.55,18.26,66.74,-1725703.00,5.32
1:58,102959.64,32.04,16.98,103007.60,18.18,67.34,-1727914.37,4.05
1:59,102958.49,32.07,16.89,103003.28,18.18,67.09,-1728535.75,5.03
2:0,102959.94,32.06,16.97,103005.96,18.06,67.70,-1729579.00,5.07
2:1,102956.43,32.07,17.02,103006.48,17.91,68.46,-1731640.25,5.12
2:2,102957.08,32.09,16.96,103011.53,17.83,68.97,-1730608.00,5.55
2:3,102964.47,32.07,16.89,103005.42,17.90,68.70,-1730892.00,4.76
2:4,102953.57,32.03,16.91,103010.19,18.27,67.01,-1730794.25,3.99
2:5,102958.10,32.03,17.03,103004.27,18.10,67.84,-1732900.75,4.81
2:6,102958.82,32.05,17.07,103012.30,17.88,68.40,-1734656.37,4.47
2:7,102967.53,32.04,17.03,103013.14,17.91,68.21,-1734535.62,3.91
2:8,102962.24,32.04,17.02,103011.46,17.77,69.49,-1733971.25,5.43
2:9,102968.78,32.04,17.00,103013.45,17.82,68.90,-1734925.37,3.93
2:10,102954.42,32.04,17.02,103013.02,17.71,70.31,-1734960.75,4.16
2:11,102960.43,31.98,16.98,103011.14,17.74,69.85,-1735468.75,4.44
2:12,102971.52,32.03,17.00,103012.44,17.76,69.18,-1738194.37,4.65
2:13,102954.89,32.07,17.01,103009.63,17.80,69.31,-1737921.25,5.59
2:14,102965.87,32.02,16.97,103009.86,17.81,69.08,-1721744.37,4.06
2:15,102964.20,31.99,17.02,103009.83,17.86,68.48,-1731692.37,4.89
2:16,102954.08,32.03,16.95,103008.22,17.85,68.94,-1730671.37,3.89
2:17,102961.07,32.01,16.97,103007.52,17.76,69.46,-1515383.75,4.83
2:18,102961.94,32.03,16.98,103008.49,17.88,69.03,-1510138.12,4.43
2:19,102962.33,32.06,16.96,103013.11,17.89,68.52,-1504996.50,4.69
2:20,102962.28,32.04,17.00,103009.55,17.92,68.33,-1516098.25,5.23
2:21,102952.75,32.05,16.99,103010.67,17.80,69.14,-1570322.25,5.53
2:22,102961.46,31.99,17.00,103012.00,17.89,68.62,-1578688.75,5.54
2:23,102961.03,31.98,17.07,103009.76,17.93,68.24,-1584104.75,5.14
2:24,102956.00,32.05,16.94,103012.47,17.86,68.61,-1738456.00,5.14
2:25,102967.88,32.00,17.00,103008.39,17.91,69.12,-1738094.00,4.23
2:26,102966.17,31.99,17.01,103012.42,17.91,68.52,-1744079.25,5.04
2:27,102964.33,32.01,17.00,103012.11,17.94,68.39,-1747353.25,3.87
2:28,102958.08,31.96,17.01,103012.38,18.07,67.71,-1747493.25,4.80
2:29,102962.27,31.95,17.03,103013.85,17.79,69.10,-1748065.37,5.07
2:30,102966.07,31.92,16.97,103015.16,17.84,68.82,-1747045.62,3.94
2:31,102969.74,31.92,17.07,103012.33,17.74,69.16,-1750024.75,3.91
2:32,102963.04,31.96,17.12,103014.94,17.61,70.56,-1750565.25,5.29
2:33,102973.21,31.96,17.01,103014.47,17.62,70.28,-1750595.37,5.47
2:34,102962.35,31.95,16.91,103016.28,17.94,68.71,-1673544.00,5.03
2:35,102960.94,31.93,17.02,103013.91,17.90,68.68,-1678080.75,4.23
2:36,102962.86,31.94,17.05,103014.64,17.83,69.28,-1672963.75,4.07
2:37,102968.03,31.93,17.02,103015.17,17.78,69.17,-1676251.25,4.92
2:38,102966.53,31.94,17.03,103016.66,17.96,67.76,-1678466.37,5.10
2:39,102965.77,31.95,16.97,103018.49,17.90,68.67,-1676626.00,5.13
2:40,102966.24,31.92,17.04,103019.80,17.89,68.83,-1679181.25,5.16
2:41,102966.36,31.95,17.09,103017.13,17.74,69.51,-1466600.62,5.25
2:42,102972.24,31.99,16.92,103018.05,17.87,68.39,-1410960.87,4.50
2:43,102979.73,31.90,16.93,103021.27,18.16,67.04,-1372348.50,5.13
2:44,102966.71,31.94,16.98,103024.22,17.99,67.98,-1355550.75,4.25
2:45,102976.38,31.96,16.93,103023.52,17.87,68.63,-1362752.87,5.30
2:46,102970.94,31.93,17.07,103023.11,17.84,68.79,-1297165.25,5.16
2:47,102979.71,31.96,16.99,103024.39,17.92,67.98,-1216298.00,5.90
2:48,102983.98,31.96,17.04,103030.50,18.02,67.45,-1747934.62,5.30
2:49,102990.52,31.99,17.00,103032.71,17.96,67.89,-1729266.00,5.11
2:50,102976.16,31.98,17.04,103029.66,17.84,68.66,-1729974.37,5.21
2:51,102975.44,31.96,17.01,103031.65,17.62,69.48,-1733450.75,5.35
2:52,102988.38,31.98,16.99,103033.04,17.86,68.65,-1734895.25,5.30
2:53,102984.03,31.98,16.97,103031.86,17.89,68.63,-1607045.25,4.01
2:54,102982.53,31.96,16.99,103033.84,17.78,68.86,-1757420.75,5.01
2:55,102989.84,31.98,17.04,103033.78,17.88,68.55,-1763596.00,3.99
2:56,102983.30,31.97,16.98,103034.75,17.69,69.60,-1766778.37,5.16
2:57,102982.57,31.97,16.92,103034.32,17.75,69.50,-1767498.75,4.58
2:58,102982.61,31.95,16.96,103033.74,17.69,69.30,-1767755.00,5.33
2:59,102988.58,31.93,17.05,103035.50,17.81,68.74,-1768066.37,5.11
3:0,102983.77,31.98,16.98,103039.22,17.95,68.06,-1768962.75,4.78
3:1,102985.08,31.94,16.99,103036.01,17.84,69.18,-1768742.25,4.06
3:2,102984.61,31.92,16.94,103039.07,17.91,68.16,-1769236.75,4.04
3:3,102996.49,31.91,17.02,103037.79,17.74,69.38,-1770005.00,5.86
3:4,102987.13,31.93,17.02,103040.17,17.89,68.70,-1771245.37,5.24
3:5,102991.53,31.92,16.98,103042.19,17.93,68.58,-1771478.37,5.68
3:6,102993.49,31.90,17.00,103043.10,17.90,68.56,-1771690.37,3.93
3:7,102997.46,31.88,17.05,103043.55,17.79,69.26,-1771580.00,4.65
3:8,102997.99,31.63,17.53,103045.30,17.86,68.72,-1772522.37,0.86
3:9,103004.43,18.79,67.32,103044.17,17.80,70.39,-1774407.37,0.22
3:10,103011.89,19.70,59.69,103048.61,17.59,71.43,-1774169.75,0.23
3:11,103011.05,20.34,66.61,103049.64,17.52,71.91,-1774608.00,3.76
3:12,102998.14,30.74,19.75,103050.50,17.55,70.99,-1776429.37,4.81
3:13,102998.33,31.45,18.09,103043.92,17.90,68.73,-1775178.00,4.39
3:14,103002.67,31.51,17.78,103047.22,17.94,68.08,-1776121.75,5.03
3:15,102992.63,31.59,17.63,103048.10,17.85,68.86,-1776847.00,4.85
3:16,103001.53,31.63,17.59,103050.82,17.70,70.04,-1777223.25,4.85
3:17,102998.95,31.69,17.41,103049.18,17.72,69.53,-1777924.25,5.05
3:18,102996.66,31.75,17.35,103054.83,17.62,70.12,-1778160.75,4.79
3:19,103004.35,31.76,17.34,103055.35,17.66,69.78,-1779594.75,3.86
3:20,102996.92,31.77,17.29,103050.92,17.70,69.68,-1779049.75,5.02
3:21,103008.20,31.76,17.30,103056.86,17.67,70.02,-1779862.00,4.66
3:22,103011.07,31.78,17.29,103050.24,17.81,69.24,-1780804.25,5.03
3:23,103004.32,31.79,17.32,103052.91,17.63,70.48,-1780957.00,5.01
3:24,103004.64,31.84,17.17,103053.67,17.54,70.49,-1781813.37,4.85
3:25,103003.19,31.84,17.16,103051.46,17.69,69.77,-1781891.25,5.03
3:26,103004.16,31.81,17.22,103057.76,17.69,69.63,-1782237.62,5.19
3:27,103004.66,31.79,17.22,103054.39,17.57,70.61,-1783653.62,4.94
3:28,102996.61,31.85,17.12,103055.02,17.69,70.04,-1782831.62,5.33
3:29,103003.60,31.86,17.14,103051.11,17.84,69.36,-1784306.37,4.25
3:30,103013.69,31.86,17.19,103053.39,17.73,69.87,-1784916.25,5.15
3:31,103006.48,31.90,17.16,103056.87,17.74,69.64,-1785011.25,5.81
3:32,103003.63,31.89,17.10,103049.74,18.07,67.99,-1786151.00,3.79
3:33,103004.56,31.88,17.13,103056.05,17.94,69.07,-1786672.75,4.40
3:34,103005.41,31.86,17.16,103055.75,17.46,71.02,-1787574.25,5.59
3:35,103003.50,31.90,17.09,103057.07,17.62,70.11,-1788392.00,4.83
3:36,102996.83,31.90,17.18,103058.10,17.72,70.13,-1788620.37,4.90
3:37,103011.19,31.90,17.14,103060.23,17.68,69.84,-1789550.75,5.42
3:38,103020.16,31.91,17.11,103063.17,17.73,69.86,-1789877.00,5.00
3:39,103010.67,31.89,17.22,103059.09,17.81,69.60,-1790751.62,5.27
3:40,103004.00,31.90,17.20,103057.02,17.53,71.16,-1791316.37,4.67
3:41,103001.32,31.93,17.18,103059.74,17.70,70.41,-1791936.75,4.86
3:42,103008.75,31.94,17.14,103059.57,17.56,70.49,-1792380.00,4.55
3:43,103007.14,31.95,17.15,103057.71,17.70,70.43,-1792730.37,4.11
3:44,103010.47,31.94,17.07,103061.48,17.73,69.83,-1793181.00,3.81
3:45,103013.67,31.92,17.10,103054.83,17.79,69.60,-1793879.62,5.77
3:46,103013.49,31.90,17.07,103063.68,17.79,69.46,-1794235.62,4.69
3:47,103016.68,31.86,17.05,103059.88,17.82,69.29,-1794454.75,5.15
3:48,103021.64,31.84,17.17,103063.87,17.75,69.31,-1795930.75,4.70
3:49,103014.81,31.83,17.15,103061.32,17.45,70.97,-1796762.25,4.03
3:50,103009.25,31.83,17.06,103063.35,17.49,70.77,-1797738.25,4.14
3:51,103017.20,31.86,17.11,103065.03,17.64,70.22,-1798202.75,4.85
3:52,103010.61,31.86,17.09,103060.36,17.82,69.28,-1798001.25,5.01
3:53,103011.13,31.83,17.15,103066.17,17.56,69.89,-1799443.62,5.71
3:54,103012.75,31.86,17.11,103067.17,17.54,70.57,-1800284.75,4.95
3:55,103017.54,31.84,17.09,103063.94,17.43,70.71,-1800508.37,5.68
3:56,103013.35,31.83,17.17,103064.57,17.62,70.59,-1801735.62,4.40
3:57,103014.89,31.83,17.18,103066.69,17.61,70.79,-1802307.62,5.09
3:58,103010.88,31.84,17.10,103063.75,17.73,69.99,-1803981.25,4.56
3:59,103015.66,31.84,17.11,103055.14,17.80,69.61,-1804656.00,5.25
4:0,103015.14,31.82,17.12,103063.96,17.63,70.28,-1805276.00,4.44
4:1,103009.76,31.83,17.10,103066.64,17.55,70.69,-1805810.62,4.98
4:2,103016.25,31.83,17.14,103069.10,17.64,70.22,-1806189.25,5.13
4:3,103019.16,31.82,17.15,103065.02,17.44,70.83,-1807373.75,5.83
4:4,103014.21,31.83,17.08,103067.73,17.42,71.64,-1807687.25,4.23
4:5,103023.52,31.82,17.16,103069.85,17.51,70.24,-1808382.62,5.01
4:6,103017.63,31.83,17.08,103068.67,17.64,70.30,-1809635.25,4.03
4:7,103022.53,31.81,17.14,103066.82,17.45,70.64,-1810273.62,5.66
4:8,103018.94,31.80,17.16,103071.22,17.44,70.93,-1811170.00,5.20
4:9,103021.07,31.79,17.18,103067.66,17.47,70.54,-1811154.00,4.02
4:10,103024.22,31.78,17.28,103071.32,17.27,72.09,-1811757.25,5.02
4:11,103031.50,31.79,17.22,103074.03,17.29,71.91,-1811459.25,5.51
4:12,103024.14,31.78,17.20,103078.41,17.30,72.29,-1812697.62,4.63
4:13,103021.80,31.78,17.18,103072.93,17.31,71.35,-1812566.37,5.01
4:14,103028.24,31.78,17.22,103074.22,17.43,71.46,-1813804.75,4.61
4:15,103029.14,31.78,17.24,103072.50,17.36,72.30,-1813977.25,4.52
4:16,103023.03,31.78,17.18,103073.33,17.25,72.10,-1814555.37,4.78
4:17,103015.89,31.75,17.19,103076.19,17.24,72.31,-1815312.75,5.51
4:18,103023.32,31.76,17.19,103080.47,17.38,71.66,-1814983.25,4.21
4:19,103018.78,31.74,17.22,103078.27,17.36,71.64,-1816185.25,4.07
4:20,103028.96,31.75,17.24,103082.03,17.43,71.73,-1817232.25,5.24
4:21,103028.79,31.76,17.24,103082.04,17.52,70.91,-1818047.62,5.21
4:22,103023.58,31.76,17.23,103075.71,17.60,70.71,-1817925.62,3.82
4:23,103028.05,31.72,17.28,103075.78,17.59,70.46,-1819498.00,5.07
4:24,103025.63,31.76,17.26,103079.80,17.49,71.11,-1820954.37,4.34
4:25,103029.47,31.75,17.27,103080.92,17.37,72.10,-1820203.00,5.10
4:26,103015.32,31.71,17.30,103076.55,17.44,71.09,-1821672.25,5.12
4:27,103029.25,31.72,17.23,103076.35,17.43,71.44,-1821990.75,4.97
4:28,103024.32,31.69,17.27,103078.15,17.55,70.67,-1822898.75,4.40
4:29,103025.51,31.67,17.28,103076.39,17.46,71.08,-1823626.00,4.94
4:30,103021.75,31.68,17.19,103078.36,17.45,71.50,-1824181.00,3.84
4:31,103031.33,31.69,17.23,103083.27,17.73,69.84,-1824997.37,4.45
4:32,103032.69,31.69,17.24,103078.64,17.53,71.25,-1824736.75,3.87
4:33,103022.91,31.67,17.33,103082.07,17.58,70.17,-1826143.25,3.94
4:34,103023.55,31.68,17.26,103078.39,17.48,70.79,-1827049.25,4.47
4:35,103030.14,31.70,17.27,103078.78,17.41,71.44,-1827192.00,3.99
4:36,103028.97,31.67,17.29,103083.89,17.45,71.33,-1828197.00,5.00
4:37,103031.07,31.69,17.22,103081.96,17.35,71.13,-1829152.37,4.87
4:38,103025.02,31.70,17.30,103081.39,17.31,72.44,-1829281.00,5.19
4:39,103025.57,31.71,17.27,103083.41,17.48,70.96,-1830661.25,5.22
4:40,103035.57,31.72,17.21,103081.78,17.50,70.16,-1831266.75,4.39
4:41,103030.35,31.71,17.23,103086.59,17.49,70.89,-1831775.25,5.26
4:42,103040.61,31.71,17.23,103078.60,17.47,71.61,-1832451.62,5.00
4:43,103030.74,31.69,17.27,103083.24,17.35,71.82,-1832170.75,4.43
4:44,103035.63,31.65,17.19,103082.71,17.19,72.90,-1833832.37,5.22
4:45,103026.80,31.68,17.19,103080.39,17.55,70.17,-1834652.00,5.19
4:46,103019.83,31.66,17.29,103079.90,17.34,71.87,-1834965.62,5.67
4:47,103032.99,31.67,17.25,103079.17,17.35,71.61,-1835862.00,5.10
4:48,103026.98,31.70,17.23,103081.53,17.39,71.77,-1836974.00,4.23
4:49,103026.67,31.71,17.19,103081.42,17.34,71.73,-1837982.00,4.81
4:50,103026.30,31.70,17.22,103082.13,17.41,71.06,-1839408.75,3.85
4:51,103031.07,31.69,17.24,103081.94,17.37,71.59,-1839525.00,4.96
4:52,103022.82,31.67,17.24,103085.01,17.33,71.90,-1840502.75,3.83
4:53,103031.51,31.63,17.31,103083.30,17.30,71.94,-1839915.25,5.13
4:54,103036.14,31.65,17.30,103083.49,17.24,72.80,-1840235.37,3.82
4:55,103036.61,31.67,17.23,103085.77,17.49,70.18,-1841006.25,4.33
4:56,103033.75,31.66,17.23,103086.58,17.44,71.33,-1841517.62,5.40
4:57,103030.96,31.63,17.24,103085.65,17.31,72.13,-1842578.75,4.81
4:58,103032.26,31.58,17.21,103081.66,17.29,72.14,-1842370.37,5.07
4:59,103035.58,31.56,17.26,103084.92,17.39,71.68,-1842505.75,3.88
5:0,103037.13,31.57,17.24,103086.77,17.45,71.10,-1844753.25,5.07
5:1,103033.17,31.62,17.29,103083.42,17.46,71.33,-1845257.62,4.55
5:2,103032.66,31.60,17.23,103082.67,17.36,71.74,-1845364.25,5.00
5:3,103032.47,31.56,17.32,103086.42,17.34,70.90,-1846449.00,5.07
5:4,103031.28,31.59,17.27,103087.03,17.34,71.58,-1846819.25,4.16
5:5,103036.96,31.58,17.27,103088.23,17.24,72.03,-1847530.37,4.52
5:6,103039.75,31.62,17.23,103082.67,17.40,71.28,-1848168.37,4.32
5:7,103029.38,31.63,17.15,103085.00,17.39,71.11,-1848672.75,5.10
5:8,103039.75,31.61,17.24,103081.22,17.27,72.06,-1850261.62,5.52
5:9,103036.92,31.61,17.29,103088.25,17.20,72.35,-1850400.37,4.36
5:10,103034.14,31.58,17.35,103086.98,17.10,72.78,-1850526.75,5.21
5:11,103026.07,31.60,17.20,103082.71,17.26,72.10,-1850316.75,5.02
5:12,103028.10,31.54,17.38,103083.05,17.32,71.44,-1851200.25,5.30
5:13,103026.53,31.56,17.29,103084.89,17.36,72.04,-1850626.00,5.63
5:14,103026.99,31.54,17.27,103088.94,17.23,72.47,-1851149.25,4.65
5:15,103040.86,31.52,17.28,103087.00,17.42,70.65,-1851116.62,3.89
5:16,103038.11,31.50,17.29,103096.10,17.21,72.64,-1851996.62,4.85
5:17,103036.85,31.46,17.37,103095.88,17.05,73.53,-1853044.25,4.83
5:18,103040.42,31.49,17.28,103095.94,17.09,72.87,-1854423.25,5.07
5:19,103030.42,31.49,17.36,103097.19,17.17,72.46,-1854468.75,5.81
5:20,103045.28,31.48,17.28,103095.83,17.19,72.44,-1855219.62,5.26
5:21,103037.57,31.43,17.34,103098.04,17.15,72.56,-1855767.25,4.08
5:22,103045.40,31.47,17.35,103097.58,17.16,72.42,-1856663.62,3.82
5:23,103038.39,31.47,17.38,103099.14,17.21,71.96,-1857263.62,4.25
5:24,103051.04,31.47,17.37,103099.91,17.00,73.76,-1857682.25,5.05
5:25,103045.53,31.49,17.34,103097.25,17.04,73.28,-1858139.62,5.32
5:26,103048.71,31.50,17.39,103098.60,17.14,72.98,-1858936.00,3.94
5:27,103056.71,31.53,17.30,103104.14,17.17,72.42,-1860479.25,3.91
5:28,103046.30,31.55,17.31,103106.89,17.22,72.29,-1860532.00,4.09
5:29,103060.36,31.57,17.30,103102.41,17.42,71.53,-1861048.62,4.93
5:30,103052.33,31.57,17.29,103104.03,17.21,72.33,-1861840.00,4.99
5:31,103049.00,31.58,17.30,103105.10,17.33,71.39,-1862973.62,5.25
5:32,103053.71,31.58,17.35,103104.04,17.38,71.28,-1863424.37,5.75
5:33,103050.59,31.59,17.26,103107.53,17.28,72.72,-1863449.75,5.05
5:34,103050.02,31.56,17.31,103107.14,17.37,71.14,-1864116.75,4.87
5:35,103054.95,31.60,17.30,103108.77,17.30,71.98,-1865364.00,5.04
5:36,103051.78,31.60,17.24,103106.80,17.56,70.45,-1865920.37,4.40
5:37,103050.25,31.59,17.29,103102.75,17.42,71.45,-1866814.62,5.11
5:38,103050.72,31.58,17.35,103111.05,17.26,72.51,-1866652.37,5.26
5:39,103044.32,31.59,17.31,103108.64,17.40,71.68,-1867769.00,4.13
5:40,103060.21,31.59,17.32,103105.94,17.36,72.06,-1868728.25,4.58
5:41,103052.82,31.60,17.33,103106.57,17.42,71.24,-1869265.00,4.60
5:42,103052.53,31.54,17.41,103109.72,17.36,71.99,-1869558.75,4.61
5:43,103053.21,31.54,17.32,103109.03,17.29,72.20,-1870277.25,5.23
5:44,103050.91,31.54,17.32,103111.44,17.45,71.47,-1871165.37,4.57
5:45,103053.18,31.57,17.31,103115.85,17.39,71.63,-1871865.25,5.03
5:46,103056.28,31.53,17.39,103114.67,17.18,72.64,-1872116.37,5.07
5:47,103053.97,31.52,17.36,103115.75,17.29,71.94,-1873836.00,4.92
5:48,103061.07,31.53,17.38,103118.00,17.16,72.70,-1875536.37,5.03
5:49,103063.82,31.55,17.38,103117.13,16.97,74.13,-1876879.62,4.76
5:50,103066.21,31.49,17.42,103114.76,17.11,73.07,-1878476.00,4.30
5:51,103068.36,31.51,17.32,103116.89,17.37,71.48,-1879306.00,4.98
5:52,103058.61,31.50,17.41,103122.65,17.37,71.92,-1879479.62,4.42
5:53,103061.00,31.49,17.50,103121.08,17.25,72.34,-1880172.25,5.22
5:54,103063.88,31.52,17.46,103120.71,17.39,71.67,-1881267.62,4.99
5:55,103061.07,31.53,17.39,103120.55,17.33,71.96,-1881489.25,5.10
5:56,103066.20,31.54,17.38,103119.14,17.27,72.22,-1882414.75,5.27
5:57,103064.63,31.56,17.36,103120.83,17.31,71.79,-1883192.37,4.41
5:58,103066.32,31.51,17.42,103119.85,17.24,71.83,-1883981.75,5.10
5:59,103062.69,31.54,17.46,103122.71,17.32,72.17,-1884448.00,4.69
6:0,103074.83,31.54,17.39,103125.02,17.34,71.65,-1885271.25,5.23
6:1,103066.89,31.54,17.44,103125.53,17.34,71.87,-1886391.25,4.92
6:2,103074.11,31.56,17.47,103122.19,17.28,72.46,-1886927.37,5.25
6:3,103073.69,31.58,17.41,103125.71,17.24,72.71,-1887618.00,5.01
6:4,103078.90,31.57,17.38,103125.35,17.26,72.29,-1888681.25,4.72
6:5,103076.42,31.57,17.41,103129.39,17.23,72.24,-1889355.62,3.83
6:6,103080.62,31.59,17.42,103127.17,17.22,72.50,-1890069.25,4.96
6:7,103076.16,31.56,17.68,103126.82,17.12,73.03,-1890354.75,3.89
6:8,103079.42,31.58,17.49,103129.05,17.27,72.80,-1891156.75,4.88
6:9,103068.65,31.57,17.58,103129.27,17.24,72.17,-1891274.00,3.84
6:10,103079.06,31.56,17.60,103127.39,17.28,72.43,-1892405.62,4.89
6:11,103078.47,31.57,17.52,103134.07,17.29,72.37,-1893389.25,4.14
6:12,103073.95,31.57,17.49,103128.49,17.11,72.85,-1895065.25,5.02
6:13,103081.71,31.57,17.49,103132.67,17.14,73.41,-1895838.75,4.32
6:14,103074.46,31.57,17.44,103131.21,17.40,71.17,-1896153.62,4.55
6:15,103082.63,31.60,17.38,103132.44,17.29,72.20,-1896701.75,5.74
6:16,103074.26,31.61,17.31,103132.97,17.47,70.80,-1897608.00,4.36
6:17,103081.89,31.58,17.32,103136.50,17.38,72.06,-1897855.62,4.90
6:18,103079.69,31.54,17.41,103137.21,17.40,71.77,-1898385.62,4.69
6:19,103079.44,31.55,17.35,103140.32,17.27,72.38,-1899467.37,4.45
6:20,103087.71,31.52,17.47,103138.74,17.07,73.48,-1900451.25,5.73
6:21,103091.09,31.52,17.43,103139.67,17.01,73.99,-1900702.75,4.70
6:22,103090.02,31.53,17.43,103137.36,17.10,73.39,-1900191.25,5.33
6:23,103087.63,31.53,17.38,103145.35,17.15,73.33,-1901495.25,4.43
6:24,103081.17,31.52,17.52,103141.87,17.06,73.83,-1902143.75,5.00
6:25,103085.33,31.54,17.53,103139.57,17.21,73.08,-1903006.25,4.70
6:26,103088.98,31.57,17.46,103139.94,17.32,72.20,-1904132.00,4.53
6:27,103084.52,31.61,17.37,103136.46,17.32,71.89,-1905110.37,3.90
6:28,103087.16,31.60,17.37,103141.24,17.39,72.19,-1905420.75,5.04
6:29,103085.64,31.57,17.41,103140.82,17.27,72.70,-1905818.00,3.94
6:30,103085.00,31.55,17.38,103146.10,17.42,70.99,-1906055.62,5.34
6:31,103091.25,31.52,17.45,103144.21,17.30,72.46,-1907117.37,5.19
6:32,103082.91,31.56,17.41,103144.65,17.29,72.32,-1907867.62,4.02
6:33,103091.04,31.58,17.38,103148.14,17.51,71.21,-1908311.62,5.03
6:34,103087.80,31.59,17.43,103149.71,17.52,71.35,-1909177.25,4.47
6:35,103102.41,31.68,17.29,103147.64,17.46,71.89,-1909905.37,5.19
6:36,103094.16,31.66,17.29,103150.47,17.35,72.16,-1910175.00,5.01
6:37,103105.68,31.65,17.17,103149.78,17.43,72.00,-1910697.62,4.78
6:38,103096.83,31.62,17.23,103151.73,17.37,72.45,-1911450.00,4.52
6:39,103097.55,31.64,17.29,103150.76,17.36,72.70,-1912064.75,4.76
6:40,103094.89,31.68,17.25,103152.80,17.44,71.91,-1912991.62,4.65
6:41,103096.89,31.67,17.26,103153.30,17.38,72.33,-1913268.75,4.10
6:42,103096.29,31.66,17.29,103150.46,17.30,72.90,-1914254.37,5.25
6:43,103101.55,31.68,17.28,103152.28,17.25,73.16,-1914756.75,5.17
6:44,103102.33,31.69,17.30,103154.38,17.35,72.51,-1915017.62,4.36
6:45,103098.86,31.66,17.39,103154.91,17.33,72.57,-1915861.25,4.53
6:46,103094.82,31.69,17.31,103155.11,17.44,72.07,-1915615.62,4.85
6:47,103108.92,31.70,17.28,103158.16,17.46,71.92,-1917476.75,4.03
6:48,103097.66,31.75,17.22,103159.11,17.43,72.20,-1918711.62,4.92
6:49,103104.58,31.75,17.34,103160.39,17.41,71.88,-1918807.00,4.14
6:50,103113.66,31.78,17.15,103159.05,17.56,70.87,-1918589.62,4.81
6:51,103107.85,31.71,17.30,103163.80,17.60,70.72,-1919010.37,4.83
6:52,103105.84,31.70,17.42,103162.64,17.46,72.30,-1919282.00,4.16
6:53,103112.22,31.72,17.40,103166.66,17.40,72.71,-1920777.62,3.96
6:54,103108.33,31.74,17.33,103163.38,17.41,71.45,-1921967.62,4.82
6:55,103112.22,31.73,17.44,103163.25,17.30,72.61,-1922349.62,4.46
6:56,103112.21,31.72,17.50,103165.27,17.25,72.91,-1922474.62,3.81
6:57,103106.71,31.75,17.29,103163.71,17.35,72.38,-1923188.75,4.92
6:58,103108.78,31.76,17.28,103164.08,17.44,71.86,-1925067.62,4.79
6:59,103116.98,31.76,17.34,103167.35,17.32,72.75,-1925975.75,5.03
7:0,103116.28,31.81,17.25,103169.17,17.40,72.14,-1926052.37,4.27
7:1,103122.69,31.81,17.20,103170.96,17.44,71.90,-1926843.25,5.21
7:2,103117.52,31.82,17.21,103172.92,17.57,71.68,-1926996.62,4.94
7:3,103127.07,31.85,17.12,103174.08,17.53,71.89,-1927691.62,3.88
7:4,103119.75,31.84,17.16,103175.78,17.51,72.19,-1928665.75,4.55
7:5,103123.63,31.80,17.23,103174.41,17.39,71.64,-1929440.37,3.85
7:6,103129.06,31.82,17.27,103176.28,17.44,72.45,-1929159.62,4.77
7:7,103114.28,31.86,17.24,103179.11,17.49,71.96,-1930839.25,4.74
7:8,103120.63,31.89,17.24,103176.91,17.49,72.15,-1930164.25,5.03
7:9,103132.50,31.88,17.25,103180.14,17.49,72.03,-1931818.00,4.34
7:10,103116.75,31.91,17.19,103179.01,17.38,72.90,-1932349.62,5.00
7:11,103118.41,31.89,17.14,103179.55,17.58,71.79,-1932171.25,4.94
7:12,103119.33,31.87,17.26,103177.80,17.48,71.97,-1931868.37,3.85
7:13,103132.60,31.89,17.32,103180.14,17.59,71.55,-1932407.75,5.00
7:14,103126.97,31.93,17.07,103177.47,17.67,70.94,-1933799.37,5.23
7:15,103133.30,31.93,17.05,103181.25,17.58,71.92,-1934103.25,4.40
7:16,103125.75,31.78,17.39,103180.96,17.48,72.73,-1933819.25,4.62
7:17,103123.28,31.81,17.48,103184.78,17.50,72.44,-1935058.75,4.00
7:18,103128.64,31.86,17.39,103188.17,17.51,72.47,-1936101.62,3.80
7:19,103135.47,31.91,17.35,103187.13,17.75,70.93,-1936161.25,5.02
7:20,103131.71,32.01,17.18,103182.14,17.91,70.53,-1937352.00,4.34
7:21,103129.63,31.95,17.28,103184.53,17.97,70.01,-1938026.00,4.04
7:22,103124.60,31.96,17.20,103186.14,17.95,70.47,-1938369.62,5.25
7:23,103135.14,32.03,17.11,103187.14,17.97,70.27,-1939822.37,5.27
7:24,103141.09,31.96,17.23,103188.24,17.72,72.15,-1940218.00,5.90
7:25,103136.07,31.91,17.18,103187.41,17.76,71.46,-1941119.25,5.21
7:26,103126.82,31.90,17.21,103188.60,17.84,70.64,-1942646.00,5.18
7:27,103117.97,31.98,17.14,103183.63,18.09,69.94,-1942584.75,4.04
7:28,103131.74,31.99,17.19,103184.06,18.10,70.55,-1943110.75,4.72
7:29,103138.00,32.05,17.10,103184.19,18.22,69.27,-1943840.25,4.43
7:30,103143.11,32.09,17.15,103183.28,18.05,69.54,-1943898.00,5.09
7:31,103141.77,32.16,17.09,103191.21,17.94,71.34,-1944626.75,4.50
7:32,103140.95,32.13,17.04,103194.89,18.05,70.23,-1945942.37,5.33
7:33,103140.21,32.10,17.15,103194.49,17.95,71.50,-1946284.62,4.75
7:34,103139.26,32.08,17.06,103197.78,18.06,70.21,-1947444.37,4.90
7:35,103141.30,32.14,17.20,103198.35,18.23,69.37,-1948457.62,5.85
7:36,103148.57,32.26,17.00,103197.97,18.29,68.94,-1948622.75,5.32
7:37,103145.77,32.32,16.96,103199.08,18.30,69.37,-1950023.25,5.23
7:38,103151.72,32.36,17.02,103199.89,18.36,68.88,-1949580.00,4.06
7:39,103145.96,32.42,16.79,103201.53,18.34,68.69,-1950204.37,4.36
7:40,103143.74,32.39,16.95,103199.39,18.11,70.60,-1951534.37,4.29
7:41,103151.82,32.41,17.05,103206.14,18.16,70.15,-1952021.25,3.85
7:42,103151.90,32.40,17.01,103204.03,18.10,70.20,-1953077.75,5.23
7:43,103145.96,32.38,17.02,103206.39,18.01,70.91,-1954214.00,4.17
7:44,103154.64,32.37,17.08,103213.33,17.87,71.35,-1953885.62,4.11
7:45,103148.21,32.34,17.03,103210.67,17.99,71.07,-1955179.75,4.75
7:46,103156.57,32.38,17.00,103210.34,18.02,71.01,-1956337.00,4.11
7:47,103159.56,32.39,17.06,103209.91,18.06,70.04,-1956659.00,5.19
7:48,103153.83,32.44,16.88,103210.60,18.36,69.33,-1958052.00,5.14
7:49,103151.78,32.43,16.90,103211.83,18.28,69.21,-1958101.62,4.96
7:50,103151.57,32.41,17.05,103217.27,18.15,70.59,-1958609.62,5.34
7:51,103157.32,32.49,17.03,103212.06,18.30,69.85,-1959298.37,5.70
7:52,103157.03,32.57,16.97,103216.06,18.41,69.66,-1959819.37,5.92
7:53,103156.33,32.63,16.80,103215.83,18.63,67.20,-1960481.62,5.30
7:54,103162.10,32.64,16.87,103215.71,18.46,69.46,-1961312.00,5.05
7:55,103155.14,32.70,16.85,103216.27,18.51,69.20,-1962220.75,5.36
7:56,103159.13,32.75,16.75,103217.02,18.66,69.06,-1962267.37,4.81
7:57,103164.90,32.71,16.94,103214.87,18.36,69.91,-1962994.00,3.81
7:58,103157.61,32.68,16.85,103216.38,18.40,69.72,-1963297.62,4.91
7:59,103161.18,32.75,16.72,103220.74,18.59,68.96,-1964343.62,4.07
8:0,103172.71,32.78,16.75,103215.82,18.81,68.12,-1965179.62,5.01
8:1,103188.32,32.75,16.95,103224.42,18.66,68.29,-1965559.62,4.73
8:2,103170.86,32.81,16.73,103227.63,18.57,69.24,-1966697.62,4.04
8:3,103170.47,32.77,16.77,103220.77,18.84,66.57,-1967206.37,4.09
8:4,103163.54,32.77,16.78,103228.64,18.81,67.20,-1968134.37,5.27
8:5,103168.46,32.73,16.73,103222.80,19.01,66.74,-1968920.37,4.14
8:6,103173.00,32.79,16.82,103224.11,19.03,66.63,-1970468.37,5.12
8:7,103176.50,32.93,16.63,103222.19,18.86,68.18,-1970615.37,4.13
8:8,103173.07,32.92,16.76,103225.22,18.87,68.13,-1970708.00,5.21
8:9,103175.97,32.96,16.83,103229.71,18.88,68.17,-1971419.62,4.58
8:10,103178.33,33.05,16.67,103232.55,18.85,68.22,-1972228.37,4.56
8:11,103193.92,33.06,16.75,103231.81,18.83,69.52,-1973201.62,4.10
8:12,103186.04,33.14,16.85,103240.03,18.67,70.43,-1973398.75,5.28
8:13,103178.03,33.24,16.53,103232.59,18.93,68.61,-1973924.00,4.75
8:14,103174.52,33.18,16.62,103231.46,19.02,67.56,-1974441.25,4.63
8:15,103175.89,33.19,16.72,103234.94,19.24,67.83,-1975332.75,3.98
8:16,103180.35,33.26,16.74,103233.37,19.11,67.49,-1976248.75,5.05
8:17,103176.83,33.33,16.58,103230.06,19.29,66.77,-1976696.00,5.43
8:18,103181.50,33.37,16.58,103229.82,19.50,65.70,-1976207.62,5.41
8:19,103185.49,33.40,16.58,103232.67,19.38,67.03,-1977232.75,5.41
8:20,103177.80,33.49,16.73,103232.60,19.13,69.54,-1977545.37,4.47
8:21,103185.17,33.49,16.46,103232.88,19.32,66.49,-1978786.37,4.09
8:22,103184.17,33.53,16.50,103234.17,19.55,66.63,-1979344.00,5.32
8:23,103190.99,33.56,16.64,103234.13,19.31,67.58,-1979995.25,4.56
8:24,103175.11,33.61,16.43,103233.72,19.54,65.29,-1981072.25,5.30
8:25,103183.78,33.63,16.55,103235.97,19.45,67.12,-1981706.75,5.75
8:26,103184.62,33.72,16.53,103238.21,19.44,67.31,-1981457.75,4.20
8:27,103181.22,33.76,16.36,103237.49,19.43,67.58,-1982514.75,4.73
8:28,103179.47,33.71,16.49,103234.74,19.40,67.41,-1982915.62,5.13
8:29,103174.47,33.67,16.46,103240.25,19.41,66.15,-1984297.25,3.92
8:30,103191.05,33.69,16.44,103239.80,19.40,66.41,-1984348.62,3.96
8:31,103182.57,33.70,16.37,103239.06,19.36,67.35,-1985099.37,5.10
8:32,103180.95,33.81,16.54,103244.42,19.48,68.08,-1986107.37,4.91
8:33,103178.30,33.93,16.37,103242.05,19.36,67.77,-1986586.00,4.25
8:34,103182.18,33.86,16.43,103244.19,19.35,67.32,-1986857.00,4.39
8:35,103188.25,33.75,16.41,103245.19,19.21,67.67,-1987818.37,4.90
8:36,103184.69,33.77,16.34,103245.61,19.38,66.96,-1988995.75,4.32
8:37,103191.01,33.85,16.57,103244.38,19.42,67.76,-1989087.00,4.01
8:38,103194.57,33.89,16.40,103246.64,19.28,67.39,-1989777.75,5.25
8:39,103191.96,33.86,16.50,103244.85,19.06,68.48,-1990433.62,4.87
8:40,103192.99,33.85,16.23,103247.34,19.37,66.68,-1991411.75,5.07
8:41,103188.08,33.94,16.37,103250.44,19.97,63.93,-1992083.75,4.34
8:42,103197.20,33.96,16.36,103247.96,19.86,65.72,-1992705.25,5.52
8:43,103202.42,33.95,16.34,103252.65,19.91,66.07,-1992967.75,5.38
8:44,103201.61,34.07,16.26,103254.94,20.03,64.75,-1994181.25,5.90
8:45,103209.74,34.14,16.20,103256.53,20.10,63.94,-1994966.62,4.83
8:46,103197.96,34.22,16.34,103256.61,19.71,66.46,-1994943.00,5.07
8:47,103207.10,34.18,16.20,103258.46,19.62,65.98,-1995848.75,5.02
8:48,103200.82,34.15,16.19,103257.86,19.56,66.74,-1997220.37,5.40
8:49,103204.44,34.20,16.18,103258.10,20.02,64.67,-1997540.37,4.46
8:50,103207.64,34.24,16.29,103258.55,19.98,66.44,-1997799.62,5.40
8:51,103205.64,34.41,16.25,103259.16,19.97,65.74,-1999024.62,5.78
8:52,103213.61,34.43,16.13,103258.82,20.10,65.37,-1999326.37,4.88
8:53,103200.66,34.43,15.99,103258.19,20.53,60.76,-1999834.00,5.11
8:54,103206.81,34.39,15.94,103262.91,20.60,62.19,-2000534.00,4.58
8:55,103204.25,34.49,16.05,103257.47,20.62,61.63,-2001196.25,4.03
8:56,103208.49,34.53,15.99,103260.62,20.56,62.78,-2001185.37,4.21
8:57,103204.83,34.49,15.94,103266.71,20.51,63.12,-2002652.37,5.81
8:58,103214.72,34.50,15.93,103264.42,20.54,61.79,-2003556.00,5.23
8:59,103210.35,34.50,16.02,103266.66,20.30,62.94,-2004176.37,4.77
9:0,103205.44,34.61,16.05,103262.24,20.51,62.95,-2004690.00,3.95
9:1,103208.92,34.66,15.92,103261.85,20.68,62.65,-2005563.62,5.64
9:2,103210.07,34.70,15.88,103262.38,20.76,62.15,-2006097.62,5.17
9:3,103208.91,34.83,15.93,103262.74,20.67,62.13,-2003763.00,4.20
9:4,103202.46,34.78,15.57,103263.22,20.72,61.45,-2004356.75,3.98
9:5,103205.24,34.66,15.94,103260.76,20.69,62.54,-2005291.62,5.40
9:6,103205.16,34.73,15.82,103260.39,20.59,61.05,-2006512.75,4.20
9:7,103211.79,34.76,15.73,103260.88,21.11,59.19,-2007637.25,3.97
9:8,103214.11,34.74,15.88,103264.05,20.77,61.88,-2007686.37,5.42
9:9,103208.74,34.84,15.67,103262.09,20.99,59.54,-2007357.25,5.34
9:10,103209.22,34.75,15.85,103266.55,20.97,61.34,-2005648.75,3.98
9:11,103207.25,34.74,15.93,103262.66,20.94,61.67,-2005586.62,5.41
9:12,103210.00,34.80,15.68,103265.07,21.08,58.98,-2007152.37,5.41
9:13,103209.43,34.82,15.77,103263.81,21.12,59.94,-2007555.62,3.98
9:14,103218.80,34.86,15.67,103265.35,21.17,59.75,-2008416.75,5.63
9:15,103213.22,34.87,15.71,103263.82,20.94,60.88,-2009875.37,4.43
9:16,103218.14,34.89,15.79,103264.08,20.89,61.01,-2010480.25,3.95
9:17,103218.55,34.87,15.69,103263.36,20.86,60.18,-2011343.37,4.40
9:18,103213.94,35.04,15.78,103261.46,21.25,60.39,-2012128.25,4.93
9:19,103210.66,35.25,15.74,103265.77,21.42,60.40,-2012358.62,4.70
9:20,103217.42,35.42,15.61,103271.12,21.51,59.29,-2009015.25,4.46
9:21,103214.05,35.40,15.51,103267.33,21.49,59.32,-2011112.00,4.46
9:22,103214.96,35.23,15.66,103271.41,21.07,61.71,-2012472.00,5.30
9:23,103220.23,35.36,15.48,103271.88,21.42,58.77,-2013846.75,4.99
9:24,103218.14,35.24,15.42,103269.07,21.33,59.40,-2014664.75,4.31
9:25,103222.14,35.12,15.51,103269.08,21.26,59.08,-2015450.00,5.48
9:26,103209.35,35.20,15.67,103276.42,21.02,61.31,-2016011.25,3.92
9:27,103222.10,35.22,15.78,103276.97,20.86,61.56,-2016532.37,5.23
9:28,103217.55,35.26,15.58,103278.10,21.11,60.15,-2017417.25,5.25
9:29,103221.49,35.24,15.42,103275.49,20.97,60.83,-2018097.75,4.98
9:30,103217.97,35.23,15.45,103275.77,21.35,58.67,-2018733.37,4.87
9:31,103223.92,35.14,15.35,103280.21,21.42,58.12,-2019305.25,4.58
9:32,103226.29,35.18,15.62,103278.66,21.55,57.45,-2019975.62,5.09
9:33,103236.10,35.23,15.53,103280.10,21.47,59.15,-2020324.00,4.05
9:34,103229.80,35.41,15.56,103284.07,21.47,59.81,-2020892.37,4.81
9:35,103228.38,35.32,15.34,103282.63,21.45,58.58,-2021710.00,5.77
9:36,103228.32,35.38,15.72,103284.03,21.55,59.89,-2022844.75,5.33
9:37,103238.16,35.48,15.62,103283.99,21.61,59.23,-2022866.75,4.16
9:38,103231.05,35.54,15.33,103283.78,21.84,56.01,-2022969.62,4.43
9:39,103230.46,35.54,15.46,103282.57,21.96,57.29,-2023565.25,4.46
9:40,103226.10,35.67,15.29,103284.37,22.22,54.63,-2024816.00,3.89
9:41,103243.76,35.51,15.17,103276.28,21.94,56.20,-2025960.75,4.12
9:42,103228.22,35.53,15.31,103287.89,22.20,54.56,-2026614.00,4.01
9:43,103233.30,35.62,15.28,103285.27,21.92,56.74,-2025300.37,4.07
9:44,103232.09,35.58,15.45,103285.92,21.67,59.06,-2026337.62,4.52
9:45,103237.18,35.70,15.48,103286.45,21.54,60.07,-2027193.62,5.61
9:46,103235.66,35.78,15.54,103284.71,21.61,60.76,-2028336.75,4.52
9:47,103233.35,35.90,15.31,103286.89,21.89,57.52,-2027533.62,4.40
9:48,103226.75,35.99,15.38,103289.61,22.19,58.40,-2003139.62,4.94
9:49,103229.67,36.03,15.18,103286.39,21.78,57.79,-2009602.37,5.12
9:50,103235.93,35.94,15.17,103283.75,21.40,59.86,-2011390.00,4.06
9:51,103227.33,35.94,15.13,103286.63,21.84,58.04,-2012460.75,4.41
9:52,103230.60,35.95,15.09,103288.89,22.21,55.26,-2012675.62,5.28
9:53,103226.97,35.76,14.90,103290.22,22.10,54.92,-2012994.37,4.99
9:54,103248.43,35.62,15.14,103282.56,22.11,55.86,-2014343.62,3.93
9:55,103237.22,35.81,15.22,103289.25,22.42,55.31,-2014573.25,5.00
9:56,103235.44,36.00,15.09,103290.27,22.53,55.01,-2014566.75,4.90
9:57,103231.53,35.89,15.19,103286.39,21.74,56.57,-2014436.25,4.71
9:58,103242.02,35.67,15.19,103292.74,21.55,57.77,-2015536.00,5.27
9:59,103243.44,35.66,15.37,103290.72,21.50,59.24,-2016379.25,5.29
10:0,103236.27,35.79,15.27,103290.17,21.63,57.13,-2018206.00,5.14
10:1,103239.60,35.73,15.42,103292.57,21.41,60.29,-2020838.75,5.41
10:2,103232.21,35.89,15.38,103290.03,21.67,58.93,-2022112.00,5.34
10:3,103229.51,36.02,15.28,103288.96,21.75,59.36,-2021820.37,4.16
10:4,103234.58,36.03,15.53,103286.21,21.66,59.63,-2022787.37,4.96
10:5,103227.76,35.98,15.24,103292.35,21.58,59.16,-2024205.25,5.45
10:6,103233.85,35.88,15.20,103293.88,21.76,58.77,-2027719.37,4.86
10:7,103228.60,35.79,15.09,103288.36,21.43,58.22,-2029365.75,4.04
10:8,103242.61,35.63,15.42,103291.10,21.44,60.30,-2032665.00,5.61
10:9,103242.76,36.02,15.32,103294.09,22.07,58.62,-2032805.75,4.25
10:10,103238.88,36.25,15.10,103294.14,22.32,56.76,-2033599.75,5.39
10:11,103226.83,36.14,15.02,103292.72,22.47,54.34,-2034401.62,5.39
10:12,103237.60,35.99,14.98,103296.29,22.33,55.59,-2034549.25,5.37
10:13,103239.85,36.04,14.98,103300.31,22.39,55.17,-2035417.37,5.41
10:14,103236.21,36.00,14.97,103297.47,22.48,54.58,-2036539.62,3.97
10:15,103235.57,35.88,15.07,103295.72,21.97,57.22,-2037024.37,5.10
10:16,103253.70,36.04,15.36,103296.46,22.05,58.36,-2038029.25,4.89
10:17,103239.23,36.10,15.06,103296.67,21.79,57.17,-2037899.25,5.32
10:18,103236.62,35.86,15.18,103296.16,21.75,57.44,-2038918.75,5.32
10:19,103245.38,35.96,15.13,103295.55,21.94,57.62,-2039897.62,4.78
10:20,103255.00,35.89,14.96,103296.55,22.19,55.44,-2040487.62,4.14
10:21,103237.77,36.09,15.17,103300.99,22.71,55.58,-2040819.37,4.78
10:22,103234.85,36.50,15.15,103294.80,22.92,55.75,-2040326.75,4.24
10:23,103235.33,36.68,14.96,103294.99,22.96,56.08,-2040355.75,4.93
10:24,103231.46,36.64,15.03,103296.53,22.24,58.89,-2041398.75,5.32
10:25,103235.21,36.76,15.00,103295.42,22.62,57.79,-2042752.75,4.03
10:26,103237.67,36.84,14.65,103295.30,22.59,55.54,-2042990.00,4.07
10:27,103229.03,36.45,14.52,103293.90,22.32,54.67,-2044304.75,5.88
10:28,103239.39,36.26,14.93,103287.83,22.17,56.39,-2043950.75,4.00
10:29,103233.02,36.26,15.03,103294.74,22.31,56.53,-2044946.25,5.50
10:30,103230.17,36.40,14.82,103294.11,22.57,54.61,-2045934.00,4.83
10:31,103231.04,36.29,14.87,103295.20,22.25,55.48,-2046322.00,5.28
10:32,103228.53,36.43,14.82,103293.22,22.62,55.01,-2047367.62,5.16
10:33,103228.00,36.44,14.65,103294.78,22.95,52.72,-2047900.37,5.30
10:34,103237.41,36.29,14.47,103296.80,22.85,51.75,-2048230.00,4.90
10:35,103243.11,36.16,14.57,103297.07,22.92,51.06,-2048931.25,5.32
10:36,103230.35,36.15,14.72,103295.11,22.80,53.08,-2049387.75,4.25
10:37,103236.39,36.28,14.71,103290.58,23.09,51.57,-2048820.25,4.78
10:38,103234.22,36.55,14.90,103291.53,23.16,53.40,-2023807.37,5.45
10:39,103229.57,36.55,14.59,103291.88,23.33,50.91,-2030317.75,4.81
10:40,103233.97,36.53,14.60,103291.07,23.43,51.14,-2030198.75,3.89
10:41,103231.38,36.58,14.68,103290.32,23.44,50.62,-2037316.25,5.05
10:42,103236.27,36.71,14.70,103291.35,23.51,51.04,-2040159.37,4.43
10:43,103233.39,36.74,14.56,103287.75,23.70,51.25,-2036573.25,5.12
10:44,103236.35,36.68,14.75,103292.33,23.23,52.44,-2048146.75,5.06
10:45,103237.22,36.65,14.61,103289.71,23.30,50.96,-2052544.00,4.59
10:46,103226.11,36.59,14.54,103289.93,23.28,51.26,-2053384.75,4.16
10:47,103229.80,36.72,14.82,103283.10,23.61,51.70,-2054501.25,5.55
10:48,103235.16,36.96,14.68,103285.03,24.00,49.55,-2063892.75,5.26
10:49,103234.13,36.85,14.44,103283.49,23.91,48.45,-2064761.75,4.67
10:50,103231.00,36.72,14.63,103284.65,24.30,46.59,-2065573.62,4.51
10:51,103241.78,36.62,14.38,103287.14,23.93,47.40,-2065860.75,5.57
10:52,103233.87,36.46,14.63,103286.44,23.80,48.91,-2066553.25,4.38
10:53,103232.87,36.49,14.65,103285.85,23.78,49.88,-2067610.75,4.39
10:54,103237.41,36.57,14.73,103295.14,23.28,51.15,-2065101.62,4.07
10:55,103235.99,36.73,14.64,103287.64,23.56,50.20,-2068292.62,5.50
10:56,103235.21,36.73,14.55,103292.08,23.92,49.16,-2069564.37,4.54
10:57,103232.24,36.58,14.54,103287.22,23.91,48.28,-2064320.62,4.46
10:58,103230.16,36.65,14.70,103289.25,23.71,50.05,-2065065.62,5.30
10:59,103234.55,36.97,14.94,103287.71,23.67,52.91,-2065604.00,4.05
11:0,103232.53,37.07,14.52,103296.93,23.26,51.33,-2065490.00,5.41
11:1,103237.85,36.84,14.64,103295.60,23.30,51.46,-2066198.00,4.30
11:2,103246.78,36.97,14.58,103290.09,23.92,49.29,-2066803.25,4.18
11:3,103240.75,36.99,14.41,103288.06,23.76,48.64,-2067451.62,4.87
11:4,103230.69,36.82,14.38,103290.17,23.80,48.73,-2068028.75,5.05
11:5,103236.96,36.92,14.69,103289.12,24.14,48.35,-2068682.62,4.64
11:6,103233.69,36.91,14.46,103287.03,23.65,49.40,-2063789.75,5.16
11:7,103236.92,36.77,14.48,103287.28,23.64,49.41,-2065872.37,4.18
11:8,103240.61,36.83,14.50,103290.85,23.89,48.88,-2066022.37,5.25
11:9,103237.77,36.86,14.50,103291.06,24.10,49.03,-2065854.37,4.14
11:10,103243.50,37.06,14.70,103293.64,24.29,49.64,-1536823.37,4.94
11:11,103250.30,37.22,14.58,103292.19,24.22,49.49,-2046098.00,5.39
11:12,103234.41,36.81,14.35,103297.69,23.26,50.18,-2045606.00,5.34
11:13,103241.21,36.10,14.53,103299.21,22.82,49.76,-2046804.37,4.42
11:14,103235.71,36.19,14.63,103295.21,23.32,48.78,-2047747.25,4.69
11:15,103241.64,36.30,14.88,103295.70,23.51,50.29,-2049563.00,5.10
11:16,103234.21,36.44,14.58,103297.62,23.21,50.82,-2050996.62,5.97
11:17,103241.11,36.42,14.56,103296.13,23.27,48.66,-2054984.75,4.47
11:18,103231.82,36.54,14.58,103294.83,23.77,47.71,-2056306.00,5.31
11:19,103247.34,36.80,14.37,103292.11,24.42,44.98,-2056381.00,3.99
11:20,103245.64,36.66,14.16,103290.66,24.67,42.99,-2056731.00,4.52
11:21,103244.82,36.31,14.00,103290.19,24.60,41.83,-2057387.62,5.50
11:22,103240.79,36.12,14.44,103289.77,24.57,43.40,-2057521.62,6.03
11:23,103229.16,36.32,14.47,103291.69,24.43,44.52,-2058798.75,5.46
11:24,103238.96,36.46,14.31,103293.56,24.39,44.57,-2059502.75,3.91
11:25,103241.03,36.24,14.10,103292.42,24.14,43.67,-2060740.25,4.98
11:26,103236.80,36.33,14.71,103293.00,23.98,48.32,-2061223.75,5.98
11:27,103242.92,36.36,14.22,103291.16,24.14,44.61,-2061300.75,5.25
11:28,103238.69,36.37,14.44,103293.39,24.44,44.49,-2060897.62,4.82
11:29,103230.96,36.54,14.22,103291.53,24.67,43.19,-2059840.00,4.94
11:30,103241.02,36.58,14.15,103292.47,24.93,41.96,-2069722.62,4.54
11:31,103237.05,36.56,13.95,103292.52,25.21,40.51,-2071218.75,4.20
11:32,103243.02,36.50,14.41,103294.57,24.64,44.60,-2071654.00,5.26
11:33,103242.72,36.69,14.16,103296.44,24.52,42.99,-2073267.62,3.91
11:34,103246.71,36.39,13.78,103295.00,24.14,40.53,-2073421.62,4.40
11:35,103242.38,35.91,13.86,103294.66,24.22,41.23,-2074316.75,3.94
11:36,103233.85,35.88,14.52,103295.83,24.15,43.96,-2074525.62,5.12
11:37,103244.58,36.12,14.34,103290.85,24.28,43.06,-2074659.25,4.36
11:38,103245.66,36.41,14.18,103295.78,24.90,41.01,-2074324.37,5.23
11:39,103234.08,36.20,14.21,103292.78,24.52,42.70,-2074919.62,4.60
11:40,103231.47,36.07,14.07,103293.30,24.29,40.70,-2076140.37,4.83
11:41,103242.42,35.60,13.97,103288.80,24.38,39.69,-2076280.37,4.96
11:42,103249.25,35.79,14.58,103299.64,24.84,42.00,-2076535.25,5.51
11:43,103238.55,36.15,13.99,103295.97,25.20,38.14,-2076825.25,5.25
11:44,103243.48,35.84,13.54,103296.49,25.03,35.92,-2077244.00,5.06
11:45,103245.59,35.57,14.09,103295.52,25.18,38.15,-2076689.00,4.67
11:46,103253.20,35.85,14.24,103295.55,25.16,39.12,-2073874.75,4.43
11:47,103241.83,36.11,14.07,103293.33,25.48,37.82,-2072919.25,5.76
11:48,103237.52,36.19,13.94,103294.21,25.39,37.69,-2080407.25,5.90
11:49,103239.41,36.01,13.85,103297.11,25.39,36.76,-2082931.25,4.83
11:50,103250.21,35.91,14.19,103295.71,25.25,39.18,-2083484.37,4.27
11:51,103248.27,36.35,14.35,103293.37,25.38,40.25,-2079044.00,4.61
11:52,103237.06,36.37,13.88,103294.58,25.16,38.09,-2067324.37,4.74
11:53,103254.54,36.35,14.24,103296.89,25.39,39.84,-2068317.75,5.45
11:54,103243.75,36.45,13.96,103298.52,25.43,38.70,-2068044.75,5.21
11:55,103241.28,36.25,13.77,103299.64,25.47,37.43,-2067958.37,4.28
11:56,103242.92,36.10,13.78,103296.77,25.34,36.89,-2067525.25,5.95
11:57,103254.49,35.84,14.01,103297.33,25.33,37.75,-2067964.62,4.20
11:58,103246.13,36.04,14.04,103297.53,25.47,37.32,-2059578.00,5.24
11:59,103242.86,36.00,13.85,103298.70,25.38,37.21,-2055629.37,5.32
12:0,103258.07,36.08,13.95,103298.07,25.70,36.34,-2055743.25,4.43
12:1,103238.19,36.07,14.10,103299.67,25.35,37.17,-2055668.00,4.79
12:2,103239.02,35.96,14.01,103302.08,24.77,38.56,-2056945.75,5.43
12:3,103251.62,36.10,14.18,103301.32,24.60,39.95,-2060245.00,5.88
12:4,103241.99,36.13,14.01,103301.89,24.87,39.06,-2064517.62,4.60
12:5,103239.06,36.10,14.08,103292.00,25.12,39.96,-2065814.37,5.80
12:6,103244.73,36.25,14.32,103294.22,25.43,39.78,-2066328.00,5.31
12:7,103248.08,36.58,14.20,103300.24,25.70,39.38,-2066023.00,4.35
12:8,103249.13,36.95,14.09,103295.28,25.87,39.05,-2066056.00,5.78
12:9,103243.03,36.81,13.72,103294.53,25.88,37.37,-2065819.62,5.26
12:10,103237.24,36.48,13.64,103294.73,25.49,36.74,-2067315.00,4.34
12:11,103236.57,36.31,13.83,103294.91,25.70,36.84,-2067162.75,5.32
12:12,103244.53,36.44,14.19,103292.07,25.58,40.01,-2067656.25,5.08
12:13,103243.21,36.74,14.21,103296.72,25.67,40.25,-2066519.25,4.29
12:14,103238.55,36.83,14.02,103295.14,25.55,39.47,-2067322.75,5.12
12:15,103242.66,37.01,14.15,103296.63,25.55,41.20,-2066160.00,4.07
12:16,103237.32,37.12,13.66,103292.63,25.98,37.68,-2056028.75,5.77
12:17,103237.74,36.94,13.65,103288.74,25.93,37.16,-2052191.37,5.19
12:18,103231.72,36.82,13.73,103290.35,25.88,37.62,-2055048.37,5.60
12:19,103235.28,36.77,13.77,103290.13,25.94,37.27,-2054728.75,5.10
12:20,103254.96,36.92,14.02,103294.58,25.93,38.89,-2053563.62,5.48
12:21,103236.44,37.03,13.94,103291.43,25.45,39.38,-2053106.37,5.25
12:22,103255.82,36.92,13.90,103291.25,25.63,38.49,-2052592.75,3.86
12:23,103236.69,36.93,13.61,103292.02,25.18,38.56,-2052536.62,4.81
12:24,103243.85,36.62,13.89,103291.15,24.97,39.70,-2053619.25,4.70
12:25,103241.86,36.63,13.73,103292.00,25.48,38.24,-2053371.62,6.02
12:26,103235.99,36.70,13.82,103286.33,25.73,38.14,-2053804.75,4.85
12:27,103241.30,36.86,14.03,103294.89,25.71,40.40,-2054042.00,5.27
12:28,103238.57,37.09,13.82,103291.06,25.49,39.02,-2054245.62,4.77
12:29,103242.98,37.03,13.60,103294.10,25.69,37.93,-2054403.37,5.59
12:30,103233.89,37.08,13.90,103287.08,25.58,39.83,-2054441.25,4.45
12:31,103240.17,37.35,14.08,103288.67,25.65,41.95,-2053959.75,4.88
12:32,103233.13,37.71,13.75,103289.48,26.09,38.30,-2043546.37,6.03
12:33,103227.93,37.14,13.42,103289.94,26.29,37.17,-2041611.37,5.29
12:34,103235.40,37.05,13.61,103288.94,26.35,36.34,-2040080.75,5.51
12:35,103231.80,37.02,13.57,103292.32,26.22,36.36,-2035916.00,4.44
12:36,103240.88,37.27,13.95,103288.77,26.23,38.60,-2031054.37,5.12
12:37,103236.44,37.55,13.65,103294.03,26.50,37.93,-1994531.75,4.47
12:38,103246.17,37.34,13.30,103289.27,25.91,36.96,-2030936.75,5.07
12:39,103234.85,37.41,14.01,103290.75,26.10,40.19,-2038678.25,4.28
12:40,103233.02,37.51,13.59,103287.57,25.75,39.32,-2041954.00,4.47
12:41,103238.10,37.20,13.72,103290.47,25.49,40.35,-2043547.62,4.31
12:42,103237.39,37.43,13.80,103291.57,25.99,39.79,-2058909.00,3.96
12:43,103236.59,37.23,13.67,103294.10,25.42,40.29,-2004411.25,4.79
12:44,103236.61,37.18,14.02,103294.91,25.35,41.24,-2003904.25,5.32
12:45,103242.18,37.45,13.88,103291.16,25.51,41.48,-2000741.25,4.23
12:46,103243.75,37.73,13.84,103290.96,25.90,40.86,-1989029.25,5.58
12:47,103236.02,37.93,13.89,103292.02,26.33,40.78,-1935113.62,4.90
12:48,103239.93,37.85,13.65,103291.80,25.94,40.98,-2029625.00,5.37
12:49,103242.38,37.84,14.09,103289.98,25.98,42.37,-2047992.75,4.64
12:50,103233.98,38.09,13.76,103291.57,26.08,40.71,-2050001.62,4.67
12:51,103235.67,38.04,13.82,103296.94,26.65,40.72,-2050338.37,5.23
12:52,103243.07,37.97,13.51,103294.16,26.23,40.66,-2048197.25,3.98
12:53,103238.75,37.99,13.68,103293.61,26.13,40.46,-2049073.37,5.56
12:54,103238.93,37.94,13.89,103298.11,26.06,41.28,-2049607.00,5.11
12:55,103237.26,38.00,13.48,103292.66,25.80,40.65,-2048288.75,6.03
12:56,103241.00,37.56,13.56,103295.55,25.73,39.94,-2047674.75,4.43
12:57,103247.86,37.26,14.04,103296.06,25.58,42.51,-2047744.37,5.06
12:58,103242.06,37.42,13.98,103292.25,25.80,41.54,-2048553.62,5.60
12:59,103240.99,37.57,13.92,103289.57,26.08,40.71,-2049636.25,4.96
13:0,103236.81,37.66,13.78,103289.79,26.25,38.87,-2049165.62,5.81
13:1,103233.38,37.74,14.06,103293.97,26.19,41.92,-2049007.62,4.92
13:2,103233.60,38.35,13.90,103292.71,26.19,43.01,-1993166.37,5.59
13:3,103240.25,38.67,13.52,103287.66,26.33,40.15,-2032851.62,4.56
13:4,103232.87,38.48,13.36,103291.42,26.00,39.39,-2038188.75,4.41
13:5,103234.49,37.77,13.33,103288.92,25.67,39.74,-2041869.62,5.96
13:6,103235.82,37.40,13.38,103289.80,25.56,39.17,-2043617.75,4.38
13:7,103237.16,36.78,13.51,103287.82,25.23,39.33,-2042735.00,4.64
13:8,103223.88,36.88,13.77,103284.35,25.39,39.48,-2044711.75,5.97
13:9,103234.44,37.40,13.94,103286.11,25.86,41.70,-2043940.25,5.85
13:10,103237.70,37.60,13.13,103283.67,25.81,37.82,-2041812.37,4.32
13:11,103238.67,36.94,13.34,103285.76,26.10,35.93,-2041664.25,5.85
13:12,103231.10,36.92,13.56,103288.27,26.43,36.92,-2043158.75,5.72
13:13,103234.74,37.17,13.51,103286.71,26.65,35.50,-2043778.37,4.37
13:14,103227.24,37.17,13.71,103293.23,27.06,35.34,-2043565.62,5.43
13:15,103232.71,37.25,13.39,103291.74,26.59,35.64,-2014797.62,4.49
13:16,103236.10,37.36,13.90,103288.77,26.73,37.63,-2003686.37,5.36
13:17,103240.04,37.72,13.50,103281.78,26.38,37.00,-2020438.37,5.28
13:18,103231.99,37.49,13.25,103282.89,26.19,36.24,-2026116.00,5.27
13:19,103232.13,37.37,13.65,103287.50,26.44,37.21,-2024852.00,5.25
13:20,103231.11,37.54,13.57,103287.98,26.12,38.45,-2027950.00,5.47
13:21,103231.69,37.56,13.51,103288.24,26.05,37.26,-2030564.37,4.90
13:22,103233.49,37.23,13.34,103286.26,26.12,37.15,-2032506.00,4.33
13:23,103233.36,37.30,13.65,103288.63,25.91,37.85,-2032315.37,5.12
13:24,103225.38,37.23,13.45,103282.64,25.70,38.58,-2029067.00,5.73
13:25,103229.08,37.28,13.85,103283.63,26.20,39.26,-2029874.00,4.25
13:26,103235.46,37.62,13.98,103286.81,26.19,41.13,-2028884.75,5.14
13:27,103229.98,38.23,13.76,103288.75,26.60,40.24,-2030056.00,4.98
13:28,103223.64,38.38,13.47,103287.35,27.01,38.20,-1969872.75,5.62
13:29,103228.35,38.42,13.36,103289.84,27.14,37.82,-1998522.25,4.75
13:30,103233.47,38.40,13.48,103286.27,26.71,39.27,-2079489.75,5.26
13:31,103225.19,38.71,13.64,103290.19,26.96,40.91,-2082466.75,6.30
13:32,103225.40,39.11,13.52,103285.08,27.31,39.26,-2083166.00,5.73
13:33,103229.61,39.06,13.19,103286.20,26.71,39.57,-2085021.25,6.12
13:34,103226.04,38.87,13.00,103284.53,27.09,36.96,-2084339.62,3.92
13:35,103221.05,38.46,13.08,103280.21,26.76,37.20,-2084353.25,5.77
13:36,103219.35,38.37,13.12,103286.60,27.09,36.59,-2084873.25,5.55
13:37,103225.38,38.39,13.16,103283.42,26.93,37.14,-2083749.37,5.48
13:38,103222.55,37.81,13.34,103286.14,26.68,37.91,-2071170.00,4.70
13:39,103224.20,38.24,13.43,103285.08,26.93,37.53,-2073759.25,5.48
13:40,103227.64,38.52,13.79,103285.63,27.21,40.29,-2087351.62,5.47
13:41,103232.14,38.74,13.16,103287.31,27.37,36.60,-2088550.00,4.54
13:42,103229.99,38.30,13.18,103285.71,26.92,37.02,-2088374.37,3.91
13:43,103227.27,37.99,13.53,103293.47,26.99,37.56,-2089702.62,5.18
13:44,103240.67,38.44,13.58,103293.49,26.78,39.57,-2089307.75,5.32
13:45,103233.57,38.55,13.44,103292.67,26.77,38.78,-2090521.00,5.98
13:46,103235.07,38.67,13.32,103291.99,26.70,38.62,-2091066.75,4.90
13:47,103233.84,38.63,13.54,103295.46,26.92,39.06,-2091149.25,4.85
13:48,103234.67,38.73,13.53,103293.36,27.12,40.56,-2092316.25,5.40
13:49,103235.34,39.10,13.50,103291.00,27.00,39.45,-2091366.75,4.79
13:50,103226.55,38.58,13.17,103285.21,26.30,39.10,-2089237.62,5.50
13:51,103229.78,38.05,13.50,103288.60,26.52,39.07,-2095435.62,4.15
13:52,103233.21,38.29,13.67,103288.15,26.58,39.73,-2094304.00,5.55
13:53,103232.32,38.65,13.47,103287.49,27.11,37.83,-2096024.00,6.05
13:54,103226.05,38.48,13.22,103288.61,27.13,37.11,-2096494.75,4.98
13:55,103234.28,38.25,13.40,103289.41,27.05,37.04,-2096681.25,4.02
13:56,103232.75,38.34,13.62,103291.11,26.90,38.68,-2096541.00,6.13
13:57,103231.80,38.50,13.44,103286.58,27.12,37.97,-2097541.00,5.19
13:58,103231.78,38.75,13.52,103287.78,27.00,38.48,-2098008.00,5.26
13:59,103234.24,38.95,13.38,103284.74,27.33,38.55,-2096718.75,5.97
14:0,103232.45,39.28,13.48,103283.74,27.60,38.79,-2097189.50,4.05
14:1,103223.64,39.57,13.16,103277.60,27.99,38.00,-2086679.00,5.55
14:2,103230.40,39.34,12.80,103281.91,27.25,37.21,-2084926.75,4.59
14:3,103228.22,38.94,13.55,103287.12,27.32,40.13,-2085838.37,5.43
14:4,103233.14,39.35,13.21,103286.17,27.30,37.51,-2085525.25,5.56
14:5,103234.58,39.02,12.87,103285.21,26.93,37.43,-2085756.00,5.74
14:6,103226.24,38.53,13.05,103287.08,26.75,37.84,-2087098.00,5.77
14:7,103232.10,38.78,13.62,103286.96,26.94,41.06,-2086214.37,4.54
14:8,103230.45,39.21,13.15,103286.12,27.26,38.45,-2086371.25,3.96
14:9,103235.32,39.34,13.26,103284.27,27.57,38.49,-2075657.62,4.94
14:10,103233.36,39.31,12.99,103288.03,27.13,37.62,-2073700.00,4.81
14:11,103230.16,39.11,13.02,103285.57,27.01,37.90,-2074573.62,4.67
14:12,103234.32,39.10,13.37,103290.35,27.06,39.01,-2074510.75,5.56
14:13,103228.27,39.24,12.99,103286.89,27.05,37.70,-2075243.62,5.77
14:14,103232.52,39.21,13.28,103284.60,27.24,39.61,-2076094.37,5.90
14:15,103233.89,39.31,13.04,103285.77,27.46,37.75,-2074529.25,4.54
14:16,103235.72,39.37,13.36,103289.46,27.64,37.70,-2050155.00,4.46
14:17,103234.75,39.54,13.07,103288.10,27.84,37.11,-2064150.00,5.27
14:18,103236.25,39.52,12.87,103286.61,28.18,35.90,-2045503.62,5.16
14:19,103236.99,39.67,13.12,103282.92,28.11,37.40,-2035574.25,5.79
14:20,103226.78,39.61,12.82,103283.52,27.85,36.64,-2020463.25,3.98
14:21,103235.42,39.45,12.98,103284.85,27.85,37.21,-2033899.62,5.07
14:22,103229.04,39.73,13.04,103275.75,28.46,36.46,-2029138.00,5.10
14:23,103231.08,39.80,12.86,103282.42,27.80,36.60,-2018422.00,5.39
14:24,103231.07,39.06,12.89,103286.60,27.29,37.38,-2026458.00,5.92
14:25,103231.02,38.90,12.80,103280.29,27.25,36.30,-2025510.62,4.92
14:26,103230.45,39.03,13.07,103281.25,27.51,37.70,-2020179.62,5.08
14:27,103222.64,39.11,13.12,103279.30,27.32,38.55,-2010328.37,5.22
14:28,103233.49,39.30,12.89,103278.96,27.62,36.09,-2017843.25,4.00
14:29,103216.64,39.14,12.77,103269.87,28.06,34.15,-2017309.75,4.39
14:30,103210.92,39.08,12.93,103275.62,27.74,36.23,-2016263.62,4.54
14:31,103216.62,38.80,12.91,103277.58,27.21,36.05,-2010822.62,3.97
14:32,103218.32,38.60,12.98,103277.97,27.12,36.48,-1972940.37,4.01
14:33,103215.77,38.80,13.06,103266.50,27.85,35.10,-2039446.62,6.01
14:34,103219.03,39.03,12.89,103266.90,28.47,33.51,-2034278.75,5.11
14:35,103215.96,39.13,12.93,103269.03,28.74,33.69,-2022979.62,5.36
14:36,103218.41,39.31,12.96,103267.00,28.53,34.49,-2029586.62,5.32
14:37,103223.36,39.47,12.83,103268.08,28.63,34.34,-2138878.75,5.62
14:38,103222.99,39.43,12.75,103270.07,28.60,33.91,-2137392.50,5.43
14:39,103215.38,39.37,12.94,103271.52,28.68,34.97,-2131869.25,4.13
14:40,103220.19,39.50,12.94,103273.05,27.99,35.46,-2130635.50,4.16
14:41,103226.83,39.46,12.99,103272.30,28.03,36.62,-2131158.50,3.96
14:42,103215.29,39.65,12.74,103263.52,28.68,33.78,-2111416.00,4.20
14:43,103210.94,39.51,12.84,103266.85,28.63,35.25,-2111793.00,5.07
14:44,103218.14,39.73,12.97,103268.86,28.72,35.65,-2111931.00,5.10
14:45,103211.55,39.95,12.78,103269.57,29.00,34.21,-2104780.50,5.10
14:46,103218.05,39.94,12.79,103269.06,28.39,35.16,-2103645.50,4.73
14:47,103216.14,39.25,12.77,103279.85,27.71,36.47,-2103295.25,3.97
14:48,103210.47,39.30,12.89,103264.96,27.86,36.32,-2104945.25,5.63
14:49,103214.72,39.35,12.94,103269.02,27.94,35.69,-2105425.25,4.40
14:50,103224.09,39.56,12.89,103265.13,28.20,35.61,-2105422.50,3.96
14:51,103216.38,39.75,12.96,103266.52,29.05,34.92,-2105439.50,5.51
14:52,103214.25,40.03,12.76,103264.26,29.32,33.72,-2104923.25,5.22
14:53,103205.71,40.08,12.96,103264.49,28.80,37.02,-2101835.25,6.25
14:54,103208.75,40.22,12.90,103265.96,28.78,37.00,-2099087.50,4.69
14:55,103213.52,40.22,12.65,103263.16,28.48,35.89,-2099405.50,4.52
14:56,103208.21,40.23,12.91,103265.91,28.16,37.30,-2099759.25,5.20
14:57,103208.75,40.21,12.74,103263.57,28.13,37.28,-2100421.50,5.65
14:58,103205.88,40.19,12.65,103262.85,28.76,36.08,-2100595.75,4.94
14:59,103205.74,40.05,12.66,103262.25,28.43,36.94,-2100557.75,5.50
15:0,103200.53,39.86,12.72,103264.95,28.14,36.66,-2100667.50,4.74
15:1,103211.22,39.74,12.79,103260.80,27.99,37.14,-2101191.25,5.14
15:2,103202.83,39.93,13.19,103262.57,28.32,38.27,-2100505.25,4.78
15:3,103199.40,40.21,12.91,103262.39,28.40,36.88,-2100888.50,4.07
15:4,103200.75,40.24,12.99,103258.21,28.71,37.20,-2100686.00,4.78
15:5,103196.24,40.47,12.71,103262.16,29.25,34.75,-2033790.75,6.09
15:6,103196.91,40.35,12.68,103258.28,29.33,34.49,-2117979.50,5.03
15:7,103207.89,40.21,12.76,103259.36,28.47,36.28,-2123589.25,5.08
15:8,103198.43,39.97,12.73,103263.21,28.35,35.50,-2125239.25,4.60
15:9,103202.32,37.19,20.05,103258.80,28.66,36.28,-2125452.50,0.76
15:10,103212.36,25.09,57.53,103257.20,28.83,37.07,-2140170.25,0.19
15:11,103215.28,27.16,39.05,103263.18,28.63,36.41,-2138080.75,0.23
15:12,103212.10,30.71,32.85,103262.28,28.11,36.91,-2158221.25,4.18
15:13,103202.32,37.85,15.17,103262.05,28.11,36.75,-2146892.00,5.17
15:14,103210.99,39.16,13.84,103264.46,28.26,37.26,-2143906.00,4.97
15:15,103202.85,39.60,13.23,103259.91,28.70,35.05,-2144202.50,6.03
15:16,103213.52,39.63,13.43,103259.33,28.50,37.18,-2143439.00,5.39
15:17,103198.25,39.98,13.19,103257.80,28.65,37.02,-2143637.50,4.10
15:18,103198.88,40.12,13.00,103258.91,29.05,34.96,-2143919.50,5.59
15:19,103192.32,39.96,12.97,103257.17,29.07,34.71,-2145689.75,5.87
15:20,103192.85,39.85,12.78,103250.21,28.48,35.85,-2153136.75,4.59
15:21,103199.92,39.71,13.16,103250.21,28.74,35.35,-2132296.25,5.54
15:22,103196.06,39.70,13.01,103251.16,28.70,35.92,-2168931.75,5.50
15:23,103194.76,39.84,13.21,103256.44,28.82,36.33,-2169033.50,5.56
15:24,103191.19,39.91,12.95,103255.64,29.02,35.68,-2169998.75,5.32
15:25,103188.17,40.05,12.81,103246.45,29.41,34.41,-2169689.75,6.17
15:26,103193.07,39.49,12.87,103252.98,29.24,34.48,-2166024.25,4.41
15:27,103189.02,39.81,13.00,103253.63,29.48,34.06,-2167432.75,5.54
15:28,103198.42,40.08,13.03,103246.92,30.17,33.66,-2073296.37,4.58
15:29,103198.16,40.32,12.73,103249.97,29.84,33.43,-2151581.00,4.34
15:30,103196.15,40.16,12.72,103250.60,29.83,33.18,-2150879.75,4.03
15:31,103194.24,40.20,12.95,103249.74,30.16,33.60,-1844429.25,5.55
15:32,103190.57,40.49,12.77,103248.64,30.72,32.11,-1792454.00,5.54
15:33,103184.64,40.56,12.69,103251.35,31.20,31.17,-2101931.75,4.27
15:34,103190.68,40.57,12.57,103250.77,31.35,30.07,-2117534.50,4.65
15:35,103190.32,40.66,12.66,103247.28,31.99,29.80,-2108504.75,5.58
15:36,103188.42,40.83,12.67,103250.71,32.02,30.33,-2103047.25,5.41
15:37,103197.47,40.77,12.60,103250.72,31.82,29.88,-2104422.50,4.79
15:38,103191.73,40.89,12.73,103251.68,31.92,30.57,-1520294.25,4.05
15:39,103196.34,40.99,12.87,103253.51,31.75,32.60,-1505806.25,4.42
15:40,103197.75,41.00,12.33,103254.07,31.14,31.03,-1515805.37,5.76
15:41,103184.89,40.57,12.39,103252.44,31.72,29.35,-1457570.75,4.88
15:42,103194.58,40.55,12.67,103255.35,31.66,30.71,-2065626.62,3.90
15:43,103195.78,40.82,12.55,103254.94,31.67,30.53,-1663949.37,5.94
15:44,103191.91,40.37,12.34,103255.44,31.34,30.02,-1528840.37,5.39
15:45,103187.00,40.02,12.70,103253.39,31.94,29.93,-2028143.62,3.89
15:46,103186.87,40.30,12.60,103253.76,33.00,27.77,-1530909.00,4.26
15:47,103188.63,40.46,12.70,103251.22,32.91,29.04,-872770.18,4.07
15:48,103193.38,40.65,12.58,103255.85,33.35,27.84,-2025793.25,5.82
15:49,103193.72,40.65,12.08,103250.88,32.86,27.16,-2022784.62,4.47
15:50,103192.10,40.42,12.83,103256.07,33.28,28.10,-2014468.37,6.04
15:51,103197.58,40.76,12.49,103257.84,33.57,26.84,-2024182.00,4.51
15:52,103195.60,40.63,12.45,103254.64,34.11,26.11,-2021698.00,5.05
15:53,103192.04,40.83,12.61,103251.59,34.18,26.06,-2062814.37,4.76
15:54,103189.23,40.42,12.11,103254.80,33.25,26.17,-2067669.25,4.14
15:55,103191.11,40.05,12.38,103248.89,32.77,27.59,-2061838.00,4.27
15:56,103189.32,40.08,12.80,103257.12,33.36,27.23,-2062461.25,3.94
15:57,103200.07,40.42,12.64,103257.92,34.24,26.54,-2063466.00,5.55
15:58,103196.27,40.18,12.40,103257.25,32.96,26.72,-2071741.25,4.47
15:59,103191.82,40.00,12.52,103251.53,33.91,25.17,-1642020.50,5.39
16:0,103190.03,40.19,12.46,103255.87,34.83,23.66,-2055225.75,5.41
16:1,103191.78,40.31,12.55,103250.58,34.93,24.19,-2052778.00,4.11
16:2,103194.00,40.34,12.49,103251.78,35.12,23.75,-1044850.31,4.78
16:3,103182.08,40.35,12.59,103252.91,35.02,24.88,-2138122.75,5.39
16:4,103194.24,40.65,12.25,103254.01,34.93,23.31,-1943415.62,5.60
16:5,103188.10,40.15,12.70,103257.14,34.30,26.38,-2067730.75,5.27
16:6,103195.39,40.54,12.45,103255.83,35.03,23.92,-2067915.25,5.39
16:7,103201.36,40.33,12.14,103258.28,34.82,22.87,-2175813.25,5.65
16:8,103204.05,40.18,12.31,103255.89,34.36,24.02,-2166706.50,4.74
16:9,103190.89,40.08,12.68,103257.53,34.55,24.75,-2186423.50,5.00
16:10,103194.72,40.35,12.54,103263.67,35.17,23.96,-2180856.50,5.43
16:11,103194.91,40.45,12.63,103263.24,35.46,24.12,-2193966.00,5.35
16:12,103194.22,40.58,12.17,103264.13,35.35,22.90,-2197766.75,5.18
16:13,103195.41,40.45,12.33,103266.17,35.72,22.22,-2190840.50,5.69
16:14,103211.92,40.42,12.62,103266.25,35.79,23.04,-2199285.25,5.72
16:15,103189.55,40.39,12.21,103260.99,35.40,22.70,-2188085.25,5.45
16:16,103199.38,40.46,12.46,103260.50,34.74,23.94,-2182803.25,5.65
16:17,103198.00,40.59,12.24,103259.42,35.40,22.97,-2200544.75,5.25
16:18,103191.10,40.44,12.38,103259.91,35.07,23.72,-2195854.75,5.79
16:19,103200.82,40.62,12.27,103256.99,35.82,22.35,-2181212.00,5.23
16:20,103205.32,40.74,12.49,103261.83,35.22,23.54,-2196237.25,5.25
16:21,103192.14,40.53,11.85,103256.27,34.15,23.28,-2201544.75,4.02
16:22,103185.22,40.10,12.44,103256.46,35.25,22.56,-2202318.50,5.32
16:23,103184.16,40.13,12.34,103259.44,34.88,22.61,-2199837.25,4.38
16:24,103200.42,39.97,12.36,103254.81,35.08,22.80,-2202094.00,6.01
16:25,103186.16,39.91,12.26,103247.00,34.79,22.21,-2156034.75,3.98
16:26,103181.83,39.81,12.75,103254.73,35.62,23.31,-2164600.00,5.14
16:27,103184.95,40.13,12.42,103250.46,34.48,23.57,-2148362.50,4.92
16:28,103189.00,40.06,12.63,103252.20,35.64,24.00,-2129372.00,4.04
16:29,103190.71,40.34,12.63,103249.49,35.33,23.17,-2138218.00,5.50
16:30,103180.00,40.26,12.20,103248.57,35.46,22.01,-2187383.00,4.47
16:31,103183.30,40.06,12.56,103244.61,34.40,24.98,-2192894.75,3.90
16:32,103192.36,40.08,12.36,103245.64,34.90,23.27,-2196110.50,5.89
16:33,103186.14,39.87,12.38,103245.66,35.16,22.31,-2196645.00,4.45
16:34,103174.92,39.85,12.69,103245.05,35.94,22.36,-2188852.75,5.70
16:35,103183.88,40.08,12.51,103250.80,35.12,22.98,-2187068.50,5.07
16:36,103185.99,40.21,12.58,103250.97,35.45,22.96,-2187900.00,5.14
16:37,103187.30,40.43,12.31,103246.97,36.46,21.52,-2190280.00,4.62
16:38,103176.52,40.36,12.29,103249.53,36.24,21.65,-2178874.50,5.12
16:39,103187.33,40.50,12.33,103250.94,37.02,20.86,-2200289.25,5.33
16:40,103186.50,40.66,12.28,103252.25,35.97,21.56,-2185046.00,6.03
16:41,103193.86,40.58,12.36,103251.78,35.47,23.15,-2187312.75,4.04
16:42,103188.75,40.70,12.35,103249.38,35.37,23.71,-2188436.25,5.48
16:43,103184.07,40.80,12.05,103246.13,35.97,21.95,-2189535.50,3.95
16:44,103182.46,40.57,12.16,103245.07,36.94,20.39,-2199209.50,4.64
16:45,103182.53,40.62,12.57,103248.21,36.04,23.76,-2195335.25,4.21
16:46,103181.64,40.91,12.42,103249.10,36.17,22.57,-2197031.50,5.21
16:47,103188.09,40.89,12.32,103247.85,35.87,22.69,-2192716.00,4.44
16:48,103183.33,40.89,12.24,103249.86,35.88,22.40,-2192128.75,6.00
16:49,103184.99,40.85,12.08,103246.69,36.57,21.05,-2192531.75,4.00
16:50,103184.71,40.77,12.13,103246.32,37.04,20.40,-2179186.50,4.63
16:51,103183.64,40.70,12.13,103250.22,35.53,21.94,-2163823.25,5.34
16:52,103185.67,40.14,12.38,103247.02,35.41,23.11,-2177250.00,4.91
16:53,103191.94,40.50,12.42,103252.25,35.93,22.13,-2149350.50,6.09
16:54,103190.57,40.71,12.11,103249.46,34.97,22.80,-2180759.50,6.23
16:55,103184.08,39.95,12.22,103245.33,34.78,22.92,-2179685.25,5.39
16:56,103181.75,39.97,12.48,103247.06,35.89,21.75,-2181583.25,5.46
16:57,103188.10,40.14,12.67,103255.53,35.85,23.22,-2181673.50,4.39
16:58,103179.39,40.40,12.53,103251.33,35.57,23.26,-2183338.00,5.59
16:59,103186.88,40.61,12.44,103245.75,34.82,23.94,-2180259.50,4.50
17:0,103186.88,40.51,12.30,103246.63,34.74,24.12,-2179881.75,4.00
17:1,103188.82,40.22,12.31,103247.18,34.01,24.08,-2181189.50,3.98
17:2,103186.40,40.18,12.49,103245.91,34.55,24.33,-2183039.50,3.96
17:3,103181.32,40.35,12.48,103247.00,35.07,23.30,-2183275.50,5.08
17:4,103178.26,40.45,12.35,103237.90,36.04,21.68,-2181596.00,3.97
17:5,103183.08,40.24,12.19,103237.69,34.81,23.09,-2184905.25,5.94
17:6,103184.50,40.19,12.81,103246.08,35.52,23.97,-2186998.50,3.91
17:7,103189.97,40.66,12.43,103242.35,36.45,21.90,-2176517.25,4.65
17:8,103177.66,40.68,12.48,103239.30,36.52,21.92,-2222541.50,5.34
17:9,103182.95,40.83,12.39,103242.82,36.07,22.31,-2221654.00,3.96
17:10,103173.17,40.70,12.49,103249.64,35.81,23.55,-2222920.50,3.94
17:11,103189.26,40.92,12.43,103244.35,35.35,23.51,-2221548.50,5.22
17:12,103180.02,40.83,12.42,103245.33,35.47,23.45,-2224110.75,5.84
17:13,103186.30,40.72,12.45,103248.87,35.88,23.81,-2224227.50,4.19
17:14,103185.42,40.88,12.41,103239.32,36.59,22.08,-2224228.50,5.61
17:15,103183.21,41.01,12.13,103235.82,36.55,21.30,-2225624.50,6.14
17:16,103189.10,40.87,12.33,103244.42,35.82,23.27,-2224009.25,5.50
17:17,103178.74,40.85,12.17,103245.10,35.59,22.18,-2224256.00,5.45
17:18,103180.53,40.83,12.41,103241.41,35.71,23.47,-2227011.00,4.61
17:19,103187.10,41.01,12.07,103241.28,36.23,21.42,-2227211.25,4.74
17:20,103180.41,40.88,12.11,103238.25,35.85,22.23,-2225935.25,5.52
17:21,103181.55,40.95,12.42,103241.26,35.06,23.82,-2225440.50,4.97
17:22,103175.86,41.22,12.48,103241.50,35.69,24.54,-2226245.50,4.67
17:23,103178.60,41.13,12.00,103236.11,34.61,23.45,-2224692.50,4.75
17:24,103173.10,40.85,12.28,103237.51,34.34,25.16,-2222773.50,5.81
17:25,103179.46,40.76,12.07,103239.01,34.72,23.94,-2223693.75,5.92
17:26,103175.49,40.63,12.47,103236.38,35.35,24.28,-2224790.75,4.88
17:27,103177.86,40.94,12.20,103234.33,36.20,22.16,-2227051.50,5.93
17:28,103170.42,40.86,12.32,103236.38,35.93,23.36,-2224784.50,5.57
17:29,103173.17,40.91,12.13,103233.11,35.86,22.04,-2224809.00,4.85
17:30,103174.66,40.77,12.25,103230.14,35.81,22.87,-2226083.50,5.97
17:31,103174.00,40.95,12.12,103231.20,36.44,21.55,-2228251.25,6.21
17:32,103166.83,40.91,12.22,103228.70,36.18,22.05,-2227247.00,6.11
17:33,103170.64,40.95,12.12,103230.07,36.07,22.12,-2229054.25,6.13
17:34,103161.24,41.06,12.14,103224.54,36.29,21.72,-2230984.00,5.90
17:35,103165.97,41.14,12.39,103224.88,36.51,22.30,-2232662.00,6.04
17:36,103164.32,41.40,12.27,103226.30,36.05,22.84,-2231698.50,5.29
17:37,103165.50,41.21,11.96,103226.35,35.60,22.75,-2231364.25,6.26
17:38,103165.38,41.14,12.13,103218.76,36.32,21.89,-2235168.50,4.59
17:39,103173.19,41.21,12.12,103218.63,36.52,21.58,-2234146.00,5.52
17:40,103170.32,41.14,12.10,103220.11,36.82,21.38,-2231481.50,4.00
17:41,103172.36,41.20,12.10,103221.07,36.80,21.16,-2228790.00,6.00
17:42,103162.39,41.12,12.14,103225.02,35.25,23.30,-2234528.50,5.70
17:43,103164.39,40.84,12.02,103221.03,35.15,23.15,-2237682.75,4.32
17:44,103165.66,40.55,12.11,103221.99,34.65,23.97,-2216720.50,4.52
17:45,103160.57,40.56,12.24,103221.72,35.64,22.14,-2222405.25,5.94
17:46,103157.28,40.76,12.34,103217.73,36.29,22.15,-2226195.50,5.94
17:47,103160.11,41.02,12.46,103210.42,36.40,22.91,-2226784.00,5.38
17:48,103156.34,41.15,12.01,103215.53,35.76,22.21,-2226374.75,5.22
17:49,103166.30,40.72,12.23,103219.77,35.89,22.33,-2227605.50,5.74
17:50,103159.71,40.76,12.00,103221.57,35.52,21.79,-2226931.00,5.31
17:51,103158.38,40.39,12.21,103225.54,35.16,22.69,-2222752.75,6.01
17:52,103158.03,40.55,12.31,103220.10,35.80,22.23,-2223389.50,4.64
17:53,103161.22,40.43,12.08,103222.49,35.43,22.57,-2225474.00,5.62
17:54,103162.53,40.55,12.32,103223.47,35.86,21.85,-2226865.50,5.25
17:55,103159.00,40.92,12.21,103222.39,36.78,21.10,-2225357.25,4.04
17:56,103162.25,41.06,12.35,103219.46,36.43,22.68,-2225833.25,5.11
17:57,103160.96,41.10,12.15,103221.89,35.92,22.60,-2226178.00,4.49
17:58,103157.78,41.02,11.96,103216.40,36.48,20.92,-2229327.25,4.83
17:59,103163.94,40.80,12.00,103219.50,35.30,22.12,-2230123.75,4.61
18:0,103160.75,40.40,12.23,103219.39,34.73,23.41,-2230209.75,4.45
18:1,103162.76,40.44,12.25,103220.71,35.33,23.04,-2230844.75,4.40
18:2,103162.00,40.39,11.91,103217.85,34.10,23.23,-2230031.50,4.76
18:3,103150.28,40.07,12.40,103219.90,33.99,24.03,-2225828.00,5.35
18:4,103158.39,40.05,12.06,103220.67,33.82,23.78,-2176488.00,5.98
18:5,103164.64,39.85,12.38,103222.50,34.40,23.92,-2175400.50,3.87
18:6,103155.26,40.12,12.36,103214.87,34.27,23.27,-2174851.75,4.45
18:7,103159.61,40.16,12.35,103219.86,34.01,24.70,-2173451.50,5.26
18:8,103159.03,40.32,12.37,103218.72,34.56,23.30,-2173485.00,4.65
18:9,103160.05,40.34,12.25,103214.28,34.01,23.60,-2173622.50,5.14
18:10,103156.46,40.27,12.32,103217.08,33.90,24.24,-2174241.50,5.10
18:11,103149.12,40.42,12.34,103218.58,35.15,23.11,-2174493.50,4.71
18:12,103152.07,40.25,12.24,103215.44,34.61,23.46,-2170055.25,5.07
18:13,103150.94,40.55,12.49,103218.92,34.53,23.77,-2172088.75,4.67
18:14,103165.78,40.40,12.11,103218.86,33.84,24.27,-2166628.50,4.85
18:15,103158.72,40.12,12.20,103217.42,33.91,23.86,-1907736.37,4.67
18:16,103163.01,40.14,12.42,103216.89,34.13,24.10,-2173294.00,5.43
18:17,103152.86,40.15,12.13,103218.81,33.88,23.81,-2162701.50,4.40
18:18,103158.75,40.00,12.27,103220.35,33.93,23.56,-2163350.00,4.08
18:19,103154.52,40.03,12.28,103218.53,33.96,23.55,-2175305.00,5.05
18:20,103159.53,40.20,12.38,103219.13,34.37,23.68,-2176734.00,4.45
18:21,103162.16,40.11,12.21,103217.45,34.73,22.69,-2177002.50,4.05
18:22,103159.63,40.07,12.38,103218.67,34.84,22.87,-2175590.00,4.40
18:23,103157.14,40.17,12.35,103215.89,34.72,22.91,-2176714.50,4.78
18:24,103155.64,40.36,12.39,103219.87,35.52,22.41,-2177950.50,4.56
18:25,103160.10,40.39,12.17,103219.53,34.95,22.81,-2177312.50,5.61
18:26,103156.46,40.13,12.24,103212.50,33.96,23.59,-2177939.75,5.45
18:27,103166.17,39.86,12.27,103216.33,33.86,23.90,-2179011.50,4.39
18:28,103155.88,39.72,12.30,103216.08,33.62,23.82,-2179140.75,3.91
18:29,103150.78,39.76,12.50,103216.72,33.61,24.08,-2177946.00,4.48
18:30,103156.62,39.67,12.26,103212.73,33.43,23.89,-2179970.75,5.41
18:31,103155.71,39.71,12.60,103214.71,33.47,25.00,-2219936.50,5.10
18:32,103158.50,39.90,12.47,103212.96,33.65,24.40,-2233204.50,6.02
18:33,103160.38,39.95,12.61,103213.31,34.49,24.02,-2245205.50,5.09
18:34,103148.14,40.13,12.49,103207.91,34.15,23.45,-2245568.25,5.62
18:35,103161.44,40.03,12.30,103215.38,34.34,23.28,-2245545.25,5.85
18:36,103154.16,39.81,12.35,103215.15,33.21,24.69,-2246024.50,5.96
18:37,103159.47,39.73,12.38,103209.77,33.48,24.56,-2246751.75,3.87
18:38,103157.10,39.85,12.42,103214.74,33.33,24.56,-2245814.75,3.96
18:39,103149.16,39.62,12.36,103209.49,32.73,24.57,-2245374.50,6.01
18:40,103161.31,39.44,12.48,103210.60,33.73,23.63,-2247742.75,4.75
18:41,103162.02,39.64,12.40,103210.41,34.92,22.16,-2247921.25,4.98
18:42,103151.82,39.86,12.69,103210.67,34.61,23.45,-2242780.00,4.69
18:43,103144.19,40.05,12.36,103207.24,34.81,22.46,-2241116.50,4.07
18:44,103149.30,39.81,12.33,103208.33,34.62,22.34,-2248321.25,5.73
18:45,103152.70,39.63,12.42,103206.36,34.22,23.25,-2249638.50,5.39
18:46,103156.49,39.60,12.52,103206.64,33.52,24.16,-2251413.50,5.41
18:47,103156.74,39.44,12.41,103204.25,33.66,23.82,-2252518.00,5.63
18:48,103147.63,39.61,12.68,103204.73,33.56,25.07,-2254557.25,4.78
18:49,103151.71,39.87,12.68,103202.55,34.09,24.79,-2248946.00,6.14
18:50,103148.44,40.09,12.39,103206.80,34.41,23.67,-1254364.50,5.28
18:51,103158.78,40.14,12.55,103211.05,34.41,24.18,-2234723.75,4.55
18:52,103150.50,39.91,12.09,103211.14,33.02,23.98,-2249236.50,5.30
18:53,103153.82,39.36,12.44,103207.41,32.71,24.68,-2258345.50,4.62
18:54,103164.41,39.30,12.48,103205.16,32.60,24.61,-2259159.25,5.94
18:55,103160.32,39.30,12.39,103205.10,32.98,24.13,-2259288.50,4.94
18:56,103155.76,39.30,12.55,103205.83,33.82,23.36,-2261429.50,5.72
18:57,103169.45,39.38,12.59,103208.14,33.79,23.63,-2260268.50,5.97
18:58,103162.10,39.34,12.46,103209.83,32.74,24.23,-2260889.75,5.63
18:59,103165.44,39.10,12.47,103210.67,33.20,23.46,-2262850.50,5.48
19:0,103164.46,39.31,12.61,103210.53,33.79,23.73,-2263458.50,4.08
19:1,103158.55,39.49,12.42,103209.00,34.17,22.75,-2262785.25,5.46
19:2,103152.42,39.54,12.47,103211.92,34.59,22.19,-2253952.50,5.09
19:3,103160.08,39.73,12.33,103210.88,34.99,21.89,-1135040.25,5.05
19:4,103153.29,39.80,12.42,103210.44,34.61,22.85,-2036726.62,4.71
19:5,103160.72,39.91,12.39,103209.90,34.65,22.82,-2227848.25,4.93
19:6,103158.13,39.95,12.37,103207.55,34.77,22.77,-2237361.25,4.35
19:7,103145.00,40.04,12.33,103210.00,34.67,22.50,-2243683.50,3.96
19:8,103158.88,40.06,12.10,103208.72,34.59,21.95,-2246866.50,5.20
19:9,103152.96,39.80,12.02,103206.45,34.05,21.10,-2248271.50,5.77
19:10,103153.30,39.25,11.92,103207.17,33.85,21.37,-2248225.00,5.55
19:11,103156.61,39.04,12.15,103202.36,34.04,21.27,-2248718.25,5.20
19:12,103154.50,38.73,12.04,103206.17,33.83,20.48,-2248440.75,3.76
19:13,103158.82,38.58,12.17,103201.94,34.12,20.29,-2248158.25,3.94
19:14,103159.86,38.42,12.14,103206.48,33.73,20.76,-2248126.50,5.37
19:15,103153.07,38.51,12.37,103204.92,33.64,21.40,-2249382.50,4.33
19:16,103162.35,38.54,12.10,103206.41,33.35,20.73,-2247721.25,5.16
19:17,103161.19,38.49,12.52,103206.03,33.34,22.33,-2250096.50,4.32
19:18,103163.31,38.58,12.06,103206.22,33.61,20.35,-2250301.25,4.74
19:19,103164.88,38.57,12.36,103205.60,34.09,20.92,-2248874.00,4.78
19:20,103148.58,38.63,12.22,103205.66,33.99,20.43,-2244837.50,5.23
19:21,103166.28,38.63,12.10,103205.24,34.38,19.92,-2249597.50,5.78
19:22,103155.33,38.41,12.14,103205.80,33.33,20.45,-2247932.00,5.57
19:23,103159.30,38.39,12.35,103209.88,33.27,21.48,-1836150.75,4.16
19:24,103158.67,38.51,12.43,103211.17,33.43,21.93,-1601686.25,4.69
19:25,103162.48,38.56,12.13,103210.86,33.30,20.67,-2226278.75,5.92
19:26,103163.64,38.28,12.08,103209.57,32.84,20.99,-1313426.62,4.96
19:27,103158.30,38.00,12.01,103207.41,32.55,20.60,-2156592.75,5.47
19:28,103149.82,37.83,12.30,103207.09,32.86,20.09,-2223568.75,4.20
19:29,103148.17,37.82,12.20,103207.50,32.23,21.15,-1524379.37,5.59
19:30,103157.88,37.78,12.24,103203.39,32.61,20.78,-885923.00,4.14
19:31,103149.15,37.68,12.22,103200.01,32.59,20.64,-867438.81,5.75
19:32,103159.91,37.49,12.46,103203.67,32.63,21.59,-988295.37,5.54
19:33,103141.82,37.61,12.50,103200.74,32.13,21.87,-1008505.37,5.08
19:34,103152.05,37.73,12.77,103202.35,31.98,23.71,-746594.12,4.16
19:35,103156.63,37.93,12.49,103200.42,32.18,22.16,-979160.50,5.26
19:36,103142.53,37.76,12.36,103202.25,32.03,21.10,-1298302.00,5.14
19:37,103151.21,37.62,12.37,103204.89,31.59,21.59,-2248869.75,4.15
19:38,103160.07,37.63,12.34,103201.72,32.14,20.66,-2249245.25,4.63
19:39,103157.85,37.50,12.44,103203.96,32.00,22.37,-2248382.50,5.67
19:40,103153.16,37.43,12.21,103203.72,31.35,21.89,-2246825.50,4.34
19:41,103153.49,37.01,12.51,103204.34,31.56,22.30,-2234796.75,4.05
19:42,103165.79,37.32,12.41,103201.40,32.17,20.68,-2232035.75,5.48
19:43,103154.36,37.37,12.40,103197.61,32.47,20.51,-2232200.75,4.78
19:44,103152.05,37.22,12.38,103199.96,32.44,20.33,-2233044.00,3.56
19:45,103151.58,37.29,12.42,103201.87,32.32,20.29,-2233072.00,5.64
19:46,103152.11,37.37,12.66,103201.04,31.94,22.51,-2232555.25,4.29
19:47,103149.88,37.52,12.38,103200.17,32.20,20.89,-2233968.25,5.19
19:48,103154.35,37.46,12.38,103202.55,31.95,21.70,-2231995.50,4.03
19:49,103153.50,37.39,12.30,103201.16,31.83,21.03,-2233726.50,5.35
19:50,103161.24,37.16,12.38,103202.42,31.14,21.56,-2233399.25,4.85
19:51,103155.25,37.06,12.39,103208.32,30.91,21.72,-2233047.50,5.72
19:52,103155.67,37.07,12.45,103207.58,31.11,22.04,-2232464.75,5.14
19:53,103155.96,37.05,12.33,103206.64,30.90,21.87,-2226183.25,4.11
19:54,103152.21,36.95,12.57,103202.47,31.20,21.88,-2226403.25,5.36
19:55,103154.19,36.95,12.50,103202.22,31.35,21.72,-2227760.25,4.69
19:56,103156.70,36.85,12.56,103202.05,31.35,21.97,-2227084.00,5.44
19:57,103158.49,36.92,12.57,103203.85,30.94,21.92,-2220808.00,4.97
19:58,103153.32,36.70,12.51,103201.78,30.96,21.87,-2159492.50,5.55
19:59,103160.89,36.75,12.69,103200.25,31.13,22.46,-2140157.50,4.03
20:0,103154.59,36.79,12.50,103200.46,31.22,21.50,-2229317.50,3.63
20:1,103153.75,36.70,12.57,103201.78,30.56,22.08,-2252565.25,4.67
20:2,103152.28,36.73,12.84,103203.00,30.92,23.27,-2257959.25,4.14
20:3,103152.49,36.86,12.60,103197.47,31.09,21.36,-2259172.50,4.56
20:4,103150.53,36.80,12.50,103200.69,30.47,22.16,-2246548.50,5.32
20:5,103153.65,36.73,12.67,103199.37,30.58,22.55,-2250265.50,4.27
20:6,103152.21,36.72,12.64,103203.27,31.01,22.15,-2250876.50,3.54
20:7,103155.98,36.71,12.75,103199.52,30.35,23.26,-2151458.50,4.07
20:8,103153.74,36.73,12.84,103202.82,30.29,23.99,-2161416.50,4.29
20:9,103147.39,36.85,12.65,103203.41,30.39,22.82,-2257114.75,4.81
20:10,103153.53,36.81,12.66,103205.03,30.74,23.01,-2254901.25,4.43
20:11,103147.28,36.76,12.59,103205.58,30.65,22.17,-2252742.50,4.81
20:12,103152.93,36.59,12.79,103201.33,30.58,23.23,-2212816.50,4.56
20:13,103154.98,36.68,12.78,103204.89,30.61,22.92,-2219505.00,3.54
20:14,103154.99,36.59,12.74,103198.86,30.01,23.17,-2200889.00,3.81
20:15,103156.75,36.56,12.69,103199.16,29.95,23.05,-1099804.37,4.47
20:16,103150.03,36.52,12.75,103200.10,30.04,23.39,-2239997.50,4.62
20:17,103147.72,36.52,12.62,103200.92,29.58,23.19,-2235851.00,4.40
20:18,103151.25,36.50,12.75,103197.14,29.98,23.58,-2249428.00,4.85
20:19,103152.96,36.43,12.67,103200.15,30.03,22.69,-2251769.00,4.16
20:20,103158.05,36.33,12.82,103197.99,29.73,23.25,-2256314.50,4.49
20:21,103154.88,36.32,12.73,103199.63,29.66,23.32,-2253601.25,3.69
20:22,103155.67,36.27,12.70,103197.91,29.87,23.07,-2245969.75,5.61
20:23,103162.05,36.23,12.74,103199.07,29.34,23.40,-2244256.50,4.38
20:24,103153.22,36.01,12.61,103200.84,29.30,22.86,-2244466.50,5.06
20:25,103161.61,35.87,12.75,103200.14,29.46,22.98,-2234570.75,3.69
20:26,103155.41,35.89,12.94,103197.80,29.07,23.79,-2220976.75,5.42
20:27,103155.50,35.94,12.79,103200.64,29.36,22.77,-2225994.50,3.71
20:28,103151.97,35.89,12.80,103198.49,29.37,23.44,-2205997.50,4.98
20:29,103153.19,35.90,12.88,103199.16,29.60,22.82,-2219111.50,3.84
20:30,103158.42,35.84,12.85,103201.14,29.26,23.03,-2222867.25,5.25
20:31,103148.63,35.72,12.92,103198.14,29.36,23.15,-2221225.00,4.68
20:32,103158.95,35.80,12.94,103200.46,28.87,24.48,-2217019.25,4.02
20:33,103149.82,35.77,12.89,103201.71,28.75,24.39,-2229070.50,4.49
20:34,103159.72,35.64,12.90,103200.17,28.00,24.53,-2199696.00,4.81
20:35,103152.48,35.51,12.94,103200.84,27.77,24.87,-2229044.75,5.01
20:36,103152.60,35.31,13.00,103196.14,27.48,25.34,-2051856.37,3.98
20:37,103167.69,35.20,13.12,103204.31,27.23,25.86,-2157163.50,3.54
20:38,103165.11,35.20,13.00,103195.86,27.45,25.10,-1979635.25,4.64
20:39,103157.86,35.04,13.09,103196.36,27.44,25.54,-1921259.62,4.09
20:40,103153.67,34.98,13.17,103202.32,27.08,26.06,-1956854.00,3.89
20:41,103161.87,35.03,13.35,103201.16,26.96,27.33,-1893524.75,4.61
20:42,103155.73,35.07,13.20,103202.67,26.79,26.46,-1569367.25,4.19
20:43,103157.78,35.09,13.23,103202.65,26.81,26.66,-1576612.37,4.83
20:44,103160.11,35.11,13.21,103204.55,26.70,26.87,-1230757.87,5.31
20:45,103158.38,35.09,13.28,103203.07,26.71,27.05,-2277480.50,4.32
20:46,103163.94,35.01,13.37,103201.39,26.78,27.37,-2278742.50,4.25
20:47,103162.39,35.01,13.33,103198.20,26.72,27.38,-2280073.50,4.10
20:48,103157.27,34.94,13.43,103197.82,26.66,27.67,-2280434.50,5.06
20:49,103152.26,35.06,13.45,103196.59,26.27,28.56,-2280168.75,5.20
20:50,103148.76,35.09,13.38,103197.77,26.25,28.97,-2280401.25,4.22
20:51,103153.99,34.90,13.52,103196.63,26.28,29.14,-2278813.00,5.15
20:52,103148.52,34.97,13.57,103199.32,26.09,29.71,-526031.87,5.23
20:53,103157.07,35.00,13.51,103195.03,26.08,29.31,-502848.40,4.74
20:54,103158.90,34.93,13.51,103195.97,26.31,28.99,-462317.40,4.97
20:55,103167.04,34.90,13.60,103200.70,26.59,28.43,-537137.81,5.31
20:56,103150.75,34.99,13.71,103197.92,26.24,29.66,-473935.40,4.72
20:57,103153.82,35.00,13.54,103200.67,26.15,29.37,-1677647.37,5.23
20:58,103155.11,34.95,13.62,103201.78,26.11,29.90,-2278709.00,4.61
20:59,103159.57,34.90,13.65,103201.11,26.10,29.97,-2280007.50,4.03
21:0,103154.14,34.81,13.59,103200.56,26.12,29.44,-2281659.25,5.40
21:1,103163.18,34.89,13.67,103199.16,26.29,29.88,-2281638.00,3.76
21:2,103162.00,34.98,13.66,103204.30,26.13,30.17,-2281693.00,4.61
21:3,103161.32,34.96,13.58,103203.32,26.15,30.11,-2282061.50,5.21
21:4,103164.99,34.90,13.71,103199.85,25.93,30.59,-2282203.25,3.87
21:5,103161.44,34.86,13.78,103202.11,25.61,31.50,-2280305.50,5.21
21:6,103161.91,34.76,13.78,103205.52,25.76,30.93,-2275181.50,5.13
21:7,103166.43,34.85,13.70,103205.02,25.81,30.71,-2273548.50,3.87
21:8,103165.32,34.86,13.74,103203.96,25.39,31.40,-2283592.50,4.89
21:9,103156.36,34.84,13.76,103206.25,25.34,31.72,-2249780.00,4.78
21:10,103167.96,34.83,13.85,103205.75,25.29,32.27,-1221569.75,4.52
21:11,103169.66,34.79,13.72,103202.74,25.61,30.66,-2279217.75,4.35
21:12,103170.15,34.76,13.87,103206.21,25.11,32.45,-2280296.00,5.07
21:13,103166.41,34.64,13.80,103207.94,25.15,31.88,-2263405.50,4.09
21:14,103165.67,34.57,13.80,103207.20,25.18,31.55,-2265436.00,3.80
21:15,103164.81,34.52,13.92,103207.69,25.11,32.24,-2268110.50,4.72
21:16,103166.11,34.55,13.88,103207.67,25.20,31.91,-2267803.50,3.82
21:17,103180.10,34.57,13.85,103206.46,25.28,31.73,-2267280.00,4.32
21:18,103168.41,34.54,13.88,103209.96,25.23,32.52,-2269594.75,4.35
21:19,103175.53,34.54,13.95,103209.32,24.96,32.50,-2271531.50,4.27
21:20,103164.20,34.54,13.91,103212.23,25.13,32.28,-2270759.50,4.08
21:21,103181.05,34.48,14.02,103212.41,24.98,33.05,-2271010.00,5.18
21:22,103177.07,34.31,13.84,103214.60,25.20,31.90,-2270533.50,4.14
21:23,103169.92,34.28,14.07,103213.03,24.83,32.97,-2270936.50,3.85
21:24,103183.22,34.37,13.96,103216.24,24.73,32.83,-2269971.25,5.57
21:25,103175.10,34.30,13.94,103215.82,24.59,32.85,-2268578.00,5.22
21:26,103177.71,34.11,13.94,103216.34,24.75,32.65,-2273174.00,5.36
21:27,103173.96,33.95,14.01,103212.85,24.96,31.92,-2272939.50,3.86
21:28,103172.10,33.88,14.03,103212.18,25.01,31.81,-2274286.00,3.85
21:29,103167.46,33.77,14.12,103211.17,24.58,32.16,-2274280.75,3.94
21:30,103166.17,33.61,14.09,103209.36,24.78,31.94,-2274344.25,5.60
21:31,103177.22,33.60,14.08,103214.19,24.85,30.88,-2274980.75,5.30
21:32,103170.08,33.56,13.99,103214.02,24.90,30.55,-2274986.75,4.11
21:33,103173.07,33.33,14.05,103212.33,24.66,31.61,-2276050.50,4.56
21:34,103168.02,33.34,14.10,103214.16,24.67,30.16,-2278287.25,5.99
21:35,103172.25,33.22,14.02,103216.06,24.64,30.54,-2278564.50,4.74
21:36,103183.47,33.14,13.96,103214.19,24.65,29.68,-2279559.75,4.49
21:37,103181.89,33.05,14.03,103218.30,24.77,29.60,-2278730.25,3.78
21:38,103175.53,32.84,13.82,103217.80,24.74,27.25,-2279575.25,4.22
21:39,103174.93,32.59,13.88,103216.77,24.58,27.61,-2280164.75,4.03
21:40,103178.16,32.52,13.84,103215.71,24.60,27.01,-2279746.50,4.56
21:41,103178.75,32.36,13.85,103222.10,24.50,27.06,-2280213.50,5.73
21:42,103184.39,32.23,14.08,103222.88,24.60,27.73,-2280013.50,5.03
21:43,103189.14,32.16,14.00,103221.67,24.53,26.79,-2280438.75,4.03
21:44,103177.52,32.07,14.06,103220.53,24.42,26.78,-2280070.25,5.63
21:45,103181.27,31.96,14.03,103220.27,24.31,26.96,-2276507.50,4.70
21:46,103183.19,31.80,14.18,103221.55,24.14,27.51,-2273560.75,3.96
21:47,103178.71,31.68,14.27,103224.05,24.23,27.43,-2274871.25,4.35
21:48,103184.24,31.71,14.10,103222.53,24.26,26.29,-2276275.50,4.72
21:49,103183.52,31.65,14.17,103222.91,24.23,26.49,-2277472.75,4.02
21:50,103178.54,31.69,14.16,103221.74,24.04,26.34,-2278310.00,4.05
21:51,103177.81,31.67,14.05,103220.78,24.21,26.35,-2278307.00,5.25
21:52,103188.53,31.49,14.10,103226.08,24.32,25.34,-2278330.00,3.76
21:53,103184.11,31.41,14.12,103228.22,24.13,25.51,-2278246.75,4.74
21:54,103190.77,31.41,14.15,103227.80,23.96,25.68,-2278176.25,4.83
21:55,103189.47,31.33,14.13,103224.82,24.00,25.73,-2276951.50,5.14
21:56,103186.58,31.30,14.19,103227.08,24.13,25.62,-2276850.25,4.30
21:57,103191.84,31.29,14.24,103229.21,24.07,25.85,-2278090.00,5.01
21:58,103189.77,31.27,14.18,103225.89,23.89,26.10,-2277263.25,5.77
21:59,103188.75,31.23,14.15,103227.97,24.14,25.35,-2277409.25,4.14
22:0,103194.88,31.11,14.30,103228.11,23.99,26.04,-2274177.25,4.17
22:1,103194.67,31.08,14.31,103228.27,24.06,25.70,-1990631.62,4.87
22:2,103194.61,31.06,14.35,103230.38,23.98,25.64,-2268475.50,5.52
22:3,103200.00,31.06,14.25,103233.58,23.82,26.25,-2276243.50,4.84
22:4,103198.85,31.03,14.23,103232.25,23.82,26.02,-2274466.75,3.91
22:5,103197.87,30.98,14.37,103233.89,23.69,27.16,-2244062.75,4.90
22:6,103197.25,30.89,14.25,103233.61,23.46,27.00,-2240017.00,4.72
22:7,103202.48,30.82,14.50,103234.15,23.39,28.15,-2240832.50,4.05
22:8,103194.83,30.81,14.36,103235.33,23.52,26.74,-2206273.50,3.69
22:9,103198.89,30.82,14.25,103230.64,23.56,26.49,-2198987.25,4.44
22:10,103201.00,30.71,14.44,103235.85,23.59,27.13,-2184528.25,4.91
22:11,103202.72,30.64,14.56,103236.24,23.58,27.39,-2245917.75,4.07
22:12,103196.07,30.72,14.35,103233.40,23.60,26.78,-2252230.25,4.09
22:13,103205.55,30.69,14.35,103236.50,23.53,26.52,-2211960.00,3.65
22:14,103203.66,30.46,14.28,103239.61,23.37,25.65,-2214991.50,4.60
22:15,103207.92,30.43,14.41,103239.00,23.36,25.96,-2215182.25,4.69
22:16,103206.90,30.43,14.52,103238.94,23.32,26.66,-2214350.75,4.87
22:17,103206.03,30.39,14.30,103239.66,23.33,26.24,-2213644.00,3.75
22:18,103210.19,30.34,14.54,103239.10,23.30,25.94,-2199508.75,4.90
22:19,103207.46,30.37,14.36,103240.32,23.39,25.77,-2158412.25,4.00
22:20,103208.15,30.27,14.64,103248.91,23.16,27.29,-2159122.50,5.09
22:21,103211.88,30.33,14.53,103238.21,23.34,26.84,-2159255.00,4.01
22:22,103210.57,30.36,14.67,103246.52,22.82,28.16,-2153241.50,4.47
22:23,103210.17,30.33,14.37,103245.80,22.88,26.95,-2153361.75,4.11
22:24,103213.51,30.04,14.44,103245.42,22.96,26.38,-2153802.75,4.64
22:25,103208.96,29.99,14.43,103241.43,23.29,25.71,-2153819.00,3.58
22:26,103206.83,30.03,14.57,103247.56,23.09,26.14,-1968310.75,4.38
22:27,103206.71,30.05,14.54,103245.47,23.08,26.67,-1985462.00,4.29
22:28,103202.77,30.04,14.54,103243.96,22.86,26.64,-2016147.25,4.61
22:29,103209.66,29.97,14.74,103245.05,22.87,27.64,-2000902.75,4.85
22:30,103212.83,30.04,14.57,103249.78,23.05,26.59,-1879829.75,4.74
22:31,103208.75,30.02,14.64,103250.41,22.98,26.54,-2166349.00,4.95
22:32,103208.58,30.05,14.61,103252.32,22.99,27.51,-2160983.25,4.90
22:33,103213.19,30.05,14.80,103252.77,22.99,28.34,-2151098.00,3.78
22:34,103217.96,30.09,14.94,103257.18,22.89,28.96,-1559500.62,4.29
22:35,103217.39,30.17,14.71,103259.55,22.92,27.48,-2102466.75,4.52
22:36,103220.51,30.08,14.69,103259.96,22.93,28.05,-2162558.50,4.32
22:37,103215.39,30.08,14.67,103258.86,22.73,27.74,-2169857.75,4.29
22:38,103214.96,30.07,14.63,103257.82,22.64,27.45,-2170433.50,4.69
22:39,103217.92,30.03,14.61,103261.86,22.63,27.43,-2170090.00,4.83
22:40,103215.71,29.94,14.64,103258.30,22.91,27.03,-2057045.62,4.63
22:41,103219.05,29.81,14.82,103259.86,22.53,28.06,-62262.70,4.34
22:42,103222.68,29.93,14.72,103260.64,22.47,27.52,-2098274.75,4.08
22:43,103222.19,29.97,14.69,103264.28,22.58,27.67,-2200950.50,3.94
22:44,103232.16,29.98,14.74,103264.29,22.48,28.18,-2127347.50,4.11
22:45,103220.46,29.96,14.72,103265.50,22.47,28.28,-2189364.00,5.27
22:46,103234.19,30.00,14.79,103268.20,22.54,28.25,-2199993.50,4.67
22:47,103230.08,29.95,14.87,103269.03,22.21,29.81,-2208585.25,3.71
22:48,103235.67,29.98,14.99,103268.40,22.40,30.23,-2205607.50,5.02
22:49,103239.08,30.14,15.13,103277.03,22.43,31.30,-2191587.25,4.93
22:50,103238.08,30.15,14.93,103270.78,22.18,30.85,-2119406.00,4.64
22:51,103229.38,30.14,14.87,103271.61,22.13,30.41,-2136386.50,4.73
22:52,103238.16,30.05,15.03,103271.11,22.11,31.17,-2165806.50,5.32
22:53,103237.46,30.11,14.95,103265.57,22.20,30.61,-2153186.50,4.30
22:54,103228.17,29.98,15.07,103266.97,22.12,31.88,-258599.79,4.36
22:55,103231.60,30.05,15.00,103264.78,21.89,31.01,-2194454.00,5.41
22:56,103231.80,29.93,15.05,103265.74,22.23,30.46,-2171986.50,4.97
22:57,103234.67,30.05,15.04,103266.14,21.89,31.19,-2129734.75,4.74
22:58,103218.94,30.00,14.98,103266.30,21.95,31.16,-175482.59,4.47
22:59,103235.64,30.06,15.13,103267.74,21.95,31.88,-274353.31,4.21
23:0,103238.55,30.06,15.20,103267.91,21.81,33.53,-247483.79,3.91
23:1,103232.88,30.41,15.45,103273.50,22.11,34.09,-280050.90,5.41
23:2,103240.78,30.55,15.13,103267.55,22.02,33.79,-279212.90,5.01
23:3,103235.64,30.50,15.33,103274.36,22.11,34.55,-297370.59,3.65
23:4,103235.49,30.74,15.39,103270.63,22.20,34.84,-319803.40,4.90
23:5,103239.89,30.73,15.19,103271.42,22.28,34.37,-343374.40,4.16
23:6,103233.57,30.92,15.37,103270.22,22.21,35.21,-264893.31,3.94
23:7,103244.23,30.99,15.39,103272.36,22.06,36.10,-40143.80,4.56
23:8,103238.24,31.14,15.25,103273.57,22.24,35.55,-28610.20,3.96
23:9,103248.32,31.06,15.20,103276.02,22.13,36.50,-24962.50,5.01
23:10,103242.04,31.15,15.34,103278.36,22.21,36.40,-23850.50,4.67
23:11,103249.27,31.30,15.33,103276.53,22.13,37.24,-24909.90,4.05
23:12,103239.40,31.40,15.42,103269.61,21.98,38.17,-15062.10,4.39
23:13,103248.39,31.53,15.40,103271.79,22.01,38.50,-155357.20,4.19
23:14,103230.25,31.65,15.32,103271.60,21.77,38.98,-575385.18,4.55
23:15,103238.78,31.63,15.29,103271.74,21.79,39.51,-836110.68,4.72
23:16,103232.24,31.67,15.25,103269.00,21.97,38.50,-790100.68,4.00
23:17,103225.61,31.73,15.27,103269.89,21.96,38.92,-662477.12,5.72
23:18,103229.63,31.78,15.27,103276.78,21.79,39.71,-718333.31,5.02
23:19,103227.57,31.85,15.22,103271.01,21.83,39.98,-845801.81,5.03
23:20,103236.52,31.89,15.19,103271.24,22.03,39.13,-1049558.62,5.62
23:21,103231.56,31.80,15.27,103271.82,21.75,39.79,-933747.87,3.89
23:22,103245.64,31.83,15.26,103271.14,21.83,39.57,-795461.31,5.53
23:23,103240.96,31.88,15.26,103270.46,21.87,39.67,-1032620.87,4.81
23:24,103241.20,31.86,15.23,103270.24,21.90,39.79,-969373.00,4.65
23:25,103239.89,31.94,15.40,103273.32,21.88,40.34,-2287568.25,5.39
23:26,103243.52,32.07,15.32,103277.28,21.68,41.61,-2278586.50,5.72
23:27,103234.60,32.10,15.32,103272.72,21.60,41.30,-619397.12,4.18
23:28,103238.42,32.04,15.45,103275.96,21.71,41.65,-704127.37,4.36
23:29,103231.14,32.12,15.36,103272.91,21.74,41.16,-1889895.62,4.35
23:30,103234.55,32.23,15.24,103273.08,21.92,40.56,-2298438.00,4.78
23:31,103241.47,32.22,15.35,103272.10,21.63,41.63,-2297693.25,4.09
23:32,103240.64,32.12,15.47,103271.91,21.48,42.73,-2296297.00,5.07
23:33,103234.44,32.20,15.45,103275.97,21.45,42.75,-2289211.00,4.75
23:34,103237.03,32.27,15.32,103277.96,21.78,41.61,-2284587.75,4.83
23:35,103241.19,32.19,15.40,103272.46,21.37,43.91,-2265119.25,5.09
23:36,103233.45,32.18,15.43,103273.44,21.48,43.33,-2188531.25,4.07
23:37,103234.76,32.24,15.40,103275.05,21.53,43.21,-2218020.75,5.03
23:38,103239.38,32.30,15.46,103275.46,21.43,43.31,-2222289.75,4.57
23:39,103231.52,32.34,15.32,103271.46,21.56,43.47,-2238007.25,5.27
23:40,103231.44,32.26,15.41,103271.05,21.50,43.47,-2256504.00,3.89
23:41,103231.32,32.28,15.40,103270.96,21.47,42.97,-2256079.50,4.53
23:42,103236.47,32.30,15.38,103274.85,21.74,42.40,-2256824.50,5.66
23:43,103232.85,32.33,15.44,103272.10,21.62,42.91,-2258085.50,3.85
23:44,103228.41,32.27,15.47,103272.38,21.49,44.18,-2257206.50,4.16
23:45,103242.99,32.26,15.58,103275.17,21.07,45.69,-2258224.50,5.47
23:46,103237.91,32.39,15.55,103272.72,21.35,44.36,-2257047.50,3.82
23:47,103227.66,32.44,15.43,103276.44,21.23,44.99,-2253665.00,4.58
23:48,103234.05,32.47,15.43,103278.63,21.15,45.26,-2245356.50,4.87
23:49,103233.82,32.44,15.42,103276.10,21.22,45.20,-2221442.00,4.29
23:50,103247.09,32.45,15.41,103277.89,21.09,45.16,-1655953.25,4.05
23:51,103237.13,32.48,15.41,103275.57,21.26,44.82,-2162987.50,3.80
23:52,103228.79,32.50,15.38,103273.14,21.34,44.68,-2142458.75,5.20
23:53,103243.61,32.52,15.35,103276.58,21.18,44.55,-2151559.50,5.20
23:54,103237.16,32.45,15.42,103276.27,21.17,45.27,-2150320.75,3.98
23:55,103236.47,32.43,15.37,103280.23,21.17,44.59,-2152295.00,3.83
23:56,103246.14,32.43,15.38,103276.28,21.25,45.24,-2154701.75,4.10
23:57,103235.63,32.35,15.39,103273.42,21.04,45.00,-2154826.75,4.83
23:58,103235.94,32.18,15.54,103272.30,21.02,45.46,-2154893.25,5.64
23:59,103232.27,32.29,15.58,103273.53,21.12,45.93,-2153608.50,4.70
0:0,103234.33,32.40,15.52,103273.36,21.07,46.71,-2163635.50,5.03
0:1,103229.83,32.37,15.45,103272.66,20.81,47.31,-2128402.00,5.04
0:2,103232.86,32.39,15.60,103270.08,20.87,47.66,-2053739.25,4.76
0:3,103227.13,32.48,15.59,103271.05,20.93,47.99,-2052515.62,4.93
0:4,103236.53,32.59,15.51,103270.67,20.91,47.91,-2045013.37,5.41
0:5,103235.83,32.57,15.51,103271.52,21.09,47.33,-1926033.62,4.04
0:6,103225.67,32.65,15.56,103272.10,21.16,47.20,-357464.40,4.93
0:7,103238.28,32.73,15.58,103267.60,20.90,48.85,-1480782.50,4.30
0:8,103234.35,32.72,15.51,103267.30,20.97,48.83,-2068895.62,5.39
0:9,103231.50,32.65,15.60,103268.08,20.77,49.31,-2064013.00,4.94
0:10,103231.33,32.64,15.71,103267.01,20.71,50.03,-2090436.75,3.87
0:11,103230.74,32.78,15.70,103268.27,20.84,49.48,-2190528.50,5.12
0:12,103226.09,32.88,15.62,103269.41,21.12,49.10,-2223689.75,5.07
0:13,103242.71,32.94,15.58,103269.17,21.26,48.70,-2228288.75,4.74
0:14,103233.89,32.98,15.56,103269.18,20.97,49.82,-2229367.50,3.80
0:15,103222.21,32.96,15.55,103265.50,20.97,49.37,-2229149.25,5.19
0:16,103229.61,33.01,15.61,103266.27,20.87,50.48,-2217567.50,5.74
0:17,103235.27,33.05,15.59,103265.55,20.88,50.51,-2205096.00,4.48
0:18,103233.47,33.05,15.56,103263.61,20.79,51.07,-2215147.25,4.65
0:19,103227.76,32.94,15.59,103262.23,20.70,51.96,-2184326.75,4.04
0:20,103229.27,32.90,15.75,103268.33,20.58,52.01,-2188036.50,4.07
0:21,103232.96,33.01,15.67,103264.81,20.77,51.78,-2080693.75,5.36
0:22,103225.00,33.08,15.70,103266.16,20.89,50.66,-2062411.37,4.82
0:23,103233.07,33.15,15.68,103262.20,20.72,51.89,-2296364.00,5.85
0:24,103223.82,33.22,15.75,103265.50,20.78,52.94,-2300873.50,4.03
0:25,103227.03,33.26,15.68,103265.16,20.70,53.19,-2299036.75,4.49
0:26,103223.78,33.26,15.66,103265.67,20.68,53.16,-2298776.25,4.69
0:27,103231.83,33.27,15.58,103266.28,20.84,52.72,-2298547.75,4.19
0:28,103230.46,33.25,15.80,103267.10,20.70,53.95,-2299170.75,3.81
0:29,103230.58,33.36,15.76,103270.52,20.70,53.53,-2299744.00,4.87
0:30,103234.70,33.42,15.59,103269.60,20.86,53.63,-2299443.75,3.95
0:31,103233.46,33.35,15.70,103270.75,20.68,54.15,-2300681.00,4.45
0:32,103238.42,33.26,15.72,103269.16,20.62,54.48,-2300106.75,3.97
0:33,103238.97,33.20,15.68,103269.61,20.54,54.72,-2300023.50,4.61
0:34,103236.36,33.26,15.70,103270.10,20.94,52.39,-2300516.25,5.46
0:35,103238.60,33.32,15.68,103275.86,20.81,53.39,-2301096.50,5.16
0:36,103239.38,33.35,15.70,103272.95,20.89,53.46,-2301146.50,5.23
0:37,103242.41,33.35,15.73,103283.35,20.60,54.95,-2302392.00,4.96
0:38,103243.88,33.38,15.78,103281.01,20.79,54.77,-2302035.50,5.29
0:39,103242.41,33.49,15.77,103279.61,20.79,54.60,-2303026.00,4.47
0:40,103241.98,33.49,15.65,103278.97,20.68,54.80,-2304572.50,4.25
0:41,103248.19,33.53,15.75,103280.75,20.59,55.12,-2305528.50,4.56
0:42,103228.39,33.60,15.68,103277.21,20.63,55.57,-2305929.00,5.32
0:43,103240.55,33.50,15.66,103276.96,20.31,56.72,-2303356.50,3.80
0:44,103236.07,33.49,15.75,103279.06,20.55,55.94,-2303073.50,4.98
0:45,103239.18,33.58,15.79,103276.24,20.46,56.60,-2303799.00,5.15
0:46,103233.44,33.59,15.73,103277.74,20.57,56.40,-2303870.00,4.06
0:47,103237.98,33.65,15.74,103274.85,20.41,57.09,-2304457.25,5.91
0:48,103225.98,33.66,15.75,103276.31,20.39,57.22,-2305680.50,4.49
0:49,103234.25,33.69,15.73,103274.89,20.54,57.01,-2303783.25,3.82
0:50,103230.65,33.71,15.82,103275.22,20.26,58.94,-2304994.00,5.25
0:51,103229.96,33.79,15.77,103271.49,20.35,58.04,-2304090.00,5.83
0:52,103236.93,33.83,15.72,103271.64,20.26,58.24,-2294042.50,4.47
0:53,103225.31,33.87,15.79,103271.63,20.23,58.75,-2275328.50,4.71
0:54,103232.00,33.86,15.75,103272.09,20.26,58.59,-2275979.00,5.23
0:55,103247.57,33.83,15.69,103273.19,20.45,57.97,-2275446.50,4.54
0:56,103232.78,33.78,15.76,103274.59,20.15,59.50,-2276655.50,4.29
0:57,103225.58,33.78,15.81,103272.02,20.33,57.90,-2276416.50,4.85
0:58,103235.85,33.87,15.71,103271.75,20.44,58.30,-2276801.50,4.67
0:59,103231.39,33.85,15.80,103271.35,20.36,58.53,-2276207.50,3.94
1:0,103230.06,33.88,15.74,103271.83,20.21,59.58,-2281521.25,4.77
1:1,103227.58,33.82,15.77,103271.28,20.27,58.61,-2279138.50,3.94
1:2,103230.80,33.87,15.89,103270.94,20.27,59.20,-2290587.25,4.62
1:3,103220.49,33.92,15.75,103271.35,20.22,59.09,-2296227.50,3.91
1:4,103231.25,33.89,15.78,103271.35,20.13,59.90,-2296151.50,3.97
1:5,103232.30,33.81,15.85,103272.33,19.90,61.10,-2296909.50,3.95
1:6,103231.28,33.83,15.86,103272.89,20.28,59.59,-2297729.75,5.61
1:7,103231.10,33.82,15.81,103272.99,19.92,60.91,-2298094.50,5.34
1:8,103229.86,33.79,15.86,103272.97,20.05,60.54,-2298219.50,5.10
1:9,103232.39,33.83,15.80,103269.92,20.21,59.84,-2298207.50,4.16
1:10,103228.87,33.82,15.86,103269.30,20.42,57.78,-2297666.00,4.02
1:11,103227.74,33.89,15.86,103267.43,20.14,60.20,-2298053.50,4.52
1:12,103225.55,33.92,15.85,103266.78,20.26,59.45,-2299340.50,4.73
1:13,103229.55,33.90,15.87,103268.28,20.27,59.99,-2300379.25,5.10
1:14,103233.73,33.97,15.81,103272.10,20.42,59.08,-2297345.25,4.89
1:15,103230.19,34.00,15.80,103271.77,20.22,60.41,-2297177.00,4.00
1:16,103232.25,34.01,15.75,103270.57,20.07,60.55,-2293462.50,4.68
1:17,103228.14,34.00,15.73,103269.67,20.34,59.22,-2291290.75,5.39
1:18,103225.64,33.94,15.78,103270.58,20.16,60.30,-2315086.50,5.89
1:19,103224.88,33.84,15.79,103274.24,20.50,59.17,-2315587.50,5.78
1:20,103229.44,33.78,15.89,103272.59,20.17,60.08,-2316192.00,5.65
1:21,103230.25,33.76,15.88,103271.00,20.13,60.75,-2317214.50,4.40
1:22,103231.66,33.77,15.88,103270.42,19.96,61.15,-2316946.75,4.74
1:23,103226.83,33.66,15.87,103268.46,19.80,61.37,-2304172.50,5.85
1:24,103235.50,33.61,16.04,103270.53,19.71,62.00,-2305659.00,5.35
1:25,103236.27,33.68,15.95,103271.16,19.87,61.81,-2306871.00,4.29
1:26,103234.98,33.68,15.96,103273.11,19.90,60.92,-2307187.75,5.30
1:27,103233.51,33.73,15.97,103273.67,19.87,62.03,-2308459.50,4.44
1:28,103234.97,33.74,16.04,103273.72,19.74,62.28,-2307982.00,5.59
1:29,103225.97,33.74,15.98,103272.59,19.87,61.90,-2308369.25,4.07
1:30,103243.03,33.73,15.97,103273.99,19.88,62.33,-2308980.00,5.30
1:31,103231.92,33.77,15.88,103273.82,19.93,61.22,-2309560.00,5.27
1:32,103229.96,33.78,15.96,103274.75,20.01,61.08,-2310184.50,4.65
1:33,103230.77,33.74,15.94,103274.21,20.01,61.10,-2281452.00,4.64
1:34,103232.88,33.71,15.99,103271.07,19.83,62.28,-2271564.00,5.34
1:35,103231.42,33.69,16.03,103272.47,19.86,61.75,-2284671.50,4.72
1:36,103224.78,33.68,15.93,103269.09,20.06,60.87,-2283295.75,5.31
1:37,103231.25,33.64,16.01,103265.17,19.69,63.07,-2285438.50,4.95
1:38,103230.86,33.67,15.92,103268.03,19.68,62.97,-2287296.00,4.85
1:39,103226.80,33.65,16.03,103261.50,19.63,63.15,-2294363.75,5.42
1:40,103228.94,33.61,16.02,103264.86,19.67,62.82,-2294789.50,4.41
1:41,103237.52,33.56,16.00,103269.08,19.78,62.48,-2327189.00,5.44
1:42,103242.52,33.65,16.06,103265.41,19.88,62.05,-2328190.00,4.81
1:43,103234.90,33.61,16.06,103265.81,19.82,62.27,-2329313.00,4.42
1:44,103241.85,33.52,16.02,103269.50,19.54,63.69,-2329610.50,4.10
1:45,103229.93,33.50,16.14,103270.63,19.85,62.29,-2311823.50,4.27
1:46,103234.64,33.59,16.16,103271.74,19.68,63.09,-2312949.50,5.91
1:47,103235.03,33.65,16.07,103270.14,19.58,63.46,-2312178.00,5.23
1:48,103231.75,33.69,16.03,103272.61,19.80,62.60,-470486.31,4.41
1:49,103225.80,33.73,16.09,103267.16,19.85,62.20,-537513.31,4.81
1:50,103225.46,33.74,16.11,103269.27,19.69,63.30,-505659.18,4.64
1:51,103230.08,33.74,16.03,103268.03,19.67,63.19,-536277.31,4.69
1:52,103227.86,33.68,16.04,103266.47,19.64,63.70,-590467.87,5.21
1:53,103224.86,33.67,16.10,103272.50,19.61,64.06,-649555.31,4.87
1:54,103231.12,33.67,16.17,103269.10,19.46,64.64,-680148.50,4.42
1:55,103233.19,33.60,16.06,103269.03,19.27,65.04,-685455.81,5.02
1:56,103245.75,33.49,16.08,103266.14,19.35,64.47,-659436.12,5.45
1:57,103224.45,33.51,16.22,103266.82,19.34,65.14,-969021.81,4.29
1:58,103235.53,33.63,16.16,103264.67,19.46,63.96,-966301.31,5.36
1:59,103228.99,33.60,16.17,103267.96,19.37,65.24,-935983.87,5.32
2:0,103232.85,33.60,16.16,103265.98,19.49,64.83,-907290.00,4.55
2:1,103230.14,33.64,16.15,103266.64,19.45,64.43,-1017719.31,4.74
2:2,103234.60,33.63,16.17,103268.86,19.35,64.95,-1079722.75,5.23
2:3,103231.90,33.59,16.15,103269.78,19.48,64.17,-983857.18,4.72
2:4,103226.03,33.54,16.11,103268.96,19.70,63.10,-1074744.25,5.22
2:5,103235.42,33.51,16.11,103265.53,19.55,63.88,-1705098.00,5.69
2:6,103228.01,33.49,16.11,103269.80,19.63,63.46,-322048.50,3.90
2:7,103226.03,33.48,16.19,103268.41,19.54,64.02,-287892.40,4.18
2:8,103236.41,33.56,16.26,103271.08,19.52,64.38,-565454.87,4.95
2:9,103231.64,33.60,16.21,103271.50,19.40,65.33,-522934.00,4.04
2:10,103228.08,33.61,16.18,103265.82,19.40,65.02,-528581.87,4.53
2:11,103234.05,33.60,16.23,103268.11,19.39,65.54,-517862.81,3.87
2:12,103233.14,33.61,16.17,103268.10,19.50,65.11,-494471.18,4.29
2:13,103237.64,33.53,16.21,103269.35,19.21,65.80,-492901.31,4.09
2:14,103232.99,33.45,16.25,103265.63,19.23,65.84,-473598.68,4.89
2:15,103230.07,33.42,16.31,103269.50,19.08,66.30,-492454.09,4.51
2:16,103220.13,33.47,16.39,103270.03,19.24,65.92,-486224.09,4.02
2:17,103230.19,33.53,16.34,103263.41,19.30,65.39,-482028.50,4.03
2:18,103227.67,33.57,16.27,103264.88,19.19,66.21,-502954.90,5.21
2:19,103234.82,33.59,16.24,103263.17,19.50,64.44,-556918.81,5.05
2:20,103228.34,33.62,16.22,103266.03,19.51,64.86,-780707.00,6.04
2:21,103225.78,33.56,16.18,103265.27,19.53,64.71,-712449.87,5.39
2:22,103231.10,33.43,16.15,103261.85,19.42,64.52,-807263.37,4.78
2:23,103227.03,33.34,16.26,103265.67,19.20,66.05,-796922.68,5.39
2:24,103227.77,33.24,16.32,103270.42,18.94,66.98,-682036.18,3.96
2:25,103226.69,33.32,16.46,103271.85,18.91,67.63,-1763127.75,3.91
2:26,103234.61,33.49,16.42,103267.75,19.24,65.39,-1508489.75,4.63
2:27,103222.69,33.56,16.33,103271.82,19.04,67.00,-933020.50,5.66
2:28,103224.45,33.61,16.34,103265.57,19.20,66.61,-428645.18,5.97
2:29,103220.03,33.63,16.27,103266.85,19.20,65.63,-2321856.50,5.56
2:30,103234.85,33.64,16.29,103264.93,19.18,67.12,-2347094.50,5.28
2:31,103227.78,33.60,16.21,103266.46,19.09,67.07,-2347673.00,4.94
2:32,103225.74,33.51,16.16,103266.67,19.37,65.06,-2358446.25,5.18
2:33,103233.67,33.45,16.26,103268.96,19.27,65.99,-2359894.50,4.54
2:34,103238.97,33.46,16.29,103266.28,19.19,66.08,-2360705.50,4.01
2:35,103235.03,33.49,16.37,103266.37,19.11,67.36,-2361207.50,5.69
2:36,103236.11,33.52,16.30,103278.11,18.73,69.02,-2361279.50,5.46
2:37,103226.97,33.55,16.35,103270.64,18.86,67.50,-2362364.50,4.10
2:38,103233.32,33.57,16.39,103275.52,19.02,67.46,-2362864.00,4.54
2:39,103229.92,33.58,16.35,103274.86,19.06,67.48,-2362598.00,5.03
2:40,103231.52,33.57,16.34,103273.17,18.98,67.38,-2363208.75,4.57
2:41,103237.17,33.56,16.32,103271.21,19.08,67.27,-2363364.25,4.28
2:42,103228.52,33.56,16.29,103274.24,19.05,67.77,-2361454.00,4.22
2:43,103233.83,33.57,16.30,103270.28,19.11,66.60,-2359478.00,3.93
2:44,103230.71,33.60,16.27,103279.32,19.00,67.88,-2360054.00,3.98
2:45,103232.55,33.54,16.28,103273.96,19.12,66.65,-2360080.25,4.16
2:46,103235.34,33.53,16.24,103278.35,19.01,67.62,-2360423.00,4.96
2:47,103233.02,33.52,16.32,103281.10,19.00,67.14,-2361633.25,4.41
2:48,103237.39,33.51,16.20,103282.64,18.92,68.18,-2362041.25,4.96
2:49,103234.86,33.49,16.33,103275.47,18.62,69.34,-2363030.50,3.94
2:50,103240.17,33.47,16.30,103275.96,18.68,68.47,-2349296.50,4.11
2:51,103239.14,33.47,16.37,103275.39,18.53,70.13,-2348060.75,4.20
2:52,103234.82,33.51,16.31,103273.76,18.76,68.76,-2359536.50,3.87
2:53,103239.79,33.53,16.39,103278.77,18.99,67.50,-1669239.25,5.07
2:54,103231.65,33.51,16.38,103273.74,18.72,68.71,-435710.18,4.18
2:55,103233.66,33.54,16.27,103280.38,18.84,68.22,-425543.59,4.91
2:56,103230.02,33.50,16.33,103279.46,18.81,68.98,-239009.09,5.09
2:57,103245.42,33.45,16.30,103279.64,18.76,67.81,-2366227.25,3.89
2:58,103236.12,33.42,16.34,103276.69,18.71,69.50,-2365537.50,3.87
2:59,103235.17,33.39,16.36,103276.32,18.62,69.65,-2366683.50,5.19
3:0,103237.19,33.38,16.37,103276.53,18.72,69.48,-417026.50,5.32
3:1,103235.26,33.41,16.37,103276.74,18.87,68.55,-482188.00,5.79
3:2,103238.00,33.42,16.39,103274.61,18.80,68.44,-595513.31,5.24
3:3,103233.28,33.40,16.47,103272.32,18.71,68.92,-932273.87,4.61
3:4,103230.29,33.41,16.40,103275.30,18.71,68.51,-959418.81,4.06
3:5,103237.96,33.43,16.34,103275.69,18.79,67.86,-964475.12,4.92
3:6,103235.00,33.40,16.35,103274.84,18.66,69.15,-1033952.37,4.86
3:7,103237.44,33.30,16.38,103276.28,18.68,67.99,-1021021.68,5.39
3:8,103236.72,33.27,16.33,103271.88,18.75,68.44,-1109873.25,4.78
3:9,103234.86,33.21,16.35,103273.25,18.85,67.77,-1116995.62,5.10
3:10,103239.03,20.80,59.30,103273.36,18.87,68.68,-1123430.62,0.48
3:11,103248.13,20.59,60.68,103275.32,18.81,69.68,-1777447.25,0.22
3:12,103247.70,20.73,58.83,103274.89,18.56,70.69,-1715092.37,0.23
3:13,103229.30,31.22,21.25,103275.91,18.40,70.56,-2425973.00,5.30
3:14,103235.82,32.75,17.71,103273.03,18.69,68.65,-2427314.75,5.21
3:15,103230.33,32.97,17.15,103274.39,18.88,67.64,-2427420.75,5.72
3:16,103243.53,33.04,16.91,103278.49,18.92,67.30,-2428039.25,5.01
3:17,103234.03,33.04,16.90,103275.80,18.89,67.59,-2427894.75,4.57
3:18,103242.92,33.02,16.84,103275.21,18.62,68.66,-2427626.00,5.23
3:19,103232.82,32.94,16.85,103274.34,18.39,69.52,-2427772.75,5.90
3:20,103233.67,32.90,16.91,103273.25,18.64,69.12,-2428814.75,3.98
3:21,103237.53,33.02,16.74,103275.90,18.67,67.85,-2429778.50,4.51
3:22,103231.67,33.06,16.73,103273.83,18.68,68.75,-2430734.75,5.34
3:23,103224.75,33.09,16.69,103273.88,18.87,68.28,-2431347.50,5.65
3:24,103234.13,33.11,16.62,103276.92,18.89,67.34,-2431616.50,4.92
3:25,103232.50,33.12,16.64,103276.08,18.80,68.41,-2431782.75,4.52
3:26,103233.86,33.09,16.63,103273.24,18.72,68.21,-2432521.50,4.72
3:27,103236.36,33.12,16.72,103274.25,18.54,69.93,-2433216.75,5.86
3:28,103236.45,33.18,16.68,103270.57,18.71,69.05,-2433971.50,5.52
3:29,103235.55,33.20,16.59,103270.79,18.60,69.38,-2434933.75,4.49
3:30,103237.22,33.19,16.67,103272.23,18.64,69.39,-2435172.50,5.19
3:31,103228.19,33.23,16.51,103273.18,18.76,67.21,-2436356.50,3.94
3:32,103234.78,33.23,16.62,103272.68,18.71,68.90,-2436756.75,5.21
3:33,103229.64,33.24,16.54,103272.35,18.81,68.45,-2437727.25,4.54
3:34,103234.01,33.22,16.59,103271.26,18.69,68.50,-2437868.25,5.26
3:35,103238.85,33.26,16.51,103269.50,18.75,67.99,-2439426.75,4.45
3:36,103233.55,33.26,16.64,103269.66,18.59,69.66,-2440194.00,5.96
3:37,103220.78,33.27,16.48,103270.78,18.68,68.50,-2440004.50,4.49
3:38,103230.36,33.24,16.51,103269.48,18.70,68.15,-2441284.25,5.95
3:39,103234.95,33.21,16.53,103269.83,18.57,69.18,-2441949.50,3.97
3:40,103232.07,33.17,16.56,103272.13,18.77,68.57,-2442458.25,4.98
3:41,103231.26,33.20,16.54,103269.83,18.63,69.47,-2442853.25,5.07
3:42,103232.38,33.22,16.58,103274.02,18.51,69.68,-2443261.75,4.19
3:43,103232.89,33.23,16.54,103270.74,18.50,70.18,-2443725.75,5.72
3:44,103226.39,33.21,16.64,103274.08,18.37,70.58,-2444575.50,4.40
3:45,103237.86,33.23,16.65,103276.89,18.39,70.39,-2445193.50,5.06
3:46,103237.95,33.22,16.54,103273.92,18.46,70.09,-2445231.25,5.25
3:47,103234.82,33.10,16.46,103278.75,18.39,69.84,-2437113.50,4.63
3:48,103231.50,33.06,16.75,103277.93,18.55,70.29,-2437124.50,4.04
3:49,103231.17,33.13,16.63,103275.90,18.47,69.71,-2438314.50,5.41
3:50,103234.99,33.17,16.67,103272.80,18.49,69.91,-2438726.50,5.19
3:51,103235.47,33.23,16.54,103277.82,18.43,70.51,-2433865.50,4.79
3:52,103237.74,33.18,16.63,103278.38,18.38,70.77,-781477.62,5.42
3:53,103238.80,33.15,16.58,103278.65,18.16,71.70,-1011535.31,3.98
3:54,103238.45,33.13,16.57,103272.22,18.55,69.06,-987270.68,5.81
3:55,103232.97,33.13,16.58,103270.52,18.60,69.14,-1084907.75,5.39
3:56,103234.56,33.11,16.64,103270.44,18.62,69.51,-934702.12,4.43
3:57,103227.79,33.17,16.61,103270.08,18.52,70.50,-2328508.25,4.36
3:58,103233.11,33.19,16.48,103268.14,18.57,69.09,-995661.87,5.83
3:59,103228.26,33.13,16.61,103271.00,18.47,70.33,-1047076.37,4.65
4:0,103230.66,33.13,16.60,103274.34,18.50,70.26,-996269.87,5.77
4:1,103240.63,33.10,16.66,103273.70,18.42,70.93,-1082184.62,5.11
4:2,103225.82,33.11,16.58,103274.70,18.57,69.73,-1023492.68,3.96
4:3,103242.69,33.10,16.61,103270.13,18.47,70.15,-1061971.25,5.48
4:4,103229.28,33.08,16.59,103274.21,18.36,71.06,-1146812.25,3.92
4:5,103225.43,33.09,16.64,103270.78,18.59,69.84,-946380.12,4.90
4:6,103225.17,33.08,16.59,103268.11,18.47,69.75,-949474.68,3.93
4:7,103228.82,33.05,16.64,103271.14,18.42,70.61,-861443.18,4.53
4:8,103223.46,33.06,16.56,103271.66,18.36,70.38,-972519.81,4.56
4:9,103231.58,33.01,16.63,103273.05,18.21,71.49,-1189529.75,4.49
4:10,103226.07,33.04,16.65,103272.36,18.30,70.76,-726099.81,3.87
4:11,103223.07,33.04,16.67,103273.49,18.39,70.48,-550103.50,4.20
4:12,103225.63,33.02,16.64,103277.63,18.18,71.44,-1016067.62,4.47
4:13,103236.03,33.00,16.67,103274.35,18.31,71.00,-530639.12,4.59
4:14,103228.33,33.00,16.65,103272.19,18.33,70.20,-1037492.50,4.39
4:15,103229.69,32.98,16.75,103274.69,18.17,72.08,-917036.18,5.06
4:16,103224.86,33.02,16.59,103273.07,18.48,69.84,-917962.37,4.66
4:17,103231.58,33.00,16.67,103272.74,18.59,68.97,-843972.00,4.08
4:18,103226.61,32.98,16.59,103274.23,18.36,69.58,-698816.81,5.14
4:19,103230.16,32.94,16.72,103271.27,18.41,69.86,-1860948.00,5.68
4:20,103226.05,32.95,16.70,103273.66,18.14,71.15,-2371175.25,4.95
4:21,103227.30,32.94,16.64,103272.74,18.34,70.13,-2440476.50,5.06
4:22,103228.54,32.93,16.67,103272.97,18.18,71.40,-2450644.50,5.24
4:23,103222.03,32.91,16.72,103273.62,18.03,72.12,-2448898.50,4.63
4:24,103234.19,32.92,16.86,103273.73,17.90,73.01,-1819904.75,5.08
4:25,103229.14,32.91,16.65,103275.63,17.99,71.67,-1022461.00,4.16
4:26,103230.17,32.93,16.59,103276.35,18.18,71.30,-1088306.50,5.03
4:27,103229.93,32.87,16.72,103273.67,18.07,71.65,-1634068.75,4.29
4:28,103236.78,32.82,16.85,103275.74,18.01,71.98,-2103720.50,5.27
4:29,103232.11,32.84,16.73,103277.07,17.91,72.29,-2042386.37,5.36
4:30,103233.77,32.80,16.79,103275.53,18.02,71.50,-2053980.37,4.86
4:31,103237.92,32.83,16.84,103278.07,18.18,71.24,-2400214.50,4.95
4:32,103236.66,32.85,16.82,103278.35,18.06,71.90,-2327873.00,5.57
4:33,103237.13,32.87,16.63,103276.64,18.22,70.55,-2484700.00,5.21
4:34,103232.24,32.82,16.71,103278.08,18.06,71.69,-2479390.50,4.27
4:35,103238.91,32.68,16.76,103275.61,17.93,72.70,-2480086.50,4.90
4:36,103225.42,32.65,16.75,103274.64,17.92,72.23,-2481172.50,4.94
4:37,103236.78,32.58,16.87,103279.14,17.82,73.08,-2481292.25,3.85
4:38,103237.35,32.60,16.82,103278.40,17.94,72.06,-2482751.50,4.35
4:39,103232.66,32.63,16.72,103278.07,18.03,71.46,-2483409.50,4.68
4:40,103238.05,32.63,16.90,103274.88,18.04,71.38,-2483153.50,5.00
4:41,103228.77,32.66,16.81,103275.13,18.02,71.78,-2490584.75,5.12
4:42,103221.39,32.64,16.80,103273.61,17.96,71.36,-2490580.50,4.89
4:43,103235.30,32.61,16.81,103274.07,18.09,70.82,-2490951.25,5.32
4:44,103230.28,32.58,16.88,103277.81,18.06,70.91,-2492325.50,4.93
4:45,103223.52,32.57,16.91,103275.32,17.94,71.90,-2492987.50,5.54
4:46,103230.53,32.57,16.87,103275.78,18.19,69.92,-2493537.25,4.16
4:47,103238.83,32.57,16.88,103273.39,17.90,71.33,-2496856.25,5.32
4:48,103236.86,32.57,16.83,103272.80,17.78,72.33,-2491077.25,5.20
4:49,103225.70,32.55,16.86,103278.18,17.81,72.04,-2488863.50,4.76
4:50,103227.44,32.52,16.88,103276.61,17.80,72.05,-2489934.00,4.89
4:51,103232.21,32.45,16.79,103275.13,17.77,71.91,-2490059.50,4.49
4:52,103235.46,32.35,16.85,103277.58,17.79,71.26,-2490486.25,5.45
4:53,103226.24,32.38,16.92,103274.46,17.77,72.43,-2489628.75,5.16
4:54,103227.39,32.39,16.90,103273.75,17.67,72.38,-2491186.50,5.21
4:55,103223.50,32.31,16.84,103273.58,17.54,73.10,-2491673.50,3.90
4:56,103226.50,32.21,16.82,103272.91,17.42,73.40,-2488600.75,4.93
4:57,103225.19,32.09,16.90,103272.67,17.50,72.28,-2488524.00,4.09
4:58,103222.26,32.04,17.01,103269.78,17.32,73.71,-2488875.50,4.42
4:59,103229.95,31.97,17.01,103270.00,17.28,73.76,-2488598.50,3.93
5:0,103230.49,32.00,17.06,103268.17,17.59,72.45,-2490548.75,4.12
5:1,103231.41,32.12,17.00,103266.63,17.69,72.40,-2489533.25,4.29
5:2,103224.03,32.17,17.05,103270.91,17.81,70.59,-2490200.00,3.88
5:3,103235.74,32.22,17.03,103272.00,17.79,71.61,-2489998.50,5.52
5:4,103224.42,32.25,16.88,103268.74,17.71,71.73,-2489197.75,4.59
5:5,103219.45,32.14,16.96,103266.25,17.69,71.58,-2489921.50,4.91
5:6,103220.44,32.17,17.00,103270.66,18.05,69.70,-2481922.00,4.58
5:7,103224.73,32.18,16.97,103268.82,17.84,70.98,-2450174.75,5.17
5:8,103223.96,32.17,17.06,103267.67,17.72,71.17,-2449459.25,5.26
5:9,103223.66,32.19,17.03,103268.00,17.72,71.40,-2444930.00,4.37
5:10,103225.21,32.19,16.97,103273.08,17.83,70.78,-2419614.50,5.36
5:11,103235.42,32.12,16.88,103266.28,17.64,71.19,-2385427.75,5.34
5:12,103221.84,31.98,17.01,103268.71,17.48,72.49,-2408165.50,5.16
5:13,103223.94,31.92,17.05,103271.02,17.45,72.88,-2421401.75,4.59
5:14,103233.35,31.87,17.05,103269.10,17.22,73.62,-2457900.50,4.32
5:15,103230.78,31.80,17.02,103267.71,17.52,71.79,-2457802.25,5.57
5:16,103233.67,31.78,17.11,103271.84,17.43,72.53,-2451632.00,4.55
5:17,103230.72,31.77,17.15,103271.94,17.41,72.52,-2453402.25,5.20
5:18,103235.75,31.80,17.12,103270.06,17.65,71.09,-2429495.00,4.87
5:19,103228.28,31.83,17.12,103268.78,17.59,71.98,-2432133.00,5.71
5:20,103230.69,31.86,17.05,103270.32,17.51,72.03,-2437083.25,4.31
5:21,103223.08,31.84,17.01,103271.49,17.65,71.05,-2432042.75,5.56
5:22,103223.52,31.79,16.99,103272.52,17.68,69.71,-2432223.25,4.07
5:23,103220.57,31.73,17.16,103269.39,17.76,69.91,-2433564.50,5.36
5:24,103221.89,31.78,17.05,103269.92,17.60,71.21,-2397599.25,5.20
5:25,103218.12,31.70,17.09,103267.60,17.51,71.35,-2405848.00,4.61
5:26,103232.02,31.72,17.03,103269.50,17.66,70.07,-2410912.75,3.96
5:27,103219.73,31.69,17.09,103271.41,17.73,68.79,-2408974.50,5.23
5:28,103217.10,31.60,17.09,103266.60,17.60,70.50,-2409895.50,4.85
5:29,103225.42,31.54,17.11,103268.41,17.34,71.59,-2410284.75,5.27
5:30,103224.32,31.59,17.03,103268.72,17.45,70.57,-2411054.00,5.03
5:31,103225.42,31.53,17.04,103264.16,17.48,70.22,-2416825.75,4.86
5:32,103230.21,31.49,17.03,103267.41,17.50,70.46,-2408238.25,4.74
5:33,103237.49,31.50,17.14,103266.82,17.51,70.56,-2408548.50,5.14
5:34,103227.50,31.51,17.05,103265.50,17.56,69.57,-2407945.25,4.66
5:35,103225.55,31.48,17.04,103265.14,17.58,69.28,-2410686.00,4.90
5:36,103237.17,31.48,17.10,103265.95,17.71,68.36,-2408583.00,5.65
5:37,103227.46,31.40,17.07,103268.78,17.53,70.02,-2407558.75,4.45
5:38,103226.65,31.37,17.19,103271.82,17.44,70.24,-2416235.50,5.00
5:39,103232.13,31.43,17.10,103268.93,17.54,69.99,-2415050.75,3.91
5:40,103233.89,31.41,17.10,103264.62,17.49,69.94,-2412304.75,4.77
5:41,103228.72,31.39,17.23,103269.70,17.57,69.06,-2405497.25,5.51
5:42,103239.03,31.42,17.19,103269.86,17.63,68.63,-917680.50,4.69
5:43,103233.58,31.44,17.24,103277.11,17.56,69.62,-2491859.75,5.00
5:44,103238.18,31.47,17.22,103276.66,17.71,68.79,-2504620.50,5.23
5:45,103247.75,31.47,17.20,103276.44,17.59,69.30,-2513135.50,3.89
5:46,103232.19,31.45,17.16,103277.46,17.46,70.26,-2518994.50,4.04
5:47,103237.53,31.40,17.13,103279.28,17.44,70.24,-1995257.37,4.94
5:48,103249.03,31.27,17.10,103276.47,17.26,70.52,-1922636.00,5.07
5:49,103253.05,31.19,17.16,103278.99,17.17,71.00,-1894154.00,4.81
5:50,103240.77,31.12,17.39,103282.02,17.29,70.44,-1950938.75,5.13
5:51,103239.03,31.19,17.26,103278.85,17.40,69.86,-2066151.00,5.17
5:52,103236.35,31.22,17.24,103279.69,17.56,68.57,-1758577.37,5.14
5:53,103241.28,31.24,17.21,103279.83,17.56,68.30,-2517288.75,5.34
5:54,103245.11,31.24,17.27,103283.06,17.59,68.56,-2518379.25,4.92
5:55,103242.21,31.24,17.25,103281.89,17.53,68.18,-2450250.50,5.37
5:56,103240.52,31.25,17.27,103281.80,17.52,68.89,-2454477.50,5.47
5:57,103236.08,31.26,17.16,103280.16,17.45,68.63,-2411855.75,4.34
5:58,103244.02,31.25,17.22,103277.32,17.52,68.28,-2537160.25,5.63
5:59,103245.12,31.24,17.17,103281.03,17.40,68.71,-2540529.50,4.74
6:0,103239.32,31.20,17.19,103279.74,17.47,68.77,-2541161.50,5.68
6:1,103247.88,31.18,17.23,103278.21,17.38,68.93,-2541643.50,5.24
6:2,103247.17,31.21,17.21,103282.39,17.49,68.06,-2542504.00,4.85
6:3,103239.72,31.22,17.17,103286.75,17.63,67.13,-2542280.00,4.96
6:4,103242.58,31.22,17.15,103285.06,17.67,67.36,-2543621.25,4.22
6:5,103245.49,31.18,17.16,103285.49,17.37,69.46,-2543501.50,5.30
6:6,103238.74,31.13,17.20,103287.42,17.26,69.87,-2543647.25,5.56
6:7,103254.63,31.14,17.13,103288.44,17.32,69.46,-2545107.50,3.89
6:8,103248.44,31.15,17.11,103289.96,17.51,68.31,-2544417.25,4.97
6:9,103252.32,31.14,17.07,103289.79,17.57,67.44,-2545332.50,4.68
6:10,103255.78,31.16,17.10,103288.74,17.45,68.72,-2546705.75,4.03
6:11,103246.59,31.17,17.11,103290.38,17.44,68.45,-2548098.00,4.34
6:12,103248.09,31.19,17.12,103291.84,17.44,68.64,-2548986.00,4.00
6:13,103254.88,31.09,17.11,103285.04,17.20,69.66,-2547907.50,4.16
6:14,103252.82,31.05,17.11,103287.81,17.26,70.15,-2550332.50,5.14
6:15,103250.52,31.10,17.21,103289.78,17.44,68.67,-2549908.75,3.88
6:16,103249.25,31.10,17.19,103289.29,17.41,69.02,-2550830.75,4.44
6:17,103255.39,31.09,17.23,103291.00,17.25,70.15,-2552551.25,5.08
6:18,103266.92,31.14,17.16,103288.97,17.41,69.01,-2552124.75,5.61
6:19,103259.92,31.14,17.13,103296.10,17.59,67.99,-2553840.00,4.94
6:20,103259.13,31.16,17.13,103291.57,17.53,68.39,-2555344.50,5.72
6:21,103250.33,31.16,17.13,103286.86,17.61,67.66,-2553723.25,4.91
6:22,103256.25,31.14,17.10,103288.46,17.47,68.70,-2553792.50,4.92
6:23,103254.71,31.10,17.21,103293.02,17.37,69.46,-2552707.25,3.80
6:24,103253.00,31.09,17.30,103293.36,17.32,69.46,-2554183.25,4.63
6:25,103265.88,31.13,17.12,103294.14,17.45,68.81,-2556066.00,4.63
6:26,103262.13,31.13,17.13,103296.07,17.63,67.58,-2556436.75,4.25
6:27,103259.83,31.09,17.23,103293.77,17.62,68.17,-2556406.75,5.43
6:28,103263.03,31.11,17.21,103297.31,17.56,68.71,-2557788.50,4.77
6:29,103258.72,31.14,17.23,103294.42,17.42,69.17,-2553839.50,4.61
6:30,103258.34,31.15,17.15,103287.87,17.66,67.78,-2170274.25,4.63
6:31,103247.70,31.13,17.24,103295.03,17.58,68.48,-2206347.50,5.62
6:32,103255.19,31.15,17.18,103292.59,17.40,69.94,-2307503.00,4.83
6:33,103250.78,31.09,17.24,103289.70,17.38,69.45,-2299904.75,4.05
6:34,103256.75,31.05,17.20,103288.97,17.47,68.61,-2362649.50,3.94
6:35,103251.10,31.00,17.15,103292.78,17.72,67.51,-2401452.00,4.63
6:36,103252.93,31.03,17.19,103288.42,18.08,65.72,-2388049.25,5.10
6:37,103253.39,31.04,17.22,103293.35,17.91,67.09,-2422714.00,4.14
6:38,103256.72,31.03,17.26,103287.35,17.53,68.24,-2418252.00,4.29
6:39,103254.64,31.03,17.16,103288.16,17.76,66.58,-2414611.00,4.80
6:40,103252.67,30.98,17.24,103293.13,17.90,66.82,-2415929.25,4.96
6:41,103250.10,30.97,17.29,103289.63,17.50,69.04,-2404231.00,5.02
6:42,103258.99,30.95,17.24,103289.37,17.76,67.28,-2402256.00,4.76
6:43,103245.21,30.97,17.24,103292.97,17.55,68.23,-2416117.75,4.21
6:44,103264.02,31.02,17.19,103296.14,17.62,68.16,-2411700.00,4.40
6:45,103256.91,30.97,17.19,103295.50,17.73,67.12,-2415410.75,3.95
6:46,103256.91,30.96,17.36,103295.96,17.82,66.22,-2415206.00,3.95
6:47,103259.64,31.05,17.28,103299.27,17.90,66.76,-2412408.50,4.86
6:48,103256.64,31.12,17.30,103299.82,17.69,67.51,-2414726.25,4.30
6:49,103266.82,31.17,17.18,103300.47,17.80,67.34,-2406001.25,4.63
6:50,103250.65,31.19,17.18,103300.89,17.66,68.39,-2369090.00,4.54
6:51,103264.67,31.16,17.18,103303.28,17.93,66.86,-2378972.50,5.35
6:52,103265.63,31.13,17.27,103302.88,18.00,66.87,-2375155.25,4.76
6:53,103264.83,31.19,17.17,103300.07,17.87,67.24,-2388302.00,5.65
6:54,103268.19,31.17,17.04,103303.36,18.27,63.86,-2402247.25,3.85
6:55,103268.77,31.20,17.14,103306.69,18.17,66.16,-2415672.50,3.96
6:56,103261.26,31.21,17.26,103302.53,17.73,68.28,-2413805.75,4.69
6:57,103254.75,31.23,17.19,103303.33,17.75,68.39,-2353247.25,4.96
6:58,103269.03,31.20,17.06,103303.39,18.11,65.00,-2347168.75,5.18
6:59,103267.65,31.19,17.21,103298.21,17.61,68.55,-2341192.75,4.05
7:0,103265.25,31.23,17.17,103305.67,17.87,67.28,-2347638.75,4.64
7:1,103258.67,31.27,17.13,103304.75,17.89,67.47,-2350277.25,4.97
7:2,103259.90,31.35,17.19,103300.10,17.89,67.70,-2348204.00,4.84
7:3,103269.01,31.42,17.10,103304.88,17.82,67.91,-2342640.50,5.13
7:4,103261.38,31.48,16.93,103303.46,18.02,66.90,-2374753.00,5.87
7:5,103269.50,31.48,17.03,103304.33,18.04,67.41,-2362827.75,5.14
7:6,103255.49,31.49,17.12,103301.99,18.07,67.22,-2355137.00,5.28
7:7,103259.18,31.51,17.01,103308.21,18.00,66.92,-2359583.25,4.53
7:8,103264.02,31.57,17.00,103306.86,18.25,66.13,-2590303.25,3.89
7:9,103265.05,31.58,16.88,103310.23,18.58,64.28,-2591188.00,5.23
7:10,103263.15,31.60,16.85,103306.74,18.51,64.39,-2591934.00,4.34
7:11,103256.49,31.70,16.87,103306.93,18.32,65.67,-2591772.75,4.84
7:12,103259.64,31.70,16.81,103306.22,18.64,64.35,-2591434.75,3.88
7:13,103263.70,31.71,16.83,103305.96,18.68,63.93,-2592804.00,4.60
7:14,103265.86,31.73,16.79,103310.39,18.55,63.29,-2587651.50,3.92
7:15,103265.33,31.76,16.72,103310.67,18.66,63.12,-2587740.75,5.09
7:16,103266.38,31.73,16.70,103312.80,18.83,62.50,-2587342.50,4.71
7:17,103267.13,31.76,16.75,103313.96,18.86,62.55,-2587367.25,4.81
7:18,103264.36,31.78,16.77,103315.67,18.51,64.60,-2588825.25,4.95
7:19,103272.84,31.80,16.73,103314.11,18.48,64.05,-2589875.50,4.49
7:20,103266.08,31.88,16.67,103310.07,18.67,63.48,-2590548.75,4.11
7:21,103265.42,31.89,16.77,103312.16,18.72,62.99,-2590893.50,4.47
7:22,103268.39,31.92,16.69,103316.11,18.90,62.31,-2591301.25,5.25
7:23,103262.49,31.92,16.69,103317.33,18.72,64.02,-2594689.25,3.85
7:24,103262.35,31.98,16.70,103319.11,18.57,64.98,-2595441.25,4.16
7:25,103277.82,31.97,16.68,103319.80,18.50,65.80,-2596277.50,4.86
7:26,103280.61,31.92,16.61,103318.11,18.72,63.17,-2597012.00,4.80
7:27,103272.23,31.86,16.68,103318.70,19.12,62.53,-2596974.00,4.36
7:28,103284.86,31.89,16.76,103318.54,18.86,64.13,-2597317.50,4.38
7:29,103280.01,31.92,16.60,103319.97,18.91,62.55,-2603960.75,4.89
7:30,103275.25,31.97,16.66,103321.78,18.67,64.74,-2604163.50,5.21
7:31,103276.53,32.02,16.67,103326.16,18.83,63.27,-2604680.25,5.38
7:32,103280.36,32.06,16.64,103329.36,18.61,65.52,-2604904.25,4.60
7:33,103278.36,32.08,16.62,103327.26,18.86,63.19,-2604283.25,3.96
7:34,103287.60,32.14,16.63,103324.02,18.74,64.60,-2605508.50,4.74
7:35,103279.35,32.16,16.63,103325.30,18.81,64.63,-2605300.00,4.09
7:36,103281.13,32.26,16.70,103325.90,18.87,64.59,-2606254.00,5.01
7:37,103283.33,32.30,16.53,103324.64,18.75,63.69,-2607232.50,4.64
7:38,103280.85,32.29,16.60,103327.89,18.68,65.17,-2606012.00,4.18
7:39,103286.14,32.28,16.47,103325.84,18.93,62.41,-2604943.25,5.40
7:40,103281.96,32.23,16.43,103327.73,18.89,63.37,-2606240.25,4.15
7:41,103289.36,32.22,16.53,103332.91,18.84,64.38,-2606953.25,5.34
7:42,103284.49,32.22,16.50,103332.00,18.94,63.52,-2606348.75,5.16
7:43,103294.14,32.21,16.60,103331.75,18.78,64.31,-2606726.50,4.40
7:44,103288.39,32.24,16.47,103334.03,18.84,63.42,-2606645.75,4.35
7:45,103295.71,32.27,16.49,103334.05,19.01,63.04,-2606367.00,4.52
7:46,103289.71,32.32,16.49,103333.58,19.07,62.76,-2610364.75,5.29
7:47,103287.13,32.36,16.45,103334.15,19.04,63.19,-2610982.00,3.88
7:48,103293.83,32.34,16.44,103339.16,19.04,62.13,-2612034.50,4.52
7:49,103285.89,32.30,16.43,103340.96,18.95,63.90,-2612219.50,4.86
7:50,103296.13,32.32,16.49,103338.67,18.95,63.87,-2612842.75,4.56
7:51,103292.74,32.38,16.47,103337.46,19.17,61.92,-2613384.75,3.86
7:52,103299.93,32.39,16.45,103342.73,19.30,62.65,-2614027.50,5.86
7:53,103297.84,32.41,16.53,103342.92,19.07,63.28,-2614747.50,5.25
7:54,103304.64,32.49,16.41,103339.44,19.22,63.18,-1071715.25,5.03
7:55,103296.35,32.53,16.51,103342.88,19.15,63.55,-1146698.62,4.29
7:56,103291.71,32.57,16.42,103334.92,19.50,60.72,-1030942.50,5.18
7:57,103294.75,32.56,16.32,103336.75,19.46,61.31,-1182356.37,4.01
7:58,103299.39,32.51,16.17,103335.89,19.77,59.07,-1269109.75,4.09
7:59,103296.22,32.51,16.49,103337.69,19.59,61.03,-1197621.37,5.17
8:0,103286.57,32.63,16.32,103336.06,19.48,62.16,-1190052.75,3.87
8:1,103294.72,32.70,16.33,103337.33,19.65,60.59,-1299340.37,5.30
8:2,103297.83,32.77,16.03,103336.73,19.67,59.55,-1410955.62,5.07
8:3,103297.03,32.59,16.34,103340.57,19.78,59.71,-1793968.75,5.41
8:4,103291.30,32.69,16.31,103341.50,19.84,58.97,-1591167.62,4.68
8:5,103302.37,32.77,16.30,103341.27,19.76,59.97,-1441081.87,4.58
8:6,103297.55,32.81,16.25,103342.67,20.00,59.06,-1375862.50,4.09
8:7,103291.25,32.78,16.18,103342.28,20.08,58.81,-1299550.87,3.92
8:8,103297.57,32.77,16.09,103345.67,20.17,57.48,-1391731.50,4.69
8:9,103304.20,32.74,16.41,103344.76,19.92,60.67,-1492136.25,4.72
8:10,103296.03,32.89,16.32,103344.74,19.80,60.91,-686758.62,4.44
8:11,103301.04,32.94,16.16,103347.78,19.86,60.16,-718170.18,4.25
8:12,103303.96,32.96,16.33,103348.64,19.82,61.12,-2614987.50,5.14
8:13,103297.44,33.06,16.27,103345.80,19.86,60.46,-2627875.25,4.00
8:14,103303.88,33.09,16.05,103347.91,19.99,59.53,-2628208.00,4.02
8:15,103306.17,33.08,15.97,103342.77,20.33,57.66,-2628211.50,5.18
8:16,103305.75,33.06,15.93,103345.29,20.45,56.27,-2629156.50,3.98
8:17,103297.01,33.06,15.94,103347.05,20.50,56.16,-2625528.75,4.92
8:18,103307.21,33.07,16.00,103348.35,20.51,56.82,-2630025.50,4.33
8:19,103310.40,33.20,16.07,103348.74,20.39,58.62,-2630621.50,3.96
8:20,103304.13,33.32,15.92,103348.82,20.49,57.73,-2630754.25,4.65
8:21,103309.02,33.33,15.84,103350.41,20.59,56.35,-2632438.50,5.15
8:22,103310.35,33.37,15.79,103355.02,20.79,55.34,-2632254.00,4.92
8:23,103308.42,33.39,15.94,103351.97,20.73,57.56,-2633691.50,4.09
8:24,103313.61,33.54,15.95,103353.60,20.57,58.39,-2634205.25,5.10
8:25,103313.36,33.64,15.98,103353.25,20.49,59.24,-2634826.50,4.90
8:26,103315.60,33.72,15.87,103353.69,20.69,57.26,-2635853.50,5.26
8:27,103313.92,33.74,15.71,103354.10,20.69,56.83,-2636363.25,4.30
8:28,103300.46,33.75,15.76,103352.47,20.63,57.49,-2637217.25,4.69
8:29,103309.50,33.77,15.51,103351.96,20.80,55.47,-2637887.25,4.52
8:30,103313.66,33.67,15.75,103352.17,20.82,57.61,-2638311.25,5.44
8:31,103319.39,33.80,15.83,103355.66,20.67,58.65,-2620368.50,4.85
8:32,103313.69,33.94,15.91,103354.18,20.51,59.84,-641625.62,4.48
8:33,103319.63,34.07,15.68,103354.03,20.78,58.04,-2521597.25,4.85
8:34,103310.10,34.16,15.67,103357.58,20.89,58.09,-2525792.50,4.33
8:35,103315.48,34.21,15.59,103357.91,20.85,58.14,-2527065.50,4.69
8:36,103323.08,34.20,15.59,103357.38,20.79,58.42,-2496050.50,4.42
8:37,103318.91,34.23,15.54,103359.79,20.97,57.13,-1497406.25,5.21
8:38,103309.28,34.29,15.51,103357.57,21.18,56.59,-1303812.75,4.26
8:39,103319.78,34.15,15.44,103357.67,21.07,56.12,-814159.68,4.38
8:40,103317.88,34.23,15.64,103357.74,21.03,56.06,-957091.31,4.97
8:41,103318.58,34.36,15.52,103359.43,20.91,57.81,-2529827.50,5.08
8:42,103316.32,34.32,15.48,103357.61,20.99,56.63,-2635373.00,4.85
8:43,103309.35,34.37,15.51,103353.27,21.21,56.80,-2417302.50,5.65
8:44,103316.07,34.40,15.40,103354.69,21.15,56.49,-2430109.25,5.42
8:45,103313.26,34.33,15.38,103358.89,21.38,55.64,-2423902.50,4.16
8:46,103325.71,34.47,15.54,103361.03,21.30,57.10,-2425182.50,5.12
8:47,103314.20,34.59,15.47,103358.12,21.23,57.21,-2435977.50,3.91
8:48,103316.17,34.59,15.53,103360.36,21.38,56.38,-2439834.50,4.98
8:49,103316.05,34.58,15.53,103360.46,21.69,55.81,-2440959.25,5.34
8:50,103317.36,34.72,15.40,103357.72,21.71,54.08,-2636384.00,4.56
8:51,103324.10,34.65,15.22,103359.68,22.00,52.43,-2638194.75,5.24
8:52,103316.42,34.59,15.22,103359.98,22.08,51.74,-2639616.75,4.56
8:53,103311.94,34.57,15.23,103360.17,21.94,52.85,-2640428.00,4.54
8:54,103316.51,34.70,15.42,103361.48,21.81,54.53,-2640650.50,5.82
8:55,103319.53,34.76,15.34,103359.83,21.88,53.13,-2641019.75,5.21
8:56,103317.35,34.66,15.36,103358.82,21.81,53.07,-2641734.75,4.55
8:57,103317.57,34.65,15.48,103358.95,21.79,54.65,-2643061.25,5.20
8:58,103313.74,34.67,15.35,103362.05,21.85,53.35,-2643188.50,4.32
8:59,103321.10,34.51,15.49,103361.24,21.73,54.37,-2643247.25,4.10
9:0,103314.17,34.57,15.47,103357.27,21.84,54.73,-2644040.00,5.26
9:1,103319.14,34.67,15.43,103359.25,21.84,53.72,-2644412.75,5.37
9:2,103319.89,34.75,15.12,103359.69,22.16,50.81,-2644838.50,5.27
9:3,103322.78,34.72,15.19,103359.44,22.20,51.93,-2645986.50,4.74
9:4,103318.00,34.75,15.23,103358.09,22.27,51.58,-2646520.00,3.97
9:5,103303.46,34.81,15.17,103358.66,22.33,51.40,-2647029.50,6.08
9:6,103324.34,34.86,15.44,103358.21,22.33,53.80,-2646980.75,4.40
9:7,103324.86,35.08,15.13,103361.35,22.48,50.33,-2647369.50,4.54
9:8,103327.58,35.04,14.89,103359.66,22.63,49.34,-2648747.25,5.59
9:9,103308.28,34.87,14.95,103358.16,22.39,50.07,-2649214.50,6.00
9:10,103323.69,34.80,14.97,103355.72,22.43,48.82,-2648962.75,3.97
9:11,103310.37,34.89,15.03,103358.66,22.45,50.33,-2650026.75,5.39
9:12,103316.83,34.94,14.85,103359.25,22.83,47.85,-2650469.50,5.48
9:13,103316.50,34.99,14.89,103361.32,22.80,48.55,-2134211.50,4.56
9:14,103318.53,35.02,14.84,103363.71,23.01,47.34,-2181194.00,4.73
9:15,103317.54,34.97,14.80,103361.90,22.94,47.76,-2158418.75,5.17
9:16,103317.02,34.98,14.79,103361.24,22.77,48.27,-2188190.25,4.79
9:17,103314.02,34.96,14.84,103360.69,22.68,49.20,-2163391.75,4.78
9:18,103318.05,34.98,14.85,103363.77,22.76,48.21,-2152223.25,4.81
9:19,103317.50,35.02,14.98,103360.33,23.00,48.83,-2153911.75,3.98
9:20,103323.67,35.11,14.89,103362.00,22.94,48.75,-2165601.25,5.23
9:21,103319.83,35.16,14.93,103360.72,22.97,48.58,-2169963.00,5.46
9:22,103316.71,35.26,14.86,103360.08,22.96,48.89,-2153770.75,4.58
9:23,103320.53,35.33,14.84,103364.85,23.00,48.60,-2152442.50,4.03
9:24,103323.46,35.37,14.72,103363.31,22.94,48.39,-2143158.50,3.99
9:25,103319.54,35.26,14.68,103360.42,22.83,47.85,-2146228.75,4.03
9:26,103319.82,35.30,14.71,103363.76,23.11,48.44,-2159773.25,4.52
9:27,103324.50,35.43,14.68,103362.36,23.35,47.47,-2153735.25,4.82
9:28,103316.55,35.31,14.59,103366.58,23.30,45.82,-2144239.25,4.30
9:29,103322.32,35.14,14.65,103364.14,23.30,46.55,-2151179.25,4.48
9:30,103325.39,35.13,14.75,103367.35,23.22,46.88,-2155536.25,5.04
9:31,103316.00,35.24,14.61,103360.88,23.33,45.61,-2151815.00,4.94
9:32,103323.58,35.26,14.60,103366.60,23.38,46.25,-2169208.00,4.33
9:33,103324.33,35.22,14.56,103365.89,23.50,44.03,-2177141.75,5.41
9:34,103325.02,35.23,14.55,103366.63,23.39,45.70,-2169873.25,4.28
9:35,103329.86,35.32,14.63,103371.60,23.42,45.94,-2158963.50,5.00
9:36,103328.57,35.46,14.64,103372.70,23.37,46.66,-2163096.75,4.72
9:37,103330.25,35.75,14.70,103367.71,23.53,46.80,-2182675.00,5.09
9:38,103326.92,35.90,14.63,103373.05,23.54,46.24,-2313894.50,5.22
9:39,103328.86,35.77,14.62,103372.98,23.46,46.83,-2297862.75,4.99
9:40,103328.03,35.57,14.43,103373.35,23.32,46.10,-2407111.25,5.47
9:41,103335.36,35.60,14.50,103372.85,23.62,45.35,-2408366.00,4.08
9:42,103326.89,35.71,14.58,103369.71,23.81,45.49,-2485204.75,4.58
9:43,103325.19,35.88,14.46,103370.47,24.06,44.80,-2484383.25,4.83
9:44,103328.11,35.92,14.45,103368.06,24.04,45.38,-2480584.75,5.74
9:45,103324.57,36.02,14.39,103374.30,24.00,45.77,-2483752.50,5.23
9:46,103328.90,35.96,14.18,103375.72,23.95,44.07,-2455326.50,4.36
9:47,103329.67,35.82,14.17,103378.88,23.95,44.07,-2449305.50,5.42
9:48,103332.32,35.85,14.30,103373.93,24.03,44.90,-2495842.75,3.96
9:49,103332.85,36.04,14.29,103372.19,24.12,43.86,-2635171.50,6.02
9:50,103334.90,36.18,14.32,103377.17,24.31,44.79,-2550844.00,4.80
9:51,103327.69,36.37,14.29,103374.69,24.44,45.43,-2657723.50,4.86
9:52,103326.33,36.42,14.04,103374.60,24.58,42.93,-2674147.25,3.95
9:53,103326.07,36.34,14.00,103376.05,24.51,42.67,-2676037.75,5.10
9:54,103342.06,36.33,13.98,103376.35,24.55,42.33,-2675909.50,4.83
9:55,103323.64,36.37,14.03,103376.00,24.53,43.06,-2677921.25,3.91
9:56,103332.34,36.20,13.95,103375.24,24.83,40.33,-2679096.00,4.87
9:57,103333.05,35.98,13.87,103375.16,24.60,40.08,-2680325.50,3.95
9:58,103332.82,35.76,14.04,103374.08,24.66,39.87,-2681182.50,5.25
9:59,103329.71,35.73,14.02,103375.96,24.86,38.65,-2681003.50,4.63
10:0,103335.47,35.73,14.12,103377.60,24.76,40.13,-2682101.75,5.54
10:1,103336.16,35.67,14.23,103376.47,24.70,39.68,-2682818.75,4.58
10:2,103335.88,35.65,14.26,103376.89,24.22,41.82,-2683542.50,4.01
10:3,103328.15,35.69,14.26,103375.55,24.35,41.77,-2683476.50,5.25
10:4,103334.79,35.72,14.42,103373.62,24.20,42.76,-2683924.50,4.94
10:5,103331.77,35.68,14.39,103379.97,23.99,42.78,-2684473.50,4.63
10:6,103331.88,35.81,14.33,103376.00,24.41,41.61,-2684575.25,5.42
10:7,103337.33,35.96,14.36,103374.88,24.27,43.45,-2685086.50,4.86
10:8,103334.65,36.04,14.23,103375.83,24.41,42.31,-2685142.00,4.65
10:9,103341.08,36.02,14.06,103375.21,24.72,40.68,-2685959.25,4.71
10:10,103335.08,36.06,14.12,103376.86,24.74,41.65,-2686292.50,4.10
10:11,103330.19,36.16,14.20,103375.70,24.90,41.20,-2686255.50,5.10
10:12,103328.82,36.35,14.18,103375.07,25.01,41.70,-2687298.00,4.52
10:13,103334.16,36.46,14.17,103375.23,25.06,41.82,-2687900.75,5.86
10:14,103331.00,36.51,14.05,103377.71,24.96,41.65,-2688025.75,5.64
10:15,103328.07,36.52,13.91,103377.64,25.10,41.05,-2688146.50,4.57
10:16,103328.33,36.64,14.08,103377.89,25.20,41.70,-2688474.00,4.03
10:17,103341.82,36.74,13.84,103380.61,25.37,40.28,-2689148.75,6.11
10:18,103336.07,36.68,13.98,103381.10,25.32,40.63,-2689552.00,5.01
10:19,103334.96,36.61,14.00,103381.96,25.32,40.71,-2689798.50,4.79
10:20,103333.74,36.62,13.94,103379.03,24.90,41.02,-2690667.50,5.28
10:21,103338.73,36.56,13.91,103381.01,25.13,41.00,-2690559.25,5.21
10:22,103330.82,36.55,13.91,103379.57,25.12,40.85,-2690932.00,4.95
10:23,103348.03,36.59,13.80,103382.71,25.18,40.46,-2692225.50,4.43
10:24,103333.89,36.44,13.82,103385.21,25.46,38.51,-2692145.50,3.96
10:25,103336.38,36.34,14.03,103381.49,24.73,42.11,-2691367.50,4.45
10:26,103333.55,36.32,14.04,103379.53,24.55,42.58,-2691824.00,5.09
10:27,103327.97,36.38,13.93,103377.87,24.94,41.06,-2692044.75,5.48
10:28,103325.39,36.55,14.04,103380.78,25.21,42.02,-2691292.75,5.18
10:29,103336.81,36.94,14.05,103382.35,25.40,40.92,-2679161.50,5.51
10:30,103332.35,37.19,13.83,103379.27,25.71,40.37,-2488708.50,4.96
10:31,103337.49,37.30,13.77,103377.82,25.70,40.65,-2505824.75,4.63
10:32,103340.42,37.32,13.64,103382.49,25.53,40.37,-2535508.00,5.45
10:33,103332.69,36.87,13.27,103380.00,24.99,39.30,-2541932.25,4.96
10:34,103343.43,36.17,13.73,103380.16,24.63,39.87,-2621868.50,4.34
10:35,103331.96,35.99,13.99,103380.80,24.75,41.03,-2653326.25,5.34
10:36,103339.03,36.18,13.86,103382.64,24.86,40.17,-2654923.50,5.25
10:37,103335.62,36.31,13.82,103381.96,25.54,37.77,-2656007.25,5.14
10:38,103334.33,36.39,13.78,103380.11,25.70,37.37,-2664574.50,5.37
10:39,103343.44,36.41,13.75,103376.66,25.58,37.62,-2665479.50,5.47
10:40,103335.29,36.59,14.15,103381.52,25.76,39.76,-2663907.25,5.84
10:41,103344.11,37.05,13.73,103379.17,26.19,37.43,-2621137.25,4.54
10:42,103332.91,37.13,13.78,103376.44,26.27,37.83,-2622805.25,5.56
10:43,103332.17,37.28,13.70,103378.16,26.13,38.01,-2622695.25,4.05
10:44,103332.37,37.15,13.60,103376.67,25.97,37.81,-2623299.50,5.31
10:45,103335.87,37.26,13.91,103380.91,25.99,39.45,-2623629.75,4.83
10:46,103331.91,37.49,13.82,103379.77,26.20,39.68,-2623598.25,5.13
10:47,103337.10,37.67,13.72,103379.74,26.45,38.81,-2668452.50,4.06
10:48,103339.16,37.82,13.59,103380.39,25.96,39.11,-2669971.25,4.06
10:49,103336.99,37.72,13.49,103378.07,25.59,39.57,-2671070.00,5.67
10:50,103337.08,37.70,13.66,103382.08,25.67,40.89,-2670743.50,5.28
10:51,103338.67,37.78,13.48,103383.16,26.08,38.81,-2671449.50,4.34
10:52,103341.60,37.78,13.30,103378.25,26.36,37.29,-2671862.75,4.11
10:53,103335.74,37.66,13.39,103381.98,26.46,37.53,-2680390.00,5.41
10:54,103338.16,37.78,13.74,103384.54,26.24,40.29,-2684088.50,4.67
10:55,103338.45,37.94,13.57,103384.10,25.80,41.01,-2685822.00,6.06
10:56,103338.30,37.84,13.28,103386.10,26.22,37.93,-2685903.25,4.69
10:57,103336.35,37.47,13.41,103378.99,26.44,36.93,-2686982.75,3.91
10:58,103337.35,37.54,13.63,103382.11,26.39,38.19,-2687312.25,4.52
10:59,103344.49,37.58,13.26,103383.75,26.54,36.16,-2687476.75,4.63
11:0,103335.11,37.51,13.32,103382.45,26.46,35.96,-2688008.75,5.74
11:1,103340.42,37.35,13.40,103379.32,26.50,36.77,-2688713.50,4.24
11:2,103337.31,37.46,13.64,103380.55,26.02,37.87,-2689093.25,5.32
11:3,103333.10,37.61,13.70,103381.70,25.94,38.90,-2689546.75,4.85
11:4,103338.89,37.67,13.36,103382.17,26.13,36.81,-2689651.50,6.03
11:5,103331.00,37.40,13.19,103381.86,26.26,36.00,-2689273.50,4.65
11:6,103331.83,37.22,13.25,103378.10,26.26,34.81,-2690274.50,4.16
11:7,103330.53,36.96,13.24,103377.03,26.47,34.22,-2690459.75,3.98
11:8,103344.64,37.04,13.49,103379.75,26.72,35.88,-2689332.50,5.48
11:9,103334.82,37.35,12.82,103374.33,26.27,32.12,-2636651.25,3.94
11:10,103337.07,36.34,13.01,103376.38,26.18,32.55,-2625606.75,4.33
11:11,103329.25,36.46,13.95,103377.24,26.39,37.28,-2622996.75,4.37
11:12,103325.79,37.02,13.55,103377.24,26.30,35.78,-2620002.50,5.13
11:13,103327.97,37.21,13.55,103377.02,26.44,36.49,-2625562.50,5.17
11:14,103324.13,37.32,13.30,103373.92,26.40,34.98,-2627141.25,5.49
11:15,103327.63,37.15,13.34,103379.45,26.60,33.50,-2628066.75,4.61
11:16,103330.72,36.56,12.95,103371.53,26.33,31.81,-2629641.75,4.12
11:17,103329.08,36.38,13.17,103371.92,26.41,32.08,-2630683.50,5.26
11:18,103329.10,36.68,13.67,103375.05,26.63,34.45,-2630344.00,5.41
11:19,103325.14,36.61,12.99,103373.74,26.37,31.79,-2630804.75,5.02
11:20,103326.14,36.37,13.50,103373.11,26.28,33.53,-2630386.75,4.49
11:21,103324.97,36.64,13.48,103376.25,26.76,33.15,-2630115.25,5.87
11:22,103334.32,36.94,13.55,103376.19,26.74,34.58,-2630570.75,5.28
11:23,103329.88,37.17,13.24,103376.33,26.70,33.32,-2630457.00,5.32
11:24,103330.28,36.98,13.03,103373.85,26.94,32.12,-2631210.00,4.36
11:25,103329.50,36.74,13.11,103374.94,26.88,32.21,-2630478.25,5.44
11:26,103331.10,37.10,13.76,103376.72,26.79,35.85,-2630936.50,5.28
11:27,103330.99,37.41,13.13,103380.29,27.05,32.31,-2631116.50,5.79
11:28,103329.52,37.38,13.13,103376.92,27.27,32.02,-2629925.00,4.70
11:29,103338.80,37.31,13.24,103382.67,27.34,33.48,-2627688.00,4.38
11:30,103330.64,37.37,13.22,103375.21,26.91,33.52,-2629767.75,6.51
11:31,103334.09,37.15,12.73,103377.57,26.81,30.92,-2630596.50,5.16
11:32,103336.31,36.80,13.26,103376.10,27.20,32.56,-2630200.50,4.77
11:33,103323.33,37.11,13.06,103379.21,27.66,30.34,-2561470.00,5.29
11:34,103319.03,37.13,13.11,103374.50,27.49,31.23,-2476489.50,5.41
11:35,103329.46,37.13,12.91,103377.08,27.59,29.73,-2490967.75,5.45
11:36,103329.30,37.00,12.97,103375.85,27.61,29.95,-2488923.50,4.52
11:37,103324.90,37.07,13.00,103373.49,27.38,30.40,-2507998.50,4.87
11:38,103323.75,36.79,13.02,103376.85,27.10,30.80,-2487795.50,4.30
11:39,103330.53,36.87,13.15,103375.53,27.37,31.16,-2494990.00,5.34
11:40,103335.88,37.01,13.12,103374.80,27.49,30.42,-2510401.00,4.43
11:41,103323.07,37.20,12.95,103375.45,27.68,30.17,-2512429.50,4.61
11:42,103323.77,37.11,13.07,103376.22,27.49,30.91,-2510836.50,5.62
11:43,103317.86,36.99,12.81,103374.47,27.32,30.01,-2506585.75,4.14
11:44,103324.18,36.66,13.04,103372.99,27.40,30.29,-2506665.75,4.68
11:45,103319.72,36.57,13.21,103372.57,27.13,31.38,-2491246.50,3.93
11:46,103322.74,37.13,13.36,103374.57,27.35,32.23,-2487879.50,5.12
11:47,103327.50,37.29,13.05,103371.19,27.24,30.86,-2511353.00,4.19
11:48,103321.42,37.37,13.30,103373.92,27.43,33.24,-2498751.50,5.43
11:49,103319.47,37.61,13.10,103374.75,27.73,32.37,-2494693.25,4.54
11:50,103325.00,37.85,12.98,103377.94,28.28,30.88,-2489424.75,5.17
11:51,103329.31,37.90,13.06,103374.74,28.10,32.91,-2469405.25,5.10
11:52,103331.36,38.04,13.06,103374.08,27.79,32.65,-2467342.50,5.47
11:53,103326.63,37.92,13.00,103373.22,28.00,32.69,-2471150.50,5.35
11:54,103328.61,38.28,13.11,103377.04,28.10,33.26,-2433821.50,5.79
11:55,103325.57,38.44,12.71,103377.64,28.07,31.63,-2550467.50,4.52
11:56,103335.67,38.29,12.82,103382.50,27.74,32.49,-2558654.50,4.49
11:57,103332.53,38.33,12.89,103376.84,27.75,32.75,-2560134.50,4.01
11:58,103335.71,38.38,12.64,103377.78,28.24,30.92,-2563262.50,5.01
11:59,103326.45,38.29,12.73,103372.96,28.24,32.17,-2554653.50,4.84
12:0,103330.91,38.34,12.60,103374.76,28.07,31.00,-2569316.75,4.23
12:1,103319.89,37.90,12.53,103373.08,27.90,30.38,-2568187.25,5.97
12:2,103319.14,37.88,12.90,103370.02,27.73,31.85,-2570535.50,5.29
12:3,103328.10,38.06,12.87,103369.75,28.02,31.63,-2571013.25,4.15
12:4,103329.88,38.43,12.80,103371.61,28.37,31.24,-2571698.50,5.23
12:5,103322.24,38.38,12.68,103369.53,28.21,30.30,-2574036.50,4.49
12:6,103320.64,38.10,12.56,103366.95,27.90,30.70,-2575206.00,5.17
12:7,103318.99,37.81,12.83,103370.24,27.72,31.90,-2575966.50,5.83
12:8,103322.00,38.09,12.85,103370.25,28.01,31.26,-2574209.50,5.28
12:9,103317.59,37.89,12.56,103368.64,27.83,30.78,-2571641.50,5.83
12:10,103325.92,37.62,12.94,103365.80,27.86,31.30,-2574518.50,5.48
12:11,103332.88,37.98,13.02,103373.21,28.03,32.44,-2578765.75,4.40
12:12,103324.37,38.42,13.35,103372.01,28.38,34.03,-2579577.25,5.90
12:13,103328.61,38.95,13.00,103377.07,28.30,33.82,-2601808.75,5.65
12:14,103321.07,38.83,12.77,103374.77,27.82,33.25,-2605196.50,5.38
12:15,103321.27,38.39,12.43,103376.20,27.54,31.42,-2604825.50,3.89
12:16,103319.35,38.08,12.79,103373.02,27.89,31.46,-2606266.50,4.55
12:17,103321.80,38.28,12.64,103373.91,27.91,31.56,-2605891.50,5.13
12:18,103319.64,38.17,12.72,103374.27,27.67,31.95,-2606281.25,6.06
12:19,103318.92,38.10,12.73,103373.03,27.42,31.78,-2607305.50,5.35
12:20,103325.03,38.11,12.63,103371.98,27.48,31.29,-2608751.50,3.91
12:21,103320.77,37.92,12.46,103369.25,27.32,30.50,-2608472.50,3.97
12:22,103319.95,37.46,12.70,103367.02,27.19,31.04,-2608014.00,3.87
12:23,103314.75,37.72,13.04,103366.19,27.97,30.60,-2606210.50,4.05
12:24,103318.60,38.06,12.79,103360.14,28.48,30.07,-2600860.00,4.84
12:25,103318.80,38.24,12.66,103361.39,28.67,29.87,-2599774.50,4.47
12:26,103332.74,38.29,12.70,103359.78,28.71,29.49,-2629811.50,5.01
12:27,103318.89,38.33,12.55,103360.91,28.70,29.19,-2646683.75,4.85
12:28,103317.41,38.25,12.65,103361.89,28.64,29.77,-2651817.75,5.63
12:29,103313.60,38.65,12.79,103363.95,28.62,31.33,-2625220.75,4.44
12:30,103310.94,38.64,12.41,103360.71,28.76,29.40,-2638160.25,5.23
12:31,103307.52,38.44,12.50,103360.47,28.60,29.31,-2673095.75,4.00
12:32,103318.22,38.54,12.69,103360.06,28.77,30.20,-2668537.50,5.09
12:33,103312.99,39.01,12.97,103362.54,28.67,32.88,-2414296.00,4.87
12:34,103314.83,39.31,12.64,103360.39,28.57,31.91,-1006761.31,4.34
12:35,103303.00,39.19,12.31,103359.39,28.84,29.75,-2721268.25,4.54
12:36,103316.46,38.47,12.04,103356.30,28.41,28.74,-2722529.50,5.03
12:37,103310.50,38.12,12.71,103363.71,28.02,30.63,-78994.40,3.98
12:38,103308.80,38.31,12.49,103361.96,28.09,29.69,-136132.79,5.45
12:39,103315.71,38.11,12.48,103361.11,27.94,30.12,-730083.50,4.53
12:40,103309.96,38.18,12.72,103362.71,27.88,31.96,-2353070.50,4.92
12:41,103306.88,38.48,12.72,103361.41,28.20,30.99,-2711444.75,5.10
12:42,103305.25,38.35,12.79,103357.07,28.42,31.95,-2710075.50,5.52
12:43,103306.06,38.70,12.68,103355.53,28.66,30.33,-1125606.25,5.34
12:44,103307.50,38.46,12.32,103357.30,28.27,29.44,-311174.40,4.85
12:45,103305.49,38.15,12.47,103359.97,28.30,29.85,-36914.80,5.93
12:46,103311.71,37.76,12.53,103352.32,28.47,28.97,-34003.90,4.41
12:47,103318.01,38.03,12.73,103354.38,28.55,29.30,-61005.90,5.17
12:48,103314.46,38.04,12.63,103357.96,28.61,28.88,-324024.09,4.58
12:49,103304.24,38.30,13.26,103357.25,28.66,33.24,-626604.31,4.43
12:50,103306.70,39.00,12.78,103354.76,28.75,30.72,-47144.50,5.84
12:51,103310.07,39.06,12.82,103358.36,28.66,32.02,-2705423.25,4.70
12:52,103310.60,38.98,12.70,103354.83,28.39,33.17,-2713612.50,4.43
12:53,103309.82,39.20,12.49,103357.14,28.84,30.63,-2718083.25,6.17
12:54,103310.28,38.97,12.48,103351.66,28.89,30.44,-166930.79,5.85
12:55,103308.66,38.94,12.79,103352.96,28.69,31.52,-478032.50,5.94
12:56,103310.59,38.91,12.16,103351.24,28.38,29.83,-319199.18,4.90
12:57,103307.88,38.29,12.66,103352.47,28.32,31.36,-343839.90,5.97
12:58,103314.00,38.60,12.67,103351.34,28.41,31.16,-181862.90,5.11
12:59,103307.27,38.95,12.63,103351.55,29.12,29.92,-154161.70,5.88
13:0,103305.58,39.06,12.51,103349.96,29.05,30.01,-76503.21,4.43
13:1,103306.22,39.19,12.54,103352.78,29.37,30.06,-2721061.50,5.43
13:2,103304.37,39.30,12.44,103349.27,29.55,29.75,-128044.21,5.99
13:3,103302.86,39.46,12.54,103353.63,29.49,30.47,-30677.80,4.56
13:4,103307.64,39.38,12.30,103350.31,29.37,29.69,-8533.20,5.80
13:5,103308.57,39.34,12.25,103352.66,29.50,29.11,-17039.00,5.25
13:6,103305.60,39.30,12.48,103355.96,29.36,30.02,-511829.09,4.81
13:7,103318.50,39.53,12.57,103354.71,29.16,32.04,-95716.90,4.34
13:8,103304.97,39.21,12.25,103354.98,28.64,30.25,-24161.80,5.60
13:9,103308.67,38.51,12.44,103352.66,28.32,30.89,-18159.70,3.96
13:10,103306.35,38.73,12.73,103356.75,28.69,31.01,-84191.30,4.31
13:11,103323.05,39.12,12.81,103357.60,28.67,32.95,-15173.60,3.94
13:12,103306.53,39.06,12.36,103350.11,28.32,31.42,-40220.50,6.04
13:13,103309.94,39.02,12.56,103349.68,28.51,31.48,-59344.00,5.39
13:14,103300.69,39.19,12.55,103353.42,28.62,31.74,-170641.79,4.68
13:15,103301.85,39.44,12.47,103353.75,29.08,30.77,-13812.70,4.27
13:16,103302.84,39.35,12.32,103352.14,29.20,29.74,-22257.70,4.45
13:17,103310.49,39.26,12.24,103351.92,29.46,28.62,-134972.90,6.03
13:18,103303.70,39.29,12.39,103349.14,29.52,29.59,-62106.30,4.40
13:19,103310.34,39.20,12.20,103352.36,29.54,28.44,-2716766.00,4.29
13:20,103305.00,39.12,12.27,103350.21,29.59,28.03,-2731930.50,3.86
13:21,103302.27,39.16,12.25,103347.14,29.78,27.89,-2731815.50,3.87
13:22,103306.17,39.37,12.32,103348.14,29.78,28.67,-2734504.00,6.14
13:23,103300.05,39.36,12.25,103348.78,29.72,28.69,-201485.79,4.07
13:24,103313.38,39.47,12.71,103354.01,29.45,32.17,-229514.40,5.49
13:25,103303.44,39.35,11.81,103346.17,28.87,27.83,-209068.29,5.39
13:26,103303.55,38.87,12.24,103351.97,29.02,27.88,-508740.81,5.21
13:27,103296.47,38.52,12.50,103350.89,29.01,29.75,-1168891.75,4.63
13:28,103301.38,38.55,12.29,103346.05,28.90,28.12,-423048.81,4.98
13:29,103297.88,38.65,12.43,103347.61,28.97,28.61,-2727109.25,5.31
13:30,103302.85,38.95,12.36,103351.05,29.64,27.80,-2731229.25,5.15
13:31,103294.71,38.54,12.07,103345.03,29.24,27.20,-632918.31,4.42
13:32,103304.76,38.10,12.18,103340.85,28.90,26.45,-200561.90,5.32
13:33,103301.71,37.68,12.28,103341.67,28.80,26.35,-401679.59,5.30
13:34,103294.14,37.69,12.67,103340.25,29.01,27.08,-257259.00,5.71
13:35,103296.94,38.15,13.08,103342.30,29.08,30.58,-262156.68,4.36
13:36,103287.33,38.51,12.38,103340.17,28.68,27.96,-392645.18,4.85
13:37,103291.69,38.34,12.28,103342.52,28.60,27.46,-2747199.50,4.69
13:38,103291.41,38.28,12.31,103340.00,28.92,27.88,-80666.00,5.56
13:39,103291.24,38.39,12.28,103339.00,29.57,26.21,-885580.62,5.97
13:40,103289.64,38.55,12.54,103342.49,29.61,27.19,-791962.12,5.88
13:41,103285.47,38.54,12.02,103336.41,29.54,25.42,-2749922.00,3.93
13:42,103291.31,38.10,11.96,103333.71,29.55,25.04,-2751009.75,4.89
13:43,103282.30,38.01,12.62,103333.94,29.20,27.72,-2748970.75,3.85
13:44,103289.77,38.40,12.28,103332.97,29.38,26.42,-2748868.50,5.70
13:45,103283.50,38.45,12.23,103333.02,28.84,27.22,-250947.20,5.68
13:46,103291.32,38.27,12.05,103330.16,28.56,25.95,-304618.81,4.32
13:47,103285.28,38.15,12.17,103328.13,28.71,26.12,-692240.00,4.03
13:48,103281.16,37.62,11.77,103327.58,28.56,24.71,-223942.40,5.51
13:49,103281.81,37.32,12.30,103324.07,28.86,25.36,-227878.00,5.35
13:50,103288.45,37.67,12.85,103327.58,28.95,28.21,-183885.59,5.72
13:51,103279.99,38.42,12.66,103327.78,29.05,28.35,-2702134.50,4.11
13:52,103275.71,38.79,12.51,103324.64,28.88,28.87,-2733752.50,5.99
13:53,103275.05,38.81,12.53,103328.33,28.93,29.90,-2723780.00,5.24
13:54,103289.48,39.09,12.46,103330.38,29.20,28.89,-2726479.00,5.48
13:55,103282.36,38.90,11.99,103323.71,29.32,26.71,-1000403.31,4.98
13:56,103273.19,38.40,12.13,103324.08,29.27,26.87,-417728.09,4.16
13:57,103280.03,38.53,12.38,103324.71,29.12,27.59,-260475.29,4.97
13:58,103277.97,38.95,12.35,103318.67,29.92,26.90,-1877160.00,6.08
13:59,103277.39,39.21,12.21,103318.46,30.39,26.19,-2754425.25,4.34
14:0,103282.07,39.29,12.03,103319.57,30.09,26.40,-2736946.00,5.39
14:1,103267.00,39.11,11.94,103319.53,29.53,27.14,-2751919.50,5.77
14:2,103270.85,38.98,11.93,103315.77,29.85,25.68,-2752060.50,3.90
14:3,103274.35,38.70,12.11,103318.66,29.43,27.24,-808086.87,4.90
14:4,103267.44,38.88,12.33,103316.40,29.74,27.73,-2737359.50,5.52
14:5,103275.05,39.23,12.24,103313.03,30.11,27.31,-2740823.25,5.15
14:6,103270.86,39.39,12.16,103310.31,30.35,27.06,-2743772.00,5.51
14:7,103275.32,39.54,12.20,103314.07,30.15,28.01,-2743882.75,6.03
14:8,103264.58,39.86,12.21,103311.32,30.49,28.00,-2749121.50,4.04
14:9,103265.28,40.13,12.40,103312.86,30.11,31.43,-2752329.25,4.45
14:10,103269.39,40.53,11.92,103313.49,30.07,31.08,-2754531.25,5.44
14:11,103263.45,40.11,11.80,103314.39,29.50,29.02,-2755577.00,5.48
14:12,103277.19,39.63,12.09,103319.11,29.30,29.21,-2738827.50,5.10
14:13,103268.98,39.61,11.96,103312.50,29.58,28.90,-2752245.25,5.81
14:14,103269.98,39.78,12.08,103314.30,30.16,27.89,-353033.00,4.90
14:15,103263.90,39.95,12.08,103313.07,30.71,27.52,-2755648.75,4.40
14:16,103274.94,40.07,11.99,103315.91,30.70,27.65,-2755886.00,5.97
14:17,103268.15,40.12,12.04,103313.03,30.67,27.71,-2755994.75,4.65
14:18,103269.96,40.11,11.83,103316.00,30.54,26.94,-2754108.00,5.45
14:19,103267.64,39.85,11.73,103311.03,30.38,26.74,-2743933.25,4.05
14:20,103267.51,39.75,12.00,103310.20,30.16,28.27,-2742995.25,5.37
14:21,103263.92,40.03,12.16,103312.16,30.07,28.86,-2756002.50,5.32
14:22,103263.44,40.18,11.79,103311.80,29.99,28.52,-2747201.50,4.45
14:23,103255.35,40.21,12.19,103310.28,29.97,30.17,-197291.29,4.94
14:24,103257.02,40.49,12.03,103306.51,30.29,29.57,-2730292.00,4.83
14:25,103262.71,40.54,12.05,103308.66,30.21,29.55,-2740790.50,5.26
14:26,103264.60,40.42,12.16,103311.81,30.06,30.54,-2747393.25,4.45
14:27,103261.78,40.29,11.78,103310.94,30.00,28.24,-2747647.25,4.65
14:28,103254.63,40.23,11.87,103307.35,30.51,27.77,-2750039.25,4.78
14:29,103255.41,40.11,12.05,103308.19,30.38,29.54,-2749781.75,5.83
14:30,103258.02,40.31,12.12,103310.75,29.85,30.60,-2748863.25,4.75
14:31,103259.02,40.53,12.06,103306.03,29.77,31.09,-2749633.25,5.36
14:32,103262.25,40.11,11.71,103308.62,29.51,28.79,-513953.68,4.47
14:33,103259.46,39.68,11.81,103309.10,29.36,28.77,-2617342.50,3.94
14:34,103264.63,39.51,11.88,103306.69,29.04,29.37,-2747458.75,4.44
14:35,103263.85,39.53,12.01,103308.71,29.71,28.16,-2751653.00,4.38
14:36,103268.64,39.62,12.04,103301.22,30.21,27.41,-2744546.25,4.41
14:37,103262.66,39.97,12.16,103307.46,30.48,28.41,-2750388.25,6.39
14:38,103253.92,40.18,11.83,103300.50,30.83,26.69,-1664191.00,4.40
14:39,103258.94,40.06,11.96,103304.35,30.86,27.39,-1800197.25,6.09
14:40,103249.32,40.33,11.98,103307.07,30.81,27.01,-2562711.25,4.52
14:41,103253.42,40.17,11.66,103307.78,30.67,26.48,-2754709.50,5.75
14:42,103254.57,40.05,11.95,103303.00,30.49,27.07,-2754177.50,5.32
14:43,103262.06,39.92,11.72,103306.32,29.85,27.35,-2661109.25,5.92
14:44,103259.35,39.83,12.00,103308.00,29.75,27.94,-553497.00,4.77
14:45,103262.96,39.95,11.87,103303.55,30.28,27.32,-586594.87,5.83
14:46,103258.88,40.00,11.90,103302.35,30.62,26.92,-2756438.75,5.42
14:47,103246.56,40.07,11.60,103301.63,30.95,25.46,-2755606.00,5.53
14:48,103257.17,39.77,11.59,103301.00,30.43,26.71,-2753137.50,5.18
14:49,103253.10,39.08,11.71,103301.42,29.49,27.52,-2746876.75,4.34
14:50,103256.33,39.12,12.12,103299.35,29.89,26.85,-2734164.75,5.92
14:51,103257.28,39.62,12.22,103304.43,30.07,28.30,-2732387.75,4.99
14:52,103260.30,39.59,11.79,103300.28,30.14,27.08,-2706979.25,4.27
14:53,103254.91,39.55,11.72,103290.42,30.18,26.37,-2708108.75,4.40
14:54,103252.58,39.55,12.31,103297.53,30.19,29.14,-2704943.50,4.07
14:55,103242.07,40.06,11.79,103293.00,30.28,26.86,-2734188.50,4.96
14:56,103261.28,39.62,11.75,103292.39,30.25,26.53,-1552476.25,4.82
14:57,103253.14,39.57,11.80,103295.75,30.56,25.67,-2646443.50,5.46
14:58,103248.78,39.35,11.84,103293.83,30.42,25.95,-1599899.00,4.27
14:59,103245.91,39.55,12.37,103295.18,30.61,29.10,-1748024.00,4.97
15:0,103243.41,40.20,11.96,103294.69,31.10,26.46,-2720523.50,5.30
15:1,103237.73,40.32,11.69,103291.57,31.42,24.99,-2721698.50,5.92
15:2,103248.94,39.99,11.57,103294.42,31.49,24.64,-2722334.75,3.86
15:3,103246.59,39.95,11.60,103296.21,30.95,24.75,-2717182.50,4.38
15:4,103257.60,39.65,11.79,103290.92,30.58,26.03,-2720701.50,5.19
15:5,103249.00,39.86,11.86,103291.41,31.07,25.70,-2717344.75,4.38
15:6,103243.94,40.04,11.74,103294.19,31.51,24.77,-2717683.25,4.92
15:7,103235.74,40.19,11.78,103288.85,31.93,24.56,-2476486.50,6.07
15:8,103236.19,40.28,11.70,103289.59,31.86,24.42,-339653.18,4.27
15:9,103239.36,40.34,11.74,103284.05,31.75,24.80,-470391.00,4.33
15:10,103244.16,40.13,12.45,103286.22,31.44,27.09,-365910.40,0.75
15:11,103247.19,25.26,56.78,103286.56,31.06,30.58,-2759008.00,0.55
15:12,103242.90,27.76,33.54,103282.64,30.81,27.97,-2760500.50,0.43
15:13,103238.16,29.27,42.97,103283.91,30.43,27.30,-2760742.50,3.97
15:14,103235.99,38.10,14.01,103280.12,30.57,26.60,-2762444.25,4.66
15:15,103238.85,39.42,12.63,103281.14,30.72,26.42,-2762218.75,5.13
15:16,103229.83,39.54,12.13,103279.39,31.04,25.82,-2761978.75,5.92
15:17,103231.99,39.73,12.16,103279.96,31.57,25.17,-2761306.50,4.32
15:18,103242.47,39.89,12.27,103279.28,31.12,27.30,-2755376.00,5.18
15:19,103226.92,40.19,12.03,103278.96,31.59,25.39,-2650336.25,4.40
15:20,103221.71,40.19,11.91,103276.50,32.10,24.68,-2728606.75,4.13
15:21,103233.96,40.26,11.85,103272.58,32.46,23.88,-2727834.25,5.71
15:22,103230.47,40.28,11.83,103271.93,32.30,23.26,-2731932.75,5.25
15:23,103229.42,40.18,12.03,103277.55,32.10,25.58,-2732659.25,5.11
15:24,103234.08,40.04,11.72,103279.34,31.98,24.47,-2756528.50,5.35
15:25,103233.75,39.96,12.08,103278.32,31.62,26.52,-2756878.75,4.74
15:26,103223.27,40.41,12.19,103274.27,31.76,27.37,-2758256.75,5.80
15:27,103222.67,40.77,11.92,103270.32,32.48,25.27,-2758161.75,5.43
15:28,103227.94,40.47,11.46,103274.50,32.03,24.25,-2755665.50,4.06
15:29,103229.14,39.72,11.62,103271.74,31.53,24.64,-2759090.00,5.85
15:30,103227.88,39.70,11.90,103272.08,32.06,24.69,-2759077.25,6.03
15:31,103223.02,39.97,12.12,103271.63,31.89,25.14,-490054.09,6.04
15:32,103224.65,39.83,11.84,103272.42,31.94,24.59,-2760271.50,6.14
15:33,103217.77,39.96,11.90,103261.55,32.73,23.34,-2761775.75,5.30
15:34,103221.42,40.34,11.96,103265.84,33.48,23.11,-726947.62,6.20
15:35,103215.10,40.43,11.72,103264.16,33.62,22.74,-2711057.50,4.58
15:36,103218.03,40.58,11.85,103265.79,33.61,22.91,-726405.37,6.37
15:37,103211.75,39.93,11.57,103258.16,32.17,23.96,-2760684.75,4.32
15:38,103213.55,39.84,11.89,103262.25,33.12,23.24,-2760694.00,5.70
15:39,103226.21,39.87,11.96,103261.79,33.35,22.93,-2761400.75,5.70
15:40,103211.94,39.93,11.91,103263.52,33.62,22.29,-2755609.25,4.34
15:41,103214.47,39.97,11.93,103262.91,33.90,22.23,-2756918.50,4.44
15:42,103214.53,40.32,12.00,103264.63,33.53,22.88,-2757133.75,5.76
15:43,103215.42,40.10,11.77,103265.14,33.70,22.32,-2757520.75,4.81
15:44,103213.64,39.89,11.82,103260.33,34.12,21.28,-2756437.25,5.31
15:45,103209.92,39.98,12.11,103263.11,34.78,21.40,-2756236.00,4.61
15:46,103211.76,40.46,11.75,103265.82,35.40,19.51,-2754657.50,4.29
15:47,103210.36,40.14,11.61,103266.57,34.70,20.80,-2755430.75,4.88
15:48,103214.59,40.29,12.28,103269.44,35.33,22.12,-2756043.50,4.74
15:49,103219.47,40.93,12.21,103271.07,35.49,21.15,-2756865.75,6.16
15:50,103210.35,40.58,11.36,103264.66,35.34,19.40,-2756593.25,5.30
15:51,103218.22,40.43,11.83,103267.31,35.73,20.02,-2756480.00,4.28
15:52,103222.82,40.62,11.76,103267.64,36.54,18.91,-2756123.00,5.35
15:53,103208.08,40.70,11.58,103265.76,37.54,17.43,-2756526.75,3.85
15:54,103209.46,40.72,11.55,103264.20,37.91,17.16,-2757758.50,5.36
15:55,103215.16,40.72,11.58,103263.85,37.66,17.64,-2769132.00,4.41
15:56,103210.91,40.85,11.92,103265.46,36.92,19.80,-2772187.25,6.10
15:57,103214.44,40.97,11.43,103264.06,36.92,18.10,-2772824.75,5.39
15:58,103208.25,40.52,11.74,103273.03,36.52,19.66,-2773558.25,3.88
15:59,103217.69,40.92,11.81,103267.19,37.03,18.22,-2775698.75,5.98
16:0,103214.92,41.04,11.49,103269.44,37.76,17.38,-2778232.75,5.43
16:1,103220.72,40.96,11.63,103270.17,38.00,17.52,-2777503.50,5.17
16:2,103216.66,41.08,11.42,103267.69,38.50,16.32,-2774937.25,4.29
16:3,103213.27,41.01,11.42,103266.64,38.42,17.23,-2773914.75,5.05
16:4,103212.70,41.03,11.40,103266.88,38.43,16.23,-2770502.50,5.39
16:5,103214.14,41.00,11.27,103265.11,39.12,15.47,-2770503.00,4.98
16:6,103218.05,41.00,11.36,103266.47,38.81,15.80,-2771951.50,5.46
16:7,103220.99,41.08,11.46,103269.63,39.45,15.51,-2763726.75,4.42
16:8,103222.72,41.08,11.50,103269.88,38.79,17.39,-2767019.75,4.12
16:9,103217.17,41.44,11.50,103270.55,38.13,16.65,-2770560.00,5.02
16:10,103217.39,40.99,11.16,103264.07,37.68,16.94,-2763744.75,4.07
16:11,103215.89,40.29,11.22,103269.41,36.66,17.21,-2749284.50,3.82
16:12,103213.69,40.40,11.86,103264.57,37.32,18.32,-2776396.50,4.72
16:13,103207.77,40.86,11.68,103264.50,38.12,17.12,-2768323.75,4.20
16:14,103215.21,41.07,11.45,103264.82,38.42,16.88,-2503603.50,5.40
16:15,103206.42,40.68,11.25,103266.58,37.10,17.94,-2761210.50,4.63
16:16,103215.00,40.80,11.64,103264.66,37.46,17.75,-2758382.50,3.90
16:17,103219.64,40.77,11.27,103262.80,39.04,15.13,-62230.60,3.87
16:18,103216.91,40.88,11.48,103262.00,39.20,15.53,-2616953.50,3.88
16:19,103208.86,40.91,11.72,103262.40,38.63,17.97,-2203421.50,6.00
16:20,103217.83,40.98,11.30,103263.39,37.36,16.97,-1826069.25,3.91
16:21,103207.74,40.87,11.33,103264.08,38.03,16.20,-2754535.25,5.30
16:22,103209.96,40.72,11.22,103263.75,37.80,15.59,-2712884.25,4.14
16:23,103212.53,40.23,11.24,103259.25,37.59,15.67,-2724942.25,5.33
16:24,103213.48,39.77,11.28,103266.55,35.89,16.84,-2546153.50,5.77
16:25,103216.22,39.61,11.87,103260.17,36.63,18.07,-2686203.00,4.96
16:26,103215.27,40.09,11.92,103260.17,37.19,18.40,-2731962.50,5.05
16:27,103210.50,40.45,11.67,103262.39,37.20,16.53,-2729315.25,5.45
16:28,103209.49,40.24,11.62,103258.88,37.49,16.39,-2747932.00,5.03
16:29,103203.63,40.12,11.51,103256.07,36.66,17.37,-2739515.25,5.33
16:30,103209.89,40.16,11.78,103259.62,37.80,16.63,-2741313.00,5.21
16:31,103207.83,40.20,11.54,103262.39,38.10,15.86,-2660616.50,5.43
16:32,103208.90,40.42,12.01,103260.02,37.26,17.71,-2725545.25,5.52
16:33,103206.83,40.46,11.30,103260.28,36.81,16.54,-2725054.50,4.09
16:34,103216.70,39.81,11.50,103262.33,36.31,16.89,-2723597.50,5.50
16:35,103218.89,39.68,11.89,103257.74,36.58,16.98,-2725627.50,5.54
16:36,103212.89,40.02,11.71,103255.21,36.86,16.27,-2722539.75,5.47
16:37,103205.30,40.17,11.68,103255.32,37.43,16.05,-2712422.25,3.89
16:38,103204.02,40.25,11.60,103254.39,38.68,15.13,-2679529.25,5.34
16:39,103206.94,39.95,11.50,103254.74,38.10,15.05,-2726679.25,5.48
16:40,103205.62,40.06,11.72,103256.11,38.85,14.80,-2725630.00,4.15
16:41,103206.11,40.28,12.18,103256.66,38.10,18.77,-2747937.50,5.43
16:42,103202.71,40.70,11.92,103254.96,37.29,17.66,-2748238.75,4.40
16:43,103203.32,40.74,11.49,103253.33,37.24,17.20,-2749280.50,3.89
16:44,103209.35,40.73,11.38,103253.53,37.30,16.29,-2740238.75,5.28
16:45,103206.68,40.72,11.49,103253.74,37.63,16.03,-2134880.75,4.90
16:46,103202.65,40.65,11.34,103251.47,38.03,15.81,-2406665.50,4.45
16:47,103199.91,40.36,10.96,103248.38,37.21,15.17,-2718198.00,5.61
16:48,103201.70,39.55,11.13,103246.75,36.92,15.26,-2748870.50,4.96
16:49,103194.97,39.44,11.36,103243.91,37.77,14.54,-2779881.75,3.79
16:50,103195.03,39.74,11.87,103246.60,37.84,16.62,-2767102.00,4.36
16:51,103200.14,40.37,11.79,103245.14,37.74,17.49,-2773843.75,5.61
16:52,103195.67,40.76,11.48,103242.67,38.42,15.87,-2743067.25,3.92
16:53,103198.65,40.57,11.37,103245.30,38.25,15.46,-2780940.50,5.90
16:54,103196.42,40.42,11.50,103246.48,37.82,16.31,-2780674.00,4.18
16:55,103195.34,40.72,11.45,103240.63,38.11,15.96,-2782981.50,5.70
16:56,103204.24,40.77,11.43,103243.30,38.42,15.91,-2781595.00,4.14
16:57,103197.36,40.78,11.39,103241.37,37.75,16.45,-2781489.00,4.05
16:58,103193.74,40.93,11.86,103239.75,37.15,18.70,-2779188.50,4.86
16:59,103197.05,41.06,11.45,103241.16,36.95,17.56,-2779369.75,4.70
17:0,103194.32,40.83,11.21,103237.96,36.52,17.47,-2773601.25,5.36
17:1,103194.67,40.55,11.40,103239.15,36.47,17.70,-2779635.75,5.05
17:2,103202.39,40.15,11.31,103242.18,35.81,17.95,-2773467.50,5.76
17:3,103186.36,40.00,11.51,103242.91,35.79,17.87,-1692303.37,5.68
17:4,103200.02,39.95,11.66,103242.64,36.02,18.61,-963428.87,5.00
17:5,103188.14,40.22,11.71,103238.70,37.13,17.47,-2782836.00,3.85
17:6,103190.29,40.59,11.55,103237.96,38.44,16.01,-2785845.50,5.28
17:7,103187.04,40.79,11.60,103236.94,38.17,16.37,-2781254.75,4.87
17:8,103186.72,40.73,11.34,103234.71,38.63,16.12,-2756138.75,4.77
17:9,103191.05,40.85,11.73,103234.80,38.19,17.61,-2753334.75,3.89
17:10,103192.19,41.39,11.72,103233.66,38.71,17.33,-2773368.75,3.96
17:11,103185.83,41.22,11.58,103236.28,38.29,17.81,-2751267.50,4.90
17:12,103187.03,41.53,11.85,103234.52,37.84,19.31,-2775351.25,5.54
17:13,103181.45,41.67,11.53,103233.07,38.15,17.95,-2776941.50,5.26
17:14,103184.39,41.67,11.24,103230.53,37.52,17.28,-2772332.50,6.16
17:15,103184.37,41.40,11.31,103227.77,37.79,17.52,-2765216.75,3.89
17:16,103179.35,41.54,11.36,103229.72,38.60,16.99,-2777459.00,6.03
17:17,103184.99,41.55,11.61,103231.57,38.99,17.76,-2013158.37,4.87
17:18,103185.07,41.79,11.32,103230.72,38.19,17.51,-2778742.00,5.51
17:19,103179.60,41.69,11.13,103229.53,38.36,16.69,-2769976.00,5.25
17:20,103180.42,41.30,11.14,103231.85,38.24,16.15,-2779516.75,4.40
17:21,103184.75,41.28,11.23,103229.96,38.28,15.89,-2773502.00,5.14
17:22,103182.80,41.22,11.13,103225.30,38.21,15.99,-2779581.50,5.21
17:23,103171.61,40.94,11.18,103226.25,38.29,16.10,-2112556.25,5.38
17:24,103174.58,40.97,11.27,103227.94,38.33,16.09,-2781718.75,5.37
17:25,103182.13,40.85,11.13,103230.02,37.94,16.19,-2781914.50,5.73
17:26,103176.63,40.66,11.31,103226.22,38.05,16.25,-2783836.50,3.82
17:27,103175.60,41.07,11.52,103227.52,37.92,16.56,-2782923.50,3.83
17:28,103181.30,40.72,11.15,103222.35,36.90,17.52,-2781777.75,4.37
17:29,103182.67,40.68,11.64,103223.99,37.37,17.25,-2781547.00,5.99
17:30,103181.86,40.81,11.35,103221.21,37.42,16.88,-2785831.75,5.32
17:31,103180.46,40.81,11.43,103223.28,38.48,17.44,-2787672.25,5.99
17:32,103182.42,41.05,11.34,103222.17,37.22,17.67,-2786526.75,3.82
17:33,103176.30,40.89,11.49,103219.38,37.15,17.90,-2790494.50,5.63
17:34,103166.30,41.11,11.80,103223.89,37.73,19.10,-2789447.25,4.44
17:35,103175.53,41.10,11.31,103218.77,37.45,17.21,-2754640.00,5.03
17:36,103171.78,41.07,11.26,103218.08,36.85,17.57,-2767480.75,5.37
17:37,103171.42,40.74,11.32,103218.78,35.94,18.55,-2776173.25,6.01
17:38,103163.94,40.38,11.47,103214.23,36.45,18.35,-2778402.50,5.80
17:39,103174.38,40.48,11.75,103216.36,36.35,18.92,-2787974.75,5.36
17:40,103177.32,40.63,11.59,103213.64,36.62,17.96,-2267424.50,5.75
17:41,103174.32,40.85,11.56,103215.44,36.96,17.76,-1024296.37,5.67
17:42,103173.72,40.92,11.71,103215.21,36.98,18.54,-2731651.25,5.27
17:43,103171.99,41.06,11.55,103215.19,37.00,18.07,-2698746.50,5.17
17:44,103167.92,41.10,11.34,103214.32,37.03,17.75,-2690229.25,5.89
17:45,103171.72,41.02,11.50,103209.84,36.40,18.58,-2757940.00,5.99
17:46,103170.28,40.88,11.54,103211.56,36.44,19.14,-2766985.25,5.38
17:47,103167.19,40.94,11.51,103207.10,36.40,18.76,-2786664.75,6.05
17:48,103168.89,40.95,11.58,103210.32,36.98,18.62,-2788121.25,5.97
17:49,103167.72,41.25,11.80,103208.16,37.20,18.76,-2787477.75,4.37
17:50,103164.29,41.60,11.56,103207.89,38.12,17.52,-2788989.25,4.82
17:51,103158.74,41.61,11.58,103205.82,37.97,17.85,-2788572.00,5.72
17:52,103175.25,41.29,11.37,103207.59,36.95,18.13,-2788572.50,5.43
17:53,103173.11,41.28,11.57,103208.10,37.44,17.84,-2789328.50,5.16
17:54,103155.28,41.40,11.53,103207.94,37.85,17.74,-2789628.75,4.98
17:55,103165.08,41.15,11.41,103208.27,37.29,17.96,-2787930.75,5.54
17:56,103156.65,40.88,11.38,103205.00,36.56,18.70,-2787049.25,5.56
17:57,103153.77,40.98,11.87,103203.58,36.44,20.44,-2789078.75,5.37
17:58,103166.99,41.42,11.63,103203.55,36.54,19.04,-2790796.75,4.43
17:59,103163.28,41.44,11.77,103209.55,36.18,19.91,-2793708.25,5.99
18:0,103162.64,41.37,11.64,103203.42,36.54,19.59,-2776466.25,5.43
18:1,103166.71,41.30,11.39,103207.19,36.12,19.12,-2774791.50,5.62
18:2,103160.63,40.90,11.57,103205.84,36.25,19.38,-2790084.00,4.42
18:3,103157.71,41.11,11.64,103206.60,36.81,18.48,-2789488.50,6.06
18:4,103159.72,40.87,11.87,103204.92,36.61,20.61,-2786837.25,5.38
18:5,103165.45,41.46,11.73,103203.42,37.66,18.23,-2787004.75,5.33
18:6,103161.83,41.39,11.51,103206.42,37.56,18.17,-2785883.25,5.02
18:7,103161.60,41.15,11.44,103206.85,36.80,18.42,-2771732.50,4.46
18:8,103157.38,41.20,11.99,103203.25,37.09,20.43,-2785115.75,5.79
18:9,103154.00,41.23,11.42,103202.57,36.08,18.99,-2776608.75,5.85
18:10,103153.35,40.96,11.58,103203.23,36.01,19.57,-2778794.50,5.32
18:11,103163.21,40.83,11.32,103202.25,35.52,19.57,-728739.31,5.44
18:12,103155.47,40.36,11.73,103206.17,35.45,19.81,-141613.00,4.87
18:13,103156.03,40.43,11.77,103205.91,35.40,19.80,-211386.79,4.27
18:14,103158.39,40.57,11.79,103205.38,35.91,19.59,-2781667.50,3.81
18:15,103155.54,40.72,11.75,103203.16,36.45,18.95,-2780249.50,4.62
18:16,103160.00,40.85,11.82,103200.03,36.60,19.37,-848794.12,5.39
18:17,103166.85,40.99,11.67,103202.35,36.65,18.78,-1206607.37,5.28
18:18,103159.67,40.96,11.53,103203.37,37.06,18.41,-61572.40,5.79
18:19,103156.78,40.87,11.39,103204.03,36.25,18.10,-193976.59,4.09
18:20,103163.35,40.56,11.61,103206.07,35.80,19.09,-308982.50,4.43
18:21,103161.67,40.65,11.63,103204.99,36.11,18.70,-337665.59,3.98
18:22,103170.57,40.63,11.75,103201.49,36.20,19.21,-315293.09,5.94
18:23,103161.57,40.43,11.55,103204.93,35.55,19.34,-374483.18,4.17
18:24,103159.96,40.38,11.82,103205.80,35.23,20.14,-345090.31,3.82
18:25,103154.39,40.39,11.57,103202.60,35.21,19.78,-395915.31,5.23
18:26,103155.07,40.35,11.69,103202.33,35.27,19.88,-476277.18,5.72
18:27,103159.41,40.02,11.71,103200.77,35.11,20.02,-472767.40,6.20
18:28,103152.05,40.22,11.89,103198.93,35.27,20.13,-742616.18,4.52
18:29,103146.91,40.49,11.88,103201.63,35.39,20.28,-2774544.50,5.06
18:30,103162.41,40.72,11.94,103201.65,35.90,20.80,-2778261.00,5.99
18:31,103157.28,40.64,11.54,103201.71,35.53,19.84,-2646479.50,4.47
18:32,103148.69,40.61,11.80,103200.24,35.60,20.01,-2667674.50,5.29
18:33,103156.30,40.61,11.71,103201.34,35.49,19.91,-2662529.75,5.12
18:34,103151.40,40.72,11.64,103201.94,35.16,20.04,-2702682.00,5.45
18:35,103152.38,40.58,11.70,103200.27,35.09,20.27,-2704592.00,5.39
18:36,103164.15,40.53,11.86,103198.85,34.91,21.14,-2706254.75,3.95
18:37,103150.19,40.72,11.89,103198.43,35.60,20.45,-2704312.00,4.49
18:38,103153.72,40.95,11.71,103198.69,35.84,19.92,-2703658.50,5.73
18:39,103154.46,40.85,11.62,103197.74,35.20,20.36,-2707994.75,4.35
18:40,103157.07,40.69,11.67,103202.57,34.96,20.66,-2712694.25,5.26
18:41,103147.80,40.55,11.70,103197.69,35.54,20.31,-2714606.00,5.03
18:42,103157.86,40.77,11.89,103198.04,35.16,20.88,-2712031.75,4.34
18:43,103150.72,40.71,11.73,103195.72,35.30,20.97,-2715305.25,4.60
18:44,103149.08,40.75,11.78,103192.42,35.95,20.54,-2679525.25,4.38
18:45,103153.97,41.01,11.86,103193.97,36.11,20.25,-2749749.50,5.23
18:46,103157.45,40.72,11.45,103196.19,34.93,20.67,-2745585.00,4.68
18:47,103150.43,40.24,11.59,103192.82,34.72,20.71,-2751445.50,5.18
18:48,103150.17,40.33,11.87,103194.80,34.83,21.30,-2752340.75,5.55
18:49,103151.14,40.50,11.82,103192.72,34.71,21.11,-2751612.50,5.36
18:50,103149.86,40.62,11.81,103192.50,35.32,20.82,-2750947.50,6.08
18:51,103146.55,40.63,11.75,103193.86,35.30,20.99,-1747253.75,4.47
18:52,103143.42,40.71,11.90,103189.14,35.19,20.99,-2751932.50,4.11
18:53,103146.49,40.85,11.86,103192.66,35.29,21.21,-2751683.25,3.97
18:54,103143.89,40.89,11.82,103185.42,34.99,21.43,-2750920.75,3.97
18:55,103149.96,40.79,11.94,103188.21,35.27,22.16,-2751553.75,5.24
18:56,103145.78,40.94,11.77,103187.85,35.37,21.23,-2751941.25,5.57
18:57,103154.36,40.90,11.69,103187.30,35.63,20.53,-2743624.50,4.32
18:58,103146.96,41.01,11.81,103191.61,35.78,20.27,-2165045.25,5.92
18:59,103144.20,40.95,11.66,103190.52,35.87,20.48,-2659443.50,5.23
19:0,103146.14,41.03,11.90,103192.44,35.77,21.16,-2783577.75,5.23
19:1,103151.13,41.09,11.74,103190.09,35.63,20.81,-2783718.50,6.01
19:2,103154.19,40.94,11.66,103192.30,35.24,20.74,-2781345.50,5.61
19:3,103150.67,40.92,11.87,103188.39,35.13,21.23,-2783394.75,4.55
19:4,103148.49,40.81,11.73,103186.98,35.14,20.70,-2782692.75,5.43
19:5,103144.75,40.71,11.71,103187.35,34.73,21.28,-605642.31,3.88
19:6,103136.32,40.71,11.75,103185.91,35.03,20.91,-2603239.50,4.76
19:7,103147.98,40.73,11.92,103192.32,35.49,21.05,-280504.50,5.68
19:8,103146.10,40.80,11.97,103185.72,35.61,21.04,-346573.40,3.79
19:9,103144.83,40.89,11.64,103189.05,34.72,21.11,-693005.18,4.07
19:10,103142.92,40.74,11.72,103186.41,34.67,21.33,-720890.31,6.06
19:11,103144.00,40.31,11.65,103187.96,33.95,22.00,-2782731.50,5.21
19:12,103143.35,40.37,11.93,103184.30,34.39,21.86,-263396.09,5.10
19:13,103153.97,40.57,11.85,103187.82,34.58,21.08,-354725.18,4.04
19:14,103142.49,40.41,11.75,103185.82,33.79,21.99,-2781512.50,5.43
19:15,103141.41,40.29,11.79,103185.57,33.62,22.18,-528025.62,4.36
19:16,103147.89,40.02,11.90,103181.44,33.45,22.47,-2787002.75,4.76
19:17,103145.91,39.97,11.82,103179.33,33.56,22.24,-2788921.25,5.77
19:18,103145.16,39.86,11.99,103186.15,33.15,22.96,-2790077.25,5.79
19:19,103134.88,39.80,12.00,103184.44,33.10,23.04,-2792566.75,5.81
19:20,103141.88,39.71,12.11,103181.35,33.29,22.92,-2794566.75,6.02
19:21,103137.07,39.92,12.21,103182.09,33.59,23.37,-2795076.00,5.00
19:22,103141.36,40.14,12.11,103176.44,33.93,22.53,-2794385.50,5.16
19:23,103145.02,40.35,12.06,103179.15,34.57,22.09,-2792989.25,5.17
19:24,103139.30,40.49,12.07,103185.77,34.51,22.85,-2744884.00,5.79
19:25,103134.22,40.61,12.10,103181.43,34.27,23.50,-211967.09,6.08
19:26,103140.78,40.66,12.05,103181.28,33.96,23.16,-148951.40,4.56
19:27,103140.75,40.58,11.84,103181.82,33.36,23.09,-543686.00,3.80
19:28,103140.32,40.40,11.83,103183.51,33.11,23.20,-2778555.50,3.80
19:29,103141.82,40.31,11.80,103183.90,33.08,22.96,-2789516.50,5.12
19:30,103139.67,40.10,11.89,103181.24,33.09,23.34,-2791910.50,5.18
19:31,103146.29,40.18,12.04,103179.35,32.87,23.93,-2791252.50,5.23
19:32,103138.19,40.27,12.05,103183.35,32.86,24.18,-2792347.50,4.17
19:33,103147.02,40.35,12.06,103183.52,33.42,23.27,-2792837.25,5.48
19:34,103148.21,40.28,11.85,103183.19,33.35,22.99,-2792816.50,4.15
19:35,103148.53,40.28,11.83,103180.12,33.00,23.13,-2792252.50,5.71
19:36,103140.04,39.95,11.98,103182.52,32.89,23.52,-2795187.00,5.01
19:37,103135.14,39.94,11.88,103183.10,32.58,23.76,-97633.60,4.76
19:38,103142.02,39.65,12.20,103184.00,32.67,24.37,-316145.68,5.47
19:39,103145.34,39.90,12.14,103182.67,32.66,24.32,-120171.90,3.97
19:40,103144.63,40.05,12.21,103181.24,33.02,24.31,-183509.40,4.10
19:41,103145.73,40.10,11.95,103178.28,32.17,24.60,-126607.90,4.61
19:42,103141.71,39.99,12.05,103182.60,32.19,24.50,-195568.70,4.61
19:43,103151.32,39.94,11.98,103179.89,32.25,24.49,-602631.50,4.08
19:44,103150.28,40.00,12.23,103182.69,33.02,24.86,-294776.90,3.64
19:45,103149.80,40.30,12.05,103181.28,33.20,24.05,-253205.50,5.59
19:46,103141.77,40.42,12.02,103176.93,33.34,23.74,-786728.18,5.36
19:47,103142.53,40.47,11.98,103178.28,33.49,23.71,-657946.68,4.29
19:48,103152.10,40.41,11.91,103177.89,33.21,23.35,-822727.50,3.76
19:49,103143.07,40.37,11.88,103176.70,32.68,23.76,-478289.31,3.68
19:50,103138.03,40.26,11.90,103175.92,32.88,23.75,-517675.00,5.06
19:51,103142.35,40.31,11.99,103176.66,32.55,24.71,-241534.70,4.96
19:52,103143.60,40.34,11.92,103174.91,32.48,24.18,-100589.21,4.36
19:53,103131.78,40.18,11.86,103177.84,32.57,23.91,-118778.60,5.49
19:54,103135.82,40.05,11.86,103177.32,32.05,24.50,-90192.90,4.08
19:55,103140.71,39.93,12.11,103174.97,32.24,25.65,-2800024.50,5.18
19:56,103144.74,39.90,12.08,103175.77,31.80,24.91,-706323.37,5.09
19:57,103142.42,39.84,12.02,103176.54,31.64,25.68,-2795768.50,5.12
19:58,103154.09,39.80,11.98,103175.85,31.75,25.05,-2789571.25,3.60
19:59,103149.41,39.71,11.79,103180.39,31.20,25.01,-2786244.75,5.12
20:0,103145.19,39.35,12.03,103180.05,31.93,24.20,-2765015.50,4.94
20:1,103142.99,39.54,12.08,103175.93,32.03,24.71,-2764895.50,6.41
20:2,103143.25,39.72,12.16,103174.38,32.18,24.85,-2767120.50,3.62
20:3,103139.48,39.88,12.04,103172.23,32.20,24.50,-2769136.50,4.18
20:4,103139.80,39.86,11.94,103172.95,32.07,24.15,-2769191.25,3.66
20:5,103137.61,39.76,11.93,103173.13,31.97,24.48,-2772514.75,4.17
20:6,103136.09,39.69,11.98,103177.80,31.47,25.02,-2761904.75,5.21
20:7,103133.33,39.70,12.03,103170.58,31.57,24.79,-329914.00,5.52
20:8,103135.89,39.60,11.96,103170.92,31.31,24.98,-2686150.50,4.45
20:9,103142.23,39.53,12.03,103170.71,31.39,24.96,-419948.59,5.07
20:10,103129.58,39.58,12.04,103171.10,31.57,25.41,-656898.00,3.91
20:11,103131.49,39.49,12.11,103168.40,31.27,25.74,-691350.31,5.10
20:12,103138.10,39.48,12.02,103167.21,31.06,25.27,-2644015.00,4.16
20:13,103134.10,39.42,12.03,103167.89,30.91,25.66,-175032.20,4.92
20:14,103134.00,39.38,12.10,103167.07,31.17,25.27,-2754000.00,5.14
20:15,103118.19,39.33,12.10,103164.13,31.27,25.80,-615540.50,4.86
20:16,103125.49,39.35,12.17,103164.80,30.78,26.05,-2790699.00,5.25
20:17,103140.35,39.37,12.10,103161.83,30.86,26.47,-2800001.50,3.76
20:18,103137.88,39.34,12.04,103160.99,30.23,26.81,-2793878.50,3.80
20:19,103134.46,39.26,12.20,103158.88,29.86,27.81,-2682904.00,3.68
20:20,103129.35,39.18,12.09,103158.03,30.13,26.92,-2605892.75,3.66
20:21,103134.32,39.16,12.24,103160.97,30.61,26.46,-179234.40,4.47
20:22,103124.00,39.26,12.20,103160.13,30.73,26.18,-380111.40,4.14
20:23,103129.80,39.31,12.30,103157.06,30.13,27.89,-204814.70,3.76
20:24,103131.10,39.24,12.19,103160.36,30.29,26.97,-109355.10,4.20
20:25,103126.83,39.14,12.14,103152.74,29.99,27.20,-30023.60,4.16
20:26,103128.30,39.02,12.26,103150.87,29.92,27.32,-30262.00,4.43
20:27,103125.42,39.02,12.29,103149.85,29.94,27.64,-232598.50,5.70
20:28,103127.50,39.09,12.21,103153.60,30.33,27.04,-319922.09,4.99
20:29,103126.75,39.01,12.34,103154.91,30.44,26.84,-437829.18,3.95
20:30,103120.88,39.06,12.32,103155.92,30.08,27.63,-2724304.00,5.58
20:31,103138.83,39.08,12.33,103153.42,30.00,27.52,-2724092.75,4.76
20:32,103128.00,39.10,12.35,103156.37,30.06,27.79,-2721979.00,4.32
20:33,103127.58,39.09,12.31,103156.44,30.03,27.91,-2719161.25,3.89
20:34,103128.46,39.03,12.39,103156.03,29.49,28.42,-2712849.25,4.23
20:35,103129.83,39.02,12.36,103156.04,29.50,28.66,-2652468.50,5.10
20:36,103131.53,39.00,12.43,103156.38,29.21,29.07,-2665155.25,3.82
20:37,103130.53,38.97,12.41,103160.22,29.12,29.12,-2733359.25,5.07
20:38,103137.25,38.98,12.36,103157.13,29.00,29.27,-2725968.00,6.12
20:39,103127.44,38.95,12.33,103158.59,29.17,29.25,-2673522.50,3.89
20:40,103130.97,38.90,12.40,103157.74,28.87,29.48,-2735974.75,5.25
20:41,103134.75,38.86,12.42,103157.24,28.72,29.84,-2699613.50,3.78
20:42,103130.77,38.81,12.53,103159.00,28.59,30.05,-2719872.00,4.97
20:43,103135.60,38.73,12.52,103160.82,28.47,30.46,-2708556.50,5.29
20:44,103131.32,38.75,12.54,103157.44,28.26,30.76,-2745679.50,4.03
20:45,103124.99,38.69,12.56,103157.25,28.14,31.49,-2759333.50,4.16
20:46,103129.79,38.65,12.63,103158.71,28.45,30.99,-2710736.50,4.93
20:47,103128.10,38.71,12.60,103159.10,28.44,30.84,-2698618.75,5.30
20:48,103129.77,38.68,12.56,103158.75,28.32,30.56,-2581972.75,4.73
20:49,103120.71,38.62,12.61,103157.42,28.28,31.16,-754480.37,4.46
20:50,103128.32,38.62,12.59,103156.11,28.42,30.61,-749841.18,4.32
20:51,103124.29,38.57,12.64,103156.78,28.34,31.20,-646984.31,4.43
20:52,103128.49,38.60,12.73,103155.24,28.14,31.93,-854362.62,4.69
20:53,103122.33,38.61,12.64,103155.48,28.15,32.06,-645494.50,4.23
20:54,103125.12,38.53,12.64,103156.96,28.47,31.20,-661137.00,4.30
20:55,103123.08,38.42,12.69,103155.86,28.31,30.81,-691199.12,5.32
20:56,103132.75,38.42,12.79,103155.77,27.92,33.23,-105563.30,5.23
20:57,103131.15,38.48,12.70,103157.26,28.02,31.63,-608316.81,5.74
20:58,103128.65,38.48,12.69,103153.80,28.12,31.74,-699682.31,5.40
20:59,103125.80,38.41,12.73,103156.38,27.73,32.53,-1050821.50,4.35
21:0,103128.80,38.36,12.84,103153.53,27.32,33.34,-2250027.75,5.28
21:1,103137.76,38.33,12.71,103155.27,27.32,32.78,-540031.68,3.88
21:2,103128.19,38.24,12.77,103152.99,27.66,32.33,-74622.71,3.83
21:3,103127.36,38.30,12.72,103156.64,27.88,32.10,-89117.10,3.99
21:4,103129.16,38.32,12.76,103157.20,27.96,32.01,-73329.21,4.81
21:5,103133.97,38.35,12.77,103157.21,27.71,32.87,-107387.71,5.25
21:6,103130.77,38.37,12.80,103157.19,27.67,33.19,-42278.30,4.76
21:7,103133.33,38.38,12.75,103155.49,27.71,32.54,-30596.80,4.40
21:8,103138.11,38.33,12.81,103158.91,27.52,33.10,-28697.70,4.71
21:9,103131.80,38.34,12.75,103157.46,27.60,32.79,-27416.00,5.00
21:10,103141.92,38.31,12.77,103157.93,27.52,33.32,-105942.00,3.93
21:11,103133.30,38.32,12.82,103159.69,27.65,33.01,-247494.09,5.45
21:12,103129.85,38.32,12.82,103157.53,27.85,33.08,-239676.40,5.30
21:13,103130.07,38.28,12.88,103159.44,27.55,33.46,-232869.70,4.98
21:14,103140.18,38.26,12.90,103160.25,27.45,33.84,-86029.71,4.90
21:15,103140.31,38.30,12.88,103162.58,27.35,34.16,-99102.40,4.26
21:16,103134.77,38.32,12.93,103158.97,27.22,34.33,-36457.10,5.93
21:17,103141.07,38.30,12.95,103166.14,27.08,35.55,-2683415.75,4.61
21:18,103141.96,38.22,13.04,103160.94,27.27,34.33,-2765168.00,5.48
21:19,103135.36,38.23,13.04,103162.31,27.31,34.43,-2766380.00,4.96
21:20,103131.96,38.19,13.06,103162.82,27.38,34.90,-2767619.25,3.89
21:21,103135.98,38.15,13.12,103159.80,27.23,34.55,-2769929.50,5.97
21:22,103133.03,38.17,13.12,103165.52,27.07,35.40,-2772080.75,5.49
21:23,103138.94,38.21,13.07,103168.11,27.00,35.48,-2772112.50,4.21
21:24,103133.77,38.19,13.12,103166.72,27.09,35.19,-2772386.75,3.98
21:25,103145.92,38.20,13.08,103168.11,26.99,35.46,-2775887.00,4.02
21:26,103135.74,38.20,13.15,103167.64,26.92,35.90,-2776687.50,4.99
21:27,103138.64,38.17,13.14,103167.57,27.07,35.80,-2777999.25,6.14
21:28,103136.77,38.14,13.15,103168.57,27.03,35.42,-2780534.75,4.61
21:29,103142.40,38.11,13.20,103169.94,26.31,37.79,-2773200.50,5.69
21:30,103137.77,38.10,13.23,103173.03,26.37,37.43,-2774019.50,4.22
21:31,103130.61,38.08,13.16,103166.16,26.46,37.27,-2765787.25,5.45
21:32,103147.36,38.07,13.20,103164.77,26.66,36.64,-2717684.25,4.28
21:33,103138.44,38.11,13.18,103167.10,26.47,37.46,-2702740.00,4.07
21:34,103129.85,38.07,13.20,103164.55,26.48,37.43,-2703504.25,6.01
21:35,103136.39,38.00,13.19,103165.80,26.48,37.13,-2694736.50,4.00
21:36,103139.71,37.94,13.32,103170.60,26.01,38.28,-2644296.50,4.34
21:37,103141.55,37.94,13.31,103170.28,26.30,37.73,-812073.68,5.85
21:38,103139.91,37.95,13.27,103174.07,26.20,38.36,-2706487.25,4.38
21:39,103141.42,37.89,13.26,103175.13,26.26,38.18,-2743717.25,4.45
21:40,103137.44,37.86,13.36,103175.36,26.02,38.79,-2747258.00,4.63
21:41,103141.74,37.87,13.34,103176.78,26.03,38.49,-2705334.75,5.21
21:42,103137.65,37.82,13.33,103176.07,26.20,38.09,-2703222.75,4.73
21:43,103148.89,37.80,13.43,103178.35,26.01,38.84,-2705397.50,4.53
21:44,103147.89,37.83,13.37,103176.13,25.76,39.51,-691533.68,3.96
21:45,103148.12,37.80,13.37,103174.92,25.95,38.35,-510755.90,4.29
21:46,103147.67,37.79,13.44,103177.17,25.76,39.80,-95770.60,5.32
21:47,103138.96,37.79,13.42,103175.97,25.72,39.62,-87719.00,5.63
21:48,103140.21,37.77,13.42,103181.36,25.99,38.98,-41230.30,5.63
21:49,103145.71,37.78,13.45,103177.66,26.01,38.97,-112349.50,5.21
21:50,103143.25,37.74,13.38,103181.27,26.07,38.37,-2700170.50,5.18
21:51,103150.76,37.71,13.40,103181.17,26.11,38.39,-2705361.50,5.63
21:52,103152.41,37.60,13.46,103178.38,25.76,39.55,-2703139.50,5.63
21:53,103147.28,37.66,13.52,103178.99,25.78,40.28,-2693809.50,4.45
21:54,103146.16,37.66,13.49,103178.14,25.67,39.76,-2683279.25,4.43
21:55,103152.98,37.66,13.52,103179.99,25.55,40.47,-2692707.50,4.56
21:56,103151.59,37.68,13.51,103183.62,25.59,40.47,-89035.71,5.34
21:57,103157.29,37.66,13.57,103184.15,25.52,41.47,-84079.10,4.85
21:58,103167.47,37.63,13.63,103186.86,25.29,41.13,-121228.60,5.85
21:59,103150.69,37.60,13.58,103185.75,25.52,40.36,-841559.18,4.47
22:0,103147.64,37.53,13.59,103183.65,25.34,40.87,-444183.59,5.90
22:1,103153.11,37.48,13.59,103188.87,25.40,40.71,-214466.90,5.61
22:2,103152.43,37.47,13.62,103190.99,25.53,40.51,-59968.60,5.04
22:3,103161.49,37.45,13.70,103184.13,25.45,40.67,-151509.90,3.96
22:4,103154.35,37.40,13.65,103186.82,25.30,41.03,-2719447.75,5.56
22:5,103152.62,37.38,13.71,103186.35,25.19,41.56,-191594.20,5.64
22:6,103152.38,37.40,13.73,103184.64,25.25,41.70,-2650131.75,5.19
22:7,103154.67,37.41,13.70,103186.38,25.28,41.76,-2661070.50,5.13
22:8,103156.34,37.37,13.69,103185.03,25.32,41.52,-2660068.75,3.96
22:9,103149.56,37.36,13.75,103184.17,25.22,42.02,-2659079.75,5.85
22:10,103157.99,37.39,13.76,103183.61,25.19,41.77,-1421677.50,4.96
22:11,103152.63,37.42,13.81,103183.99,25.36,41.59,-2631387.25,5.18
22:12,103165.39,37.44,13.75,103188.38,25.39,42.00,-2749075.50,4.49
22:13,103161.41,37.44,13.74,103189.58,25.44,41.47,-2754917.50,5.54
22:14,103157.45,37.44,13.75,103188.78,25.33,42.09,-2702054.75,4.25
22:15,103157.81,37.43,13.73,103187.91,25.27,42.01,-164559.00,5.98
22:16,103160.46,37.45,13.77,103187.30,25.20,42.37,-188213.40,5.90
22:17,103155.40,37.43,13.84,103187.63,25.10,42.79,-157539.29,4.29
22:18,103159.44,37.44,13.83,103187.19,25.19,42.93,-2723537.75,4.84
22:19,103165.13,37.44,13.87,103191.07,24.99,42.90,-1969952.75,5.43
22:20,103164.25,37.45,13.84,103194.03,25.01,43.44,-251806.40,5.47
22:21,103165.38,37.47,13.83,103192.95,25.12,42.42,-201506.40,4.35
22:22,103161.27,37.52,13.88,103198.27,25.04,44.07,-165946.90,4.45
22:23,103159.56,37.49,13.90,103194.50,24.95,44.22,-159136.40,4.51
22:24,103165.47,37.46,13.93,103195.64,24.90,44.19,-160716.90,3.99
22:25,103159.64,37.52,13.83,103198.22,25.08,43.65,-355989.50,4.03
22:26,103161.44,37.52,13.86,103196.08,25.11,43.60,-103341.90,4.07
22:27,103166.46,37.49,13.87,103196.49,25.06,43.53,-120246.21,4.08
22:28,103170.88,37.47,13.89,103198.63,25.03,44.09,-103798.71,4.84
22:29,103170.53,37.50,13.92,103198.59,25.09,43.82,-89775.10,5.12
22:30,103170.48,37.55,14.02,103194.92,24.88,45.40,-653965.81,5.43
22:31,103164.74,37.60,13.99,103198.21,24.64,46.07,-699187.50,5.03
22:32,103163.89,37.59,13.89,103199.61,24.56,46.15,-518558.40,4.56
22:33,103161.20,37.51,13.97,103192.97,24.53,46.44,-25079.70,4.77
22:34,103160.14,37.53,13.95,103198.03,24.56,46.08,-19784.30,5.09
22:35,103161.47,37.48,13.96,103196.64,24.75,45.30,-302104.90,5.03
22:36,103162.71,37.47,13.96,103195.07,24.62,46.24,-516890.09,5.12
22:37,103167.13,37.43,14.06,103195.22,24.56,45.61,-430988.81,4.82
22:38,103165.44,37.48,14.03,103196.29,24.57,46.30,-45746.00,4.26
22:39,103161.91,37.45,14.00,103196.69,24.32,46.79,-38405.50,4.40
22:40,103153.66,37.42,14.04,103199.46,24.31,47.63,-33925.30,4.08
22:41,103168.94,37.43,13.98,103198.00,24.36,46.68,-20958.10,5.02
22:42,103162.97,37.40,14.11,103192.04,24.55,46.28,-22152.70,5.62
22:43,103162.47,37.43,14.05,103194.28,24.44,46.43,-27055.30,4.39
22:44,103164.11,37.43,14.11,103196.07,24.63,46.48,-25781.10,3.97
22:45,103164.60,37.45,14.05,103194.57,24.69,46.24,-2703776.25,5.06
22:46,103169.01,37.46,14.09,103196.50,24.73,46.40,-2731204.00,5.61
22:47,103161.57,37.45,14.11,103192.24,24.51,46.98,-2729551.50,5.67
22:48,103168.75,37.40,14.07,103194.02,24.72,45.15,-2722921.00,4.09
22:49,103164.54,37.39,14.09,103194.27,24.50,47.07,-2727803.50,5.45
22:50,103164.82,37.36,14.14,103192.17,24.53,46.45,-2733751.25,3.97
22:51,103160.34,37.49,13.93,103191.92,24.39,46.81,-2494536.75,5.36
22:52,103160.55,37.46,14.01,103195.82,24.31,46.87,-183250.70,4.76
22:53,103163.91,37.45,14.00,103198.68,24.22,47.72,-185493.59,3.92
22:54,103165.60,37.49,13.94,103198.75,24.29,46.81,-1200812.37,5.56
22:55,103162.41,37.51,13.94,103199.55,24.16,47.43,-69491.90,4.00
22:56,103154.12,37.52,13.99,103198.53,23.99,48.64,-26634.60,5.48
22:57,103166.25,37.46,14.00,103201.00,24.20,48.03,-18463.30,4.05
22:58,103165.96,37.48,14.01,103201.32,24.09,48.34,-60603.50,4.79
22:59,103173.88,37.49,13.93,103197.77,24.23,47.40,-57951.20,5.54
23:0,103158.29,37.47,13.98,103199.50,24.25,47.94,-122488.00,4.02
23:1,103159.17,37.44,14.03,103200.13,24.14,47.52,-68338.71,5.35
23:2,103161.57,37.47,14.01,103197.69,24.03,48.37,-730168.62,4.08
23:3,103167.94,37.48,13.99,103195.26,24.05,48.32,-1022126.12,5.48
23:4,103154.78,37.44,14.05,103198.35,24.16,48.66,-820168.12,4.12
23:5,103157.86,37.41,13.98,103196.03,24.27,48.22,-737552.31,6.03
23:6,103155.63,37.41,14.05,103196.03,24.25,47.85,-903896.50,4.06
23:7,103158.23,37.40,13.99,103196.61,24.23,47.82,-994567.37,5.31
23:8,103164.40,37.35,14.05,103193.71,23.95,48.73,-1023948.00,5.61
23:9,103161.11,37.35,14.00,103195.00,24.20,47.06,-1016470.18,4.05
23:10,103166.37,37.33,14.04,103198.83,24.14,47.96,-1038243.31,3.98
23:11,103158.50,37.37,14.10,103195.94,24.24,48.20,-833358.68,4.03
23:12,103162.79,37.40,14.09,103199.00,24.10,48.54,-941643.37,5.02
23:13,103164.63,37.39,14.09,103198.25,24.18,48.13,-1003605.00,4.96
23:14,103164.41,37.32,14.11,103192.80,23.82,49.56,-945193.87,5.29
23:15,103161.78,37.27,14.16,103194.13,23.62,50.26,-1166070.75,5.62
23:16,103163.05,37.29,14.15,103194.86,23.73,50.01,-1433368.87,5.99
23:17,103165.63,37.17,14.12,103193.60,23.46,50.88,-1271731.12,6.03
23:18,103162.56,37.10,14.19,103194.47,23.45,50.75,-422055.09,5.09
23:19,103164.46,37.09,14.24,103195.03,23.60,50.30,-368320.68,4.88
23:20,103164.47,37.09,14.21,103196.40,23.60,50.05,-810638.00,5.48
23:21,103164.21,37.04,14.22,103195.32,23.33,50.76,-967787.62,4.81
23:22,103170.85,37.04,14.30,103199.33,23.46,50.79,-132512.09,5.81
23:23,103162.77,37.05,14.19,103195.50,23.55,50.43,-308131.31,4.34
23:24,103162.67,37.00,14.12,103194.30,23.65,49.57,-365274.31,4.67
23:25,103166.91,36.93,14.18,103193.63,23.73,49.29,-418419.31,5.47
23:26,103164.75,36.93,14.16,103192.82,23.78,48.21,-244898.79,5.19
23:27,103166.88,36.86,14.29,103192.42,23.61,49.77,-251181.09,3.96
23:28,103168.16,36.87,14.11,103190.77,23.77,47.83,-231167.00,4.20
23:29,103163.61,36.78,14.29,103190.28,23.53,49.87,-185860.09,4.06
23:30,103158.79,36.78,14.20,103194.53,23.43,49.12,-173004.00,4.73
23:31,103155.55,36.73,14.14,103193.36,23.60,47.69,-284506.59,4.00
23:32,103166.00,36.63,14.20,103198.04,23.41,49.29,-99933.80,5.43
23:33,103158.53,36.58,14.26,103196.89,23.29,49.68,-77538.00,4.63
23:34,103160.86,36.61,14.25,103193.79,23.58,48.20,-70487.80,6.06
23:35,103161.97,36.56,14.23,103195.75,23.38,48.86,-61683.20,4.66
23:36,103161.47,36.57,14.32,103190.46,23.35,49.61,-110467.21,5.65
23:37,103154.39,36.64,14.29,103194.07,23.45,49.11,-2760661.50,4.21
23:38,103160.18,36.60,14.26,103191.67,23.37,49.35,-2754268.75,6.31
23:39,103154.49,36.61,14.40,103188.90,23.23,51.24,-2754831.50,4.12
23:40,103155.78,36.61,14.36,103186.94,23.38,49.56,-2794415.00,4.85
23:41,103154.08,36.57,14.32,103189.65,23.48,48.66,-2788207.00,5.07
23:42,103154.92,36.56,14.31,103188.57,23.44,49.02,-2788291.50,4.61
23:43,103152.88,36.53,14.33,103188.44,23.21,50.01,-2788320.75,5.16
23:44,103151.14,36.46,14.31,103186.91,23.34,49.74,-2788963.25,5.47
23:45,103152.96,36.44,14.39,103187.41,23.46,49.39,-2789104.50,4.21
23:46,103155.80,36.45,14.42,103189.60,23.50,49.17,-2788670.25,4.32
23:47,103156.76,36.41,14.39,103184.88,23.45,49.85,-2788923.50,4.40
23:48,103156.41,36.39,14.40,103185.63,23.29,49.27,-2782791.25,5.56
23:49,103154.24,36.44,14.45,103185.59,23.33,49.28,-2782534.75,5.25
23:50,103150.73,36.33,14.42,103185.32,23.50,48.53,-2782413.50,4.37
23:51,103156.66,36.37,14.49,103184.31,23.61,48.49,-2769288.75,5.19
23:52,103148.58,36.42,14.32,103188.91,23.37,48.48,-2767988.50,4.47
23:53,103150.33,36.34,14.44,103188.10,23.42,48.64,-2769363.25,4.98
23:54,103160.39,36.34,14.47,103187.56,23.58,48.91,-2754429.50,4.82
23:55,103153.91,36.37,14.45,103188.91,23.40,49.43,-2692493.25,5.21
23:56,103148.27,36.28,14.49,103184.78,23.42,49.16,-2687332.50,4.98
23:57,103144.99,36.29,14.49,103187.94,23.37,49.65,-2697744.25,4.50
23:58,103145.52,36.18,14.50,103189.59,23.11,49.87,-2691339.25,5.85
23:59,103154.83,36.14,14.54,103189.97,23.30,48.92,-2673588.75,4.37
0:0,103151.92,36.09,14.46,103187.24,23.28,48.43,-2700697.00,5.04
0:1,103152.05,35.96,14.57,103191.07,23.14,49.45,-2703653.50,4.39
0:2,103144.85,35.97,14.48,103185.67,23.35,47.78,-2704714.75,5.01
0:3,103149.66,35.94,14.51,103187.00,23.24,48.20,-2705695.50,5.81
0:4,103151.91,35.86,14.52,103185.65,23.03,49.00,-2704396.00,4.64
0:5,103153.96,35.81,14.56,103185.13,22.91,49.42,-2704889.00,3.87
0:6,103155.75,35.85,14.56,103184.76,23.11,49.14,-2706036.50,4.63
0:7,103150.00,35.88,14.53,103180.64,23.00,49.20,-2706752.50,5.28
0:8,103147.86,35.76,14.57,103180.54,22.92,49.77,-2705499.50,5.69
0:9,103147.00,35.79,14.71,103183.66,23.05,49.50,-2704738.50,5.61
0:10,103150.17,35.84,14.46,103185.85,23.24,47.62,-2698544.75,4.00
0:11,103156.21,35.79,14.53,103188.78,23.21,47.83,-2681533.50,3.88
0:12,103146.83,35.76,14.53,103189.29,23.17,47.50,-197042.70,4.22
0:13,103158.35,35.68,14.54,103184.95,23.01,48.37,-94824.90,5.00
0:14,103162.24,35.70,14.73,103189.78,23.21,49.33,-78328.00,5.32
0:15,103161.20,35.74,14.60,103189.97,22.89,49.12,-77483.60,5.12
0:16,103157.22,35.69,14.52,103184.69,23.00,48.46,-51755.70,5.92
0:17,103150.46,35.63,14.55,103188.35,23.31,47.61,-111512.21,4.42
0:18,103159.28,35.57,14.65,103191.96,22.88,49.10,-46619.50,5.17
0:19,103161.94,35.54,14.68,103190.25,22.88,49.27,-23851.30,4.26
0:20,103156.80,35.56,14.68,103192.05,22.86,49.63,-15807.80,5.14
0:21,103156.60,35.51,14.70,103193.00,22.69,50.55,-7885.90,4.39
0:22,103155.58,35.50,14.68,103194.45,22.61,49.99,-313857.00,5.34
0:23,103153.05,35.46,14.72,103189.89,22.63,50.52,-76553.30,5.80
0:24,103156.82,35.39,14.74,103190.84,22.42,50.14,-59702.30,5.28
0:25,103151.66,35.34,14.65,103187.99,22.50,49.17,-74434.00,5.27
0:26,103147.36,35.29,14.63,103189.43,22.54,48.86,-128843.21,5.72
0:27,103152.83,35.25,14.70,103186.85,22.66,48.41,-113098.21,5.01
0:28,103154.80,35.21,14.63,103193.17,22.79,48.22,-441235.00,4.60
0:29,103156.00,35.21,14.76,103190.27,22.47,49.50,-464786.50,5.13
0:30,103152.92,35.19,14.78,103186.78,22.34,49.77,-302701.68,4.98
0:31,103154.47,35.18,14.76,103189.09,22.43,49.67,-751418.50,5.59
0:32,103151.86,35.13,14.76,103187.28,22.54,49.65,-881017.81,4.11
0:33,103158.82,35.13,14.86,103189.69,22.72,48.47,-864620.62,5.92
0:34,103161.24,35.17,14.68,103189.17,22.77,48.47,-833614.00,4.44
0:35,103147.74,35.12,14.73,103188.03,22.83,47.19,-913518.87,5.38
0:36,103147.66,35.07,14.83,103186.90,22.70,48.42,-899273.00,5.61
0:37,103155.35,35.06,14.74,103187.80,22.42,48.97,-942343.81,5.63
0:38,103150.36,35.02,14.77,103183.91,22.41,49.58,-923410.68,4.30
0:39,103156.49,35.04,14.90,103187.47,22.44,50.01,-2543252.50,4.82
0:40,103154.17,35.04,14.88,103185.07,22.27,49.90,-2506388.75,4.87
0:41,103151.07,35.01,14.88,103185.00,22.22,50.14,-2658707.25,4.88
0:42,103150.06,34.93,14.91,103185.61,22.22,50.50,-2657677.25,4.75
0:43,103148.60,34.94,14.91,103183.63,22.36,49.82,-418958.31,4.58
0:44,103156.85,34.97,14.81,103184.99,22.31,49.93,-235310.70,4.15
0:45,103151.07,34.91,14.84,103183.51,22.38,49.18,-414926.68,4.64
0:46,103151.32,34.86,14.87,103182.73,22.31,49.21,-2786895.50,5.53
0:47,103146.25,34.85,14.90,103182.09,22.30,49.63,-2790280.00,5.32
0:48,103149.92,34.83,14.87,103182.13,22.16,49.82,-2779925.50,4.45
0:49,103146.16,34.81,14.99,103179.25,22.37,49.15,-2781378.75,5.19
0:50,103159.05,34.85,14.86,103179.64,22.27,49.57,-2782600.25,3.99
0:51,103148.47,34.82,14.96,103181.82,22.17,50.13,-2785123.00,4.76
0:52,103144.07,34.80,14.99,103182.08,22.11,49.98,-2786763.25,4.56
0:53,103146.39,34.79,14.92,103179.83,22.35,47.87,-2785676.75,5.05
0:54,103147.84,34.74,14.98,103179.75,22.18,49.95,-96285.40,5.31
0:55,103143.08,34.73,14.94,103179.39,22.21,49.52,-2758667.50,4.32
0:56,103146.61,34.73,14.92,103179.94,22.28,48.94,-2748781.25,4.05
0:57,103138.86,34.69,14.95,103178.39,22.18,49.68,-2749569.00,5.86
0:58,103147.89,34.67,14.92,103178.69,22.25,48.39,-2749658.50,5.22
0:59,103137.21,34.62,14.95,103177.55,22.34,48.58,-2743610.50,5.21
1:0,103137.16,34.67,14.99,103180.49,22.15,50.12,-2739053.50,5.67
1:1,103145.39,34.68,14.95,103180.25,22.21,49.77,-2734732.50,4.35
1:2,103152.77,34.69,15.00,103180.26,22.12,49.70,-2733612.25,5.14
1:3,103147.39,34.71,14.99,103178.25,22.19,49.44,-2733451.50,5.50
1:4,103155.98,34.69,14.98,103178.61,22.15,50.06,-475855.18,5.86
1:5,103148.94,34.69,15.04,103182.48,21.87,51.43,-577203.87,4.33
1:6,103141.21,34.72,14.93,103182.86,22.05,50.09,-643976.18,3.82
1:7,103150.39,34.71,14.88,103180.14,22.09,49.80,-197161.79,4.44
1:8,103141.28,34.67,14.94,103175.54,22.12,49.54,-83145.00,5.15
1:9,103148.89,34.65,14.95,103179.72,21.86,50.71,-59730.80,5.34
1:10,103141.52,34.63,14.91,103179.91,21.90,50.48,-47639.00,4.33
1:11,103148.98,34.65,15.00,103178.38,21.89,50.69,-2791.10,4.82
1:12,103145.97,34.65,15.06,103179.25,21.72,51.64,-7509.90,5.61
1:13,103139.27,34.61,15.07,103175.52,21.84,51.13,-9073.40,4.50
1:14,103141.17,34.63,14.95,103176.20,21.96,50.63,-10014.20,5.02
1:15,103138.24,34.60,15.04,103174.67,21.84,50.99,-2484.40,4.47
1:16,103136.69,34.60,15.05,103172.67,21.88,50.91,-9516.80,5.07
1:17,103145.78,34.61,15.07,103175.92,21.95,49.62,-7594.30,4.54
1:18,103142.86,34.62,15.00,103172.57,22.05,49.87,-5805.30,5.41
1:19,103132.60,34.63,14.93,103172.46,21.83,50.54,-2278.80,5.54
1:20,103137.97,34.61,15.06,103169.17,21.83,51.34,-3150.30,3.83
1:21,103134.91,34.63,15.01,103168.60,21.89,51.29,5200.40,4.52
1:22,103136.57,34.66,15.00,103166.25,21.89,51.36,-2706.80,5.15
1:23,103131.41,34.66,15.05,103163.54,21.71,51.64,-2821723.25,5.23
1:24,103125.82,34.62,15.02,103163.66,21.79,51.15,-2822473.25,4.43
1:25,103135.64,34.58,15.06,103160.15,22.01,50.30,-2758224.75,5.34
1:26,103128.34,34.58,15.05,103160.80,21.94,51.00,-2758184.50,4.47
1:27,103123.05,34.59,15.04,103158.41,21.63,51.98,-2761395.50,5.63
1:28,103120.21,34.60,15.05,103161.85,21.68,52.50,-2719382.50,5.12
1:29,103125.28,34.59,15.16,103160.47,21.79,51.89,-31698.50,4.89
1:30,103123.25,34.67,15.13,103159.00,21.68,52.01,-19769.90,5.56
1:31,103121.70,34.68,15.08,103160.51,21.68,52.52,-31487.80,4.95
1:32,103121.27,34.69,15.05,103159.99,21.59,53.08,-25630.10,5.01
1:33,103120.33,34.68,15.09,103155.33,21.64,52.61,-7730.50,4.70
1:34,103126.49,34.65,15.07,103157.72,21.66,52.78,-91672.80,4.65
1:35,103123.31,34.58,15.04,103157.21,21.93,50.78,-61228.20,5.52
1:36,103131.89,34.60,15.00,103154.64,22.02,50.64,-86176.60,5.67
1:37,103118.16,34.59,15.04,103158.67,21.95,50.89,-2788.70,4.43
1:38,103116.58,34.57,15.02,103158.27,21.86,51.56,-2534.10,5.60
1:39,103122.06,34.54,15.03,103157.85,21.88,50.54,-12418.30,4.32
1:40,103122.75,34.53,15.02,103157.30,21.79,51.50,-435.20,5.50
1:41,103111.80,34.49,15.02,103156.15,21.93,50.12,-10769.10,4.21
1:42,103120.71,34.46,15.03,103157.11,21.75,51.00,8.90,4.38
1:43,103108.35,34.46,15.07,103152.17,21.70,51.53,2124.40,5.22
1:44,103118.90,34.45,14.99,103152.38,21.68,51.09,-4628.80,5.56
1:45,103107.53,34.38,15.09,103150.42,21.73,50.50,-115482.30,4.72
1:46,103107.62,34.38,15.09,103151.46,21.80,51.18,-17005.20,4.34
1:47,103111.91,34.39,15.18,103147.66,21.59,52.83,-17740.20,5.07
1:48,103117.00,34.40,15.24,103148.78,21.38,53.16,-27673.30,4.39
1:49,103115.03,34.41,15.18,103150.38,21.66,52.75,-16644.10,4.29
1:50,103112.79,34.42,15.25,103149.42,21.55,52.78,-27777.50,4.27
1:51,103114.00,34.40,15.19,103149.82,21.47,52.87,-14688.10,4.51
1:52,103110.69,34.33,15.13,103150.44,21.56,51.80,-602.70,4.62
1:53,103111.53,34.29,15.20,103145.65,21.46,52.54,-9994.10,5.10
1:54,103111.00,34.25,15.16,103145.72,21.46,51.74,1535.40,5.05
1:55,103113.98,34.21,15.17,103149.03,21.44,51.94,-73122.21,4.98
1:56,103117.66,34.22,15.23,103146.64,21.45,52.66,-1903.90,4.29
1:57,103121.52,34.22,15.25,103146.28,21.38,52.93,-1545.60,3.91
1:58,103112.66,34.20,15.23,103146.78,21.44,52.45,-22563.70,5.14
1:59,103110.60,34.20,15.29,103147.82,21.35,52.51,-10713.90,5.10
2:0,103109.03,34.15,15.24,103147.77,21.46,51.46,-6683.70,4.56
2:1,103111.52,34.16,15.32,103146.91,21.49,51.93,-4857.70,5.21
2:2,103115.66,34.19,15.37,103146.89,21.41,52.40,-19282.90,5.23
2:3,103109.32,34.18,15.35,103145.78,21.32,52.73,-6260.00,5.75
2:4,103113.96,34.19,15.31,103146.96,21.43,52.21,4430.10,4.69
2:5,103107.13,34.12,15.13,103144.14,21.72,50.53,-361.80,4.93
2:6,103104.85,34.04,15.18,103145.41,21.70,50.38,-1589.10,5.48
2:7,103113.51,34.03,15.44,103138.63,21.22,52.61,-19086.80,5.54
2:8,103102.15,34.11,15.30,103140.73,21.33,52.35,-11546.40,5.90
2:9,103104.99,34.11,15.27,103138.04,21.26,53.00,267.10,5.68
2:10,103104.67,34.05,15.36,103139.39,21.32,52.78,-8955.30,5.64
2:11,103111.63,34.03,15.36,103138.87,21.22,52.83,-8572.50,5.56
2:12,103112.54,34.01,15.28,103136.55,21.38,51.91,-13200.30,4.92
2:13,103104.77,33.96,15.36,103135.22,21.16,53.21,-11155.80,5.64
2:14,103098.45,33.90,15.38,103132.09,21.13,53.23,-6211.40,5.19
2:15,103098.93,33.87,15.39,103135.30,21.12,52.79,-12168.90,5.47
2:16,103092.88,33.87,15.34,103130.25,21.31,52.03,-2708.50,5.68
2:17,103100.57,33.86,15.29,103132.86,21.37,51.43,985.40,4.38
2:18,103100.91,33.84,15.38,103136.03,21.42,51.22,-4375.50,5.47
2:19,103097.91,33.86,15.39,103131.50,21.37,51.66,-16342.00,4.52
2:20,103102.19,33.87,15.34,103130.33,21.28,52.59,-7302.70,4.33
2:21,103102.28,33.86,15.39,103131.92,21.28,52.14,-3084.70,5.51
2:22,103097.05,33.84,15.36,103133.44,21.25,52.15,-8973.30,4.76
2:23,103097.28,33.83,15.33,103131.03,21.35,50.62,-9951.20,5.36
2:24,103095.14,33.80,15.29,103129.78,21.46,50.37,-10951.50,5.70
2:25,103095.77,33.75,15.41,103127.86,21.45,51.10,4839.40,5.70
2:26,103100.62,33.70,15.44,103125.72,20.99,52.70,-13663.10,5.13
2:27,103091.08,33.67,15.40,103126.27,20.90,52.63,-32151.00,4.61
2:28,103094.73,33.64,15.35,103128.67,21.22,51.97,-31159.50,5.74
2:29,103090.36,33.63,15.43,103123.24,20.97,52.45,-58538.00,5.60
2:30,103085.10,33.59,15.48,103124.03,21.32,50.94,-26931.20,4.98
2:31,103084.07,33.58,15.49,103122.53,21.19,50.70,-35511.30,5.39
2:32,103090.58,33.60,15.42,103123.02,21.29,51.12,-38136.70,4.84
2:33,103086.99,33.59,15.31,103124.44,21.48,49.47,-26868.30,4.94
2:34,103087.13,33.56,15.46,103119.93,21.18,51.63,-54927.30,4.93
2:35,103077.96,33.56,15.40,103117.67,21.19,50.28,-29803.80,5.20
2:36,103082.07,33.54,15.49,103114.14,21.27,51.13,-23189.90,5.70
2:37,103082.13,33.53,15.39,103119.78,21.27,50.77,-52607.40,4.82
2:38,103074.72,33.49,15.47,103114.72,21.10,51.42,-74279.30,5.12
2:39,103074.13,33.47,15.54,103107.09,21.01,51.70,-81540.00,5.40
2:40,103074.89,33.47,15.43,103112.06,21.15,51.25,-89924.10,4.25
2:41,103075.51,33.46,15.55,103111.21,21.09,52.62,-59843.70,5.62
2:42,103077.46,33.49,15.52,103106.92,20.94,52.41,-51652.90,5.97
2:43,103070.00,33.47,15.45,103108.31,21.10,51.65,-159127.90,3.87
2:44,103066.94,33.45,15.46,103107.71,20.89,52.28,-164027.90,4.54
2:45,103075.08,33.44,15.49,103107.67,21.02,51.69,-70029.30,5.12
2:46,103072.41,33.47,15.51,103104.71,20.90,52.21,-138189.29,4.57
2:47,103066.33,33.47,15.53,103105.97,20.80,53.35,-161511.90,4.63
2:48,103070.37,33.44,15.59,103103.35,20.82,53.71,-148554.59,5.57
2:49,103070.21,33.46,15.60,103110.51,20.70,54.03,-149116.40,4.25
2:50,103071.13,33.47,15.65,103108.18,20.54,54.31,-102155.50,5.61
2:51,103071.40,33.43,15.70,103102.83,20.57,54.34,-132589.00,5.87
2:52,103070.89,33.43,15.66,103108.57,20.58,54.17,-256989.40,5.09
2:53,103063.91,33.41,15.66,103106.46,20.65,53.30,-550454.12,5.88
2:54,103073.68,33.41,15.60,103106.07,20.61,54.24,-572163.31,4.54
2:55,103067.17,33.42,15.65,103107.75,20.60,54.82,-606491.31,5.80
2:56,103064.89,33.42,15.67,103104.16,20.56,54.69,-198964.09,5.30
2:57,103072.32,33.47,15.81,103105.36,20.65,54.70,-200378.20,3.83
2:58,103071.75,33.51,15.74,103105.39,20.52,55.37,-194031.00,5.92
2:59,103071.33,33.50,15.71,103104.17,20.38,55.69,-271773.31,5.68
3:0,103063.58,33.48,15.61,103106.23,20.45,54.67,-252187.00,4.29
3:1,103057.92,33.41,15.65,103103.60,20.42,54.75,-291717.31,4.94
3:2,103065.20,33.39,15.64,103106.30,20.50,54.78,-282397.50,5.81
3:3,103071.99,33.33,15.73,103101.32,20.40,55.38,-251237.40,5.20
3:4,103063.59,33.31,15.67,103102.46,20.53,53.84,-594610.50,4.79
3:5,103068.69,33.28,15.74,103101.14,20.34,54.81,-306675.50,5.57
3:6,103066.69,33.25,15.72,103099.11,20.28,55.76,-218772.59,4.78
3:7,103061.42,33.24,15.75,103098.25,20.25,55.68,-183858.90,5.07
3:8,103059.21,33.22,15.76,103101.31,20.18,56.26,-149252.00,5.11
3:9,103067.94,33.22,15.83,103098.52,20.22,56.55,-206071.90,5.25
3:10,103071.02,33.23,15.74,103097.25,20.14,56.27,-205961.90,4.73
3:11,103086.00,20.54,59.22,103095.78,20.15,57.49,-170713.09,0.82
3:12,103077.32,20.78,55.18,103100.71,20.09,58.08,-333927.00,0.25
3:13,103079.28,21.23,52.24,103098.31,19.94,58.59,-314529.68,0.24
3:14,103059.99,31.27,20.11,103096.49,20.10,57.05,-2977163.50,4.94
3:15,103061.39,32.60,17.07,103090.71,20.17,56.26,-2973499.25,5.63
3:16,103054.41,32.91,16.42,103093.60,20.33,55.65,-2973398.00,4.42
3:17,103061.16,32.96,16.26,103095.74,20.53,54.64,-2972680.00,4.52
3:18,103064.94,32.92,16.21,103092.10,20.54,55.26,-2974476.75,4.67
3:19,103063.34,32.98,16.11,103091.44,20.49,55.22,-2973850.75,5.88
3:20,103051.49,33.05,15.97,103091.78,20.44,55.50,-2975018.50,4.34
3:21,103050.15,33.08,15.85,103092.57,20.66,53.69,-2974874.75,4.61
3:22,103062.48,33.06,15.96,103092.97,20.41,56.11,-2972001.00,5.07
3:23,103070.74,33.09,15.94,103090.53,20.28,55.87,-2972424.00,4.61
3:24,103052.67,33.10,15.85,103092.90,20.08,56.76,-2877765.50,5.54
3:25,103057.91,33.04,15.92,103094.40,19.97,57.00,-2872662.00,4.94
3:26,103064.06,33.10,15.81,103091.37,20.08,56.32,-2850764.50,4.49
3:27,103057.72,33.10,15.86,103084.85,20.16,56.06,-2906663.25,5.40
3:28,103058.32,33.10,15.80,103085.47,20.23,55.49,-2907999.00,4.67
3:29,103062.31,33.08,15.76,103086.43,20.25,55.49,-2911905.50,5.64
3:30,103056.49,33.08,15.87,103086.65,20.02,56.88,-2913382.50,5.25
3:31,103052.29,33.08,15.84,103083.57,19.97,56.96,-2914265.25,4.78
3:32,103058.32,33.10,15.88,103087.30,19.93,57.49,-2904944.25,5.93
3:33,103054.25,33.14,15.77,103082.28,20.16,56.14,-2770630.50,4.29
3:34,103056.14,33.08,15.83,103084.51,20.18,56.32,-2722927.50,4.52
3:35,103050.49,33.08,15.83,103080.97,20.07,56.58,-2734320.75,5.22
3:36,103055.42,33.03,15.78,103085.07,19.98,57.36,-2717261.50,4.86
3:37,103052.72,32.99,15.90,103082.82,19.98,57.18,-2702145.50,5.08
3:38,103047.97,32.94,15.88,103081.49,19.77,57.90,-2655432.00,5.30
3:39,103042.16,32.95,15.87,103083.92,19.73,58.06,-43313.80,5.68
3:40,103047.93,32.99,15.78,103083.00,19.70,58.19,-11969.70,5.38
3:41,103061.97,32.98,15.83,103084.01,19.85,57.61,-10719.20,4.22
3:42,103050.97,32.96,15.84,103081.87,19.69,58.33,-23203.30,3.83
3:43,103043.47,32.98,15.82,103082.50,19.74,57.48,-10442.50,5.74
3:44,103044.97,33.04,15.84,103083.27,20.00,57.81,-17910.60,5.48
3:45,103046.81,33.05,15.82,103078.77,19.88,57.79,-10436.30,4.95
3:46,103047.46,33.03,15.77,103083.67,19.76,58.52,-17619.40,4.83
3:47,103044.16,32.99,15.83,103082.17,19.98,57.20,-16254.80,4.54
3:48,103040.70,32.96,15.84,103082.66,20.00,57.61,-15300.10,5.39
3:49,103045.80,32.94,15.85,103080.67,20.12,56.97,-13669.00,4.94
3:50,103039.94,32.93,15.85,103083.04,20.02,57.39,-14680.50,5.73
3:51,103059.36,32.94,15.84,103084.22,19.98,57.10,-13277.80,5.30
3:52,103044.30,32.94,15.77,103082.24,20.21,55.77,-15307.50,5.42
3:53,103049.14,32.88,15.88,103081.00,19.92,57.60,-193914.20,4.85
3:54,103046.02,32.92,15.89,103080.50,19.97,57.55,-90337.50,4.47
3:55,103039.52,32.93,15.80,103076.64,20.03,56.88,-17514.40,3.97
3:56,103045.75,32.94,15.82,103076.94,20.14,56.71,-10988.40,4.74
3:57,103048.92,32.95,15.87,103077.41,20.01,57.70,-23106.50,4.15
3:58,103037.53,32.96,15.87,103079.14,19.94,57.47,-12024.00,5.25
3:59,103041.60,32.99,15.89,103074.41,20.00,57.51,-2626.00,5.65
4:0,103030.25,33.02,15.86,103072.88,19.97,57.34,-3916.80,4.88
4:1,103036.61,33.05,15.83,103072.46,20.07,57.13,-14978.40,4.36
4:2,103046.13,33.08,15.89,103074.63,19.90,58.01,-8065.00,5.16
4:3,103037.00,33.09,15.87,103075.78,19.88,57.92,-9166.10,3.88
4:4,103038.63,33.09,15.82,103078.13,19.87,57.95,-95766.80,5.59
4:5,103039.02,33.08,15.83,103073.55,19.73,58.88,-96820.40,5.25
4:6,103034.91,33.08,15.87,103073.71,19.70,59.05,-116790.00,5.61
4:7,103047.75,33.08,15.86,103073.94,19.71,58.88,-143955.79,4.95
4:8,103041.16,33.08,15.82,103072.83,19.93,57.88,-156681.59,5.82
4:9,103033.19,33.06,15.87,103071.21,19.68,59.56,-125723.40,4.65
4:10,103038.85,33.07,15.82,103070.21,19.81,58.28,-61088.60,4.76
4:11,103033.16,33.03,15.86,103071.49,19.99,57.81,-62877.50,4.61
4:12,103040.52,33.05,15.75,103065.94,20.02,57.48,-57500.50,4.94
4:13,103027.72,33.00,15.79,103061.76,19.93,57.04,-62161.30,4.70
4:14,103035.17,33.00,15.82,103068.21,19.88,57.90,-88718.00,5.41
4:15,103038.94,33.00,15.87,103069.21,19.91,57.52,-143867.90,5.20
4:16,103038.86,33.01,15.75,103063.77,19.94,56.95,-218624.09,4.76
4:17,103028.24,32.99,15.82,103066.99,19.98,57.06,-340437.40,5.79
4:18,103032.74,32.98,15.85,103062.78,20.04,56.83,-72465.90,4.39
4:19,103034.40,32.98,15.85,103061.64,20.00,56.78,-65854.30,4.34
4:20,103032.44,33.00,15.87,103061.52,19.90,57.79,-59767.90,5.15
4:21,103031.92,32.98,15.85,103060.25,19.81,58.66,-65407.10,5.88
4:22,103027.69,32.97,15.89,103059.85,19.64,59.12,-70149.90,4.22
4:23,103022.67,32.99,15.93,103057.17,19.64,59.25,-64237.10,5.65
4:24,103035.21,33.03,15.86,103057.24,19.74,58.49,-2816220.75,5.30
4:25,103023.83,33.05,15.87,103055.63,19.72,58.74,-2810590.75,5.62
4:26,103029.82,33.05,15.86,103056.77,19.66,60.07,-2831304.00,5.30
4:27,103025.75,33.05,15.92,103056.13,19.51,60.49,-2869623.50,5.81
4:28,103019.24,33.06,15.94,103054.33,19.52,60.52,-2850458.00,4.90
4:29,103015.60,33.10,15.87,103056.91,19.78,58.87,-54116.80,5.41
4:30,103023.39,33.11,15.88,103056.49,19.84,58.22,-1138675.75,5.77
4:31,103016.78,33.11,15.87,103054.37,19.72,58.63,-40668.00,4.34
4:32,103018.47,33.05,15.84,103055.72,19.68,59.83,-31772.80,4.95
4:33,103021.14,33.00,15.86,103050.45,19.71,59.45,-31726.80,5.43
4:34,103021.10,32.95,15.96,103049.44,19.64,59.42,-22946.80,5.72
4:35,103016.42,32.98,15.88,103051.75,19.54,59.80,-69967.10,4.53
4:36,103014.82,32.94,15.91,103050.03,19.42,60.49,-60559.40,4.36
4:37,103007.24,32.93,15.93,103048.41,19.46,60.44,-57724.80,5.63
4:38,103016.49,32.92,15.93,103049.49,19.44,60.28,-30448.10,4.75
4:39,103009.60,32.87,16.01,103048.53,19.49,59.98,-30264.40,4.83
4:40,103013.63,32.87,15.97,103042.71,19.41,60.41,-15314.30,3.95
4:41,103014.27,32.86,15.91,103045.55,19.45,60.27,-18727.10,4.21
4:42,103019.44,32.87,15.85,103044.71,19.57,59.00,-19597.70,5.69
4:43,103004.98,32.88,15.95,103043.77,19.37,60.92,-13333.30,4.85
4:44,103016.11,32.88,16.01,103045.04,19.39,60.89,-19405.90,4.57
4:45,103005.50,32.90,15.97,103044.39,19.44,60.98,-19462.10,4.81
4:46,103007.21,32.89,15.96,103043.25,19.58,59.89,-163058.20,4.91
4:47,103003.39,32.92,15.96,103043.30,19.59,60.13,3019.80,5.55
4:48,103004.93,32.93,15.99,103039.97,19.45,60.71,-2447438.75,4.48
4:49,103011.76,32.95,15.99,103037.10,19.36,61.09,-2935969.75,5.04
4:50,103001.07,32.94,16.00,103037.42,19.46,60.60,-2777434.50,4.62
4:51,103007.66,32.95,15.95,103037.75,19.44,60.75,-2831631.50,4.59
4:52,103004.57,32.95,15.89,103037.89,19.45,60.55,-2827002.00,5.01
4:53,103007.33,32.92,15.96,103035.59,19.48,60.57,-2834157.50,4.00
4:54,103005.24,32.88,16.00,103033.62,19.57,60.37,-2842099.50,5.09
4:55,102996.25,32.88,16.13,103035.08,19.49,60.46,-2842725.75,5.13
4:56,102998.77,32.93,16.04,103035.74,19.28,61.98,-2849577.75,4.37
4:57,103003.80,32.96,16.03,103034.85,19.28,61.86,-2853316.00,5.11
4:58,103001.67,32.91,15.97,103035.49,19.34,61.03,-2839126.50,5.52
4:59,103000.61,32.89,16.05,103035.41,19.45,60.14,-2849500.50,5.23
5:0,103000.19,32.89,16.02,103031.44,19.42,60.62,-2852888.50,5.03
5:1,102998.47,32.88,16.05,103030.46,19.34,61.59,-2854632.50,4.25
5:2,103004.21,32.88,15.99,103033.73,19.35,61.05,-2858239.50,5.14
5:3,102993.72,32.84,16.16,103030.97,19.30,61.13,-2857780.50,5.40
5:4,102991.42,32.85,16.09,103032.77,19.15,62.40,-2859519.50,4.72
5:5,102991.92,32.83,16.09,103032.50,19.03,62.52,-2862642.75,5.02
5:6,102988.64,32.79,16.18,103028.70,19.17,61.75,-2861097.75,5.45
5:7,102989.92,32.82,16.09,103025.07,19.18,61.98,-2864061.25,4.29
5:8,102983.37,32.83,16.08,103023.05,19.30,61.19,-2865959.75,4.43
5:9,102991.07,32.83,16.07,103023.63,19.23,62.16,-2864314.50,5.72
5:10,102990.35,32.81,16.07,103017.77,19.10,61.87,-2865602.75,5.16
5:11,102981.11,32.79,16.07,103020.35,19.02,62.92,-2876010.25,5.02
5:12,102984.32,32.77,16.08,103019.44,19.04,63.16,-2868082.75,4.25
5:13,102985.86,32.76,16.17,103018.75,19.02,63.26,-2867431.00,4.48
5:14,102986.72,32.78,16.14,103014.55,19.18,62.81,-2867882.50,4.63
5:15,102985.00,32.76,16.13,103018.57,19.17,62.53,-2867257.50,5.60
5:16,102977.74,32.78,16.09,103018.02,19.12,62.47,-2878202.75,5.23
5:17,102975.08,32.76,16.10,103015.29,18.99,63.07,-2876060.50,5.03
5:18,102979.40,32.72,16.16,103015.77,18.87,63.96,-2874582.00,4.20
5:19,102974.19,32.74,16.10,103010.85,19.06,62.38,-2873682.75,5.01
5:20,102977.35,32.74,16.09,103013.22,19.06,62.85,-2875276.75,3.83
5:21,102977.78,32.72,16.07,103009.27,19.04,62.51,-2875698.25,3.90
5:22,102975.14,32.67,16.20,103016.90,18.90,63.33,-2878389.75,4.30
5:23,102977.23,32.71,16.10,103011.57,19.02,62.63,-2873708.00,4.34
5:24,102976.84,32.74,16.13,103010.61,19.13,62.63,-2870575.50,4.58
5:25,102975.81,32.73,16.16,103010.08,18.92,63.53,-2870097.25,4.35
5:26,102980.14,32.70,16.15,103012.57,19.17,62.36,-2874425.25,4.76
5:27,102977.82,32.68,16.17,103013.67,19.26,61.54,-2796503.00,4.45
5:28,102974.02,32.66,16.17,103010.17,19.06,62.82,-2788703.50,4.70
5:29,102974.36,32.67,16.25,103014.00,19.17,61.93,-2794340.00,5.52
5:30,102977.83,32.70,16.19,103009.71,19.20,61.92,-2826901.50,4.90
5:31,102978.72,32.75,16.04,103012.14,19.26,60.96,-2829166.25,5.32
5:32,102981.50,32.68,16.08,103011.41,19.16,61.53,-2828197.75,5.45
5:33,102975.35,32.63,16.12,103013.18,19.10,61.36,-2825499.25,5.59
5:34,102977.44,32.64,16.10,103010.28,18.98,62.36,-2758014.75,4.83
5:35,102981.39,32.60,16.11,103015.28,19.04,61.76,-2797456.75,4.72
5:36,102982.36,32.53,16.16,103015.08,18.87,62.31,-2827426.00,4.98
5:37,102973.43,32.51,16.11,103016.46,18.84,62.86,-2792358.00,4.77
5:38,102980.36,32.51,16.12,103018.09,18.94,61.84,-2842094.75,5.01
5:39,102985.07,32.51,16.10,103014.70,19.13,61.31,-2849585.50,4.81
5:40,102972.32,32.44,16.20,103015.21,19.21,60.96,-2850403.50,4.63
5:41,102974.67,32.46,16.13,103015.12,19.23,60.54,-2839824.75,4.39
5:42,102983.57,32.48,16.11,103012.88,19.17,61.29,-2826613.25,4.44
5:43,102973.43,32.45,16.18,103016.72,19.17,61.41,-2824816.50,3.99
5:44,102979.50,32.42,16.18,103014.39,19.14,61.31,-2824702.75,5.52
5:45,102976.09,32.39,16.20,103017.21,19.11,61.73,-2808324.25,3.80
5:46,102977.71,32.39,16.19,103018.11,18.99,61.84,-2802351.75,3.91
5:47,102982.54,32.35,16.21,103016.46,18.79,62.61,-2809972.50,4.99
5:48,102978.61,32.29,16.25,103018.58,18.82,62.33,-2800715.25,5.30
5:49,102974.46,32.34,16.19,103018.44,18.87,62.03,-2779690.50,5.60
5:50,102975.39,32.31,16.28,103022.57,18.87,62.46,-2731404.50,5.25
5:51,102975.57,32.30,16.14,103021.47,19.14,61.23,-147654.79,5.41
5:52,102980.10,32.26,16.31,103020.51,19.19,61.04,-15061.20,5.39
5:53,102981.93,32.27,16.22,103016.14,19.04,61.72,-18995.40,5.44
5:54,102984.03,32.24,16.29,103019.67,18.92,61.84,-3104.10,5.62
5:55,102972.49,32.24,16.25,103017.31,18.60,63.31,-12855.00,4.40
5:56,102976.97,32.22,16.31,103022.96,18.70,62.98,-150110.59,4.60
5:57,102976.88,32.19,16.28,103017.78,19.05,61.24,-22603.70,4.40
5:58,102973.16,32.18,16.34,103016.32,18.99,61.90,-16638.30,5.44
5:59,102974.32,32.21,16.24,103019.46,19.07,61.17,-13678.90,5.48
6:0,102977.36,32.25,16.26,103019.68,19.17,60.87,-9946.90,4.32
6:1,102980.82,32.22,16.28,103017.14,19.07,61.54,-10842.70,5.54
6:2,102978.03,32.23,16.26,103021.75,18.98,61.80,-17188.50,4.48
6:3,102980.35,32.23,16.21,103021.02,18.95,62.37,-23667.90,4.35
6:4,102972.53,32.29,16.33,103015.51,18.65,63.98,-31646.30,4.81
6:5,102978.64,32.31,16.25,103018.83,18.93,62.47,-20385.40,4.41
6:6,102973.94,32.32,16.31,103017.38,19.00,61.30,-29625.20,5.01
6:7,102972.67,32.34,16.32,103020.24,18.91,63.23,-19831.60,5.38
6:8,102981.77,32.35,16.21,103017.07,18.99,62.02,-26587.30,4.99
6:9,102974.42,32.36,16.36,103010.24,19.06,61.75,-33395.00,4.76
6:10,102982.37,32.41,16.26,103018.46,18.89,62.29,-35384.70,4.84
6:11,102977.63,32.32,16.38,103016.88,18.97,62.30,-24984.00,5.87
6:12,102977.20,32.32,16.33,103019.39,18.85,62.67,-25028.50,4.26
6:13,102975.19,32.34,16.41,103015.05,18.82,63.01,-95327.80,4.52
6:14,102976.47,32.36,16.36,103018.17,18.91,62.29,-83264.60,5.65
6:15,102976.85,32.38,16.34,103014.27,19.04,61.77,-71823.90,4.54
6:16,102970.48,32.40,16.39,103014.49,19.00,62.41,-76226.60,5.63
6:17,102981.99,32.44,16.33,103018.78,18.81,63.50,-74792.21,5.68
6:18,102980.91,32.46,16.39,103019.24,18.83,63.93,-76820.50,5.05
6:19,102974.32,32.53,16.34,103014.69,18.99,63.01,-81231.00,5.07
6:20,102974.28,32.58,16.43,103014.21,18.99,63.24,-65390.50,4.90
6:21,102985.78,32.62,16.33,103016.97,19.12,63.21,-76401.30,5.59
6:22,102980.78,32.58,16.31,103017.14,19.26,62.18,-65725.71,5.28
6:23,102969.83,32.57,16.29,103019.35,19.18,62.68,-61923.40,5.51
6:24,102983.17,32.58,16.37,103019.38,19.23,62.27,-74809.10,4.51
6:25,102977.57,32.61,16.37,103016.63,19.12,62.82,-63466.40,4.36
6:26,102972.64,32.65,16.28,103018.79,19.16,63.04,-78162.60,5.58
6:27,102977.65,32.68,16.33,103018.48,19.20,62.84,-62061.40,5.02
6:28,102989.25,32.75,16.34,103022.28,19.13,62.77,-65774.21,4.23
6:29,102985.60,32.78,16.21,103022.70,19.21,62.30,-75576.40,5.77
6:30,102993.77,32.79,16.17,103023.52,19.29,61.92,-63238.20,5.55
6:31,102986.50,32.82,16.20,103021.54,19.42,61.40,-63800.20,5.42
6:32,102980.08,32.82,16.25,103023.05,19.38,62.11,-53301.70,4.67
6:33,102989.62,32.85,16.21,103025.72,19.40,61.96,-67825.30,5.70
6:34,102981.01,32.88,16.23,103026.64,19.41,62.06,-72852.40,4.96
6:35,102983.96,32.93,16.17,103025.44,19.46,61.80,-60435.00,4.32
6:36,102993.05,32.98,16.16,103030.71,19.46,62.24,-65355.00,4.94
6:37,102992.36,33.01,16.16,103031.92,19.50,61.87,-79362.30,4.85
6:38,102999.85,33.03,16.16,103036.57,19.53,62.07,-78258.10,5.33
6:39,102998.82,33.04,16.16,103035.03,19.44,62.48,-58879.10,4.89
6:40,102995.00,33.05,16.22,103033.82,19.40,62.82,-75032.50,4.46
6:41,103001.05,33.05,16.18,103040.44,19.07,64.17,-83235.71,4.78
6:42,103005.25,33.03,16.22,103032.99,19.18,63.92,-71326.60,5.52
6:43,102997.24,33.06,16.15,103036.63,19.30,63.67,-77518.50,5.48
6:44,103001.25,33.09,16.17,103038.42,19.12,64.63,-65155.00,5.54
6:45,103000.78,33.10,16.18,103036.74,19.32,63.31,-72588.71,5.68
6:46,103001.19,33.17,16.17,103033.55,19.34,63.73,-85797.21,5.12
6:47,102999.30,33.19,16.19,103035.85,19.29,64.17,-84511.60,4.43
6:48,103010.89,33.22,16.13,103040.69,19.33,63.66,-110321.10,4.92
6:49,103006.82,33.24,16.11,103043.88,19.38,63.69,-94464.90,5.07
6:50,103011.36,33.26,16.12,103040.46,19.49,63.47,-90112.80,5.09
6:51,103012.93,33.29,16.05,103045.60,19.56,62.18,-81831.50,5.03
6:52,103014.99,33.31,16.14,103043.44,19.54,63.55,-80246.00,4.51
6:53,103010.65,33.33,16.10,103044.66,19.62,62.49,-86332.71,4.43
6:54,103011.20,33.37,15.99,103044.49,19.71,61.86,-95841.71,4.55
6:55,103012.57,33.38,16.09,103043.90,19.58,63.50,-106133.30,4.34
6:56,103020.08,33.45,16.01,103047.11,19.60,63.21,-86951.50,5.77
6:57,103015.77,33.49,16.06,103045.46,19.55,63.60,-85078.50,4.81
6:58,103013.14,33.50,16.01,103048.92,19.62,63.69,-98616.00,5.28
6:59,103008.81,33.54,16.00,103050.61,19.92,61.57,-87354.60,5.30
7:0,103014.21,33.55,16.07,103050.71,19.78,62.78,-87153.60,5.01
7:1,103016.38,33.59,15.97,103050.92,19.80,62.79,-80769.71,5.25
7:2,103015.80,33.63,16.04,103050.00,19.71,63.68,-99451.60,5.03
7:3,103009.80,33.65,15.99,103053.57,19.76,63.29,-95918.90,5.19
7:4,103017.37,33.67,16.01,103051.80,19.77,63.59,-96687.10,5.56
7:5,103017.08,33.73,16.02,103050.74,20.00,62.23,-136886.90,5.71
7:6,103008.76,33.75,15.91,103051.98,20.05,62.13,-103196.21,5.32
7:7,103023.79,33.76,15.92,103049.50,19.92,62.29,-99154.21,5.81
7:8,103020.47,33.83,15.88,103051.64,20.05,62.04,-106320.60,5.97
7:9,103022.23,33.90,15.90,103053.17,20.18,62.35,-110854.71,4.53
7:10,103014.10,33.94,15.86,103052.17,20.00,63.08,-77350.50,4.43
7:11,103005.03,33.97,15.80,103052.32,20.05,62.59,-80731.90,5.94
7:12,103015.81,34.02,15.79,103053.82,20.07,62.91,-64704.20,5.83
7:13,103022.78,34.05,15.87,103052.82,20.14,62.23,-50136.10,5.08
7:14,103021.19,34.10,15.81,103050.57,20.14,62.37,-13176.70,5.12
7:15,103018.55,34.14,15.75,103053.39,20.14,62.13,-14864.80,5.01
7:16,103016.33,34.14,15.69,103053.03,20.18,62.12,-10954.30,5.29
7:17,103015.61,34.12,15.71,103052.17,20.18,62.13,-13562.60,4.85
7:18,103013.07,34.14,15.75,103053.53,20.35,61.83,-23641.20,4.52
7:19,103022.07,34.16,15.80,103054.55,20.11,62.91,-8404.80,5.66
7:20,103019.58,34.15,15.77,103049.22,20.07,63.33,-7965.70,6.08
7:21,103012.05,34.20,15.80,103054.19,20.21,62.96,-6611.10,5.81
7:22,103016.27,34.24,15.77,103053.87,20.13,63.29,-5114.70,5.34
7:23,103010.30,34.29,15.70,103056.08,20.34,62.03,-11775.50,4.25
7:24,103018.55,34.33,15.74,103056.30,20.25,62.71,-3506.50,5.21
7:25,103024.74,34.39,15.74,103057.61,20.29,62.88,-6635.30,4.44
7:26,103018.00,34.44,15.73,103057.66,20.46,62.18,-2045.00,5.83
7:27,103022.30,34.48,15.71,103056.29,20.50,61.96,-16323.10,5.54
7:28,103015.21,34.54,15.67,103056.74,20.43,62.73,-10725.80,5.48
7:29,103007.69,34.60,15.60,103057.32,20.47,62.53,-14884.30,5.60
7:30,103017.63,34.58,15.63,103055.31,20.53,62.17,-17073.50,5.88
7:31,103016.69,34.62,15.65,103057.01,20.49,62.67,-18760.90,6.00
7:32,103018.08,34.64,15.63,103054.46,20.47,61.71,-3458.70,4.42
7:33,103016.73,34.66,15.53,103056.07,20.59,61.22,-15416.90,5.36
7:34,103014.66,34.68,15.57,103060.03,20.78,61.08,-22541.90,6.03
7:35,103019.93,34.77,15.55,103057.63,20.71,61.84,-6050.10,4.54
7:36,103025.35,34.82,15.44,103060.36,20.93,60.79,-9694.40,5.96
7:37,103017.89,34.84,15.49,103061.05,21.10,59.97,-11203.50,5.05
7:38,103016.01,34.93,15.42,103061.80,21.10,59.41,-40287.40,3.97
7:39,103019.53,34.97,15.25,103064.11,21.63,56.48,-3131501.50,5.08
7:40,103025.30,34.96,15.34,103060.61,21.32,59.28,-3132629.50,6.19
7:41,103019.24,35.03,15.46,103062.77,21.18,60.74,-3132055.50,4.29
7:42,103021.55,35.13,15.31,103064.60,21.26,59.90,-3133783.50,5.81
7:43,103015.55,35.15,15.34,103060.03,21.18,60.15,-3121784.75,5.47
7:44,103009.19,35.16,15.29,103060.72,21.21,59.65,-3151116.50,4.76
7:45,103017.60,35.17,15.30,103060.64,21.34,58.46,-3149251.25,6.03
7:46,103020.69,35.08,15.06,103054.00,22.02,54.28,-3149044.75,4.09
7:47,103016.57,35.00,15.20,103057.38,21.80,56.94,-3150293.50,5.90
7:48,103017.50,35.02,15.19,103058.44,21.64,54.89,-3150428.00,4.54
7:49,103017.53,34.88,15.19,103054.97,21.95,53.34,-3151400.00,5.94
7:50,103020.34,34.76,15.19,103058.13,22.05,53.49,-3151884.00,4.88
7:51,103010.56,34.70,15.16,103050.58,22.10,52.62,-3151300.00,4.62
7:52,103016.96,34.55,15.04,103054.21,22.41,50.60,-3151561.75,4.09
7:53,103022.86,34.58,15.21,103053.46,22.61,49.26,-3149293.75,5.15
7:54,103020.74,34.59,15.16,103053.55,22.42,50.31,-3149448.00,5.62
7:55,103016.77,34.57,15.04,103052.89,22.47,49.45,-3149612.75,5.33
7:56,103011.70,34.53,15.11,103054.21,22.54,49.52,-3151019.00,4.42
7:57,103021.23,34.52,15.01,103053.69,22.66,48.00,-3151123.75,5.21
7:58,103018.35,34.49,15.03,103050.31,22.66,48.64,-3152141.50,4.20
7:59,103019.06,34.50,15.09,103054.90,22.49,48.93,-3152315.75,5.68
8:0,103024.41,34.52,15.11,103053.47,22.64,48.90,-3152763.50,5.85
8:1,103015.78,34.68,15.27,103051.89,22.37,50.89,-3059423.50,6.04
8:2,103010.49,34.73,15.03,103057.64,22.56,49.34,-1240904.00,5.40
8:3,103018.53,34.72,15.10,103056.96,22.61,49.80,-993665.18,4.96
8:4,103015.28,34.78,15.04,103051.61,22.62,49.91,-576305.00,5.88
8:5,103012.28,34.78,14.96,103053.84,22.73,48.65,-545754.18,5.02
8:6,103023.52,34.80,14.87,103052.11,22.86,48.36,-594761.37,5.39
8:7,103015.55,34.88,14.92,103054.85,22.75,49.17,-537348.00,6.06
8:8,103017.72,34.89,14.85,103054.14,22.87,48.14,-510737.09,4.45
8:9,103023.64,34.89,14.85,103053.83,22.91,48.24,-518944.00,4.18
8:10,103013.59,34.90,14.90,103055.19,22.96,48.80,-461976.31,4.43
8:11,103013.99,35.01,14.91,103054.67,22.75,49.20,-649335.50,5.43
8:12,103021.88,35.06,14.83,103055.66,22.93,49.00,-570829.37,4.11
8:13,103007.46,35.13,14.86,103055.00,23.16,47.61,-543740.12,5.02
8:14,103008.49,35.21,14.91,103053.31,23.09,49.69,-416160.68,3.94
8:15,103011.08,35.31,14.71,103054.42,23.40,47.50,-430396.31,4.96
8:16,103020.09,35.29,14.66,103055.47,23.41,46.58,-401140.59,5.56
8:17,103016.59,35.37,14.89,103050.91,23.13,49.32,-393386.81,5.87
8:18,103010.32,35.51,14.71,103052.48,23.22,48.87,-237970.29,5.83
8:19,103012.10,35.49,14.93,103053.76,23.05,50.54,-204381.09,5.18
8:20,103016.35,35.56,14.84,103054.72,23.21,48.08,-236930.59,5.27
8:21,103010.98,35.66,14.64,103051.91,23.20,49.17,-352783.31,5.12
8:22,103010.21,35.72,14.76,103051.03,23.07,49.73,-208478.20,5.16
8:23,103018.63,35.79,15.09,103051.39,22.98,52.98,-3169814.50,5.36
8:24,103012.50,35.89,14.61,103047.58,23.10,49.50,-3147304.50,4.65
8:25,103010.96,35.86,14.51,103053.25,23.43,47.92,-3152094.50,4.15
8:26,103016.35,35.88,14.53,103048.42,23.52,47.85,-3150858.75,5.12
8:27,103012.17,35.82,14.56,103044.35,23.65,47.05,-3149341.25,4.65
8:28,103010.94,35.87,14.81,103050.16,23.44,50.69,-3150410.50,5.02
8:29,103010.11,36.16,14.67,103050.82,23.17,50.32,-3150783.25,5.35
8:30,103011.07,36.11,14.49,103047.73,23.58,47.27,-3151461.50,4.34
8:31,103006.29,36.04,14.56,103047.94,23.57,49.50,-3151379.50,5.34
8:32,103009.97,36.30,14.57,103045.20,23.73,47.24,-2080207.62,4.66
8:33,103011.19,36.22,14.38,103047.13,23.72,47.33,-1700214.00,5.55
8:34,103001.94,36.16,14.41,103047.38,24.00,46.13,-1773310.37,5.56
8:35,103007.97,36.12,14.38,103044.71,23.96,45.99,-2051398.37,5.46
8:36,103011.77,36.06,14.39,103043.46,23.83,46.81,-1856448.00,4.54
8:37,103003.78,36.06,14.47,103046.54,23.87,47.01,-1901426.00,5.48
8:38,103008.42,36.28,14.49,103044.24,23.80,47.66,-1830140.62,4.78
8:39,103008.84,36.29,14.28,103046.14,24.16,46.02,-1400451.12,6.01
8:40,103010.75,36.27,14.29,103043.42,24.20,45.43,-1619711.00,5.47
8:41,103007.55,36.29,14.34,103046.57,24.15,45.61,-1555239.62,4.79
8:42,103011.84,36.35,14.28,103044.30,24.11,45.70,-1370319.12,4.64
8:43,103016.21,36.37,14.27,103040.13,24.35,45.72,-1407512.75,5.74
8:44,103012.30,36.46,14.37,103038.31,24.24,46.86,-1566101.75,6.04
8:45,103011.46,36.77,14.56,103041.04,24.16,48.05,-1733126.00,4.98
8:46,103004.10,36.97,14.35,103045.92,24.19,48.30,-1605862.12,5.93
8:47,103004.10,36.97,14.19,103040.22,24.33,46.55,-35996.90,4.72
8:48,103004.55,36.80,14.03,103044.17,24.57,44.78,-66220.71,4.23
8:49,103003.75,36.70,14.14,103044.96,24.51,45.67,-83697.00,5.21
8:50,103003.27,36.77,14.09,103048.27,24.54,44.95,-86395.00,5.53
8:51,103004.64,36.78,14.06,103041.11,24.46,45.52,-80865.50,6.10
8:52,103005.89,36.87,14.07,103046.46,24.62,45.17,-3019621.50,5.25
8:53,103009.03,36.95,14.04,103041.50,24.63,44.71,-1948310.37,4.32
8:54,103004.12,36.94,13.94,103039.71,24.75,44.36,-1091471.25,5.65
8:55,103002.03,36.93,13.99,103040.77,24.84,44.50,-1322018.75,5.14
8:56,102992.03,37.08,14.09,103037.47,24.92,45.03,-976256.87,4.07
8:57,102995.75,37.08,13.72,103039.17,24.81,43.20,-810500.00,4.56
8:58,103004.78,36.82,13.97,103034.59,24.79,43.68,-810030.12,5.23
8:59,102994.53,36.93,13.95,103034.94,24.97,43.39,-827259.50,5.87
9:0,102995.53,37.04,13.89,103038.46,24.96,43.84,-896167.31,5.43
9:1,102999.03,36.96,13.91,103036.32,24.95,43.69,-667706.50,4.59
9:2,102988.54,36.95,13.86,103037.41,24.99,42.78,-660536.12,4.74
9:3,102990.56,37.00,13.86,103037.64,25.08,42.72,-675015.12,5.67
9:4,102995.97,37.03,13.87,103032.55,25.07,42.07,-642761.50,5.52
9:5,102988.92,37.20,14.01,103032.10,25.07,43.47,-630395.68,4.09
9:6,102998.97,37.25,13.83,103033.97,25.01,44.32,-680812.87,4.95
9:7,102995.75,37.27,13.79,103034.88,25.24,42.67,-820521.31,5.40
9:8,102995.11,37.31,13.84,103033.57,25.28,43.05,-796623.68,5.18
9:9,102991.55,37.47,13.78,103035.07,25.33,41.99,-1846306.37,5.79
9:10,102990.71,37.47,13.79,103033.57,25.33,42.78,-2077810.25,5.26
9:11,102992.31,37.42,13.83,103034.17,25.25,44.14,-2262413.50,4.33
9:12,102990.41,37.49,13.71,103031.77,25.29,42.65,-3106621.25,4.43
9:13,102996.92,37.44,13.74,103035.30,25.45,41.85,-3109309.25,5.98
9:14,102996.21,37.47,13.57,103033.52,25.67,41.18,-3110218.75,5.45
9:15,102992.35,37.33,13.51,103039.28,25.41,40.55,-3112237.50,4.14
9:16,102989.34,37.13,13.48,103031.88,25.49,40.20,-3112904.25,4.75
9:17,102984.27,37.02,13.72,103029.63,25.58,40.49,-3113333.25,4.10
9:18,102991.29,37.06,13.80,103030.57,25.61,39.93,-3113980.00,4.05
9:19,102993.02,37.25,13.74,103029.96,25.76,40.23,-3113962.75,4.81
9:20,102984.77,37.41,13.59,103029.25,25.75,40.02,-3114947.50,4.69
9:21,102987.99,37.37,13.49,103026.10,25.82,39.39,-3116978.75,5.75
9:22,102992.69,37.45,13.60,103028.55,25.88,40.04,-3119165.25,4.32
9:23,102988.97,37.45,13.52,103030.89,25.80,40.03,-3118865.50,5.41
9:24,102984.11,37.29,13.34,103027.88,25.71,39.34,-3121040.50,4.03
9:25,102992.66,37.09,13.42,103028.17,25.76,39.03,-3121058.00,4.45
9:26,102980.63,37.12,13.61,103029.42,25.71,39.67,-3121208.75,4.83
9:27,102980.88,37.04,13.41,103024.91,25.74,38.26,-3121802.75,4.52
9:28,102990.18,37.06,13.59,103027.80,25.82,38.78,-3121984.00,5.54
9:29,102978.74,37.33,13.51,103028.83,26.15,37.95,-3123367.50,6.36
9:30,102989.92,37.33,13.48,103026.89,26.16,38.43,-3107472.75,4.70
9:31,102981.44,37.31,13.18,103020.52,26.23,36.46,-3157364.50,4.16
9:32,102988.71,37.15,13.38,103023.10,26.27,36.59,-3157682.75,3.96
9:33,102989.23,37.25,13.46,103026.64,26.45,36.84,-3140797.25,4.05
9:34,102990.42,37.48,13.46,103024.08,26.56,36.96,-3008710.00,4.49
9:35,102981.21,37.57,13.36,103026.83,26.63,36.96,-3006338.75,4.62
9:36,102989.77,37.46,12.87,103024.10,26.45,34.57,-3008749.50,4.12
9:37,102984.24,36.89,13.15,103020.30,26.38,34.73,-2951794.75,5.55
9:38,102989.55,36.92,13.53,103027.78,26.49,35.67,-3004095.75,5.90
9:39,102982.03,37.02,13.32,103026.07,26.43,35.41,-3051588.25,4.27
9:40,102992.30,36.99,13.41,103024.91,26.57,35.32,-3054219.00,5.21
9:41,102993.66,37.02,13.37,103021.05,26.39,36.00,-3057492.00,5.02
9:42,102986.11,36.96,13.38,103024.12,26.41,35.65,-3050624.00,4.64
9:43,102982.42,37.04,13.37,103024.83,26.48,35.33,-3054126.25,5.76
9:44,102991.35,37.10,13.40,103022.80,26.43,35.44,-3055854.75,5.20
9:45,102983.53,36.98,13.23,103023.17,26.61,34.34,-3055170.75,4.11
9:46,102982.32,36.94,13.39,103023.14,26.79,34.09,-3053505.50,5.27
9:47,102989.21,36.92,13.43,103023.39,26.64,34.34,-3054412.50,4.36
9:48,102985.43,36.89,13.30,103021.22,26.64,34.41,-3056098.75,5.83
9:49,102984.53,37.02,13.54,103023.91,26.77,34.90,-2213858.25,5.60
9:50,102984.71,37.19,13.51,103023.71,26.80,35.33,-2350981.75,5.56
9:51,102985.40,37.19,13.32,103024.46,26.75,34.80,-2378753.50,5.02
9:52,102993.16,37.08,13.42,103023.47,26.74,34.50,-2703282.50,5.30
9:53,102977.24,37.07,13.47,103020.39,26.83,34.61,-2894958.50,5.60
9:54,102982.61,37.22,13.34,103020.28,26.81,35.50,-2863723.25,5.70
9:55,102993.33,37.51,13.41,103020.02,26.99,36.68,-2896019.50,4.12
9:56,102986.14,37.63,13.26,103018.29,27.16,34.69,-3066730.00,5.12
9:57,102980.63,37.60,13.24,103016.27,27.14,34.29,-3064601.00,5.52
9:58,102983.32,37.69,13.19,103020.05,27.25,34.37,-3160772.25,6.12
9:59,102993.63,37.65,13.19,103016.88,27.18,34.41,-3161291.25,5.32
10:0,102981.19,37.66,13.03,103018.50,27.19,33.68,-3162407.25,5.27
10:1,102989.97,37.51,12.94,103017.71,26.84,32.86,-3163388.50,5.15
10:2,102986.74,37.16,12.98,103015.67,26.73,33.19,-3164542.75,5.40
10:3,102979.86,37.32,13.28,103015.35,27.13,34.70,-3163106.25,4.56
10:4,102977.14,37.66,13.08,103017.67,27.39,33.30,-3122658.00,4.17
10:5,102983.17,37.64,12.97,103015.46,27.25,32.76,-3012400.50,4.78
10:6,102976.86,37.51,12.86,103017.52,27.25,31.53,-3042831.50,4.03
10:7,102979.02,37.21,12.79,103018.86,27.31,30.87,-3038901.50,5.06
10:8,102970.61,36.90,12.82,103017.05,27.18,30.65,-3042653.50,4.54
10:9,102972.56,36.85,13.00,103015.34,27.20,31.20,-3042538.75,4.38
10:10,102980.35,36.83,12.87,103017.06,27.02,30.71,-3046288.25,5.21
10:11,102974.25,36.77,13.06,103019.24,27.15,31.25,-3051701.50,5.09
10:12,102972.96,36.91,12.98,103014.50,27.26,31.01,-3051608.00,5.41
10:13,102978.86,37.09,13.06,103015.62,27.38,31.28,-3050687.25,4.16
10:14,102980.02,37.06,12.99,103015.99,27.36,31.05,-3052294.50,5.34
10:15,102977.32,37.09,13.00,103016.96,27.35,30.82,-3055084.00,4.40
10:16,102974.80,37.12,12.91,103014.66,27.52,30.37,-3055920.50,5.80
10:17,102972.83,36.99,12.82,103015.95,27.55,29.91,-3054900.00,4.63
10:18,102972.04,37.00,12.85,103011.72,27.59,29.93,-3056286.75,5.59
10:19,102964.72,36.99,12.93,103015.91,27.67,30.04,-3006321.50,4.46
10:20,102977.33,36.97,13.03,103012.96,27.49,30.68,-2997366.25,5.21
10:21,102972.28,37.13,12.86,103011.66,27.83,29.52,-3085693.50,5.29
10:22,102975.35,37.16,12.84,103010.74,27.71,29.80,-3018888.75,5.38
10:23,102968.71,36.98,12.90,103006.97,27.65,30.05,-3018408.00,5.44
10:24,102967.87,36.89,12.80,103012.60,27.03,31.11,-3047117.25,3.94
10:25,102966.30,36.69,13.00,103011.22,27.24,30.50,-3064150.50,4.56
10:26,102975.50,36.81,12.98,103010.08,27.49,29.87,-3061049.25,5.30
10:27,102973.94,37.01,13.05,103011.20,27.71,30.35,-3056046.00,4.87
10:28,102972.90,37.12,12.90,103011.60,27.85,29.96,-2979763.75,4.05
10:29,102983.53,37.15,12.85,103008.92,27.88,29.39,-2972317.50,5.30
10:30,102968.96,37.27,12.86,103011.03,27.92,29.40,-162461.40,4.76
10:31,102975.82,37.13,12.88,103011.66,27.85,29.64,-116813.10,5.54
10:32,102971.92,37.16,12.85,103006.85,27.86,29.24,-1201847.25,5.27
10:33,102978.22,37.14,12.89,103009.83,27.86,29.52,-987512.62,3.94
10:34,102976.66,37.25,12.72,103007.52,28.05,28.71,-1122337.12,4.29
10:35,102960.61,37.09,12.71,103005.07,27.88,28.40,-32002.20,5.11
10:36,102966.42,37.03,12.79,103006.52,28.02,28.86,-29043.50,4.08
10:37,102972.28,37.13,12.75,103005.46,27.93,28.80,-22214.50,3.86
10:38,102959.22,36.98,12.74,103005.03,27.55,29.43,-104434.80,5.04
10:39,102964.61,37.13,12.85,103005.12,27.86,29.63,-147316.29,5.52
10:40,102970.35,37.45,12.85,103007.06,28.14,29.59,-62161.50,4.03
10:41,102970.89,37.41,12.66,103006.07,28.04,28.88,-37871.60,5.18
10:42,102968.57,37.33,12.78,103008.97,27.94,29.80,-35259.70,4.40
10:43,102971.14,37.54,12.81,103002.00,28.12,29.50,-34812.10,5.84
10:44,102963.86,37.66,12.75,103001.46,28.28,29.43,-1856927.25,5.40
10:45,102958.19,37.78,12.82,102998.58,28.08,30.67,1602.20,3.94
10:46,102963.05,38.00,12.78,103000.82,28.26,29.80,-9346.20,5.34
10:47,102962.22,38.04,12.72,103001.99,28.28,29.72,-21628.10,5.17
10:48,102962.67,38.03,12.62,102994.13,28.48,29.12,-11965.80,4.25
10:49,102958.03,38.01,12.81,102995.33,28.65,28.94,-56836.20,0.21
