12:6,100021.54,16.75,68.46,100026.56,16.54,71.76,-17105.90,0.16
12:6,100022.55,16.86,68.32,100025.75,16.67,71.54,-15922.30,0.10
12:6,100022.32,17.03,67.60,100029.21,16.80,70.23,-696536.50,0.18
12:6,100018.33,17.04,67.43,100024.43,16.82,70.17,-696678.68,0.10
14:16,100020.81,17.12,67.37,100028.07,16.92,70.77,-696577.18,0.19
14:16,100021.19,16.96,67.58,100027.47,16.72,70.66,-701935.68,0.18
14:16,100021.95,17.07,67.55,100025.26,16.84,70.78,-701278.00,0.11
14:16,100018.78,17.08,67.59,100025.04,16.87,70.75,-701252.18,0.10
14:16,100013.64,17.10,67.66,100023.36,16.88,70.66,-701277.87,0.12
14:16,100016.13,17.11,67.74,100022.24,16.89,70.62,-701350.87,0.12
14:16,100017.22,17.12,67.85,100023.42,16.90,70.67,-701232.62,0.12
14:16,100016.38,17.08,67.86,100024.57,16.91,70.84,-701320.18,1.07
14:16,100018.74,17.01,72.92,100023.55,16.91,71.00,-701324.81,1.10
14:16,100016.22,16.89,75.15,100023.13,16.94,71.64,-701283.62,1.10
14:16,100011.32,16.78,76.37,100023.17,16.95,72.11,-701190.12,1.17
14:16,100016.77,16.67,77.16,100018.27,16.94,72.47,-701316.12,1.17
14:16,100013.74,16.55,77.74,100022.33,16.95,72.83,-701360.50,1.18
14:17,100025.96,15.49,81.76,100026.05,16.78,72.71,-701108.81,1.21
14:18,100035.83,15.07,84.14,100032.89,16.63,72.62,-701160.50,1.18
14:19,100049.96,15.05,85.15,100040.60,16.67,74.68,-701520.81,0.56
14:20,100002.27,21.75,36.56,100023.60,16.98,66.48,-701710.81,3.99
14:21,100003.38,24.95,28.86,100030.01,17.40,65.00,-701288.68,4.99
14:22,100011.80,26.42,24.81,100026.82,17.70,62.86,-701288.37,5.23
14:23,100004.89,27.21,22.71,100029.54,18.47,60.09,-700988.00,5.07
14:24,99996.03,27.76,21.94,100021.79,18.55,59.27,-700775.87,4.88
14:25,100002.66,28.13,21.39,100030.05,18.55,60.25,-701204.00,4.29
14:26,100005.38,28.37,20.87,100034.29,17.37,65.18,-695153.31,5.07
14:27,100009.26,28.45,20.77,100035.38,18.65,58.97,-696943.62,4.63
14:28,100000.04,28.66,20.08,100027.28,17.27,64.77,-697700.81,4.94
14:29,100013.14,28.51,20.26,100031.50,18.48,59.25,-699536.12,5.16
14:30,100004.25,28.81,20.11,100029.91,18.73,59.37,-698906.87,3.88
14:31,100007.72,28.91,19.74,100035.07,17.87,62.59,6143.50,5.24
14:32,99993.60,28.98,19.71,100026.55,18.98,57.22,5927.90,4.05
14:33,99988.88,29.16,19.70,100027.18,18.87,58.98,7123.40,4.36
14:34,99992.17,29.25,19.48,100028.78,19.31,55.62,5894.30,5.16
14:35,99999.58,29.40,19.32,100028.46,18.57,59.09,7499.90,4.48
14:36,99997.03,29.33,19.23,100031.03,19.00,56.91,7739.20,5.10
14:37,100000.39,29.30,19.24,100028.85,19.18,55.30,6620.70,4.87
14:38,99999.05,29.22,19.15,100030.71,17.89,60.31,-609492.31,4.58
14:39,100008.54,29.31,19.32,100039.08,18.89,57.02,-234171.29,5.20
14:40,99996.71,29.55,19.17,100034.64,19.38,55.91,1428.90,5.19
14:41,100008.17,29.77,18.85,100047.08,19.60,55.05,-3315.60,5.24
14:42,99998.50,29.64,18.88,100037.21,18.92,56.74,-2450.90,5.12
14:43,100001.42,29.57,18.90,100026.21,18.46,59.07,-3782.60,5.34
14:44,99986.82,29.68,19.03,100021.21,18.76,58.53,-699793.81,5.27
14:45,99992.70,29.97,18.77,100025.69,19.39,56.77,-699757.81,3.86
14:46,99985.47,29.96,18.67,100020.60,18.47,60.34,-697771.50,5.04
14:47,99988.58,29.83,18.64,100022.00,18.71,58.97,-699185.50,4.69
14:48,99986.71,29.87,18.50,100027.02,18.87,57.90,-582512.81,5.21
14:49,100001.50,30.16,18.67,100041.41,19.72,56.32,1705.00,5.25
14:50,99988.39,30.37,18.40,100030.46,19.78,56.80,5995.50,5.54
14:51,99990.72,30.39,18.33,100032.35,19.47,56.50,5595.20,3.99
14:52,99985.44,30.45,18.29,100020.71,20.19,53.08,7387.00,5.21
14:53,99993.52,30.52,18.01,100033.64,19.55,55.65,6373.60,4.07
14:54,99990.88,30.36,18.13,100028.57,19.36,55.26,5686.20,5.43
14:55,99986.97,30.54,17.99,100022.95,19.92,53.52,4470.60,4.05
14:56,99963.77,30.52,17.76,100017.67,20.33,51.64,6003.80,4.37
14:57,99984.41,30.45,17.90,100018.39,20.15,52.15,5028.80,5.09
14:58,99982.32,30.47,17.73,100031.53,20.12,51.38,-703333.18,3.94
14:59,99986.71,30.29,17.82,100023.07,19.91,52.27,-704453.68,4.61
15:0,99986.69,30.23,17.79,100026.64,19.12,54.76,-703995.12,5.03
15:1,99986.63,30.01,17.87,100017.89,18.16,58.80,-703995.18,5.04
15:2,99991.56,30.01,17.99,100032.94,19.39,54.14,-704894.62,4.59
15:3,99980.03,30.09,18.09,100022.92,18.59,59.21,-704639.87,5.19
15:4,99976.94,29.90,18.12,100014.65,17.66,62.15,-704713.68,5.16
15:5,99991.13,29.73,18.27,100028.38,17.51,62.44,4688.70,5.04
15:6,99978.86,29.74,18.35,100013.75,17.70,63.79,-6126.20,4.64
15:7,99978.92,29.99,18.65,100017.58,18.01,65.37,-11166.60,5.15
15:8,99984.64,29.96,18.22,100028.02,18.16,61.86,-19077.30,4.04
15:9,99981.66,30.09,18.39,100026.78,18.33,61.60,-39690.10,4.93
15:10,99981.00,30.33,18.49,100023.13,18.34,64.43,1466.80,4.93
15:11,99965.89,30.44,18.42,100002.92,17.97,65.61,5642.40,5.48
15:12,99978.62,30.61,18.24,100023.00,18.79,63.35,6935.20,4.75
15:13,99985.86,30.71,18.19,100030.47,18.84,62.32,-709757.00,4.25
15:14,99982.14,30.47,17.93,100021.39,18.47,62.54,-711775.00,5.01
15:15,99985.23,30.53,17.83,100027.46,18.93,57.83,-712561.62,4.07
15:16,99988.36,30.29,17.92,100028.03,18.73,59.00,-713354.00,4.98
15:17,99982.57,30.44,18.04,100017.82,19.88,53.82,-714441.81,4.75
15:18,99992.10,30.50,17.51,100022.74,18.44,59.63,-714052.31,3.94
15:19,99977.05,30.41,17.95,100021.91,19.73,54.53,-715630.81,4.85
15:20,99991.61,30.48,17.43,100029.44,18.52,58.31,-715747.81,3.91
15:21,99988.46,30.16,17.74,100030.44,18.49,57.98,-716758.50,4.92
15:22,99979.30,30.19,17.70,100021.17,19.48,54.39,-717787.37,5.01
15:23,99979.94,30.40,17.63,100025.42,19.48,55.50,-718218.12,5.30
15:24,99990.53,30.49,17.68,100019.38,19.92,55.04,-718823.50,4.14
15:25,99986.19,30.87,17.66,100031.21,19.74,56.12,-719594.31,3.95
15:26,99982.74,30.86,17.58,100026.81,20.30,53.45,-716431.18,4.89
15:27,99979.96,31.11,17.56,100024.03,20.02,55.09,-695790.31,4.53
15:28,99982.99,30.79,17.04,100022.96,20.03,51.84,-718446.62,5.34
15:29,99985.75,30.71,17.28,100023.30,20.64,49.81,-720697.50,4.09
15:30,99971.78,30.58,17.26,100009.39,18.98,56.13,-720482.50,4.45
15:31,99967.50,30.53,17.22,100011.02,19.35,54.07,-721263.18,4.65
15:32,99965.42,30.54,17.22,100000.17,18.94,55.68,-719292.81,4.30
15:33,99969.41,30.33,17.35,100014.83,19.03,54.72,-721059.37,5.18
15:34,99974.38,30.57,17.71,100027.70,20.43,53.08,-722414.31,5.41
15:35,99959.45,30.74,17.27,100010.14,20.35,52.05,-722014.50,5.29
15:36,99967.42,31.02,17.29,100013.96,21.07,49.25,-720496.62,5.27
15:37,99981.66,31.11,17.01,100022.56,20.74,49.79,-706480.68,4.24
15:38,100003.64,31.12,17.27,100047.92,19.64,56.16,-676691.50,5.19
15:39,99978.74,30.91,17.03,100023.63,20.23,51.78,-721198.50,5.18
15:40,99965.10,30.97,17.20,100021.35,20.82,50.00,-722749.31,4.32
15:41,99983.15,31.18,17.25,100026.25,21.38,48.80,-726896.68,4.07
15:42,99993.31,31.36,16.96,100043.36,20.78,52.63,-727384.18,3.95
15:43,99977.66,31.08,16.51,100031.50,19.50,52.83,-727837.12,4.82
15:44,99990.86,30.71,16.86,100042.87,20.02,50.64,-728021.87,4.54
15:45,99999.35,30.89,16.98,100042.85,21.15,47.22,-729355.31,4.13
15:46,99985.69,31.10,16.49,100045.53,20.01,50.26,-729099.68,4.19
15:47,100009.96,30.85,16.63,100057.94,19.39,53.16,-729061.62,4.38
15:48,100005.08,30.57,16.64,100049.22,19.62,50.14,-729920.12,5.02
15:49,100005.08,30.62,17.13,100055.53,20.21,50.57,-730414.50,5.14
15:50,100025.84,30.96,16.82,100074.33,21.21,46.83,-729486.81,4.65
15:51,100003.78,30.72,16.70,100057.57,20.12,51.15,-727307.00,5.03
15:52,100022.13,30.63,16.91,100070.29,19.31,52.80,-730683.87,4.13
15:53,100021.71,30.50,17.06,100072.63,20.52,48.58,-732966.18,4.11
15:54,100016.53,30.73,17.01,100066.16,20.68,48.47,-733305.31,3.88
15:55,100023.67,30.79,17.05,100071.89,20.52,49.53,-733715.81,5.16
15:56,99982.25,30.85,16.77,100029.16,20.89,47.71,-733897.12,4.30
15:57,100000.21,30.69,16.89,100051.32,20.64,48.25,-734812.87,5.20
15:58,100039.35,30.91,17.04,100075.05,20.69,50.11,-735402.50,4.44
15:59,100023.82,30.74,16.75,100073.33,20.72,47.57,-735539.50,5.07
16:0,100028.07,30.75,16.73,100081.05,20.04,51.27,-736136.62,3.89
16:1,100008.69,30.49,16.51,100055.96,19.83,48.56,-736390.37,5.21
16:2,100041.60,30.45,16.77,100089.92,19.97,49.34,-736892.00,5.11
16:3,100019.62,30.55,16.81,100065.57,20.90,46.22,-737219.31,3.99
16:4,100038.91,30.67,16.81,100082.19,21.26,45.75,-738182.81,4.17
16:5,100025.14,30.62,16.65,100072.86,19.90,49.50,-738096.68,4.11
16:6,100018.49,30.65,16.83,100066.60,21.15,45.21,-740245.68,3.84
16:7,100027.80,30.78,16.93,100072.84,21.11,46.15,-739903.37,4.78
16:8,100028.74,30.96,16.71,100073.39,21.75,43.76,-740003.68,5.32
16:9,100043.50,31.02,16.50,100081.69,21.07,46.17,-736226.68,5.07
16:10,100040.51,30.81,16.45,100080.32,20.56,47.19,-736279.68,5.19
16:11,100039.41,30.73,16.75,100077.66,20.72,46.97,-734128.87,4.18
16:12,100044.94,30.87,16.67,100089.97,21.35,45.83,-741497.50,4.59
16:13,100041.84,30.82,16.62,100085.10,21.05,45.19,-739291.50,4.81
16:14,100041.12,30.83,16.56,100089.89,21.63,43.13,-96643.60,4.54
16:15,100033.89,30.66,15.97,100087.14,19.67,46.69,-108121.90,5.04
16:16,100042.88,30.03,16.43,100095.52,20.35,44.65,-348430.18,4.27
16:17,100039.39,29.88,16.53,100089.52,19.96,45.21,-29524.10,5.02
16:18,100063.05,30.02,17.01,100113.94,20.71,45.19,-33875.00,3.91
16:19,100046.18,30.14,16.61,100101.79,20.07,45.75,-746906.87,4.19
16:20,100069.36,29.95,16.59,100122.49,20.00,45.07,-32743.90,5.29
16:21,100052.39,29.74,16.78,100111.53,20.10,45.32,4610.10,4.42
16:22,100056.76,29.81,16.82,100101.67,19.50,48.77,-617099.31,4.57
16:23,100049.97,29.63,16.93,100104.10,19.82,46.51,3904.60,4.68
16:24,100067.92,29.76,16.85,100116.54,19.40,47.72,-747018.81,4.54
16:25,100055.36,29.57,16.87,100108.39,19.67,48.19,2719.90,4.34
16:26,100073.86,29.77,17.08,100124.03,19.71,49.17,-714143.81,4.07
16:27,100071.39,29.89,16.78,100116.08,19.44,49.21,-390712.40,4.00
16:28,100051.23,29.66,16.90,100106.38,18.96,51.50,-666990.31,4.33
16:29,100078.28,29.56,16.89,100123.83,18.51,51.66,-159082.00,4.03
16:30,100100.25,29.43,17.19,100141.98,19.64,47.75,-716737.12,4.48
16:31,100082.74,29.64,16.83,100128.52,18.96,50.14,-611337.00,5.37
16:32,100100.61,29.51,17.19,100144.57,20.06,46.50,-745593.18,5.39
16:33,100047.52,29.67,17.07,100099.82,20.52,44.96,-745938.62,4.90
16:34,100061.16,29.70,17.08,100105.69,19.62,48.82,-746978.37,4.36
16:35,100076.85,29.39,16.91,100114.91,18.61,49.76,-122433.10,4.55
16:36,100107.48,29.34,17.20,100147.92,18.89,50.63,-738879.62,4.02
16:37,100060.28,29.18,17.23,100107.49,19.07,50.37,-747307.18,4.65
16:38,100068.89,29.42,17.03,100112.88,19.30,48.55,-32635.90,4.96
16:39,100087.83,29.30,17.16,100131.56,19.97,46.16,-18756.90,4.88
16:40,100070.33,29.47,17.04,100110.77,18.97,49.55,-735039.12,3.96
16:41,100061.66,29.41,17.23,100117.43,19.84,46.82,-5114.50,4.67
16:42,100061.69,29.56,17.03,100118.32,19.46,49.75,-747114.87,4.31
16:43,100083.82,29.73,17.09,100132.52,20.70,44.74,-752205.00,4.83
16:44,100078.31,29.60,16.88,100115.22,19.49,47.29,-390848.31,5.27
16:45,100075.60,29.38,16.95,100120.39,18.74,51.23,3868.10,5.26
16:46,100087.56,29.35,17.07,100132.92,19.22,50.05,19884.80,5.41
16:47,100081.14,29.53,17.11,100129.56,19.48,49.07,-1667.10,4.98
16:48,100070.75,29.46,17.06,100122.27,18.64,52.50,-710646.12,5.29
16:49,100065.18,29.58,17.15,100117.72,19.39,49.29,-607074.68,4.91
16:50,100063.96,29.57,17.14,100110.71,18.83,52.28,-737915.87,4.96
16:51,100086.51,29.78,17.10,100138.47,19.23,51.11,-758581.18,5.20
16:52,100045.00,29.92,17.28,100100.22,20.03,48.34,-759046.68,4.36
16:53,100070.96,29.92,17.11,100114.60,20.21,46.69,-758230.81,4.23
16:54,100063.68,30.05,16.80,100117.39,19.27,50.88,-758249.18,4.75
16:55,100058.89,30.03,17.08,100112.60,19.51,50.94,-760517.62,4.36
16:56,100076.35,29.87,17.14,100122.51,18.95,53.03,-757782.37,4.63
16:57,100078.38,29.88,17.29,100124.85,19.70,49.26,-752321.87,4.49
16:58,100069.32,30.15,16.91,100120.86,19.24,52.22,-754018.18,5.48
16:59,100077.67,29.89,16.92,100129.08,19.04,52.83,-753564.50,4.48
17:0,100073.85,29.78,16.72,100127.93,19.27,48.85,-749126.62,4.48
17:1,100084.13,29.49,16.68,100125.16,19.33,47.26,-760691.68,3.91
17:2,100085.82,29.16,16.72,100132.36,18.86,47.30,-760471.68,5.07
17:3,100086.80,29.18,16.89,100127.50,19.86,46.14,-660470.50,5.21
17:4,100077.53,29.22,16.75,100106.71,19.55,45.70,-715278.18,5.12
17:5,100086.24,29.16,16.89,100130.72,19.73,45.57,-22799.90,4.78
17:6,100107.25,29.50,16.87,100144.47,20.76,42.71,-762683.31,5.10
17:7,100080.53,29.38,16.29,100119.28,19.01,46.03,-765324.81,5.11
17:8,100086.52,29.15,16.86,100130.28,20.40,42.97,-767302.37,3.87
17:9,100103.61,29.33,16.65,100147.39,20.11,43.78,-766835.50,4.98
17:10,100083.00,29.12,16.71,100126.99,19.74,43.57,-143204.59,4.64
17:11,100098.93,29.29,16.61,100136.88,19.80,43.31,-762498.68,3.94
17:12,100112.11,28.90,16.61,100150.32,19.29,44.85,-746545.87,5.21
17:13,100094.91,28.83,16.88,100139.58,19.66,44.03,-750032.18,4.57
17:14,100127.81,28.99,16.57,100176.96,19.25,45.06,-748843.00,3.89
17:15,100102.89,28.65,16.91,100149.52,18.91,46.43,-8709.90,3.92
17:16,100098.49,28.69,16.86,100139.49,18.92,45.74,-744863.81,4.33
17:17,100094.47,28.80,17.00,100133.10,19.12,46.73,-750200.68,3.82
17:18,100101.77,28.89,16.94,100132.49,19.74,45.33,-751116.31,4.98
17:19,100103.72,28.94,16.87,100145.80,19.01,46.34,-751126.81,4.22
17:20,100083.94,28.88,16.99,100135.21,19.58,45.05,-7696.20,4.83
17:21,100078.67,29.13,17.01,100130.31,20.39,43.72,-750595.87,4.79
17:22,100093.05,29.25,16.94,100138.91,20.15,43.99,-750266.62,5.10
17:23,100096.74,29.28,16.78,100137.12,19.29,47.18,-751210.31,4.57
17:24,100098.39,29.14,16.97,100136.27,19.40,46.78,-761541.50,5.23
17:25,100104.07,29.27,16.94,100145.38,19.62,47.50,-764138.50,3.87
17:26,100094.44,29.35,16.86,100139.22,19.30,48.23,-765093.68,5.16
17:27,100098.89,29.36,16.98,100149.28,19.31,47.91,-766961.37,4.16
17:28,100099.11,29.45,16.90,100149.07,19.13,49.06,-11386.60,3.97
17:29,100116.70,29.42,17.20,100164.77,20.06,45.75,-40313.50,4.30
17:30,100111.19,29.41,17.06,100154.71,19.57,46.92,-768455.31,4.81
17:31,100120.61,29.60,17.14,100153.65,19.43,48.96,-234737.40,4.61
17:32,100118.22,29.55,16.67,100164.43,18.77,50.28,-769592.18,3.96
17:33,100085.52,29.52,17.06,100132.81,19.40,49.54,-769019.18,4.28
17:34,100125.60,29.52,17.03,100170.19,18.97,50.62,-31654.40,4.67
17:35,100093.58,29.45,17.13,100141.86,18.97,50.30,-746356.81,4.85
17:36,100115.58,29.60,17.09,100162.86,19.60,47.81,-9252.50,5.30
17:37,100108.16,29.69,17.03,100153.33,19.25,50.86,-63832.60,5.29
17:38,100088.88,29.87,17.11,100142.63,20.12,49.08,-773888.68,5.03
17:39,100104.42,30.04,16.92,100157.74,19.27,52.03,-772234.81,3.95
17:40,100107.75,29.69,16.86,100167.65,17.80,56.58,-758480.62,3.98
17:41,100117.02,29.64,17.04,100157.49,18.87,53.41,-759871.87,3.99
17:42,100090.93,29.59,17.16,100141.08,19.22,51.17,-774409.37,4.11
17:43,100088.82,29.74,17.16,100142.91,19.24,50.81,-774173.68,4.43
17:44,100104.58,29.93,17.05,100158.17,18.76,53.78,-774896.12,5.39
17:45,100119.92,29.91,17.08,100167.60,19.95,48.30,-774870.68,4.93
17:46,100101.85,30.04,16.95,100163.52,19.44,51.60,-778092.12,4.99
17:47,100096.91,29.97,17.13,100148.36,18.80,54.12,-778580.50,4.39
17:48,100089.75,29.93,17.06,100149.89,19.52,50.18,-765187.18,5.38
17:49,100122.82,29.81,17.08,100174.44,18.37,54.36,-38060.30,5.30
17:50,100099.77,29.55,17.15,100155.66,18.70,52.89,-311242.90,5.32
17:51,100118.50,29.67,17.35,100159.22,19.18,52.95,-111461.60,4.33
17:52,100110.56,29.72,17.36,100173.50,18.30,56.06,-88784.80,4.50
17:53,100105.99,29.76,17.34,100154.85,19.29,51.69,-79851.71,3.99
17:54,100106.80,29.85,17.27,100155.64,19.87,49.77,-110989.40,4.82
17:55,100109.05,29.98,17.15,100157.27,19.74,50.10,-24994.70,5.40
17:56,100121.58,29.71,17.18,100174.38,18.52,54.21,-47299.10,5.27
17:57,100112.34,29.66,17.14,100152.91,19.47,50.81,-28614.00,3.94
17:58,100109.64,29.60,17.12,100159.00,18.14,54.86,-17662.40,4.09
17:59,100126.85,29.53,17.13,100173.78,18.44,55.07,-784170.62,4.36
18:0,100112.05,29.57,17.29,100157.16,18.86,52.43,-784718.00,5.07
18:1,100104.21,29.79,17.17,100153.02,19.67,51.78,-783545.62,5.23
18:2,100103.11,29.74,17.24,100160.97,18.10,56.30,-785919.68,5.03
18:3,100121.08,29.78,17.09,100162.44,19.61,49.81,-786774.37,5.08
18:4,100098.50,29.75,17.23,100156.06,19.76,49.20,-787280.18,5.25
18:5,100103.88,29.82,17.19,100150.10,19.09,52.64,-788363.18,3.95
18:6,100096.63,29.59,17.05,100146.07,18.04,55.37,-788123.00,3.98
18:7,100112.86,29.51,17.13,100156.19,18.66,53.33,-788774.00,4.26
18:8,100104.97,29.59,17.38,100152.24,19.87,49.12,-790142.81,5.20
18:9,100102.89,29.65,17.30,100150.60,19.11,51.85,-789609.68,5.02
18:10,100112.51,29.43,17.40,100156.27,19.14,51.41,-788926.50,4.07
18:11,100102.24,29.54,17.24,100148.10,19.27,51.05,-788750.62,4.46
18:12,100122.33,29.45,17.31,100160.66,19.71,48.93,-788675.87,5.00
18:13,100105.94,29.48,17.39,100152.88,19.05,51.73,-789481.31,5.20
18:14,100110.05,29.47,17.18,100158.28,18.62,53.38,-41250.00,4.37
18:15,100113.32,29.31,17.39,100155.35,18.98,52.24,-66365.90,4.84
18:16,100115.64,29.36,17.54,100154.50,19.41,50.99,-63346.00,3.98
18:17,100113.50,29.27,17.51,100153.98,18.92,51.70,-40570.30,4.52
18:18,100111.60,29.29,17.49,100156.55,18.57,53.08,-83021.80,3.85
18:19,100112.08,29.35,17.40,100161.38,19.34,49.89,-80814.80,4.95
18:20,100132.26,29.29,17.41,100175.64,19.08,51.46,-47922.00,5.36
18:21,100113.07,29.37,17.59,100164.19,19.16,50.88,-49364.70,4.68
18:22,100113.88,29.38,17.37,100159.51,17.98,55.68,-25494.60,4.98
18:23,100116.28,29.21,17.54,100160.72,18.97,51.55,-178126.29,5.09
18:24,100120.30,29.32,17.54,100169.57,18.97,51.65,-133444.20,4.73
18:25,100105.05,29.51,17.55,100149.44,19.52,50.85,-135358.59,5.17
18:26,100120.22,29.52,17.33,100164.28,18.66,53.94,-77518.90,5.12
18:27,100128.02,29.53,17.43,100167.55,19.45,52.06,-68909.30,5.12
18:28,100115.67,29.42,17.43,100164.71,19.00,51.69,-56165.90,4.39
18:29,100117.27,29.43,17.50,100168.22,19.22,51.27,-38156.70,4.69
18:30,100121.16,29.31,17.41,100164.63,17.71,58.42,-19902.10,4.49
18:31,100125.81,29.21,17.58,100171.30,17.62,58.31,-12305.10,4.03
18:32,100128.63,29.29,17.48,100184.80,18.55,55.49,-21199.50,4.57
18:33,100146.82,29.37,17.62,100202.92,18.73,55.41,-41688.80,5.36
18:34,100129.58,29.18,17.46,100181.00,17.94,57.06,-77536.40,4.86
18:35,100134.19,29.04,17.65,100180.00,17.92,56.46,-780515.12,4.09
18:36,100132.99,29.04,17.64,100181.20,17.78,55.98,-89552.10,4.33
18:37,100157.05,29.04,17.60,100200.67,17.17,60.98,-80330.10,5.20
18:38,100141.80,28.91,17.72,100185.46,18.10,56.09,-126837.90,4.94
18:39,100134.39,29.05,17.66,100182.19,18.97,52.25,-62525.90,4.56
18:40,100127.53,29.14,17.70,100189.80,18.60,53.83,-60594.20,5.13
18:41,100139.97,29.12,17.80,100185.43,18.60,54.79,-55066.40,5.34
18:42,100141.19,29.17,17.84,100188.47,18.37,55.34,-12205.00,4.73
18:43,100140.51,29.16,17.85,100184.34,17.81,59.71,1918.20,4.18
18:44,100140.36,29.23,17.95,100205.07,18.56,56.04,-56295.20,3.94
18:45,100142.89,29.17,17.62,100180.69,18.06,56.47,-334227.81,5.23
18:46,100134.46,29.13,17.75,100181.02,18.26,55.39,-320243.40,5.35
18:47,100136.13,29.04,17.65,100178.58,18.26,54.89,-88691.80,4.19
18:48,100171.86,28.96,17.67,100211.96,18.42,55.51,-80461.00,4.26
18:49,100151.00,28.88,17.56,100197.25,18.55,53.18,-98656.80,3.91
18:50,100151.99,28.77,17.70,100196.85,18.01,55.53,-119205.30,5.17
18:51,100138.11,28.83,17.80,100186.85,18.02,55.94,-99450.00,4.92
18:52,100147.86,28.97,17.72,100188.23,18.32,55.18,-794895.68,5.22
18:53,100139.85,29.06,17.76,100178.67,18.89,52.31,-787641.62,4.32
18:54,100140.03,29.15,17.69,100180.19,18.37,55.09,-65916.90,5.12
18:55,100151.91,29.16,17.63,100193.94,18.62,54.33,-128550.80,5.38
18:56,100151.60,29.06,17.55,100197.38,18.08,54.74,-11465.60,5.26
18:57,100149.01,29.03,17.72,100194.11,19.04,51.40,-7131.90,5.12
18:58,100128.63,29.15,17.63,100183.85,19.21,51.42,4615.90,4.05
18:59,100142.98,29.29,17.64,100190.77,18.33,54.93,-7324.00,4.06
19:0,100138.74,29.41,17.30,100198.63,17.87,57.33,-11383.60,5.16
19:1,100140.52,29.15,17.46,100188.03,17.52,59.02,-785986.31,5.07
19:2,100147.41,29.15,17.58,100192.33,17.71,57.30,-734821.12,4.83
19:3,100144.71,29.09,17.46,100204.57,18.69,53.71,2580.00,4.83
19:4,100146.02,29.22,17.46,100194.88,17.76,57.20,-826962.31,5.32
19:5,100158.77,29.14,17.53,100200.74,18.37,55.75,-826852.37,5.09
19:6,100146.35,29.16,17.57,100191.32,18.18,55.42,-827812.87,5.16
19:7,100174.86,29.16,17.49,100215.30,18.54,55.37,-821791.87,5.14
19:8,100152.77,29.06,17.66,100197.83,17.44,58.84,-823470.62,5.16
19:9,100160.53,29.04,17.53,100201.42,17.90,56.89,-826050.81,5.18
19:10,100172.92,29.15,17.57,100220.72,19.45,49.72,-826266.68,5.14
19:11,100162.49,29.24,17.59,100210.10,18.26,55.70,-824706.12,5.05
19:12,100155.96,29.18,17.55,100204.51,18.73,53.27,-814743.37,4.07
19:13,100160.21,29.31,17.52,100207.96,18.72,54.85,-681080.00,4.56
19:14,100157.60,29.38,17.58,100205.39,19.33,51.11,-818699.00,3.86
19:15,100154.25,29.32,17.48,100206.86,18.25,55.50,-819929.87,4.76
19:16,100171.39,29.52,17.46,100210.75,19.96,48.83,-927.10,4.21
19:17,100178.17,29.52,17.38,100227.20,17.83,58.63,-830942.62,4.07
19:18,100156.63,29.49,17.49,100204.19,19.17,51.40,-2120.50,4.38
19:19,100173.04,29.50,17.34,100226.47,18.68,55.05,5877.70,5.41
19:20,100182.80,29.38,17.37,100221.64,18.55,53.31,-2660.30,4.58
19:21,100173.13,29.28,17.47,100223.96,18.18,54.43,4312.10,4.99
19:22,100166.45,29.43,17.47,100226.52,19.18,53.33,-776330.18,3.87
19:23,100164.26,29.60,17.32,100221.56,20.15,48.06,-430.40,3.96
19:24,100182.13,29.68,17.20,100228.40,19.19,51.36,-4520.80,4.54
19:25,100177.35,29.61,17.33,100224.00,19.76,49.47,-231765.09,4.07
19:26,100185.50,29.79,17.24,100231.57,19.96,48.23,4489.00,4.27
19:27,100183.53,29.87,17.09,100227.17,19.78,48.69,4475.90,4.30
19:28,100185.10,29.69,17.12,100229.61,18.65,52.56,-534.00,5.38
19:29,100175.02,29.40,17.13,100225.57,18.23,53.53,1245.50,4.27
19:30,100195.01,29.36,17.26,100243.27,19.07,50.29,-5005.60,4.41
19:31,100210.75,29.34,16.87,100265.82,17.43,57.44,6576.60,4.70
19:32,100189.64,28.90,17.21,100239.96,17.52,55.35,-4264.10,4.82
19:33,100179.08,28.83,17.53,100235.74,18.41,52.30,-47698.60,5.02
19:34,100187.65,28.97,17.34,100234.58,19.19,49.90,-29592.80,4.16
19:35,100192.53,29.03,17.41,100248.16,18.63,53.58,-5498.60,5.12
19:36,100198.25,28.90,17.55,100248.32,18.59,52.65,-1006.40,4.81
19:37,100193.16,29.07,17.46,100236.58,18.98,52.61,-5596.70,4.87
19:38,100196.55,29.11,17.41,100236.21,18.60,52.30,7172.00,4.40
19:39,100191.04,29.24,17.34,100236.64,19.82,48.28,3707.20,4.48
19:40,100194.60,29.30,17.49,100244.54,18.61,53.84,-845468.87,3.84
19:41,100187.18,29.44,17.50,100239.14,19.82,49.12,-845964.50,4.78
19:42,100199.96,29.53,17.34,100250.13,19.48,49.69,-845925.12,4.29
19:43,100196.10,29.64,17.26,100250.26,19.67,51.22,-846542.87,4.83
19:44,100196.25,29.50,17.33,100254.27,19.12,51.07,-845464.62,3.93
19:45,100201.10,29.62,17.45,100245.47,19.51,50.38,-846051.18,4.09
19:46,100201.78,29.64,17.22,100250.75,19.53,50.63,-26418.80,3.87
19:47,100200.02,29.57,17.36,100252.97,18.81,54.01,-5786.00,5.27
19:48,100202.39,29.41,17.47,100251.46,18.29,54.97,-11850.30,4.92
19:49,100204.51,29.41,17.47,100254.80,18.93,52.47,-8286.30,4.87
19:50,100221.14,29.48,17.46,100269.49,18.77,53.48,-10642.10,5.31
19:51,100204.55,29.48,17.42,100252.54,18.98,52.70,-103565.60,5.03
19:52,100201.83,29.39,17.40,100253.83,18.64,52.68,-7899.90,5.35
19:53,100214.69,29.33,17.43,100267.39,18.38,55.61,-6624.70,5.16
19:54,100215.67,29.26,17.40,100258.75,18.26,56.01,4409.80,4.54
19:55,100211.28,29.25,17.60,100264.36,19.13,52.06,-60859.70,4.63
19:56,100216.97,29.30,17.64,100262.57,18.23,56.00,-17319.30,3.93
19:57,100215.54,29.20,17.56,100267.07,18.47,54.31,5096.40,4.03
19:58,100221.74,29.24,17.60,100272.10,17.38,59.93,5654.30,4.54
19:59,100223.69,29.11,17.68,100272.57,18.53,54.50,2830.00,3.96
20:0,100229.74,29.21,17.74,100273.81,19.08,52.29,2097.80,4.56
20:1,100212.85,29.32,17.66,100261.46,19.38,50.85,4351.90,4.24
20:2,100226.74,29.21,17.56,100271.53,17.91,57.37,1993.20,4.11
20:3,100225.23,29.19,17.69,100277.44,19.12,51.86,4156.60,4.52
20:4,100221.64,29.21,17.60,100277.67,17.24,61.38,2041.20,4.36
20:5,100225.96,29.12,17.76,100286.41,17.54,60.07,2917.30,5.32
20:6,100219.11,29.04,17.71,100267.53,17.28,61.37,-53371.30,5.11
20:7,100231.16,29.05,17.75,100281.67,18.00,58.11,-84375.60,4.30
20:8,100231.52,29.11,17.75,100280.90,18.33,56.08,-79074.90,4.38
20:9,100241.15,29.25,17.67,100282.99,17.62,60.43,-37539.00,5.19
20:10,100221.53,29.12,17.81,100268.04,18.27,55.63,-28724.20,4.21
20:11,100226.01,29.25,17.72,100280.57,18.97,53.47,-12387.90,4.58
20:12,100226.43,29.19,17.74,100279.91,18.80,54.38,-22429.00,4.38
20:13,100230.11,29.33,17.53,100281.77,19.55,50.91,-29366.20,5.10
20:14,100242.07,29.35,17.43,100295.40,17.20,62.29,283.10,3.93
20:15,100233.69,29.28,17.73,100287.07,18.65,54.69,-2643.40,5.05
20:16,100238.50,29.34,17.70,100283.52,18.48,55.09,5687.90,3.94
20:17,100241.60,29.27,17.62,100289.48,18.49,55.11,5279.70,4.83
20:18,100237.60,29.43,17.56,100287.27,19.51,51.59,239.20,5.26
20:19,100228.63,29.59,17.55,100282.29,19.65,51.36,6195.90,4.25
20:20,100235.83,29.70,17.40,100290.18,19.82,51.07,-6168.40,5.32
20:21,100240.08,29.78,17.51,100288.52,19.96,50.36,-1120.80,5.32
20:22,100244.00,29.99,17.36,100293.27,20.18,49.66,-17730.10,4.96
20:23,100239.72,30.08,17.30,100291.21,19.79,50.98,-26949.80,4.90
20:24,100240.35,30.07,17.28,100294.27,19.93,50.82,-68535.40,5.07
20:25,100252.03,30.02,17.35,100301.76,19.51,51.68,2360.60,5.01
20:26,100241.85,30.08,17.12,100294.92,20.01,49.95,-124757.50,4.94
20:27,100233.86,30.18,17.17,100280.79,20.05,50.70,-54603.40,5.05
20:28,100261.32,30.07,17.18,100321.71,19.14,53.06,4687.70,4.36
20:29,100253.53,29.91,17.37,100303.75,19.18,53.69,4746.80,4.94
20:30,100252.47,29.84,17.29,100311.39,19.18,52.67,5930.50,4.58
20:31,100270.03,29.84,17.20,100318.63,19.55,51.49,4069.40,5.34
20:32,100250.40,29.73,17.30,100307.71,18.69,54.22,4786.70,4.41
20:33,100264.04,29.67,17.20,100310.99,19.38,51.31,4517.90,5.06
20:34,100271.02,29.52,17.45,100322.08,18.78,53.63,6893.20,5.22
20:35,100283.30,29.56,17.59,100332.44,18.62,55.89,5506.30,5.07
20:36,100272.27,29.44,17.59,100323.58,18.99,53.91,-18006.50,4.61
20:37,100278.89,29.49,17.52,100321.67,18.36,55.51,-33692.60,5.43
20:38,100273.14,29.43,17.57,100326.17,18.68,53.83,-26637.70,5.39
20:39,100270.70,29.47,17.47,100316.78,18.98,53.50,-29231.00,4.40
20:40,100265.35,29.45,17.70,100317.07,18.22,58.34,-11870.90,5.29
20:41,100274.25,29.29,17.71,100332.58,17.65,58.91,-11825.60,4.32
20:42,100276.41,29.41,17.70,100336.75,18.61,55.36,-7432.30,4.43
20:43,100278.68,29.37,17.72,100332.49,18.56,56.48,-17290.90,3.91
20:44,100292.03,29.33,17.71,100345.46,18.60,55.45,-13011.00,5.19
20:45,100273.37,29.35,17.66,100324.19,18.83,54.05,-12709.30,5.29
20:46,100275.17,29.38,17.68,100324.15,18.65,56.47,-17387.00,5.31
20:47,100280.49,29.26,17.62,100325.99,18.62,53.78,-22135.10,3.91
20:48,100275.64,29.31,17.62,100330.04,18.99,53.11,-24779.90,4.20
20:49,100287.67,29.29,17.60,100336.96,18.59,54.85,-30670.60,4.96
20:50,100269.88,29.36,17.59,100330.97,19.32,53.57,-23990.10,4.92
20:51,100287.75,29.40,17.52,100341.13,18.97,53.80,-11146.10,4.14
20:52,100287.01,29.42,17.62,100340.50,19.29,52.31,-15650.10,5.20
20:53,100286.11,29.36,17.63,100342.83,17.84,58.70,-25431.90,4.44
20:54,100295.34,29.33,17.53,100350.09,17.94,59.20,-7463.30,5.34
20:55,100289.36,29.24,17.62,100338.89,18.50,55.02,-7186.20,5.15
20:56,100289.61,29.30,17.69,100341.02,19.13,52.86,-5407.20,5.18
20:57,100293.50,29.32,17.67,100345.39,19.11,52.39,-9112.30,4.06
20:58,100283.82,29.36,17.68,100347.24,19.06,53.44,-10811.10,3.91
20:59,100303.67,29.29,17.64,100351.11,18.88,53.49,-12193.50,4.96
21:0,100293.60,29.30,17.82,100343.58,19.00,53.42,-16755.60,4.65
21:1,100295.80,29.32,17.74,100357.39,19.29,52.27,-15843.10,5.16
21:2,100294.42,29.33,17.70,100347.40,18.79,53.85,-17371.80,5.13
21:3,100295.13,29.26,17.68,100346.10,18.77,53.39,-15201.00,5.03
21:4,100292.89,29.28,17.62,100354.70,19.19,52.32,-11066.80,4.29
21:5,100306.94,29.22,18.01,100367.32,18.04,57.73,-13606.50,5.25
21:6,100299.32,29.09,17.74,100356.82,18.36,55.17,-7795.60,4.87
21:7,100291.83,29.19,17.78,100351.42,19.08,53.13,-15346.70,5.12
21:8,100305.72,29.07,17.66,100361.20,17.76,56.95,-25109.20,5.35
21:9,100301.04,28.89,17.77,100361.28,17.79,56.49,-50386.90,5.15
21:10,100308.13,28.92,17.79,100359.74,18.75,52.96,-44740.20,4.61
21:11,100320.53,28.87,17.86,100371.25,17.73,58.24,-40314.60,5.27
21:12,100317.89,28.70,18.21,100365.92,16.76,61.90,-1822.30,3.85
21:13,100318.84,28.51,17.90,100373.57,17.35,59.58,-287065.18,4.00
21:14,100322.13,28.52,18.17,100369.47,18.11,55.67,-220154.90,4.95
21:15,100324.67,28.59,18.09,100374.17,17.12,60.54,-277134.50,5.05
21:16,100313.84,28.55,18.07,100374.69,17.60,58.06,6248.00,5.16
21:17,100322.61,28.60,18.05,100378.19,17.78,57.39,6028.50,5.30
21:18,100316.14,28.62,18.10,100371.14,17.88,55.63,5964.10,5.26
21:19,100301.57,28.65,18.13,100367.50,18.20,55.61,5410.10,4.23
21:20,100320.22,28.68,17.99,100368.43,17.95,56.61,4557.20,5.09
21:21,100319.75,28.71,18.11,100372.66,18.57,54.62,5907.80,4.60
21:22,100321.62,28.64,18.13,100385.97,17.67,56.85,5824.50,5.28
21:23,100316.30,28.67,18.12,100369.74,18.16,55.70,3397.50,4.94
21:24,100310.05,28.72,18.10,100366.77,18.12,55.51,6649.10,5.13
21:25,100315.41,28.71,17.95,100363.40,18.40,55.11,5960.00,3.89
21:26,100307.10,28.65,18.02,100354.66,17.91,56.53,5102.00,4.23
21:27,100317.60,28.61,17.97,100364.78,18.44,53.28,4236.00,4.49
21:28,100316.22,28.62,18.13,100371.88,17.23,59.57,6066.50,5.34
21:29,100311.82,28.48,18.14,100365.88,17.14,59.15,5415.50,3.91
21:30,100316.96,28.46,18.10,100370.23,16.56,63.92,5113.20,4.03
21:31,100318.47,28.45,18.11,100368.85,17.90,56.65,3435.90,5.05
21:32,100322.91,28.56,18.12,100379.72,17.55,58.18,4558.60,4.56
21:33,100319.09,28.51,18.03,100370.55,18.26,54.82,5153.30,3.86
21:34,100318.21,28.52,18.09,100369.63,17.15,60.25,5926.50,5.23
21:35,100322.00,28.48,18.12,100376.78,17.49,57.85,6653.80,4.85
21:36,100324.67,28.52,18.08,100370.49,18.51,54.04,6977.90,4.96
21:37,100327.16,28.49,18.07,100384.42,17.40,57.91,5549.00,5.01
21:38,100324.42,28.36,18.20,100380.20,16.76,62.17,552.70,5.04
21:39,100323.44,28.33,18.19,100376.82,17.12,60.10,3666.60,4.54
21:40,100324.69,28.29,18.29,100374.46,16.95,59.86,5191.60,5.25
21:41,100318.45,28.32,18.19,100376.38,18.13,54.52,3635.60,4.96
21:42,100318.13,28.37,18.23,100376.44,17.55,58.35,7088.90,5.19
21:43,100316.77,28.39,18.21,100368.27,18.18,54.25,6342.70,4.65
21:44,100324.78,28.44,18.16,100377.71,18.30,54.22,5889.60,5.17
21:45,100334.88,28.36,18.23,100391.33,16.71,60.56,5972.60,4.84
21:46,100322.83,28.28,18.12,100381.21,17.87,55.82,5316.50,4.19
21:47,100327.49,28.36,18.05,100370.97,18.39,53.68,5977.60,4.49
21:48,100310.52,28.35,18.23,100365.75,17.97,56.53,6993.20,4.15
21:49,100323.33,28.39,18.10,100376.53,18.16,54.09,6903.40,4.12
21:50,100322.53,28.40,18.22,100385.65,18.13,54.66,4011.80,5.08
21:51,100315.86,28.34,18.24,100373.02,16.87,59.48,5756.90,4.91
21:52,100329.28,28.34,18.19,100381.07,18.28,54.03,8514.40,4.54
21:53,100327.33,28.35,18.15,100386.19,17.41,57.57,6655.40,4.44
21:54,100326.56,28.34,18.19,100386.67,18.19,54.38,5732.00,4.19
21:55,100342.28,28.33,18.32,100389.23,16.79,62.55,5646.70,5.09
21:56,100329.45,28.36,18.17,100384.82,18.08,55.02,5248.40,5.06
21:57,100345.61,28.43,18.16,100392.41,18.07,54.51,5248.40,5.12
21:58,100345.15,28.46,18.09,100397.88,18.26,54.65,6641.50,4.43
21:59,100329.13,28.57,18.12,100390.93,18.99,51.30,6182.00,4.76
22:0,100336.79,28.60,18.16,100394.66,18.28,54.44,4047.70,4.87
22:1,100338.63,28.51,18.15,100390.69,17.01,60.46,5815.20,4.90
22:2,100338.03,28.51,18.12,100399.21,18.10,56.27,6244.30,5.09
22:3,100339.24,28.57,18.12,100399.23,18.19,55.47,5257.40,4.25
22:4,100335.84,28.57,18.12,100397.24,18.49,53.53,6920.50,3.96
22:5,100335.67,28.57,18.18,100397.04,18.23,55.23,6352.60,4.27
22:6,100341.53,28.63,18.13,100399.39,18.40,54.65,7290.90,4.99
22:7,100358.78,28.68,18.09,100402.52,18.00,58.28,4286.20,4.90
22:8,100348.27,28.55,18.23,100403.38,17.52,58.32,5502.90,5.13
22:9,100353.19,28.55,18.18,100403.01,18.19,55.15,6607.60,5.30
22:10,100356.04,28.58,18.28,100407.05,16.94,62.58,6258.40,5.26
22:11,100348.49,28.56,18.17,100409.25,18.28,55.21,7325.70,4.29
22:12,100356.08,28.61,18.25,100402.35,18.12,57.62,6108.60,5.08
22:13,100350.34,28.58,18.12,100413.71,17.72,57.75,6266.70,4.07
22:14,100356.50,28.60,18.16,100408.24,18.35,54.60,6335.10,4.96
22:15,100361.63,28.59,18.22,100412.30,17.17,60.99,5812.90,5.27
22:16,100357.92,28.58,18.26,100412.28,17.90,56.97,7081.70,5.12
22:17,100349.33,28.46,18.34,100402.39,17.11,60.39,7085.50,5.39
22:18,100363.10,28.51,18.25,100421.16,17.61,59.60,5525.40,4.38
22:19,100364.05,28.43,18.16,100417.58,17.79,56.38,6088.10,4.56
22:20,100361.71,28.53,18.08,100415.28,18.39,54.12,5781.80,5.58
22:21,100360.70,28.59,18.18,100419.36,18.05,56.68,-932407.37,5.30
22:22,100363.22,28.60,18.10,100417.52,18.12,56.07,-932765.37,4.37
22:23,100369.71,28.64,18.04,100424.47,18.56,53.67,-933137.62,5.03
22:24,100367.95,28.70,18.08,100419.39,17.83,58.11,-933420.31,4.40
22:25,100380.46,28.62,18.05,100421.53,16.27,65.21,-934060.87,4.61
22:26,100354.05,28.55,18.18,100414.10,17.72,58.08,-934564.18,5.06
22:27,100367.32,28.54,18.17,100420.47,17.44,58.70,-932521.31,4.98
22:28,100362.52,28.62,18.13,100428.27,18.70,53.85,-933059.62,4.53
22:29,100367.42,28.64,18.05,100425.53,17.87,56.85,-933700.68,5.03
22:30,100368.60,28.66,18.00,100426.42,18.46,54.09,-934052.31,5.18
22:31,100373.31,28.70,17.89,100423.22,18.69,53.52,-934892.18,3.88
22:32,100378.55,28.78,17.94,100426.46,18.67,53.62,-935068.00,4.12
22:33,100370.87,28.79,18.08,100429.77,18.48,53.97,-935020.68,4.66
22:34,100379.27,28.74,18.10,100430.36,18.59,54.28,-936238.37,4.44
22:35,100375.73,28.80,17.97,100430.95,18.54,54.37,-936254.18,4.44
22:36,100365.25,28.76,18.02,100425.04,18.14,55.90,-936503.00,3.75
22:37,100376.96,28.77,17.88,100436.35,16.89,63.16,-937591.37,4.92
22:38,100371.60,28.65,18.00,100432.50,17.68,57.59,-938818.68,4.99
22:39,100381.66,28.67,18.04,100435.92,17.41,61.20,-938918.37,3.88
22:40,100366.58,28.65,17.96,100423.89,17.72,59.49,-939430.81,3.85
22:41,100369.41,28.62,18.08,100425.44,18.15,56.02,-939477.31,5.16
22:42,100383.28,28.66,18.10,100431.72,18.27,55.14,-939475.00,4.93
22:43,100382.86,28.67,18.01,100435.39,17.60,59.00,-940175.37,5.08
22:44,100378.50,28.62,18.18,100433.47,17.83,57.35,-940468.50,4.43
22:45,100387.39,28.65,17.95,100448.03,16.80,63.26,-939763.31,4.34
22:46,100391.91,28.49,18.13,100445.14,17.44,59.38,-937434.87,5.19
22:47,100387.44,28.54,18.11,100448.85,17.89,56.57,-930378.12,4.56
22:48,100383.89,28.52,18.23,100441.77,16.09,66.62,-928997.50,5.24
22:49,100393.61,28.49,18.14,100445.44,17.87,57.48,-929090.31,5.04
22:50,100401.17,28.58,18.20,100464.91,18.08,57.02,-927775.18,4.29
22:51,100387.44,28.53,18.13,100459.67,17.75,57.24,-928176.12,5.02
22:52,100398.17,28.53,18.29,100459.04,17.75,58.16,-928590.81,4.52
22:53,100400.77,28.55,18.13,100458.70,17.80,57.71,-929185.68,5.06
22:54,100403.64,28.56,18.18,100458.94,17.62,58.26,-929556.00,4.70
22:55,100398.02,28.58,18.26,100459.84,17.69,59.97,-929706.68,5.14
22:56,100396.57,28.58,18.19,100465.57,17.59,58.38,-929347.18,4.26
22:57,100416.67,28.62,18.14,100466.00,18.13,56.60,-930231.50,3.96
22:58,100413.22,28.64,18.24,100462.25,17.41,60.36,-929962.31,5.36
22:59,100401.24,28.64,18.21,100465.95,18.21,56.14,-929249.62,3.87
23:0,100403.49,28.62,18.18,100455.78,16.80,63.32,-929457.31,3.89
23:1,100408.94,28.61,18.17,100458.19,17.29,60.01,-929887.87,4.84
23:2,100401.46,28.55,18.23,100457.52,17.39,60.29,-930031.50,4.11
23:3,100401.47,28.68,18.13,100459.69,18.42,55.78,-931040.00,4.85
23:4,100414.13,28.75,18.08,100463.80,18.41,56.40,-931303.12,4.33
23:5,100423.49,28.73,18.19,100475.64,18.24,56.46,-931691.50,3.91
23:6,100410.76,28.71,18.12,100478.69,17.87,57.98,-931963.00,5.14
23:7,100415.17,28.66,18.21,100470.90,16.32,64.91,-913420.62,4.51
23:8,100416.60,28.68,18.39,100472.88,18.00,57.75,-899540.62,5.34
23:9,100413.73,28.80,18.21,100475.67,17.72,60.57,-900004.87,5.36
23:10,100413.97,28.66,18.32,100475.92,15.96,68.77,6963.60,4.97
23:11,100410.75,28.53,18.25,100460.69,17.00,62.32,-636.00,5.10
23:12,100425.47,28.57,18.40,100474.37,17.43,60.80,-784374.68,4.00
23:13,100411.83,28.68,18.18,100473.46,18.14,57.81,-829949.68,4.84
23:14,100422.69,28.75,18.21,100474.52,18.51,55.65,-831770.81,4.36
23:15,100415.05,28.82,18.19,100472.57,18.46,56.22,-827329.68,5.27
23:16,100418.03,28.88,18.30,100481.71,18.18,58.50,-830331.18,5.11
23:17,100409.65,28.85,18.31,100465.46,17.58,60.48,-830275.50,5.04
23:18,100412.71,28.90,18.30,100474.85,18.18,57.89,-830013.50,4.57
23:19,100414.56,28.93,18.13,100473.57,18.18,58.61,-836234.18,4.78
23:20,100417.24,28.96,18.23,100471.67,18.35,57.32,-831050.00,4.26
23:21,100411.51,29.02,18.15,100476.78,18.05,58.53,-682104.00,4.22
23:22,100425.38,28.92,18.30,100474.66,17.45,61.40,6759.20,5.18
23:23,100422.99,28.97,18.38,100477.62,17.84,60.02,6748.70,4.83
23:24,100413.00,29.04,18.17,100471.54,18.32,57.67,6489.80,3.77
23:25,100421.55,29.07,18.22,100480.35,18.67,55.74,6600.00,4.72
23:26,100421.93,29.15,18.07,100476.89,18.36,58.62,7098.90,4.63
23:27,100420.69,29.14,18.14,100480.22,18.64,56.41,7149.80,4.03
23:28,100415.89,29.16,18.24,100480.77,17.92,60.13,6832.40,5.03
23:29,100429.97,29.12,18.10,100481.60,17.90,59.37,6139.00,5.21
23:30,100428.66,29.15,18.19,100484.30,18.17,60.96,6465.30,5.27
23:31,100427.55,29.10,18.22,100486.14,16.71,67.45,6031.00,4.73
23:32,100433.75,29.16,18.18,100491.03,18.35,58.49,6422.80,5.19
23:33,100434.69,29.15,18.17,100484.64,17.73,60.31,6596.80,4.16
23:34,100431.91,29.19,18.08,100490.89,18.15,58.99,7425.20,4.02
23:35,100427.53,29.27,18.12,100485.77,18.56,58.10,7919.80,4.36
23:36,100435.50,29.32,18.15,100488.46,18.34,58.71,6027.40,4.86
23:37,100432.69,29.36,18.07,100489.86,18.59,57.84,5827.80,5.13
23:38,100436.41,29.37,18.10,100495.21,18.98,55.63,7045.70,4.76
23:39,100449.04,29.34,18.22,100496.99,17.50,64.37,6748.30,4.39
23:40,100443.71,29.27,18.11,100496.71,18.08,58.91,6090.60,4.29
23:41,100441.60,29.33,18.03,100495.53,18.73,56.37,6981.50,4.12
23:42,100433.89,29.30,18.20,100498.75,17.55,62.13,6327.70,5.10
23:43,100437.71,29.30,18.28,100500.75,18.10,59.56,5962.40,4.20
23:44,100442.07,29.34,18.21,100504.43,18.23,59.62,6286.20,4.94
23:45,100439.27,29.35,18.17,100499.35,18.37,57.84,-11154.20,4.77
23:46,100447.88,29.38,18.10,100506.19,18.61,58.80,-11083.60,5.19
23:47,100434.08,29.29,18.18,100509.74,17.40,64.86,-44854.40,4.18
23:48,100449.89,29.25,18.21,100504.33,17.00,66.95,-89575.40,5.21
23:49,100441.60,29.19,18.22,100496.52,17.52,62.44,-125886.21,5.24
23:50,100444.63,29.29,18.01,100498.91,18.57,57.22,-76239.71,4.60
23:51,100450.46,29.32,18.17,100505.74,18.80,56.66,-125956.30,5.35
23:52,100446.63,29.37,18.09,100503.10,18.14,61.07,6130.60,3.96
23:53,100458.67,29.40,18.08,100502.64,18.50,58.39,4488.00,4.22
23:54,100453.35,29.32,18.29,100503.36,17.62,61.28,-23571.60,5.27
23:55,100450.68,29.28,18.23,100505.66,18.03,59.57,-748899.62,5.45
23:56,100450.36,29.37,18.07,100503.44,18.65,57.23,-869408.37,4.16
23:57,100441.35,29.42,18.07,100502.59,18.93,56.30,-869495.37,5.38
23:58,100456.82,29.43,18.14,100509.34,18.26,59.45,-859568.12,5.49
23:59,100456.78,29.36,18.33,100509.39,17.78,61.65,-868412.87,5.36
0:0,100439.05,29.42,18.20,100510.87,18.28,59.15,-871814.62,5.03
0:1,100455.52,29.45,18.07,100510.30,18.46,57.97,-868958.81,5.37
0:2,100457.08,29.49,17.96,100514.44,18.69,57.39,-775895.18,4.96
0:3,100454.88,29.43,18.14,100516.07,17.97,60.41,-774825.50,5.26
0:4,100451.30,29.44,18.08,100512.64,18.27,59.86,-722628.87,4.81
0:5,100455.13,29.48,18.14,100514.72,18.60,58.39,-742094.62,4.38
0:6,100466.46,29.55,18.07,100522.11,18.74,56.95,-762885.62,4.96
0:7,100456.82,29.54,17.91,100515.90,18.39,59.01,-754002.31,4.69
0:8,100460.99,29.49,18.13,100517.11,17.73,61.70,-881705.50,5.04
0:9,100449.78,29.42,18.17,100511.53,17.70,61.83,-749856.68,4.52
0:10,100459.77,29.45,18.15,100517.53,18.33,59.64,-697620.68,4.05
0:11,100457.61,29.48,18.16,100517.32,17.98,62.40,-738781.68,5.30
0:12,100464.47,29.50,18.17,100514.69,18.30,60.82,-747911.81,5.24
0:13,100466.03,29.55,18.18,100519.89,18.63,58.37,-721803.62,5.34
0:14,100465.93,29.50,18.18,100516.20,17.32,64.33,-761859.81,4.47
0:15,100469.08,29.58,18.11,100516.41,18.76,57.68,-785086.50,5.10
0:16,100448.92,29.62,18.21,100511.75,18.37,59.98,-835046.31,5.14
0:17,100447.49,29.65,18.19,100514.32,17.82,62.32,-813050.31,4.61
0:18,100465.67,29.63,18.15,100517.28,18.18,60.75,-825366.62,4.61
0:19,100462.29,29.67,17.88,100523.09,18.53,59.32,-816553.87,4.40
0:20,100469.53,29.65,18.09,100520.77,18.77,58.03,-763603.12,5.25
0:21,100477.69,29.72,18.02,100525.75,18.57,60.20,-797134.81,5.17
0:22,100465.17,29.62,18.10,100523.70,16.16,72.52,-802934.00,4.29
0:23,100473.39,29.57,18.05,100522.87,18.21,60.64,-735460.81,4.18
0:24,100468.11,29.64,18.12,100520.24,18.25,60.25,-782090.81,5.19
0:25,100461.49,29.68,17.98,100522.10,18.43,60.05,-775442.87,4.38
0:26,100462.94,29.69,18.13,100520.74,18.01,62.10,-854526.62,4.84
0:27,100460.63,29.75,18.08,100525.77,18.46,60.04,-846532.81,4.36
0:28,100466.35,29.74,18.13,100523.23,18.17,60.88,-884295.37,5.19
0:29,100460.61,29.75,18.18,100519.31,17.90,64.54,-881722.68,5.25
0:30,100467.04,29.74,18.01,100524.54,18.50,59.60,-841435.18,3.96
0:31,100456.16,29.78,18.04,100525.91,18.44,60.27,-784967.31,5.41
0:32,100473.64,29.81,18.08,100525.61,18.55,59.51,-765029.50,5.21
0:33,100470.08,29.79,18.12,100527.11,18.27,60.79,-818556.18,4.02
0:34,100473.34,29.78,18.18,100532.68,18.61,58.97,-814699.87,4.06
0:35,100470.13,29.77,18.14,100527.66,18.02,61.66,-811166.81,5.08
0:36,100470.59,29.79,18.06,100528.96,18.07,62.27,-800951.31,5.12
0:37,100481.63,29.77,18.03,100531.36,18.40,60.76,-820540.18,5.30
0:38,100478.10,29.69,18.05,100528.82,17.85,62.51,-299922.00,5.13
0:39,100476.12,29.75,18.03,100536.05,18.26,62.80,-124047.10,5.40
0:40,100480.07,29.73,18.04,100532.28,18.42,60.58,-179525.09,4.90
0:41,100481.46,29.77,18.02,100539.25,18.63,58.68,-159233.70,4.11
0:42,100485.44,29.61,18.28,100541.57,17.12,66.18,-187178.09,5.28
0:43,100484.42,29.61,18.17,100537.00,17.89,63.04,-126147.00,5.26
0:44,100476.62,29.66,18.00,100536.25,18.47,60.53,-135821.59,4.52
0:45,100485.53,29.72,18.01,100533.47,18.54,59.54,-131113.20,5.00
0:46,100476.71,29.75,18.10,100537.19,18.69,58.89,-41792.90,5.26
0:47,100487.02,29.80,18.05,100540.66,18.79,58.41,-91809.50,5.48
0:48,100478.67,29.76,18.24,100539.46,17.65,64.80,-81213.90,5.31
0:49,100489.10,29.78,18.20,100541.39,17.82,65.49,-104276.60,4.90
0:50,100483.96,29.68,18.21,100539.39,16.98,67.14,-81566.50,5.19
0:51,100484.74,29.69,18.04,100543.92,18.27,61.31,-129940.10,5.54
0:52,100488.35,29.76,18.24,100545.96,18.32,61.69,-29602.80,4.00
0:53,100489.50,29.79,18.06,100547.57,18.30,62.43,-39677.50,4.11
0:54,100487.50,29.76,18.15,100542.38,18.20,61.24,-26679.00,5.27
0:55,100486.12,29.78,18.23,100544.27,18.40,61.09,-23263.20,5.30
0:56,100495.33,29.77,18.17,100548.00,17.56,66.91,-42063.40,4.84
0:57,100492.66,29.72,18.17,100542.21,17.72,63.40,-61073.70,5.09
0:58,100484.92,29.78,18.03,100549.86,18.34,61.01,-46006.90,4.48
0:59,100480.21,29.79,18.11,100546.13,18.32,61.46,6124.10,4.45
1:0,100489.11,29.87,18.07,100547.27,18.29,64.05,7422.40,4.99
1:1,100488.10,29.87,18.16,100550.10,18.17,61.68,5924.10,5.16
1:2,100489.03,29.93,17.89,100547.45,18.76,59.65,5997.80,5.28
1:3,100493.22,29.92,18.21,100549.85,18.33,61.85,7302.30,5.39
1:4,100494.63,29.98,17.94,100554.88,18.85,59.00,7363.90,4.65
1:5,100493.78,30.04,17.86,100558.21,19.06,57.98,7953.30,5.17
1:6,100493.82,30.06,17.90,100561.41,18.68,59.66,6680.50,5.36
1:7,100492.74,30.00,18.12,100559.86,18.55,60.44,-1666.00,4.19
1:8,100493.28,30.03,17.95,100562.80,18.27,61.45,4430.70,4.18
1:9,100504.72,30.01,18.08,100563.44,18.56,60.56,4500.40,4.95
1:10,100500.08,29.93,18.06,100562.55,17.74,64.09,-375.60,5.21
1:11,100504.71,29.97,17.94,100562.91,17.76,66.07,-9534.40,5.12
1:12,100497.58,29.90,17.81,100559.16,17.67,64.51,-24514.90,4.81
1:13,100487.44,29.90,18.16,100556.27,16.85,69.86,-5917.50,4.85
1:14,100493.21,29.87,18.02,100558.19,17.71,66.13,607.10,5.25
1:15,100500.96,29.92,17.91,100559.22,17.99,65.45,-3888.00,5.13
1:16,100512.67,29.89,18.06,100566.96,17.77,63.68,-4745.30,5.38
1:17,100513.18,29.94,18.02,100566.39,18.46,60.71,-2877.50,5.12
1:18,100495.48,29.98,18.09,100561.80,18.58,60.54,-7415.30,5.30
1:19,100498.30,29.98,18.03,100563.97,17.84,63.80,-5588.10,5.16
1:20,100506.25,29.97,18.07,100560.67,18.51,61.38,-1295.40,4.32
1:21,100494.67,30.03,17.82,100559.74,18.67,59.55,-12180.60,5.26
1:22,100500.67,29.98,18.08,100559.28,17.38,66.52,-8993.80,4.41
1:23,100499.93,29.97,17.85,100558.92,18.88,58.97,-1746.40,5.23
1:24,100496.45,29.97,18.04,100569.25,18.36,61.39,-875.50,5.10
1:25,100506.25,30.03,17.92,100564.85,18.74,60.02,1396.00,3.85
1:26,100501.11,29.93,17.94,100563.35,17.78,63.83,3107.60,4.74
1:27,100503.92,29.98,17.85,100566.77,18.72,59.78,1322.30,4.13
1:28,100508.36,30.03,17.71,100568.77,18.95,58.44,-656.60,4.47
1:29,100506.39,30.08,17.95,100573.24,19.10,58.59,4570.30,4.27
1:30,100516.02,30.14,17.89,100580.46,18.92,58.99,5340.30,5.26
1:31,100515.13,30.05,18.08,100576.96,17.28,66.12,4063.50,5.14
1:32,100525.71,30.04,17.80,100580.27,18.52,60.66,6768.20,4.64
1:33,100514.97,30.04,17.76,100582.60,18.48,60.71,5621.50,4.18
1:34,100530.03,30.05,17.90,100581.85,18.17,62.75,5044.50,3.92
1:35,100519.24,30.04,17.78,100585.62,18.93,57.96,4601.80,4.23
1:36,100520.28,30.13,17.80,100586.06,18.83,59.45,6578.40,4.03
1:37,100527.96,30.03,17.84,100593.96,16.68,70.20,5032.00,4.83
1:38,100524.19,29.87,17.98,100582.82,17.28,65.95,-2465.50,5.01
1:39,100520.88,29.82,17.95,100582.46,18.11,61.42,2684.50,4.97
1:40,100532.17,29.85,17.94,100589.38,18.64,59.56,4349.80,5.15
1:41,100526.55,29.89,17.90,100589.85,18.81,58.44,4400.10,3.96
1:42,100522.02,29.95,17.81,100592.19,18.90,58.14,4808.30,3.84
1:43,100528.73,29.92,17.88,100588.71,18.75,59.90,4045.20,3.96
1:44,100534.91,29.94,17.98,100593.89,18.39,60.67,5949.70,5.21
1:45,100533.07,29.86,18.01,100591.28,17.69,63.27,4167.90,5.04
1:46,100532.45,29.82,18.13,100587.72,18.29,61.11,7008.00,5.17
1:47,100531.78,29.88,18.00,100590.53,18.61,59.93,5830.20,4.96
1:48,100530.00,29.86,18.02,100587.22,17.88,62.79,4816.10,3.94
1:49,100535.89,29.81,18.03,100586.85,17.71,63.48,7577.30,4.06
1:50,100536.42,29.78,18.14,100586.96,18.15,61.36,7074.70,5.30
1:51,100524.07,29.85,17.88,100593.60,18.70,59.48,7352.00,5.30
1:52,100542.01,29.80,17.91,100593.62,17.57,63.74,7393.30,3.85
1:53,100531.00,29.77,18.12,100584.91,18.10,62.20,8245.40,5.18
1:54,100529.26,29.85,17.94,100583.89,18.51,60.78,8001.60,5.16
1:55,100530.19,29.79,18.06,100587.43,18.07,61.72,6686.90,3.85
1:56,100529.84,29.81,18.07,100586.77,18.72,59.18,6631.50,5.34
1:57,100535.99,29.85,17.95,100594.04,18.66,59.47,7189.60,5.24
1:58,100524.42,29.83,18.04,100584.14,17.62,65.36,6606.90,4.02
1:59,100532.10,29.71,18.03,100597.89,16.85,69.65,6721.10,4.49
2:0,100528.32,29.69,18.14,100589.69,18.22,61.81,6836.80,5.05
2:1,100524.75,29.74,18.21,100588.75,18.40,60.79,6460.50,5.11
2:2,100535.97,29.79,18.08,100589.88,18.17,61.72,8420.50,5.14
2:3,100552.33,29.80,18.00,100601.78,18.48,60.00,7710.60,4.67
2:4,100544.27,29.78,18.24,100604.32,17.58,64.49,9236.40,4.23
2:5,100543.91,29.79,18.13,100600.61,18.44,61.12,7789.70,4.18
2:6,100547.28,29.86,18.12,100606.11,18.70,59.65,7377.50,5.33
2:7,100551.96,29.91,18.06,100608.34,17.91,65.17,7394.10,5.34
2:8,100547.39,29.90,18.22,100600.24,17.77,64.47,6462.60,3.91
2:9,100549.39,29.88,18.24,100608.60,18.19,62.44,7365.30,4.05
2:10,100542.57,29.99,17.93,100603.66,18.49,61.97,7960.10,4.26
2:11,100552.57,29.97,17.89,100606.39,17.99,63.82,8148.50,4.87
2:12,100557.75,29.91,18.00,100600.42,17.66,63.86,6660.50,5.07
2:13,100560.76,29.91,18.01,100615.82,18.36,61.33,7720.90,4.16
2:14,100547.19,29.91,17.98,100606.00,17.66,65.27,1319.70,4.20
2:15,100564.75,29.92,18.01,100612.05,18.34,61.50,2476.00,5.16
2:16,100553.25,29.91,18.03,100610.46,18.23,62.20,2661.20,4.81
2:17,100562.35,29.91,17.95,100616.49,18.10,63.07,5049.50,5.25
2:18,100551.99,21.56,44.24,100606.25,17.06,69.73,7170.30,0.48
2:19,100573.17,17.44,67.92,100618.46,15.91,76.34,-1090742.50,0.21
2:20,100574.91,17.58,64.51,100617.39,15.99,76.52,-1090508.25,0.22
2:21,100569.25,26.32,27.78,100617.07,16.62,71.95,-1087626.62,3.84
2:22,100561.08,29.22,19.83,100620.35,18.16,62.79,-1085541.62,4.36
2:23,100562.23,29.60,19.05,100617.72,17.77,66.37,-1084062.62,4.27
2:24,100563.14,29.53,18.84,100626.57,17.16,67.42,-1083613.00,5.00
2:25,100566.86,29.58,18.57,100628.42,18.15,62.43,-1083216.87,4.41
2:26,100565.75,29.69,18.46,100619.72,18.06,63.37,-1078425.87,4.31
2:27,100563.03,29.70,18.41,100624.60,18.31,62.55,-1075308.25,4.54
2:28,100565.18,29.67,18.47,100623.33,18.06,62.94,-1072082.12,5.18
2:29,100573.21,29.78,18.19,100623.86,18.59,60.83,-1070009.87,3.94
2:30,100578.51,29.76,18.36,100635.14,16.95,70.13,-996183.68,5.10
2:31,100568.42,29.72,18.30,100629.33,17.89,64.21,-1056944.00,5.08
2:32,100565.85,29.75,18.32,100623.63,18.31,61.26,-1057971.50,4.09
2:33,100573.58,29.81,18.35,100625.44,18.26,62.34,-1060962.75,4.06
2:34,100572.71,29.87,18.22,100632.13,18.26,62.25,-1061577.37,4.98
2:35,100574.36,29.88,18.35,100628.44,17.81,65.80,-1061288.00,4.72
2:36,100586.96,29.86,18.30,100641.64,16.60,72.57,-1060473.87,3.87
2:37,100581.02,29.80,18.31,100631.07,17.44,66.98,-1060908.75,5.26
2:38,100572.62,29.89,18.11,100631.71,18.10,64.29,-1060934.62,5.26
2:39,100584.00,29.91,18.31,100636.10,18.29,63.76,-1061796.37,4.43
2:40,100591.58,29.97,18.17,100638.31,18.32,62.23,-1061434.37,4.58
2:41,100587.36,29.95,18.31,100636.18,17.94,64.30,-1061977.12,5.27
2:42,100582.41,29.89,18.31,100639.54,17.81,65.25,-1062147.87,4.05
2:43,100589.75,29.87,18.30,100639.85,17.35,67.10,-1063818.00,3.96
2:44,100586.03,29.91,18.29,100638.75,18.04,65.78,-1063630.37,5.15
2:45,100586.89,29.85,18.25,100638.32,17.61,66.04,-1065988.87,5.16
2:46,100578.04,29.92,18.20,100634.30,18.61,61.34,-1067892.50,5.24
2:47,100588.46,29.95,18.19,100638.10,18.06,63.43,-1067400.25,5.27
2:48,100590.25,29.94,18.12,100644.85,18.48,61.09,-1068440.62,5.22
2:49,100594.51,29.95,18.16,100643.39,18.48,61.52,-1069329.75,5.16
2:50,100595.02,30.00,18.12,100648.80,18.69,60.70,-1069480.75,5.03
2:51,100587.38,29.99,18.03,100643.86,18.24,62.99,-1069606.37,5.03
2:52,100596.94,30.02,18.09,100648.57,18.83,60.17,-1070830.00,3.77
2:53,100599.03,30.06,18.13,100649.60,18.51,61.46,-1070662.12,4.23
2:54,100593.54,30.08,18.08,100648.35,18.71,60.04,-1071811.50,5.29
2:55,100594.25,30.07,18.04,100647.72,18.51,61.24,-1074508.00,5.10
2:56,100597.35,30.04,18.00,100652.67,18.28,63.14,-1075094.25,5.13
2:57,100596.16,30.04,18.17,100652.25,18.30,62.56,-1075862.12,5.11
2:58,100595.79,30.06,18.04,100651.00,18.55,60.78,-1076607.37,5.24
2:59,100601.08,30.10,18.07,100658.10,18.64,61.04,-1076734.62,5.13
3:0,100606.46,30.14,18.01,100656.32,18.82,59.87,-1077304.12,3.94
3:1,100600.72,30.12,18.11,100654.28,18.45,61.98,-1077664.87,5.13
3:2,100606.24,30.12,18.04,100661.36,18.63,61.17,-1078483.75,5.23
3:3,100597.00,30.11,18.19,100654.85,18.30,62.48,-1078923.25,5.16
3:4,100599.57,30.17,18.00,100658.51,18.44,62.23,-1079435.37,4.45
3:5,100611.64,30.16,17.95,100657.40,18.16,63.09,-1079655.75,4.96
3:6,100593.75,30.11,18.09,100657.42,18.19,63.92,-1080994.00,4.61
3:7,100602.47,30.13,17.86,100660.69,18.75,60.13,-1081077.25,4.98
3:8,100597.05,30.12,17.99,100659.64,17.92,64.75,-1081748.75,5.16
3:9,100603.39,30.10,17.91,100657.07,18.37,62.36,-1082906.00,4.14
3:10,100602.45,30.15,17.99,100658.32,18.88,60.39,-1083119.00,4.18
3:11,100612.58,30.16,18.02,100656.47,18.54,61.30,-1083850.62,5.38
3:12,100591.15,30.14,17.94,100658.76,18.03,64.05,-1084071.75,3.96
3:13,100601.24,30.11,17.97,100662.62,18.81,60.37,-1085476.50,5.01
3:14,100608.10,30.13,18.01,100661.96,18.32,62.43,-1108658.62,3.96
3:15,100609.52,30.16,17.94,100666.49,18.64,60.86,-1109374.75,4.85
3:16,100604.85,30.15,17.99,100668.10,18.80,60.00,-1110466.25,4.54
3:17,100614.22,30.13,18.16,100665.21,18.35,62.37,-1107499.12,4.36
3:18,100609.53,30.15,18.04,100667.66,18.56,61.71,-1092403.50,5.24
3:19,100612.06,30.19,17.98,100665.68,18.53,61.62,-1093447.75,4.00
3:20,100613.61,30.15,18.01,100666.87,18.57,61.52,-1095522.00,3.91
3:21,100618.41,30.22,18.03,100674.56,18.37,64.28,-1097743.75,4.70
3:22,100610.10,30.19,17.84,100672.35,18.23,63.05,-1098582.87,4.32
3:23,100621.97,30.08,18.04,100670.28,18.19,62.75,-1101559.50,5.13
3:24,100626.92,30.14,18.02,100672.35,18.36,63.01,-1115409.87,5.06
3:25,100610.38,30.15,17.97,100668.97,18.37,62.24,-1118293.75,5.16
3:26,100615.39,30.18,17.82,100671.10,18.57,61.63,-1120420.75,3.94
3:27,100622.99,30.21,17.94,100670.03,18.86,59.83,-1121191.25,4.20
3:28,100612.40,30.19,18.07,100673.23,18.72,60.15,-1122241.37,5.16
3:29,100620.00,30.15,18.21,100673.78,17.66,66.75,-1123472.62,4.01
3:30,100619.66,30.09,18.01,100677.57,17.51,67.38,-1123369.37,5.18
3:31,100619.86,30.12,18.06,100674.13,18.29,63.04,-1123526.00,4.38
3:32,100624.82,30.12,18.18,100680.82,18.73,60.64,-1123392.75,5.15
3:33,100623.49,30.04,18.18,100682.67,17.07,69.56,-1123394.62,3.96
3:34,100610.35,30.01,18.05,100674.86,17.71,65.25,-1122840.75,4.27
3:35,100622.91,30.10,18.07,100680.80,18.43,62.92,-1122162.75,3.87
3:36,100625.32,30.14,18.02,100680.25,18.50,62.34,-1122127.25,5.10
3:37,100620.51,30.15,18.07,100676.27,18.17,65.34,-1122744.00,5.05
3:38,100621.03,30.08,17.96,100683.83,18.00,64.32,-1121961.62,5.18
3:39,100624.89,30.13,17.99,100678.14,18.22,63.38,-1123308.37,4.03
3:40,100624.38,30.13,18.08,100680.16,18.68,60.86,-1122631.37,4.03
3:41,100625.61,30.17,18.01,100681.28,18.93,58.93,-1123668.75,5.12
3:42,100635.48,30.19,18.05,100687.85,18.61,62.07,8038.50,5.35
3:43,100617.75,30.19,17.93,100682.56,18.49,62.36,8853.90,4.18
3:44,100622.62,30.10,18.05,100684.58,18.28,61.70,7985.10,4.68
3:45,100638.28,30.12,17.99,100692.17,17.48,68.35,8229.00,4.05
3:46,100622.64,30.02,17.88,100685.53,17.96,63.92,8383.70,4.23
3:47,100617.88,29.99,18.20,100681.67,17.13,68.34,5453.50,4.65
3:48,100620.49,30.00,18.02,100674.89,18.26,61.97,7734.10,4.37
3:49,100628.41,30.06,18.13,100677.67,18.51,61.88,5983.40,3.82
3:50,100622.11,30.05,18.15,100686.03,16.92,70.43,6404.80,5.12
3:51,100615.86,29.95,18.21,100684.11,17.65,64.94,-46467.90,5.24
3:52,100626.50,29.96,18.14,100685.41,17.07,69.25,-72159.50,5.03
3:53,100619.03,29.87,18.10,100680.39,17.32,66.95,-112953.00,4.18
3:54,100627.86,29.85,18.22,100683.30,16.78,70.02,-122027.00,5.01
3:55,100620.14,29.87,18.07,100687.83,18.02,64.22,-151716.20,4.01
3:56,100629.25,29.94,18.06,100685.24,18.50,61.43,-159246.09,4.74
3:57,100629.91,29.96,18.03,100685.92,17.99,64.31,-122958.40,4.96
3:58,100627.96,30.01,18.07,100689.10,18.66,60.81,-131906.59,5.12
3:59,100637.19,30.10,17.95,100686.64,18.73,60.87,-121817.50,5.19
4:0,100628.19,30.10,18.07,100685.72,18.88,60.02,-137197.00,5.13
4:1,100622.22,30.04,18.15,100692.02,17.32,67.32,-135571.40,4.16
4:2,100633.00,30.05,18.02,100685.39,17.31,68.81,-112363.71,5.15
4:3,100628.39,30.07,17.92,100685.14,18.45,61.32,-123077.71,4.51
4:4,100635.92,30.11,17.89,100692.63,18.88,59.85,8139.90,4.65
4:5,100629.36,30.11,18.00,100690.56,18.44,61.89,2916.90,4.94
4:6,100638.61,30.07,18.15,100693.69,17.58,67.02,5223.70,4.49
4:7,100633.67,30.12,18.10,100697.39,18.70,60.82,5459.80,5.31
4:8,100635.57,30.16,17.88,100688.82,18.46,62.17,6080.70,4.08
4:9,100641.39,30.14,17.99,100692.44,18.40,62.37,4737.90,5.20
4:10,100640.82,30.13,17.85,100694.06,18.54,61.57,8244.50,4.94
4:11,100644.99,30.14,18.05,100699.13,17.01,70.65,6703.10,5.22
4:12,100632.13,30.07,18.02,100691.88,18.10,64.10,6129.20,4.45
4:13,100637.60,30.07,18.15,100699.58,17.27,69.50,8562.50,3.92
4:14,100631.57,30.10,17.86,100698.63,18.48,61.47,7688.90,5.15
4:15,100637.10,30.16,17.79,100694.88,18.69,60.74,5224.90,4.84
4:16,100634.22,30.17,17.88,100692.26,18.92,59.28,7479.40,5.34
4:17,100631.10,30.22,17.93,100691.82,18.92,60.79,7689.00,4.15
4:18,100645.45,30.16,17.77,100697.73,18.25,62.82,7067.70,5.09
4:19,100640.70,30.17,17.92,100700.99,17.92,67.01,8205.50,4.61
4:20,100638.78,30.14,18.05,100703.67,17.10,70.58,5533.20,5.01
4:21,100650.69,30.13,17.78,100703.23,18.39,61.90,7250.60,5.21
4:22,100643.55,30.20,17.82,100705.67,18.89,60.35,6749.90,4.42
4:23,100643.11,30.26,17.74,100708.16,18.73,60.58,7368.70,4.32
4:24,100634.50,30.27,17.81,100700.64,18.62,62.57,7879.80,5.08
4:25,100650.61,30.26,17.78,100703.44,18.34,62.42,5568.40,5.14
4:26,100653.66,30.27,17.83,100708.71,18.86,59.93,7251.00,4.36
4:27,100641.32,30.27,17.77,100710.07,18.99,58.94,7550.90,4.23
4:28,100649.94,30.22,18.01,100709.86,18.55,61.16,8328.20,5.06
4:29,100652.41,30.26,17.83,100712.21,19.14,58.39,7862.00,3.89
4:30,100664.03,30.29,17.80,100712.77,18.97,59.77,8188.30,5.19
4:31,100657.30,30.30,17.86,100713.67,19.02,59.13,7788.50,4.91
4:32,100658.75,30.28,17.79,100716.10,18.73,60.77,7162.60,5.25
4:33,100655.94,30.28,17.71,100713.50,18.74,60.52,7400.80,4.56
4:34,100655.01,30.23,17.84,100716.39,18.31,62.61,6750.50,5.24
4:35,100662.71,30.26,17.74,100720.94,18.86,59.80,7042.80,4.19
4:36,100657.60,30.26,17.78,100718.96,18.81,60.31,7646.10,5.25
4:37,100666.25,30.23,18.05,100719.71,18.09,62.31,7710.10,4.33
4:38,100673.02,30.12,18.00,100722.39,17.70,65.72,7122.70,5.07
4:39,100659.89,30.08,17.83,100722.87,18.23,61.88,8294.70,5.16
4:40,100666.32,30.11,18.02,100718.67,18.70,60.30,8510.80,3.96
4:41,100658.36,30.13,17.89,100716.89,18.57,60.32,6882.30,4.08
4:42,100660.56,29.97,18.03,100721.48,17.03,67.11,6364.60,4.94
4:43,100659.92,29.93,17.94,100722.39,17.90,64.19,7247.90,5.04
4:44,100657.78,30.00,17.93,100724.00,17.89,66.57,6496.40,4.09
4:45,100660.13,29.92,18.10,100720.93,16.36,73.39,9440.90,4.76
4:46,100658.60,29.90,18.03,100720.16,18.23,62.01,6465.20,4.38
4:47,100658.75,29.99,17.92,100723.72,18.40,63.72,8143.70,4.05
4:48,100667.92,29.95,18.00,100728.57,18.24,62.25,5842.60,4.95
4:49,100658.41,29.98,18.02,100725.86,17.91,63.84,6887.30,4.07
4:50,100665.83,30.02,17.97,100717.05,18.44,61.13,6787.10,4.95
4:51,100666.78,30.03,18.04,100723.99,17.76,66.49,8832.40,4.05
4:52,100675.15,30.06,17.97,100733.92,18.54,62.49,6597.80,4.84
4:53,100666.82,29.93,18.20,100731.46,16.43,71.61,6000.60,5.14
4:54,100670.38,29.94,18.11,100731.83,17.58,68.17,9699.40,4.60
4:55,100661.89,30.00,17.94,100729.44,18.31,63.89,6122.10,5.07
4:56,100670.63,30.01,18.15,100729.87,18.56,61.24,6031.40,5.30
4:57,100672.11,30.11,18.00,100732.89,18.49,62.25,5527.10,4.96
4:58,100672.96,30.06,17.90,100735.55,17.61,65.24,1614.60,5.18
4:59,100679.47,30.03,17.95,100731.91,16.89,71.24,3891.40,5.02
5:0,100679.29,29.97,17.99,100738.92,17.63,65.21,3430.50,4.69
5:1,100687.36,29.98,17.98,100741.35,16.93,71.41,-194.60,4.67
5:2,100690.48,29.87,18.07,100743.78,16.94,71.11,1767.10,3.78
5:3,100686.03,29.77,18.18,100746.74,16.26,74.89,-362.60,5.23
5:4,100678.35,29.71,18.20,100743.17,16.77,69.93,-566.80,3.97
5:5,100682.14,29.75,18.28,100742.71,17.09,69.00,1842.10,5.19
5:6,100691.22,29.83,18.08,100742.45,18.35,61.83,1154.60,5.34
5:7,100684.46,29.86,18.21,100748.07,18.36,62.39,-10099.20,5.03
5:8,100699.07,29.95,18.03,100752.57,18.38,62.30,1166.20,4.78
5:9,100691.66,29.94,17.99,100753.14,18.56,60.26,2270.80,5.24
5:10,100696.46,29.98,17.92,100752.54,18.98,58.24,5113.20,5.16
5:11,100708.39,30.00,17.90,100757.97,18.54,61.76,7530.50,5.10
5:12,100695.02,29.98,17.94,100757.31,18.86,58.63,8168.50,5.04
5:13,100692.64,29.99,17.94,100756.28,18.54,60.96,6501.80,3.98
5:14,100702.28,29.91,18.01,100766.75,16.20,73.89,4553.30,4.69
5:15,100688.22,29.71,18.27,100766.58,16.44,71.63,1601.00,5.16
5:16,100703.80,29.78,18.16,100757.94,18.12,62.46,2686.10,5.33
5:17,100712.77,29.83,18.08,100760.39,17.20,69.13,2454.40,4.16
5:18,100694.03,29.76,18.18,100760.10,16.88,69.11,-2792.90,5.10
5:19,100700.98,29.79,18.22,100764.96,17.92,62.79,2266.60,3.81
5:20,100706.39,29.89,17.89,100768.74,18.81,59.57,973.40,4.81
5:21,100703.67,29.94,17.93,100767.00,18.47,61.76,984.90,4.88
5:22,100715.73,29.92,17.94,100767.37,18.27,62.82,3263.00,4.29
5:23,100704.83,29.97,17.89,100769.00,18.36,62.37,2024.40,4.19
5:24,100723.60,29.82,18.00,100776.97,15.86,75.14,2306.40,5.32
5:25,100718.94,29.65,18.06,100777.97,17.39,66.62,1941.70,4.44
5:26,100721.82,29.59,18.20,100781.10,16.93,68.92,7134.10,4.64
5:27,100708.15,29.55,18.08,100772.55,16.59,68.42,4810.30,4.22
5:28,100725.50,29.54,17.91,100782.46,17.97,62.59,3615.50,5.05
5:29,100715.00,29.51,18.16,100784.66,17.54,64.23,5214.90,4.36
5:30,100725.48,29.49,18.12,100789.00,16.61,70.78,5148.00,4.98
5:31,100717.97,29.44,18.14,100788.30,17.32,65.26,2596.00,3.96
5:32,100729.10,29.45,18.19,100794.77,16.73,69.63,5499.80,4.06
5:33,100732.78,29.35,18.33,100786.07,17.06,66.59,3776.50,4.81
5:34,100726.78,29.32,18.18,100797.49,16.25,71.59,4608.10,4.10
5:35,100735.60,29.24,18.21,100797.08,17.09,65.70,3917.20,5.20
5:36,100739.25,29.23,18.11,100796.32,17.68,62.81,5680.70,5.14
5:37,100727.05,29.29,18.14,100793.90,18.52,58.93,-5051.60,4.58
5:38,100723.63,29.30,18.10,100793.92,17.90,60.87,-15303.50,4.06
5:39,100726.67,29.23,18.18,100790.38,17.16,64.93,-7760.60,4.01
5:40,100717.64,29.26,17.95,100783.82,18.18,59.24,-11667.50,5.23
5:41,100723.21,29.30,18.06,100794.72,17.10,66.42,-6175.80,4.75
5:42,100739.25,29.16,18.13,100800.33,16.39,68.76,-33015.90,4.72
5:43,100739.10,29.07,18.27,100800.17,16.70,66.60,-23864.20,5.32
5:44,100743.85,29.07,18.21,100802.67,16.62,68.16,-10745.70,4.34
5:45,100744.75,29.01,18.37,100792.35,16.77,68.32,-11027.40,4.46
5:46,100745.60,28.96,18.32,100800.74,16.48,69.40,-5492.00,4.54
5:47,100743.76,28.93,18.47,100804.00,16.58,67.76,-8755.10,5.31
5:48,100740.53,28.94,18.34,100800.38,17.12,64.67,-23458.50,4.45
5:49,100746.49,28.90,18.29,100805.25,16.19,69.84,-27427.40,5.12
5:50,100751.91,28.93,18.46,100802.85,16.72,66.90,-20010.60,4.11
5:51,100746.91,28.93,18.34,100805.64,16.98,67.10,-14064.00,5.27
5:52,100743.22,28.86,18.36,100805.78,17.12,64.71,-12187.80,5.39
5:53,100749.74,28.89,18.40,100805.25,17.01,65.02,-13705.40,4.00
5:54,100746.31,28.95,18.23,100810.66,17.63,61.67,-44293.00,3.81
5:55,100759.96,29.01,18.39,100819.33,17.98,60.88,-27893.60,5.14
5:56,100752.19,28.92,18.42,100816.89,16.40,67.91,-21368.00,5.01
5:57,100768.23,28.87,18.45,100823.66,17.38,65.01,-17238.30,4.87
5:58,100757.89,28.92,18.44,100823.38,16.54,67.23,-30308.70,4.29
5:59,100767.72,28.85,18.41,100831.67,17.16,65.58,-86755.90,3.85
6:0,100772.57,28.96,18.22,100829.99,17.54,64.09,-94070.10,5.16
6:1,100773.28,28.92,18.36,100827.50,16.96,66.57,-94674.80,3.98
6:2,100769.24,28.85,18.47,100831.60,16.53,69.15,-99752.90,5.19
6:3,100776.61,28.79,18.38,100836.44,16.58,67.26,-77244.30,5.31
6:4,100777.14,28.88,18.36,100833.39,18.11,60.05,-73907.50,3.79
6:5,100786.35,28.99,18.43,100840.98,17.52,64.14,-116046.50,4.19
6:6,100777.10,28.98,18.41,100839.89,16.60,68.68,-85456.40,3.98
6:7,100770.46,28.83,18.46,100840.25,16.10,68.78,-88381.50,5.32
6:8,100786.24,28.88,18.33,100842.39,17.76,61.09,-95361.00,5.27
6:9,100794.10,28.95,18.29,100851.05,16.34,70.37,-77265.10,4.95
6:10,100783.77,28.86,18.43,100848.71,16.67,66.17,-68778.10,5.12
6:11,100784.46,28.88,18.56,100843.20,16.96,66.95,-88516.60,5.03
6:12,100783.05,28.83,18.31,100839.48,17.08,64.53,-78161.10,5.09
6:13,100788.47,28.94,18.17,100844.38,18.28,58.57,-82546.00,4.08
6:14,100789.35,28.98,18.38,100850.14,16.77,66.93,-71266.10,4.28
6:15,100791.03,28.83,18.36,100849.18,16.52,66.90,-91578.21,3.96
6:16,100791.14,28.90,18.25,100847.92,17.48,64.61,-98790.90,4.85
6:17,100797.63,28.88,18.22,100844.75,17.08,64.33,-106946.00,4.23
6:18,100796.03,28.87,18.30,100848.71,17.41,62.01,-96876.40,5.16
6:19,100786.46,28.90,18.46,100847.21,18.27,58.10,-92995.90,4.52
6:20,100791.99,28.90,18.50,100853.80,16.31,68.57,-1248245.00,5.49
6:21,100801.18,28.89,18.23,100849.96,17.38,62.11,-1248534.87,5.22
6:22,100793.83,28.93,18.23,100852.91,17.97,59.19,-1249456.75,5.29
6:23,100795.53,28.99,18.21,100849.36,17.41,64.89,-1249535.37,5.52
6:24,100798.50,28.94,18.39,100867.43,16.07,71.31,-1253970.25,4.70
6:25,100800.82,28.92,18.14,100860.16,17.45,63.81,-1254730.12,5.04
6:26,100807.08,28.96,18.16,100861.27,17.52,62.75,-1255572.75,5.16
6:27,100796.46,28.96,18.37,100862.42,16.26,69.48,-1255755.87,3.94
6:28,100799.01,29.00,18.34,100859.33,17.18,66.99,-1256728.75,4.67
6:29,100798.37,29.06,18.27,100857.85,18.09,61.36,-1256962.75,4.83
6:30,100808.99,29.09,18.15,100862.50,17.79,61.07,-1257088.75,5.26
6:31,100815.77,29.09,18.13,100874.77,17.89,60.91,-1257832.00,4.91
6:32,100806.85,28.93,18.35,100870.90,16.10,69.97,-1257835.25,5.30
6:33,100793.27,28.80,18.31,100865.67,16.61,65.37,-1259151.75,5.06
6:34,100815.05,28.86,18.04,100868.35,16.97,65.96,-1259681.75,5.03
6:35,100812.39,28.79,18.35,100868.40,16.95,64.23,-1260718.37,5.14
6:36,100818.85,28.80,18.12,100878.50,16.31,68.10,-1260724.00,4.02
6:37,100807.39,28.63,18.19,100868.97,17.29,61.68,-1262076.75,5.05
6:38,100808.85,28.62,18.19,100868.92,16.83,63.76,-1262404.50,4.58
6:39,100815.89,28.63,18.10,100873.10,18.15,57.85,-1263330.62,5.19
6:40,100818.64,28.61,18.39,100871.61,17.76,60.04,-1263894.62,4.45
6:41,100823.44,28.68,18.11,100875.32,18.42,56.19,-1264064.00,5.12
6:42,100834.69,28.74,18.25,100891.86,18.69,55.04,-1265084.37,5.01
6:43,100821.21,28.70,18.00,100881.92,17.29,61.84,-1265589.00,4.26
6:44,100831.36,28.62,18.25,100883.66,16.67,64.00,-1265739.75,4.96
6:45,100829.85,28.62,18.23,100879.09,17.28,62.06,-1266538.75,4.16
6:46,100816.55,28.64,18.18,100878.67,17.58,59.00,-1267022.75,3.98
6:47,100837.39,28.62,18.10,100887.19,17.57,60.19,-1267567.12,4.72
6:48,100828.30,28.63,18.15,100886.89,16.95,64.74,-1268354.25,4.05
6:49,100834.99,28.54,18.34,100897.91,17.09,62.16,-1268999.50,5.19
6:50,100827.08,28.54,18.23,100888.53,17.41,60.21,-1270036.62,4.18
6:51,100833.84,28.59,18.22,100893.85,17.69,59.41,-1270634.62,4.70
6:52,100835.36,28.62,18.30,100900.08,17.33,62.13,-1270222.87,4.83
6:53,100842.71,28.55,18.18,100909.07,16.21,67.74,-1271674.62,4.49
6:54,100847.74,28.54,18.15,100902.74,17.42,61.00,-1272818.12,5.01
6:55,100852.52,28.60,18.31,100905.84,17.54,61.58,-1272611.37,4.27
6:56,100855.51,28.62,18.11,100912.44,17.32,60.66,-1274032.87,5.05
6:57,100855.25,28.62,18.27,100919.82,17.28,63.34,-1274629.50,4.09
6:58,100853.63,28.60,18.13,100913.60,17.63,59.86,-1275551.25,3.92
6:59,100852.78,28.77,17.94,100911.92,18.38,56.33,-1276251.00,3.92
7:0,100853.96,28.78,18.20,100917.07,16.37,67.64,-1276064.12,4.88
7:1,100852.49,28.67,18.28,100919.47,17.28,60.66,-1277255.62,5.23
7:2,100866.93,28.83,18.15,100925.89,18.40,58.31,-1277916.87,4.34
7:3,100869.58,28.82,18.06,100918.30,18.04,58.96,-1278084.75,4.64
7:4,100856.05,28.72,18.14,100921.28,17.66,60.09,-1279130.25,5.16
7:5,100869.02,28.80,18.02,100924.37,18.34,56.91,-1279982.12,5.14
7:6,100861.00,28.82,18.14,100921.33,18.16,58.67,-1280383.00,4.99
7:7,100860.74,28.67,18.17,100929.89,16.14,67.84,-1280898.00,4.01
7:8,100870.55,28.62,18.14,100924.32,17.74,58.71,-1282338.25,5.08
7:9,100876.64,28.68,18.01,100929.61,18.18,58.45,-1282755.62,4.32
7:10,100867.55,28.64,18.19,100937.16,16.42,66.39,-1282917.25,5.05
7:11,100869.00,28.47,18.02,100939.32,16.22,66.81,-1284255.50,4.96
7:12,100861.96,28.44,18.00,100931.03,17.53,58.91,-1284470.50,5.34
7:13,100870.33,28.52,17.93,100931.08,18.31,55.84,-1285406.25,3.89
7:14,100872.27,28.55,18.11,100930.96,18.16,55.64,-1285558.37,4.47
7:15,100873.85,28.60,18.06,100932.94,18.28,56.14,-1287067.62,4.53
7:16,100872.57,28.66,17.90,100936.75,18.55,54.83,-1287327.50,4.16
7:17,100878.25,28.66,18.15,100945.51,17.06,61.71,-1287943.12,3.87
7:18,100881.39,28.54,18.09,100945.60,16.90,61.23,-1288351.37,4.52
7:19,100877.81,28.55,18.14,100939.83,18.16,56.22,-1289609.87,4.80
7:20,100882.17,28.66,18.16,100944.98,18.26,56.85,-1289717.75,4.07
7:21,100886.82,28.72,17.99,100947.43,18.42,55.60,-1290878.75,5.40
7:22,100879.72,28.60,18.10,100948.27,16.25,65.41,-1290970.25,5.12
7:23,100891.50,28.54,18.10,100947.44,17.74,58.36,-1291851.75,5.24
7:24,100885.77,28.61,18.10,100947.41,17.41,59.47,-1292636.75,4.45
7:25,100895.52,28.42,18.17,100949.92,15.72,68.89,-1293098.12,5.07
7:26,100887.91,28.39,18.05,100954.35,17.52,59.06,-1294668.12,5.16
7:27,100894.34,28.43,18.15,100946.66,17.73,57.67,-1294496.62,4.09
7:28,100896.27,28.45,18.13,100953.60,16.93,63.17,-1295075.50,3.98
7:29,100895.78,28.38,18.16,100955.21,17.93,56.38,-1295770.75,4.90
7:30,100903.00,28.41,18.32,100963.92,16.54,64.56,-1296675.00,4.69
7:31,100896.58,28.38,18.10,100962.86,17.50,58.44,-1297238.37,4.65
7:32,100897.21,28.34,18.30,100961.16,16.55,64.46,-1297511.12,4.88
7:33,100915.17,28.23,18.18,100968.81,16.54,63.39,-1298059.50,5.10
7:34,100900.89,28.23,18.25,100968.57,17.39,59.34,-1298779.75,4.68
7:35,100904.30,28.25,18.43,100966.46,17.00,60.64,-1299223.75,5.27
7:36,100907.02,28.28,18.18,100972.78,17.03,60.93,-1300292.25,4.40
7:37,100920.67,28.32,18.22,100977.25,17.83,56.44,-1300942.12,5.14
7:38,100915.08,28.28,18.13,100974.05,17.45,59.08,-1301538.75,4.05
7:39,100908.64,28.27,18.25,100978.46,16.84,62.44,-1302090.25,4.47
7:40,100912.96,28.26,18.14,100985.75,17.09,62.04,-1302896.62,4.34
7:41,100919.82,28.30,18.24,100983.03,17.17,59.88,-1303155.62,5.21
7:42,100929.00,28.36,18.23,100987.83,17.58,58.33,-1304036.25,4.61
7:43,100934.53,28.43,18.11,100986.63,18.59,53.37,-1304781.75,4.87
7:44,100927.08,28.56,18.01,100990.94,19.07,51.52,-1305277.75,4.78
7:45,100933.55,28.55,18.17,101000.82,17.17,60.03,-1305357.37,5.02
7:46,100937.03,28.55,18.00,100994.96,18.34,54.77,-1306631.00,5.06
7:47,100937.22,28.70,17.99,100997.50,18.86,53.71,-1306706.12,4.25
7:48,100938.02,28.84,17.97,100994.21,19.05,52.45,-10667.90,4.76
7:49,100950.66,28.86,17.92,101008.49,17.69,60.92,5997.20,4.56
7:50,100942.32,28.71,17.81,100998.00,16.16,65.73,-477.30,3.88
7:51,100938.22,28.52,18.00,101010.00,17.19,61.38,4033.90,5.06
7:52,100944.50,28.38,17.99,101008.08,16.88,62.73,8654.30,5.15
7:53,100954.33,28.25,17.97,101009.63,16.82,62.64,8410.90,5.23
7:54,100949.91,28.26,18.08,101002.99,17.62,57.04,6800.30,3.89
7:55,100951.11,28.39,18.18,101006.69,17.73,59.70,6083.00,4.29
7:56,100943.55,28.39,17.94,101008.73,17.68,57.07,6727.70,5.20
7:57,100950.15,28.44,18.09,101009.21,17.84,56.74,7051.90,4.67
7:58,100949.58,28.39,18.00,101014.07,17.50,58.36,7768.40,5.09
7:59,100949.19,28.49,17.99,101015.54,18.27,55.56,7962.00,4.88
8:0,100955.62,28.38,18.01,101013.33,16.33,64.75,7180.80,5.10
8:1,100947.08,28.37,17.92,101016.17,17.96,56.13,5001.10,4.61
8:2,100960.10,28.46,17.93,101016.42,18.35,54.42,7366.90,4.51
8:3,100953.69,28.57,17.92,101015.45,18.51,55.32,6531.80,5.03
8:4,100971.04,28.53,18.06,101023.07,16.74,61.23,7577.80,4.48
8:5,100966.99,28.40,17.98,101020.94,17.66,57.35,6072.50,4.91
8:6,100966.02,28.34,17.96,101024.16,17.20,59.03,6924.20,3.99
8:7,100951.11,28.39,17.80,101023.02,18.47,53.59,5344.30,4.01
8:8,100970.78,28.30,18.08,101032.68,16.97,61.94,5680.40,4.18
8:9,100954.61,28.20,18.14,101025.32,17.06,59.17,7154.30,4.68
8:10,100974.98,28.24,18.08,101021.19,16.45,64.33,8934.60,4.12
8:11,100969.77,28.30,17.91,101026.50,17.85,57.08,7925.80,5.30
8:12,100972.25,28.43,17.88,101017.38,18.41,53.99,6681.60,4.65
8:13,100959.81,28.55,18.04,101022.60,18.62,53.46,5762.60,4.83
8:14,100963.35,28.65,17.99,101018.22,18.18,55.58,5354.80,4.83
8:15,100967.15,28.67,17.95,101029.60,17.91,58.29,4743.50,4.76
8:16,100966.00,28.78,17.98,101025.82,18.41,55.66,4168.60,5.23
8:17,100971.82,28.73,17.98,101034.49,17.07,60.93,5265.90,4.77
8:18,100965.47,28.82,17.98,101037.39,18.54,54.52,5571.90,5.16
8:19,100973.96,28.98,17.95,101032.67,18.75,55.97,-1326357.12,3.86
8:20,100975.60,28.97,17.83,101038.26,18.04,56.99,-1326293.62,4.85
8:21,100973.73,29.04,17.75,101038.25,18.40,58.07,-1327417.25,4.07
8:22,100981.99,29.04,17.80,101035.32,18.65,54.58,-1327714.87,4.49
8:23,100981.47,29.07,17.74,101041.93,18.47,55.47,-1328391.75,4.58
8:24,100981.53,29.11,17.63,101039.96,19.03,53.64,-1329549.25,4.20
8:25,100993.12,29.22,17.60,101044.75,18.21,58.29,-1329469.75,5.04
8:26,100974.78,28.96,17.73,101046.46,16.53,65.15,-1329915.75,4.17
8:27,100987.89,28.90,17.79,101050.38,17.69,59.00,-1330680.87,5.10
8:28,100984.22,29.02,17.72,101047.61,18.55,56.44,-1331221.12,5.22
8:29,101000.78,28.94,17.72,101061.69,16.62,64.85,-1331533.62,4.15
8:30,100987.17,28.81,17.92,101058.46,16.98,61.73,-1331671.37,3.89
8:31,100993.11,28.84,17.68,101056.03,17.86,58.98,-1332896.87,4.91
8:32,100978.51,28.77,17.88,101056.69,17.56,58.40,-1333381.50,4.69
8:33,100987.25,28.78,17.97,101064.19,17.58,58.89,-1334083.62,4.85
8:34,100987.93,28.81,17.82,101052.85,16.76,62.82,-1334502.25,5.05
8:35,101006.22,28.80,17.98,101064.44,17.27,60.34,-1335563.87,5.23
8:36,101004.38,28.90,17.78,101064.93,18.07,58.77,-1336382.37,5.12
8:37,100995.97,28.89,17.96,101061.88,16.63,64.34,-1336129.75,4.80
8:38,100989.78,28.88,17.81,101063.57,18.11,57.19,-1337125.75,5.13
8:39,100997.04,28.97,17.94,101066.61,17.23,62.92,-1337373.12,3.96
8:40,100999.47,28.82,17.97,101068.17,16.47,66.54,-1338023.37,5.06
8:41,101005.93,28.83,18.04,101071.67,17.12,62.08,-1338698.75,4.88
8:42,101004.55,28.93,17.85,101065.13,18.67,54.36,-1339521.87,4.26
8:43,101008.71,28.96,17.87,101077.88,17.69,58.91,-1339955.62,5.08
8:44,101010.66,28.93,17.85,101076.92,17.70,60.28,-1340438.25,4.69
8:45,101008.41,28.82,17.72,101077.47,16.51,64.86,-1342080.75,4.18
8:46,101018.69,28.61,17.94,101080.38,17.76,57.87,-1342402.25,4.79
8:47,101015.27,28.69,17.87,101077.63,18.27,55.59,-1342811.75,4.25
8:48,101021.35,28.77,17.80,101078.89,18.37,57.09,-1343497.87,4.56
8:49,101013.35,28.81,17.79,101076.30,17.59,60.10,-1343474.37,4.29
8:50,101019.05,28.83,17.84,101081.75,17.74,60.69,-1344612.25,5.05
8:51,101018.80,28.80,17.87,101081.24,17.80,57.87,-1345037.50,4.36
8:52,101022.28,28.80,17.86,101081.63,17.33,59.83,-1345612.75,5.14
8:53,101021.50,28.82,17.79,101081.55,16.55,65.45,-1346222.62,3.80
8:54,101023.32,28.77,18.14,101082.82,16.98,64.73,-1346724.12,4.34
8:55,101028.61,29.03,17.87,101095.00,18.76,55.04,-1347348.37,5.26
8:56,101030.27,29.11,17.84,101091.74,17.46,61.74,-1347361.62,4.82
8:57,101025.12,28.93,17.79,101088.70,17.41,60.18,-1348407.75,4.17
8:58,101017.43,29.05,17.79,101087.35,17.69,61.60,-1348916.75,3.86
8:59,101031.93,29.16,17.78,101085.91,18.75,55.86,-1349259.00,5.19
9:0,101026.72,29.23,17.61,101086.10,18.49,55.92,-1350416.12,3.89
9:1,101023.60,29.31,17.66,101089.32,19.50,52.35,-1351235.00,4.20
9:2,101035.55,29.41,18.01,101092.39,18.74,56.97,-1347219.75,4.07
9:3,101040.16,29.20,17.67,101102.89,17.77,58.28,-1347038.75,4.44
9:4,101038.80,29.04,17.76,101103.67,17.59,61.52,-1351172.25,4.63
9:5,101036.07,28.97,17.83,101095.35,17.18,60.40,-1352398.62,4.92
9:6,101038.08,27.51,21.75,101100.03,18.56,55.68,-1353706.25,0.48
9:7,101056.26,16.64,67.33,101099.70,16.54,66.00,-1365851.12,0.21
9:8,101058.73,17.41,59.14,101105.32,16.47,66.81,-1366411.25,0.21
9:9,101055.60,20.12,53.18,101110.37,16.59,66.90,-1367205.37,4.31
9:10,101050.32,27.94,20.13,101111.68,17.38,59.36,-1368031.00,4.54
9:11,101048.34,28.62,18.78,101110.74,18.13,58.36,-1368133.37,4.51
9:12,101048.74,28.76,18.58,101114.24,17.41,62.21,-1368370.37,5.20
9:13,101054.95,28.70,18.23,101108.62,17.77,58.21,-1368200.12,5.24
9:14,101048.03,28.81,18.16,101112.13,17.59,59.84,-1368962.25,4.18
9:15,101047.18,28.79,17.97,101104.96,19.00,51.88,-1369863.50,5.07
9:16,101050.66,28.82,18.13,101112.34,17.67,58.47,-1369775.75,4.98
9:17,101063.50,28.87,18.06,101122.29,18.31,55.86,-1370965.37,4.78
9:18,101060.71,28.74,18.17,101113.02,16.44,65.53,-1370138.75,5.10
9:19,101052.28,28.81,18.15,101114.59,18.43,56.03,-1372276.87,4.81
9:20,101046.39,28.99,18.11,101112.09,17.93,58.75,-1372110.25,5.33
9:21,101051.60,29.13,17.97,101108.24,19.04,53.04,-1372941.87,4.12
9:22,101054.63,29.24,17.95,101113.28,18.93,54.45,-1373123.25,3.96
9:23,101053.27,29.37,17.93,101106.33,19.15,53.42,-1373875.62,4.67
9:24,101059.89,29.54,17.82,101110.94,19.41,54.98,-1373694.50,5.09
9:25,101055.79,29.46,17.52,101115.94,18.28,57.57,-1374129.87,4.88
9:26,101055.92,29.31,17.76,101120.14,18.40,56.48,-1374619.62,4.60
9:27,101065.32,29.27,17.72,101121.85,18.20,57.17,-1375696.87,5.09
9:28,101065.55,29.34,17.72,101126.09,18.31,57.40,-1376347.50,5.15
9:29,101067.03,29.44,17.72,101126.41,18.67,57.76,-1376661.25,5.16
9:30,101065.61,29.40,17.73,101131.53,17.70,61.58,-1377178.75,4.52
9:31,101066.89,29.37,17.66,101129.29,18.45,55.81,-1378312.87,4.84
9:32,101072.22,29.44,17.58,101127.39,18.07,58.83,-1378083.12,3.94
9:33,101071.53,29.23,17.80,101135.71,18.62,55.00,-1379483.00,5.30
9:34,101083.78,29.29,17.77,101139.36,17.55,61.88,-1379777.75,4.72
9:35,101072.02,29.11,17.67,101138.94,17.61,58.70,-1379648.75,4.80
9:36,101093.21,29.13,17.54,101145.88,17.24,61.65,-1380391.25,4.82
9:37,101084.64,28.96,17.72,101143.57,17.19,61.63,-1381226.00,5.26
9:38,101086.60,28.92,17.87,101146.88,17.65,58.82,-1382382.25,4.08
9:39,101092.88,28.96,17.79,101150.34,16.56,63.83,-1380754.87,4.50
9:40,101086.94,28.92,17.93,101149.45,17.71,60.28,-1383774.00,3.88
9:41,101090.27,29.03,17.92,101146.35,17.45,60.50,-1384191.75,5.12
9:42,101099.66,29.31,17.82,101150.18,18.27,59.21,-1384371.25,4.45
9:43,101093.25,29.39,17.52,101156.60,18.01,59.59,-1384490.25,4.94
9:44,101097.55,29.13,17.56,101153.84,16.96,62.94,-1384877.75,4.85
9:45,101099.96,28.92,17.67,101154.10,16.92,62.66,-1386255.25,4.90
9:46,101096.24,28.81,17.81,101153.77,17.57,59.64,-1386642.62,4.02
9:47,101100.89,28.92,17.55,101158.81,18.53,54.12,-1387596.62,4.12
9:48,101106.07,29.04,17.81,101164.30,17.92,59.01,-1388088.12,4.87
9:49,101099.30,28.99,17.62,101159.76,18.82,53.20,-1388373.25,4.68
9:50,101103.22,29.15,17.61,101150.13,19.57,50.36,-1389219.87,4.30
9:51,101099.22,29.40,17.53,101154.72,19.57,51.06,-1389613.87,4.34
9:52,101091.50,29.59,17.51,101154.58,18.71,55.77,-1389569.62,5.23
9:53,101108.57,29.43,17.54,101163.44,18.98,53.49,-1389781.62,5.16
9:54,101101.50,29.39,17.45,101168.21,18.37,56.01,-1390315.25,5.19
9:55,101108.94,29.14,17.52,101176.06,18.06,56.91,-1390835.00,4.06
9:56,101098.35,29.03,17.50,101169.39,18.10,56.07,-1391842.12,5.35
9:57,101106.72,29.17,17.67,101174.41,18.64,54.84,-1392367.25,4.97
9:58,101104.22,29.02,17.47,101167.89,17.25,59.82,-1392616.00,3.78
9:59,101117.83,28.99,17.64,101172.73,17.17,61.49,-1391267.25,5.20
10:0,101105.38,28.94,17.48,101167.14,17.38,59.11,-1391808.37,3.95
10:1,101101.85,28.99,17.59,101166.25,18.19,57.15,-1394765.75,4.90
10:2,101106.25,29.06,17.52,101172.31,17.79,58.66,-1395234.75,4.25
10:3,101126.15,29.06,17.59,101179.91,17.98,58.91,-1395825.25,5.21
10:4,101121.60,29.21,17.58,101185.47,17.77,60.38,-1396414.25,4.61
10:5,101121.16,29.22,17.57,101178.80,18.21,56.88,-1397065.62,4.65
10:6,101125.40,29.25,17.55,101177.89,17.16,61.77,-1397409.75,4.36
10:7,101121.11,29.05,17.63,101182.03,17.72,58.10,-1398568.62,5.21
10:8,101127.39,29.09,17.57,101179.89,17.57,60.04,-1399016.37,5.10
10:9,101122.49,29.04,17.65,101186.61,18.18,55.54,-1399613.25,3.87
10:10,101127.08,29.07,17.49,101179.63,17.44,60.34,-1399646.00,5.14
10:11,101129.69,29.11,17.59,101180.58,18.71,54.94,-1401242.75,4.19
10:12,101122.86,29.19,17.63,101174.52,18.60,55.48,-1401143.75,5.39
10:13,101119.75,29.52,17.66,101183.57,18.89,55.01,-1401906.50,4.43
10:14,101118.28,29.63,17.53,101184.47,19.38,54.13,-1402938.00,4.22
10:15,101127.14,29.55,17.57,101191.57,18.99,53.55,-1403014.75,3.98
10:16,101125.08,29.64,17.50,101186.63,19.59,51.40,-1403844.75,4.88
10:17,101131.78,29.85,17.34,101192.14,20.36,48.95,-1404670.87,5.18
10:18,101134.19,29.95,17.25,101190.60,20.03,50.12,-1405142.87,5.01
10:19,101136.28,29.86,17.10,101189.41,19.94,50.03,-1405428.50,5.25
10:20,101146.41,29.68,17.46,101204.85,17.88,61.44,-1405663.75,3.91
10:21,101136.64,29.39,17.43,101202.08,16.55,65.38,-1406659.50,5.16
10:22,101145.46,29.29,17.56,101202.21,17.31,61.56,-1407493.75,4.75
10:23,101152.72,29.19,17.67,101201.92,16.79,64.55,-1406939.75,4.12
10:24,101145.16,29.16,17.59,101205.55,18.17,56.72,-1407819.00,4.57
10:25,101144.46,29.23,17.82,101202.39,17.81,58.75,-1408431.12,4.63
10:26,101154.91,29.23,17.61,101206.03,17.27,62.12,-1408769.75,4.37
10:27,101143.91,29.13,17.72,101205.96,17.78,60.42,-1409248.25,4.90
10:28,101146.24,29.23,17.68,101201.82,17.53,61.71,-1409881.25,5.39
10:29,101144.03,29.28,17.75,101204.91,18.56,56.63,-1410900.25,4.74
10:30,101152.67,29.60,17.72,101213.03,19.19,54.27,-1410939.50,4.62
10:31,101149.75,29.70,17.52,101210.82,19.80,50.86,-1411613.25,5.25
10:32,101146.55,29.91,17.39,101209.07,18.37,58.53,-1411681.75,3.89
10:33,101154.77,29.83,17.39,101210.27,19.40,53.85,-1411700.37,4.92
10:34,101158.53,29.99,17.30,101214.78,20.03,50.95,-1414743.37,3.88
10:35,101153.53,30.16,17.00,101211.88,20.39,49.23,-1415228.00,4.64
10:36,101154.47,30.04,16.80,101216.43,18.68,55.23,-1414903.25,5.40
10:37,101158.82,29.91,17.11,101219.05,19.13,55.31,-1416584.37,4.54
10:38,101165.68,29.66,17.22,101212.92,17.71,58.11,-1416413.75,5.10
10:39,101155.35,29.58,17.26,101210.99,17.81,57.20,-1416941.25,4.66
10:40,101156.60,29.49,17.34,101220.71,17.60,60.64,-1416728.75,4.41
10:41,101160.47,29.44,17.20,101217.12,18.75,54.37,-1419146.25,5.16
10:42,101158.71,29.56,17.38,101221.54,19.06,54.36,-1419498.12,4.44
10:43,101164.94,29.59,17.21,101228.21,17.62,59.53,-1419779.25,4.74
10:44,101173.52,29.37,17.32,101229.82,18.47,54.83,-1419991.25,4.15
10:45,101178.44,29.38,17.37,101232.80,18.03,58.63,-1420733.12,4.95
10:46,101179.20,29.14,17.41,101228.32,16.96,61.55,-1420264.37,3.89
10:47,101174.02,29.01,17.65,101235.57,18.09,57.22,-1422721.12,5.17
10:48,101172.21,29.19,17.62,101241.72,17.85,58.56,-1422652.62,4.78
10:49,101183.24,29.27,17.43,101235.41,19.39,50.78,-1424074.12,4.09
10:50,101183.07,29.29,17.56,101241.05,17.77,58.19,-1423574.00,3.87
10:51,101176.75,29.56,17.49,101245.70,18.55,56.91,-1424557.00,4.67
10:52,101178.64,29.53,17.35,101240.28,19.32,51.90,-1425519.00,4.36
10:53,101168.39,29.43,17.41,101237.26,18.38,55.57,-1426093.00,4.38
10:54,101183.69,29.58,17.38,101235.69,18.44,56.80,-1426409.75,5.21
10:55,101178.82,29.60,17.38,101237.06,17.96,59.12,-1427417.25,4.25
10:56,101182.89,29.53,17.34,101248.46,18.24,57.96,-1427294.50,4.69
10:57,101176.85,29.55,17.40,101245.50,18.68,55.56,-1428281.00,5.26
10:58,101180.16,29.82,17.04,101242.21,18.39,54.75,-1427607.75,4.87
10:59,101183.67,29.28,17.00,101246.71,18.24,54.08,-1429500.37,3.81
11:0,101198.07,29.18,17.16,101243.72,17.73,58.24,-1429891.75,4.25
11:1,101187.60,29.19,17.35,101244.05,17.82,58.00,-1430753.62,3.96
11:2,101176.59,29.30,17.19,101245.13,19.14,51.48,-1431949.00,5.19
11:3,101179.08,29.46,17.21,101246.02,18.18,54.77,-1431102.87,4.22
11:4,101181.78,29.24,17.39,101248.07,17.70,58.87,-1431600.87,5.10
11:5,101185.72,29.25,17.39,101250.02,18.89,52.69,-1432970.12,4.06
11:6,101189.78,29.27,17.33,101246.62,17.29,61.00,-1432590.25,5.15
11:7,101187.66,29.30,17.49,101249.96,17.64,59.22,-1433849.25,4.27
11:8,101180.41,29.56,17.34,101254.78,17.93,59.40,-1435230.12,5.27
11:9,101198.23,29.59,17.49,101250.75,19.20,54.67,-1435041.25,5.13
11:10,101184.65,29.65,17.18,101254.47,17.70,60.20,-1435755.75,4.74
11:11,101189.33,29.40,17.43,101248.45,17.01,63.17,-1435829.75,4.00
11:12,101195.94,29.45,17.58,101252.19,17.82,60.37,-1436643.25,4.56
11:13,101187.50,29.32,17.36,101246.89,17.00,62.89,-1437048.62,4.05
11:14,101196.26,29.29,17.45,101258.49,17.56,60.80,-1438043.50,5.05
11:15,101200.28,29.15,17.42,101255.44,17.51,60.74,-1438484.75,3.85
11:16,101197.38,29.19,17.56,101259.14,17.87,59.28,-1439397.75,4.39
11:17,101189.32,29.42,17.41,101255.02,19.18,53.92,-1439679.75,5.20
11:18,101205.44,29.83,17.30,101252.00,20.53,48.24,-1440672.62,3.94
11:19,101190.69,30.20,17.10,101254.21,20.62,47.98,-1440740.75,4.82
11:20,101196.86,30.08,16.89,101261.74,18.48,56.90,-1440160.37,4.18
11:21,101191.36,29.90,17.03,101253.63,18.71,53.85,-1441149.87,4.94
11:22,101207.09,29.80,16.88,101260.78,18.80,51.78,-1441544.25,5.21
11:23,101194.22,29.62,17.00,101252.75,19.66,50.07,-1442914.75,4.10
11:24,101190.23,29.54,16.87,101258.62,17.91,54.89,-1442460.37,3.85
11:25,101204.94,29.26,17.20,101263.58,17.38,59.94,-1443547.75,4.60
11:26,101198.60,29.41,17.35,101263.63,19.21,52.53,-1444591.62,4.48
11:27,101195.60,29.45,17.09,101259.32,18.45,53.92,-1439037.75,5.34
11:28,101195.73,29.54,17.10,101258.25,19.35,50.71,-1439738.00,5.09
11:29,101203.24,29.82,17.24,101257.02,19.66,51.26,-1439342.75,5.00
11:30,101205.71,29.60,17.05,101265.02,17.32,60.45,-1438750.00,4.61
11:31,101194.89,29.53,17.29,101262.05,18.43,56.67,-1447320.00,4.38
11:32,101208.99,29.35,17.23,101255.29,17.52,58.04,-1446989.37,3.82
11:33,101201.57,29.44,17.36,101262.34,18.98,52.87,-1448313.00,4.09
11:34,101205.96,29.50,17.30,101257.62,18.00,57.47,-1448857.12,4.20
11:35,101207.66,29.53,17.22,101266.75,19.31,52.23,-1449732.50,4.15
11:36,101207.30,29.65,17.10,101264.99,19.12,53.05,-1449795.00,5.09
11:37,101210.89,29.64,17.11,101264.80,19.08,53.69,-1450157.62,5.12
11:38,101218.80,29.83,17.13,101264.78,20.54,47.01,-1451095.25,4.33
11:39,101215.14,29.86,16.95,101265.14,20.34,47.56,-1451364.50,4.94
11:40,101201.43,29.99,17.08,101265.28,20.42,47.51,-1451988.87,4.54
11:41,101197.35,30.21,17.05,101259.46,20.86,46.86,-1452897.87,4.23
11:42,101200.32,30.54,16.87,101262.34,21.01,47.04,-1453159.75,5.30
11:43,101205.94,30.54,16.62,101271.67,18.95,53.83,-1450988.87,5.08
11:44,101205.50,30.23,16.69,101266.07,19.76,50.45,-1452252.25,4.42
11:45,101206.38,30.00,16.71,101270.59,18.06,56.69,-1451084.50,4.76
11:46,101218.34,29.93,17.11,101281.82,18.58,56.71,-1452362.75,4.72
11:47,101217.03,30.12,17.01,101278.64,19.41,52.89,-1452585.62,3.92
11:48,101217.18,30.21,17.03,101283.85,19.31,52.23,-1453156.25,5.28
11:49,101224.14,30.08,16.87,101283.86,18.15,58.51,-1453840.00,5.19
11:50,101220.53,29.95,17.02,101285.35,19.36,51.99,-1455306.75,5.28
11:51,101224.07,30.05,17.03,101285.39,19.30,52.98,-1455639.25,4.95
11:52,101230.78,30.07,16.94,101292.21,19.46,52.72,-1455676.00,5.18
11:53,101232.28,30.15,16.85,101288.97,18.53,56.42,-1456207.12,4.42
11:54,101230.08,29.78,16.94,101289.22,18.60,54.69,-1456599.37,4.83
11:55,101218.55,29.98,17.03,101286.19,20.13,51.07,-1457488.00,4.47
11:56,101243.87,30.21,16.83,101292.49,20.28,49.00,-1458171.25,5.12
11:57,101230.82,30.32,16.90,101291.19,19.45,53.84,-1458233.62,5.27
11:58,101230.94,30.42,16.67,101283.53,20.69,47.58,-1458748.00,4.37
11:59,101226.21,30.49,16.73,101285.89,20.25,48.67,-1460202.25,5.23
12:0,101226.85,30.55,16.76,101287.77,20.01,50.23,-1460569.75,5.07
12:1,101232.10,30.32,16.71,101294.11,19.34,51.95,-1460637.12,4.68
12:2,101232.71,30.43,16.77,101295.55,20.77,47.58,-1461571.75,4.85
12:3,101234.94,30.55,16.70,101298.21,19.81,50.71,-1461867.25,4.16
12:4,101238.60,30.12,16.93,101294.71,17.75,59.58,-1462096.25,4.11
12:5,101238.74,30.03,17.02,101305.13,18.63,57.41,-1460111.75,4.24
12:6,101240.49,30.40,17.16,101300.38,20.46,50.51,-1465000.25,4.86
12:7,101247.08,30.51,16.60,101298.22,19.82,49.67,-1463222.75,5.05
12:8,101243.03,30.28,16.79,101297.75,19.40,51.42,-1464258.00,4.00
12:9,101239.50,30.25,16.76,101300.16,19.39,52.89,-1464692.37,5.16
12:10,101245.10,30.07,16.75,101301.71,18.14,56.14,-1464768.50,3.96
12:11,101247.63,29.93,16.74,101302.00,19.25,51.62,-1466328.25,5.20
12:12,101244.35,30.02,16.85,101311.07,19.05,54.29,-1466068.12,5.07
12:13,101239.73,30.08,16.75,101300.30,19.96,48.48,-1467212.37,4.41
12:14,101241.89,30.03,16.70,101308.38,19.08,52.89,-1467748.37,5.17
12:15,101248.11,30.14,17.12,101303.72,20.24,49.49,9018.00,4.88
12:16,101245.33,30.57,16.77,101303.80,20.82,47.50,-1468079.62,4.87
12:17,101243.17,30.49,16.57,101309.39,19.89,49.83,-1468178.00,4.33
12:18,101260.21,30.16,16.62,101310.19,19.14,51.22,-1468864.25,3.79
12:19,101248.86,30.24,16.87,101308.03,20.52,48.06,-1469828.12,4.46
12:20,101243.27,30.71,16.75,101313.18,21.41,46.10,-1466310.75,4.65
12:21,101245.60,30.82,16.48,101314.21,20.51,48.86,-1465585.37,4.63
12:22,101262.82,30.56,16.33,101318.04,19.69,49.29,-1465496.37,5.10
12:23,101253.13,30.38,16.58,101309.03,19.96,49.23,-1465984.00,5.13
12:24,101255.67,30.41,16.59,101316.04,19.68,51.97,-1466806.62,4.56
12:25,101247.22,30.53,16.42,101313.08,19.45,51.93,-1467153.75,5.31
12:26,101261.50,30.22,16.51,101314.23,18.43,54.43,-1467265.75,4.18
12:27,101248.93,29.92,16.62,101315.76,18.61,53.00,-1468410.12,4.56
12:28,101265.02,30.06,16.76,101327.22,19.00,54.17,-1469260.00,4.94
12:29,101271.73,30.12,16.67,101335.17,19.73,50.38,-1469945.50,4.53
12:30,101261.66,29.82,16.50,101321.27,18.17,54.37,-1469961.75,4.99
12:31,101263.25,29.86,16.73,101324.87,20.15,47.74,-1471556.62,4.01
12:32,101272.21,30.02,16.67,101330.80,19.65,49.63,-1471134.75,4.49
12:33,101261.71,29.89,16.76,101328.11,19.86,49.01,-1471803.00,5.19
12:34,101256.98,30.00,16.76,101320.67,20.27,48.25,-1472102.25,5.23
12:35,101264.76,30.28,16.53,101322.31,21.22,44.08,-1472069.75,4.90
12:36,101259.64,30.11,16.57,101328.12,19.31,51.75,-1472071.50,4.87
12:37,101265.93,30.15,16.62,101329.38,19.83,49.49,-1472745.12,4.31
12:38,101275.08,30.30,16.65,101330.03,20.55,47.34,-1474300.62,4.87
12:39,101261.16,29.95,16.54,101326.10,19.54,49.43,-1473921.75,4.64
12:40,101275.99,30.17,16.79,101323.75,20.51,47.33,-1474867.00,5.07
12:41,101266.23,30.05,16.61,101329.58,18.83,51.97,-1474367.12,4.78
12:42,101261.52,30.09,16.61,101328.43,20.29,46.53,-1475509.00,4.32
12:43,101259.10,29.98,16.59,101323.89,20.07,46.97,-1475284.87,5.16
12:44,101268.14,29.99,16.58,101328.33,19.96,47.42,-1476227.75,5.05
12:45,101258.32,30.02,16.67,101323.75,20.23,47.26,-1476814.62,5.27
12:46,101271.60,30.05,16.74,101338.58,19.90,51.18,-1476867.62,4.44
12:47,101276.61,30.10,16.90,101331.60,19.38,51.53,-1477556.75,5.26
12:48,101289.02,30.15,16.79,101323.66,20.34,47.52,-1478092.87,4.98
12:49,101274.60,30.21,16.61,101327.96,20.28,47.50,-1478555.62,5.05
12:50,101270.33,30.53,16.76,101329.93,21.17,46.07,-13130.20,4.52
12:51,101275.85,30.83,16.43,101330.76,21.00,45.95,6448.80,4.72
12:52,101269.10,30.43,16.39,101332.30,19.74,50.00,6566.00,4.86
12:53,101264.55,30.52,16.44,101325.35,20.80,45.22,7146.70,4.72
12:54,101265.85,30.62,16.35,101331.25,21.65,42.71,6279.90,4.02
12:55,101279.72,30.52,16.20,101340.07,19.98,48.69,-800.40,5.14
12:56,101283.14,30.47,16.51,101336.80,21.38,43.92,3247.10,4.49
12:57,101274.46,30.37,16.12,101339.07,18.89,51.18,3517.40,5.01
12:58,101275.06,29.91,16.27,101339.59,19.13,48.00,-360.20,4.85
12:59,101271.85,29.89,16.45,101337.75,18.75,52.38,-3843.60,5.05
13:0,101266.63,29.93,16.67,101331.72,19.92,47.13,5228.40,4.47
13:1,101274.07,30.30,16.74,101330.78,21.07,45.24,-61.70,5.24
13:2,101279.64,30.78,16.49,101338.52,22.09,42.75,-61526.10,4.63
13:3,101277.11,30.97,16.35,101338.82,20.98,46.31,4340.00,4.13
13:4,101279.75,31.08,16.18,101344.54,21.23,46.13,4774.40,3.92
13:5,101278.05,30.97,16.00,101342.53,20.04,48.29,2903.80,4.61
13:6,101275.86,30.55,16.17,101340.24,19.46,50.28,3165.50,4.49
13:7,101279.28,30.38,16.56,101334.02,20.36,47.36,5622.20,4.71
13:8,101269.60,30.58,16.26,101331.56,19.77,49.97,-1484461.75,4.96
13:9,101282.75,30.57,16.33,101341.44,20.61,46.50,-1485515.25,5.06
13:10,101277.65,30.67,16.09,101344.42,19.59,49.84,-1485518.25,4.29
13:11,101280.02,30.45,16.47,101342.15,20.79,45.25,-1486565.50,3.90
13:12,101294.71,30.39,16.29,101354.58,18.83,52.84,-1486111.50,4.16
13:13,101277.68,30.15,16.52,101344.47,19.17,51.73,-1486565.37,4.85
13:14,101276.57,30.23,16.58,101333.44,20.76,45.26,-1488818.87,4.04
13:15,101283.96,30.44,16.27,101337.91,19.71,49.42,-1488973.37,5.10
13:16,101281.58,30.26,16.64,101337.41,20.15,47.94,-1490125.87,3.94
13:17,101283.27,30.54,16.55,101340.78,20.44,47.52,-1490265.75,4.36
13:18,101281.28,30.72,16.37,101349.53,21.44,45.26,-1490939.00,5.13
13:19,101278.18,30.21,16.29,101342.88,18.95,50.59,-1490425.87,3.92
13:20,101285.57,30.33,16.59,101343.57,20.36,48.35,-1492218.75,4.96
13:21,101275.65,30.32,16.29,101344.13,18.96,51.52,-1494218.75,4.65
13:22,101279.89,30.00,16.54,101348.11,19.09,51.59,-1495259.00,4.00
13:23,101290.25,30.04,16.68,101342.21,20.36,46.55,-1496171.12,4.52
13:24,101294.73,30.15,16.37,101349.50,20.62,44.44,-1495661.75,3.83
13:25,101290.57,30.34,16.49,101349.82,21.74,42.84,-1497070.25,4.16
13:26,101292.19,30.58,16.33,101346.11,20.86,45.58,-1497070.87,4.38
13:27,101277.68,30.77,16.41,101345.53,21.94,42.29,-1497730.75,5.17
13:28,101295.96,30.95,16.06,101352.64,20.77,45.87,-1433663.37,4.93
13:29,101297.04,30.88,16.33,101356.03,20.99,45.46,-603920.31,4.40
13:30,101295.41,30.79,16.19,101361.42,20.15,48.03,-564592.68,4.09
13:31,101308.62,30.93,16.37,101361.57,21.57,44.19,-500527.00,4.87
13:32,101300.44,31.03,16.24,101366.58,19.89,50.95,-525447.87,5.35
13:33,101292.11,31.25,16.41,101355.21,21.52,46.80,-479565.90,5.11
13:34,101300.97,31.62,16.36,101359.88,21.47,49.08,-432918.09,5.17
13:35,101295.99,31.59,16.26,101358.75,20.74,49.41,-402879.31,5.21
13:36,101305.08,31.95,16.25,101365.17,21.54,47.98,-437479.00,3.94
13:37,101305.86,31.78,15.92,101362.78,20.87,47.61,-313983.59,5.25
13:38,101296.85,31.81,16.01,101364.28,20.48,50.13,-399242.68,4.34
13:39,101309.03,31.44,15.96,101360.28,20.79,46.89,-374972.00,4.47
13:40,101317.80,31.55,16.13,101369.46,19.85,53.38,-398582.90,4.74
13:41,101311.95,31.33,16.13,101370.75,19.67,51.92,-1500573.75,3.83
13:42,101302.69,30.97,16.04,101373.66,20.06,49.45,-1500429.25,4.67
13:43,101320.46,31.26,16.50,101373.72,21.74,46.47,-1501281.62,4.93
13:44,101302.41,31.48,16.01,101368.21,21.89,43.82,-1501391.75,5.16
13:45,101301.77,31.26,15.86,101369.51,19.71,49.64,-1501245.37,4.97
13:46,101307.42,31.15,16.19,101365.34,21.02,46.57,-1507739.75,5.01
13:47,101307.83,31.26,16.17,101374.97,19.57,53.27,-1508832.75,4.98
13:48,101312.83,31.39,16.29,101372.46,21.68,45.87,-1510382.75,4.23
13:49,101327.08,31.75,16.30,101370.95,22.25,44.36,-1510911.75,5.21
13:50,101316.52,31.97,15.88,101372.22,22.08,43.84,-1510583.62,4.11
13:51,101322.70,31.93,16.07,101374.71,21.53,46.65,-1511424.87,3.85
13:52,101322.45,31.92,15.88,101377.42,20.47,50.13,-1511296.87,5.23
13:53,101312.57,31.65,15.96,101379.25,21.10,46.33,-1511743.62,5.10
13:54,101310.05,31.44,15.78,101380.66,19.20,52.59,-1511961.75,4.96
13:55,101306.67,31.34,16.26,101373.00,20.65,49.50,-1513107.25,3.92
13:56,101313.49,31.52,16.26,101378.64,21.48,45.98,-1513994.87,4.08
13:57,101324.75,31.69,16.13,101377.61,20.49,51.02,-1514087.12,3.91
13:58,101309.55,31.45,16.09,101378.25,20.40,50.36,-1514436.00,5.26
13:59,101307.94,31.34,15.91,101379.46,19.07,55.31,-1513943.75,4.02
14:0,101310.96,31.28,16.19,101376.02,20.57,48.20,-1515840.62,4.72
14:1,101315.92,31.47,16.25,101377.41,20.62,49.99,-1516420.25,3.91
14:2,101305.25,31.17,16.10,101379.39,19.11,54.45,-1516945.25,5.17
14:3,101312.17,31.14,16.28,101373.10,21.00,47.86,-1518334.12,4.45
14:4,101309.96,31.62,16.25,101371.53,22.08,45.37,-1518150.37,5.45
14:5,101317.03,31.70,16.07,101376.47,20.82,50.68,-1518954.37,4.95
14:6,101316.21,31.23,16.01,101379.21,19.26,52.64,-1517726.50,3.91
14:7,101308.05,31.00,16.18,101378.72,20.22,49.47,-1520687.50,3.87
14:8,101311.44,31.33,16.29,101378.08,21.92,44.82,-1521605.25,4.11
14:9,101308.88,31.33,16.05,101383.13,20.10,50.17,-1521849.25,5.05
14:10,101328.82,31.07,16.15,101387.52,19.73,52.17,-1521133.50,4.11
14:11,101322.21,31.10,16.41,101375.99,20.94,47.68,-1522783.75,5.36
14:12,101324.72,31.14,16.01,101377.27,20.79,46.41,-1522129.75,4.52
14:13,101319.20,31.37,16.07,101378.11,22.21,42.90,-1523010.37,4.41
14:14,101314.89,31.55,16.09,101376.00,22.21,43.46,-1523198.50,4.84
14:15,101326.00,31.78,16.02,101375.77,22.73,41.41,-1522996.75,4.03
14:16,101315.61,32.01,16.00,101379.00,21.92,44.85,-1524367.62,5.44
14:17,101333.99,31.92,16.04,101389.74,21.17,47.10,-59926.80,5.01
14:18,101325.63,28.93,26.74,101384.72,20.48,50.69,-68420.21,0.13
14:19,101347.33,23.96,42.01,101399.54,19.89,53.50,-691270.62,1.06
14:20,101350.94,18.10,67.68,101395.08,19.03,55.42,-691172.00,1.10
14:21,101345.11,17.37,72.32,101394.77,18.47,57.97,-688791.12,0.46
14:22,101348.25,21.03,54.19,101392.91,19.15,58.68,-692883.81,4.63
14:23,101333.67,29.92,19.51,101389.99,20.86,48.69,-693956.87,5.16
14:24,101327.47,30.80,17.55,101387.07,21.30,46.74,-693317.00,5.31
14:25,101333.24,30.70,17.11,101392.94,18.98,54.63,-691427.37,4.99
14:26,101328.32,30.62,17.13,101390.44,20.65,48.42,-692843.12,4.97
14:27,101332.21,31.08,16.96,101395.82,21.89,45.22,-692326.37,5.29
14:28,101341.71,31.05,16.72,101396.55,21.27,46.43,-691393.12,4.92
14:29,101332.27,31.10,16.97,101396.11,21.03,48.00,4611.00,4.87
14:30,101333.77,31.14,16.67,101397.27,20.96,47.80,-684664.12,5.16
14:31,101332.66,30.83,16.58,101397.13,20.12,49.78,-685329.50,4.78
14:32,101330.02,31.05,16.58,101391.40,21.68,44.93,-686370.68,4.40
14:33,101331.88,31.31,16.69,101392.67,21.56,46.61,-685435.87,4.83
14:34,101338.53,31.67,16.68,101400.42,20.64,52.00,-3105.90,5.27
14:35,101342.54,31.49,16.27,101394.67,21.21,46.21,-4045.10,5.44
14:36,101325.05,31.57,16.20,101389.13,21.79,44.33,-98071.71,4.11
14:37,101327.83,31.53,16.16,101384.36,22.14,43.06,-469651.90,5.05
14:38,101342.25,31.61,16.30,101392.47,21.19,46.65,-688458.87,5.19
14:39,101323.60,31.39,16.15,101393.13,20.28,50.06,-690916.68,4.12
14:40,101323.33,31.33,16.29,101391.45,20.41,49.57,-692551.62,5.25
14:41,101323.99,31.33,16.32,101390.21,20.86,47.35,-693189.68,4.95
14:42,101339.83,31.38,16.47,101399.21,20.53,50.23,-693410.81,4.51
14:43,101331.60,31.40,16.41,101394.75,20.60,48.48,-93621.50,4.40
14:44,101336.17,31.46,16.19,101394.18,21.18,45.97,-96308.30,4.67
14:45,101334.99,31.13,16.08,101398.84,19.53,51.48,-57460.70,5.10
14:46,101344.49,31.07,16.53,101404.46,20.35,48.98,-318281.00,3.84
14:47,101339.77,31.37,16.42,101396.29,22.07,43.59,-697060.37,4.09
14:48,101334.57,31.29,16.06,101397.07,20.58,47.18,-697522.37,4.91
14:49,101340.70,31.04,16.30,101394.88,20.87,45.99,-698652.18,4.47
14:50,101344.10,31.14,16.32,101394.66,21.34,45.47,-699190.50,4.03
14:51,101329.72,31.30,16.44,101394.72,21.45,45.24,-699219.68,3.87
14:52,101341.36,31.57,16.36,101395.58,21.56,46.67,-698017.00,5.27
14:53,101338.07,31.53,16.34,101394.21,20.94,48.42,-699451.12,5.25
14:54,101342.80,31.19,16.27,101399.36,20.02,50.00,-700815.62,4.74
14:55,101345.64,31.15,16.44,101402.14,19.98,53.39,-701552.50,4.23
14:56,101342.39,31.03,16.43,101396.73,20.37,49.28,-702092.31,4.26
14:57,101339.25,31.44,16.37,101390.89,22.00,43.89,-703186.81,5.30
14:58,101332.58,31.48,16.05,101394.82,22.19,42.51,-702831.00,3.87
14:59,101342.42,31.37,16.18,101389.34,21.98,43.05,-703240.12,4.93
15:0,101334.27,31.31,16.10,101391.42,22.01,42.43,-703489.81,5.16
15:1,101335.33,31.23,16.15,101397.32,20.35,48.17,-704006.81,4.99
15:2,101327.33,31.01,16.35,101393.97,20.28,48.26,-704718.12,5.22
15:3,101337.38,31.21,16.38,101396.39,21.71,44.23,-706029.50,4.47
15:4,101334.77,31.19,16.23,101405.00,19.64,51.20,-705632.62,4.37
15:5,101343.39,30.84,16.49,101399.68,20.12,49.14,-706463.37,4.06
15:6,101343.38,30.89,16.61,101393.77,20.97,46.02,-707481.00,4.74
15:7,101333.32,30.85,16.45,101391.67,21.38,44.22,-708098.50,4.85
15:8,101335.64,31.07,16.73,101389.07,22.19,42.74,-708398.68,5.40
15:9,101332.02,31.20,16.54,101392.35,21.43,46.20,-708279.62,4.05
15:10,101337.27,31.05,16.21,101392.24,20.76,45.63,-709030.50,4.81
15:11,101332.38,30.95,16.48,101395.27,21.47,45.18,-710448.87,5.12
15:12,101342.75,31.10,16.41,101395.14,21.57,44.50,-710411.18,5.51
15:13,101339.35,31.21,16.23,101395.82,20.59,47.83,-708167.62,3.94
15:14,101336.23,31.06,15.96,101401.22,20.42,47.17,-700442.68,3.88
15:15,101332.18,31.12,16.21,101394.34,22.17,41.84,-139228.59,4.21
15:16,101336.83,31.41,16.14,101396.72,22.56,40.48,-707014.37,5.36
15:17,101333.46,31.35,15.91,101397.81,22.32,40.14,-705595.00,5.25
15:18,101340.35,31.24,16.18,101394.17,22.52,39.90,-712440.00,4.34
15:19,101331.27,31.28,16.21,101391.53,21.58,43.44,-712254.37,5.25
15:20,101335.32,31.24,16.21,101393.16,21.14,45.46,-712633.68,4.02
15:21,101326.38,31.21,16.23,101392.57,21.70,43.43,-714113.18,4.02
15:22,101328.21,31.31,16.31,101389.92,21.93,43.25,-714255.50,5.22
15:23,101328.50,31.35,16.12,101394.96,21.75,43.29,-714892.50,4.91
15:24,101333.16,31.47,16.19,101390.27,22.28,41.93,-715334.00,5.07
15:25,101338.02,31.56,16.06,101393.49,22.39,42.40,-715900.87,5.24
15:26,101338.28,31.39,16.10,101394.10,21.63,43.25,-716107.62,4.67
15:27,101342.10,31.42,16.06,101400.00,21.73,43.45,-717923.68,4.18
15:28,101344.82,31.33,15.85,101402.37,20.68,46.51,-717390.68,4.27
15:29,101344.08,31.14,16.14,101402.11,21.80,42.01,-718123.12,4.24
15:30,101347.00,31.15,16.18,101401.61,21.17,44.13,-718538.37,5.47
15:31,101345.17,31.07,16.23,101409.96,20.83,47.04,-719404.81,5.16
15:32,101355.90,31.01,16.17,101405.97,20.75,45.63,-719612.50,4.64
15:33,101360.21,30.80,16.16,101410.27,19.59,49.79,-719542.68,4.32
15:34,101351.89,30.72,16.47,101412.47,20.46,47.91,-720398.37,4.79
15:35,101345.57,30.79,16.57,101400.35,21.21,45.52,-721171.68,4.66
15:36,101341.36,31.31,16.35,101402.08,22.48,42.63,-722257.00,5.12
15:37,101350.10,31.45,16.03,101405.13,20.80,46.42,-704808.68,5.19
15:38,101349.89,31.27,16.12,101408.42,21.91,41.72,-659841.00,4.76
15:39,101343.08,31.24,16.09,101404.44,22.41,41.02,-691549.37,4.68
15:40,101347.05,31.19,16.04,101408.43,21.22,43.78,-685753.81,5.13
15:41,101351.59,31.31,16.27,101406.36,22.50,40.46,-721629.12,4.03
15:42,101350.64,31.60,16.01,101401.75,22.73,40.44,-722670.37,4.67
15:43,101351.30,31.51,16.08,101413.91,21.58,43.69,-721297.12,4.80
15:44,101354.32,31.25,16.01,101411.92,21.23,44.02,-722670.62,4.84
15:45,101347.14,31.40,16.18,101416.39,22.50,40.89,-723507.37,3.95
15:46,101347.57,31.60,16.09,101412.50,22.58,40.98,-715668.50,5.30
15:47,101357.97,31.71,15.85,101417.55,22.37,41.20,-598250.12,4.52
15:48,101364.12,31.61,16.05,101426.07,21.61,45.28,-725313.00,4.16
15:49,101354.66,31.48,15.70,101427.84,19.85,47.62,-725478.12,5.43
15:50,101366.91,30.87,15.74,101433.35,20.47,43.89,-727214.37,4.58
15:51,101361.60,30.60,15.82,101434.68,19.81,46.15,-727260.62,5.20
15:52,101360.59,30.72,16.13,101424.57,21.92,40.12,-728357.50,4.78
15:53,101367.25,31.10,16.19,101425.67,22.49,40.10,-729223.18,4.99
15:54,101363.81,31.49,16.06,101424.92,23.00,39.10,-725537.00,4.81
15:55,101371.99,31.68,15.86,101424.57,22.90,39.54,-717765.18,4.19
15:56,101369.35,31.74,15.86,101429.71,22.78,40.03,-703772.50,5.10
15:57,101361.74,31.85,15.89,101428.66,21.55,44.09,-715927.12,5.02
15:58,101370.48,31.57,15.77,101429.50,21.95,41.43,-714757.37,3.98
15:59,101372.67,31.26,15.72,101429.13,21.27,41.82,-714286.87,4.93
16:0,101371.88,30.84,16.11,101424.56,21.01,43.64,-712642.62,5.18
16:1,101371.42,30.77,15.75,101429.39,19.61,46.52,-722992.81,4.23
16:2,101361.87,30.41,15.80,101427.43,19.25,47.47,-722963.68,4.34
16:3,101377.10,30.24,16.30,101427.42,21.35,41.36,-729779.68,5.47
16:4,101366.99,30.36,16.23,101427.28,20.92,43.60,-729727.18,4.43
16:5,101371.67,30.59,16.16,101429.41,21.66,41.15,-730343.81,4.59
16:6,101372.63,30.75,16.17,101432.68,20.60,45.27,-729765.50,4.61
16:7,101371.48,30.73,16.13,101428.75,21.69,41.48,-730451.87,4.53
16:8,101375.89,31.07,16.15,101430.32,21.07,46.28,-729665.62,4.79
16:9,101372.89,31.37,16.18,101435.60,21.11,45.38,-732848.00,5.08
16:10,101370.86,31.28,15.87,101442.20,21.42,42.99,-733137.37,5.00
16:11,101374.85,31.10,15.80,101443.66,20.52,45.78,-733665.37,4.73
16:12,101388.05,30.88,16.07,101441.37,21.31,43.21,-734935.68,4.58
16:13,101377.42,31.33,15.97,101441.33,21.88,43.33,-735065.68,4.95
16:14,101375.46,31.44,16.14,101439.86,22.27,41.90,-655091.12,4.44
16:15,101387.22,31.81,15.84,101448.64,22.95,39.72,-731452.68,4.36
16:16,101397.26,31.84,15.72,101454.42,22.86,40.22,-732623.00,4.83
16:17,101391.63,31.78,15.65,101449.38,21.45,43.41,-736655.12,3.94
16:18,101390.55,31.21,15.77,101463.22,18.97,51.97,-736187.87,5.16
16:19,101396.02,30.98,16.19,101452.86,20.32,48.47,-737608.00,5.10
16:20,101389.91,31.18,16.07,101451.32,20.84,45.72,-738355.18,4.51
16:21,101403.92,30.87,15.92,101458.01,19.40,48.26,-738907.68,5.02
16:22,101401.88,30.68,16.13,101460.84,19.66,48.23,-739954.87,4.20
16:23,101405.05,30.49,16.18,101455.06,18.93,51.28,-740827.62,4.94
16:24,101395.39,30.50,16.40,101458.44,20.61,47.08,-6517.90,5.28
16:25,101395.69,30.61,16.31,101453.50,20.90,44.59,-36814.20,4.24
16:26,101397.96,30.71,16.21,101450.44,20.99,44.21,-703512.62,5.30
16:27,101391.04,30.90,16.12,101444.16,20.84,45.46,-733994.00,5.33
16:28,101402.58,31.01,16.36,101456.31,21.55,44.09,-690557.87,5.10
16:29,101400.37,30.98,16.15,101466.00,19.99,49.78,-740760.37,5.23
16:30,101399.60,31.21,16.09,101467.71,20.44,48.09,-737768.81,4.63
16:31,101409.72,31.04,15.93,101467.70,19.26,51.00,-739620.62,4.99
16:32,101406.91,30.88,16.10,101461.97,20.20,46.97,-741120.18,3.93
16:33,101406.02,30.94,16.00,101459.06,21.61,42.42,-736023.50,4.95
16:34,101405.75,31.20,16.32,101464.11,21.95,42.83,-743516.50,5.43
16:35,101400.91,31.17,15.93,101461.13,21.12,43.52,-740659.12,4.67
16:36,101404.67,31.34,16.10,101461.97,22.10,42.40,-747007.68,5.07
16:37,101397.41,31.32,16.05,101456.69,21.26,44.09,-749488.37,4.97
16:38,101395.94,31.64,15.92,101457.47,22.69,41.32,-749053.37,3.98
16:39,101404.65,31.54,15.85,101467.08,21.28,44.47,-746941.81,4.27
16:40,101404.52,31.68,15.98,101465.63,21.80,43.73,-709312.50,5.11
16:41,101412.99,31.76,15.95,101468.10,22.80,40.77,-138140.00,5.30
16:42,101421.86,31.48,15.53,101474.97,20.50,46.27,-749892.31,4.49
16:43,101414.55,31.29,15.76,101466.11,21.20,43.62,-750869.31,5.20
16:44,101399.48,31.31,15.84,101468.03,22.17,40.54,-752424.18,4.00
16:45,101404.35,31.69,15.85,101463.21,23.32,38.51,-751993.31,4.66
16:46,101423.62,31.82,15.45,101467.39,21.99,41.20,-749923.81,4.38
16:47,101409.64,31.26,15.62,101479.56,20.12,47.30,-752134.68,4.43
16:48,101414.74,31.17,15.84,101475.15,19.58,49.36,-753290.68,4.67
16:49,101412.82,31.21,16.02,101469.46,21.87,42.40,-755131.62,4.63
16:50,101414.40,31.63,16.08,101469.03,23.17,40.05,-754353.12,4.03
16:51,101417.13,31.80,15.85,101475.13,21.64,43.70,-754689.50,4.83
16:52,101414.02,31.87,15.56,101471.72,21.05,44.89,-753505.62,5.07
16:53,101419.91,31.21,15.62,101480.16,20.31,46.30,-349674.18,5.26
16:54,101420.13,31.14,15.89,101481.57,21.81,41.61,-756756.18,4.68
16:55,101431.14,31.03,15.67,101485.52,20.00,47.25,-701896.62,5.32
16:56,101421.07,30.75,16.06,101482.25,19.95,47.81,-757883.50,5.29
16:57,101413.53,30.57,16.04,101478.81,20.26,44.83,-757899.31,4.20
16:58,101415.60,30.74,16.14,101473.91,21.71,42.14,-761997.18,5.27
16:59,101419.02,31.14,16.00,101478.16,22.35,40.23,-762490.50,5.00
17:0,101417.90,31.05,15.75,101480.88,19.61,47.62,-760058.18,5.35
17:1,101420.07,30.61,16.00,101485.21,19.44,49.51,-760947.68,3.92
17:2,101413.03,30.72,16.07,101475.36,21.08,43.85,-762645.81,4.78
17:3,101423.04,30.87,15.99,101480.78,20.85,43.85,-761426.12,5.25
17:4,101419.93,30.94,16.08,101481.50,21.59,42.40,-763046.18,5.30
17:5,101431.57,31.25,16.03,101483.43,21.69,42.67,-761130.37,4.05
17:6,101414.49,31.33,15.85,101485.61,22.23,40.79,-762081.37,5.21
17:7,101424.00,31.21,15.52,101494.88,20.18,45.55,-763844.00,5.45
17:8,101425.75,30.88,15.79,101486.68,20.97,43.99,-766228.50,4.38
17:9,101420.42,30.85,15.90,101486.71,22.02,39.51,-769483.50,3.90
17:10,101421.14,31.05,16.01,101485.74,22.30,40.35,-765198.81,5.30
17:11,101433.34,19.17,57.24,101484.63,21.22,45.77,-767085.12,0.48
17:12,101439.65,19.53,51.49,101493.44,20.70,47.51,-768202.18,0.19
17:13,101441.25,20.67,44.37,101487.58,20.69,47.03,-765624.50,0.21
17:14,101433.60,29.66,19.73,101488.44,21.59,42.85,-767558.68,3.84
17:15,101430.53,30.68,16.76,101495.39,20.58,44.43,-770472.37,5.03
17:16,101433.91,30.95,16.64,101487.60,22.49,40.74,-768522.37,4.90
17:17,101432.14,31.19,16.35,101493.62,22.31,39.71,-767734.12,4.56
17:18,101426.54,31.24,16.26,101490.53,22.30,40.83,-772231.81,3.96
17:19,101433.02,31.41,16.13,101495.19,22.66,39.43,-769271.12,4.73
17:20,101434.97,31.45,16.05,101496.57,22.69,39.49,-769369.18,5.10
17:21,101430.95,31.54,15.85,101495.16,22.63,40.31,-769439.81,5.01
17:22,101429.63,31.50,16.01,101488.63,21.76,43.52,-768380.18,5.03
17:23,101443.70,31.51,15.80,101497.29,21.26,44.13,-767675.68,3.95
17:24,101435.89,31.20,15.76,101497.54,20.85,43.04,-771425.62,4.00
17:25,101433.51,31.17,15.90,101493.47,22.28,39.88,-773793.62,4.50
17:26,101444.63,31.15,15.75,101502.65,21.05,42.81,-764841.18,4.36
17:27,101436.71,30.85,15.85,101501.89,20.71,44.07,-117570.10,4.26
17:28,101430.55,30.64,16.10,101491.64,21.55,41.01,-775105.12,3.94
17:29,101444.41,30.97,15.99,101500.16,21.34,42.40,-14778.80,4.00
17:30,101434.61,30.69,16.03,101499.51,21.48,41.02,-768778.62,4.49
17:31,101445.55,30.64,15.98,101501.75,20.58,44.41,-240365.29,5.03
17:32,101440.34,30.47,16.13,101501.85,20.25,45.52,7779.40,4.64
17:33,101447.96,30.41,16.18,101498.71,21.00,42.40,-775781.31,5.34
17:34,101449.78,30.31,16.21,101500.94,20.55,43.40,-36911.50,4.95
17:35,101448.82,30.38,16.25,101503.15,20.51,45.06,6069.30,4.85
17:36,101440.85,30.23,16.29,101501.57,20.58,44.09,3224.60,4.69
17:37,101438.56,30.46,16.34,101501.71,21.60,41.55,328.80,4.40
17:38,101444.76,30.71,16.13,101497.10,22.10,39.77,-1671.70,4.27
17:39,101437.77,30.78,16.08,101498.19,22.11,39.37,557.40,4.88
17:40,101442.17,30.60,16.19,101500.82,20.47,44.72,-766276.31,4.43
17:41,101436.87,30.63,16.36,101497.63,21.17,44.20,-768253.00,5.03
17:42,101432.14,30.55,16.23,101498.52,20.48,44.78,-736738.81,3.92
17:43,101432.21,30.40,16.20,101502.88,20.32,45.41,-762018.81,3.89
17:44,101442.94,30.40,16.34,101497.39,21.03,43.37,-781182.62,4.82
17:45,101439.52,30.44,16.34,101504.01,19.98,47.48,-230784.79,5.12
17:46,101438.57,30.45,16.36,101499.87,20.62,45.33,-783200.12,5.12
17:47,101442.94,30.54,16.28,101504.16,19.92,47.29,-783789.37,4.94
17:48,101430.13,30.43,16.40,101501.55,20.60,45.31,-784755.68,5.17
17:49,101448.22,30.41,16.36,101504.33,18.93,52.65,-784816.50,5.04
17:50,101447.42,30.05,16.53,101505.44,18.89,51.92,-736893.18,4.24
17:51,101443.35,30.22,16.56,101499.32,20.75,45.20,-71662.30,5.13
17:52,101438.68,30.37,16.47,101499.02,20.88,44.47,-643901.12,3.81
17:53,101447.94,30.43,16.27,101500.32,20.45,45.04,-697678.68,4.01
17:54,101442.05,30.49,16.34,101492.35,21.42,43.12,-694846.12,4.21
17:55,101426.77,30.68,16.38,101494.14,21.60,43.02,-693505.81,4.61
17:56,101430.50,30.73,16.24,101494.50,20.64,45.23,-668087.37,4.44
17:57,101435.32,30.65,16.51,101500.90,21.54,43.65,-673373.87,4.90
17:58,101435.08,30.61,16.26,101495.96,19.39,49.56,-691922.87,4.58
17:59,101437.77,30.30,16.43,101498.46,20.36,45.71,-789952.12,4.81
18:0,101434.73,30.42,16.46,101498.17,20.73,46.29,-789646.87,3.95
18:1,101434.75,30.63,16.42,101493.32,21.19,43.73,-789794.31,4.06
18:2,101441.08,30.51,16.38,101502.42,20.46,46.53,-790902.81,3.84
18:3,101442.40,30.45,16.19,101506.25,20.63,44.70,-790962.87,5.26
18:4,101439.07,30.06,16.12,101504.51,19.22,49.01,-791989.62,4.26
18:5,101434.25,29.90,16.49,101505.22,20.36,44.61,-792016.00,4.99
18:6,101444.36,30.07,16.52,101506.80,20.08,46.64,-792676.81,3.94
18:7,101438.92,30.18,16.44,101504.61,21.45,41.29,-793279.18,4.00
18:8,101438.39,30.20,16.54,101507.34,20.60,44.27,-791019.68,4.71
18:9,101443.94,30.42,16.49,101505.13,21.93,41.02,-791796.37,3.98
18:10,101441.42,30.82,16.39,101505.11,22.47,40.45,-789692.37,3.91
18:11,101450.05,31.06,16.23,101504.67,21.99,41.67,-791152.12,5.07
18:12,101444.16,30.92,16.27,101502.32,21.15,43.88,-792457.31,4.47
18:13,101444.00,30.52,16.15,101508.85,20.29,45.46,-794059.87,5.17
18:14,101450.64,30.72,16.39,101512.77,21.12,44.87,-793948.12,4.83
18:15,101448.77,30.47,16.22,101507.17,19.85,47.87,-794242.37,5.04
18:16,101444.60,30.47,16.30,101501.49,20.45,44.59,-795960.87,4.83
18:17,101435.82,30.47,16.44,101509.94,19.84,48.82,-796746.18,5.10
18:18,101455.46,30.44,16.34,101507.94,21.14,43.45,-797514.31,5.24
18:19,101457.25,30.64,16.41,101509.42,21.62,42.78,-797476.62,3.98
18:20,101442.97,30.66,16.31,101510.92,21.45,42.29,-798289.62,3.96
18:21,101449.25,30.57,16.37,101514.41,20.94,44.49,-798453.81,5.04
18:22,101451.77,30.51,16.43,101516.50,20.35,45.59,-798540.18,5.30
18:23,101449.55,30.49,16.44,101515.66,21.12,44.40,-800135.18,5.12
18:24,101446.58,30.66,16.32,101507.19,21.61,42.02,-800972.31,3.87
18:25,101456.44,30.76,16.39,101517.55,21.48,43.65,-801445.68,5.26
18:26,101455.16,30.71,16.29,101516.64,21.42,42.62,-801357.12,5.11
18:27,101457.21,30.78,16.29,101520.28,20.48,47.13,-801757.50,4.90
18:28,101458.60,30.42,16.39,101512.94,19.57,48.56,-793445.18,4.88
18:29,101449.02,30.13,16.27,101519.10,19.81,46.56,-664453.68,4.55
18:30,101455.42,30.23,16.44,101517.89,20.33,47.18,-687386.87,4.37
18:31,101458.60,29.94,16.52,101519.55,18.38,52.17,-662160.87,4.32
18:32,101465.86,29.88,16.61,101513.99,19.83,48.24,-669460.87,3.90
18:33,101457.57,30.11,16.73,101515.30,20.68,45.13,-720571.18,4.27
18:34,101456.65,30.36,16.50,101514.23,21.31,43.56,-800403.37,4.09
18:35,101455.07,30.53,16.54,101517.49,20.85,45.93,-797162.68,3.87
18:36,101462.14,30.53,16.45,101523.70,21.19,43.43,-798195.18,4.40
18:37,101459.19,30.65,16.37,101517.11,21.69,42.14,-775627.62,5.04
18:38,101462.10,30.75,16.29,101523.22,21.09,43.86,-504420.59,5.34
18:39,101464.35,30.80,16.32,101517.89,21.68,42.76,-805231.81,5.25
18:40,101463.55,30.93,16.17,101525.27,21.08,44.42,-802528.50,4.00
18:41,101462.63,30.99,16.21,101523.86,21.97,42.22,-802915.37,4.74
18:42,101469.80,31.16,16.15,101530.50,22.09,41.86,-797598.68,5.05
18:43,101473.34,31.08,16.16,101536.32,21.02,44.97,-803793.37,5.27
18:44,101469.58,30.94,16.19,101531.30,21.05,44.66,-806131.31,4.27
18:45,101475.41,30.92,16.21,101538.26,20.03,49.15,-805789.12,4.96
18:46,101474.30,30.87,16.36,101536.82,21.32,43.91,-806932.18,4.81
18:47,101466.42,31.06,16.22,101529.32,21.75,42.71,-807659.50,3.86
18:48,101466.02,31.05,16.10,101530.99,21.67,42.56,-77158.00,3.87
18:49,101475.06,30.93,16.21,101542.80,20.51,46.41,-451842.59,5.05
18:50,101483.02,30.54,16.22,101537.41,18.37,54.59,-62422.30,5.08
18:51,101482.11,30.43,16.38,101535.50,19.45,51.21,-724804.68,5.26
18:52,101490.80,30.50,16.44,101541.58,19.33,52.18,-212011.00,4.47
18:53,101481.13,30.34,16.64,101548.53,20.36,48.04,-812864.37,5.15
18:54,101489.11,30.49,16.51,101544.83,20.31,47.16,-812323.31,4.36
18:55,101480.91,30.77,16.49,101539.20,20.94,46.55,-814310.31,4.45
18:56,101480.56,30.85,16.50,101536.54,21.71,43.31,-814299.87,4.40
18:57,101486.85,31.19,16.37,101539.00,22.10,43.05,-738403.81,5.27
18:58,101489.91,31.36,16.10,101541.92,22.20,42.23,-59718.70,4.38
18:59,101492.94,31.43,16.09,101540.63,22.17,42.45,5037.70,5.30
19:0,101488.75,31.45,16.01,101546.90,22.03,42.67,-704574.87,5.30
19:1,101482.66,31.38,16.10,101540.22,21.95,42.91,-813054.87,4.61
19:2,101492.26,31.45,16.09,101542.43,22.33,41.66,-812216.37,4.20
19:3,101493.17,31.48,15.99,101543.90,21.83,43.28,-279151.31,4.95
19:4,101498.23,31.45,16.16,101544.53,21.78,43.89,-813652.12,5.27
19:5,101486.00,31.44,16.03,101546.38,20.76,46.38,-330221.81,4.66
19:6,101479.94,31.33,16.13,101544.54,21.69,43.67,-144367.90,4.76
19:7,101482.63,31.39,16.28,101548.07,20.50,49.25,-815154.31,4.72
19:8,101488.80,31.20,16.35,101545.35,20.53,49.38,-816019.12,5.05
19:9,101482.17,31.32,16.17,101542.19,21.52,44.69,-816205.00,5.36
19:10,101476.39,31.26,16.11,101544.50,21.23,45.47,8343.80,5.21
19:11,101480.77,31.37,16.25,101538.24,21.85,43.86,-635605.18,4.64
19:12,101486.41,31.50,16.24,101547.28,21.33,46.56,-213198.59,5.16
19:13,101483.33,31.22,16.12,101539.99,20.34,47.75,-113107.21,4.95
19:14,101481.82,31.14,16.24,101541.88,19.79,51.87,-812222.31,3.95
19:15,101476.38,30.98,16.05,101538.39,19.83,49.43,-455229.09,4.96
19:16,101484.07,31.10,16.11,101538.63,21.40,44.76,-4628.10,4.88
19:17,101486.28,31.24,16.31,101542.02,21.47,45.25,-11128.30,4.85
19:18,101478.07,31.33,16.21,101546.13,20.64,48.05,-38196.90,5.31
19:19,101485.75,30.99,16.19,101547.57,20.22,47.96,-819576.87,4.68
19:20,101481.74,30.99,16.49,101540.60,21.72,43.33,-815387.50,4.37
19:21,101487.28,31.28,16.15,101547.78,21.67,44.17,-121040.00,5.37
19:22,101489.00,31.03,16.31,101549.04,20.20,48.06,-826565.50,4.09
19:23,101486.60,31.04,16.29,101544.50,21.70,42.53,-824527.31,5.20
19:24,101483.74,31.11,16.27,101542.30,21.91,41.88,-824605.00,4.55
19:25,101488.69,31.07,16.13,101545.05,21.69,42.60,-825799.87,5.18
19:26,101497.42,31.03,16.25,101550.44,21.83,42.23,-824269.12,4.88
19:27,101482.94,30.73,16.20,101548.50,19.41,50.71,-816484.68,4.29
19:28,101491.38,30.57,16.50,101553.28,20.63,46.04,-827924.87,4.92
19:29,101496.95,30.69,16.45,101551.50,19.72,50.26,-825941.00,4.54
19:30,101491.85,30.62,16.55,101553.96,20.77,46.43,-827744.50,4.01
19:31,101499.16,30.69,16.51,101557.69,20.43,47.53,-816110.31,5.11
19:32,101489.13,30.75,16.63,101552.67,20.46,48.66,-149672.29,4.72
19:33,101499.16,30.98,16.44,101546.16,21.53,44.39,-707934.81,4.86
19:34,101489.71,31.07,16.25,101545.69,21.50,43.94,-114927.60,5.36
19:35,101487.91,30.95,16.33,101554.03,20.64,46.87,-123428.71,4.00
19:36,101498.07,30.65,16.41,101557.25,20.56,45.59,-99656.90,4.27
19:37,101492.75,30.53,16.46,101550.18,20.19,47.00,-154762.50,5.43
19:38,101498.14,30.72,16.35,101549.74,21.43,43.79,-822444.12,5.16
19:39,101498.73,31.00,16.49,101546.11,22.04,42.23,-829705.12,5.06
19:40,101489.61,30.79,16.25,101544.28,19.32,51.05,-832037.50,4.72
19:41,101483.64,30.49,16.46,101547.70,18.89,52.83,-144401.40,5.13
19:42,101489.61,30.46,16.47,101545.25,19.80,48.62,-827860.68,5.22
19:43,101489.72,30.47,16.50,101544.89,19.30,50.06,-830201.81,4.15
19:44,101491.00,30.36,16.54,101548.16,20.27,46.74,-828990.00,5.32
19:45,101498.02,30.63,16.39,101549.96,20.13,48.03,-45303.00,4.51
19:46,101493.72,30.42,16.41,101548.17,20.50,45.74,-94709.90,5.32
19:47,101489.72,30.44,16.29,101548.42,20.76,44.71,-94044.71,5.02
19:48,101488.11,30.61,16.27,101551.10,20.40,46.70,-833120.12,5.36
19:49,101495.86,30.39,16.33,101553.75,20.53,45.13,-833662.87,3.85
19:50,101488.49,30.29,16.47,101552.35,20.39,44.96,-634382.31,4.98
19:51,101503.10,30.39,16.40,101557.69,20.51,46.01,-156620.90,3.96
19:52,101497.52,30.21,16.54,101556.43,20.23,45.87,-835005.50,5.04
19:53,101493.69,30.22,16.48,101554.89,20.40,46.09,-836238.00,4.27
19:54,101498.63,30.29,16.44,101554.36,20.96,43.54,-836302.81,4.45
19:55,101491.57,30.49,16.28,101555.16,20.92,44.51,-833342.12,5.24
19:56,101497.75,30.35,16.41,101564.96,20.30,46.89,-836935.18,3.85
19:57,101493.92,30.09,16.42,101558.88,20.26,45.02,-837383.68,4.19
19:58,101500.58,30.08,16.57,101558.35,20.57,44.47,-838068.62,5.10
19:59,101498.55,30.04,16.50,101562.43,20.44,44.09,-838034.00,5.10
20:0,101500.24,30.05,16.39,101563.88,20.69,43.46,-835501.31,5.10
20:1,101506.82,30.03,16.51,101559.08,20.85,42.92,-829576.37,5.11
20:2,101499.66,30.17,16.56,101561.35,21.04,43.69,-829900.62,4.58
20:3,101499.29,30.13,16.50,101565.17,20.47,44.97,-829146.87,5.20
20:4,101502.38,29.94,16.57,101563.19,20.20,45.60,-837116.68,5.06
20:5,101504.77,30.10,16.41,101560.39,20.96,42.90,-839924.62,4.02
20:6,101501.63,29.96,16.36,101560.00,20.09,44.72,-842196.87,4.52
20:7,101513.79,29.90,16.53,101561.05,19.64,47.57,-843496.37,4.61
20:8,101509.53,29.64,16.70,101558.22,19.47,47.42,-844225.62,3.95
20:9,101516.55,29.54,16.76,101571.27,18.26,53.32,-846451.12,5.16
20:10,101509.40,29.57,16.83,101569.66,20.13,45.44,-842990.12,4.81
20:11,101509.14,29.50,16.72,101571.35,18.47,50.94,-848198.87,4.49
20:12,101512.14,29.55,16.78,101573.25,20.43,44.47,-617873.18,4.25
20:13,101510.32,29.82,16.82,101575.13,20.68,44.45,-605609.37,4.92
20:14,101504.92,29.91,16.75,101571.63,21.28,41.87,-631656.18,3.87
20:15,101518.65,29.90,16.53,101573.86,20.51,43.53,-618748.18,5.29
20:16,101521.18,29.61,16.49,101573.50,19.25,47.06,-635708.81,4.25
20:17,101525.68,29.54,16.76,101572.05,20.30,44.52,-633321.37,3.82
20:18,101519.66,29.60,16.65,101573.01,20.61,43.27,-604261.50,5.12
20:19,101521.46,29.67,16.63,101573.89,20.95,41.98,-613731.37,5.05
20:20,101526.49,29.70,16.54,101578.19,20.93,41.85,-607713.62,4.78
20:21,101516.87,29.74,16.53,101575.27,20.92,42.07,-616592.00,5.21
20:22,101513.97,29.79,16.47,101575.11,21.11,41.21,-624146.81,5.10
20:23,101509.72,29.89,16.40,101575.10,21.04,42.57,-611505.12,5.12
20:24,101513.11,29.90,16.42,101573.58,21.00,42.00,-620210.12,4.65
20:25,101522.99,29.79,16.35,101571.96,19.65,45.55,-623019.50,4.54
20:26,101512.60,29.69,16.47,101568.58,20.07,45.35,-623605.50,3.81
20:27,101519.25,29.67,16.42,101573.16,20.48,42.68,-636357.18,3.88
20:28,101517.59,29.46,16.46,101566.72,19.70,44.99,-419111.68,3.83
20:29,101511.11,29.52,16.50,101570.00,20.51,42.84,-368178.00,4.74
20:30,101508.10,29.63,16.46,101569.20,20.73,42.15,-355292.50,4.75
20:31,101519.61,29.40,16.48,101566.56,19.79,43.91,-249061.59,4.27
20:32,101499.10,29.37,16.48,101563.30,19.98,45.28,-232592.09,5.03
20:33,101506.63,29.23,16.60,101564.41,20.15,43.04,-859746.87,4.35
20:34,101505.30,29.37,16.56,101566.46,20.69,41.67,-860026.81,4.74
20:35,101510.32,29.38,16.43,101572.39,20.54,41.56,-860073.81,3.79
20:36,101506.40,29.33,16.51,101565.99,20.68,41.17,-861137.62,4.16
20:37,101504.60,29.30,16.41,101559.38,20.78,40.60,-860801.68,5.08
20:38,101500.67,29.23,16.53,101564.26,20.79,40.28,-861697.00,3.85
20:39,101507.85,29.25,16.62,101564.78,20.97,39.85,-861623.18,4.34
20:40,101502.39,29.30,16.41,101561.43,20.72,40.40,-861509.87,4.42
20:41,101501.25,29.20,16.43,101559.08,20.60,39.81,-861557.62,3.89
20:42,101507.88,29.10,16.53,101559.25,20.64,40.73,-863405.12,3.99
20:43,101507.81,29.14,16.66,101559.85,20.84,39.76,-863270.12,4.16
20:44,101512.96,29.28,16.52,101558.75,20.94,40.03,-864213.81,4.12
20:45,101501.13,29.33,16.53,101563.27,20.84,40.72,-859804.68,4.34
20:46,101521.14,29.41,16.40,101561.74,20.83,40.42,-818100.87,3.94
20:47,101507.91,29.31,16.34,101565.99,20.93,39.02,-821300.62,4.85
20:48,101514.46,29.17,16.22,101569.35,20.56,39.55,-820602.00,5.34
20:49,101513.67,28.95,16.27,101571.32,20.53,39.01,-819096.68,4.99
20:50,101516.35,28.83,16.22,101572.33,20.64,37.84,-823780.12,3.89
20:51,101515.50,28.51,16.26,101568.72,19.99,38.64,-862391.00,5.19
20:52,101512.13,28.39,16.29,101573.14,20.15,38.08,-857270.81,3.79
20:53,101506.37,28.37,16.45,101574.97,20.38,38.03,-864694.37,5.05
20:54,101516.92,28.47,16.40,101576.11,20.45,38.19,-864843.00,5.02
20:55,101515.01,28.41,16.33,101574.78,20.27,38.03,-860332.50,3.85
20:56,101514.89,28.47,16.50,101574.68,20.44,38.29,-856782.62,3.83
20:57,101508.44,28.52,16.45,101575.75,20.51,37.98,-853591.87,5.09
20:58,101518.39,28.51,16.39,101577.04,20.54,37.70,-600201.50,3.75
20:59,101511.00,28.50,16.54,101576.83,20.47,38.35,-664213.50,3.80
21:0,101519.09,28.55,16.49,101576.44,20.25,39.38,-824393.37,4.83
21:1,101515.35,28.56,16.51,101575.46,20.20,39.51,-863128.12,4.96
21:2,101517.39,28.54,16.60,101578.25,20.40,39.05,-613825.00,4.89
21:3,101516.89,28.45,16.63,101581.27,19.20,43.50,-385169.18,4.92
21:4,101516.53,28.27,16.81,101575.88,19.72,40.74,-96116.60,3.74
21:5,101516.86,28.31,16.68,101576.17,19.52,42.12,-125845.10,4.81
21:6,101528.10,28.41,16.74,101580.62,20.23,39.88,-149179.50,3.98
21:7,101520.17,28.51,16.70,101582.75,20.22,40.49,-186874.09,4.94
21:8,101512.33,28.35,16.62,101583.63,18.85,43.08,-270564.90,4.98
21:9,101519.33,28.18,16.65,101582.42,19.75,40.25,-123305.60,4.89
21:10,101517.32,28.20,16.67,101579.83,20.23,38.86,-126972.50,4.14
21:11,101528.50,28.27,16.67,101581.37,20.30,38.89,-266467.31,4.98
21:12,101513.77,28.37,16.73,101582.84,20.11,40.44,-268666.18,5.00
21:13,101519.89,28.35,16.65,101581.30,19.90,40.49,-274781.09,5.09
21:14,101519.75,28.37,16.71,101581.03,20.06,40.08,-294478.59,4.36
21:15,101521.86,28.37,16.74,101582.00,20.05,40.71,-433756.09,4.84
21:16,101529.39,28.42,16.79,101586.36,19.84,41.25,-855282.68,4.29
21:17,101529.89,28.20,16.68,101584.07,19.78,40.46,-864879.18,5.13
21:18,101528.53,28.22,16.78,101587.34,20.06,39.96,-864458.31,3.74
21:19,101525.18,28.31,16.77,101585.86,20.06,39.95,-864179.87,4.63
21:20,101529.64,28.23,16.71,101588.24,19.91,39.88,-862323.31,4.25
21:21,101530.80,28.19,16.71,101587.89,19.90,40.26,-652404.81,3.97
21:22,101528.03,28.09,16.74,101587.50,19.85,39.80,-384637.81,4.64
21:23,101531.67,28.10,16.84,101586.35,19.75,40.95,-10341.40,3.90
21:24,101532.08,28.17,16.91,101587.54,19.76,41.59,-8084.00,3.73
21:25,101530.58,28.20,16.77,101592.77,19.82,40.50,-6441.80,5.01
21:26,101534.00,28.25,16.90,101592.96,20.18,39.85,-5053.20,5.10
21:27,101533.55,28.22,16.68,101591.35,19.82,40.39,-10393.00,4.28
21:28,101532.16,28.08,16.93,101594.46,19.98,39.95,-12649.20,5.03
21:29,101547.61,28.06,16.85,101590.99,19.52,41.17,-9331.30,4.50
21:30,101544.75,27.99,16.87,101595.44,19.88,39.63,-5540.20,4.43
21:31,101537.11,27.98,16.75,101594.56,19.74,40.05,-53099.20,4.73
21:32,101541.58,27.96,16.81,101596.85,19.82,39.69,750.40,4.69
21:33,101543.59,27.93,16.72,101593.51,19.65,39.98,49.90,4.98
21:34,101539.39,27.88,16.77,101595.60,19.78,39.44,-10320.80,4.34
21:35,101549.33,27.86,16.79,101595.41,19.83,39.37,-454620.81,4.89
21:36,101551.08,27.83,16.92,101596.74,19.32,40.26,-564361.37,4.07
21:37,101559.00,27.78,16.87,101598.85,19.63,39.66,-724551.68,5.12
21:38,101547.02,27.78,16.86,101597.52,19.62,39.85,-662513.87,4.90
21:39,101548.39,27.73,16.98,101603.19,19.75,39.63,-283532.50,4.65
21:40,101551.44,27.77,17.00,101604.33,19.89,38.97,-194485.79,5.07
21:41,101556.78,27.78,16.87,101603.39,19.68,39.57,-34201.30,4.78
21:42,101553.73,27.77,17.02,101601.49,19.69,39.94,-3558.70,4.77
21:43,101560.64,27.78,16.90,101605.19,19.68,39.64,-100616.40,4.92
21:44,101546.77,27.75,16.93,101603.43,19.58,40.11,-171481.70,4.98
21:45,101557.14,27.71,16.87,101603.75,19.62,39.29,-98880.90,4.43
21:46,101554.05,27.68,16.91,101603.74,19.59,40.54,-638632.37,4.39
21:47,101537.13,27.65,16.97,101609.27,19.45,40.37,-726147.87,5.18
21:48,101549.69,27.66,17.01,101605.28,19.49,40.28,-814361.00,5.14
21:49,101553.91,27.48,17.02,101606.66,19.34,40.19,-101133.90,4.34
21:50,101561.83,27.57,17.00,101606.83,19.55,39.82,-65324.20,4.91
21:51,101556.10,27.60,16.99,101609.28,19.51,40.15,-75202.40,4.73
21:52,101556.27,27.60,16.94,101609.92,19.54,39.74,-86064.10,4.94
21:53,101558.14,27.55,17.17,101607.80,19.65,39.43,-88734.40,5.16
21:54,101558.02,27.58,16.93,101606.15,19.48,39.87,-887730.12,4.72
21:55,101549.36,27.58,17.05,101610.36,19.13,41.73,-887524.00,5.05
21:56,101557.98,27.45,17.09,101606.45,19.13,41.52,-560921.87,4.30
21:57,101554.42,27.38,17.21,101608.52,19.09,41.06,-887575.87,3.98
21:58,101556.59,27.44,17.13,101610.88,19.40,40.42,-891767.31,5.07
21:59,101552.12,27.54,17.14,101614.21,19.53,40.37,-892253.00,4.03
22:0,101558.32,27.53,17.05,101610.57,19.32,41.07,-891723.00,4.90
22:1,101555.31,27.51,17.13,101611.78,19.35,40.76,-891856.81,4.33
22:2,101556.40,27.58,17.29,101612.38,19.14,43.02,-892429.00,3.74
22:3,101556.85,27.68,17.19,101614.64,19.29,42.01,-893064.87,4.94
22:4,101554.09,27.73,17.24,101612.27,19.75,40.41,-893424.37,5.02
22:5,101560.17,27.76,17.25,101611.75,19.78,40.17,-893716.00,5.03
22:6,101564.28,27.79,17.18,101613.01,19.95,39.66,-893435.31,3.94
22:7,101563.86,27.82,17.15,101618.71,19.60,41.01,-892644.31,4.70
22:8,101558.04,27.85,17.19,101616.27,19.43,41.84,-893356.68,3.94
22:9,101563.28,27.90,17.13,101618.39,19.48,42.22,-895240.62,4.36
22:10,101557.39,27.88,17.14,101617.28,19.26,42.66,-895472.68,5.12
22:11,101562.32,27.89,17.16,101613.83,19.57,41.28,-896318.31,4.48
22:12,101564.70,27.89,17.15,101609.28,19.65,41.31,-896548.12,5.08
22:13,101554.28,27.90,17.18,101614.02,19.83,40.42,-896936.12,4.65
22:14,101570.11,27.95,17.18,101613.32,19.93,40.64,-896186.31,5.01
22:15,101556.64,27.99,17.02,101616.13,19.53,42.05,-896447.18,4.07
22:16,101554.38,28.01,17.12,101615.02,19.77,41.43,-897078.00,3.75
22:17,101562.59,27.99,17.09,101618.61,19.22,43.72,-897489.68,4.95
22:18,101569.10,27.94,17.18,101618.25,19.25,43.08,-898820.50,5.14
22:19,101563.86,28.00,17.10,101618.73,19.44,42.57,-898317.00,4.69
22:20,101572.35,27.99,17.12,101622.27,19.33,43.01,-898612.68,4.95
22:21,101566.80,27.95,17.11,101620.80,19.51,42.09,-899112.37,5.11
22:22,101568.28,27.99,17.21,101618.28,19.87,40.91,-899300.31,4.38
22:23,101573.83,28.02,17.11,101625.35,19.36,43.10,-899160.37,5.02
22:24,101569.07,28.04,17.09,101621.97,19.62,42.02,-899940.18,4.94
22:25,101569.58,28.03,17.14,101625.96,19.36,43.51,-899770.00,4.75
22:26,101568.60,28.05,17.09,101627.48,19.38,42.98,-900321.50,4.88
22:27,101573.61,28.05,17.14,101629.24,19.48,43.00,-900522.12,3.74
22:28,101571.06,28.07,17.10,101631.78,19.47,42.49,-900434.00,4.95
22:29,101575.64,28.06,17.19,101632.83,19.60,42.33,-901486.37,5.00
22:30,101576.50,28.07,17.02,101636.63,19.41,42.85,-901338.31,4.27
22:31,101585.46,28.01,17.05,101632.72,19.59,41.64,-901624.31,4.29
22:32,101589.34,28.00,17.15,101634.96,19.35,43.14,-901975.37,4.96
22:33,101575.61,28.02,17.17,101633.59,19.69,42.05,-902359.62,4.39
22:34,101574.21,28.06,17.10,101636.85,19.53,42.53,-902470.68,4.14
22:35,101582.75,28.04,17.22,101633.49,19.58,42.31,-902657.12,5.07
22:36,101573.58,28.01,17.19,101633.96,19.59,41.89,-903446.81,4.98
22:37,101579.27,28.02,17.00,101634.52,19.52,42.16,-903559.87,3.98
22:38,101584.75,28.00,17.00,101631.74,19.26,42.97,-903649.50,5.02
22:39,101582.46,27.98,17.18,101631.41,19.36,42.79,-904392.50,4.58
22:40,101566.07,27.99,17.28,101631.96,19.65,41.87,-904960.87,5.06
22:41,101574.30,27.99,17.28,101629.35,19.40,42.72,-904736.62,3.81
22:42,101582.50,27.76,17.44,101632.19,18.62,45.17,-905302.18,5.21
22:43,101577.60,27.72,17.28,101634.91,18.85,44.62,-905424.00,4.97
22:44,101569.81,27.79,17.35,101630.82,19.48,42.41,-906093.12,5.09
22:45,101574.36,27.95,17.23,101632.81,19.58,42.24,-906719.37,5.06
22:46,101574.53,27.94,17.22,101625.53,19.25,43.67,-906919.00,4.98
22:47,101575.82,27.89,17.24,101629.47,19.09,44.51,-907136.68,4.63
22:48,101583.32,27.91,17.24,101633.64,19.34,43.43,-907940.87,4.81
22:49,101567.48,27.96,17.34,101631.58,19.39,43.30,-908542.50,4.56
22:50,101576.74,27.97,17.25,101634.28,19.26,43.83,-908676.62,3.91
22:51,101582.08,27.95,17.28,101638.85,19.00,44.83,-908549.87,4.49
22:52,101582.60,27.96,17.25,101631.33,19.28,43.87,-909660.50,4.82
22:53,101582.34,27.95,17.21,101626.99,19.26,43.53,-909886.31,3.97
22:54,101584.07,27.98,17.31,101628.03,19.48,43.05,-910354.31,4.80
22:55,101572.10,28.01,17.28,101627.82,19.35,43.21,-910229.31,4.45
22:56,101577.14,28.02,17.19,101630.42,19.38,43.11,-910840.62,5.23
22:57,101568.71,27.99,17.25,101627.71,19.41,43.04,-910966.00,4.18
22:58,101578.82,27.92,17.49,101628.03,18.91,44.73,-912093.68,4.94
22:59,101576.33,27.87,17.39,101631.24,18.85,45.67,-912021.12,5.11
23:0,101566.80,27.95,17.34,101628.35,19.04,45.24,-912664.18,5.14
23:1,101570.88,27.97,17.32,101625.00,19.22,44.54,-912975.68,5.08
23:2,101568.11,28.00,17.37,101628.36,19.12,45.41,-913626.81,4.90
23:3,101566.52,27.93,17.50,101621.60,18.23,47.49,-914108.18,5.16
23:4,101560.24,27.90,17.39,101626.07,18.83,45.85,-913850.68,4.94
23:5,101561.49,27.99,17.48,101621.99,19.25,44.53,-913584.00,4.51
23:6,101563.44,28.11,17.35,101623.35,19.21,45.18,-913835.18,5.16
23:7,101563.39,28.15,17.30,101623.33,19.32,44.64,-914770.18,4.09
23:8,101568.14,28.15,17.45,101622.44,19.18,45.56,-915774.12,3.78
23:9,101565.32,28.21,17.32,101625.27,19.18,45.43,-915507.18,5.07
23:10,101564.58,28.24,17.30,101618.08,19.31,45.50,-915954.12,4.41
23:11,101568.14,28.25,17.33,101620.94,19.05,46.18,-914317.12,4.75
23:12,101569.79,28.27,17.46,101615.19,19.46,45.01,-916788.00,4.08
23:13,101559.74,28.35,17.31,101619.72,19.48,45.04,-913869.00,4.24
23:14,101568.96,28.34,17.47,101620.97,19.54,44.84,-917014.62,3.91
23:15,101564.15,28.43,17.34,101617.22,19.56,44.86,-917701.50,4.55
23:16,101567.16,28.38,17.24,101619.74,19.14,46.21,-917891.50,4.70
23:17,101572.02,28.34,17.37,101620.35,19.47,44.74,-920209.00,4.29
23:18,101566.96,28.43,17.34,101621.02,19.46,45.25,-920318.50,4.23
23:19,101574.10,28.43,17.26,101622.80,19.17,46.69,-921050.68,5.07
23:20,101566.96,28.44,17.28,101629.24,19.31,45.90,-367385.81,5.23
23:21,101567.30,28.43,17.32,101624.13,19.41,45.53,-372887.00,4.21
23:22,101570.69,28.45,17.45,101627.57,19.60,44.80,-301288.68,3.82
23:23,101559.78,28.51,17.27,101627.91,19.27,46.41,-348145.18,4.23
23:24,101571.65,28.48,17.39,101625.26,19.43,45.64,-367999.00,4.95
23:25,101578.96,28.46,17.26,101623.13,19.26,46.13,-46508.60,4.09
23:26,101568.46,28.34,17.34,101632.00,18.91,47.52,-80166.10,4.46
23:27,101577.50,28.42,17.37,101629.58,19.16,46.80,-148450.00,4.01
23:28,101583.10,28.44,17.35,101631.25,19.37,45.87,-160286.40,3.78
23:29,101571.00,28.39,17.30,101633.49,18.89,47.64,-41225.90,4.99
23:30,101576.30,28.37,17.31,101629.17,19.15,46.24,-72186.60,4.40
23:31,101568.00,28.37,17.47,101629.96,19.25,46.19,-90517.30,3.82
23:32,101581.97,28.40,17.32,101627.69,19.08,46.71,-102403.50,4.90
23:33,101569.14,28.39,17.31,101634.94,18.83,47.89,-109728.50,4.59
23:34,101572.05,28.37,17.36,101628.50,19.02,47.23,-48322.80,5.11
23:35,101584.24,28.38,17.41,101628.80,19.11,46.89,-99527.10,5.23
23:36,101585.19,28.34,17.34,101633.71,18.86,47.65,-51667.90,4.83
23:37,101581.28,28.32,17.44,101634.10,18.91,48.04,-197434.09,5.11
23:38,101581.68,28.30,17.43,101629.26,18.63,48.83,-543181.81,4.79
23:39,101581.77,28.28,17.45,101635.29,18.96,47.48,-931985.62,4.93
23:40,101579.00,28.38,17.52,101634.40,19.33,46.51,-931910.12,4.08
23:41,101583.46,28.48,17.46,101633.72,19.15,47.38,-931111.62,3.89
23:42,101584.28,28.53,17.38,101634.50,19.23,47.06,-931737.18,5.25
23:43,101582.47,28.52,17.64,101636.41,18.84,49.46,-929905.00,5.18
23:44,101574.34,28.54,17.35,101636.83,19.04,48.01,-241851.09,5.20
23:45,101579.54,28.58,17.33,101638.28,19.27,47.39,-438978.90,3.98
23:46,101580.03,28.54,17.35,101641.30,18.74,49.27,-250350.79,4.07
23:47,101582.04,28.52,17.40,101640.81,19.18,47.18,3192.90,5.26
23:48,101593.46,28.54,17.36,101640.89,19.17,47.69,-863200.62,5.16
23:49,101580.57,28.48,17.42,101640.63,18.57,49.85,-456121.40,5.15
23:50,101586.12,28.52,17.53,101641.97,18.92,49.59,-637343.31,3.96
23:51,101583.66,28.51,17.44,101639.61,18.93,48.73,-936455.68,3.97
23:52,101571.25,28.51,17.47,101639.14,19.03,48.07,-936975.12,5.36
23:53,101575.17,28.56,17.29,101638.80,19.03,48.40,-937316.87,4.57
23:54,101572.75,28.58,17.23,101632.13,19.11,48.00,-937462.87,5.03
23:55,101586.00,28.58,17.22,101637.62,18.99,47.97,-937590.68,4.02
23:56,101581.58,28.59,17.29,101634.62,19.16,47.04,-938095.68,4.92
23:57,101580.53,28.56,17.37,101634.05,19.01,47.83,-938192.62,3.84
23:58,101585.33,28.57,17.37,101631.16,19.03,48.42,-936175.68,4.49
23:59,101578.58,28.56,17.35,101631.59,18.82,49.38,-936674.18,4.94
0:0,101568.09,28.63,17.33,101634.15,19.18,48.40,-937401.50,4.98
0:1,101571.83,28.62,17.32,101631.20,19.17,47.99,-938128.37,5.03
0:2,101575.40,28.62,17.29,101628.48,19.17,47.93,-937837.68,3.91
0:3,101566.27,28.69,17.27,101630.03,19.02,48.92,-938623.31,4.95
0:4,101584.85,28.51,17.33,101626.69,17.68,53.53,-939802.81,3.75
0:5,101573.21,28.53,17.46,101627.77,18.55,50.89,-939779.81,3.84
0:6,101584.02,28.57,17.56,101629.69,19.18,48.04,-940125.87,5.12
0:7,101567.07,28.62,17.36,101626.39,19.03,48.85,-942863.00,4.11
0:8,101565.99,28.66,17.47,101623.35,19.09,49.50,-944025.87,5.03
0:9,101569.58,28.70,17.50,101622.60,19.45,47.54,-946033.62,4.13
0:10,101563.75,28.79,17.31,101617.51,19.40,47.79,-945736.68,5.09
0:11,101562.64,28.77,17.43,101618.95,19.15,49.75,-945508.37,5.07
0:12,101560.76,28.73,17.32,101623.25,18.81,50.20,-945029.87,4.13
0:13,101562.63,28.75,17.37,101614.91,19.26,48.86,-945928.18,3.81
0:14,101564.32,28.75,17.40,101614.28,19.06,49.18,-947938.00,5.10
0:15,101553.34,28.71,17.60,101613.68,19.53,47.08,-947814.18,3.85
0:16,101552.49,28.71,17.33,101614.73,18.80,50.33,-942757.68,3.76
0:17,101552.39,28.65,17.61,101613.80,18.74,50.04,-576501.68,5.09
0:18,101547.69,28.64,17.39,101613.74,18.87,50.17,-455716.09,4.64
0:19,101556.21,28.66,17.51,101614.28,18.89,49.97,-740949.12,5.16
0:20,101553.32,28.67,17.53,101606.29,19.02,49.36,-768400.87,3.89
0:21,101554.93,28.67,17.54,101607.97,19.30,48.12,-763593.62,3.77
0:22,101548.75,28.70,17.52,101608.28,19.22,49.02,-772795.18,4.91
0:23,101552.24,28.70,17.50,101608.28,19.19,48.99,-843788.18,4.79
0:24,101548.85,28.68,17.44,101607.85,18.76,50.25,-794099.62,4.98
0:25,101553.66,28.67,17.52,101604.57,18.38,54.00,-778162.81,3.95
0:26,101548.74,28.65,17.44,101608.61,18.50,51.98,-750269.31,4.72
0:27,101549.48,28.61,17.46,101608.27,18.41,52.33,-902036.00,3.78
0:28,101553.67,28.56,17.51,101609.32,18.21,53.14,-953408.81,4.45
0:29,101556.51,28.58,17.61,101606.80,18.78,50.42,-954281.68,4.18
0:30,101542.99,28.60,17.51,101603.00,18.43,52.08,-954821.50,4.36
0:31,101548.95,28.58,17.54,101609.78,18.58,51.42,-956232.31,5.19
0:32,101547.75,28.59,17.55,101604.91,19.20,48.66,-956941.37,4.53
0:33,101547.10,28.62,17.57,101605.57,18.94,50.21,-957332.31,5.07
0:34,101558.89,28.58,17.73,101602.82,18.89,50.15,-957861.50,4.65
0:35,101550.32,28.64,17.44,101602.46,18.88,50.66,-958458.12,5.08
0:36,101545.85,28.65,17.53,101605.03,19.00,49.78,-958602.00,4.15
0:37,101553.15,28.65,17.50,101603.14,18.77,50.85,-959721.18,4.93
0:38,101548.82,28.66,17.53,101605.81,18.86,50.63,-959792.00,4.07
0:39,101551.37,28.65,17.55,101607.24,18.63,51.62,-961042.12,5.23
0:40,101547.94,28.62,17.65,101604.64,18.99,49.41,-961237.18,4.61
0:41,101539.10,28.62,17.57,101601.60,19.06,49.38,-961578.18,5.05
0:42,101549.64,28.64,17.51,101605.05,18.94,50.64,-962216.68,5.01
0:43,101546.78,28.65,17.64,101608.92,18.73,51.48,-963213.37,4.57
0:44,101551.51,28.64,17.61,101603.28,18.73,50.76,-964006.12,4.21
0:45,101538.79,28.65,17.66,101599.56,19.04,49.69,-964057.68,3.85
0:46,101544.82,28.66,17.59,101602.03,18.96,50.54,-964530.87,5.12
0:47,101545.05,28.63,17.64,101604.91,18.79,50.93,-965197.87,4.52
0:48,101537.57,28.63,17.56,101604.36,18.73,51.62,-965633.62,5.00
0:49,101543.33,28.59,17.66,101602.71,18.63,51.67,-966008.50,4.29
0:50,101541.13,28.58,17.57,101597.04,18.54,51.75,-966559.31,5.17
0:51,101543.85,28.57,17.68,101597.36,18.71,51.38,-967372.12,4.69
0:52,101542.91,28.59,17.56,101596.43,18.65,51.81,-967603.68,3.87
0:53,101539.83,28.55,17.73,101596.31,18.36,53.26,-968503.87,5.16
0:54,101546.44,28.51,17.68,101598.25,18.13,53.82,-968932.62,5.03
0:55,101540.38,28.49,17.75,101592.23,18.84,50.05,-969570.12,3.86
0:56,101529.69,28.52,17.73,101593.42,18.92,50.19,-969666.12,3.74
0:57,101537.25,28.53,17.67,101592.50,18.58,51.54,-970674.12,4.01
0:58,101533.63,28.54,17.63,101592.35,18.56,52.13,-971064.62,5.16
0:59,101532.22,28.48,17.75,101587.17,18.29,52.95,-971186.50,4.85
1:0,101528.52,28.42,17.88,101588.32,18.67,51.25,-972023.31,4.92
1:1,101536.50,28.42,17.93,101584.74,18.81,50.55,-972914.68,4.95
1:2,101528.63,28.44,17.81,101589.00,18.67,51.00,-972703.50,4.95
1:3,101534.80,28.41,17.84,101582.22,18.45,52.46,-973552.00,4.92
1:4,101525.75,28.42,17.93,101585.33,18.78,50.58,-974080.00,5.26
1:5,101525.14,28.44,17.94,101584.31,18.85,50.54,-974290.18,5.30
1:6,101533.71,28.41,17.91,101586.78,18.42,52.58,-975055.68,3.88
1:7,101528.07,28.46,17.82,101580.19,18.72,50.72,-975221.87,4.34
1:8,101545.03,28.45,17.81,101587.49,18.52,52.83,-975767.68,4.39
1:9,101525.74,28.44,17.79,101583.21,18.35,52.97,-976091.00,3.84
1:10,101528.35,28.33,17.82,101576.61,18.10,53.37,-976979.12,4.46
1:11,101525.30,28.33,17.79,101581.14,18.51,51.62,-977467.31,4.22
1:12,101522.75,28.33,17.76,101576.36,18.51,51.52,-978056.68,3.73
1:13,101528.50,28.30,17.83,101577.42,18.50,51.28,-978581.81,4.43
1:14,101516.95,28.28,17.90,101577.02,18.54,51.75,-978690.50,4.37
1:15,101512.42,28.25,17.86,101574.55,18.42,51.76,-979524.00,5.20
1:16,101515.79,28.21,17.92,101573.14,18.34,52.17,-980011.12,5.01
1:17,101510.86,28.22,17.84,101573.13,17.79,55.49,-980304.87,4.07
1:18,101514.86,28.12,17.96,101574.07,17.57,55.91,-973228.87,3.76
1:19,101509.00,28.08,17.95,101572.28,17.88,54.29,-973488.62,4.56
1:20,101514.64,28.04,18.05,101575.14,17.53,56.42,-974375.62,5.01
1:21,101510.92,27.96,17.97,101576.39,17.05,58.16,-295178.50,5.12
1:22,101513.85,27.87,18.13,101575.08,17.06,58.24,-47082.80,4.98
1:23,101516.19,27.86,18.13,101572.24,17.35,56.76,-49065.40,3.96
1:24,101512.23,27.88,18.13,101571.09,17.82,54.10,-45334.80,4.28
1:25,101510.82,27.93,18.03,101569.81,18.12,52.74,-51631.00,4.84
1:26,101511.35,27.96,18.08,101567.55,18.10,53.10,-32517.00,3.89
1:27,101511.61,27.96,18.14,101569.94,18.34,51.67,-25443.80,4.61
1:28,101515.38,27.99,18.08,101571.85,18.55,50.87,-35046.80,3.90
1:29,101511.21,28.00,18.06,101569.19,18.56,50.36,-45270.40,4.80
1:30,101518.35,28.00,18.01,101565.70,18.48,50.83,-81109.30,4.44
1:31,101510.82,28.02,18.05,101566.50,18.52,50.95,-93666.30,4.65
1:32,101515.24,28.03,17.98,101568.67,18.18,53.42,-104413.60,4.84
1:33,101516.22,28.01,18.04,101564.33,18.04,53.21,-152078.70,4.40
1:34,101512.49,28.00,17.96,101559.09,17.67,55.67,-250591.00,4.98
1:35,101508.92,27.87,18.03,101561.91,17.28,56.35,-6923.60,3.95
1:36,101511.91,27.82,18.04,101565.11,17.62,54.88,-22582.40,5.03
1:37,101513.13,27.84,18.04,101565.91,17.51,55.77,-991637.62,5.13
1:38,101513.94,27.74,18.12,101568.80,16.95,58.60,4065.80,5.07
1:39,101514.07,27.68,18.17,101570.88,16.94,57.89,-111835.40,4.16
1:40,101520.57,27.65,18.15,101571.97,17.52,55.18,-5175.00,4.96
1:41,101533.05,27.64,18.14,101570.46,17.05,57.72,-23810.20,3.78
1:42,101510.10,27.62,18.20,101565.46,17.18,56.90,-19192.30,4.85
1:43,101525.63,27.63,18.24,101567.03,17.41,55.86,-32939.40,4.94
1:44,101503.85,27.64,18.26,101565.82,17.72,54.16,-29111.90,3.71
1:45,101514.33,27.69,18.14,101563.77,17.96,52.98,-29115.70,4.24
1:46,101507.32,27.71,18.14,101569.71,17.47,56.25,-35276.70,4.64
1:47,101509.60,27.60,18.20,101570.28,16.88,58.38,-28543.30,4.23
1:48,101519.07,27.50,18.26,101571.91,16.88,58.23,-26535.40,4.34
1:49,101520.00,27.49,18.28,101572.86,17.09,57.57,-23229.80,4.19
1:50,101515.55,27.53,18.26,101570.97,17.29,56.12,-55818.60,5.03
1:51,101521.66,27.53,18.29,101568.15,17.27,56.48,-62494.20,5.00
1:52,101517.97,27.49,18.26,101575.21,16.79,58.75,-51085.50,4.38
1:53,101519.08,27.41,18.37,101572.16,17.11,56.66,-48918.00,4.01
1:54,101512.46,27.49,18.33,101575.24,17.15,57.46,-65129.50,5.02
1:55,101519.13,27.48,18.18,101575.24,17.13,57.02,-6025.00,4.18
1:56,101512.30,27.42,18.25,101572.11,17.00,57.72,2192.60,4.13
1:57,101518.71,27.40,18.33,101575.38,17.12,57.08,-15142.50,5.07
1:58,101520.78,27.41,18.33,101574.25,16.92,57.88,-8938.90,5.02
1:59,101526.42,27.39,18.36,101581.35,16.99,57.83,-16226.50,3.73
2:0,101523.67,27.35,18.24,101575.63,16.76,58.38,-51599.60,4.81
2:1,101518.08,27.29,18.33,101576.17,16.76,58.27,-72686.90,4.02
2:2,101515.53,27.29,18.42,101575.38,17.16,55.81,-79296.10,4.64
2:3,101529.78,27.36,18.43,101571.47,17.84,53.10,-962466.50,3.94
2:4,101524.52,27.44,18.32,101569.89,17.36,56.13,-7841.60,5.03
2:5,101530.08,27.39,18.36,101571.50,17.48,54.28,-7312.10,3.69
2:6,101521.46,27.43,18.30,101578.15,17.20,56.94,-5425.30,4.24
2:7,101516.84,27.39,18.36,101572.00,17.31,55.29,-4784.60,4.96
2:8,101515.65,27.38,18.33,101570.44,17.58,54.12,-6568.50,4.66
2:9,101521.96,27.41,18.36,101572.19,17.33,55.97,-4385.70,4.36
2:10,101514.07,27.41,18.46,101573.88,17.87,53.41,-2120.80,4.72
2:11,101516.41,27.45,18.47,101571.53,17.84,53.11,-3591.90,4.73
2:12,101521.07,27.48,18.41,101566.49,17.19,56.50,-2788.90,4.58
2:13,101523.45,27.45,18.38,101567.89,17.65,54.37,-7186.60,4.96
2:14,101520.32,27.48,18.51,101569.27,17.64,55.21,-1900.00,4.65
2:15,101523.66,27.50,18.45,101574.92,17.51,55.21,-3851.80,4.74
2:16,101516.66,27.48,18.49,101575.10,16.92,58.39,-9173.60,4.27
2:17,101519.50,27.41,18.31,101578.24,16.58,59.80,-8102.60,4.67
2:18,101525.70,27.41,18.41,101572.76,17.34,56.25,-12039.00,3.75
2:19,101524.25,27.52,18.43,101572.33,17.63,55.09,-14141.50,5.02
2:20,101519.27,27.61,18.44,101571.28,17.77,55.21,-10867.50,4.98
2:21,101519.72,27.66,18.46,101569.26,17.76,55.32,-3347.30,5.09
2:22,101520.02,27.71,18.34,101571.83,17.85,54.46,-76990.60,4.47
2:23,101517.91,27.77,18.44,101570.63,17.84,54.41,-50422.40,5.03
2:24,101525.35,27.83,18.19,101570.46,17.82,55.27,-34658.30,5.07
2:25,101516.55,27.77,18.34,101573.88,17.58,56.69,-47649.50,3.82
2:26,101510.64,27.81,18.25,101565.08,17.96,53.97,-55363.70,3.78
2:27,101506.51,27.83,18.22,101561.86,17.78,54.78,-57645.80,5.09
2:28,101509.20,27.81,18.31,101569.36,17.55,56.02,-121285.90,5.24
2:29,101522.27,27.81,18.22,101565.91,17.95,53.80,-111830.21,5.19
2:30,101504.02,27.81,18.20,101565.92,17.65,55.79,-479580.59,4.28
2:31,101518.03,27.80,18.20,101569.85,17.44,56.69,-499317.81,4.21
2:32,101515.82,27.81,18.29,101569.06,17.85,54.26,-552280.31,4.71
2:33,101510.81,27.82,18.27,101565.82,18.05,53.52,-468737.18,4.90
2:34,101509.22,27.86,18.16,101567.66,17.77,54.94,-468932.40,5.22
2:35,101517.52,27.80,18.27,101564.38,17.89,54.29,-514326.00,3.85
2:36,101512.71,27.85,18.21,101568.14,17.61,56.28,-474902.40,3.84
2:37,101519.92,27.84,18.09,101573.96,17.07,58.74,-449150.31,5.14
2:38,101508.23,27.78,18.23,101569.93,17.36,57.00,-403073.90,5.01
2:39,101505.71,27.73,18.23,101567.13,17.27,56.93,-936344.87,3.96
2:40,101513.25,27.73,18.22,101567.01,17.71,54.94,-362112.81,4.60
2:41,101510.69,27.77,18.15,101567.81,17.31,57.32,-354852.59,4.69
2:42,101508.08,27.74,18.18,101565.94,17.21,57.81,-30073.90,3.93
2:43,101513.24,27.75,18.28,101567.35,17.32,57.53,-945.20,3.96
2:44,101518.17,27.74,18.30,101563.92,17.18,58.04,-22938.20,4.36
2:45,101512.22,27.76,18.35,101565.60,17.78,54.58,-5506.10,3.94
2:46,101506.64,27.81,18.49,101562.77,17.43,56.58,-14422.90,3.76
2:47,101510.96,27.87,18.16,101562.67,17.64,55.86,-21652.30,5.13
2:48,101515.07,27.90,18.16,101563.57,17.63,55.83,-31089.30,5.07
2:49,101511.24,27.92,18.12,101562.38,17.92,53.88,-71159.90,4.22
2:50,101508.72,27.94,18.25,101567.88,17.70,55.84,-26766.30,4.88
2:51,101516.91,27.98,18.07,101567.58,17.50,57.21,-59649.00,4.98
2:52,101500.40,27.96,18.26,101564.67,17.77,55.53,-74198.10,4.42
2:53,101516.57,28.01,18.21,101567.22,17.76,56.28,-29118.10,5.05
2:54,101514.67,28.06,18.13,101569.32,17.68,56.61,-12594.50,4.85
2:55,101510.36,28.11,18.09,101567.07,17.78,55.89,-30216.00,4.98
2:56,101516.08,28.13,18.14,101568.32,17.90,55.61,-18064.60,5.09
2:57,101512.94,28.14,18.08,101569.22,17.96,54.89,-76145.90,4.11
2:58,101514.50,28.17,18.16,101564.79,18.01,55.23,-21596.40,5.03
2:59,101521.71,28.19,18.03,101569.39,18.10,54.50,-14100.40,5.12
3:0,101512.71,28.18,18.32,101568.49,18.37,53.17,-13134.00,4.18
3:1,101505.46,28.25,18.19,101567.96,18.10,55.21,-67.50,5.14
3:2,101510.27,28.23,18.12,101569.33,17.84,55.84,9495.30,4.65
3:3,101518.88,28.25,18.07,101568.05,17.83,56.55,-11770.70,4.75
3:4,101512.36,28.29,18.14,101572.97,17.89,56.32,-3528.40,3.80
3:5,101516.52,28.28,18.02,101568.35,17.81,56.44,3156.60,4.07
3:6,101513.38,28.29,18.13,101563.56,17.82,56.51,-13163.30,5.21
3:7,101521.78,28.30,18.13,101567.31,18.18,54.27,-13416.60,4.75
3:8,101502.83,28.38,18.01,101564.64,18.32,54.48,-20094.50,5.17
3:9,101505.97,28.38,18.12,101566.48,18.31,53.55,-748.40,5.06
3:10,101519.74,28.46,17.98,101564.64,18.67,52.48,47.50,5.02
3:11,101505.28,28.46,18.11,101566.58,18.29,54.13,814.20,4.58
3:12,101501.61,28.43,17.93,101563.71,17.91,56.35,-1081.40,4.94
3:13,101512.14,28.42,18.11,101559.94,18.38,53.51,-1698.40,4.25
3:14,101511.44,28.42,18.02,101558.38,17.89,56.30,-2993.20,3.97
3:15,101502.00,28.41,17.98,101558.61,17.87,56.85,-2597.30,5.22