16:15,101860.35,19.39,35.09,101882.36,18.11,39.20,-690006.31,0.17
16:15,101862.64,19.42,35.03,101886.86,18.16,39.23,-689973.87,0.10
16:15,101862.57,19.40,34.95,101886.85,18.18,39.23,-689969.00,0.10
15:23,101865.41,19.31,35.20,101885.44,18.17,38.95,-689928.50,0.19
15:23,101866.78,19.32,35.14,101884.60,18.18,38.95,-689926.62,0.10
15:23,101865.67,19.31,35.18,101883.14,18.18,38.87,-689978.37,0.12
15:23,101864.10,19.32,35.05,101882.63,18.20,38.91,-689882.37,0.10
15:23,101861.64,19.31,35.06,101887.10,18.20,38.87,-689913.31,0.12
15:23,101862.32,19.13,35.32,101883.75,17.88,38.61,-689875.18,2.25
15:23,101863.50,19.16,35.03,101883.67,17.96,38.57,-689953.37,0.14
15:23,101864.19,19.16,34.93,101886.30,17.98,38.51,-689948.31,0.12
15:23,101860.72,19.15,34.91,101882.89,18.00,38.48,-692702.81,0.12
15:23,101863.39,19.12,34.95,101884.78,18.02,38.55,-694580.37,0.13
15:23,101865.73,19.09,34.94,101884.40,18.02,38.49,-694608.68,2.49
15:23,101859.92,19.25,37.03,101883.55,18.02,38.46,-694545.50,1.08
15:23,101863.40,19.18,40.22,101882.44,18.00,38.84,-694478.18,1.06
15:23,101866.93,18.98,41.73,101884.58,18.01,39.34,-694458.12,1.11
15:23,101862.71,18.63,43.29,101883.83,18.01,39.67,-694516.50,1.08
15:23,101855.94,18.18,44.97,101882.78,18.00,39.91,-694519.81,1.08
15:23,101853.50,17.75,46.61,101886.50,17.97,40.18,-694512.12,1.10
15:23,101864.63,17.27,48.42,101884.52,17.96,40.17,-694462.18,1.06
15:23,101864.41,16.84,50.13,101883.95,17.94,40.22,-694455.00,1.10
15:23,101867.69,16.47,51.77,101881.56,17.91,40.63,-694428.31,1.09
15:23,101858.65,16.16,53.38,101883.25,17.88,40.83,-694464.31,1.10
15:23,101870.05,15.87,54.99,101883.82,17.85,41.07,-694419.18,1.14
15:23,101861.89,15.63,56.47,101884.68,17.82,41.20,-694423.31,1.07
15:23,101859.57,15.44,57.77,101881.49,17.77,41.27,-694353.62,1.08
15:23,101868.99,15.27,59.03,101881.61,17.74,41.23,-694344.50,1.10
15:23,101864.00,15.13,60.12,101880.38,17.72,41.64,-694298.87,1.07
15:24,101865.22,14.69,64.31,101882.22,17.63,42.42,-694209.12,1.10
15:25,101863.57,14.37,69.60,101880.78,17.30,43.11,-694383.18,1.11
15:26,101858.49,14.11,70.83,101878.13,17.06,44.77,-694335.00,0.50
15:27,101849.32,24.63,22.77,101883.35,18.34,38.32,-695694.31,4.29
15:28,101847.55,25.63,19.87,101875.32,19.43,34.77,-695319.37,4.53
15:29,101846.28,25.78,19.42,101876.48,19.59,34.14,-694727.18,5.04
15:30,101845.04,25.86,19.19,101874.77,19.64,34.08,-694946.37,4.49
15:31,101855.26,26.04,19.29,101879.83,19.50,36.25,-694899.62,4.98
15:32,101849.80,26.22,19.03,101878.95,19.25,36.39,-695070.68,4.25
15:33,101849.13,26.32,18.64,101875.83,19.68,34.74,-695114.81,5.01
15:34,101853.58,26.38,18.44,101874.25,19.78,33.98,-695044.50,3.80
15:35,101845.35,26.42,18.30,101877.55,19.81,33.68,-695246.50,5.09
15:36,101849.66,26.45,18.32,101880.91,19.99,33.28,-694676.81,4.63
15:37,101850.98,26.47,18.24,101876.55,19.49,35.03,-694571.12,4.61
15:38,101853.32,26.37,18.04,101880.14,19.32,34.37,-694543.31,5.01
15:39,101844.00,26.17,18.07,101882.50,18.93,34.88,-694738.18,4.22
15:40,101851.88,26.09,18.22,101881.58,18.94,35.13,-694394.12,3.79
15:41,101838.86,26.02,18.11,101878.50,18.74,35.65,-694859.62,4.87
15:42,101838.67,25.89,18.38,101880.45,18.39,36.62,-695180.68,4.16
15:43,101844.69,25.93,18.44,101879.22,18.71,36.48,-694942.81,4.21
15:44,101838.75,26.13,18.60,101875.19,19.51,35.13,-695058.37,3.78
15:45,101840.04,26.35,18.57,101876.42,19.12,37.58,-695037.87,4.09
15:46,101848.60,26.40,18.49,101885.12,18.93,38.07,-695190.18,4.02
15:47,101847.06,26.55,18.65,101877.67,19.46,37.64,-695171.62,4.94
15:48,101851.13,26.68,18.59,101872.99,19.36,37.93,-695245.37,3.99
15:49,101846.60,26.80,18.62,101877.08,19.55,37.62,-695130.37,4.98
15:50,101847.39,26.86,18.46,101877.00,19.88,36.48,-695170.87,5.05
15:51,101849.27,26.86,18.36,101875.28,19.80,36.06,-695387.87,4.32
15:52,101851.55,26.92,18.33,101872.85,20.09,34.87,-695668.50,5.16
15:53,101846.44,26.94,18.17,101871.72,19.65,36.39,-696351.87,4.75
15:54,101846.52,27.00,18.12,101875.52,19.78,35.90,-696035.37,5.09
15:55,101832.64,26.91,18.03,101866.97,19.38,36.38,-695631.31,4.97
15:56,101838.16,26.86,18.26,101870.17,19.76,35.90,-696097.87,4.05
15:57,101836.25,26.99,18.26,101871.21,19.92,36.03,-696025.18,4.69
15:58,101847.31,27.06,18.17,101869.50,19.94,35.28,-695925.00,5.07
15:59,101839.86,27.01,18.13,101874.64,19.98,35.12,-696316.50,4.37
16:0,101846.72,27.00,18.19,101872.38,19.76,36.03,-696632.68,4.92
16:1,101849.70,27.01,17.55,101874.62,19.49,34.52,-696615.00,3.78
16:2,101850.49,26.65,17.41,101873.02,19.31,33.55,-696997.37,3.91
16:3,101854.26,26.50,17.60,101869.64,19.63,33.00,-697037.68,4.52
16:4,101845.96,26.42,17.60,101871.79,19.65,32.99,-697327.00,4.02
16:5,101837.33,26.40,17.81,101871.32,19.85,32.72,-697574.12,3.70
16:6,101831.90,26.39,17.80,101867.85,19.78,32.44,-697724.50,5.02
16:7,101841.39,26.34,17.58,101870.83,19.52,32.67,-698403.18,4.86
16:8,101851.60,26.24,17.71,101870.88,19.53,32.80,-698539.31,4.40
16:9,101844.05,26.33,18.09,101869.61,19.81,33.61,-698781.50,4.88
16:10,101841.96,26.49,17.95,101867.69,19.53,34.78,-698775.87,4.65
16:11,101839.79,26.40,17.83,101867.83,19.19,35.08,-699235.62,4.08
16:12,101843.53,26.31,17.88,101869.39,18.35,36.34,-699521.18,3.97
16:13,101844.45,26.35,18.44,101869.69,19.51,36.21,-699594.37,4.35
16:14,101839.99,26.62,18.27,101866.67,19.53,35.81,-699396.50,4.76
16:15,101835.02,26.71,18.12,101861.49,19.76,34.90,-699701.12,4.54
16:16,101843.05,26.76,18.14,101864.25,19.87,34.77,-700244.81,5.03
16:17,101839.72,26.84,18.24,101862.96,20.03,34.84,-700455.68,3.85
16:18,101838.64,26.95,18.05,101864.17,19.74,36.17,-700708.62,3.91
16:19,101834.21,26.97,18.05,101865.28,19.70,36.68,-700899.87,4.20
16:20,101833.37,26.99,18.27,101862.71,19.61,37.45,-701163.31,3.79
16:21,101842.24,27.11,18.22,101861.30,19.88,36.36,-701321.81,4.58
16:22,101839.25,27.14,18.18,101866.35,18.86,40.40,-700971.18,4.84
16:23,101844.72,26.98,18.24,101871.23,18.26,40.98,-701871.87,4.87
16:24,101833.82,27.05,18.40,101870.37,18.84,41.00,-702282.50,4.98
16:25,101836.99,27.11,18.28,101865.05,19.52,38.10,-702660.37,4.42
16:26,101836.35,27.28,18.47,101866.24,19.82,39.10,-703154.68,5.15
16:27,101837.77,27.44,18.21,101863.30,19.82,37.90,-703199.68,4.54
16:28,101834.67,27.35,18.09,101860.33,19.60,38.08,-703759.62,4.63
16:29,101831.93,27.29,18.15,101862.41,19.43,38.68,-703732.31,5.12
16:30,101844.00,27.24,18.09,101860.50,19.31,39.24,-703952.18,4.49
16:31,101830.33,27.23,18.19,101865.07,19.52,38.44,-704645.31,4.07
16:32,101830.85,27.35,18.19,101862.25,19.66,38.24,-704443.81,4.11
16:33,101842.47,27.25,18.17,101858.42,19.62,38.02,-704751.37,4.41
16:34,101829.69,27.21,18.08,101858.38,19.30,38.26,-704910.50,4.03
16:35,101838.18,27.22,18.05,101857.69,19.50,37.87,-705204.37,4.20
16:36,101834.11,27.22,17.99,101856.81,19.59,37.46,-705693.50,4.98
16:37,101832.47,27.25,17.96,101857.78,19.84,36.74,-706015.87,3.81
16:38,101823.74,27.06,17.77,101860.92,18.96,37.88,-705578.37,4.43
16:39,101834.70,26.88,17.95,101858.55,18.95,38.38,-706609.68,4.54
16:40,101829.17,26.92,18.03,101860.24,19.64,36.68,-706806.81,4.90
16:41,101834.78,26.88,18.09,101858.94,19.26,37.54,-707256.18,3.82
16:42,101837.10,26.84,18.25,101860.29,18.94,38.87,-707589.87,4.65
16:43,101829.12,26.98,18.32,101856.11,19.71,38.34,-707757.62,3.95
16:44,101824.58,27.14,18.22,101853.72,19.34,38.95,-707883.31,4.49
16:45,101828.74,27.15,18.07,101854.82,19.93,36.41,-708645.31,4.31
16:46,101833.85,27.21,18.21,101855.17,19.73,38.01,-708789.50,4.81
16:47,101827.00,27.16,18.27,101853.42,19.29,38.86,-709308.31,4.10
16:48,101832.71,27.10,18.19,101854.46,19.50,37.40,-709228.31,4.72
16:49,101826.36,27.15,18.19,101853.99,19.96,36.11,-710024.87,5.12
16:50,101833.21,27.28,18.15,101853.22,20.15,36.74,-710245.31,4.92
16:51,101817.57,27.32,18.20,101855.02,19.80,37.91,-710265.37,4.96
16:52,101818.10,27.40,18.18,101857.94,20.14,36.46,-710588.68,4.12
16:53,101832.05,27.37,18.03,101855.63,19.98,36.27,-710925.87,4.29
16:54,101819.41,27.36,17.96,101854.48,20.07,35.69,-711032.87,4.47
16:55,101826.61,27.34,17.94,101852.96,20.01,36.22,-711447.50,4.76
16:56,101822.18,27.40,18.12,101856.21,20.16,36.41,-711836.50,4.65
16:57,101822.57,27.53,18.19,101857.30,20.14,37.22,-711813.68,3.91
16:58,101824.46,27.63,18.15,101851.91,19.94,37.65,-712389.50,4.61
16:59,101828.14,27.47,17.83,101849.78,19.71,36.44,-712551.50,4.28
17:0,101827.94,27.27,17.91,101852.35,19.45,37.84,-713321.18,4.09
17:1,101821.64,27.32,17.98,101852.08,19.76,37.00,-713505.87,4.75
17:2,101816.89,27.44,17.94,101848.17,19.88,36.82,-713418.62,4.09
17:3,101826.99,27.43,18.01,101848.99,19.79,37.16,-713618.50,3.87
17:4,101809.92,27.43,17.70,101849.17,19.71,36.42,-714583.12,4.63
17:5,101813.09,27.37,17.83,101846.36,19.57,38.20,-714527.18,5.14
17:6,101821.22,27.44,17.95,101848.13,19.98,36.70,-714933.62,3.80
17:7,101818.55,27.58,17.95,101848.63,19.93,37.78,-715368.68,4.67
17:8,101818.39,27.60,17.75,101846.83,19.79,37.24,-715612.18,4.34
17:9,101814.94,27.55,17.63,101849.22,20.08,36.14,-715853.18,4.08
17:10,101814.05,27.58,17.74,101845.30,20.13,36.56,-716188.37,4.54
17:11,101814.36,27.62,17.72,101850.54,20.45,35.40,-716376.18,4.57
17:12,101818.34,27.60,17.59,101842.77,19.90,36.41,-716514.12,3.85
17:13,101812.99,27.55,17.68,101846.25,19.86,36.88,-716515.18,4.08
17:14,101810.40,27.58,17.72,101847.64,20.25,35.71,-717312.12,4.86
17:15,101807.60,27.56,17.64,101844.14,19.52,37.89,-717509.37,4.11
17:16,101810.36,27.60,17.97,101842.09,20.17,36.88,-717685.87,4.91
17:17,101815.83,27.81,17.92,101841.46,20.42,36.31,-717693.81,5.16
17:18,101811.88,27.77,17.65,101841.03,19.39,38.72,-717623.37,5.03
17:19,101807.04,27.55,17.60,101845.80,18.77,39.34,-718841.68,5.06
17:20,101808.18,27.29,17.62,101840.63,19.30,37.51,-719278.50,4.92
17:21,101812.38,27.37,17.94,101837.89,19.49,37.80,-719149.81,4.03
17:22,101807.03,27.42,17.88,101837.64,20.06,37.23,-719938.68,4.86
17:23,101799.24,27.55,17.80,101834.19,20.25,35.59,-720002.68,4.89
17:24,101806.03,27.61,17.81,101833.53,20.53,35.39,-720316.68,5.12
17:25,101804.74,27.75,17.81,101838.80,20.22,37.29,-720228.87,3.83
17:26,101802.03,27.75,17.78,101829.83,20.38,35.88,-720645.50,3.76
17:27,101796.46,27.62,17.46,101833.88,20.21,34.72,-720606.31,5.02
17:28,101803.59,27.50,17.72,101838.91,20.20,35.93,-721018.68,4.55
17:29,101811.50,27.56,17.54,101836.55,20.06,35.13,-720804.00,5.12
17:30,101804.46,27.45,17.50,101836.58,20.00,35.31,-721708.68,5.07
17:31,101802.58,27.40,17.55,101835.49,20.16,35.18,-721819.12,4.83
17:32,101811.67,27.46,17.57,101835.88,20.33,34.77,-722199.18,4.83
17:33,101814.17,27.54,17.68,101834.89,20.46,34.92,-722606.81,4.82
17:34,101800.38,27.70,17.73,101835.77,20.73,34.58,-722867.68,4.31
17:35,101814.85,27.76,17.55,101839.21,20.24,35.77,-722681.68,4.98
17:36,101804.30,27.59,17.53,101837.74,20.10,35.57,-723593.87,4.39
17:37,101807.52,27.46,17.36,101835.28,19.90,35.22,-723596.18,3.79
17:38,101808.32,27.55,17.98,101834.19,20.45,36.13,-724113.12,4.01
17:39,101810.44,27.77,17.47,101837.50,20.07,35.78,-723760.87,4.88
17:40,101810.89,27.69,17.56,101834.54,20.60,34.37,-724220.81,3.82
17:41,101801.02,27.73,17.20,101832.22,20.55,33.13,-724627.00,3.89
17:42,101801.44,27.56,17.31,101833.39,20.71,32.67,-725150.37,4.43
17:43,101802.47,27.61,17.46,101835.54,20.87,32.73,-725076.12,3.91
17:44,101803.39,27.72,17.45,101829.33,20.98,32.72,-724819.68,5.07
17:45,101803.82,27.77,17.36,101828.64,20.98,33.00,-724638.87,3.95
17:46,101798.99,27.85,17.56,101830.13,20.90,33.94,-725524.31,4.52
17:47,101797.48,28.00,17.51,101826.61,20.79,34.00,-725229.37,5.06
17:48,101797.08,27.89,17.23,101822.67,20.38,33.76,-725818.62,4.16
17:49,101791.52,27.60,17.53,101827.58,19.28,38.98,-726268.68,5.06
17:50,101795.82,27.48,17.18,101824.92,19.19,35.98,-726558.18,3.98
17:51,101794.73,27.37,17.25,101825.02,20.43,33.07,-727123.87,4.26
17:52,101799.11,27.46,17.33,101827.27,20.47,33.33,-727795.62,4.44
17:53,101790.53,27.40,17.20,101829.17,19.21,35.42,-727702.68,4.89
17:54,101798.22,27.21,17.33,101830.23,19.81,34.57,-728320.68,3.87
17:55,101808.38,27.24,17.33,101830.97,20.19,33.50,-728359.31,4.30
17:56,101814.80,27.18,17.34,101831.11,20.21,33.02,-728325.18,3.44
17:57,101804.96,27.18,17.28,101831.61,19.88,33.91,-728298.68,3.74
17:58,101803.67,27.03,17.28,101830.82,19.88,33.50,-728773.50,4.69
17:59,101803.46,27.04,17.46,101829.30,19.96,34.05,-729038.37,3.98
18:0,101801.06,27.18,17.52,101828.64,20.35,33.63,-729372.31,4.27
18:1,101807.17,27.12,17.16,101829.63,19.74,33.50,-729011.12,3.48
18:2,101811.30,27.03,17.25,101832.21,19.87,32.82,-729527.31,4.55
18:3,101795.96,26.73,17.26,101827.94,19.39,33.98,-729968.12,4.65
18:4,101803.83,26.73,17.31,101829.75,19.48,34.06,-730190.37,4.56
18:5,101796.42,26.80,17.54,101831.25,20.12,33.34,-730953.00,4.69
18:6,101808.65,26.92,17.62,101829.45,20.05,34.27,-730562.00,4.23
18:7,101800.10,27.02,17.43,101832.52,20.39,32.74,-731105.00,3.90
18:8,101804.68,26.87,17.52,101832.62,20.09,32.85,-731361.87,4.37
18:9,101806.09,26.95,17.84,101829.07,20.33,33.66,-731457.31,4.78
18:10,101806.15,27.09,17.87,101832.28,20.03,34.76,-731941.87,3.70
18:11,101808.88,27.14,17.61,101833.24,20.34,33.07,-732020.00,3.91
18:12,101813.46,27.11,17.53,101830.53,20.51,31.94,-732299.50,4.61
18:13,101806.46,27.11,17.61,101829.27,20.53,32.45,-732654.62,4.47
18:14,101803.00,27.18,17.65,101836.28,20.55,33.01,-732810.50,4.96
18:15,101814.66,27.26,17.57,101833.53,20.46,33.40,-733282.37,4.19
18:16,101810.99,27.29,17.59,101834.39,20.59,32.76,-733626.31,4.86
18:17,101797.21,27.33,17.73,101832.39,20.69,32.99,-733795.31,4.69
18:18,101806.57,27.39,17.62,101833.99,20.47,33.33,-734133.81,4.83
18:19,101802.24,27.38,17.45,101831.30,20.35,33.28,-734013.00,3.80
18:20,101813.92,27.15,17.30,101837.15,19.99,33.00,-734253.00,3.96
18:21,101806.07,26.93,17.44,101832.83,19.58,34.30,-734566.87,4.21
18:22,101812.06,26.87,17.43,101837.05,20.01,32.60,-735468.18,4.25
18:23,101801.71,26.86,17.48,101833.49,20.31,31.65,-735323.18,4.43
18:24,101806.32,26.83,17.46,101836.07,20.30,31.65,-735783.62,4.53
18:25,101810.72,26.83,17.79,101834.86,20.13,33.12,-735810.37,4.82
18:26,101810.83,26.94,17.69,101835.50,20.29,32.97,-735941.50,4.74
18:27,101809.53,26.98,17.53,101831.39,20.36,32.37,-736619.00,4.35
18:28,101807.52,26.95,17.50,101831.98,19.97,33.38,-736895.37,3.51
18:29,101811.88,26.85,17.66,101832.41,19.50,35.24,-736347.00,3.83
18:30,101807.36,26.90,17.82,101835.73,19.80,35.02,-736758.00,4.70
18:31,101819.77,27.01,17.80,101835.09,20.31,33.49,-737301.31,4.96
18:32,101809.53,26.98,17.67,101841.75,18.92,36.70,-736856.31,4.11
18:33,101823.20,26.85,17.84,101836.78,19.24,36.96,-737765.62,4.26
18:34,101811.17,26.94,17.87,101839.88,19.84,35.25,-738168.81,3.97
18:35,101812.42,26.99,17.78,101839.89,20.12,33.85,-738625.00,5.02
18:36,101811.14,27.04,17.75,101838.89,19.77,35.92,-738601.81,3.78
18:37,101818.42,27.02,17.83,101837.61,19.41,36.84,-738524.87,4.38
18:38,101809.38,27.00,17.85,101838.82,19.76,35.77,-738970.50,4.74
18:39,101814.30,27.12,17.84,101839.91,19.93,35.79,-739109.18,3.54
18:40,101820.03,27.11,17.85,101840.31,19.74,35.85,-739653.62,4.30
18:41,101818.50,27.15,17.82,101845.14,19.89,36.28,-739339.87,4.68
18:42,101814.39,27.11,17.79,101842.78,20.02,34.74,-740147.50,3.57
18:43,101818.78,27.11,17.84,101842.03,19.99,35.50,-740330.81,3.89
18:44,101819.22,27.12,17.90,101840.53,19.65,36.09,-740339.62,4.78
18:45,101809.28,27.18,17.83,101843.92,20.05,35.25,-741114.68,4.67
18:46,101816.92,27.12,17.77,101837.35,19.37,36.64,-740670.50,3.67
18:47,101821.77,26.94,17.76,101840.63,19.41,36.31,-741103.81,4.14
18:48,101813.69,26.98,17.84,101842.43,19.80,35.43,-741870.37,3.89
18:49,101827.75,27.03,17.79,101846.15,19.84,35.14,-742259.31,4.18
18:50,101815.28,27.02,17.83,101844.17,19.71,35.87,-742038.50,3.68
18:51,101824.51,27.01,17.93,101840.46,19.60,36.32,-742289.68,3.61
18:52,101819.52,27.11,17.92,101843.53,19.53,37.15,-742290.37,4.81
18:53,101823.66,27.00,18.00,101844.17,19.58,36.96,-742893.81,4.73
18:54,101815.82,27.12,17.98,101847.17,19.84,35.96,-743227.31,3.80
18:55,101816.33,27.18,17.99,101846.59,19.88,36.61,-743472.50,4.09
18:56,101825.86,27.26,17.93,101846.67,20.06,35.78,-743750.87,4.68
18:57,101826.24,27.27,17.98,101852.75,20.19,35.41,-743984.50,4.73
18:58,101820.38,27.26,17.85,101848.86,19.88,35.86,-744256.31,3.53
18:59,101822.19,27.11,17.82,101849.09,19.61,36.18,-744563.31,4.63
19:0,101822.96,26.95,17.74,101854.85,18.88,37.37,-744517.31,3.56
19:1,101830.14,26.79,17.85,101853.70,19.18,36.77,-745137.12,4.52
19:2,101828.78,26.78,17.96,101854.32,19.53,35.69,-745185.62,4.68
19:3,101826.91,26.83,17.86,101854.78,19.55,36.11,-745545.31,4.99
19:4,101821.21,26.73,17.98,101853.01,19.14,36.95,-745856.68,4.78
19:5,101834.46,26.69,17.93,101852.42,19.12,36.67,-745841.62,4.77
19:6,101831.66,26.64,17.91,101856.92,19.51,35.82,-746503.81,4.57
19:7,101842.46,26.58,17.98,101855.38,19.41,35.68,-746890.37,4.20
19:8,101834.07,26.52,18.00,101855.30,19.43,35.39,-747268.87,4.72
19:9,101835.51,26.52,18.10,101857.51,19.41,35.61,-747365.18,3.69
19:10,101830.97,26.63,18.09,101854.46,19.48,36.15,-747679.62,4.15
19:11,101836.04,26.73,18.17,101856.50,19.80,35.19,-747991.00,4.78
19:12,101824.17,26.77,18.08,101857.98,19.26,37.16,-748118.31,4.64
19:13,101834.20,26.69,18.05,101860.08,18.86,38.62,-748325.18,4.48
19:14,101827.18,26.66,18.11,101857.53,19.51,36.12,-748886.87,4.24
19:15,101829.11,26.69,18.13,101861.50,19.59,35.71,-748907.87,5.05
19:16,101841.48,26.69,18.13,101858.24,19.55,35.98,-749342.87,3.91
19:17,101834.35,26.77,18.06,101861.29,19.31,37.27,-749584.18,4.47
19:18,101832.71,26.81,18.00,101860.42,19.19,37.34,-750009.87,3.82
19:19,101842.35,26.85,18.05,101859.92,19.27,37.90,-749669.37,3.68
19:20,101834.18,26.73,17.84,101862.03,18.72,37.84,-749957.62,3.56
19:21,101842.89,26.53,17.90,101865.77,18.74,37.46,-750561.87,4.59
19:22,101837.42,26.47,17.99,101869.51,18.76,38.06,-751004.31,3.51
19:23,101834.58,26.52,18.05,101860.22,19.06,37.50,-751644.68,4.06
19:24,101846.97,26.54,18.00,101866.24,19.42,35.69,-751941.81,4.61
19:25,101836.03,26.58,17.97,101865.74,19.41,35.63,-752137.31,4.94
19:26,101840.44,26.58,17.93,101867.23,19.08,37.04,-752271.37,3.88
19:27,101840.32,26.61,18.03,101864.91,19.20,37.25,-752298.12,4.82
19:28,101837.25,26.64,17.99,101869.52,19.53,35.64,-752743.62,4.09
19:29,101837.97,26.70,18.02,101864.51,19.42,36.87,-753179.68,3.95
19:30,101835.17,26.71,18.07,101867.55,19.36,36.60,-753492.31,3.90
19:31,101837.83,26.74,18.06,101863.13,19.41,36.36,-753176.68,4.68
19:32,101835.96,26.72,17.95,101867.72,19.73,35.01,-753784.37,3.76
19:33,101848.53,26.60,17.87,101872.50,18.79,37.54,-753993.50,4.96
19:34,101847.30,26.53,18.16,101869.33,19.30,36.57,-754428.68,4.00
19:35,101840.75,26.61,18.08,101868.67,19.51,36.12,-754871.37,3.74
19:36,101838.27,26.64,18.23,101869.22,19.55,36.64,-755393.12,4.72
19:37,101846.73,26.68,18.03,101871.20,19.20,36.99,-755376.81,5.08
19:38,101845.88,26.67,18.14,101867.70,19.25,37.48,-755484.12,4.06
19:39,101841.11,26.58,17.99,101869.02,19.32,35.78,-755889.00,4.72
19:40,101844.92,26.53,17.98,101871.97,19.41,35.51,-756154.31,4.78
19:41,101851.73,26.51,17.89,101869.76,19.17,35.91,-756711.00,4.81
19:42,101850.71,26.50,18.01,101868.67,19.60,35.02,-756773.31,4.33
19:43,101845.96,26.55,18.06,101872.53,19.75,34.66,-757055.18,4.98
19:44,101842.17,26.59,17.99,101871.64,19.84,34.21,-757137.12,3.74
19:45,101853.99,26.58,17.98,101875.10,19.26,36.42,-757322.18,3.82
19:46,101861.19,26.58,18.10,101871.45,19.47,35.78,-757922.00,4.54
19:47,101848.71,26.65,18.10,101877.16,19.16,38.12,-757878.62,4.43
19:48,101844.94,26.66,18.14,101880.08,19.40,36.55,-758350.68,4.56
19:49,101848.74,26.71,18.14,101872.41,19.67,35.88,-758707.81,4.76
19:50,101851.21,26.72,18.03,101872.38,19.43,36.12,-758844.50,4.98
19:51,101845.77,26.71,18.01,101878.13,19.63,35.88,-759129.62,4.54
19:52,101848.91,26.70,17.96,101881.62,19.49,36.33,-759645.62,3.59
19:53,101863.03,26.61,18.12,101882.67,19.02,37.61,-758822.12,4.36
19:54,101858.10,26.70,18.08,101880.00,19.67,36.26,-759470.12,4.19
19:55,101852.02,26.79,18.04,101882.96,19.72,35.47,-759453.18,4.32
19:56,101846.91,26.82,17.94,101883.84,19.96,34.54,-759048.12,4.05
19:57,101856.32,26.88,17.88,101883.30,19.94,34.69,-758576.31,4.89
19:58,101856.90,26.92,17.97,101882.58,19.96,35.11,-758633.31,4.49
19:59,101856.42,26.99,17.83,101883.53,19.83,35.26,-759683.81,4.81
20:0,101858.21,27.00,17.79,101884.85,19.98,35.06,-760933.37,4.87
20:1,101854.21,27.03,17.81,101886.61,20.06,34.71,-760912.81,4.99
20:2,101847.44,27.07,17.89,101883.27,19.98,35.77,-761569.81,4.03
20:3,101857.38,26.81,17.71,101887.72,18.76,38.03,-761918.12,5.05
20:4,101853.10,26.82,18.04,101886.22,18.98,38.75,-762355.87,5.10
20:5,101859.82,26.79,18.05,101884.69,19.15,38.52,-762912.62,5.08
20:6,101862.15,26.86,17.93,101882.00,19.41,36.51,-763309.68,3.80
20:7,101853.99,26.89,17.89,101878.97,19.39,37.06,-763373.31,4.09
20:8,101855.17,26.89,17.93,101877.28,19.74,35.61,-763806.37,4.67
20:9,101848.73,26.89,17.77,101880.08,19.62,35.35,-764356.18,3.78
20:10,101856.17,26.80,17.83,101877.01,19.36,36.53,-764603.81,4.00
20:11,101852.72,26.76,17.86,101878.98,19.31,36.80,-764662.81,4.96
20:12,101859.51,26.77,17.96,101881.62,19.49,36.34,-764767.18,4.85
20:13,101856.07,26.78,18.03,101879.07,19.41,36.55,-765218.18,4.50
20:14,101854.85,26.72,17.96,101883.53,18.96,38.35,-765324.68,4.62
20:15,101854.94,26.67,17.90,101882.47,19.56,35.27,-766035.68,5.10
20:16,101856.30,26.68,17.95,101885.91,19.86,34.43,-766419.81,4.92
20:17,101861.66,26.69,17.89,101885.16,19.90,34.32,-766630.81,5.01
20:18,101862.42,26.70,17.89,101884.66,19.86,34.28,-767059.31,4.38
20:19,101871.73,26.68,17.99,101890.83,19.69,35.44,-767274.00,4.34
20:20,101870.55,26.68,18.13,101891.97,19.63,35.72,-767226.18,4.33
20:21,101873.71,26.65,18.00,101892.94,18.93,37.53,-767800.37,3.76
20:22,101870.17,26.53,17.99,101891.89,18.68,38.13,-768016.37,5.13
20:23,101866.03,26.55,18.10,101897.50,19.14,37.59,-768655.00,3.76
20:24,101865.17,26.57,18.11,101896.46,19.29,36.47,-768580.00,3.76
20:25,101869.65,26.57,18.06,101895.89,19.25,36.97,-769115.50,5.10
20:26,101869.42,26.54,18.04,101894.79,19.46,35.73,-769098.12,5.03
20:27,101873.22,26.53,18.00,101899.00,19.21,36.79,-769577.81,3.75
20:28,101876.94,26.52,18.10,101899.46,19.25,36.66,-769872.62,4.68
20:29,101873.30,26.57,18.06,101899.28,19.07,37.63,-770145.37,4.96
20:30,101869.54,26.59,18.20,101899.89,19.29,36.77,-770405.18,4.08
20:31,101873.77,26.63,18.15,101898.25,19.42,36.46,-770653.00,4.43
20:32,101877.25,26.64,18.13,101902.46,19.07,37.82,-770472.62,3.56
20:33,101876.75,26.56,17.95,101904.85,19.18,36.52,-770888.31,4.78
20:34,101875.06,26.55,18.10,101902.42,19.41,36.38,-771206.37,4.48
20:35,101880.67,26.57,18.03,101895.14,19.33,36.30,-771705.62,4.67
20:36,101877.72,26.58,18.12,101903.17,19.27,37.31,-772073.37,4.76
20:37,101883.81,26.53,18.11,101905.07,18.87,38.09,-772639.37,3.85
20:38,101883.64,26.57,18.15,101899.97,19.36,36.68,-772599.87,5.01
20:39,101886.43,26.57,18.16,101903.17,19.46,36.47,-772947.00,5.09
20:40,101878.97,26.57,18.11,101912.08,18.80,38.52,-773260.87,4.11
20:41,101880.77,26.58,18.16,101909.03,19.21,37.34,-773745.81,4.36
20:42,101887.02,26.61,18.20,101908.32,19.40,36.67,-773860.31,3.74
20:43,101887.16,26.64,18.14,101905.70,19.40,36.82,-773878.31,4.36
20:44,101890.81,26.64,18.04,101906.87,19.33,36.73,-774523.31,3.78
20:45,101888.53,26.60,18.05,101906.41,19.41,36.32,-774558.12,4.39
20:46,101883.69,26.59,18.03,101909.75,19.39,36.14,-775055.18,3.85
20:47,101879.16,26.58,18.06,101913.71,19.47,36.16,-775223.81,4.85
20:48,101889.13,26.56,18.17,101911.96,19.30,36.76,-775628.68,4.85
20:49,101885.24,26.57,18.18,101920.05,19.26,37.04,-775746.50,4.96
20:50,101894.79,26.59,18.18,101920.71,19.31,37.16,-775984.12,4.66
20:51,101893.72,26.62,18.15,101921.85,19.11,37.84,-776693.37,5.11
20:52,101886.10,26.58,18.17,101919.72,18.77,38.97,-776772.87,4.40
20:53,101889.32,26.57,18.24,101921.58,19.30,37.01,-776841.50,3.85
20:54,101891.53,26.59,18.17,101917.24,19.39,36.50,-777292.50,3.88
20:55,101888.86,26.60,18.09,101921.35,19.32,36.84,-777428.68,4.09
20:56,101891.70,26.58,18.17,101923.46,19.32,36.96,-778036.87,4.81
20:57,101892.96,26.57,18.27,101923.75,19.39,36.77,-778191.81,4.28
20:58,101901.87,26.58,18.23,101927.20,19.12,37.73,-778834.62,5.01
20:59,101896.96,26.59,18.17,101928.95,19.19,37.42,-778849.00,5.03
21:0,101896.42,26.56,18.21,101930.38,19.04,37.97,-779127.62,3.87
21:1,101891.42,26.55,18.32,101934.50,19.24,37.69,-779319.37,4.36
21:2,101898.62,26.56,18.39,101930.85,19.17,38.18,-779413.87,4.83
21:3,101904.47,26.61,18.26,101930.74,19.20,37.81,-780232.31,5.01
21:4,101900.47,26.59,18.23,101931.67,19.36,36.99,-780547.68,4.22
21:5,101901.70,26.58,18.32,101931.64,19.30,37.16,-780972.81,4.52
21:6,101907.33,26.59,18.28,101933.05,19.12,38.02,-780941.62,4.43
21:7,101908.03,26.60,18.31,101934.72,19.05,38.44,-781379.37,4.90
21:8,101898.71,26.61,18.34,101936.49,19.24,37.86,-781310.50,5.08
21:9,101911.13,26.63,18.32,101933.21,18.88,39.19,-781940.18,4.42
21:10,101905.14,26.65,18.29,101938.50,19.20,38.01,-782158.62,3.89
21:11,101905.03,26.63,18.25,101936.71,19.28,37.37,-782552.62,4.81
21:12,101905.92,26.62,18.31,101937.22,19.19,38.01,-782721.00,4.00
21:13,101905.49,26.61,18.38,101939.99,19.23,37.79,-783170.12,4.99
21:14,101906.33,26.61,18.42,101943.52,19.15,38.08,-783922.62,4.55
21:15,101909.82,26.61,18.31,101942.71,19.21,37.85,-784109.37,3.89
21:16,101912.37,26.63,18.25,101942.36,19.01,38.62,-784231.87,4.69
21:17,101910.06,26.60,18.29,101942.29,19.13,38.14,-784415.62,4.02
21:18,101910.92,26.57,18.32,101948.88,19.11,38.05,-784787.18,4.61
21:19,101916.60,26.57,18.34,101950.54,19.08,38.27,-785277.00,3.84
21:20,101909.97,26.56,18.32,101949.56,18.85,39.00,-785298.18,4.07
21:21,101920.34,26.53,18.29,101948.47,18.72,39.65,-785454.31,3.71
21:22,101919.00,26.51,18.46,101948.40,18.75,39.77,-785823.18,4.97
21:23,101919.92,26.50,18.39,101954.68,18.72,40.02,-786495.68,5.00
21:24,101915.85,26.49,18.45,101949.74,18.71,39.93,-786747.12,4.05
21:25,101926.61,26.50,18.43,101951.36,18.95,39.31,-787174.50,4.32
21:26,101920.19,26.51,18.54,101951.07,18.96,39.38,-787307.37,4.40
21:27,101913.99,26.54,18.53,101954.51,19.02,39.06,-787715.18,4.91
21:28,101926.03,26.55,18.42,101954.53,19.00,39.30,-788066.68,3.76
21:29,101927.72,26.54,18.39,101956.94,19.01,38.80,-788551.31,3.80
21:30,101940.01,26.55,18.42,101955.35,19.07,38.62,-788765.37,4.70
21:31,101933.28,26.56,18.45,101957.50,19.12,38.29,-789052.18,3.86
21:32,101941.67,26.56,18.40,101959.03,19.12,38.35,-789491.31,4.90
21:33,101928.61,26.56,18.47,101960.23,19.05,38.90,-789756.31,4.98
21:34,101928.10,26.56,18.44,101965.91,18.98,38.95,-790077.31,4.62
21:35,101931.26,26.57,18.45,101960.93,19.06,38.79,-790694.68,5.06
21:36,101935.85,26.58,18.41,101964.19,19.00,38.76,-791080.68,4.41
21:37,101937.50,26.55,18.50,101966.40,19.03,38.65,-790970.87,4.94
21:38,101941.07,26.56,18.50,101967.25,19.01,39.00,-791510.81,5.05
21:39,101937.85,26.55,18.53,101971.72,18.95,39.22,-791918.00,4.36
21:40,101944.37,26.55,18.45,101971.68,18.71,39.93,-791904.68,5.00
21:41,101943.71,26.52,18.56,101970.21,19.00,38.82,-792640.00,4.74
21:42,101940.07,26.53,18.58,101977.60,18.81,40.02,-792979.12,4.82
21:43,101934.57,26.53,18.51,101970.35,18.93,39.38,-793271.81,4.30
21:44,101935.42,26.53,18.50,101973.67,18.97,38.96,-793445.31,4.98
21:45,101938.03,26.52,18.44,101967.28,19.00,38.62,-793813.50,4.34
21:46,101941.53,26.50,18.52,101972.08,18.79,39.86,-794191.81,4.81
21:47,101943.32,26.51,18.52,101973.72,18.89,39.65,-794479.50,3.98
21:48,101944.05,26.49,18.48,101972.07,18.94,38.94,-795199.31,3.74
21:49,101935.10,26.47,18.49,101969.68,18.95,38.75,-795346.50,3.89
21:50,101938.38,26.42,18.56,101974.38,18.92,38.88,-795617.62,4.85
21:51,101940.26,26.40,18.56,101972.68,18.84,39.51,-795859.81,4.40
21:52,101940.33,26.34,18.52,101972.44,18.51,40.43,-796523.50,3.74
21:53,101942.11,26.31,18.64,101971.88,18.50,40.44,-796780.68,4.52
21:54,101939.83,26.27,18.68,101976.00,18.48,40.71,-796812.68,3.86
21:55,101941.86,26.23,18.83,101973.57,18.50,40.44,-797239.81,3.82
21:56,101936.97,26.24,18.73,101974.00,18.47,40.50,-797351.12,4.49
21:57,101939.85,26.25,18.68,101970.42,18.56,40.38,-797853.31,4.24
21:58,101933.14,26.23,18.73,101973.17,18.40,40.82,-798478.50,3.98
21:59,101939.43,26.21,18.75,101974.91,17.90,43.38,-798753.62,4.78
22:0,101936.57,26.06,18.84,101974.14,17.25,45.45,-798848.81,3.78
22:1,101946.52,26.03,18.86,101972.24,17.74,43.74,-799742.37,4.68
22:2,101940.71,26.02,18.84,101972.03,17.82,43.31,-799734.12,4.98
22:3,101952.71,26.00,18.87,101975.10,17.86,42.99,-800304.87,5.05
22:4,101947.63,25.97,18.90,101972.63,18.17,41.54,-800664.87,4.30
22:5,101943.56,25.96,18.94,101974.64,18.06,42.00,-801571.50,4.05
22:6,101942.72,25.97,18.86,101974.78,18.15,41.73,-801415.62,4.43
22:7,101946.51,25.96,18.87,101969.86,18.04,42.01,-801907.37,4.96
22:8,101957.10,25.92,18.95,101973.25,17.95,42.23,-802091.50,5.02
22:9,101955.07,25.89,18.90,101974.02,17.86,42.63,-802338.50,3.80
22:10,101941.21,25.87,18.98,101977.69,18.07,41.63,-803021.87,3.86
22:11,101952.28,25.89,18.94,101977.90,18.00,42.17,-803480.00,4.96
22:12,101957.59,25.84,19.06,101976.99,17.99,42.09,-803843.37,4.39
22:13,101956.69,25.83,18.97,101976.75,17.75,42.94,-803839.50,4.85
22:14,101956.46,25.78,19.06,101978.27,17.77,42.64,-804370.87,3.89
22:15,101944.60,25.73,19.04,101979.48,17.42,44.14,-804838.68,4.80
22:16,101954.94,25.68,19.26,101977.54,17.51,43.81,-804997.68,4.96
22:17,101946.38,25.70,19.14,101980.86,17.68,43.26,-805623.87,4.40
22:18,101953.31,25.70,19.17,101984.57,17.74,42.76,-805972.87,3.96
22:19,101946.45,25.69,19.10,101982.98,17.72,42.96,-806069.31,4.08
22:20,101956.37,25.67,19.14,101978.47,17.47,44.00,-806640.81,4.30
22:21,101950.94,25.66,19.17,101980.42,17.21,45.27,-807463.18,4.26
22:22,101959.89,25.66,19.23,101981.69,17.49,43.79,-807356.18,4.92
22:23,101947.74,25.64,19.35,101976.77,17.57,43.76,-807954.18,4.58
22:24,101943.60,25.65,19.33,101978.18,17.68,43.35,-808064.81,5.01
22:25,101958.38,25.66,19.29,101983.07,17.50,44.55,-808412.18,5.10
22:26,101957.71,25.66,19.35,101982.49,17.35,44.96,-809330.12,4.83
22:27,101957.27,25.66,19.28,101978.07,17.16,45.53,-809766.37,4.89
22:28,101949.36,25.69,19.34,101980.60,17.72,43.59,-810012.18,5.08
22:29,101957.21,25.70,19.40,101984.86,17.62,44.06,-810238.12,4.50
22:30,101955.08,25.69,19.40,101982.86,17.60,44.47,-810781.81,4.54
22:31,101963.89,25.70,19.39,101984.00,17.41,45.25,-811061.81,4.65
22:32,101946.82,25.71,19.34,101985.92,17.49,44.58,-811352.31,3.78
22:33,101956.19,25.73,19.32,101981.32,17.48,44.99,-811689.81,4.22
22:34,101950.61,25.74,19.34,101983.05,17.57,44.59,-812011.37,4.71
22:35,101951.66,25.72,19.34,101985.32,17.49,44.70,-812752.18,4.49
22:36,101961.03,25.68,19.44,101983.17,17.43,44.94,-813450.18,4.18
22:37,101960.19,25.65,19.35,101984.32,17.36,44.86,-813240.12,4.03
22:38,101954.52,25.62,19.44,101985.80,17.36,44.94,-813641.37,3.72
22:39,101952.71,25.59,19.43,101989.44,17.52,44.23,-813857.62,4.08
22:40,101948.99,25.59,19.46,101983.66,17.38,44.77,-814250.00,3.83
22:41,101954.99,25.59,19.47,101987.47,17.35,44.91,-815391.31,4.12
22:42,101961.08,25.56,19.46,101984.24,17.28,45.15,-815513.12,3.74
22:43,101954.66,25.53,19.50,101987.59,16.79,47.80,-815741.62,4.65
22:44,101954.05,25.49,19.51,101983.78,16.85,47.08,-816281.81,4.65
22:45,101951.42,25.48,19.54,101983.17,17.06,46.15,-817112.31,4.57
22:46,101955.49,25.49,19.56,101983.23,16.95,46.51,-817361.37,4.24
22:47,101947.58,25.47,19.56,101988.08,16.87,47.63,-817729.62,4.39
22:48,101957.25,25.48,19.57,101988.71,16.72,47.56,-818364.00,4.99
22:49,101947.44,25.45,19.52,101989.78,16.86,47.09,-818267.18,5.01
22:50,101959.61,25.44,19.57,101987.32,17.03,46.20,-819224.18,3.79
22:51,101964.59,25.44,19.55,101988.77,17.09,46.06,-819351.81,4.40
22:52,101964.76,25.44,19.51,101990.82,17.17,45.33,-819366.00,4.99
22:53,101958.10,25.42,19.55,101989.63,17.17,45.18,-819941.31,3.74
22:54,101958.07,25.40,19.64,101989.54,17.09,45.53,-820092.12,4.63
22:55,101953.49,25.40,19.66,101989.32,17.17,45.49,-820530.37,4.43
22:56,101965.61,25.41,19.69,101989.41,17.10,45.82,-820917.18,3.88
22:57,101961.74,25.42,19.63,101990.46,17.11,45.76,-821285.81,4.82
22:58,101962.03,25.40,19.62,101992.67,17.05,45.86,-821544.37,3.94
22:59,101968.63,25.39,19.64,101989.42,17.02,45.94,-821880.18,4.66
23:0,101959.02,25.38,19.70,101990.16,17.05,46.04,-821995.12,3.87
23:1,101964.19,25.39,19.70,101994.86,16.91,46.66,-822597.37,5.02
23:2,101964.55,25.36,19.69,101994.16,16.87,46.43,-822821.31,3.87
23:3,101967.99,25.35,19.65,101992.86,16.92,46.03,-823367.81,4.65
23:4,101958.91,25.37,19.63,101993.30,17.11,45.20,-823700.68,4.44
23:5,101965.60,25.37,19.57,101994.21,17.16,44.90,-824149.00,4.34
23:6,101971.17,25.37,19.61,101996.51,17.14,45.08,-824197.37,4.51
23:7,101966.22,25.39,19.59,101993.96,17.17,45.26,-824362.18,5.08
23:8,101972.13,25.38,19.55,101994.94,17.02,45.66,-825033.50,5.04
23:9,101974.80,25.36,19.53,101997.44,17.07,45.11,-825340.31,4.16
23:10,101967.17,25.33,19.64,101999.53,16.87,46.13,-825682.00,4.56
23:11,101974.83,25.32,19.62,101996.88,16.98,45.55,-825557.87,4.75
23:12,101968.64,25.32,19.48,101998.52,16.92,45.73,-826153.50,3.96
23:13,101983.17,25.31,19.58,101997.56,16.48,47.63,-826259.31,3.82
23:14,101965.04,25.29,19.53,102002.10,16.55,47.28,-827188.87,4.80
23:15,101970.74,25.27,19.67,101998.50,16.49,47.45,-827479.68,4.40
23:16,101974.17,25.25,19.66,102002.71,16.52,47.20,-827756.50,5.03
23:17,101971.03,25.24,19.60,101997.14,16.39,47.29,-827905.68,4.22
23:18,101963.85,25.25,19.64,102000.24,16.49,47.49,-828388.50,4.96
23:19,101976.79,25.19,19.72,101999.62,15.80,50.47,-828688.18,4.54
23:20,101979.32,25.16,19.78,102000.07,15.61,51.05,-828906.31,3.77
23:21,101974.14,25.12,19.82,102008.02,15.43,51.94,-829074.62,5.10
23:22,101975.38,25.10,19.82,102006.33,15.43,52.15,-829520.12,5.19
23:23,101979.89,25.12,19.68,102000.96,15.87,49.63,-829496.12,4.03
23:24,101983.10,25.11,19.84,102002.71,16.26,48.48,-830125.62,4.65
23:25,101975.75,25.13,19.86,102002.14,16.25,48.55,-830595.62,5.16
23:26,101967.03,25.11,19.80,102005.75,15.92,50.13,-830174.81,4.03
23:27,101967.92,25.09,19.85,102002.17,15.74,50.92,-831110.81,4.20
23:28,101973.98,25.10,19.74,102000.80,16.16,48.24,-831350.81,4.65
23:29,101970.60,25.07,19.83,102001.89,15.80,49.88,-831347.37,4.02
23:30,101976.85,25.07,19.79,101998.46,15.78,50.15,-831767.31,3.71
23:31,101977.42,25.03,19.76,102002.17,15.56,50.74,-831588.37,5.04
23:32,101978.90,25.05,19.65,102004.03,15.95,48.82,-832012.18,4.85
23:33,101971.05,25.05,19.69,102000.97,15.88,49.46,-831826.62,4.23
23:34,101977.43,25.03,19.69,102002.72,15.97,48.63,-832070.12,4.67
23:35,101972.53,25.00,19.70,102000.77,15.81,49.43,-831615.18,4.90
23:36,101987.72,24.97,19.72,102000.25,15.66,49.89,-832451.00,4.59
23:37,101970.56,24.99,19.70,102002.88,15.93,48.63,-832601.50,4.20
23:38,101972.28,24.98,19.70,102000.05,15.88,48.75,-832953.68,3.85
23:39,101969.10,24.96,19.64,101999.32,15.81,48.93,-832320.62,4.90
23:40,101968.86,24.91,19.71,102003.72,15.17,51.92,-832607.31,5.03
23:41,101967.82,24.86,19.68,102004.22,15.17,51.57,-832754.50,4.73
23:42,101969.50,24.91,19.61,101996.54,15.79,49.10,-832785.12,4.85
23:43,101973.97,24.88,19.69,102004.30,15.13,51.83,-833014.87,4.86
23:44,101969.63,24.78,19.72,102000.01,15.07,51.78,-833290.68,4.61
23:45,101965.92,24.82,19.65,101997.15,15.62,49.26,-833482.62,4.97
23:46,101968.25,24.87,19.66,102001.51,16.00,47.80,-833704.62,5.05
23:47,101965.80,24.87,19.67,101998.50,15.91,48.32,-833796.50,4.00
23:48,101969.98,24.87,19.58,101999.13,15.95,47.86,-833790.00,3.80
23:49,101969.74,24.88,19.60,101994.55,15.82,48.43,-834100.31,5.12
23:50,101976.86,24.89,19.61,102000.19,15.79,48.63,-833856.50,5.01
23:51,101967.00,24.93,19.56,101996.78,15.92,47.93,-833986.37,4.16
23:52,101977.84,24.97,19.73,101999.07,16.15,47.12,-834082.37,5.11
23:53,101976.00,25.01,19.52,101996.37,16.03,47.74,-833943.50,3.95
23:54,101973.28,25.02,19.45,101997.32,15.91,48.07,-833917.00,4.67
23:55,101970.82,24.97,19.58,101997.25,15.61,49.48,-833768.68,4.37
23:56,101969.92,25.02,19.49,102000.50,15.70,49.28,-834024.81,4.12
23:57,101979.11,24.97,19.64,102001.82,15.26,51.12,-834189.50,3.89
23:58,101968.28,24.94,19.71,102005.10,15.10,51.57,-834077.12,5.11
23:59,101972.60,24.94,19.92,102004.19,15.00,52.29,-834420.68,5.07
0:0,101967.53,24.97,19.79,102004.72,15.27,50.96,-834534.18,4.24
0:1,101972.44,24.97,19.84,102001.68,14.95,52.32,-834470.68,4.23
0:2,101969.38,24.96,20.17,102000.60,14.80,53.29,-834243.81,4.56
0:3,101967.94,25.02,20.04,102001.24,14.81,52.78,-834225.81,3.77
0:4,101969.08,25.13,20.19,101998.68,14.91,52.72,-833968.62,4.64
0:5,101973.27,25.27,20.58,101999.81,15.13,52.22,-834503.12,4.55
0:6,101972.85,25.50,20.53,102001.54,15.39,51.05,-834719.37,4.83
0:7,101975.23,25.57,20.90,101998.32,15.58,50.55,-834725.62,4.67
0:8,101976.46,25.58,21.12,101996.99,15.62,50.56,-835061.37,4.85
0:9,101971.14,25.49,21.44,101996.83,15.57,50.70,-834921.18,5.26
0:10,101974.77,25.29,22.07,102000.72,15.57,50.92,-835317.81,4.56
0:11,101978.24,25.20,22.26,102004.06,15.48,51.07,-835065.68,4.54
0:12,101980.90,25.06,22.69,102007.77,15.53,51.27,-835438.12,4.95
0:13,101968.08,24.92,23.15,102007.22,15.53,51.72,-835078.62,5.16
0:14,101968.70,24.78,23.47,102003.39,15.38,51.98,-835506.12,5.02
0:15,101975.14,24.67,23.81,102008.39,15.35,52.14,-835273.00,4.83
0:16,101987.82,18.64,34.48,102009.76,14.86,53.86,-835763.87,0.49
0:17,101988.28,8.89,55.67,102004.41,13.01,59.41,-835294.87,0.52
0:18,102000.22,5.94,66.75,102008.25,11.82,63.19,-834961.68,0.52
0:19,102002.35,5.43,71.99,102005.05,11.54,64.58,-835599.37,0.53
0:20,102001.93,7.25,77.59,102005.61,11.39,65.82,-837598.37,0.52
0:21,101989.03,8.66,79.52,102004.85,11.65,67.04,-840282.37,0.52
0:22,101994.75,9.36,80.30,102003.88,11.73,68.04,-843252.50,0.53
0:23,101994.88,9.68,80.86,101998.59,11.80,68.63,-845998.81,0.52
0:24,101996.92,10.05,81.91,102004.06,11.83,69.24,-848464.37,0.54
0:25,101990.27,10.41,83.01,101999.94,11.82,70.09,-850637.18,0.54
0:26,101991.52,10.77,83.85,101998.32,11.94,70.58,-852781.18,0.57
0:27,101982.99,10.96,84.10,102002.37,11.99,70.79,-854269.62,0.55
0:28,101988.85,11.14,84.22,102000.91,12.06,71.14,-855703.81,0.52
0:29,101988.94,11.26,84.07,101998.24,12.14,71.14,-856979.37,0.53
0:30,101979.11,11.32,83.96,101997.72,12.19,71.17,-857917.12,0.54
0:31,101988.25,11.35,83.83,101997.10,12.20,71.05,-858598.00,0.56
0:32,101986.25,11.39,83.60,101994.94,12.21,71.08,-859338.68,0.55
0:33,101976.39,19.67,33.68,101993.93,12.81,65.52,-860356.12,4.61
0:34,101968.22,21.52,25.60,101992.86,13.90,57.19,-860819.68,4.92
0:35,101962.67,22.68,23.97,101990.61,14.40,54.41,-860628.00,4.83
0:36,101968.63,23.14,23.09,101995.80,14.64,53.09,-860954.68,4.96
0:37,101967.42,23.42,22.52,101993.10,14.94,51.81,-861254.50,4.82
0:38,101969.77,23.62,22.15,101991.41,14.99,51.30,-861747.37,4.84
0:39,101966.13,23.73,21.82,101990.87,14.85,52.11,-861887.31,4.09
0:40,101967.31,23.81,21.64,101991.46,15.01,51.46,-862681.12,4.06
0:41,101965.92,23.85,21.46,101991.78,15.00,51.63,-863158.37,4.61
0:42,101965.52,23.88,21.33,101991.07,15.09,51.07,-863459.18,4.47
0:43,101968.70,23.87,21.17,101987.64,14.92,51.66,-863356.62,5.03
0:44,101965.53,23.86,21.02,101988.66,14.87,51.88,-863581.00,5.07
0:45,101959.36,23.86,20.98,101988.42,15.09,50.43,-864008.31,5.01
0:46,101963.32,23.88,20.95,101982.14,15.13,50.54,-863853.18,4.71
0:47,101965.60,23.88,20.87,101981.66,14.87,52.13,-864169.68,4.74
0:48,101957.09,23.86,20.81,101983.03,14.59,53.10,-864802.68,4.31
0:49,101956.41,23.80,20.75,101977.38,14.33,54.29,-864778.68,4.66
0:50,101955.94,23.74,20.84,101979.32,14.27,54.95,-865041.12,4.55
0:51,101955.83,23.73,20.82,101976.91,14.44,53.48,-865293.50,4.83
0:52,101951.49,23.74,20.76,101977.46,14.38,53.87,-865446.37,5.04
0:53,101953.83,23.74,20.78,101978.64,14.31,54.35,-865550.87,4.87
0:54,101951.00,23.72,20.65,101978.61,14.42,53.59,-865630.81,4.94
0:55,101954.96,23.69,20.64,101978.89,14.44,53.22,-865701.62,4.89
0:56,101957.22,23.74,20.58,101978.67,14.75,51.94,-865883.12,4.54
0:57,101953.45,23.80,20.59,101975.92,14.87,51.29,-865681.68,4.53
0:58,101958.86,23.80,20.57,101974.51,14.88,51.17,-865540.50,5.04
0:59,101954.24,23.81,20.57,101977.68,14.83,51.91,-865520.12,4.80
1:0,101965.11,23.83,20.43,101979.85,14.62,52.54,-865782.00,4.78
1:1,101952.38,23.81,20.39,101979.98,14.40,53.57,-865997.87,4.94
1:2,101956.14,23.79,20.55,101977.50,14.39,53.68,-866184.00,4.58
1:3,101955.25,23.91,20.46,101978.61,14.81,51.80,-866487.31,5.11
1:4,101952.33,23.98,20.40,101981.53,14.52,53.09,-865714.50,4.35
1:5,101957.03,23.94,20.46,101982.27,14.44,53.33,-866005.50,4.32
1:6,101948.75,23.97,20.29,101976.67,14.48,53.11,-866565.31,4.11
1:7,101951.96,24.02,20.41,101979.82,14.79,52.16,-866532.37,4.43
1:8,101951.65,24.12,20.32,101979.33,15.12,50.90,-866265.18,4.57
1:9,101943.44,24.22,20.31,101975.59,15.09,50.67,-866564.18,5.03
1:10,101952.54,24.29,20.26,101980.98,15.06,50.84,-866610.18,4.18
1:11,101947.98,24.39,20.27,101977.50,14.77,52.45,-866910.31,4.69
1:12,101944.78,24.40,20.42,101979.36,14.32,53.84,-866743.12,4.74
1:13,101950.32,24.42,20.49,101974.97,14.14,54.72,-866144.87,3.81
1:14,101952.85,24.47,20.79,101977.72,14.33,54.04,-866892.87,4.81
1:15,101955.34,24.49,21.09,101974.88,14.14,54.97,-866722.62,3.84
1:16,101942.27,24.64,21.11,101978.47,14.34,54.47,-866471.12,5.16
1:17,101956.74,24.68,21.54,101977.55,14.45,53.75,-866484.68,4.58
1:18,101952.94,24.56,21.93,101980.47,14.42,54.15,-866472.31,5.32
1:19,101957.61,24.46,22.26,101982.52,14.62,53.40,-866359.68,5.19
1:20,101950.19,24.35,22.64,101984.66,14.64,53.54,-866749.62,5.05
1:21,101959.74,24.22,23.11,101981.97,14.48,53.99,-866883.68,5.25
1:22,101958.61,24.10,23.57,101980.60,14.54,54.31,-866918.81,4.24
1:23,101965.84,24.06,23.87,101985.66,14.54,54.56,-866887.18,4.12
1:24,101961.25,23.94,24.53,101984.39,14.46,55.52,-866893.87,4.90
1:25,101962.94,23.90,24.80,101987.75,14.65,54.55,-867094.31,4.81
1:26,101966.19,22.55,27.08,101984.14,14.80,54.27,-867279.18,0.52
1:27,101976.17,9.92,52.60,101985.69,13.02,59.26,-867579.87,0.53
1:28,101983.02,5.58,67.31,101981.60,11.56,63.89,-866837.50,0.55
1:29,101979.94,4.66,72.33,101986.19,11.12,66.05,-867481.37,0.55
1:30,101982.96,7.14,81.33,101988.91,11.00,67.82,-869475.31,0.55
1:31,101983.36,9.66,83.13,101983.55,11.29,70.00,-871925.12,0.55
1:32,101983.28,10.28,83.59,101984.34,11.55,70.70,-873807.37,0.55
1:33,101975.21,10.51,83.84,101985.08,11.60,71.23,-875109.31,0.53
1:34,101977.19,10.62,84.10,101984.17,11.72,71.33,-876281.68,0.55
1:35,101974.11,10.64,84.41,101985.52,11.61,71.89,-877310.81,0.52
1:36,101976.03,10.72,84.68,101983.30,11.66,72.15,-878259.81,0.55
1:37,101981.27,10.84,84.92,101991.99,11.67,72.50,-878894.37,0.53
1:38,101980.53,10.92,84.85,101989.64,11.61,72.58,-879640.18,0.52
1:39,101980.85,10.93,84.83,101989.78,11.58,72.97,-880233.00,0.54
1:40,101977.82,10.98,84.62,101985.70,11.59,72.97,-880670.62,0.55
1:41,101986.66,11.01,84.30,101988.80,11.53,73.21,-881009.87,0.53
1:42,101972.44,11.02,84.13,101991.36,11.54,73.37,-881842.50,0.55
1:43,101986.83,11.76,80.75,101991.73,11.61,73.39,-882207.87,0.55
1:44,101980.02,11.40,82.14,101989.08,11.67,72.73,-882459.12,0.21
1:45,101978.41,11.53,74.95,101986.58,11.79,70.37,-882105.62,0.21
1:46,101971.25,14.36,63.45,101989.36,11.64,70.68,-882680.50,0.54
1:47,101979.24,11.53,78.54,101988.67,11.63,71.50,-883016.87,0.21
1:48,101981.67,11.82,74.04,101984.92,11.82,70.04,-883330.62,0.21
1:49,101964.89,13.85,66.83,101985.27,11.81,70.56,-883515.12,3.54
1:50,101980.14,12.08,72.05,101982.86,11.87,68.96,-883964.50,0.55
1:51,101980.13,11.88,73.91,101983.52,11.74,69.96,-883941.37,0.22
1:52,101983.53,12.05,70.04,101985.96,11.85,69.44,-884263.00,0.21
1:53,101966.74,20.05,29.57,101983.82,12.62,62.82,-884974.50,3.58
1:54,101960.89,21.72,25.51,101989.25,13.45,58.02,-884930.87,4.01
1:55,101969.61,22.60,24.18,101991.32,13.93,55.48,-884794.31,3.92
1:56,101974.55,22.95,23.47,101998.78,14.30,54.00,-884458.37,4.14
1:57,101971.71,23.15,22.97,101993.30,14.15,55.55,-884998.50,4.81
1:58,101971.41,23.21,22.60,101989.65,13.52,57.27,-884295.18,4.87
1:59,101972.16,23.20,22.35,101994.44,13.17,59.50,-884549.62,4.42
2:0,101974.71,23.07,22.09,101992.18,12.90,60.52,-884752.31,3.78
2:1,101961.63,22.94,21.87,101992.86,13.30,58.42,-884853.12,4.53
2:2,101969.27,22.83,21.87,101992.83,13.15,59.35,-885629.81,4.04
2:3,101969.69,22.93,21.85,101995.25,13.98,55.08,-886034.81,3.69
2:4,101970.06,22.94,21.53,101993.46,13.72,55.90,-885301.87,4.58
2:5,101972.50,22.92,21.52,101996.88,14.21,53.45,-885882.18,4.53
2:6,101974.25,22.98,21.48,101995.63,14.43,52.65,-885766.37,4.57
2:7,101963.68,23.08,21.28,101997.69,14.48,52.30,-885415.18,4.57
2:8,101966.44,23.08,21.28,102002.35,14.40,52.45,-885885.81,4.88
2:9,101974.07,23.10,21.27,101997.02,14.48,52.17,-885800.81,4.89
2:10,101967.69,23.18,21.33,101999.71,14.39,52.99,-885861.81,4.62
2:11,101973.82,23.22,21.16,102001.57,14.39,52.79,-885655.18,4.07
2:12,101968.72,23.21,21.15,102002.64,14.46,52.12,-886113.31,4.90
2:13,101975.40,23.24,21.10,102002.84,14.34,52.91,-885858.62,3.96
2:14,101972.89,23.27,20.95,101999.35,14.44,52.61,-885911.31,4.83
2:15,101982.34,23.30,20.98,102004.40,14.50,52.03,-886228.12,3.85
2:16,101980.50,23.34,20.97,102003.21,14.45,52.33,-886398.18,3.68
2:17,101976.27,23.37,20.74,102004.21,14.44,52.19,-886431.37,4.43
2:18,101979.73,23.39,20.89,102004.02,14.45,52.19,-886406.87,4.67
2:19,101975.13,23.48,20.71,102003.55,14.45,52.11,-886280.00,3.78
2:20,101977.52,23.44,20.84,102000.40,13.94,54.08,-886202.68,4.39
2:21,101986.69,23.56,20.75,102002.75,14.36,52.45,-886710.37,3.79
2:22,101977.25,23.60,20.83,102000.86,13.97,54.14,-886460.87,4.57
2:23,101976.85,23.62,21.02,102003.78,13.96,54.34,-886354.00,4.69
2:24,101978.45,23.75,21.07,102002.13,14.17,53.61,-887117.18,4.40
2:25,101981.38,23.88,21.20,101999.75,14.64,51.38,-886884.81,3.74
2:26,101985.66,24.03,21.25,102002.39,14.55,52.01,-886911.31,4.83
2:27,101979.21,24.09,21.63,102004.39,14.61,51.55,-887035.68,5.06
2:28,101977.69,24.21,21.80,102006.10,14.80,51.43,-887348.68,4.85
2:29,101978.81,24.13,22.43,102005.43,14.68,51.83,-887505.62,5.01
2:30,101986.47,24.10,22.64,102006.10,14.50,53.16,-887440.87,3.74
2:31,101998.15,23.95,23.11,102003.55,14.49,52.57,-887169.68,5.04
2:32,101981.03,23.79,23.58,102007.58,14.67,52.45,-887591.50,4.66
2:33,101981.58,23.74,23.78,102006.10,14.80,51.92,-888058.81,4.63
2:34,101993.88,23.61,24.23,102004.88,14.71,52.69,-887692.68,3.71
2:35,101987.80,23.53,24.55,102009.82,14.68,52.85,-887356.87,4.47
2:36,101977.78,23.44,24.79,102005.50,14.27,54.44,-886934.37,3.76
2:37,101986.17,23.33,25.21,102001.99,14.17,54.71,-886998.87,4.98
2:38,101997.42,14.32,44.30,102000.63,13.24,58.21,-887238.37,0.52
2:39,102005.01,6.22,63.46,102004.04,11.49,62.54,-887074.50,0.56
2:40,101997.75,4.77,70.78,102006.07,10.75,65.41,-887345.00,0.55
2:41,102007.05,5.27,77.46,102009.78,10.45,67.24,-888482.12,0.55
2:42,102003.39,8.70,82.85,102009.00,10.72,69.89,-890258.81,0.54
2:43,101998.69,9.73,83.54,102006.24,10.98,71.52,-891968.50,0.55
2:44,101997.36,10.07,84.09,102007.66,11.12,72.42,-893016.18,0.55
2:45,101996.46,10.20,84.54,102011.07,11.11,73.29,-893854.87,0.55
2:46,101997.27,10.28,84.90,102009.32,11.11,73.63,-894709.62,0.54
2:47,102001.49,10.34,85.12,102012.04,11.10,73.88,-895598.62,0.54
2:48,102002.60,10.42,85.34,102011.28,11.10,73.99,-896194.18,0.55
2:49,101999.90,10.46,85.41,102013.40,11.05,74.03,-896559.68,0.55
2:50,102008.13,10.50,85.46,102009.60,11.03,74.40,-897472.31,0.55
2:51,102004.71,10.52,85.57,102011.46,11.01,74.90,-897878.87,0.55
2:52,102002.10,10.54,85.48,102011.69,10.96,75.27,-898463.31,0.60
2:53,101993.50,10.48,85.33,102010.50,10.80,75.89,-898330.50,0.55
2:54,102011.14,10.58,85.29,102010.85,10.99,75.63,-899142.37,0.56
2:55,101985.81,19.66,31.29,102005.96,11.92,67.57,-899958.12,3.88
2:56,101986.75,14.66,48.84,102011.26,12.62,62.79,-899710.31,0.55
2:57,101999.95,11.31,75.29,102007.70,11.76,69.04,-899496.18,0.22
2:58,102001.80,11.73,71.12,102007.96,11.47,70.99,-899763.12,0.21
2:59,101996.02,14.15,59.74,102008.36,11.53,70.74,-900326.62,0.55
3:0,102008.96,11.49,77.75,102008.66,11.45,72.07,-900569.50,0.22
3:1,102003.75,11.70,72.46,102009.28,11.46,71.45,-900432.12,0.22
3:2,102018.61,12.23,74.42,102006.93,11.32,72.28,-900575.68,0.55
3:3,102005.30,11.31,79.76,102010.69,11.12,73.47,-900665.37,0.13
3:4,102001.65,11.46,73.95,102006.53,11.27,72.14,-900908.81,0.23
3:5,101987.80,16.20,49.99,102000.28,11.33,71.85,-901001.68,4.15
3:6,101992.92,11.34,75.30,102003.61,11.45,70.97,-901716.68,0.55
3:7,101999.76,11.64,73.95,102001.27,11.31,71.86,-901196.68,0.21
3:8,102002.58,11.83,71.14,102004.10,11.22,72.16,-901394.18,0.23
3:9,101984.47,14.71,53.60,101999.94,11.91,67.28,-902383.12,0.55
3:10,101999.38,11.47,76.14,102003.67,11.52,70.57,-901908.87,0.21
3:11,101999.79,11.87,70.98,102003.72,11.31,71.48,-901777.50,0.21
3:12,101997.39,11.81,75.49,102003.80,11.15,73.22,-901813.50,0.55
3:13,101998.25,11.25,80.09,102002.24,11.11,74.02,-902074.81,0.21
3:14,101998.44,11.46,75.61,101998.46,11.23,72.90,-902010.18,0.25
3:15,101975.61,16.97,42.79,101996.25,11.33,71.35,-902441.68,0.55
3:16,101997.02,11.14,78.08,101997.74,11.20,73.04,-902738.12,0.24
3:17,101995.64,11.48,73.93,102001.36,11.17,72.17,-902282.87,0.21
3:18,101987.32,12.55,76.12,101999.85,11.15,72.91,-902460.37,4.03
3:19,101979.08,13.32,59.74,101992.44,11.67,68.51,-903164.31,0.58
3:20,101991.05,11.39,76.47,101994.14,11.26,72.21,-902420.37,0.21
3:21,101992.75,11.43,72.76,101992.05,11.21,72.68,-902441.00,0.22
3:22,101987.09,15.75,49.54,101991.47,11.40,70.38,-903043.68,0.55
3:23,101992.87,11.16,78.19,101990.89,11.24,73.07,-903041.68,0.23
3:24,101989.00,11.49,73.19,101990.35,11.22,72.59,-902825.00,0.21
3:25,101986.61,14.74,57.05,101989.82,11.18,72.50,-902679.18,3.86
3:26,101986.37,19.59,29.35,101990.50,12.00,64.71,-903468.87,4.72
3:27,101978.83,10.88,73.19,101985.50,11.31,69.65,-902820.62,0.56
3:28,101983.89,11.34,73.60,101981.88,11.22,71.42,-903121.18,0.21
3:29,101980.45,11.40,71.19,101983.00,11.15,71.74,-902732.37,0.21
3:30,101978.69,10.87,79.83,101985.85,10.87,74.53,-903203.00,0.57
3:31,101983.64,11.09,77.37,101987.16,10.92,73.99,-902952.81,0.19
3:32,101981.91,11.28,74.73,101990.17,10.95,73.99,-903342.00,0.21
3:33,101967.24,19.44,30.26,101980.50,11.87,66.33,-903863.87,4.63
3:34,101970.86,11.22,71.27,101981.02,11.73,67.76,-903700.81,0.55
3:35,101981.02,11.44,75.08,101987.10,11.33,71.38,-903221.00,0.21
3:36,101985.03,11.57,71.33,101987.44,11.33,71.70,-903135.81,0.21
3:37,101987.31,11.19,76.98,101988.58,10.97,73.51,-903206.62,0.56
3:38,101985.77,11.23,78.91,101988.96,10.99,73.78,-903382.18,0.21
3:39,101982.55,11.16,73.46,101988.46,11.01,72.88,-903195.81,0.24
3:40,101965.54,19.08,31.80,101981.83,11.47,67.96,-903778.18,4.41
3:41,101965.77,14.22,49.37,101983.50,12.06,64.82,-903927.12,0.55
3:42,101984.60,10.98,75.74,101990.21,11.17,71.63,-903637.68,0.21
3:43,101982.28,11.35,72.66,101990.00,11.06,73.08,-903666.18,0.21
3:44,101974.41,17.84,38.88,101987.50,11.22,70.87,-903763.62,4.32
3:45,101973.40,19.16,31.60,101982.72,12.54,61.88,-904401.81,0.55
3:46,101988.38,10.84,75.64,101986.16,11.42,69.92,-903803.87,0.20
3:47,101985.54,11.37,72.94,101986.23,11.31,71.61,-903380.37,0.22
3:48,101980.96,11.80,75.04,101987.12,11.05,73.55,-903318.81,0.52
3:49,101981.58,10.77,80.63,101989.78,10.48,75.58,-903309.62,0.22
3:50,101984.64,10.99,76.62,101991.11,10.63,74.98,-903662.31,0.22
3:51,101964.74,13.60,67.03,101987.72,10.73,75.44,-903720.37,3.49
3:52,101964.46,20.18,27.99,101984.55,11.87,65.42,-904376.87,4.70
3:53,101987.29,11.85,58.72,101984.85,12.07,64.54,-904339.37,0.55
3:54,101980.75,10.91,75.10,101988.53,11.17,71.37,-903951.00,0.21
3:55,101982.07,11.33,72.50,101992.21,10.99,73.25,-904070.18,0.22
3:56,101969.14,19.32,32.23,101984.10,11.55,68.26,-904384.87,4.06
3:57,101974.05,16.87,38.61,101983.51,12.61,61.57,-904595.12,0.55
3:58,101978.78,10.86,75.07,101987.09,11.31,70.01,-903728.81,0.21
3:59,101987.77,11.28,71.55,101992.09,11.07,71.37,-903662.68,0.21
4:0,101986.36,12.38,69.32,101987.12,10.86,73.03,-903957.62,0.55
4:1,101986.56,10.84,79.58,101989.28,10.53,75.07,-904064.31,0.21
4:2,101983.82,10.91,74.71,101986.42,10.48,74.62,-904232.62,0.21
4:3,101986.66,15.90,51.09,101987.19,10.60,74.71,-904323.50,4.38
4:4,101971.67,20.32,27.73,101984.13,11.45,67.02,-904767.37,4.54
4:5,101968.39,21.91,25.50,101984.07,12.28,62.95,-904572.31,4.20
4:6,101979.92,9.82,61.83,101982.80,11.22,67.66,-904050.00,0.57
4:7,101980.05,10.22,72.85,101987.24,10.66,72.00,-904399.50,0.21
4:8,101980.64,10.88,72.11,101986.11,10.77,72.56,-904669.31,0.23
4:9,101971.57,19.40,30.12,101983.10,11.19,68.59,-904954.37,4.59
4:10,101967.69,21.62,25.83,101980.05,11.79,65.42,-904863.81,4.16
4:11,101977.81,15.33,38.17,101987.81,12.29,62.02,-905210.62,0.55
4:12,101984.33,9.77,72.46,101988.86,11.12,69.07,-904782.50,0.21
4:13,101985.57,10.56,73.24,101991.67,11.02,71.70,-904539.18,0.22
4:14,101979.94,17.22,40.22,101990.46,11.03,70.51,-904444.87,3.99
4:15,101974.91,14.36,47.61,101983.80,11.99,64.56,-905211.18,0.55
4:16,101982.49,10.87,74.68,101987.80,11.02,71.43,-904896.37,0.21
4:17,101985.46,11.09,72.39,101990.93,10.90,72.79,-904475.62,0.21
4:18,101969.89,18.03,38.24,101985.92,10.91,71.44,-904750.18,3.65
4:19,101962.32,21.06,26.51,101980.69,11.54,66.39,-905203.00,3.65
4:20,101973.61,19.29,29.72,101981.28,12.18,63.53,-905145.81,0.57
4:21,101983.99,9.74,72.90,101989.25,10.73,70.82,-904923.62,0.19
4:22,101988.28,10.53,72.55,101990.69,10.73,72.20,-904932.37,0.21
4:23,101980.59,14.49,54.55,101988.71,10.65,73.61,-904823.50,4.32
4:24,101967.82,20.76,27.25,101987.35,12.24,62.72,-905833.31,4.09
4:25,101975.38,10.37,72.66,101987.03,11.21,69.27,-905417.50,0.59
4:26,101987.74,11.03,72.77,101994.34,10.94,72.15,-905178.50,0.21
4:27,101985.38,11.40,70.78,101987.89,10.73,73.39,-905112.87,0.21
4:28,101965.10,20.27,27.88,101986.49,11.17,68.09,-905815.00,4.37
4:29,101964.91,21.90,25.41,101985.82,11.73,65.16,-905901.18,4.65
4:30,101979.00,22.55,24.21,101983.62,12.18,62.83,-905682.50,3.99
4:31,101978.21,8.97,59.40,101983.10,11.23,66.22,-905635.37,0.55
4:32,101987.72,9.55,71.73,101988.95,10.70,71.22,-905794.68,0.21
4:33,101984.50,10.36,72.79,101988.42,10.68,72.26,-905902.81,0.21
4:34,101967.05,19.22,29.08,101981.64,11.21,67.22,-906441.12,4.12
4:35,101968.21,21.50,25.84,101984.24,12.01,63.47,-906471.87,4.78
4:36,101973.35,22.44,24.28,101986.84,12.05,63.07,-906435.68,4.21
4:37,101978.96,9.94,53.10,101984.92,11.50,63.74,-906400.37,0.56
4:38,101979.80,9.34,69.37,101985.74,10.78,70.25,-906230.37,0.21
4:39,101980.61,10.27,73.01,101986.88,10.76,72.06,-906240.18,0.19
4:40,101972.96,18.75,30.83,101987.79,10.94,68.62,-906464.00,4.67
4:41,101963.67,21.23,26.02,101985.73,12.16,61.76,-906986.31,4.22
4:42,101980.41,10.15,62.62,101980.17,11.18,67.12,-906387.62,0.56
4:43,101980.35,10.51,72.19,101985.64,10.71,71.35,-906733.81,0.22
4:44,101979.00,10.77,71.36,101987.14,10.57,72.76,-906922.12,0.21
4:45,101968.89,19.60,29.39,101985.14,11.31,66.91,-907366.50,4.54
4:46,101963.37,21.62,25.58,101984.64,12.50,60.99,-907787.62,4.77
4:47,101978.39,9.98,72.09,101989.95,11.08,68.50,-907308.00,0.55
4:48,101981.52,10.80,71.47,101991.49,10.81,71.77,-907091.12,0.21
4:49,101988.00,11.06,70.78,101992.39,10.75,72.20,-907320.31,0.22
4:50,101965.44,20.10,27.41,101989.94,11.20,66.91,-907911.87,4.08
4:51,101968.00,21.93,25.20,101987.77,12.13,62.46,-908171.50,4.83
4:52,101968.92,22.60,24.06,101989.91,12.19,62.38,-908028.37,4.00
4:53,101990.17,8.49,63.99,101989.53,10.65,68.41,-907532.12,0.55
4:54,101991.74,9.62,71.53,101996.13,10.45,72.01,-908143.12,0.22
4:55,101989.42,10.26,73.27,101995.49,10.43,73.39,-908257.50,0.21
4:56,101978.96,19.47,28.17,101991.25,11.02,67.67,-909132.00,4.60
4:57,101972.47,21.59,25.63,101987.57,11.47,65.86,-908729.62,3.71
4:58,101970.60,22.51,24.04,101987.01,11.82,63.78,-908740.87,4.51
4:59,101965.39,22.88,23.40,101988.14,12.78,59.67,-909238.68,3.89
5:0,101975.36,12.40,41.20,101989.51,12.22,60.80,-909463.87,0.57
5:1,101990.78,8.19,66.13,101992.71,10.73,69.74,-909166.12,0.21
5:2,101988.55,9.55,74.94,101992.64,10.62,72.55,-909275.00,0.21
5:3,101981.66,16.81,38.00,101987.91,10.51,70.41,-909349.12,3.60
5:4,101958.94,21.59,26.19,101991.92,11.34,66.66,-909992.62,4.52
5:5,101966.41,22.76,23.86,101991.11,11.64,65.10,-909878.18,4.72
5:6,101967.57,22.87,23.05,101984.23,11.64,64.61,-910126.37,4.84
5:7,101974.52,22.61,22.43,101985.89,11.82,63.37,-910215.68,3.81
5:8,101974.48,22.13,22.10,101985.19,11.79,62.87,-910447.87,4.74
5:9,101979.21,8.82,49.34,101990.52,11.16,64.06,-910639.87,0.55
5:10,101990.27,7.54,68.87,101991.03,10.48,69.61,-910677.87,0.21
5:11,101986.13,9.14,76.45,101991.55,10.56,71.93,-910816.31,0.24
5:12,101970.02,18.05,34.05,101989.87,10.82,68.08,-911434.81,4.57
5:13,101964.02,21.50,25.61,101986.86,11.55,64.40,-911367.50,4.54
5:14,101955.14,22.47,23.45,101981.92,11.92,62.33,-911748.50,4.26
5:15,101968.42,22.38,22.55,101984.88,11.80,62.70,-912039.81,4.56
5:16,101966.26,21.90,22.37,101980.44,11.81,62.34,-911993.81,4.76
5:17,101960.85,21.62,22.36,101983.13,12.12,60.71,-912409.37,3.65
5:18,101964.64,21.48,22.34,101983.16,11.97,60.72,-912695.37,3.61
5:19,101960.72,13.99,36.03,101979.19,12.28,59.49,-913215.31,0.55
5:20,101978.64,7.04,61.88,101977.03,10.66,66.66,-912845.62,0.24
5:21,101979.32,8.88,74.35,101976.71,10.55,70.35,-912963.62,0.21
5:22,101985.80,15.05,42.18,101980.46,10.26,69.99,-913250.81,3.67
5:23,101958.91,20.77,26.52,101982.21,11.04,66.92,-914003.62,4.48
5:24,101952.32,22.07,23.79,101976.40,11.81,62.71,-914170.37,3.61
5:25,101948.36,22.26,22.57,101976.85,12.07,61.54,-914339.62,1.22
5:26,101976.30,6.28,62.31,101982.10,10.27,67.17,-914306.87,0.22
5:27,101971.77,8.24,73.23,101983.02,10.30,71.49,-914672.37,0.21
5:28,101967.85,9.20,71.23,101984.36,10.21,73.47,-914820.81,3.34
5:29,101968.30,20.04,29.24,101975.82,11.13,66.25,-915593.37,4.41
5:30,101948.11,22.01,24.58,101976.33,12.09,61.86,-916019.87,4.00
5:31,101962.64,22.56,23.01,101970.92,11.69,63.01,-915805.37,4.32
5:32,101955.00,22.17,22.29,101973.94,12.04,61.30,-916337.12,4.48
5:33,101951.58,21.70,22.34,101970.55,11.81,62.13,-916615.31,4.03
5:34,101954.03,21.42,22.38,101969.67,11.71,62.20,-916370.00,3.76
5:35,101945.41,21.24,22.33,101972.35,11.71,61.83,-916643.12,4.47
5:36,101950.88,21.16,22.36,101974.56,11.81,60.99,-916859.68,4.46
5:37,101949.37,21.25,22.36,101972.02,11.59,62.40,-917136.18,4.10
5:38,101949.97,21.17,22.23,101973.96,11.52,62.22,-917388.37,3.73
5:39,101956.34,21.13,22.31,101967.88,11.55,61.83,-917477.00,4.47
5:40,101962.22,21.24,22.30,101971.06,12.05,60.44,-918240.87,4.71
5:41,101965.80,13.29,37.64,101970.97,11.70,61.56,-918261.37,0.56
5:42,101975.47,7.01,61.60,101981.85,10.24,69.57,-918283.00,0.23
5:43,101966.90,8.70,75.41,101976.82,10.24,71.70,-918201.31,0.21
5:44,101959.41,15.58,39.83,101979.61,10.20,69.54,-918727.68,4.02
5:45,101953.69,20.58,25.88,101975.50,11.15,64.98,-919509.87,4.63
5:46,101944.61,21.85,23.61,101972.89,11.72,62.68,-919524.37,4.83
5:47,101957.19,21.78,22.66,101970.82,11.61,62.94,-919677.18,4.00
5:48,101954.19,21.44,22.36,101971.22,11.76,61.59,-919588.18,3.98
5:49,101955.69,21.11,22.43,101974.97,11.42,62.83,-920289.37,4.26
5:50,101950.35,20.97,22.41,101975.13,11.71,61.17,-920602.62,3.60
5:51,101955.63,21.02,22.52,101977.71,11.74,61.52,-920810.12,4.09
5:52,101954.02,21.02,22.39,101979.11,11.51,62.24,-920798.87,4.40
5:53,101965.85,21.03,22.37,101972.46,11.62,61.88,-920929.81,3.82
5:54,101956.75,21.02,22.40,101974.80,11.47,63.05,-921248.81,4.45
5:55,101955.29,21.02,22.29,101976.50,11.38,62.67,-921478.68,4.46
5:56,101954.57,21.05,22.51,101975.14,11.36,63.36,-921528.18,4.00
5:57,101963.57,21.17,22.55,101975.28,11.61,62.15,-921930.37,3.93
5:58,101956.39,21.29,22.66,101977.07,11.75,61.41,-921917.62,4.72
5:59,101963.21,21.45,22.84,101978.66,12.01,60.26,-922214.18,4.88
6:0,101969.55,14.58,35.72,101982.17,11.41,63.44,-922758.31,0.55
6:1,101982.11,7.15,60.81,101990.49,10.06,68.47,-922775.81,0.21
6:2,101978.35,8.79,74.88,101988.80,10.08,72.75,-922808.12,0.21
6:3,101974.92,15.15,41.09,101989.99,10.11,70.91,-923147.62,4.31
6:4,101965.03,19.92,26.25,101983.27,11.45,63.24,-924278.50,3.88
6:5,101969.35,21.62,23.93,101981.38,11.99,61.39,-924422.81,4.76
6:6,101955.62,21.78,22.82,101983.24,12.23,60.54,-924019.00,3.82
6:7,101956.83,21.49,22.57,101985.25,12.12,60.22,-924330.62,3.99
6:8,101963.80,21.21,22.65,101985.49,11.73,61.81,-924259.31,4.58
6:9,101962.69,21.16,22.54,101982.36,11.73,61.98,-924807.81,4.93
6:10,101964.52,21.07,22.62,101983.35,11.41,63.06,-925034.87,4.80
6:11,101964.42,21.01,22.57,101985.75,11.49,62.70,-925202.00,3.95
6:12,101964.47,21.01,22.58,101984.08,11.44,62.77,-925271.18,4.43
6:13,101968.44,21.05,22.67,101985.82,11.34,63.80,-925355.87,4.20
6:14,101964.94,21.15,22.62,101987.25,11.49,62.73,-925892.87,3.76
6:15,101962.94,21.29,22.71,101983.17,12.25,58.96,-926183.18,4.73
6:16,101973.44,12.33,40.47,101985.67,11.96,60.05,-926122.37,0.55
6:17,101984.96,7.32,60.41,101991.50,10.49,68.03,-926271.31,0.22
6:18,101986.91,8.98,73.83,101992.57,10.27,72.29,-926474.18,0.22
6:19,101980.02,16.37,37.73,101993.89,10.26,70.11,-926935.37,4.49
6:20,101964.35,20.80,25.70,101989.32,11.63,62.86,-927674.12,4.05
6:21,101966.46,22.07,23.31,101992.50,12.35,59.77,-927704.00,3.95
6:22,101968.39,22.01,22.57,101988.49,12.67,57.95,-927575.37,4.91
6:23,101987.36,8.50,51.98,101996.28,11.02,64.33,-927660.37,0.55
6:24,101997.02,8.08,66.31,101995.52,10.21,71.79,-927732.87,0.21
6:25,101992.07,9.45,73.89,101998.50,10.03,74.18,-928065.31,0.24
6:26,101975.34,18.68,32.17,101990.47,10.65,68.69,-929084.68,4.69
6:27,101975.28,21.52,25.38,101990.99,12.00,61.88,-929434.37,4.77
6:28,101967.46,22.24,23.29,101991.08,12.65,58.69,-929229.31,4.05
6:29,101990.35,9.76,48.88,101992.62,11.49,62.81,-929334.12,0.57
6:30,101994.71,8.24,63.47,101999.55,10.37,71.97,-929388.12,0.22
6:31,101993.87,9.50,73.99,101997.49,10.17,74.27,-929826.12,0.21
6:32,101972.32,18.24,33.98,101995.85,10.60,69.37,-930444.37,4.32
6:33,101974.98,21.40,25.87,101991.10,11.82,63.27,-930836.68,4.52
6:34,101978.43,22.29,23.61,101997.41,12.20,61.41,-931531.50,4.61
6:35,101974.33,21.99,23.02,101995.92,12.22,61.25,-931541.00,3.87
6:36,101984.36,8.48,53.37,101998.23,10.81,65.60,-931774.81,0.57
6:37,101991.90,8.26,66.07,102003.10,10.20,71.47,-932166.68,0.21
6:38,101997.58,9.38,75.46,102000.53,10.21,73.38,-932309.50,0.21
6:39,101980.46,18.81,32.98,101997.02,10.70,68.81,-933031.31,4.62
6:40,101976.63,21.58,25.73,101995.94,11.94,63.20,-933555.12,4.53
6:41,101975.35,22.11,23.70,101996.92,11.55,64.60,-933169.81,4.55
6:42,101974.72,21.57,23.36,101995.57,11.62,63.47,-933440.31,4.78
6:43,101973.72,21.37,23.22,101993.38,11.85,62.22,-933609.62,4.41
6:44,101974.14,21.36,23.18,101992.51,12.04,61.12,-934276.68,4.42
6:45,101988.57,14.03,37.41,101995.92,11.86,62.42,-934687.18,0.43
6:46,101995.29,7.46,61.94,101999.74,10.28,69.29,-934702.00,0.21
6:47,101997.00,9.07,76.28,101997.38,10.15,74.07,-935065.00,0.24
6:48,101991.82,15.24,44.33,101998.47,10.15,72.05,-935266.18,4.01
6:49,101987.41,21.12,26.93,101998.11,11.53,65.47,-936061.00,4.18
6:50,101980.14,21.99,24.19,101994.22,11.97,62.86,-936153.31,3.84
6:51,101978.72,21.68,23.54,101995.71,12.42,60.62,-936871.12,3.99
6:52,101995.03,7.71,59.69,101999.47,10.68,66.66,-936527.31,0.55
6:53,101992.17,8.62,70.84,101999.83,10.36,72.26,-936843.87,0.24
6:54,101994.36,9.63,76.04,101997.06,10.19,74.78,-937127.00,0.24
6:55,101983.93,19.51,31.96,102002.14,11.00,68.15,-937976.00,4.17
6:56,101979.46,21.81,26.03,102001.00,12.16,62.91,-938234.37,5.10
6:57,101979.17,21.91,24.19,102000.05,12.40,60.80,-938241.37,3.87
6:58,102000.64,10.97,48.32,101996.60,11.76,62.92,-938786.62,0.55
6:59,101995.55,8.49,64.90,102004.75,10.62,70.14,-938503.81,0.22
7:0,101999.92,9.62,74.00,102005.59,10.42,73.21,-938783.68,0.24
7:1,101988.75,17.40,37.95,102006.02,10.26,72.17,-939400.18,4.43
7:2,101977.21,21.09,27.79,101999.35,11.56,65.54,-940047.50,4.98
7:3,101985.83,22.02,25.04,101999.91,12.21,62.57,-939642.62,4.74
7:4,101975.55,21.47,24.60,101998.05,11.88,63.45,-940462.37,4.98
7:5,101973.32,21.14,24.63,101999.69,12.12,61.46,-940751.50,4.90
7:6,101996.39,9.98,51.46,102002.27,11.17,65.33,-940834.62,0.55
7:7,102000.39,8.47,65.55,102004.03,10.53,70.04,-941364.37,0.22
7:8,102003.19,9.68,75.12,102006.66,10.52,73.18,-941543.18,0.21
7:9,101993.71,17.41,37.48,102005.94,10.69,69.87,-942164.62,4.26
7:10,101982.19,21.08,28.27,102001.92,11.96,64.19,-942742.81,4.16
7:11,101979.89,22.09,25.34,102003.25,11.93,64.43,-942469.12,4.25
7:12,101977.10,21.57,24.81,101999.24,11.85,63.97,-942865.31,4.07
7:13,101979.89,14.37,39.43,102001.45,11.66,64.97,-943129.31,0.56
7:14,101997.66,8.24,64.89,102007.71,10.46,70.49,-943178.81,0.12
7:15,102001.50,9.57,74.37,102009.05,10.46,73.46,-943749.18,0.23
7:16,101988.98,15.02,48.76,102005.63,10.46,72.78,-943976.62,4.68
7:17,101975.78,20.42,29.65,101998.28,11.76,65.71,-944813.31,4.90
7:18,101973.28,22.02,26.26,101997.54,12.29,63.25,-944726.62,4.98
7:19,101989.03,9.24,58.82,102000.82,10.92,68.73,-944283.68,0.55
7:20,101997.75,9.37,71.52,102006.44,10.54,72.18,-945061.18,0.24
7:21,102000.07,10.16,74.28,102002.89,10.60,73.41,-945480.87,0.21
7:22,101986.08,18.53,35.92,102003.27,10.97,70.80,-946278.37,4.47
7:23,101985.18,21.13,28.48,102001.50,11.67,66.53,-946165.37,4.13
7:24,101987.32,22.39,25.62,102004.86,12.10,64.79,-946543.87,4.78
7:25,101993.09,20.19,28.25,102005.47,11.98,65.04,-946803.18,0.55
7:26,102013.68,8.16,65.84,102013.53,10.65,70.27,-946645.18,0.22
7:27,102011.11,9.68,73.83,102014.74,10.69,72.85,-947394.62,0.77
7:28,102007.83,11.16,61.47,102017.76,10.64,72.57,-947897.31,4.67
7:29,102001.32,20.10,30.98,102015.20,11.65,66.90,-948940.00,5.14
7:30,102000.64,18.13,34.16,102011.74,12.62,62.40,-949314.68,1.23
7:31,102009.85,9.00,67.56,102016.27,10.97,69.88,-949286.37,0.76
7:32,102015.50,10.04,74.34,102016.13,10.80,73.16,-950052.50,0.21
7:33,102012.69,13.05,62.66,102020.33,10.75,73.35,-950589.12,4.09
7:34,102005.03,20.10,30.98,102016.69,11.61,68.08,-951410.18,3.76
7:35,102007.99,19.79,30.83,102020.56,12.70,62.13,-952016.81,0.56
7:36,102010.57,8.92,68.17,102025.07,11.11,69.20,-951702.50,0.21
7:37,102018.70,10.05,69.60,102024.35,11.08,71.43,-952581.87,0.23
7:38,102011.34,11.67,66.27,102027.38,10.87,72.55,-953019.68,4.34
7:39,102020.95,19.97,31.44,102022.08,12.03,65.71,-954177.50,4.86
7:40,102022.38,12.12,51.41,102025.50,12.24,63.41,-954214.50,0.56
7:41,102023.81,9.54,68.58,102031.96,11.23,70.65,-954323.50,0.21
7:42,102024.27,10.49,73.22,102035.99,11.19,71.92,-954813.12,0.21
7:43,102005.47,16.98,44.46,102031.52,11.26,70.46,-955780.31,4.49
7:44,102012.42,20.74,29.37,102029.82,12.38,63.78,-956640.18,4.67
7:45,102028.91,9.07,71.35,102031.28,11.37,68.55,-956356.50,0.55
7:46,102027.20,10.13,74.34,102031.51,11.17,72.20,-957081.87,0.24
7:47,102027.16,10.87,73.32,102031.14,11.16,72.95,-958019.31,0.21
7:48,102017.25,19.69,32.64,102031.32,12.03,65.58,-959436.00,4.61
7:49,102029.71,10.30,64.78,102028.31,11.78,66.19,-959333.12,0.56
7:50,102024.17,10.40,71.35,102029.72,11.41,69.87,-959711.31,0.21
7:51,102025.28,11.01,72.07,102037.71,11.34,71.31,-960384.37,0.22
7:52,102012.27,18.86,35.20,102031.39,11.81,67.14,-961450.37,4.05
7:53,102020.74,10.73,66.69,102030.29,11.70,67.44,-961653.00,0.59
7:54,102027.89,10.83,72.27,102036.10,11.39,70.64,-961980.50,0.21
7:55,102027.97,11.32,71.11,102034.17,11.36,71.51,-962656.62,0.21
7:56,102017.87,19.30,33.52,102027.86,11.74,67.37,-963490.00,3.83
7:57,102024.23,10.51,73.15,102028.00,11.51,69.68,-963824.12,0.55
7:58,102026.13,11.08,73.53,102029.01,11.42,71.14,-964219.87,0.21
7:59,102028.33,11.47,71.27,102037.33,11.37,71.99,-964647.00,0.21
8:0,102016.25,19.97,29.00,102029.40,12.05,66.09,-965615.31,3.97
8:1,102019.17,10.97,75.33,102030.41,11.47,71.20,-965557.31,0.55
8:2,102024.59,11.57,73.50,102034.67,11.41,72.54,-966039.12,0.23
8:3,102028.24,11.86,70.59,102034.18,11.34,73.28,-966549.12,0.21
8:4,102005.50,20.45,28.14,102029.89,12.38,65.26,-967183.68,4.16
8:5,102019.72,11.27,72.85,102025.24,11.91,69.04,-967141.31,0.55
8:6,102032.17,11.74,73.20,102031.41,11.54,72.37,-967351.50,0.21
8:7,102026.07,12.10,70.23,102032.30,11.46,72.69,-967790.87,0.22
8:8,102024.30,11.26,80.27,102036.36,11.34,75.05,-968170.37,0.56
8:9,102026.72,11.58,76.67,102029.96,11.50,73.82,-968588.00,0.22
8:10,102026.89,11.80,72.51,102027.25,11.53,72.79,-968873.00,0.21
8:11,102018.04,18.03,39.55,102030.25,12.48,66.24,-969764.68,0.55
8:12,102026.81,11.54,76.14,102025.85,11.93,70.61,-969406.50,0.21
8:13,102026.05,11.98,71.44,102028.82,11.87,71.20,-969453.62,0.21
8:14,102015.38,12.47,74.22,102027.73,11.71,73.03,-969739.18,0.60
8:15,102024.80,11.41,80.63,102028.19,11.52,74.51,-970053.37,0.23
8:16,102023.61,11.73,75.98,102029.25,11.56,74.29,-970238.87,0.21
8:17,102005.30,14.48,64.41,102026.47,11.63,73.75,-970283.87,4.03
8:18,102009.55,19.04,34.15,102022.60,12.99,62.43,-971184.00,0.46
8:19,102023.91,11.56,75.87,102025.92,12.04,69.93,-970698.00,0.23
8:20,102024.35,12.07,71.11,102028.39,11.88,71.31,-970738.87,0.21
8:21,102016.03,12.56,73.96,102026.80,11.78,72.47,-970977.00,0.55
8:22,102025.19,11.51,80.59,102029.32,11.67,74.24,-971311.00,0.23
8:23,102025.17,11.89,75.19,102029.39,11.74,73.83,-971534.68,0.21
8:24,102019.94,14.26,66.59,102029.11,11.75,74.15,-971377.81,1.02
8:25,102024.51,11.63,79.61,102026.25,11.93,73.29,-971842.12,0.14
8:26,102025.32,12.11,75.87,102029.92,12.00,72.48,-971881.18,0.21
8:27,102016.77,12.53,76.38,102028.89,12.00,72.45,-972083.81,3.85
8:28,102021.61,11.57,80.87,102032.50,11.88,74.43,-971939.68,0.42
8:29,102021.86,11.97,77.61,102026.71,11.85,74.40,-972222.12,0.22
8:30,102023.89,12.17,73.30,102031.43,11.85,73.48,-972359.50,0.22
8:31,102010.60,11.65,79.87,102025.19,11.92,73.80,-972458.62,0.56
8:32,102023.14,11.99,74.90,102029.66,12.03,72.80,-972490.81,0.24
8:33,102024.38,12.19,72.04,102024.40,11.86,72.31,-972415.68,0.12
8:34,102025.75,11.75,79.32,102026.21,12.03,73.69,-973012.37,0.59
8:35,102025.61,11.94,74.79,102029.45,12.04,72.92,-972770.50,0.21
8:36,102025.60,12.13,72.73,102025.14,11.89,73.27,-973078.18,0.21
8:37,102017.87,11.61,81.22,102026.28,11.88,74.40,-972973.50,0.57
8:38,102021.13,11.93,77.80,102028.82,11.96,73.53,-973026.12,0.32
8:39,102023.28,12.19,73.61,102026.39,12.00,73.58,-973164.31,0.21
8:40,102023.96,11.64,81.14,102022.68,11.88,74.53,-973185.87,0.59
8:41,102020.01,11.93,77.04,102026.61,11.93,73.89,-973342.12,0.24
8:42,102019.95,12.30,73.60,102025.60,12.01,73.44,-973394.18,0.21
8:43,102026.77,11.63,82.23,102029.83,12.15,74.42,-973337.87,0.46
8:44,102021.69,11.92,76.16,102028.32,12.15,72.50,-973203.81,0.17
8:45,102023.02,12.29,73.14,102026.28,12.12,72.33,-973497.31,0.24
8:46,102034.28,11.63,82.17,102027.33,12.14,74.12,-973541.50,0.43
8:47,102027.03,11.98,79.58,102031.39,12.24,72.87,-973704.31,0.26
8:48,102019.23,12.42,75.35,102029.48,12.30,72.91,-973767.81,0.24
8:49,102022.94,11.76,80.84,102032.88,12.41,72.85,-973564.87,0.51
8:50,102030.71,12.06,77.64,102033.64,12.27,71.58,-973642.62,0.21
8:51,102023.60,12.46,73.17,102033.42,12.30,72.29,-973749.18,0.24
8:52,102030.45,11.78,80.41,102029.89,12.34,72.44,-973715.31,0.55
8:53,102031.21,12.10,79.26,102030.17,12.48,72.05,-973816.50,0.12
8:54,102021.85,12.49,73.24,102033.96,12.45,71.63,-973763.68,0.13
8:55,102001.38,18.50,35.29,102026.69,13.13,65.23,-974117.68,4.20
8:56,102009.00,21.12,28.48,102026.36,14.12,59.52,-974177.31,4.96
8:57,101996.14,22.43,25.38,102030.46,14.64,57.52,-974270.81,4.40
8:58,102005.03,23.07,24.09,102032.35,14.80,55.98,-974082.87,4.41
8:59,102007.76,23.41,23.54,102028.89,15.17,54.31,-973711.81,4.53
9:0,102001.66,23.64,23.06,102034.03,15.33,54.61,-973460.12,5.03
9:1,102018.57,23.82,22.82,102035.28,15.11,56.10,-973231.68,4.45
9:2,102014.18,24.01,22.49,102034.83,15.55,54.27,-973433.81,4.87
9:3,102006.85,24.11,22.10,102033.17,15.35,54.17,-973456.50,4.51
9:4,102012.51,24.24,21.94,102032.30,15.56,53.43,-974026.81,4.14
9:5,102012.10,24.34,21.77,102037.16,15.54,53.76,-973466.50,4.74
9:6,102015.02,24.45,21.74,102029.91,15.83,53.38,-973475.00,4.51
9:7,102003.35,24.58,21.60,102026.79,15.92,51.65,-973427.50,4.40
9:8,102000.32,24.58,21.33,102029.26,15.58,52.82,-973478.87,4.19
9:9,102007.18,24.62,21.41,102027.80,15.82,53.90,-973664.68,4.63
9:10,101997.46,24.71,21.29,102029.60,15.51,53.51,-973736.12,5.29
9:11,101995.11,24.74,21.32,102027.02,15.71,53.87,-973340.00,4.69
9:12,102012.25,24.83,21.12,102026.44,15.88,53.42,-973962.50,4.58
9:13,101990.81,24.89,21.05,102023.56,15.97,52.10,-973856.68,4.54
9:14,101997.50,24.96,21.09,102026.08,16.60,50.53,-974312.87,4.42
9:15,101994.24,25.02,20.76,102020.91,16.06,52.48,-974487.87,3.88
9:16,101998.76,25.05,20.77,102022.71,16.46,50.34,-974327.68,3.66
9:17,101998.58,25.15,20.83,102029.33,16.04,54.17,-974635.62,3.81
9:18,102002.71,25.14,20.78,102022.38,15.69,52.67,-974251.87,4.36
9:19,101999.69,25.16,20.69,102021.38,16.16,51.62,-974812.68,4.04
9:20,102003.78,25.21,20.59,102020.53,16.39,51.19,-974860.50,3.58
9:21,102001.41,25.26,20.37,102017.11,16.37,50.30,-974533.12,4.76
9:22,101994.60,25.31,20.43,102017.38,16.60,50.13,-974116.12,4.74
9:23,101993.72,25.29,20.36,102016.02,16.28,50.59,-974590.18,4.98
9:24,101987.72,25.30,20.37,102015.27,16.58,49.81,-975035.31,4.39
9:25,101988.63,25.35,20.26,102018.63,16.25,50.66,-974760.12,4.35
9:26,101995.96,25.34,20.24,102018.37,16.40,49.74,-975035.18,4.25
9:27,101992.84,25.38,20.20,102024.02,16.62,48.63,-975622.68,4.85
9:28,101990.05,25.44,20.14,102018.28,16.79,48.85,-975650.18,4.80
9:29,102002.00,25.45,20.16,102021.27,16.79,48.59,-975481.37,3.86
9:30,101992.38,25.49,20.12,102020.32,16.72,49.30,-975485.62,3.97
9:31,101997.11,25.55,20.05,102021.30,17.09,47.78,-976338.62,4.15
9:32,101996.91,25.61,20.07,102022.89,16.67,50.13,-976006.68,4.88
9:33,101991.79,25.62,20.04,102023.16,16.93,48.12,-976036.87,3.62
9:34,101991.89,25.66,20.02,102020.42,16.78,49.15,-976272.00,3.60
9:35,101991.25,25.65,19.98,102021.47,16.87,48.69,-976414.87,4.52
9:36,101992.82,25.63,19.93,102017.02,16.21,51.15,-976654.62,4.90
9:37,101996.91,25.61,20.06,102020.53,16.69,49.46,-977459.50,3.79
9:38,101988.94,25.67,19.85,102022.28,16.11,51.20,-977255.50,4.78
9:39,101987.32,25.63,19.93,102023.39,16.51,49.52,-977894.50,4.87
9:40,101983.46,25.71,19.71,102017.94,16.82,48.71,-977875.81,3.85
9:41,101997.65,25.80,19.81,102016.57,17.20,48.14,-978251.62,3.63
9:42,101999.09,25.83,19.67,102020.83,17.40,45.55,-978127.12,4.01
9:43,101998.35,25.84,19.67,102020.63,17.27,47.11,-978168.81,3.60
9:44,101995.02,25.85,19.69,102024.24,16.95,48.42,-978521.00,3.78
9:45,102000.21,25.91,19.70,102025.30,17.52,46.86,-978565.81,4.31
9:46,101997.35,25.99,19.63,102022.97,17.36,47.65,-978884.62,4.36
9:47,101997.58,26.01,19.67,102020.52,17.76,45.61,-979172.68,4.73
9:48,101999.01,26.04,19.48,102021.07,17.77,45.73,-979500.18,3.92
9:49,101988.85,26.08,19.50,102019.83,17.45,47.72,-979687.50,4.09
9:50,102000.04,26.05,19.62,102018.12,17.07,47.78,-979890.12,4.66
9:51,101988.29,26.09,19.43,102019.78,17.47,47.07,-980060.18,3.56
9:52,101990.22,26.12,19.47,102022.57,17.67,46.55,-980541.68,4.52
9:53,102000.21,26.15,19.54,102020.35,17.84,45.10,-980643.12,3.89
9:54,102002.49,26.18,19.40,102021.66,17.73,45.77,-980798.18,5.10
9:55,101994.11,26.23,19.55,102021.41,17.68,46.45,-981328.12,3.89
9:56,102003.63,26.29,19.31,102020.67,17.87,46.13,-981278.37,4.18
9:57,101991.91,26.30,19.19,102019.78,18.09,43.87,-981329.68,4.35
9:58,101991.25,26.24,19.21,102022.41,17.43,45.83,-981283.81,4.34
9:59,101999.99,26.17,19.19,102021.96,17.64,44.53,-982288.50,3.89
10:0,101995.91,26.28,19.20,102023.60,18.05,44.38,-982107.31,3.65
10:1,101995.32,26.32,19.24,102016.13,17.88,45.19,-982434.68,4.93
10:2,101990.14,26.31,19.19,102022.19,17.96,43.86,-983083.50,4.85
10:3,101986.52,26.36,19.06,102019.49,17.86,44.54,-983629.18,5.06
10:4,101991.60,26.40,19.13,102017.05,18.27,43.85,-983862.68,4.91
10:5,102002.92,26.48,18.91,102014.21,18.36,42.49,-983678.12,4.76
10:6,101985.05,26.48,18.99,102015.75,18.17,44.10,-984044.00,3.93
10:7,101990.17,26.46,19.00,102012.11,18.42,42.85,-984455.68,4.34
10:8,101988.44,26.39,19.20,102014.19,17.55,45.87,-983943.18,3.71
10:9,101982.00,26.27,19.20,102011.42,17.32,45.66,-984394.00,4.27
10:10,101984.96,26.22,19.09,102007.92,17.18,45.96,-985046.31,4.90
10:11,101988.04,26.24,19.20,102005.91,17.81,44.90,-985565.31,4.80
10:12,101978.01,26.33,19.10,102011.02,17.97,45.50,-985504.12,4.60
10:13,101985.30,26.26,19.00,102008.40,17.19,44.65,-985529.37,4.72
10:14,101998.03,26.28,19.01,102015.50,18.08,43.39,-986415.50,4.29
10:15,101988.85,26.37,19.02,102018.27,18.12,43.32,-986339.81,4.11
10:16,101990.33,26.36,19.00,102016.04,17.97,43.76,-986833.87,4.81
10:17,101999.96,26.38,18.91,102015.21,18.11,42.94,-987078.81,4.52
10:18,101992.36,26.40,18.89,102017.71,18.21,42.86,-987359.37,4.48
10:19,101994.05,26.44,18.89,102015.34,18.18,43.36,-987408.12,4.96
10:20,101995.06,26.52,18.92,102017.93,18.47,42.92,-988070.37,4.84
10:21,101991.42,26.62,18.92,102024.71,18.71,42.83,-987857.81,3.74
10:22,101999.32,26.62,18.81,102016.08,18.44,42.33,-988256.37,4.86
10:23,101995.32,26.57,18.80,102021.56,18.73,40.47,-988206.62,3.54
10:24,101995.14,26.56,18.81,102022.25,18.35,42.82,-988715.18,4.16
10:25,101986.24,26.69,19.08,102017.56,18.60,43.02,-989160.87,4.61
10:26,101999.75,26.79,18.70,102023.83,19.14,41.12,-989583.31,4.74
10:27,101976.46,26.84,18.69,102023.13,18.79,43.20,-989468.87,4.41
10:28,101987.32,26.76,18.77,102019.33,17.76,44.68,-989338.68,4.40
10:29,101993.69,26.77,18.75,102018.49,18.35,42.64,-989504.37,4.83
10:30,101982.03,26.82,18.67,102023.66,18.85,40.98,-990459.18,4.79
10:31,101993.73,26.87,18.59,102022.38,18.99,42.09,-990736.18,3.88
10:32,101989.40,26.96,18.56,102025.25,19.07,41.51,-990827.00,4.20
10:33,101990.05,26.98,18.38,102019.88,18.53,42.67,-990518.62,4.53
10:34,102002.55,26.92,18.48,102027.30,18.92,40.58,-991094.00,4.57
10:35,102005.21,26.81,18.39,102026.07,18.02,42.34,-991636.00,4.79
10:36,101990.75,26.81,18.53,102025.46,18.69,41.70,-992169.87,3.68
10:37,101996.07,26.73,18.27,102022.74,18.70,39.33,-992459.68,4.43
10:38,101989.02,26.72,18.32,102023.55,18.78,40.32,-992712.68,4.09
10:39,102000.10,26.78,18.41,102021.78,19.04,40.26,-993305.87,5.16
10:40,101990.94,26.83,18.41,102021.43,19.19,38.79,-993540.00,4.36
10:41,101980.52,26.78,18.25,102016.41,17.71,43.42,-993417.81,4.00
10:42,101995.91,26.65,18.42,102016.64,17.34,44.67,-994074.50,3.62
10:43,101988.53,26.70,18.70,102013.61,18.46,42.17,-995034.87,4.08
10:44,101985.68,26.83,18.52,102018.33,18.96,40.06,-994771.37,4.61
10:45,101989.84,26.88,18.34,102021.46,19.14,39.12,-994561.81,4.64
10:46,101995.02,26.88,18.39,102020.83,19.24,38.90,-995156.81,3.84
10:47,101986.81,26.85,18.38,102012.91,17.98,42.74,-994901.18,3.91
10:48,101979.86,26.77,18.30,102011.91,18.38,40.96,-995745.87,4.50
10:49,101986.30,26.67,18.54,102017.30,18.82,40.30,-996794.00,5.14
10:50,101987.34,26.74,18.59,102020.50,19.24,39.39,-996534.87,4.98
10:51,101990.10,26.80,18.52,102019.16,19.34,38.69,-996749.62,3.69
10:52,101994.34,26.83,18.39,102018.42,19.00,39.72,-997284.18,4.35
10:53,101994.41,26.92,18.66,102020.14,19.27,40.83,-997012.18,4.54
10:54,101992.57,27.01,18.52,102025.29,19.57,39.82,-997404.00,4.28
10:55,101987.42,26.99,18.25,102024.67,19.21,39.17,-997828.62,3.76
10:56,101990.99,26.99,18.36,102024.35,19.16,40.24,-997757.12,4.99
10:57,101986.23,26.98,18.30,102022.97,19.12,39.45,-998714.31,5.07
10:58,101996.57,27.01,18.32,102020.08,19.21,39.62,-999282.12,4.05
10:59,101985.99,27.04,18.31,102014.28,19.19,39.68,-999205.37,4.39
11:0,101983.91,27.17,18.41,102014.35,19.58,39.17,-999124.50,3.81
11:1,101988.80,27.25,18.23,102014.22,19.34,40.00,-998861.62,4.61
11:2,101993.06,27.21,18.06,102014.74,19.07,39.70,-999759.31,3.67
11:3,101988.72,27.20,18.15,102014.28,19.36,39.71,-999595.81,4.16
11:4,101989.52,27.30,18.24,102017.25,19.81,38.93,-1000005.50,5.07
11:5,101978.58,27.31,18.20,102012.88,19.70,38.56,-999761.68,4.90
11:6,101988.01,27.33,18.37,102014.07,19.72,39.16,-1000730.81,4.19
11:7,101989.50,27.41,18.37,102012.02,19.96,39.11,-1001268.81,3.87
11:8,101986.40,27.47,18.39,102012.98,20.00,39.04,-1001614.12,4.63
11:9,101979.73,27.53,18.23,102008.50,20.08,38.65,-1001879.37,4.77
11:10,101997.27,27.63,18.07,102013.74,19.92,39.28,-1002298.68,3.53
11:11,101992.02,27.63,18.18,102011.99,20.01,38.73,-1003102.81,4.20
11:12,101996.19,27.59,18.15,102019.89,19.72,40.42,-1003225.68,4.07
11:13,101988.32,27.55,18.21,102015.71,19.44,40.53,-1003525.18,5.10
11:14,101989.17,27.64,18.08,102016.77,19.92,39.55,-1003997.00,4.43
11:15,101993.43,27.61,18.04,102014.60,19.96,38.61,-1004714.81,4.72
11:16,101987.90,27.65,18.15,102018.19,19.75,40.03,-1004789.87,3.83
11:17,101990.32,27.75,18.16,102015.13,20.21,38.87,-1006050.62,4.12
11:18,101988.67,27.78,17.99,102010.61,20.22,37.54,-1005936.12,4.13
11:19,101984.56,27.77,17.98,102007.83,19.93,38.68,-1007125.31,3.80
11:20,101981.44,27.64,18.07,102013.49,19.78,39.54,-1008175.50,4.54
11:21,101984.41,27.64,18.01,102011.27,19.45,39.72,-1008697.37,4.20
11:22,101991.42,27.73,18.18,102008.49,20.19,38.58,-1009490.31,4.92
11:23,101988.31,27.82,18.12,102007.10,20.04,38.49,-1010084.18,4.31
11:24,101986.47,27.79,18.04,102008.86,20.10,38.55,-1010981.68,4.99
11:25,101984.45,27.82,17.85,102012.14,19.92,38.18,-1012166.12,4.58
11:26,101977.39,27.71,18.10,102007.74,20.05,38.77,-1012158.18,4.50
11:27,101977.32,27.81,18.00,102004.92,20.11,38.11,-1013228.81,3.87
11:28,101978.47,27.84,18.13,102007.02,20.33,38.18,-1014481.37,3.65
11:29,101982.99,27.86,18.03,102004.32,20.04,38.49,-1014685.12,3.98
11:30,101982.56,27.85,18.11,102004.30,20.00,39.20,-1014741.12,3.66
11:31,101976.92,27.89,17.95,102003.64,20.10,38.63,-1015344.62,4.31
11:32,101985.02,27.85,17.94,102001.17,19.92,38.58,-1015868.50,4.90
11:33,101979.39,27.89,18.12,102002.05,20.39,37.97,-1017438.31,4.98
11:34,101981.18,28.05,18.12,102000.57,20.67,38.29,-1017437.81,4.69
11:35,101976.93,28.17,18.03,102005.74,20.54,38.15,-1018322.81,4.94
11:36,101977.05,28.13,17.87,102004.17,20.25,38.16,-1018948.50,4.35
11:37,101972.02,28.07,17.95,102000.60,20.31,38.54,-1018718.37,3.97
11:38,101982.03,28.05,18.00,102001.11,19.99,39.75,-1019645.87,3.73
11:39,101969.04,28.06,17.94,102001.11,19.97,38.78,-1019909.31,4.03
11:40,101976.65,27.73,17.93,102000.75,18.32,43.26,-1020832.18,4.11
11:41,101975.60,27.90,18.23,102002.56,19.86,40.47,-1021799.50,4.22
11:42,101977.03,28.19,17.98,101996.25,20.54,38.28,-1022708.87,5.01
11:43,101960.71,28.39,18.11,102000.88,20.94,37.60,-1023149.87,4.48
11:44,101972.57,28.44,17.85,101998.76,20.65,38.17,-1023530.81,4.40
11:45,101983.60,28.31,17.73,101998.00,20.07,39.23,-1022934.87,3.93
11:46,101967.16,28.30,17.91,101995.35,20.27,38.80,-1024358.62,4.78
11:47,101981.32,28.44,17.89,102000.50,20.74,38.08,-1024832.12,4.39
11:48,101977.00,28.58,17.90,102000.00,20.95,36.91,-1025335.87,4.38
11:49,101977.22,28.61,17.63,102002.64,20.77,37.78,-1025837.62,4.03
11:50,101974.46,28.72,18.06,102001.25,20.50,40.05,-1025805.87,4.35
11:51,101973.91,28.62,17.57,102003.85,20.84,36.77,-1026670.12,4.63
11:52,101968.17,28.59,17.54,101999.83,20.24,38.50,-1027119.18,3.85
11:53,101972.39,28.43,17.85,102001.32,20.46,38.36,-1028142.12,4.75
11:54,101970.21,28.58,17.92,102000.39,20.59,38.59,-1028862.87,4.94
11:55,101974.60,28.75,17.88,102002.41,20.80,38.22,-1029650.37,4.34
11:56,101968.94,28.60,17.44,101999.88,20.49,37.62,-1029586.12,4.32
11:57,101976.06,28.21,17.64,101994.97,19.90,38.74,-1030136.12,5.12
11:58,101970.02,27.92,17.72,101998.77,19.49,39.57,-1030646.50,4.85
11:59,101973.52,27.98,17.84,101994.89,19.98,38.28,-1030941.68,3.62
12:0,101971.25,28.06,17.82,101992.47,20.26,37.54,-1031854.62,5.16
12:1,101965.75,27.96,17.92,101995.67,19.66,41.49,-1031258.37,3.98
12:2,101971.88,28.02,17.99,101995.06,19.32,41.08,-1032153.81,3.98
12:3,101967.85,28.42,18.04,101991.92,20.56,38.27,-1032940.31,5.21
12:4,101962.39,28.59,17.91,101994.31,20.29,39.20,-1032833.00,4.25
12:5,101958.22,28.66,17.66,101996.05,20.87,36.86,-1033520.68,4.14
12:6,101975.05,28.59,17.55,101991.03,20.60,37.63,-1033939.62,4.05
12:7,101957.61,28.21,17.46,101989.05,20.12,37.12,-1034266.00,5.12
12:8,101956.32,28.25,17.71,101991.72,20.70,36.24,-1035410.50,4.56
12:9,101957.48,28.36,17.48,101987.27,20.73,35.43,-1035549.31,4.16
12:10,101957.41,28.24,17.35,101985.28,20.73,34.61,-1034995.31,4.60
12:11,101968.39,27.91,17.49,101989.63,20.16,36.36,-1035162.62,4.43
12:12,101961.92,27.65,17.68,101991.99,18.91,39.33,-1035581.68,4.67
12:13,101962.11,27.60,17.86,101991.60,19.48,38.51,-1037304.50,4.25
12:14,101960.05,27.64,17.84,101982.08,20.37,35.59,-1037920.00,4.95
12:15,101950.64,27.90,17.97,101981.25,20.64,35.85,-1037903.87,5.23
12:16,101954.27,28.25,18.04,101982.46,21.09,36.19,-1038963.00,4.93
12:17,101954.85,28.35,17.70,101979.08,20.59,36.68,-1039339.87,4.21
12:18,101952.04,28.41,17.84,101982.19,21.07,36.00,-1039207.31,3.89
12:19,101954.77,28.55,17.53,101981.14,20.80,35.92,-1038893.37,3.88
12:20,101957.22,28.40,17.55,101983.39,20.64,36.18,-1039070.62,4.42
12:21,101951.44,28.39,17.75,101985.55,20.91,35.56,-1039759.62,3.68
12:22,101959.41,28.52,17.86,101986.67,20.93,36.55,-1040018.68,4.97
12:23,101964.16,28.50,17.37,101981.39,20.93,34.64,-1040180.18,3.64
12:24,101956.46,28.16,17.25,101977.47,20.35,35.25,-1040692.18,4.41
12:25,101953.19,27.79,17.63,101981.02,20.29,35.18,-1040593.50,4.22
12:26,101960.44,27.63,17.51,101988.99,19.54,36.87,-1041266.81,3.87
12:27,101957.64,27.01,17.74,101985.57,18.53,38.89,-1041635.50,4.18
12:28,101953.25,26.76,17.80,101988.08,18.95,37.20,-1042526.31,3.50
12:29,101958.18,26.89,17.91,101985.46,19.50,35.97,-1042686.87,4.13
12:30,101953.49,26.79,17.90,101985.19,19.32,35.85,-1042977.00,4.20
12:31,101954.78,26.77,18.02,101984.33,19.66,35.29,-1043416.18,4.87
12:32,101955.72,26.89,17.89,101980.55,19.74,35.17,-1043468.37,4.83
12:33,101957.80,26.89,18.14,101980.44,19.73,36.09,-1044346.62,4.25
12:34,101964.36,27.24,18.15,101982.97,20.47,35.17,-1044265.81,4.45
12:35,101956.17,27.45,17.87,101979.10,20.49,35.07,-1044129.81,4.36
12:36,101956.30,27.53,17.76,101980.66,20.40,35.08,-1044585.87,3.60
12:37,101947.66,27.39,17.58,101976.86,20.01,34.85,-1044790.12,3.86
12:38,101952.30,27.41,17.77,101973.71,20.47,34.72,-1044759.31,4.82
12:39,101952.71,27.72,17.91,101975.36,20.04,37.43,-1044481.87,4.57
12:40,101954.85,27.89,17.68,101978.25,20.07,36.78,-1044896.62,3.82
12:41,101949.56,28.23,17.95,101976.35,21.07,35.91,-1045929.81,4.72
12:42,101943.19,28.10,17.17,101971.70,20.78,33.65,-1045892.87,4.04
12:43,101943.82,28.05,17.49,101973.34,20.76,34.28,-1046024.62,4.78
12:44,101944.91,28.17,17.44,101967.12,20.99,33.70,-1046284.31,4.27
12:45,101952.35,27.91,17.38,101965.63,20.57,34.29,-1046377.50,5.14
12:46,101937.28,27.83,17.53,101965.94,20.70,34.33,-1046764.68,4.39
12:47,101949.54,28.03,17.65,101968.41,20.52,36.03,-1047278.81,4.78
12:48,101938.20,28.48,17.56,101964.55,21.65,33.46,-1047496.81,4.26
12:49,101937.78,28.24,17.01,101958.61,20.34,34.92,-1047224.12,4.18
12:50,101937.28,27.68,17.26,101964.50,19.97,35.21,-1047580.31,3.60
12:51,101938.91,28.13,17.72,101960.74,21.22,33.99,-1048612.75,4.80
12:52,101936.36,28.33,17.45,101964.57,21.34,33.44,-1048545.87,3.94
12:53,101940.07,28.42,17.27,101960.96,21.16,33.70,-1048898.37,3.92
12:54,101936.36,28.32,17.20,101960.94,21.05,33.00,-1048789.75,4.76
12:55,101932.28,28.33,17.31,101959.43,21.50,32.74,-1049518.25,4.17
12:56,101931.28,28.27,17.14,101958.79,20.23,35.84,-1049272.75,3.73
12:57,101932.91,28.10,17.17,101958.75,20.58,33.66,-1050318.50,4.77
12:58,101929.96,28.00,17.25,101959.39,20.85,33.07,-1050029.25,4.34
12:59,101930.05,28.18,17.31,101958.41,21.26,32.71,-1050518.25,4.76
13:0,101923.63,28.01,17.14,101955.49,20.58,33.80,-1051239.87,4.70
13:1,101910.73,28.03,17.15,101954.47,20.97,32.47,-1050851.62,4.21
13:2,101923.56,28.27,17.38,101947.73,21.74,32.00,-1051382.25,4.27
13:3,101922.60,28.66,17.26,101947.03,22.01,32.12,-1051444.12,4.54
13:4,101914.39,29.07,17.09,101952.85,22.25,31.71,-1051799.87,4.94
13:5,101925.06,29.11,16.86,101953.57,22.08,31.56,-1051558.75,3.60
13:6,101930.00,29.03,16.96,101949.11,21.94,32.18,-1051992.87,4.80
13:7,101921.79,29.25,17.15,101947.24,22.46,32.02,-1051921.62,3.69
13:8,101918.05,29.06,16.87,101947.17,21.80,32.22,-1051893.75,4.08
13:9,101917.35,29.15,16.94,101948.57,22.21,31.97,-1052938.75,4.96
13:10,101914.41,29.20,16.85,101943.53,22.26,31.61,-1052641.25,3.94
13:11,101921.09,29.35,16.86,101947.52,22.65,31.29,-1053228.00,4.78
13:12,101914.28,29.54,16.60,101948.05,22.63,30.60,-1053164.62,4.91
13:13,101910.11,29.33,16.41,101942.52,22.43,30.24,-1053332.25,4.48
13:14,101914.85,29.12,16.66,101944.61,22.46,30.27,-1053438.75,4.42
13:15,101913.93,28.75,16.55,101940.42,21.72,30.82,-1053318.62,4.38
13:16,101912.88,28.64,16.68,101944.35,21.41,31.79,-1053897.00,4.05
13:17,101908.32,28.58,16.54,101939.36,21.51,30.70,-1054663.37,4.66
13:18,101903.99,28.52,16.65,101936.61,21.59,30.71,-1054465.62,5.03
13:19,101917.10,28.91,16.86,101937.44,22.68,29.53,-1054925.00,3.73
13:20,101915.64,29.14,16.41,101940.07,22.68,28.68,-1054921.50,4.94
13:21,101914.78,29.05,16.48,101937.89,22.79,28.46,-1054199.62,3.67
13:22,101907.07,28.94,16.48,101934.21,22.18,29.62,-1055290.50,4.10
13:23,101899.13,29.03,16.82,101933.05,22.67,29.83,-1055501.50,3.94
13:24,101906.28,28.83,16.27,101929.54,22.01,29.02,-1056025.37,4.87
13:25,101913.33,28.65,16.55,101927.85,21.93,29.80,-1056354.50,3.56
13:26,101904.07,28.72,16.75,101930.82,21.33,32.15,-1055505.62,4.11
13:27,101900.06,28.90,16.94,101929.55,22.05,31.82,-1056441.00,4.51
13:28,101897.39,29.00,16.75,101922.35,21.64,32.24,-1056863.25,4.72
13:29,101902.77,28.96,17.08,101923.70,21.79,33.05,-1056857.37,4.61
13:30,101883.67,29.25,16.82,101924.02,21.91,32.51,-1057301.25,4.23
13:31,101893.22,29.18,16.85,101918.52,22.23,31.75,-1056791.62,5.16
13:32,101895.16,29.47,16.97,101925.99,22.68,31.73,-1057646.75,3.88
13:33,101887.97,29.64,16.38,101917.29,22.69,30.08,-1057160.12,3.74
13:34,101894.88,29.46,16.83,101921.13,22.38,32.02,-1057391.37,4.32
13:35,101891.44,29.18,16.26,101919.26,20.80,33.38,-1057177.25,4.23
13:36,101894.25,29.02,16.64,101921.29,20.14,35.78,-1056704.50,4.27
13:37,101895.14,28.59,16.82,101914.46,20.97,33.36,-1058333.00,4.40
13:38,101887.11,28.35,16.60,101919.53,21.10,31.63,-1059024.12,4.09
13:39,101886.48,28.60,16.92,101919.88,21.85,31.08,-1059764.75,4.74
13:40,101895.13,28.89,16.99,101919.28,22.24,31.10,-1059656.87,3.54
13:41,101894.06,29.08,16.92,101920.91,21.59,32.60,-1059443.37,4.96
13:42,101892.17,28.43,16.49,101923.55,20.62,32.33,-1060197.25,3.65
13:43,101893.29,28.13,16.85,101920.62,20.98,31.64,-1060644.87,4.36
13:44,101884.99,28.29,16.83,101921.30,20.98,31.53,-1060672.87,3.80
13:45,101892.89,28.03,16.51,101921.05,19.62,33.52,-1060347.75,4.52
13:46,101894.02,27.53,17.02,101919.86,20.27,32.29,-1061605.25,4.36
13:47,101900.24,27.67,17.23,101920.55,20.58,32.52,-1061583.75,4.86
13:48,101894.21,27.71,17.36,101916.17,20.76,32.55,-1062022.12,4.74
13:49,101886.21,27.92,17.45,101915.10,21.30,32.09,-1062143.62,3.62
13:50,101890.49,28.13,17.38,101917.25,21.01,33.09,-1062045.00,4.85
13:51,101881.69,28.03,17.14,101917.32,20.69,32.66,-1062022.25,4.72
13:52,101879.00,27.80,17.17,101912.66,20.34,33.16,-1062291.75,4.38
13:53,101885.60,27.69,17.14,101908.78,20.62,32.44,-1063155.25,4.65
13:54,101887.07,27.54,17.30,101910.46,20.64,32.74,-1063323.25,4.38
13:55,101878.00,27.88,17.62,101911.19,21.32,32.77,-1063421.87,4.84
13:56,101876.71,28.44,17.36,101909.69,21.24,32.91,-1063075.62,4.52
13:57,101879.67,28.50,17.01,101905.77,21.24,32.45,-1062888.12,3.92
13:58,101872.73,28.06,17.01,101908.03,20.93,32.19,-1063235.87,4.83
13:59,101878.38,28.09,17.09,101905.17,21.05,32.37,-1063569.12,4.73
14:0,101866.89,28.41,17.18,101905.33,21.54,31.88,-1063998.87,4.59
14:1,101872.97,28.44,16.75,101902.04,21.51,31.07,-1063944.87,3.90
14:2,101867.61,28.24,16.75,101902.94,20.90,32.10,-1063874.50,3.53
14:3,101873.30,28.49,17.07,101903.42,21.95,31.24,-1064466.62,3.94
14:4,101867.60,28.66,16.52,101897.69,21.52,30.80,-1064251.00,4.76
14:5,101862.64,28.35,17.15,101898.42,21.65,32.15,-1064208.75,4.61
14:6,101862.88,28.68,16.79,101898.50,21.86,30.95,-1064338.75,4.27
14:7,101863.33,28.37,16.65,101895.97,21.29,31.37,-1064581.75,4.75
14:8,101858.78,28.24,16.86,101894.02,21.57,31.28,-1064969.25,4.72
14:9,101862.85,28.42,16.90,101894.92,22.01,29.93,-1065098.12,4.85
14:10,101862.22,28.36,16.54,101892.57,21.43,30.25,-1065139.25,4.65
14:11,101856.60,28.13,16.68,101888.66,21.41,30.30,-1066077.37,3.78
14:12,101853.30,28.30,16.80,101892.43,22.02,29.76,-1065915.50,4.92
14:13,101867.10,28.42,16.79,101889.83,21.96,29.88,-1065251.25,4.17
14:14,101868.58,28.38,16.67,101889.55,21.08,32.12,-1065323.25,4.41
14:15,101859.99,28.72,16.76,101889.27,22.20,29.92,-1066331.12,4.47
14:16,101847.02,28.92,16.54,101888.09,22.68,28.92,-1064684.25,4.95
14:17,101865.14,29.07,16.79,101893.97,22.55,30.77,-1063654.12,4.89
14:18,101861.89,28.81,16.09,101886.00,20.55,31.80,-1063440.25,4.84
14:19,101861.97,28.30,16.59,101886.15,21.03,31.26,-1065069.37,4.01
14:20,101853.67,28.52,16.54,101887.64,21.51,30.61,-1065007.25,4.05
14:21,101855.17,28.35,16.63,101886.13,21.53,30.39,-1065561.37,4.47
14:22,101861.28,28.37,16.57,101880.47,21.38,30.36,-1064851.62,4.27
14:23,101866.30,28.48,16.92,101884.43,21.82,30.91,-1065389.50,5.07
14:24,101857.14,28.73,16.76,101880.67,21.94,30.84,-1065813.87,4.52
14:25,101855.60,28.80,16.62,101886.69,22.07,30.16,-1066424.87,3.82
14:26,101856.39,28.57,16.47,101880.88,21.54,30.28,-1065859.87,4.75
14:27,101850.07,28.42,16.64,101878.41,21.62,30.38,-1066299.62,4.81
14:28,101849.89,28.38,16.64,101882.55,21.89,29.63,-1066427.75,4.81
14:29,101849.82,28.49,16.65,101880.92,22.07,29.43,-1066242.50,3.72
14:30,101859.02,28.58,16.82,101875.49,21.89,30.39,-1066124.87,4.78
14:31,101848.65,28.59,16.55,101874.89,21.70,30.12,-1066669.75,3.69
14:32,101848.39,28.58,16.55,101880.54,21.89,29.74,-1066649.37,4.06
14:33,101847.66,28.69,16.80,101880.03,22.42,30.03,-1066553.37,4.24
14:34,101859.14,29.02,16.70,101886.27,22.43,30.10,-1067687.25,4.60
14:35,101845.44,29.20,16.54,101889.32,22.24,30.10,-1066276.87,4.72
14:36,101846.11,29.09,16.40,101886.50,22.19,29.81,-1066986.25,4.30
14:37,101857.14,29.31,16.68,101883.96,23.04,29.23,-1067786.37,4.96
14:38,101856.43,29.48,16.28,101883.72,22.96,28.18,-1069330.25,3.76
14:39,101833.77,29.01,16.13,101880.55,22.20,28.85,-1069223.75,4.62
14:40,101847.48,28.97,16.40,101880.15,22.65,28.40,-1070195.25,4.28
14:41,101849.94,29.22,16.21,101881.28,22.65,28.67,-1069826.37,4.29
14:42,101848.38,29.06,16.44,101875.62,22.55,29.27,-1069912.62,4.23
14:43,101837.10,28.97,16.25,101874.17,21.75,29.90,-1069641.50,3.96
14:44,101845.49,29.07,16.27,101876.35,22.58,28.43,-1070933.00,5.16
14:45,101848.86,29.26,16.33,101880.28,22.73,29.02,-1070604.00,4.11
14:46,101835.74,29.32,16.21,101877.65,22.71,28.88,-1070563.00,4.53
14:47,101847.43,29.52,16.25,101872.67,22.28,29.72,-1070436.50,3.96
14:48,101837.46,29.14,16.15,101871.47,22.02,29.64,-1071376.12,4.94
14:49,101846.87,29.46,16.40,101874.14,23.19,28.51,-1071586.50,4.89
14:50,101840.26,29.69,16.06,101875.86,22.56,29.10,-1071066.25,4.49
14:51,101848.84,29.33,15.89,101873.69,21.31,31.36,-1071118.62,3.99
14:52,101837.32,29.40,16.44,101876.32,22.62,29.92,-1072279.12,3.60
14:53,101840.88,29.58,16.03,101871.66,23.17,27.76,-1072629.25,3.86
14:54,101832.87,29.59,16.09,101871.66,22.90,28.43,-1072278.87,4.69
14:55,101836.75,29.34,16.25,101873.66,22.58,29.03,-1072164.50,4.72
14:56,101835.02,29.31,16.07,101866.35,22.24,29.40,-1072406.37,4.65
14:57,101839.67,29.37,16.21,101867.00,22.72,29.17,-1073379.62,4.36
14:58,101829.81,29.59,16.32,101864.17,22.69,30.06,-1073131.62,4.74
14:59,101834.77,29.40,16.14,101863.89,22.26,29.67,-1072455.87,3.82
15:0,101842.23,29.26,16.21,101862.46,22.55,29.07,-1073014.50,3.61
15:1,101822.27,29.18,16.21,101858.80,22.41,29.07,-1074247.37,4.33
15:2,101828.25,28.84,15.97,101857.25,20.19,33.03,-1073202.37,4.21
15:3,101824.88,28.19,16.20,101860.75,20.31,31.81,-1074126.37,4.42
15:4,101825.45,27.89,16.36,101856.93,20.03,32.21,-1074469.62,4.84
15:5,101833.69,27.77,16.49,101858.32,19.81,32.52,-1074812.25,4.99
15:6,101825.67,27.71,16.68,101851.28,20.79,30.36,-1075820.37,3.93
15:7,101829.22,27.91,16.75,101858.35,21.82,28.67,-1075730.62,3.47
15:8,101823.60,28.11,16.77,101854.32,21.75,29.71,-1075733.25,4.47
15:9,101818.76,28.10,16.61,101852.26,21.15,30.42,-1075498.62,3.60
15:10,101823.07,27.94,16.62,101854.37,20.63,31.59,-1075371.87,4.63
15:11,101820.54,27.77,16.75,101848.18,21.03,30.41,-1075785.25,4.96
15:12,101822.27,27.92,16.98,101852.74,21.49,30.62,-1076010.12,4.56
15:13,101825.21,28.17,16.93,101852.36,21.31,31.64,-1076420.37,3.91
15:14,101818.42,28.10,16.74,101850.22,21.38,30.41,-1076637.37,4.54
15:15,101819.10,28.10,16.91,101852.21,21.54,30.25,-1076495.00,4.41
15:16,101814.55,28.08,16.72,101850.36,21.01,30.53,-1076564.12,3.80
15:17,101817.35,28.00,16.97,101852.28,21.43,30.63,-1076901.75,3.58
15:18,101817.43,28.05,16.79,101847.42,21.82,29.07,-1077444.75,4.60
15:19,101812.42,28.08,17.08,101850.39,21.41,31.36,-1077277.12,4.13
15:20,101813.63,28.22,16.77,101843.69,21.84,29.57,-1077241.87,3.87
15:21,101811.46,28.16,16.84,101846.28,20.51,32.92,-1076669.75,4.01
15:22,101817.53,27.82,16.74,101843.76,20.81,30.90,-1077923.62,4.05
15:23,101821.39,27.83,16.83,101842.48,20.76,31.31,-1078158.62,4.26
15:24,101809.80,27.79,16.92,101845.28,21.25,30.44,-1078145.50,5.09
15:25,101818.75,27.77,17.03,101843.60,20.98,31.93,-1078499.00,4.54
15:26,101817.92,27.84,16.99,101841.47,21.00,31.41,-1078538.75,4.61
15:27,101814.40,27.87,16.95,101840.31,20.64,31.78,-1078535.87,4.46
15:28,101808.62,27.81,17.42,101834.76,20.85,34.70,-1078223.87,3.62
15:29,101802.82,27.92,16.88,101836.02,20.74,31.93,-1078464.25,4.40
15:30,101804.45,27.70,17.15,101831.53,20.64,32.82,-1079234.25,5.33
15:31,101796.61,27.85,17.06,101827.50,21.10,31.55,-1079421.25,4.56
15:32,101794.92,28.12,16.87,101827.78,20.47,32.58,-1079302.87,4.45
15:33,101791.49,27.97,16.77,101829.53,20.24,33.07,-1079629.75,5.45
15:34,101795.67,27.90,16.77,101826.13,20.42,32.68,-1079973.50,4.11
15:35,101796.71,28.06,17.16,101822.78,21.44,31.54,-1080574.25,4.54
15:36,101786.47,27.95,16.81,101819.64,20.76,31.87,-1080588.75,5.12
15:37,101794.13,28.18,17.20,101823.13,21.98,30.83,-1080630.62,4.71
15:38,101790.94,28.60,17.00,101821.74,21.52,32.71,-1080087.75,4.90
15:39,101783.10,28.39,16.57,101822.53,20.59,32.10,-1080144.37,4.16
15:40,101785.04,28.10,16.64,101818.63,20.01,33.17,-1080839.25,3.55
15:41,101784.48,28.12,17.19,101819.07,21.02,32.70,-1081258.12,5.21
15:42,101786.39,28.17,16.63,101820.03,20.01,33.38,-1081153.75,4.47
15:43,101792.21,28.00,16.97,101815.66,20.89,31.59,-1081941.75,3.85
15:44,101788.06,28.15,16.96,101816.00,21.56,30.67,-1082656.12,5.24
15:45,101779.25,28.33,17.09,101813.65,21.62,31.49,-1081956.87,4.85
15:46,101785.08,28.22,16.94,101812.89,21.75,30.23,-1082756.87,4.40
15:47,101791.95,28.35,16.81,101814.49,22.10,29.14,-1082439.00,4.81
15:48,101785.53,28.31,16.80,101815.41,21.35,30.75,-1081791.62,4.54
15:49,101784.82,28.35,16.98,101820.25,21.77,30.78,-1082531.50,4.85
15:50,101785.42,28.21,16.78,101812.25,21.04,31.52,-1082604.00,3.98
15:51,101780.66,27.92,16.76,101813.14,20.81,31.21,-1082666.25,4.91
15:52,101780.69,27.87,17.14,101813.22,21.06,31.69,-1083042.75,4.38
15:53,101789.78,28.01,17.00,101812.22,21.51,30.53,-1083607.37,3.55
15:54,101780.36,28.18,17.05,101817.03,21.90,29.79,-1083826.25,4.33
15:55,101782.75,28.19,16.89,101810.20,21.68,30.13,-1083593.12,4.75
15:56,101776.08,28.23,16.96,101811.22,21.52,30.62,-1083835.87,3.58
15:57,101781.29,28.32,17.12,101811.37,21.49,31.56,-1083821.75,4.10
15:58,101778.25,28.48,16.73,101810.98,21.89,30.40,-1083900.50,4.76
15:59,101783.82,28.52,16.79,101812.50,21.84,30.42,-1084165.87,4.50
16:0,101776.25,28.43,16.63,101803.92,21.52,30.84,-1084599.75,3.97
16:1,101773.57,28.34,16.62,101801.96,21.40,30.29,-1084384.37,4.22
16:2,101776.80,28.16,16.73,101797.06,21.36,30.74,-1085499.62,4.07
16:3,101760.69,28.27,16.94,101798.39,21.95,30.13,-1085464.62,3.61
16:4,101771.59,28.62,16.88,101798.00,22.28,30.75,-1083600.75,4.11
16:5,101768.18,28.93,16.86,101793.28,22.36,30.38,-1083465.75,4.32
16:6,101773.46,28.92,16.48,101798.72,21.57,31.15,-1083238.37,4.14
16:7,101777.96,28.81,16.63,101800.57,21.66,31.61,-1085033.75,5.00
16:8,101766.67,28.32,16.45,101794.16,20.75,31.26,-1084332.37,4.92
16:9,101768.21,28.32,16.79,101797.38,21.77,30.67,-1085030.12,4.08
16:10,101765.13,28.62,16.60,101794.78,22.29,29.10,-1083892.75,4.72
16:11,101756.33,28.87,16.53,101794.80,22.78,28.25,-1082541.25,3.91
16:12,101764.82,29.04,16.41,101791.66,22.58,28.71,-1083104.50,4.81
16:13,101759.71,29.03,16.43,101793.64,22.65,28.68,-1084427.87,4.36
16:14,101762.69,28.94,16.37,101792.22,22.10,29.41,-1084788.12,4.59
16:15,101766.00,28.84,16.57,101787.06,21.91,30.08,-1085567.12,4.67
16:16,101767.41,28.81,16.46,101782.11,22.35,28.59,-1086535.00,3.86
16:17,101752.47,28.73,16.34,101780.92,22.19,28.59,-1086832.25,4.11
16:18,101756.95,28.69,16.56,101782.50,22.26,29.14,-1087385.50,4.74
16:19,101753.86,28.66,16.53,101783.24,21.64,30.30,-1087109.00,4.54
16:20,101760.33,28.41,16.46,101777.32,20.92,31.17,-1087824.00,3.81
16:21,101753.53,28.38,16.87,101774.86,21.35,31.50,-1088175.62,4.36
16:22,101744.80,28.52,16.66,101778.10,21.45,31.01,-1088613.25,4.11
16:23,101740.51,28.47,16.56,101779.38,21.50,30.89,-1088905.37,4.74
16:24,101756.11,28.44,16.74,101777.28,21.61,31.08,-1089319.25,4.01
16:25,101741.46,28.58,16.53,101774.10,21.78,30.43,-1089690.25,4.24
16:26,101745.72,28.35,16.67,101774.72,21.97,29.18,-1089102.25,3.85
16:27,101739.74,28.32,16.74,101773.86,21.84,29.69,-1089709.37,5.15
16:28,101734.02,28.30,16.86,101767.91,21.22,31.69,-1089039.75,3.98
16:29,101738.91,28.18,16.93,101771.77,20.94,32.22,-1089240.87,4.60
16:30,101741.55,28.01,16.87,101775.22,21.15,31.37,-1090271.25,4.83
16:31,101742.83,28.03,16.92,101774.89,21.02,31.27,-1090412.75,4.75
16:32,101741.16,27.65,16.98,101771.52,20.77,31.42,-1090764.50,4.31
16:33,101745.28,27.80,16.98,101776.86,21.46,30.01,-1091249.00,5.02
16:34,101740.91,27.82,16.88,101765.41,20.63,31.88,-1091032.25,3.91
16:35,101730.38,27.71,17.07,101768.41,21.06,31.10,-1091536.37,4.50
16:36,101748.17,27.80,16.96,101770.27,21.32,29.93,-1091756.25,3.89
16:37,101742.73,27.79,16.96,101773.57,21.50,29.80,-1091952.87,5.01
16:38,101744.07,27.86,16.80,101769.21,21.05,30.42,-1092210.25,4.87
16:39,101743.21,27.86,17.00,101774.14,20.92,31.74,-1092070.50,4.53
16:40,101745.72,27.89,16.93,101780.42,21.22,30.71,-1093197.12,4.78
16:41,101745.07,28.05,17.13,101780.07,21.57,30.66,-1091091.50,3.95
16:42,101740.53,28.10,16.84,101773.96,21.17,31.08,-1089748.75,3.83
16:43,101753.35,28.09,17.02,101777.35,21.48,30.93,-1091266.75,5.04
16:44,101742.96,28.15,16.83,101773.18,21.18,31.02,-1090974.00,4.69
16:45,101749.42,28.31,17.26,101781.58,21.54,33.04,-1092485.75,3.94
16:46,101744.61,28.11,16.81,101771.14,21.16,30.90,-1092542.00,4.61
16:47,101747.20,27.98,16.98,101774.08,21.32,31.25,-1093071.50,4.27
16:48,101747.21,28.15,17.11,101776.50,21.62,31.40,-1093003.75,3.75
16:49,101746.94,28.45,16.91,101775.65,21.70,31.29,-1091843.12,4.18
16:50,101749.14,28.44,16.71,101772.33,21.33,31.15,-1091617.25,4.47
16:51,101749.64,28.28,17.15,101774.96,21.38,33.01,-1089138.87,4.52
16:52,101742.78,28.73,16.96,101776.63,22.13,30.53,-1091325.62,4.58
16:53,101747.77,28.72,16.79,101775.49,22.03,30.54,-1093212.25,5.34
16:54,101735.39,29.03,16.79,101775.58,22.68,29.48,-1092918.75,5.24
16:55,101741.85,29.03,16.45,101769.92,22.65,28.57,-1090601.12,4.27
16:56,101742.67,29.01,16.46,101768.78,22.31,29.29,-1089721.50,4.59
16:57,101739.66,28.65,16.38,101775.42,21.82,29.71,-1090238.37,3.82
16:58,101741.22,28.69,16.58,101772.07,21.52,31.05,-1088973.00,4.45
16:59,101736.32,28.72,16.76,101772.55,22.15,30.09,-1091224.37,4.51
17:0,101749.22,28.82,16.51,101774.17,21.68,30.43,-1088879.50,4.87
17:1,101745.78,28.89,16.67,101772.10,22.24,30.45,-1088482.25,3.68
17:2,101747.19,29.16,16.45,101779.07,22.06,30.66,-1089096.37,4.83
17:3,101743.16,29.37,16.41,101772.21,22.57,29.65,-1090400.00,3.62
17:4,101750.36,29.20,16.05,101769.77,21.08,31.44,-1087999.25,4.45
17:5,101739.10,29.01,16.24,101767.60,21.84,29.87,-1089871.87,3.90
17:6,101734.69,29.16,16.67,101766.09,22.71,29.71,-1091155.50,4.68
17:7,101727.24,29.62,16.31,101766.53,23.26,28.45,-1091170.75,4.08
17:8,101739.67,29.68,16.13,101762.88,23.17,28.37,-1090075.75,4.07
17:9,101729.16,29.79,16.21,101764.04,22.96,28.97,-1090103.75,5.19
17:10,101730.07,29.72,16.31,101759.64,22.99,29.37,-1090082.25,3.61
17:11,101733.53,29.64,15.79,101763.44,21.69,30.18,-1089050.37,3.59
17:12,101729.43,29.48,16.11,101762.44,22.64,29.07,-1091838.75,3.73
17:13,101727.53,29.25,15.88,101764.88,21.74,30.02,-1091026.50,4.99
17:14,101725.69,29.19,16.20,101760.63,22.07,30.59,-1091283.62,3.62
17:15,101730.55,29.63,16.40,101756.18,22.82,29.89,-1092167.87,4.46
17:16,101734.49,29.67,15.93,101764.25,22.43,29.60,-1091549.75,4.68
17:17,101728.32,29.78,15.97,101753.34,23.22,28.21,-1092716.75,3.80
17:18,101740.36,29.88,16.14,101752.81,23.00,29.66,-1091092.00,3.85
17:19,101718.22,29.98,16.07,101747.87,23.16,29.15,-1093039.87,4.20
17:20,101720.30,30.04,16.17,101751.00,23.16,29.33,-1091265.75,4.59
17:21,101723.11,30.13,16.13,101748.94,22.96,29.99,-1092944.87,3.66
17:22,101724.61,29.92,15.48,101750.34,21.60,29.60,-1090021.37,3.61
17:23,101719.58,29.32,16.01,101751.13,21.90,30.28,-1093181.37,4.43
17:24,101719.74,29.20,15.91,101744.85,21.65,30.15,-1093913.50,3.55
17:25,101724.80,29.28,16.16,101746.60,21.93,30.84,-1093836.50,3.58
17:26,101720.57,29.30,16.18,101744.64,21.99,30.88,-1094055.50,4.11
17:27,101715.14,29.33,16.29,101750.38,21.83,31.03,-1094448.87,4.68
17:28,101725.47,29.56,16.45,101750.61,22.37,31.74,-1094209.37,4.00
17:29,101721.55,29.72,16.02,101750.82,22.17,30.63,-1096683.50,4.84
17:30,101725.32,29.80,16.28,101748.69,23.33,28.75,-1099011.62,4.78
17:31,101725.55,29.98,16.14,101754.21,22.84,29.70,-1099054.75,4.95
17:32,101731.16,29.84,15.98,101758.93,22.62,29.49,-1099115.50,4.69
17:33,101729.83,29.46,15.82,101760.04,20.95,32.36,-1098115.00,3.89
17:34,101722.42,28.93,16.18,101756.21,20.82,32.36,-1099163.75,4.72
17:35,101719.74,28.73,16.31,101755.43,20.80,32.34,-1099630.25,4.91
17:36,101715.40,28.95,16.32,101758.39,21.40,31.52,-1098837.75,4.89
17:37,101734.33,28.71,16.24,101751.16,20.85,31.94,-1098985.50,4.34
17:38,101713.54,29.09,16.47,101749.14,22.36,29.95,-1099969.25,3.74
17:39,101721.35,29.34,16.17,101741.49,22.13,29.95,-1098124.00,4.45
17:40,101718.16,29.40,16.22,101741.89,22.36,30.07,-1098803.75,3.60
17:41,101714.63,29.35,15.97,101746.14,21.96,29.92,-1098875.12,3.66
17:42,101712.76,29.34,16.19,101740.36,22.37,29.89,-1099013.25,4.53
17:43,101707.71,29.10,16.08,101744.74,21.57,30.68,-1100128.37,3.54
17:44,101714.18,28.82,16.34,101744.22,21.59,31.07,-1101039.50,3.53
17:45,101718.49,28.90,16.26,101747.17,21.65,30.49,-1100589.12,5.19
17:46,101715.97,28.80,16.22,101746.21,21.24,31.05,-1100156.75,4.81
17:47,101717.13,28.87,16.23,101753.32,21.69,30.62,-1100755.37,3.56
17:48,101720.25,28.95,16.40,101756.91,21.93,30.42,-1101427.00,3.94
17:49,101729.66,28.99,16.29,101755.27,22.14,29.45,-1102855.25,3.71
17:50,101729.86,28.83,16.56,101753.77,22.12,30.40,-1103704.75,3.97
17:51,101721.15,29.00,16.31,101756.10,22.19,29.35,-1106231.75,4.63
17:52,101727.10,29.01,16.46,101755.88,22.34,29.87,-1106133.37,3.94
17:53,101730.40,29.21,16.39,101754.12,22.39,30.19,-1105137.62,4.03
17:54,101715.83,29.18,16.11,101753.77,21.24,31.13,-1104533.25,3.97
17:55,101721.55,29.07,16.48,101755.09,22.54,29.81,-1106575.75,4.74
17:56,101731.18,29.40,16.29,101752.65,22.82,29.11,-1106137.25,4.97
17:57,101721.52,29.48,16.16,101757.21,22.51,29.57,-1104847.25,4.84
17:58,101721.73,29.43,16.25,101758.82,22.57,29.37,-1104688.12,4.91
17:59,101720.25,29.47,16.13,101748.03,22.87,28.57,-1105214.62,5.04
18:0,101718.84,29.42,16.03,101752.44,22.51,29.22,-1104472.00,3.96
18:1,101724.46,29.40,16.19,101747.52,22.82,28.63,-1105105.75,3.78
18:2,101720.40,29.29,15.94,101750.75,21.39,30.53,-1104036.87,5.03
18:3,101724.16,28.97,16.01,101749.13,20.81,31.95,-1105389.25,4.00
18:4,101718.80,28.86,16.28,101750.66,22.26,28.76,-1106971.12,3.89
18:5,101719.99,28.63,16.02,101751.24,20.29,32.38,-1106686.75,3.69
18:6,101723.75,28.22,16.28,101748.72,20.21,32.29,-1107335.75,4.57
18:7,101718.32,28.23,16.27,101747.50,20.33,32.03,-1107299.75,4.72
18:8,101724.83,27.88,16.33,101749.21,19.52,33.49,-1107769.25,3.61
18:9,101722.61,27.86,16.61,101750.78,20.80,30.90,-1109342.75,4.39
18:10,101719.55,28.09,16.68,101752.29,21.50,30.28,-1110082.25,4.34
18:11,101720.92,28.12,16.77,101752.78,21.31,31.19,-1111083.25,4.89
18:12,101718.89,28.45,16.95,101751.97,22.01,30.48,-1110688.25,5.21
18:13,101727.73,28.62,16.76,101757.59,21.92,30.91,-1108667.25,5.05
18:14,101730.61,28.62,16.50,101757.10,21.67,30.00,-1108707.25,4.36
18:15,101720.61,28.55,16.49,101758.07,21.98,29.18,-1109436.25,4.38
18:16,101722.28,28.63,16.46,101755.83,22.25,28.96,-1109734.25,4.00
18:17,101723.27,28.60,16.37,101759.68,21.93,29.25,-1109053.25,5.01
18:18,101736.55,28.50,16.33,101756.69,20.99,31.14,-1108362.75,5.32
18:19,101729.80,28.47,16.58,101760.57,21.82,29.98,-1109231.12,4.87
18:20,101730.92,28.60,16.60,101759.10,21.90,30.72,-1109188.50,3.69
18:21,101737.21,28.57,16.27,101754.30,21.28,30.21,-1108932.25,3.98
18:22,101728.64,28.51,16.49,101755.03,21.93,29.79,-1109624.75,3.84
18:23,101729.36,28.55,16.55,101756.98,21.55,30.43,-1110065.37,4.81
18:24,101727.62,28.69,16.46,101755.21,22.35,28.62,-1110786.25,3.85
18:25,101735.61,28.91,16.53,101751.57,22.90,28.11,-1110926.75,3.89
18:26,101726.99,29.09,16.34,101758.19,22.19,30.84,-1110179.12,3.57
18:27,101733.07,28.92,16.26,101756.13,21.70,30.58,-1110107.87,3.78
18:28,101730.44,28.64,16.19,101754.80,20.63,32.67,-1110399.25,4.02
18:29,101728.25,28.53,16.42,101755.07,21.13,31.53,-1110746.75,3.89
18:30,101721.66,28.57,16.55,101760.74,21.81,30.51,-1112016.00,5.06
18:31,101731.87,29.01,16.54,101756.83,22.53,29.60,-1112020.00,4.72
18:32,101745.28,28.89,16.04,101753.87,20.57,32.42,-1110668.12,4.43
18:33,101725.03,28.67,16.37,101757.82,22.10,29.23,-1112127.75,3.87
18:34,101725.98,28.87,16.21,101761.89,21.86,30.03,-1111614.75,5.08
18:35,101739.38,28.84,16.18,101764.91,21.92,29.62,-1111495.12,5.07
18:36,101740.51,29.08,16.42,101762.75,22.36,29.94,-1110941.00,3.60
18:37,101728.78,29.21,16.06,101769.35,21.92,29.83,-1110023.75,3.95
18:38,101736.12,28.83,15.97,101765.92,21.35,30.44,-1111036.00,4.28
18:39,101740.60,28.77,16.23,101774.72,21.72,30.27,-1111037.62,5.14
18:40,101740.92,28.54,16.11,101767.75,20.76,31.42,-1111128.00,4.65
18:41,101732.61,28.31,16.28,101763.50,20.82,31.53,-1111243.75,4.49
18:42,101728.63,28.60,16.54,101766.13,22.38,28.90,-1109980.50,5.30
18:43,101737.74,28.94,16.12,101767.16,22.02,28.84,-1109555.37,5.09
18:44,101736.91,28.61,16.21,101765.61,21.34,30.23,-1109239.87,4.68
18:45,101742.74,28.59,16.30,101762.91,21.56,30.24,-1108934.00,4.63
18:46,101745.25,28.83,16.44,101766.00,21.84,30.69,-1107569.00,4.73
18:47,101731.11,28.83,16.31,101764.31,21.96,29.77,-1107546.12,4.98
18:48,101737.97,29.22,16.71,101763.32,22.60,30.45,-1106232.87,3.55
18:49,101733.25,29.44,15.87,101761.80,21.36,30.85,-1103887.87,5.22
18:50,101741.67,28.62,15.99,101761.27,20.81,31.17,-1106435.87,4.13
18:51,101725.75,28.69,16.25,101762.90,22.25,28.60,-1106607.00,4.40
18:52,101738.38,28.65,16.31,101767.76,21.53,30.43,-1107164.25,3.57
18:53,101749.97,28.60,16.44,101770.46,21.76,30.52,-1107889.62,4.69
18:54,101738.47,28.67,15.98,101764.02,20.71,31.54,-1107524.25,3.94
18:55,101734.82,28.47,16.37,101767.02,21.56,30.42,-1109156.75,4.13
18:56,101737.95,28.54,16.42,101770.98,21.77,29.92,-1110465.62,4.57
18:57,101736.27,28.76,16.55,101764.15,22.39,29.44,-1110799.25,4.96
18:58,101733.91,28.99,16.32,101765.19,22.37,29.14,-1109599.12,3.81
18:59,101726.85,28.70,16.18,101762.28,21.68,29.95,-1109326.25,4.64
19:0,101725.66,28.94,16.30,101762.51,22.26,29.48,-1107956.75,4.72
19:1,101729.42,29.15,16.27,101762.61,22.59,28.82,-1106760.37,3.49
19:2,101732.92,29.04,15.88,101761.63,22.00,28.95,-1107494.50,5.11
19:3,101736.07,28.84,15.97,101761.35,22.17,28.93,-1109574.25,4.09
19:4,101739.89,28.73,15.97,101761.83,21.83,29.08,-1110201.12,4.69
19:5,101730.99,28.66,15.94,101763.05,22.15,27.56,-1111856.62,3.88
19:6,101735.94,28.57,16.08,101766.60,21.98,28.29,-1113327.00,4.01
19:7,101730.03,28.42,16.11,101761.80,21.48,29.25,-1113738.62,4.22
19:8,101726.13,28.56,16.10,101760.00,22.23,27.46,-1114311.25,3.80
19:9,101730.74,28.47,15.89,101758.55,22.20,26.98,-1115178.50,5.07
19:10,101733.75,28.36,16.06,101755.46,21.64,28.06,-1115151.12,4.72
19:11,101728.77,28.07,16.08,101759.55,21.35,28.14,-1115607.75,3.98
19:12,101728.16,28.21,16.28,101761.58,21.93,28.02,-1116153.50,4.83
19:13,101725.10,28.44,16.17,101759.69,22.24,27.79,-1116440.25,3.50
19:14,101729.33,28.35,15.81,101763.36,20.96,28.31,-1115299.00,3.89
19:15,101736.03,28.02,16.03,101759.19,21.21,28.54,-1116304.25,4.69
19:16,101739.94,27.94,16.19,101768.35,21.73,27.50,-1116615.50,4.43
19:17,101731.75,27.93,15.98,101764.30,20.97,28.32,-1116398.37,4.03
19:18,101730.94,27.70,16.00,101758.58,20.90,28.08,-1116922.62,4.32
19:19,101724.64,27.55,16.08,101758.11,20.71,28.50,-1116327.25,3.82
19:20,101736.82,27.39,16.28,101759.30,20.27,30.17,-1117231.12,3.47
19:21,101735.47,27.41,16.36,101760.30,20.79,29.06,-1117980.75,4.57
19:22,101733.63,27.53,16.46,101761.96,21.40,27.88,-1117288.75,4.07
19:23,101730.38,27.59,16.42,101765.50,21.48,27.23,-1117830.12,4.57
19:24,101735.32,27.53,16.37,101759.30,21.15,27.87,-1117165.25,3.98
19:25,101745.57,27.45,16.45,101762.22,20.91,28.57,-1117498.62,3.56
19:26,101736.92,27.45,16.41,101760.03,21.18,27.77,-1118412.25,4.41
19:27,101729.40,27.41,16.40,101757.14,21.15,27.77,-1117831.37,4.52
19:28,101726.64,27.38,16.53,101754.46,21.15,28.15,-1118023.37,4.40
19:29,101722.64,27.52,16.45,101747.97,21.03,28.29,-1118644.37,4.36
19:30,101723.65,27.50,16.38,101752.64,21.11,28.20,-1117380.12,4.54
19:31,101727.41,27.39,16.56,101753.67,20.92,28.77,-1119014.12,3.90
19:32,101727.74,27.37,16.44,101748.25,21.03,28.12,-1118558.00,4.16
19:33,101717.40,27.39,16.62,101754.61,21.43,27.62,-1118968.25,3.54
19:34,101720.23,27.61,16.62,101754.00,21.58,27.64,-1119422.50,5.01
19:35,101722.57,27.66,16.48,101749.21,21.16,28.47,-1118297.62,5.15
19:36,101721.55,27.59,16.46,101751.02,21.64,27.18,-1119024.62,3.95
19:37,101720.14,27.54,16.53,101746.32,21.20,28.01,-1119089.75,3.55
19:38,101727.86,27.60,16.47,101754.78,21.53,27.17,-1119270.62,4.82
19:39,101722.60,27.34,16.37,101747.48,20.74,28.35,-1119803.12,4.16
19:40,101722.53,27.43,16.58,101751.22,21.25,27.72,-1120378.87,4.85
19:41,101715.96,27.39,16.50,101748.60,21.33,27.23,-1120399.87,4.43
19:42,101710.55,27.29,16.38,101741.04,20.91,28.08,-1120621.37,4.35
19:43,101709.71,27.18,16.43,101739.07,21.09,27.44,-1120793.75,4.72
19:44,101720.35,27.14,16.54,101738.18,21.16,27.24,-1121070.50,4.08
19:45,101717.38,27.14,16.52,101743.41,20.08,29.76,-1120974.75,4.47
19:46,101709.66,27.00,16.64,101735.24,20.36,29.02,-1122008.25,4.90
19:47,101708.36,27.02,16.66,101741.13,20.81,28.46,-1122471.87,4.06
19:48,101713.89,27.13,16.76,101735.50,21.10,28.37,-1122509.12,4.24
19:49,101705.41,27.25,16.84,101742.57,21.36,28.42,-1123278.62,3.48
19:50,101712.09,27.18,16.62,101735.85,20.08,30.43,-1122467.25,4.68
19:51,101701.36,27.21,16.78,101743.64,20.78,29.15,-1123355.25,4.61
19:52,101710.08,27.14,16.52,101738.66,19.73,30.95,-1122562.75,3.72
19:53,101705.00,27.14,16.78,101740.07,20.70,29.70,-1123705.12,3.67
19:54,101715.19,27.06,16.74,101740.46,19.79,31.42,-1122719.75,4.84
19:55,101710.58,26.97,16.72,101738.67,19.39,31.99,-1122351.75,4.38
19:56,101711.46,26.94,16.82,101739.71,20.02,30.94,-1122453.12,4.49
19:57,101715.25,26.97,16.95,101737.36,20.42,30.45,-1121874.12,3.47
19:58,101714.07,26.98,16.86,101734.96,19.58,32.21,-1121182.87,3.45
19:59,101706.91,27.01,17.08,101735.92,20.69,30.15,-1120570.25,4.25
20:0,101714.92,27.14,16.90,101738.02,20.62,30.20,-1122376.50,4.15
20:1,101713.00,27.15,16.90,101739.76,19.58,32.72,-1122502.62,4.68
20:2,101715.32,27.18,16.88,101739.86,20.10,31.95,-1125352.37,4.11
20:3,101722.64,27.20,16.88,101740.69,19.89,32.89,-1125267.75,4.56
20:4,101726.44,27.25,16.95,101740.76,20.64,31.33,-1125846.12,4.11
20:5,101720.48,27.34,16.98,101744.02,20.40,32.17,-1126519.25,4.60
20:6,101717.10,27.36,16.94,101743.67,20.49,31.91,-1127137.25,4.00
20:7,101716.98,27.26,17.10,101745.23,20.16,32.74,-1126596.75,4.16
20:8,101721.19,27.13,17.08,101740.83,19.73,33.70,-1127756.75,3.96
20:9,101715.82,27.02,17.17,101745.09,19.36,34.26,-1127986.75,3.92
20:10,101729.27,27.06,17.21,101747.00,19.81,33.85,-1127757.50,4.56
20:11,101720.52,26.99,17.26,101746.32,19.46,34.24,-1128907.25,4.78
20:12,101716.67,27.03,17.25,101745.00,20.32,32.10,-1129228.62,4.88
20:13,101723.89,26.98,17.44,101749.82,20.18,32.80,-1129225.12,4.65
20:14,101715.49,27.04,17.39,101747.44,20.56,31.90,-1129284.25,4.53
20:15,101721.69,27.13,17.37,101754.83,20.38,32.88,-1128919.00,4.72
20:16,101727.97,27.10,17.41,101755.36,20.15,33.25,-1128740.75,3.87
20:17,101739.97,27.11,17.38,101759.27,20.25,32.76,-1129413.75,4.47
20:18,101723.97,27.08,17.39,101757.22,20.20,33.34,-1129267.87,4.20
20:19,101728.85,26.95,17.50,101759.21,19.73,34.57,-1129612.75,4.88
20:20,101726.22,26.95,17.48,101758.96,20.13,32.79,-1129878.00,4.03
20:21,101728.39,26.99,17.43,101757.90,19.88,34.09,-1130023.87,4.38
20:22,101730.19,26.83,17.48,101757.99,19.30,35.03,-1129927.75,3.52
20:23,101739.77,26.67,17.56,101757.58,18.87,35.97,-1130389.62,4.92
20:24,101738.25,26.68,17.74,101758.63,19.57,34.70,-1130716.62,4.67
20:25,101737.44,26.65,17.69,101761.10,19.42,34.91,-1130560.00,3.52
20:26,101740.41,26.75,17.74,101761.49,19.93,33.94,-1131063.87,4.55
20:27,101738.90,26.70,17.64,101762.22,19.01,35.91,-1130793.12,4.39
20:28,101734.57,26.51,17.73,101756.66,18.41,37.64,-1130823.12,3.81
20:29,101742.32,26.53,17.79,101764.38,19.42,35.11,-1132395.12,4.65
20:30,101738.02,26.63,17.79,101762.44,19.88,34.03,-1131946.75,5.05
20:31,101733.21,26.59,17.76,101760.41,19.19,35.64,-1131889.75,4.47
20:32,101732.33,26.48,17.77,101760.16,18.95,36.04,-1132156.75,4.78
20:33,101735.35,26.34,17.94,101759.17,18.83,36.89,-1132587.00,4.03
20:34,101729.27,26.36,18.01,101759.17,19.31,35.33,-1133540.50,3.80
20:35,101733.49,26.40,17.90,101758.16,19.30,35.90,-1133344.00,3.87
20:36,101731.65,26.45,18.02,101758.20,19.87,33.76,-1133524.50,4.73
20:37,101734.89,26.42,18.02,101759.42,19.14,36.26,-1133028.87,4.00
20:38,101742.02,26.33,17.86,101761.17,18.61,37.14,-1133443.37,4.71
20:39,101737.33,26.28,18.03,101763.07,19.14,35.74,-1133988.37,4.00
20:40,101734.71,26.28,17.88,101761.86,18.69,37.06,-1133946.37,4.00
20:41,101744.61,26.22,18.04,101765.02,19.06,35.77,-1134586.75,5.13
20:42,101744.80,26.24,18.15,101766.72,19.06,36.00,-1135174.50,5.03
20:43,101750.79,26.32,17.99,101768.51,18.86,36.75,-1134422.62,4.14
20:44,101741.39,26.27,18.12,101769.82,19.41,34.91,-1135471.62,4.61
20:45,101743.35,26.23,18.16,101770.97,19.06,36.06,-1135752.87,4.76
20:46,101742.30,26.17,18.11,101767.85,19.05,35.84,-1135792.75,4.47
20:47,101747.83,26.22,18.11,101769.48,19.46,34.82,-1135867.25,4.37
20:48,101743.66,26.31,18.00,101768.68,19.34,35.45,-1136114.25,4.99
20:49,101749.46,26.19,18.11,101766.75,19.03,35.67,-1136062.25,5.01
20:50,101745.13,26.23,18.19,101766.36,19.39,35.15,-1136356.25,4.97
20:51,101742.71,26.21,18.04,101765.77,18.69,37.15,-1136147.50,4.03
20:52,101744.53,26.23,18.15,101766.57,19.31,35.26,-1136967.25,4.52
20:53,101753.82,14.28,64.08,101771.66,17.59,43.42,-1136591.50,0.50
20:54,101757.33,15.74,48.61,101775.50,17.54,42.33,-1137285.62,0.24
20:55,101756.28,16.69,44.33,101777.82,17.52,42.43,-1137309.25,0.21
20:56,101739.17,25.02,21.01,101772.17,18.05,39.64,-1138243.00,4.04
20:57,101757.10,25.82,19.07,101775.51,18.31,38.74,-1137917.62,4.05
20:58,101748.61,26.02,18.61,101768.50,18.51,37.80,-1138428.12,3.82
20:59,101744.76,26.13,18.54,101772.52,18.71,37.98,-1138220.25,5.09
21:0,101745.36,26.04,18.46,101774.32,18.83,37.26,-1138829.37,5.12
21:1,101744.96,26.06,18.42,101773.41,18.80,37.25,-1139051.25,4.32
21:2,101749.79,26.06,18.44,101772.73,18.91,36.86,-1139293.87,4.72
21:3,101747.97,26.18,18.26,101771.34,18.72,37.38,-1139553.75,3.91
21:4,101747.14,26.08,18.24,101771.03,18.34,38.98,-1138962.25,4.61
21:5,101743.07,26.08,18.31,101769.78,18.79,37.42,-1139828.75,3.87
21:6,101747.32,26.05,18.33,101773.13,18.18,38.87,-1139645.75,3.84
21:7,101739.24,25.99,18.40,101770.71,18.71,37.31,-1140120.62,4.75
21:8,101745.23,26.14,18.20,101772.99,18.87,37.67,-1140923.25,4.07
21:9,101744.41,26.12,18.35,101773.88,19.09,36.34,-1140489.50,4.44
21:10,101751.43,26.16,18.26,101779.17,18.73,38.09,-1141043.75,4.39
21:11,101755.94,26.04,18.26,101777.78,18.04,39.83,-1141492.62,3.67
21:12,101753.40,26.04,18.28,101783.17,18.13,40.05,-1140938.12,4.92
21:13,101762.74,26.01,18.31,101787.39,18.35,38.63,-1141900.62,3.90
21:14,101757.82,26.04,18.26,101788.35,18.18,39.70,-1142312.75,4.47
21:15,101768.74,26.00,18.35,101787.03,18.72,37.43,-1142034.25,4.69
21:16,101766.88,26.09,18.33,101786.30,18.66,37.79,-1142301.50,4.03
21:17,101767.90,26.10,18.35,101793.42,19.00,36.95,-1142741.75,4.14
21:18,101773.56,26.14,18.33,101795.72,18.65,38.64,-1142954.12,5.00
21:19,101759.75,26.04,18.46,101793.10,18.60,38.25,-1142925.25,4.05
21:20,101775.77,26.10,18.35,101792.72,19.01,37.04,-1143364.12,5.12
21:21,101770.41,26.07,18.34,101795.66,18.55,38.83,-1143459.75,3.85
21:22,101759.60,26.10,18.32,101799.57,18.53,39.02,-1143440.75,3.94
21:23,101769.92,26.05,18.34,101791.62,18.46,38.84,-1144132.75,4.64
21:24,101760.52,26.08,18.49,101793.25,18.46,39.40,-1144168.12,4.18
21:25,101773.46,26.13,18.42,101791.39,18.71,38.28,-1144733.25,4.33
21:26,101778.97,26.13,18.31,101798.32,18.12,41.02,-1144711.12,4.18
21:27,101774.39,26.07,18.38,101802.44,18.25,39.75,-1145341.50,3.85
21:28,101771.54,26.06,18.52,101799.41,18.58,38.66,-1145109.12,4.04
21:29,101783.02,26.07,18.39,101800.25,18.13,40.15,-1145618.75,3.96
21:30,101784.33,26.10,18.31,101804.36,18.39,39.45,-1146336.12,3.82
21:31,101776.00,26.08,18.37,101810.43,17.98,41.09,-1145828.12,4.59
21:32,101774.35,26.06,18.40,101804.28,18.34,39.61,-1146376.50,4.29
21:33,101785.69,26.06,18.55,101804.61,18.51,39.08,-1146783.25,3.85
21:34,101780.38,26.10,18.47,101803.53,18.51,39.40,-1147319.62,5.11
21:35,101780.85,26.05,18.57,101796.07,18.65,38.32,-1147850.75,5.10
21:36,101782.71,26.10,18.47,101799.30,18.19,40.42,-1147865.62,4.34
21:37,101770.17,26.05,18.49,101797.52,18.45,39.46,-1147942.00,4.78
21:38,101767.21,26.04,18.45,101801.80,17.79,41.91,-1147926.37,5.05
21:39,101773.86,25.90,18.66,101798.08,18.18,40.15,-1148531.75,4.54
21:40,101777.53,25.99,18.58,101798.61,18.50,39.60,-1149187.87,4.87
21:41,101771.21,25.96,18.54,101799.67,17.90,41.35,-1149030.12,4.95
21:42,101770.96,25.93,18.58,101795.99,18.03,40.41,-1149760.75,4.67
21:43,101778.08,25.99,18.63,101799.05,18.47,39.85,-1150185.25,4.76
21:44,101778.73,26.01,18.51,101800.72,18.52,39.30,-1150418.12,4.63
21:45,101779.82,25.99,18.50,101800.36,18.15,40.56,-1150331.75,4.87
21:46,101782.22,25.97,18.58,101802.25,17.97,41.20,-1150439.87,5.22
21:47,101777.40,25.93,18.58,101804.86,17.90,41.10,-1151056.75,4.98
21:48,101785.92,25.95,18.54,101804.97,18.29,40.10,-1151969.87,5.02
21:49,101778.15,25.97,18.53,101806.12,18.27,40.20,-1152102.37,4.98
21:50,101778.64,26.00,18.50,101809.39,18.14,40.66,-1152139.12,5.04
21:51,101780.80,25.99,18.56,101808.66,18.31,40.27,-1152398.87,5.10
21:52,101789.90,25.96,18.53,101808.33,17.98,41.48,-1152404.12,4.04
21:53,101776.82,25.89,18.53,101812.35,17.79,41.91,-1152901.62,4.90
21:54,101784.03,25.88,18.63,101808.53,18.20,39.84,-1153672.25,4.87
21:55,101782.57,25.89,18.63,101808.13,18.17,40.37,-1153814.37,4.95
21:56,101784.27,25.86,18.62,101813.44,17.74,41.67,-1153683.25,3.97
21:57,101781.62,25.88,18.65,101809.71,18.10,40.58,-1154000.75,4.06
21:58,101773.45,25.83,18.65,101812.46,17.36,43.26,-1154046.25,4.98
21:59,101785.47,25.83,18.73,101809.25,18.26,39.98,-1154963.25,5.07
22:0,101784.00,25.81,18.71,101812.61,17.72,41.44,-1155089.75,4.61
22:1,101780.36,25.84,18.72,101810.71,17.92,40.97,-1155386.37,5.05
22:2,101773.68,25.90,18.64,101807.20,18.47,39.48,-1155906.00,4.24
22:3,101775.39,25.91,18.63,101803.24,18.27,39.68,-1156314.87,4.95
22:4,101774.86,25.89,18.70,101803.51,18.01,40.77,-1156745.25,5.00
22:5,101773.86,25.86,18.76,101800.57,18.05,40.62,-1156961.75,5.21
22:6,101775.03,25.85,18.75,101800.23,18.18,40.19,-1157218.25,4.32
22:7,101772.42,25.86,18.67,101802.66,17.94,40.99,-1157547.62,3.78
22:8,101777.52,25.87,18.65,101804.14,17.83,41.41,-1157265.75,4.19
22:9,101770.75,25.83,18.71,101803.21,18.02,40.84,-1158068.00,3.78
22:10,101772.10,25.83,18.79,101804.08,17.98,40.80,-1158960.25,3.97
22:11,101777.22,25.88,18.66,101796.82,18.17,40.82,-1159265.87,3.96
22:12,101774.82,25.84,18.78,101798.99,18.09,41.01,-1159400.62,4.86
22:13,101764.28,25.85,18.70,101797.30,18.30,39.92,-1160047.62,4.68
22:14,101768.53,25.86,18.82,101794.91,18.34,39.89,-1160178.25,4.85
22:15,101776.80,25.88,18.67,101797.92,17.75,42.23,-1159914.75,4.06
22:16,101766.23,25.84,18.71,101793.36,17.90,41.56,-1160305.75,4.82
22:17,101761.16,25.81,18.71,101794.02,17.44,43.17,-1160690.50,4.62
22:18,101769.66,25.80,18.90,101790.33,17.92,41.81,-1161224.37,5.09
22:19,101767.52,25.78,18.94,101789.76,17.86,41.84,-1161361.25,4.43
22:20,101772.07,25.81,18.71,101795.13,17.81,42.05,-1161644.25,4.56
22:21,101758.36,25.75,18.81,101799.27,17.69,42.29,-1161820.00,3.82
22:22,101763.80,25.82,18.93,101791.19,18.12,40.83,-1162410.75,3.89
22:23,101772.50,25.85,18.83,101790.05,18.07,40.94,-1162732.25,4.08
22:24,101762.96,25.87,18.73,101793.22,18.20,40.59,-1162943.62,4.51
22:25,101769.71,25.85,18.77,101793.84,18.12,40.73,-1163665.87,3.94
22:26,101767.45,25.83,18.90,101793.52,18.17,40.56,-1163719.87,3.80
22:27,101770.39,25.86,18.89,101795.31,18.35,39.84,-1164138.50,4.59
22:28,101768.35,25.85,18.87,101793.36,18.02,40.99,-1164016.75,4.54
22:29,101764.02,25.88,18.69,101798.17,17.79,42.50,-1165297.25,5.04
22:30,101776.41,25.83,18.84,101801.94,17.73,42.29,-1164548.62,4.93
22:31,101769.22,25.83,18.87,101801.26,17.83,41.76,-1164740.87,4.40
22:32,101772.12,25.80,18.86,101805.52,17.81,42.06,-1165688.62,4.56
22:33,101776.84,25.79,18.84,101802.03,17.74,42.18,-1165620.25,3.99
22:34,101768.69,25.75,18.91,101805.01,17.72,42.30,-1165958.75,3.96
22:35,101770.64,25.75,18.86,101798.71,17.75,42.07,-1165895.37,4.94
22:36,101768.94,25.75,18.86,101801.14,17.97,41.21,-1166524.12,4.97
22:37,101778.22,25.77,18.90,101798.66,18.08,41.11,-1167330.37,4.54
22:38,101768.55,25.79,18.91,101804.42,18.13,40.82,-1167085.25,3.87
22:39,101768.61,25.81,18.88,101807.61,18.24,40.26,-1167250.00,4.26
22:40,101786.49,25.79,18.98,101808.80,18.13,40.93,-1167548.50,4.01
22:41,101773.64,25.80,18.83,101810.50,17.22,44.56,-1167551.50,4.43
22:42,101776.06,25.68,18.86,101812.21,16.84,45.13,-1167848.75,4.47
22:43,101787.13,25.62,18.99,101811.25,16.92,45.06,-1168741.25,4.69
22:44,101773.32,25.66,18.99,101810.30,17.34,44.03,-1169098.25,3.95
22:45,101776.22,25.67,18.90,101813.05,17.49,43.47,-1169298.50,5.05
22:46,101777.43,25.69,18.87,101814.63,17.45,43.49,-1169236.25,5.12
22:47,101781.46,25.66,18.94,101811.75,16.77,45.98,-1169621.50,3.96
22:48,101798.92,25.65,18.95,101821.86,17.44,43.30,-1170253.25,5.01
22:49,101788.99,25.66,18.92,101816.74,17.28,43.94,-1169951.25,4.98
22:50,101787.49,25.60,19.07,101815.29,17.05,44.32,-1170942.62,4.59
22:51,101787.49,25.64,19.01,101820.75,17.44,43.17,-1171400.37,5.07
22:52,101783.60,25.64,19.05,101818.83,17.61,42.83,-1171222.75,3.94
22:53,101781.14,25.64,19.00,101814.96,16.81,45.59,-1171009.50,4.23
22:54,101795.86,25.64,18.92,101815.50,17.41,43.71,-1171575.62,4.82
22:55,101794.40,25.66,19.03,101819.51,17.66,42.85,-1171617.00,4.21
22:56,101789.57,25.73,18.98,101819.51,17.88,41.81,-1172221.62,4.14
22:57,101785.05,25.73,19.04,101821.30,17.93,41.84,-1173003.25,5.07
22:58,101795.75,25.74,18.90,101820.10,17.65,42.79,-1172854.75,5.12
22:59,101788.14,25.74,19.04,101821.25,17.56,43.08,-1173031.50,4.35
23:0,101790.97,25.73,19.02,101829.25,17.61,42.95,-1173309.37,3.84
23:1,101801.00,25.70,19.13,101824.90,17.41,43.31,-1173279.75,5.05
23:2,101795.95,25.72,19.01,101827.46,17.73,42.47,-1173732.62,4.38
23:3,101802.38,25.68,19.05,101822.86,16.68,47.32,-1173126.37,4.12
23:4,101795.88,25.69,19.06,101826.49,17.53,43.25,-1173573.12,4.92
23:5,101791.96,25.67,19.06,101823.94,17.43,43.41,-1173850.25,4.99
23:6,101797.53,25.66,19.06,101820.97,16.94,45.16,-1174231.75,4.45
23:7,101797.20,25.70,18.97,101822.32,17.57,43.18,-1174549.12,4.43
23:8,101789.17,25.68,19.11,101819.64,17.31,43.90,-1174593.75,3.89
23:9,101783.69,25.69,19.02,101823.53,17.36,43.62,-1174850.12,5.13
23:10,101800.44,25.69,19.06,101824.21,17.25,44.12,-1175419.50,4.59
23:11,101795.83,25.69,19.08,101828.97,17.66,42.91,-1175712.50,4.79
23:12,101797.78,25.70,19.16,101822.35,17.36,44.21,-1175829.75,4.23
23:13,101798.92,25.69,19.09,101824.07,17.43,43.36,-1175994.87,4.09
23:14,101795.71,25.69,19.14,101824.46,17.57,43.02,-1176384.75,5.10
23:15,101792.14,25.68,19.06,101827.11,16.91,45.25,-1176367.62,4.56
23:16,101786.81,25.68,19.10,101825.92,17.40,43.53,-1176666.12,4.75
23:17,101800.10,25.72,18.99,101826.49,17.59,42.68,-1176899.25,4.36
23:18,101795.87,25.72,19.04,101818.16,17.29,43.67,-1177435.50,3.95
23:19,101787.16,25.73,19.02,101823.96,17.61,42.86,-1177566.12,5.01
23:20,101787.53,25.73,18.96,101820.17,16.89,45.67,-1177224.00,5.14
23:21,101783.76,25.68,19.12,101816.27,17.20,44.16,-1177764.62,3.81
23:22,101789.50,25.70,19.08,101819.51,17.61,42.62,-1178136.37,5.26
23:23,101791.03,25.72,19.08,101813.74,17.06,44.80,-1178352.37,4.90
23:24,101782.67,25.68,19.06,101811.45,16.78,45.66,-1178124.25,3.77
23:25,101781.89,25.72,19.04,101808.48,17.06,44.56,-1178622.00,4.22
23:26,101776.72,25.71,19.04,101809.33,17.11,44.74,-1178485.50,5.20
23:27,101780.53,25.71,18.98,101807.38,17.28,44.13,-1178975.75,3.84
23:28,101779.54,25.78,18.95,101805.57,16.63,46.57,-1178610.50,4.98
23:29,101778.67,25.85,18.92,101806.55,17.13,44.69,-1178886.00,4.46
23:30,101780.36,25.84,18.89,101813.36,16.80,46.04,-1179170.50,5.02
23:31,101783.20,25.84,18.89,101810.02,17.10,44.70,-1179571.75,4.85
23:32,101784.36,25.86,18.76,101815.98,17.57,42.62,-1179612.87,4.31
23:33,101790.69,25.81,18.90,101810.58,17.00,44.39,-1179990.75,5.02
23:34,101775.89,25.86,18.82,101807.53,17.14,44.92,-1180079.25,5.34
23:35,101787.23,25.81,18.88,101806.39,17.09,44.10,-1179759.00,4.74
23:36,101777.40,25.85,18.72,101808.14,17.24,43.99,-1180518.62,5.11
23:37,101772.24,25.85,18.77,101807.23,16.82,45.90,-1179979.87,5.23
23:38,101776.43,25.80,18.97,101803.83,17.08,44.09,-1180323.25,4.37
23:39,101778.92,25.81,18.83,101806.47,16.69,45.78,-1180443.25,4.74
23:40,101778.53,25.83,18.82,101806.08,17.55,42.74,-1180683.12,3.98
23:41,101782.16,25.82,18.85,101801.64,17.11,44.40,-1180483.50,4.43
23:42,101773.79,25.83,18.90,101801.36,17.46,43.49,-1181121.00,4.67
23:43,101775.16,25.84,18.87,101801.64,17.40,43.30,-1181592.37,3.95
23:44,101783.43,25.86,18.73,101800.51,17.13,44.25,-1181502.25,3.91
23:45,101786.39,25.82,19.00,101801.33,16.84,45.43,-1180838.75,5.05
23:46,101774.80,25.86,18.82,101804.39,17.28,44.51,-1181574.25,5.18
23:47,101777.27,25.84,18.84,101801.99,16.70,46.15,-1181432.50,4.92
23:48,101777.73,25.89,18.63,101804.42,16.89,45.82,-1181512.75,4.14
23:49,101779.54,25.87,18.75,101803.85,16.80,45.34,-1181610.75,4.67
23:50,101772.41,25.90,18.95,101802.41,17.13,45.09,-1182201.12,4.03
23:51,101780.97,25.86,18.84,101804.81,17.09,44.65,-1181713.75,4.16
23:52,101786.19,25.92,18.70,101809.55,17.49,43.47,-1182479.25,5.23
23:53,101780.70,25.93,18.70,101805.02,17.12,44.66,-1182453.87,4.69
23:54,101783.31,25.92,18.79,101805.00,17.10,44.37,-1182621.50,4.20
23:55,101781.97,25.93,18.74,101807.16,17.13,44.61,-1182622.12,4.37
23:56,101784.83,25.97,18.71,101812.19,17.17,44.70,-1182893.87,5.14
23:57,101788.07,25.98,18.85,101811.02,17.13,44.46,-1183352.75,4.76
23:58,101781.03,26.06,18.63,101811.92,17.34,43.88,-1182767.75,5.14
23:59,101793.02,26.08,18.77,101818.51,17.64,43.21,-1182259.87,4.71
0:0,101795.63,26.20,18.55,101813.47,17.24,44.85,-1182629.25,3.85
0:1,101794.46,26.13,18.73,101813.36,16.72,46.15,-1182986.75,4.29
0:2,101798.67,26.15,18.72,101817.49,16.92,45.37,-1183005.12,4.63
0:3,101799.67,26.23,18.76,101813.55,17.08,44.81,-1183055.75,4.15
0:4,101799.42,26.29,18.79,101817.89,17.35,44.07,-1182908.87,4.99
0:5,101791.73,26.42,18.56,101821.34,17.51,43.66,-1183496.75,4.10
0:6,101790.55,26.42,18.78,101817.25,17.39,43.74,-1183275.12,5.16
0:7,101797.64,26.53,18.64,101816.60,17.45,43.90,-1183065.25,3.85
0:8,101796.49,26.69,18.60,101814.21,17.25,45.07,-1183778.25,4.22
0:9,101790.50,26.76,18.81,101812.95,17.14,45.08,-1182955.75,5.12
0:10,101790.07,26.89,18.79,101820.39,17.79,43.49,-1184093.75,3.92
0:11,101793.82,27.01,18.88,101812.89,17.19,45.17,-1183793.87,5.02
0:12,101791.24,27.10,19.16,101813.64,17.31,45.27,-1183889.50,4.85
0:13,101792.14,27.17,19.45,101820.05,17.36,44.97,-1183426.75,4.36
0:14,101792.69,27.14,19.72,101815.78,17.41,45.12,-1183603.62,4.21
0:15,101795.89,27.12,19.94,101818.57,16.78,47.74,-1183693.62,5.19
0:16,101790.93,26.91,20.30,101819.23,17.47,45.15,-1183745.75,4.15
0:17,101799.55,26.79,20.63,101817.02,17.49,45.29,-1183236.00,4.54
0:18,101797.20,26.56,21.26,101815.66,15.78,52.00,-1183467.75,3.96
0:19,101793.25,26.48,21.35,101816.60,16.86,47.73,-1183543.12,5.26
0:20,101791.74,26.38,21.59,101815.47,16.96,47.69,-1183713.25,4.39
0:21,101792.10,26.13,22.25,101815.46,15.78,51.96,-1183847.00,4.93
0:22,101783.96,26.08,22.40,101810.99,16.84,48.36,-1184195.75,4.52
0:23,101784.67,26.02,22.57,101813.49,16.94,47.64,-1183489.37,5.18
0:24,101797.11,21.22,30.32,101811.12,16.75,48.14,-1185214.37,0.52
0:25,101807.50,10.94,51.80,101810.71,14.93,52.77,-1184543.25,0.52
0:26,101810.63,7.15,63.57,101815.42,13.20,57.97,-1183501.00,0.52
0:27,101815.33,6.25,69.77,101816.07,12.68,59.97,-1184010.12,0.55
0:28,101808.14,7.85,76.00,101816.39,12.67,62.35,-1185161.25,0.55
0:29,101803.56,9.25,78.79,101812.53,12.76,63.75,-1188169.50,0.55
0:30,101808.23,9.96,79.38,101814.16,13.01,63.87,-1191337.87,0.55
0:31,101809.58,10.26,79.72,101817.27,13.08,64.23,-1194221.12,0.55
0:32,101811.32,10.42,79.92,101812.39,13.20,64.19,-1197254.25,0.55
0:33,101799.46,10.64,80.54,101815.02,13.14,64.78,-1200289.75,0.54
0:34,101812.92,10.83,80.97,101810.36,13.08,65.49,-1202781.25,0.55
0:35,101805.19,11.02,81.68,101811.44,13.13,65.78,-1205518.87,0.52
0:36,101805.99,11.28,82.58,101806.52,13.19,66.20,-1207962.37,0.52
0:37,101800.16,11.52,83.06,101808.69,13.14,66.73,-1209551.75,0.55
0:38,101809.17,11.75,83.21,101813.02,13.16,67.15,-1211511.25,0.55
0:39,101799.55,11.92,82.81,101810.55,13.18,67.40,-1212868.62,0.55
0:40,101800.46,11.95,82.36,101814.08,13.14,67.65,-1214028.75,0.55
0:41,101786.92,19.86,34.71,101809.83,13.89,61.47,-1215153.75,4.92
0:42,101778.97,22.32,24.72,101806.71,15.32,52.17,-1216105.25,4.63
0:43,101772.75,23.21,23.34,101810.83,15.91,49.25,-1216325.75,3.74
0:44,101789.86,23.68,22.50,101807.45,15.91,49.89,-1216245.25,4.92
0:45,101798.05,23.94,22.04,101806.96,16.06,48.92,-1217350.25,3.76
0:46,101785.96,24.16,21.54,101810.46,16.30,47.90,-1217829.37,4.16
0:47,101779.71,24.29,21.42,101809.50,16.31,47.92,-1217680.25,4.82
0:48,101795.67,24.41,21.02,101809.83,16.19,49.38,-1218278.12,4.40
0:49,101799.05,24.46,20.97,101811.64,16.27,47.92,-1218592.75,4.87
0:50,101786.50,24.51,20.89,101813.74,16.31,47.62,-1218617.37,3.80
0:51,101784.94,24.60,20.73,101807.26,16.52,46.66,-1219319.00,4.16
0:52,101786.57,24.63,20.67,101806.80,16.31,47.95,-1219020.25,5.05
0:53,101787.77,24.68,20.54,101812.11,15.77,51.32,-1219658.00,4.38
0:54,101776.35,24.67,20.62,101808.39,15.90,49.57,-1220429.50,4.52
0:55,101788.19,24.71,20.46,101809.13,16.34,47.42,-1220823.75,3.89
0:56,101786.08,24.74,20.41,101811.71,16.35,48.35,-1220897.00,3.76
0:57,101786.23,24.73,20.44,101808.96,14.80,53.69,-1220719.00,4.64
0:58,101790.83,24.75,20.34,101809.94,16.13,48.29,-1220882.12,4.97
0:59,101783.72,24.78,20.29,101803.33,16.51,46.96,-1221408.12,4.76
1:0,101788.24,24.79,20.25,101806.07,16.40,48.31,-1221811.75,5.11
1:1,101783.41,24.82,20.26,101803.19,16.54,46.73,-1222362.12,5.04
1:2,101775.36,24.84,20.17,101801.91,16.64,46.55,-1222499.75,5.03
1:3,101781.78,24.87,20.10,101797.72,16.49,47.39,-1222495.00,4.47
1:4,101777.25,24.83,20.16,101800.16,16.11,48.10,-1222700.12,4.67
1:5,101779.17,24.84,20.09,101799.73,15.91,49.38,-1222730.00,4.65
1:6,101781.60,24.84,20.11,101796.07,16.04,49.50,-1222834.37,3.97
1:7,101769.96,24.84,20.09,101800.33,16.08,48.38,-1222727.37,3.85
1:8,101773.27,24.89,19.99,101797.69,16.48,46.70,-1223253.75,5.01
1:9,101781.13,24.86,20.08,101796.82,15.96,48.61,-1223285.37,5.04
1:10,101781.66,24.87,19.99,101797.03,15.91,49.51,-1223414.75,4.83
1:11,101772.28,24.87,20.03,101802.05,16.34,47.74,-1224147.12,3.81
1:12,101776.92,24.89,19.99,101796.85,15.95,48.65,-1223729.87,4.06
1:13,101772.75,24.91,19.92,101799.71,16.64,45.85,-1224944.25,5.09
1:14,101770.33,24.93,19.86,101797.22,16.75,45.44,-1224866.87,4.72
1:15,101778.55,24.94,19.78,101800.41,16.24,47.68,-1225163.62,4.48
1:16,101774.28,24.92,19.97,101794.13,16.61,46.30,-1225402.75,4.42
1:17,101778.28,24.93,19.86,101798.50,16.69,45.97,-1225226.00,4.72
1:18,101776.07,24.93,19.89,101795.57,16.25,47.59,-1225763.25,4.36
1:19,101772.63,24.94,19.85,101796.18,16.22,47.93,-1226176.12,3.81
1:20,101771.10,24.94,19.95,101797.08,16.13,48.71,-1225862.12,4.51
1:21,101769.41,24.91,19.79,101789.45,15.75,49.51,-1225931.00,4.58
1:22,101773.55,24.93,19.72,101793.06,16.05,48.67,-1225974.50,3.76
1:23,101771.17,24.93,19.84,101792.52,16.00,48.49,-1226154.37,5.00
1:24,101774.32,25.00,19.61,101796.82,15.78,50.04,-1226122.62,4.09
1:25,101770.57,24.99,19.71,101795.86,15.64,50.10,-1225894.75,4.33
1:26,101765.02,24.97,19.76,101797.94,16.25,47.74,-1226286.75,3.94
1:27,101772.20,25.00,19.67,101794.86,16.00,49.33,-1226949.75,4.56
1:28,101769.24,25.00,19.69,101795.32,16.11,48.06,-1226722.75,3.96
1:29,101775.32,25.03,19.56,101802.23,16.06,48.12,-1226535.75,4.92
1:30,101776.35,25.07,19.63,101804.48,16.20,48.20,-1227108.25,4.14
1:31,101774.41,25.05,19.66,101804.69,16.14,48.13,-1227507.87,3.95
1:32,101776.78,25.05,19.72,101802.24,15.93,48.56,-1226552.50,4.80
1:33,101780.50,25.09,19.53,101804.86,16.13,47.86,-1227537.87,4.97
1:34,101776.71,25.09,19.45,101802.70,15.65,49.80,-1227116.25,5.12
1:35,101776.34,25.07,19.48,101802.43,16.31,46.81,-1227080.50,4.32
1:36,101779.33,25.09,19.46,101806.46,16.06,47.72,-1227313.50,4.81
1:37,101782.25,25.06,19.51,101804.99,16.23,46.99,-1227111.25,4.27
1:38,101778.49,25.10,19.44,101800.60,16.51,45.68,-1227502.50,4.07
1:39,101773.36,25.16,19.34,101797.69,16.58,45.93,-1228129.87,5.01
1:40,101778.19,25.13,19.29,101803.11,15.41,50.25,-1227392.87,4.76
1:41,101773.67,25.11,19.38,101800.88,16.29,47.49,-1227478.50,4.49
1:42,101775.73,25.16,19.34,101799.05,15.90,48.65,-1227561.50,5.19
1:43,101783.94,25.16,19.31,101798.61,16.05,47.23,-1227924.37,4.24
1:44,101774.18,25.18,19.19,101799.83,15.94,48.75,-1228051.62,4.74
1:45,101775.49,25.17,19.27,101797.67,15.89,48.24,-1227937.62,4.63
1:46,101772.32,25.25,19.17,101794.96,15.63,49.55,-1227515.00,5.04
1:47,101777.86,25.21,19.30,101797.57,15.41,49.79,-1228080.37,3.91
1:48,101767.50,25.25,19.42,101792.49,15.93,47.79,-1228295.75,3.88
1:49,101766.02,25.35,19.38,101792.98,16.35,46.01,-1227981.87,5.19
1:50,101769.74,25.46,19.26,101794.32,16.29,46.44,-1228129.62,3.97
1:51,101778.10,25.52,19.33,101793.00,15.77,49.17,-1227805.25,4.22
1:52,101774.44,25.59,19.43,101792.41,16.31,46.54,-1228535.12,4.09
1:53,101767.02,25.64,19.50,101791.44,15.87,48.64,-1228255.75,5.20
1:54,101770.13,25.75,19.88,101794.42,15.72,49.33,-1228444.75,4.61
1:55,101781.55,25.89,19.89,101798.69,16.37,46.61,-1229242.50,3.84
1:56,101778.82,25.96,20.13,101793.21,16.37,47.30,-1228580.25,4.29
1:57,101774.11,25.94,20.49,101798.02,16.17,48.07,-1228506.75,4.00
1:58,101779.46,25.82,20.65,101798.96,16.27,47.90,-1229205.75,3.89
1:59,101771.85,25.69,21.01,101798.18,16.40,47.07,-1228632.37,4.64
2:0,101776.13,25.62,21.32,101796.00,16.66,46.40,-1228954.75,3.80
2:1,101770.92,25.50,21.82,101798.14,16.24,47.98,-1228582.25,4.99
2:2,101772.94,25.31,22.21,101796.69,15.93,48.63,-1229364.62,4.17
2:3,101768.47,25.24,22.41,101794.52,15.83,49.70,-1229709.00,4.78
2:4,101772.57,25.09,22.81,101795.93,15.64,50.85,-1229115.62,5.16
2:5,101774.78,24.91,23.28,101788.00,15.85,49.29,-1229541.75,5.04
2:6,101781.11,15.10,42.82,101795.08,15.10,52.17,-1229694.12,0.52
2:7,101793.54,7.36,60.16,101795.32,12.80,58.96,-1228823.12,0.57
2:8,101795.74,5.54,68.29,101793.44,11.96,61.09,-1229492.37,0.55
2:9,101791.30,5.27,73.56,101795.10,11.66,63.07,-1230564.62,0.55
2:10,101793.86,7.86,79.53,101797.25,11.74,64.63,-1233261.75,0.55
2:11,101782.89,9.69,82.10,101792.18,12.08,65.76,-1236599.37,0.55
2:12,101789.78,10.49,82.73,101788.28,12.24,66.93,-1239195.25,0.56
2:13,101800.44,10.77,82.88,101789.55,12.30,67.46,-1240985.75,0.55
2:14,101783.71,10.92,83.14,101791.30,12.54,67.45,-1242815.00,0.56
2:15,101780.58,11.01,83.11,101792.80,12.43,67.55,-1244214.75,0.55
2:16,101774.71,11.07,83.24,101790.03,12.38,68.24,-1245794.62,0.56
2:17,101777.99,11.16,83.24,101789.23,12.40,68.49,-1246782.37,0.55
2:18,101778.42,11.31,83.28,101784.60,12.40,68.68,-1247645.75,0.58
2:19,101792.35,11.36,82.88,101790.00,12.31,69.18,-1248079.75,0.56
2:20,101786.11,11.44,82.68,101791.28,12.36,68.97,-1249138.25,0.56
2:21,101781.55,11.44,82.24,101787.89,12.20,69.35,-1249527.87,0.57
2:22,101774.53,11.49,82.00,101786.78,12.32,69.16,-1249901.00,0.56
2:23,101752.32,20.78,28.95,101785.24,13.30,60.12,-1250853.25,4.72
2:24,101755.76,22.11,24.96,101778.13,14.45,53.61,-1251307.75,3.80
2:25,101757.35,23.11,23.12,101778.24,14.61,53.46,-1250740.50,3.98
2:26,101754.91,23.43,22.50,101782.90,14.92,52.06,-1251263.50,4.93
2:27,101751.68,23.65,22.14,101781.31,15.44,49.14,-1251539.25,4.55
2:28,101747.43,23.77,21.79,101779.77,15.32,49.55,-1251936.12,5.05
2:29,101747.85,23.86,21.53,101779.10,15.09,51.68,-1251896.00,4.82
2:30,101766.50,23.91,21.33,101772.51,14.56,53.55,-1251501.00,4.81
2:31,101755.39,23.93,21.21,101779.73,15.04,50.91,-1252249.62,4.03
2:32,101758.60,23.93,21.14,101781.25,15.19,50.43,-1252600.00,4.05
2:33,101758.49,23.89,20.95,101775.13,14.34,54.65,-1252118.87,4.90
2:34,101759.06,23.91,20.91,101779.95,15.23,49.90,-1252810.75,4.71
2:35,101760.42,23.91,20.78,101779.30,15.18,50.18,-1253288.87,3.89
2:36,101753.75,23.89,20.81,101779.21,15.22,49.75,-1253198.37,4.11
2:37,101753.05,23.90,20.66,101776.36,15.23,49.55,-1253457.25,4.09
2:38,101749.64,23.90,20.75,101778.57,15.48,48.48,-1253305.00,4.91
2:39,101746.26,23.92,20.59,101776.93,15.07,50.82,-1253536.62,4.95
2:40,101755.67,23.88,20.60,101778.17,15.05,50.64,-1253744.50,4.81
2:41,101756.46,23.89,20.50,101780.28,14.98,50.79,-1253840.50,4.71
2:42,101753.16,23.89,20.49,101782.04,14.97,51.24,-1254100.25,3.95
2:43,101758.87,23.85,20.50,101781.67,14.81,50.82,-1253988.75,4.41
2:44,101756.30,23.89,20.43,101780.77,14.82,51.32,-1254134.50,4.86
2:45,101757.55,23.91,20.43,101778.82,14.75,52.24,-1254401.00,4.30
2:46,101754.89,23.82,20.50,101774.88,14.80,50.72,-1254355.87,3.71
2:47,101749.44,23.86,20.44,101774.60,14.95,50.36,-1254686.00,4.95
2:48,101749.66,23.87,20.29,101774.15,14.92,50.84,-1254448.75,4.76
2:49,101756.55,23.90,20.29,101775.28,15.06,49.80,-1254598.62,4.20
2:50,101749.64,23.95,20.22,101772.96,14.65,51.84,-1254567.50,5.10
2:51,101756.92,23.96,20.13,101771.96,15.18,49.49,-1255176.75,4.02
2:52,101753.96,23.99,20.03,101774.44,14.97,50.10,-1254765.37,4.75
2:53,101759.92,23.98,20.01,101772.69,14.52,52.52,-1254443.62,4.90
2:54,101746.63,23.96,20.08,101772.55,14.81,50.85,-1255414.00,4.95
2:55,101740.73,24.02,19.94,101771.57,15.13,49.51,-1255149.12,4.49
2:56,101747.14,24.02,20.05,101771.07,14.73,51.13,-1255568.62,4.45
2:57,101739.07,24.07,20.05,101767.77,14.83,50.78,-1255090.50,4.78
2:58,101738.16,24.13,19.92,101766.11,14.68,52.29,-1254874.00,3.78
2:59,101746.40,24.19,19.97,101766.99,15.30,48.57,-1255418.25,4.75
3:0,101748.39,24.32,19.97,101764.17,15.29,49.86,-1255339.25,3.99
3:1,101747.13,24.36,19.87,101755.84,14.81,50.91,-1255717.87,3.98
3:2,101726.84,24.46,20.00,101755.39,15.00,49.88,-1255867.25,5.15
3:3,101736.24,24.51,20.37,101756.19,15.23,49.26,-1255305.87,5.16
3:4,101738.13,24.62,20.17,101756.71,15.26,49.11,-1255427.00,4.96
3:5,101731.78,24.82,20.10,101752.19,15.38,48.87,-1256005.25,4.80
3:6,101730.25,24.88,20.32,101759.00,15.14,50.40,-1255543.50,4.22
3:7,101734.49,24.96,20.58,101756.73,15.07,50.51,-1255639.12,5.17
3:8,101724.87,24.97,20.89,101756.37,15.29,49.80,-1255660.87,4.78
3:9,101731.62,24.93,21.05,101752.93,15.35,49.84,-1255759.75,4.47
3:10,101736.74,24.77,21.64,101752.29,15.39,49.43,-1255874.12,4.57
3:11,101740.10,24.73,21.73,101754.04,15.31,50.43,-1256104.75,4.99
3:12,101734.75,24.62,22.33,101749.71,15.56,49.06,-1256047.75,5.06
3:13,101733.72,24.54,22.58,101749.36,15.46,49.44,-1256280.00,4.32
3:14,101732.78,24.45,22.87,101749.65,14.48,53.38,-1256550.62,4.72
3:15,101726.53,24.36,23.05,101753.57,15.02,51.87,-1256258.62,3.91
3:16,101735.55,24.27,23.62,101751.28,14.95,52.53,-1256438.37,4.99
3:17,101734.82,24.15,24.15,101750.40,14.13,55.91,-1256721.25,4.99
3:18,101746.51,12.28,47.48,101755.61,13.49,57.36,-1256466.25,0.55
3:19,101759.50,6.07,64.57,101752.69,11.94,60.32,-1256067.50,0.55
3:20,101750.36,4.85,71.38,101755.30,11.27,65.11,-1256503.12,0.55
3:21,101758.69,6.24,79.50,101761.68,11.00,66.79,-1258111.37,0.55
3:22,101749.75,9.49,82.92,101753.82,11.40,68.74,-1260639.75,0.55
3:23,101757.63,10.26,83.31,101757.51,11.67,69.41,-1262621.62,0.55
3:24,101759.82,10.45,83.55,101756.48,11.70,70.08,-1263658.12,0.56
3:25,101759.94,10.54,83.83,101761.83,11.62,70.77,-1264853.62,0.56
3:26,101768.10,10.54,84.10,101761.75,11.66,71.20,-1265527.62,0.56
3:27,101772.47,10.66,84.35,101764.21,11.70,71.07,-1266911.75,0.56
3:28,101770.47,10.75,84.51,101763.46,11.67,71.49,-1267534.37,0.57
3:29,101758.35,10.87,84.69,101766.75,11.69,72.19,-1268371.75,0.56
3:30,101749.71,10.95,84.52,101767.47,11.72,71.84,-1268774.25,0.55
3:31,101758.71,10.98,84.33,101770.66,11.76,71.99,-1269194.37,0.56
3:32,101746.47,11.02,84.17,101768.53,11.73,72.22,-1269934.37,0.56
3:33,101751.53,11.03,83.96,101767.41,11.68,72.41,-1270115.75,0.56
3:34,101753.60,11.05,83.89,101764.78,11.62,72.87,-1270788.75,0.58
3:35,101755.32,11.39,81.82,101758.52,11.79,72.55,-1270942.62,0.55
3:36,101752.08,11.65,75.24,101757.80,11.87,70.41,-1271093.37,0.24
3:37,101752.96,11.85,72.22,101755.94,11.95,69.71,-1271533.25,0.24
3:38,101754.06,11.57,79.81,101754.89,11.78,71.68,-1271377.25,0.55
3:39,101746.83,12.01,77.72,101749.82,11.80,70.56,-1271747.87,0.24
3:40,101745.48,12.12,73.41,101749.03,11.90,70.52,-1271987.25,0.24
3:41,101739.83,11.98,75.55,101754.96,12.04,70.29,-1272493.37,0.59
3:42,101742.52,12.00,74.47,101750.36,12.07,69.70,-1272415.25,0.24
3:43,101743.56,12.12,71.07,101747.23,12.01,69.61,-1272383.25,0.24
3:44,101740.44,11.68,79.30,101747.77,11.82,71.79,-1272953.62,0.57
3:45,101748.77,11.96,76.87,101747.89,11.90,70.65,-1272761.37,0.24
3:46,101741.02,12.07,72.04,101746.07,11.92,70.38,-1272906.50,0.24
3:47,101728.85,20.00,29.74,101751.10,12.79,63.61,-1273728.75,4.66
3:48,101729.17,21.63,25.88,101749.30,13.56,58.46,-1273844.25,3.83
3:49,101731.21,22.72,24.15,101742.50,14.42,54.51,-1273557.25,4.85
3:50,101714.41,23.07,23.21,101738.13,14.14,56.24,-1273929.37,4.42
3:51,101722.10,23.23,23.01,101740.13,14.80,52.93,-1273248.25,4.26
3:52,101716.19,23.40,22.46,101742.02,14.70,53.48,-1274010.00,4.90
3:53,101720.19,23.47,22.31,101742.78,14.84,52.37,-1273745.75,4.87
3:54,101722.86,23.54,22.03,101742.89,14.99,51.78,-1274037.75,4.94
3:55,101727.56,23.53,21.87,101743.44,15.01,51.59,-1274016.37,4.24
3:56,101721.36,23.55,21.67,101742.71,14.67,53.70,-1274124.00,3.95
3:57,101716.99,23.58,21.46,101741.71,14.54,53.87,-1274249.12,3.78
3:58,101718.19,23.59,21.44,101742.46,14.41,55.07,-1274326.12,4.95
3:59,101719.92,23.57,21.46,101745.28,14.89,51.82,-1274473.37,4.94
4:0,101733.01,23.56,21.37,101745.19,14.27,54.52,-1274360.00,3.80
4:1,101727.70,23.58,21.26,101744.92,14.48,54.33,-1274486.62,4.46
4:2,101730.17,23.59,21.20,101746.63,14.68,53.07,-1274803.62,4.87
4:3,101722.41,23.62,21.11,101744.63,14.66,53.71,-1274717.37,4.85
4:4,101716.42,23.59,21.33,101747.47,14.83,52.51,-1274760.62,5.05
4:5,101723.61,23.66,21.28,101743.27,14.63,53.18,-1274915.75,4.77
4:6,101724.19,23.70,21.11,101748.21,14.64,53.81,-1275034.75,4.68
4:7,101727.48,23.73,21.07,101748.99,14.81,53.11,-1274712.37,3.96
4:8,101723.37,23.74,21.05,101748.70,14.78,52.57,-1274552.37,5.05
4:9,101725.65,23.79,21.06,101750.36,15.02,51.52,-1274713.37,4.12
4:10,101736.01,23.90,20.84,101748.69,14.75,53.92,-1274918.75,4.76
4:11,101733.46,23.84,20.81,101758.94,13.90,57.45,-1274681.25,4.93
4:12,101727.89,23.84,20.79,101753.03,14.62,54.58,-1274957.75,3.76
4:13,101724.77,23.84,20.93,101750.38,14.66,53.29,-1275184.87,3.76
4:14,101731.66,23.89,20.69,101748.58,14.30,54.81,-1275280.62,4.73
4:15,101729.38,23.95,20.68,101753.83,14.97,52.47,-1275475.37,3.80
4:16,101732.52,23.95,20.85,101752.35,15.01,51.54,-1275496.75,4.16
4:17,101733.90,24.05,20.74,101757.46,15.15,51.65,-1275499.37,5.16
4:18,101725.25,24.08,20.73,101757.20,14.32,55.33,-1275353.75,4.25
4:19,101731.50,24.08,20.68,101754.39,14.14,55.91,-1275264.12,4.76
4:20,101736.07,24.11,20.72,101754.42,14.58,54.71,-1275713.12,4.92
4:21,101732.99,24.19,20.70,101754.50,14.61,54.81,-1275376.12,5.21
4:22,101731.41,24.23,20.81,101748.99,14.36,54.75,-1275826.87,5.17
4:23,101729.71,24.31,20.95,101752.36,15.04,52.30,-1275582.12,4.31
4:24,101738.92,24.40,21.10,101747.94,14.50,54.74,-1275733.50,4.46
4:25,101740.97,24.54,21.16,101754.63,14.94,52.61,-1275524.25,4.66
4:26,101739.07,24.69,21.19,101755.32,15.09,51.90,-1276268.62,4.42
4:27,101741.75,24.82,21.45,101754.28,14.92,53.13,-1276314.12,4.07
4:28,101735.77,24.93,21.71,101754.92,14.81,54.05,-1276226.25,4.67
4:29,101741.78,24.90,22.12,101757.85,15.00,53.15,-1275949.25,4.84
4:30,101734.81,24.78,22.90,101758.96,14.45,55.67,-1275822.50,4.34
4:31,101745.30,24.76,22.65,101758.67,14.79,54.68,-1275649.37,4.43
4:32,101738.71,24.49,23.59,101760.31,14.68,55.29,-1276256.75,4.10
4:33,101737.72,24.38,23.81,101758.17,14.73,55.23,-1276254.62,4.38
4:34,101735.22,24.27,24.22,101760.94,14.91,54.07,-1276633.62,4.00
4:35,101740.46,24.17,24.66,101757.83,14.91,54.58,-1276363.00,4.03
4:36,101749.57,23.98,25.15,101757.77,14.44,56.29,-1276147.00,5.10
4:37,101736.08,23.87,25.73,101752.41,14.60,56.24,-1276107.25,4.72
4:38,101744.63,14.30,45.58,101759.75,13.96,57.97,-1276356.25,0.55
4:39,101750.07,6.29,64.30,101755.62,11.69,63.34,-1276229.50,0.55
4:40,101754.20,4.83,72.07,101755.79,10.84,68.28,-1276270.12,0.55
4:41,101757.52,5.30,78.19,101751.28,10.48,70.32,-1277943.12,0.55
4:42,101740.47,8.90,83.71,101751.64,10.76,73.35,-1279878.50,0.57
4:43,101749.67,10.04,84.29,101749.49,11.14,74.03,-1281692.75,0.58
4:44,101747.92,10.35,84.64,101744.77,11.26,74.37,-1283180.62,0.56
4:45,101749.30,10.45,84.86,101743.28,11.28,74.82,-1284288.87,0.57
4:46,101742.89,10.48,85.08,101743.55,11.20,75.18,-1284962.50,0.55
4:47,101753.85,10.53,85.42,101738.46,11.22,75.43,-1286594.00,0.55
4:48,101727.11,10.64,85.77,101739.46,11.33,75.42,-1287575.00,0.59
4:49,101730.36,10.73,85.85,101734.35,11.22,75.86,-1287904.62,0.55
4:50,101733.92,10.72,85.85,101736.03,11.06,76.48,-1288731.00,0.55
4:51,101743.34,10.79,85.96,101738.42,11.28,76.29,-1289573.37,0.59
4:52,101737.02,10.86,85.91,101743.03,11.38,76.16,-1290281.12,0.59
4:53,101735.48,10.84,85.65,101740.92,11.16,76.48,-1290568.50,0.55
4:54,101733.92,10.87,85.67,101740.60,11.30,76.44,-1291223.37,0.56
4:55,101718.35,20.22,30.41,101739.14,12.21,67.88,-1291605.75,4.71
4:56,101734.39,11.93,70.10,101736.91,12.35,67.74,-1291813.00,0.56
4:57,101732.67,11.85,75.18,101734.20,11.72,71.70,-1291427.12,0.24
4:58,101731.91,11.94,71.91,101734.38,11.50,73.01,-1291857.25,0.24
4:59,101733.01,11.87,76.82,101731.25,11.63,73.44,-1292474.25,0.56
5:0,101732.03,11.82,77.35,101730.58,11.52,73.67,-1292659.37,0.24
5:1,101727.98,11.88,74.26,101731.74,11.51,73.39,-1292644.37,0.24
5:2,101726.16,11.80,78.61,101729.72,11.49,74.71,-1292880.75,0.56
5:3,101724.24,11.87,79.15,101727.25,11.46,74.42,-1293051.00,0.24
5:4,101724.39,11.78,74.15,101729.86,11.47,73.65,-1293062.00,0.24
5:5,101716.52,11.63,79.98,101727.08,11.34,75.42,-1293343.87,0.58
5:6,101722.21,11.78,79.78,101729.17,11.46,74.55,-1293622.12,0.23
5:7,101725.53,11.71,74.29,101733.25,11.47,73.87,-1293658.37,0.23
5:8,101715.69,17.79,40.96,101727.19,12.30,67.48,-1294344.62,0.57
5:9,101727.97,11.62,77.08,101731.44,11.74,72.12,-1293948.37,0.23
5:10,101725.96,11.95,73.65,101731.86,11.58,72.76,-1293796.87,0.24
5:11,101720.36,12.43,74.90,101735.36,11.41,74.00,-1294048.50,0.58
5:12,101725.50,11.38,80.83,101731.17,11.30,75.03,-1294356.00,0.24
5:13,101729.97,11.80,78.04,101728.10,11.44,74.11,-1294674.12,0.24
5:14,101710.80,14.81,61.68,101725.77,11.48,74.07,-1294662.62,4.44
5:15,101707.00,17.70,38.68,101727.67,12.51,64.53,-1295194.25,0.59
5:16,101722.35,11.50,76.23,101723.47,11.78,70.93,-1294524.25,0.24
5:17,101723.52,11.93,72.71,101724.23,11.58,72.24,-1294634.50,0.24
5:18,101715.66,12.22,74.79,101724.46,11.42,73.98,-1294592.37,0.59
5:19,101717.34,11.29,80.61,101727.64,11.26,74.77,-1295022.25,0.24
5:20,101720.07,11.55,75.66,101721.72,11.30,73.81,-1295222.50,0.25
5:21,101706.09,15.53,56.06,101722.96,11.36,73.73,-1295025.62,3.59
5:22,101709.10,20.02,28.86,101716.44,12.27,65.75,-1295461.37,0.57
5:23,101717.25,11.14,76.37,101719.66,11.65,70.86,-1295471.12,0.24
5:24,101719.22,11.75,72.07,101722.96,11.46,71.06,-1295417.62,0.24
5:25,101713.35,12.64,78.26,101723.44,11.45,71.39,-1294993.75,4.04
5:26,101721.28,11.36,76.10,101719.28,11.50,71.29,-1295633.00,0.57
5:27,101722.36,11.53,75.58,101722.32,11.44,71.64,-1295428.87,0.24
5:28,101724.57,11.79,71.31,101724.47,11.48,71.18,-1295450.25,0.26
5:29,101718.41,11.87,72.23,101721.15,11.63,70.18,-1295783.37,0.56
5:30,101723.14,11.55,77.34,101724.66,11.54,70.54,-1295508.00,0.23
5:31,101722.98,11.64,71.33,101727.39,11.45,70.74,-1295590.75,0.25
5:32,101705.80,19.14,31.61,101725.00,11.85,66.28,-1295944.37,1.42
5:33,101725.25,10.95,76.92,101722.02,11.42,70.42,-1295607.00,0.24
5:34,101724.21,11.39,71.45,101728.80,11.43,70.23,-1295840.87,0.24
5:35,101731.83,11.83,74.16,101725.92,11.47,69.92,-1295565.75,3.85
5:36,101713.69,13.88,55.89,101727.53,12.38,63.68,-1296412.00,0.59
5:37,101722.55,11.26,75.57,101725.42,11.55,69.18,-1295823.00,0.23
5:38,101724.66,11.56,69.83,101724.89,11.44,68.84,-1295665.50,0.24
5:39,101719.35,14.28,56.93,101721.85,11.65,67.43,-1295903.25,0.59
5:40,101720.63,11.10,77.43,101721.92,11.35,69.60,-1295843.62,0.24
5:41,101715.06,11.41,71.17,101719.33,11.33,68.23,-1295867.75,0.24
5:42,101706.96,15.90,47.73,101719.64,11.55,67.10,-1296011.50,4.49
5:43,101710.70,13.48,55.80,101714.98,12.38,61.82,-1296567.25,0.57
5:44,101709.16,11.16,75.08,101715.57,11.52,66.24,-1296256.62,0.26
5:45,101709.61,11.50,68.23,101717.84,11.52,66.60,-1295830.62,0.26
5:46,101701.67,11.14,76.37,101713.02,11.33,68.46,-1295943.00,0.58
5:47,101709.74,10.90,78.76,101712.42,11.17,68.61,-1296402.87,0.26
5:48,101708.78,11.19,73.01,101711.24,11.23,68.30,-1296307.25,0.25
5:49,101709.10,17.88,35.92,101712.02,11.72,63.74,-1296425.87,4.03
5:50,101696.35,15.39,43.84,101710.07,12.43,59.40,-1296470.50,0.58
5:51,101709.48,10.82,74.80,101705.50,11.52,65.27,-1296222.12,0.24
5:52,101702.85,11.30,68.31,101707.64,11.53,65.43,-1296045.00,0.24
5:53,101692.14,16.51,42.91,101701.73,11.65,64.10,-1296232.75,0.76
5:54,101702.50,10.57,76.74,101705.92,11.36,66.18,-1296052.75,0.24
5:55,101699.69,11.10,68.95,101706.60,11.34,65.83,-1296499.00,0.26
5:56,101697.28,12.16,76.24,101700.69,11.39,65.08,-1296537.87,3.67
5:57,101682.42,19.36,28.16,101703.52,12.11,59.16,-1296723.00,4.70
5:58,101689.53,10.44,72.04,101698.43,11.74,63.21,-1296258.12,0.58
5:59,101698.33,11.04,71.23,101700.07,11.45,64.21,-1296344.87,0.24
6:0,101701.35,11.53,65.39,101700.88,11.34,64.64,-1296310.50,0.25
6:1,101697.49,10.54,78.05,101703.08,11.21,67.29,-1296386.12,0.59
6:2,101704.95,10.95,77.27,101701.38,11.24,66.06,-1296432.25,0.24
6:3,101699.35,11.24,68.46,101699.61,11.30,65.68,-1296309.25,0.24
6:4,101685.02,18.63,30.96,101697.99,12.22,58.46,-1296925.12,0.59
6:5,101703.64,10.48,75.21,101700.61,11.36,65.10,-1296011.25,0.25
6:6,101700.82,11.11,68.01,101703.74,11.36,64.62,-1296412.75,0.24
6:7,101690.17,12.51,70.45,101705.15,11.29,65.13,-1296438.75,4.17
6:8,101701.67,13.45,52.97,101700.50,11.82,60.90,-1296487.37,0.59
6:9,101702.28,10.66,74.30,101703.39,11.24,64.56,-1296445.75,0.24
6:10,101704.14,11.08,66.87,101701.24,11.24,64.67,-1296260.25,0.24
6:11,101695.86,17.38,37.12,101703.27,11.53,62.27,-1296608.00,3.69
6:12,101697.25,20.12,27.29,101709.66,12.51,56.15,-1296876.75,3.81
6:13,101710.91,9.87,72.67,101702.74,11.65,61.53,-1296094.25,0.59
6:14,101702.53,10.70,68.60,101704.89,11.46,62.96,-1295956.75,0.24
6:15,101708.61,11.29,64.44,101709.71,11.37,63.45,-1296172.87,0.24
6:16,101705.77,10.31,77.56,101707.74,11.19,65.56,-1296374.12,0.55
6:17,101705.99,10.79,72.62,101705.27,11.31,63.42,-1296253.25,0.24
6:18,101703.17,11.23,67.60,101707.91,11.32,63.38,-1296188.87,0.24
6:19,101696.80,13.47,54.04,101701.11,11.95,59.69,-1296849.75,0.57
6:20,101706.42,10.60,74.44,101707.24,11.41,63.45,-1296625.25,0.24
6:21,101703.66,11.10,65.57,101704.39,11.39,62.18,-1296333.62,0.24
6:22,101704.29,11.52,69.33,101706.61,11.37,63.30,-1296465.25,0.56
6:23,101718.83,10.44,76.42,101710.52,11.20,64.20,-1296618.75,0.24
6:24,101710.97,10.92,66.72,101715.03,11.29,62.89,-1296612.75,0.24
6:25,101697.42,16.72,39.60,101713.76,11.57,61.13,-1296644.50,4.30
6:26,101710.29,14.25,46.62,101714.67,12.30,56.59,-1296852.87,0.59
6:27,101725.88,10.48,73.82,101717.58,11.46,61.62,-1296259.25,0.24
6:28,101724.19,11.08,65.78,101719.05,11.44,62.13,-1296546.75,0.24
6:29,101720.75,11.69,68.09,101718.90,11.45,62.78,-1296490.62,0.58
6:30,101734.13,10.43,77.14,101722.57,11.24,63.25,-1296588.25,0.24
6:31,101725.35,10.91,69.49,101725.09,11.35,62.53,-1296509.00,0.25
6:32,101707.03,16.13,42.79,101725.11,11.51,61.32,-1296465.37,4.51
6:33,101722.33,11.28,64.61,101722.36,11.92,59.66,-1296851.50,0.62
6:34,101721.42,10.70,73.04,101721.32,11.33,62.98,-1296410.12,0.24
6:35,101723.24,11.15,64.24,101723.67,11.33,62.02,-1296545.50,0.24
6:36,101718.53,12.38,61.50,101719.68,11.62,61.47,-1296841.00,0.58
6:37,101724.41,10.57,75.14,101722.11,11.36,62.94,-1296716.87,0.24
6:38,101722.19,11.06,64.77,101725.45,11.37,61.76,-1296368.62,0.24
6:39,101734.74,10.78,74.89,101722.35,11.27,63.87,-1296730.00,0.59
6:40,101733.10,10.43,77.99,101722.50,11.09,64.09,-1296881.50,0.24
6:41,101726.44,10.82,68.51,101724.66,11.14,63.15,-1296684.75,0.24
6:42,101713.78,16.86,36.87,101726.17,11.55,60.52,-1296773.62,4.68
6:43,101713.88,18.79,30.18,101729.46,12.65,54.15,-1297068.37,0.59
6:44,101735.54,10.05,74.30,101730.71,11.44,61.71,-1296539.62,0.24
6:45,101733.49,10.83,65.25,101733.96,11.38,61.51,-1296255.12,0.24
6:46,101740.41,12.40,69.13,101731.78,11.38,62.74,-1296334.62,4.16
6:47,101714.07,19.37,28.50,101735.35,12.29,55.66,-1297102.75,3.91
6:48,101739.00,9.95,73.25,101731.21,11.61,61.29,-1296723.25,0.55
6:49,101738.78,10.67,69.12,101734.71,11.44,61.91,-1296408.87,0.24
6:50,101731.19,11.28,64.39,101734.07,11.34,62.85,-1296564.62,0.24
6:51,101745.88,10.20,78.27,101736.28,11.07,65.72,-1296694.00,0.59
6:52,101739.03,10.70,75.83,101735.33,11.17,64.95,-1296667.75,0.24
6:53,101733.85,11.05,68.54,101733.35,11.19,64.10,-1296467.75,0.24
6:54,101720.07,19.10,28.73,101725.72,11.80,58.90,-1296911.12,4.55
6:55,101734.29,12.31,51.36,101731.76,12.13,57.83,-1296972.75,0.59
6:56,101734.91,10.26,73.50,101733.89,11.34,63.39,-1296654.25,0.24
6:57,101730.91,11.00,67.71,101731.08,11.33,63.22,-1296702.12,0.24
6:58,101715.67,18.08,33.91,101726.30,11.70,60.53,-1296908.87,4.20
6:59,101716.77,18.99,30.34,101727.29,12.59,55.90,-1297089.00,0.59
7:0,101731.92,10.03,73.74,101728.63,11.48,62.74,-1296517.50,0.24
7:1,101725.36,10.88,66.37,101726.17,11.42,62.99,-1296722.62,0.24
7:2,101722.09,13.89,57.70,101730.10,11.42,64.12,-1296781.62,4.47
7:3,101717.46,11.64,63.16,101723.94,11.98,60.43,-1297008.87,0.57
7:4,101724.16,10.74,72.90,101722.71,11.40,63.03,-1296533.12,0.24
7:5,101720.00,11.32,64.87,101726.86,11.37,63.17,-1296847.25,0.24
7:6,101711.87,18.77,31.48,101726.86,11.87,59.86,-1297156.25,4.86
7:7,101716.67,11.68,61.48,101724.64,12.18,59.21,-1297039.75,0.59
7:8,101726.09,10.79,73.44,101726.22,11.46,62.85,-1296636.37,0.24
7:9,101723.17,11.37,67.56,101727.32,11.40,63.91,-1296662.75,0.24
7:10,101713.50,18.88,31.18,101717.62,11.65,60.69,-1297323.00,3.82
7:11,101729.24,10.44,75.20,101724.39,11.42,64.60,-1297152.12,0.24
7:12,101728.63,11.10,69.25,101729.24,11.39,64.01,-1297062.62,0.24
7:13,101720.80,11.82,72.56,101729.22,11.49,64.08,-1296921.25,1.07
7:14,101731.96,10.45,79.02,101724.11,11.22,67.08,-1297044.75,0.24
7:15,101729.25,10.99,70.54,101728.58,11.28,64.66,-1297044.75,0.24
7:16,101727.63,11.76,75.30,101723.62,11.32,64.84,-1297053.75,3.54
7:17,101711.53,15.66,42.96,101727.38,12.27,58.52,-1297345.25,0.59
7:18,101725.32,10.62,74.33,101726.28,11.43,63.99,-1297176.87,0.24
7:19,101722.13,11.22,67.20,101731.18,11.46,63.94,-1297239.25,0.24
7:20,101710.10,16.15,44.40,101726.64,11.52,63.42,-1297132.12,3.87
7:21,101719.28,16.48,38.55,101726.91,12.37,58.00,-1297337.25,0.57
7:22,101731.03,10.54,74.47,101727.30,11.53,63.95,-1296772.12,0.24
7:23,101723.82,11.23,65.78,101730.15,11.47,63.82,-1297103.12,0.24
7:24,101729.78,15.77,47.22,101722.89,11.65,63.19,-1297337.62,3.82
7:25,101730.41,11.53,65.64,101727.60,11.93,61.51,-1297052.00,0.59
7:26,101724.17,11.01,73.18,101727.97,11.53,63.90,-1297074.00,0.24
7:27,101727.82,11.44,66.28,101730.03,11.58,63.47,-1297053.00,0.24
7:28,101721.27,10.99,74.81,101727.59,11.44,65.58,-1296952.37,0.59
7:29,101726.60,10.90,76.66,101722.97,11.37,65.35,-1297390.50,0.24
7:30,101721.67,11.24,68.39,101726.00,11.44,64.70,-1297173.25,0.28
7:31,101716.91,18.28,32.95,101720.64,12.03,59.92,-1297611.25,0.59
7:32,101724.97,10.61,75.69,101720.44,11.58,64.99,-1297005.00,0.24
7:33,101724.42,11.20,67.81,101719.85,11.60,63.50,-1297361.75,0.24
7:34,101724.39,11.93,73.46,101722.52,11.62,63.77,-1297296.25,0.59
7:35,101730.82,10.54,78.91,101729.05,11.41,65.03,-1297414.75,0.24
7:36,101727.75,11.07,69.70,101728.07,11.46,64.16,-1297236.75,0.24
7:37,101726.82,12.22,74.78,101728.10,11.48,65.02,-1297439.12,4.03
7:38,101721.77,10.69,76.92,101728.76,11.52,66.04,-1297552.37,1.17
7:39,101725.64,11.18,74.01,101728.62,11.49,64.69,-1297658.87,0.77
7:40,101724.92,11.55,66.26,101730.53,11.52,64.28,-1297590.75,0.76
7:41,101735.71,10.60,78.50,101731.64,11.47,66.33,-1297776.00,1.21
7:42,101730.99,10.98,73.28,101731.55,11.56,65.19,-1298015.50,0.75
7:43,101728.63,11.42,67.46,101731.39,11.57,64.87,-1297937.87,0.24
7:44,101730.22,10.64,78.15,101729.49,11.51,66.30,-1297741.25,0.57
7:45,101733.60,11.03,73.67,101732.10,11.52,64.76,-1297822.25,0.24
7:46,101725.95,11.48,69.24,101729.53,11.57,65.39,-1298067.25,0.24
7:47,101725.50,10.68,78.24,101725.39,11.52,66.62,-1297898.50,0.58
7:48,101724.08,11.03,70.81,101729.50,11.54,64.56,-1297985.37,0.24
7:49,101727.21,11.56,66.60,101724.63,11.62,64.39,-1297983.50,0.24
7:50,101724.42,14.06,52.45,101727.00,12.16,60.64,-1298328.75,0.56
7:51,101726.17,10.95,75.91,101725.87,11.70,65.42,-1297977.75,0.24
7:52,101723.60,11.43,67.08,101727.38,11.72,64.02,-1297853.25,0.24
7:53,101722.96,12.15,69.32,101725.51,11.71,65.17,-1297819.50,0.58
7:54,101724.67,10.80,78.46,101726.41,11.58,66.05,-1298107.62,0.24
7:55,101726.35,11.25,70.02,101727.89,11.74,64.98,-1298056.25,0.24
7:56,101722.07,12.79,65.06,101729.21,11.84,64.61,-1297863.25,0.56
7:57,101729.94,10.83,77.53,101726.69,11.73,64.61,-1297947.75,0.24
7:58,101724.30,11.38,69.77,101724.57,11.78,63.80,-1298054.50,0.24
7:59,101717.25,11.81,72.27,101722.98,11.81,65.09,-1297994.75,0.59
8:0,101726.83,10.78,78.50,101725.15,11.74,64.62,-1298195.87,0.24
8:1,101722.71,11.30,70.76,101724.35,11.80,64.41,-1297962.00,0.24
8:2,101722.91,11.70,73.01,101721.98,11.75,65.28,-1298023.62,0.56
8:3,101729.60,10.77,79.05,101725.71,11.74,66.11,-1298241.87,0.24
8:4,101728.57,11.26,70.57,101728.83,11.92,64.07,-1298246.75,0.24
8:5,101725.73,13.51,58.95,101731.36,11.98,64.12,-1298046.75,2.24
8:6,101736.23,10.67,78.23,101728.69,11.79,65.33,-1297994.87,0.24
8:7,101731.12,11.27,71.54,101733.17,11.93,63.50,-1298268.25,0.24
8:8,101732.88,11.88,69.62,101733.79,11.98,63.26,-1298164.50,2.35
8:9,101733.00,10.72,79.61,101735.53,11.85,65.41,-1298181.00,0.24
8:10,101735.11,11.26,72.98,101738.94,12.01,63.65,-1298118.37,0.24
8:11,101731.10,11.82,67.63,101735.07,12.07,63.54,-1298118.75,6.14
8:12,101750.86,10.69,79.70,101734.43,11.80,66.21,-1298005.00,0.57
8:13,101735.30,11.29,75.51,101739.55,11.96,64.01,-1298440.75,0.24
8:14,101733.74,11.79,67.55,101733.05,11.95,63.53,-1298267.75,0.38
8:15,101733.28,10.78,78.51,101734.00,11.87,65.82,-1298238.12,0.57
8:16,101727.23,11.28,73.72,101733.67,11.93,64.64,-1298521.75,0.24
8:17,101729.64,11.88,67.09,101730.13,12.05,64.05,-1298576.25,0.24
8:18,101725.55,10.91,79.29,101726.59,11.97,66.54,-1298289.00,0.59
8:19,101725.55,11.42,70.53,101727.36,12.06,64.84,-1298271.25,0.24
8:20,101725.75,12.07,65.91,101726.35,12.14,63.19,-1298088.25,0.24
8:21,101726.14,10.87,78.05,101726.52,12.08,64.60,-1298167.37,0.43
8:22,101727.53,11.37,72.19,101724.41,12.19,63.43,-1298327.75,0.24
8:23,101727.61,11.98,66.54,101725.92,12.31,62.77,-1298190.75,0.24
8:24,101723.63,10.99,78.69,101725.02,12.19,65.32,-1297929.25,0.55
8:25,101724.00,11.48,73.63,101727.57,12.19,63.57,-1298158.87,0.24
8:26,101727.64,12.09,65.70,101724.03,12.26,62.52,-1298279.87,0.24
8:27,101716.22,11.04,76.53,101727.42,12.28,64.56,-1298088.75,0.59
8:28,101727.43,11.42,75.58,101725.96,12.39,63.96,-1298330.12,0.24
8:29,101728.72,12.03,68.02,101725.44,12.48,63.21,-1298143.37,0.24
8:30,101716.93,17.28,34.97,101727.58,12.95,58.21,-1298142.25,3.59
8:31,101702.52,20.65,28.76,101722.88,14.04,53.52,-1298412.62,4.25
8:32,101714.74,22.46,24.72,101721.86,14.39,53.02,-1298188.00,4.14
8:33,101702.50,22.83,23.74,101722.96,14.67,52.14,-1297884.25,4.08
8:34,101705.00,22.92,23.01,101722.12,14.59,51.62,-1297696.37,4.11
8:35,101703.24,22.90,22.42,101723.23,15.17,48.90,-1297924.62,4.65
8:36,101695.04,22.93,22.15,101724.59,15.23,48.63,-1297505.25,4.09
8:37,101700.70,23.00,22.15,101720.55,14.98,49.78,-1297210.25,3.85
8:38,101703.23,23.10,22.13,101719.24,15.52,47.63,-1297442.25,4.82
8:39,101689.89,23.18,21.73,101714.28,14.68,50.34,-1297011.25,4.12
8:40,101690.52,23.22,21.65,101712.82,15.19,48.85,-1297461.75,4.61
8:41,101690.20,23.28,21.57,101716.07,14.74,51.01,-1297366.75,4.72
8:42,101695.20,23.29,21.47,101714.33,15.13,48.77,-1297689.00,5.13
8:43,101705.35,23.38,21.21,101717.33,15.04,49.69,-1297251.75,4.76
8:44,101693.14,23.50,21.18,101711.25,14.71,52.23,-1297241.37,4.60
8:45,101691.62,23.50,20.99,101711.78,15.22,48.85,-1297178.25,3.98
8:46,101683.46,23.37,20.78,101712.10,13.96,53.60,-1297464.25,3.87
8:47,101693.90,23.34,20.81,101708.86,15.10,48.20,-1297908.37,4.14
8:48,101703.02,23.51,20.70,101714.80,15.27,48.43,-1297619.75,4.94
8:49,101696.60,23.65,20.61,101718.21,14.24,52.91,-1297181.75,3.97
8:50,101698.07,23.57,20.54,101720.60,15.00,48.59,-1297896.00,4.95
8:51,101701.92,23.60,20.51,101726.15,15.08,48.29,-1297456.50,4.67
8:52,101698.54,23.53,20.32,101722.25,14.28,51.11,-1297173.25,4.93
8:53,101699.83,23.42,20.29,101729.71,14.99,47.93,-1298007.75,4.97
8:54,101700.80,23.47,20.29,101728.19,15.12,47.16,-1297750.75,4.61
8:55,101716.03,23.52,20.21,101723.71,14.44,50.46,-1297122.75,3.60
8:56,101709.99,23.49,20.18,101729.93,14.81,48.30,-1298211.50,4.22
8:57,101698.13,23.53,19.99,101722.94,14.14,50.36,-1297507.00,4.56
8:58,101704.40,23.57,20.00,101729.07,14.86,48.18,-1297549.75,4.33
8:59,101708.44,23.57,19.86,101730.14,13.72,53.66,-1297277.75,4.34
9:0,101706.19,23.56,20.09,101730.33,13.74,53.28,-1297818.37,3.79
9:1,101701.35,23.63,19.78,101729.88,14.42,50.62,-1297787.87,4.30
9:2,101706.20,23.58,19.74,101721.39,14.46,47.98,-1297975.37,4.05
9:3,101707.87,23.75,19.58,101726.17,14.45,49.84,-1297492.50,4.97
9:4,101699.17,23.66,19.41,101730.85,13.71,51.98,-1297376.75,4.69
9:5,101701.60,23.66,19.57,101724.53,14.14,48.85,-1297813.62,4.21
9:6,101709.50,23.72,19.61,101726.36,14.15,49.53,-1297550.75,4.90
9:7,101707.20,23.78,19.50,101730.14,14.05,50.73,-1298197.50,4.43
9:8,101708.61,23.91,19.70,101726.96,14.32,50.97,-1297766.25,5.03
9:9,101711.91,24.04,19.63,101729.77,14.28,50.98,-1297816.37,3.85
9:10,101712.78,24.17,19.31,101729.00,14.75,47.73,-1297667.87,3.80
9:11,101706.28,24.24,19.50,101722.97,13.92,50.54,-1297761.50,4.28
9:12,101718.25,24.33,19.69,101727.74,13.88,51.09,-1297720.50,5.04
9:13,101715.92,24.37,19.53,101730.02,14.66,47.64,-1297954.87,5.13
9:14,101713.19,24.45,19.90,101725.41,15.26,45.39,-1298173.25,4.44
9:15,101718.64,24.63,20.32,101726.10,14.56,50.44,-1297759.25,4.66
9:16,101710.29,24.47,20.12,101727.53,13.83,51.55,-1297737.25,3.82
9:17,101707.44,24.51,19.89,101724.41,15.43,44.99,-1297919.12,3.96
9:18,101713.34,24.44,20.39,101722.96,14.36,48.73,-1297655.75,4.20
9:19,101710.21,24.40,20.62,101725.28,14.11,50.72,-1297945.00,4.25
9:20,101705.42,24.45,20.77,101726.72,14.69,49.50,-1297940.37,4.09
9:21,101705.60,24.46,20.82,101722.11,14.76,48.38,-1297843.25,4.74
9:22,101705.16,24.45,21.09,101723.93,14.74,48.62,-1297921.75,4.41
9:23,101704.92,24.49,20.89,101726.14,14.89,48.24,-1297598.25,3.71
9:24,101704.14,24.26,21.26,101722.60,13.92,50.93,-1297737.25,5.12
9:25,101720.10,18.47,31.58,101727.04,13.86,52.44,-1297746.00,0.52
9:26,101725.13,8.61,52.89,101728.49,13.39,50.92,-1297753.50,0.57
9:27,101728.30,5.67,64.88,101729.03,12.93,52.72,-1297575.87,0.55
9:28,101736.83,5.67,72.70,101729.07,12.80,54.34,-1298199.75,0.54
9:29,101730.81,9.20,79.61,101731.05,12.99,56.81,-1299771.50,0.55
9:30,101740.19,10.35,80.04,101729.39,13.07,57.04,-1301176.62,0.55
9:31,101716.97,10.80,80.62,101729.83,13.43,58.20,-1302080.25,0.55
9:32,101726.33,10.89,80.01,101727.89,13.27,57.18,-1302695.12,0.43
9:33,101723.14,10.91,80.07,101731.65,13.25,57.19,-1303750.62,0.55
9:34,101729.13,11.15,80.40,101728.66,13.51,58.75,-1304522.50,0.55
9:35,101724.00,11.32,78.80,101728.95,13.53,55.61,-1304977.37,0.56
9:36,101720.42,11.35,77.76,101725.92,13.55,55.55,-1305581.75,0.55
9:37,101712.42,11.65,78.49,101730.39,13.78,58.00,-1305751.00,0.55
9:38,101716.03,11.57,76.16,101730.93,13.49,54.22,-1306505.25,0.55
9:39,101721.52,11.63,76.97,101733.36,13.70,54.66,-1306731.87,0.56
9:40,101725.77,11.65,76.07,101725.71,13.53,56.19,-1307299.25,0.57
9:41,101726.76,11.82,75.50,101725.77,13.68,55.28,-1307587.25,0.55
9:42,101708.83,19.89,31.35,101725.25,14.04,50.52,-1307893.25,3.91
9:43,101709.14,22.02,24.61,101723.10,15.15,46.78,-1308136.25,4.76
9:44,101703.75,23.25,22.59,101723.38,15.07,48.26,-1308122.00,4.16
9:45,101704.10,23.69,21.79,101718.74,16.06,44.53,-1308412.75,4.87
9:46,101707.67,23.88,21.25,101721.21,15.84,44.86,-1308524.00,4.81
9:47,101698.85,24.01,20.95,101720.08,16.11,43.21,-1308434.00,4.40
9:48,101699.05,24.16,20.65,101725.13,16.55,42.41,-1308683.25,4.07
9:49,101701.07,24.16,20.29,101720.28,15.50,44.96,-1308488.12,4.32
9:50,101707.65,24.05,20.22,101722.17,15.38,46.69,-1308763.87,3.80
9:51,101701.75,23.90,19.93,101719.17,14.46,49.14,-1308720.87,4.15
9:52,101699.57,23.91,20.21,101716.94,16.12,43.98,-1309655.37,4.27
9:53,101699.54,24.02,20.06,101724.62,16.25,44.92,-1309342.75,4.40
9:54,101704.03,24.16,19.99,101721.22,16.47,43.10,-1309746.37,4.34
9:55,101711.91,24.10,19.77,101722.62,15.00,47.95,-1309226.25,4.67
9:56,101714.86,24.07,19.95,101721.64,15.89,46.04,-1309653.62,3.84
9:57,101703.47,24.07,19.72,101718.71,15.24,48.63,-1309724.25,4.69
9:58,101704.64,24.01,19.58,101720.02,15.46,44.97,-1309909.87,4.40
9:59,101702.25,24.12,19.61,101719.44,16.24,43.08,-1310305.12,4.69
10:0,101701.17,24.28,19.70,101714.44,16.22,44.17,-1310299.75,4.95
10:1,101697.80,24.47,19.84,101717.89,16.88,42.58,-1310114.25,4.32
10:2,101693.55,24.66,19.44,101720.56,17.00,42.41,-1310174.25,4.77
10:3,101693.28,24.69,19.47,101718.11,16.89,42.04,-1309975.25,3.83
10:4,101699.96,24.76,19.39,101715.46,16.48,44.11,-1309721.62,4.58
10:5,101689.86,24.85,19.41,101720.28,16.88,43.10,-1310311.50,4.43
10:6,101693.99,24.95,19.38,101715.35,16.50,45.48,-1310127.12,4.36
10:7,101690.86,24.95,19.42,101713.65,16.45,45.79,-1310195.37,4.99
10:8,101694.77,25.00,19.71,101713.57,16.32,48.10,-1310481.12,4.05
10:9,101688.95,25.08,19.68,101708.39,16.48,47.47,-1310235.50,3.85
10:10,101681.11,25.15,19.81,101710.46,16.94,46.31,-1310437.25,4.52
10:11,101677.65,25.23,19.85,101713.17,17.38,44.94,-1310680.87,4.65
10:12,101694.57,25.28,19.79,101710.07,16.97,47.29,-1310311.25,4.26
10:13,101684.46,25.32,19.96,101709.05,16.98,47.21,-1310895.62,4.83
10:14,101690.22,25.37,19.98,101710.03,16.34,52.13,-1310635.37,5.20
10:15,101693.96,25.38,20.00,101713.47,17.06,47.51,-1311012.62,4.50
10:16,101686.17,25.33,20.05,101709.47,15.56,52.44,-1311229.75,4.92
10:17,101682.18,25.33,20.18,101705.28,15.51,55.05,-1311216.87,5.02
10:18,101689.97,25.37,20.14,101711.46,15.59,54.16,-1311791.62,4.01
10:19,101689.22,25.38,20.02,101711.54,15.82,54.35,-1312007.62,5.05
10:20,101686.69,25.39,20.17,101707.41,15.46,55.57,-1312230.62,4.84
10:21,101688.94,25.36,19.98,101709.75,16.37,51.12,-1312706.50,4.53
10:22,101693.35,25.41,20.00,101708.46,16.16,51.56,-1312969.50,5.04
10:23,101685.47,25.39,20.06,101706.79,15.58,52.99,-1312808.50,4.47
10:24,101685.91,25.37,20.17,101708.94,15.23,54.37,-1313104.12,5.01
10:25,101678.07,25.39,20.14,101705.92,15.85,52.72,-1313345.37,4.95
10:26,101680.07,25.44,20.07,101706.25,16.10,51.90,-1313589.62,5.11
10:27,101697.82,25.48,19.91,101708.39,15.53,55.31,-1313684.50,4.65
10:28,101681.35,25.46,19.94,101700.00,16.27,51.50,-1314428.75,4.74
10:29,101685.99,25.54,20.05,101700.23,16.55,51.18,-1314959.75,4.67
10:30,101685.04,25.57,19.98,101707.02,16.26,53.06,-1315029.75,4.74
10:31,101696.18,25.58,20.00,101704.96,16.96,50.82,-1315538.87,4.25
10:32,101683.03,25.53,20.06,101700.21,15.85,53.16,-1315163.62,3.97
10:33,101673.10,25.60,19.94,101701.00,16.09,54.22,-1315920.25,5.17
10:34,101685.43,25.58,20.04,101698.26,16.32,51.65,-1316639.62,5.29
10:35,101689.50,25.62,19.91,101701.60,16.43,52.82,-1316881.12,4.95
10:36,101682.83,25.64,19.89,101701.54,16.84,49.67,-1317112.75,4.45
10:37,101683.98,25.66,19.82,101701.19,16.69,49.22,-1317393.75,5.14
10:38,101677.24,25.73,19.78,101703.26,16.91,49.44,-1317514.75,4.33
10:39,101682.28,25.74,19.73,101698.60,16.94,48.99,-1318081.50,5.09
10:40,101674.88,25.80,19.78,101700.62,17.12,48.01,-1318193.25,3.90
10:41,101675.28,25.84,19.81,101699.58,16.40,53.58,-1318448.75,4.72
10:42,101669.77,25.87,19.81,101701.17,16.90,51.57,-1319140.62,4.73
10:43,101672.14,25.87,19.88,101694.14,16.68,51.39,-1319982.12,4.61
10:44,101673.07,25.91,19.79,101689.08,17.32,48.33,-1320430.25,3.59
10:45,101677.85,25.93,19.83,101698.16,17.11,49.65,-1320837.75,4.50
10:46,101670.75,25.93,19.73,101695.67,17.06,48.65,-1321085.25,4.11
10:47,101669.80,25.92,19.63,101691.94,17.21,48.09,-1321776.62,5.12
10:48,101673.67,26.00,19.57,101689.82,16.02,53.57,-1321288.25,5.14
10:49,101672.51,25.92,19.45,101689.11,15.37,55.00,-1322068.00,5.06
10:50,101677.36,25.94,19.61,101693.32,17.15,48.22,-1323431.62,3.97
10:51,101675.50,25.94,19.74,101689.30,15.67,55.62,-1323099.50,4.46
10:52,101665.46,26.01,19.78,101690.80,17.00,49.31,-1324569.25,3.97
10:53,101669.07,26.07,19.66,101691.19,17.26,49.28,-1324870.75,3.98
10:54,101672.71,26.27,19.48,101688.61,18.17,46.81,-1325493.87,4.95
10:55,101675.49,26.31,19.36,101683.11,18.11,46.94,-1325262.12,4.15
10:56,101666.19,26.37,19.30,101685.49,17.74,47.62,-1324991.25,3.94
10:57,101666.58,26.29,19.38,101690.35,17.34,47.37,-1325324.62,4.93
10:58,101670.13,26.35,19.29,101685.63,17.60,46.58,-1326152.37,4.23
10:59,101672.07,26.34,19.39,101686.21,16.81,51.05,-1326447.75,3.93
11:0,101668.28,26.36,19.35,101679.35,17.61,46.82,-1327745.25,5.17
11:1,101664.46,26.34,19.13,101682.72,16.56,51.02,-1327210.25,4.29
11:2,101669.92,26.28,19.40,101689.49,17.05,49.11,-1328447.37,5.16
11:3,101673.22,26.28,19.44,101683.20,17.34,48.51,-1328714.50,4.41
11:4,101669.62,26.20,19.38,101683.99,16.30,51.10,-1329203.37,4.70
11:5,101663.71,26.10,19.44,101682.59,16.48,51.61,-1330564.87,4.88
11:6,101664.27,26.05,19.44,101685.20,15.76,54.43,-1330274.50,4.03
11:7,101670.55,26.01,19.43,101682.10,16.14,52.12,-1330598.37,4.45
11:8,101668.58,26.04,19.36,101682.33,16.29,52.14,-1331355.37,4.55
11:9,101664.83,26.13,19.66,101691.92,16.82,50.82,-1331650.25,3.93
11:10,101663.17,26.19,19.56,101687.28,17.05,49.79,-1332225.00,5.10
11:11,101666.58,26.16,19.45,101687.26,16.10,53.09,-1332518.87,4.24
11:12,101667.97,26.28,19.43,101687.22,17.52,47.96,-1333541.75,4.87
11:13,101675.47,26.35,19.33,101695.10,17.34,49.93,-1333478.25,4.74
11:14,101661.53,26.42,19.22,101690.35,16.61,51.99,-1333524.25,5.01
11:15,101674.03,26.36,19.21,101686.64,15.50,56.10,-1334005.75,4.78
11:16,101667.64,26.28,19.14,101684.99,16.22,53.76,-1334755.87,4.47
11:17,101665.42,26.32,19.39,101685.00,17.34,48.93,-1335275.25,4.17
11:18,101665.32,26.30,19.44,101686.83,17.42,49.39,-1336467.00,4.25
11:19,101659.24,26.27,19.36,101681.08,16.95,49.23,-1336384.62,4.84
11:20,101658.91,26.28,19.27,101685.42,16.02,55.23,-1336408.62,4.94
11:21,101655.91,26.29,19.36,101683.98,16.86,49.42,-1337399.25,4.92
11:22,101660.21,26.33,19.36,101684.17,17.22,48.38,-1337801.12,5.04
11:23,101663.16,26.23,19.22,101686.86,15.67,55.77,-1337764.12,4.74
11:24,101652.71,26.11,19.38,101682.14,16.49,50.35,-1338375.75,4.77
11:25,101664.17,26.09,19.42,101687.81,16.20,51.83,-1338907.75,4.38
11:26,101666.53,26.08,19.24,101686.50,16.58,50.17,-1339641.87,4.87
11:27,101666.74,26.20,19.40,101682.39,17.79,47.10,-1340134.87,4.84
11:28,101664.07,26.27,19.38,101685.92,16.37,52.92,-1339542.25,5.14
11:29,101664.02,26.25,19.37,101683.70,16.76,49.98,-1340946.87,5.07
11:30,101661.42,26.16,19.34,101687.41,15.90,55.88,-1340784.25,4.68
11:31,101658.69,26.20,19.46,101685.53,16.76,52.14,-1341603.62,4.79
11:32,101666.92,26.10,19.36,101683.05,15.85,54.06,-1341357.62,4.29
11:33,101664.19,26.20,19.46,101678.22,17.37,48.46,-1342503.12,4.67
11:34,101648.44,26.34,19.41,101672.88,17.76,47.38,-1342970.25,4.83
11:35,101647.21,26.32,19.31,101672.92,16.82,52.28,-1342840.62,5.16
11:36,101649.33,26.27,19.28,101665.50,16.30,51.96,-1343341.25,5.03
11:37,101646.09,26.15,19.30,101673.46,15.51,54.82,-1343881.25,4.37
11:38,101645.32,26.14,19.29,101669.58,16.68,50.60,-1344899.87,3.87
11:39,101647.79,26.31,19.33,101668.38,17.43,49.55,-1345025.50,4.32
11:40,101653.46,26.30,19.48,101669.36,17.65,47.86,-1345572.12,5.10
11:41,101634.78,26.38,19.28,101668.14,17.39,49.14,-1345618.37,4.31
11:42,101633.44,26.39,19.24,101667.94,17.13,49.40,-1345771.87,4.60
11:43,101636.06,26.38,19.38,101664.05,17.11,49.27,-1346539.75,3.90
11:44,101636.85,26.45,19.30,101663.83,17.35,48.79,-1345999.25,3.76
11:45,101637.18,26.34,19.26,101660.89,16.37,52.43,-1347129.37,3.74
11:46,101636.31,26.38,19.26,101663.41,17.60,48.36,-1347530.62,3.56
11:47,101639.66,26.61,19.15,101657.82,18.31,46.82,-1348233.37,4.51
11:48,101638.39,26.61,19.09,101657.58,17.95,46.65,-1348595.50,3.56
11:49,101640.61,26.62,19.19,101666.60,17.59,49.39,-1348659.75,4.65
11:50,101635.75,26.70,19.19,101663.39,17.62,48.63,-1349417.87,4.30
11:51,101646.58,26.75,19.16,101665.86,17.58,49.16,-1349120.87,5.03
11:52,101639.04,26.75,19.13,101673.85,16.97,51.70,-1349411.50,3.87
11:53,101642.94,26.64,19.09,101663.11,17.19,49.76,-1350269.25,4.88
11:54,101645.94,26.71,18.89,101663.36,18.29,44.71,-1351281.87,4.18
11:55,101647.89,26.73,18.88,101665.35,18.13,45.27,-1351809.87,4.98
11:56,101635.92,26.59,18.74,101665.77,16.83,48.53,-1351939.87,5.06
11:57,101642.10,26.54,18.97,101666.17,16.67,51.64,-1352747.25,4.69
11:58,101638.67,26.47,19.00,101664.05,17.15,47.91,-1353795.37,4.34
11:59,101637.41,26.58,18.90,101665.82,18.28,44.46,-1354086.00,4.38
12:0,101630.67,26.36,18.79,101658.82,16.06,51.55,-1354194.25,4.62
12:1,101627.88,26.35,18.96,101659.66,17.51,46.89,-1354456.87,4.83
12:2,101630.33,26.35,19.02,101664.64,16.85,48.98,-1355040.00,5.00
12:3,101629.10,26.47,18.90,101663.03,17.67,46.69,-1355529.12,3.85
12:4,101631.32,26.39,18.84,101663.47,17.42,47.66,-1355955.50,4.06
12:5,101634.00,26.42,18.95,101663.66,17.58,46.34,-1356440.00,4.67
12:6,101632.08,26.39,18.78,101662.39,17.60,44.90,-1356842.87,3.94
12:7,101636.39,26.47,18.92,101664.17,17.43,46.59,-1356952.37,3.99
12:8,101630.78,26.56,19.04,101661.27,17.71,46.99,-1357528.12,4.38
12:9,101638.19,26.53,18.96,101658.28,17.76,45.55,-1357859.62,4.03
12:10,101632.98,26.62,19.09,101660.14,18.37,44.40,-1358734.00,4.58
12:11,101643.73,26.60,18.81,101659.14,16.81,49.38,-1358655.75,4.80
12:12,101638.71,26.54,18.96,101657.25,17.36,48.89,-1359199.75,4.90
12:13,101627.90,26.62,18.77,101649.44,17.83,45.68,-1359684.62,4.94
12:14,101631.22,26.68,18.76,101654.78,17.90,46.15,-1359887.00,5.03
12:15,101619.13,26.64,18.84,101654.40,17.44,46.82,-1360343.12,5.05
12:16,101626.80,26.55,18.91,101655.48,16.45,50.79,-1360944.12,4.05
12:17,101625.93,26.49,18.95,101655.92,17.24,49.10,-1361146.25,5.14
12:18,101623.34,26.47,19.01,101647.64,17.73,46.55,-1362059.75,4.13
12:19,101628.53,26.52,18.97,101649.58,17.09,48.47,-1362094.62,4.15
12:20,101626.25,26.54,19.00,101648.75,17.00,48.88,-1362139.00,4.92
12:21,101627.67,26.58,19.03,101649.53,17.96,45.91,-1363057.37,3.89
12:22,101620.50,26.59,18.92,101657.10,17.56,47.39,-1363585.62,4.95
12:23,101626.91,26.69,19.00,101646.99,18.16,46.33,-1363885.75,4.18
12:24,101618.79,26.76,18.93,101644.25,18.09,45.46,-1363945.25,4.67
12:25,101622.14,26.78,18.92,101642.32,18.34,45.88,-1364569.50,4.58
12:26,101620.19,26.91,18.92,101639.92,18.63,45.06,-1365191.75,4.78
12:27,101615.36,26.97,18.94,101643.42,18.08,49.60,-1364997.12,4.10
12:28,101612.87,26.96,18.54,101637.44,18.16,45.21,-1365746.37,4.87
12:29,101615.96,26.91,18.65,101641.75,17.57,47.90,-1365882.75,4.18
12:30,101609.68,26.91,18.69,101638.64,17.53,47.48,-1366028.25,4.47
12:31,101617.89,26.74,18.66,101641.75,16.42,50.46,-1366921.50,4.45
12:32,101603.87,26.75,18.86,101635.17,17.51,46.89,-1368139.25,5.11
12:33,101606.53,26.90,18.96,101634.19,18.48,47.49,-1368684.25,3.86
12:34,101608.91,27.08,18.66,101631.88,17.90,47.40,-1368398.75,4.61
12:35,101612.73,26.90,18.67,101631.79,17.10,49.34,-1368766.37,4.71
12:36,101602.21,26.71,18.78,101632.91,17.06,47.94,-1369911.25,4.38
12:37,101596.61,26.70,18.83,101635.00,17.51,47.76,-1370665.12,4.20
12:38,101606.61,26.72,18.76,101628.13,17.18,48.29,-1370750.50,5.07
12:39,101590.46,26.86,19.03,101628.25,17.48,48.96,-1371157.50,3.86
12:40,101602.88,27.03,18.81,101623.59,18.72,44.94,-1372188.25,4.34
12:41,101595.71,26.99,18.54,101626.91,16.88,50.64,-1371348.87,4.09
12:42,101590.17,26.89,18.86,101618.60,17.70,48.02,-1373092.62,4.47
12:43,101587.17,26.89,18.93,101614.12,17.63,47.96,-1373286.25,4.85
12:44,101596.88,27.11,18.93,101616.08,18.60,45.95,-1373801.00,4.30
12:45,101602.00,27.23,18.67,101622.80,17.66,49.40,-1374023.25,5.07
12:46,101601.39,26.81,18.22,101616.82,16.87,47.14,-1374561.75,4.82
12:47,101592.91,26.67,18.49,101614.77,18.05,43.58,-1375662.75,4.59
12:48,101601.39,26.80,18.91,101622.13,18.63,43.29,-1375580.50,3.89
12:49,101596.05,27.05,18.75,101621.14,19.21,42.63,-1376591.12,5.01
12:50,101589.03,27.07,18.65,101619.60,18.41,45.21,-1377017.62,4.67
12:51,101596.74,27.17,18.64,101612.39,18.66,44.38,-1377237.12,5.23
12:52,101584.67,27.29,18.65,101612.72,19.32,42.62,-1377352.25,4.29
12:53,101585.72,27.24,18.49,101608.40,17.98,46.28,-1376956.25,4.14
12:54,101578.89,27.13,18.82,101608.54,18.40,45.27,-1378956.75,4.92
12:55,101586.87,27.35,18.70,101607.27,19.11,43.95,-1379435.75,3.96
12:56,101580.17,27.44,18.67,101600.99,19.48,43.01,-1379508.50,5.08
12:57,101573.67,27.55,18.47,101602.94,17.95,47.73,-1379209.87,5.06
12:58,101575.50,27.35,18.57,101600.52,18.10,47.32,-1380166.75,4.87
12:59,101572.49,27.23,18.71,101599.02,18.02,47.64,-1380638.37,4.46
13:0,101586.39,27.23,18.53,101604.03,17.36,49.50,-1381414.12,4.07
13:1,101576.86,27.27,18.64,101602.69,18.38,47.75,-1381798.25,5.03
13:2,101587.55,27.28,18.47,101598.10,17.44,49.34,-1382267.87,4.71
13:3,101581.73,27.06,18.19,101613.46,16.37,51.50,-1382771.87,4.67
13:4,101581.91,26.87,18.37,101606.44,17.06,49.36,-1384306.50,3.89
13:5,101568.41,26.79,18.63,101597.09,17.69,46.02,-1384705.37,4.61
13:6,101567.71,26.84,18.58,101600.58,16.87,50.23,-1384808.62,4.49
13:7,101576.46,26.79,18.63,101588.49,17.94,45.17,-1385896.12,4.94
13:8,101567.65,27.05,18.81,101591.39,19.19,42.70,-1386468.25,4.58
13:9,101572.02,27.35,18.72,101593.28,19.19,43.31,-1386592.25,3.84
13:10,101559.56,27.36,18.49,101593.11,18.53,44.64,-1386481.62,3.89
13:11,101572.16,27.41,18.39,101596.82,18.73,46.49,-1387439.75,5.01
13:12,101568.54,27.50,18.38,101587.71,18.85,43.67,-1387862.62,4.40
13:13,101563.58,27.24,18.31,101593.78,17.59,47.36,-1387598.87,5.07
13:14,101562.30,26.98,18.47,101582.27,17.59,47.81,-1388484.00,5.14
13:15,101562.74,27.17,18.61,101585.01,18.16,45.79,-1389589.00,5.02
13:16,101557.64,27.23,18.38,101581.27,18.57,43.42,-1389693.25,4.34
13:17,101558.11,27.09,17.78,101588.96,17.17,45.46,-1389552.75,5.10
13:18,101559.86,26.80,18.13,101582.47,18.08,42.52,-1390900.00,5.02
13:19,101556.62,26.59,17.81,101585.53,17.68,41.97,-1391107.25,3.58
13:20,101560.91,26.44,18.23,101584.50,18.26,41.61,-1391727.37,3.71
13:21,101558.71,26.32,18.23,101587.89,17.03,45.49,-1392027.75,4.09
13:22,101553.55,26.39,18.33,101581.63,18.49,40.22,-1393787.00,3.96
13:23,101554.66,26.53,18.35,101580.86,17.76,44.13,-1392881.37,4.34
13:24,101560.75,26.66,18.22,101586.30,17.96,43.75,-1393598.00,4.57
13:25,101557.88,26.66,18.01,101582.86,17.82,41.77,-1393715.75,4.63
13:26,101562.99,26.49,17.91,101576.67,17.63,41.87,-1393814.25,4.62
13:27,101554.85,26.24,18.03,101577.11,18.16,39.39,-1394645.12,3.73
13:28,101565.69,26.33,18.19,101587.16,18.74,39.16,-1394964.25,4.39
13:29,101551.86,26.28,17.88,101573.89,17.74,40.12,-1395019.12,4.19
13:30,101555.16,26.27,18.15,101579.13,18.93,37.05,-1395049.37,4.38
13:31,101554.37,26.30,18.14,101576.11,18.59,38.48,-1395546.75,4.52
13:32,101549.63,26.31,18.20,101576.92,17.91,42.38,-1396001.62,4.28
13:33,101551.27,26.27,18.30,101577.27,17.91,41.08,-1396038.00,5.01
13:34,101561.21,26.35,18.38,101577.10,18.38,40.70,-1396387.25,4.21
13:35,101553.49,26.60,18.47,101573.07,18.71,40.63,-1396740.12,4.79
13:36,101548.80,26.65,17.86,101575.03,17.54,41.98,-1395885.50,4.90
13:37,101551.22,26.36,18.05,101570.35,17.84,41.89,-1397101.25,4.94
13:38,101535.88,26.33,18.04,101559.16,18.20,39.46,-1397219.25,3.82
13:39,101531.13,26.48,18.11,101557.05,19.24,37.32,-1397904.50,4.83
13:40,101537.24,26.62,17.98,101562.47,19.53,36.70,-1397660.12,4.85
13:41,101533.60,26.68,18.24,101568.14,18.92,40.72,-1397854.75,5.07
13:42,101544.89,26.77,18.59,101563.58,17.46,47.81,-1397336.75,3.67
13:43,101536.32,26.70,18.71,101565.60,16.85,49.30,-1398290.75,3.98
13:44,101534.32,26.85,18.82,101562.83,17.99,46.31,-1398740.75,4.72
13:45,101539.16,26.99,18.65,101561.75,18.64,44.87,-1399291.25,3.69
13:46,101542.67,27.14,18.67,101557.71,19.00,42.92,-1399714.00,4.74
13:47,101524.78,27.20,18.55,101557.65,18.48,46.47,-1399993.50,4.03
13:48,101524.02,27.27,18.79,101552.80,18.57,45.71,-1400234.75,3.69
13:49,101532.75,27.29,18.56,101557.60,18.00,47.33,-1400635.25,4.45
13:50,101527.88,27.18,18.43,101553.03,18.14,46.34,-1401297.12,4.07
13:51,101525.08,27.11,18.48,101551.39,18.60,43.95,-1401502.50,4.38
13:52,101530.29,27.29,18.47,101552.71,18.56,44.04,-1401142.50,4.23
13:53,101528.47,27.05,18.21,101554.68,17.28,47.21,-1401873.37,5.10
13:54,101527.45,26.96,18.30,101561.75,18.35,44.22,-1402218.25,4.78
13:55,101536.10,26.92,18.28,101561.32,17.93,43.94,-1403015.00,4.47
13:56,101528.42,26.95,18.39,101558.27,18.19,44.13,-1403429.12,3.70
13:57,101534.88,26.95,18.31,101551.61,18.82,40.79,-1403494.87,4.23
13:58,101539.86,26.88,18.21,101563.39,18.55,42.06,-1404713.62,4.20
13:59,101529.69,26.61,18.04,101551.10,17.46,43.44,-1404423.62,4.79
14:0,101523.27,26.51,18.35,101553.74,17.35,45.71,-1405656.25,3.95
14:1,101533.71,26.63,18.71,101555.28,18.11,46.27,-1406057.25,4.40
14:2,101529.44,26.87,18.55,101551.84,18.32,43.61,-1406453.75,3.96
14:3,101538.89,26.92,18.50,101551.42,18.51,43.44,-1406996.62,4.63
14:4,101517.71,27.05,18.34,101554.22,18.24,43.69,-1407005.87,3.98
14:5,101523.55,26.97,18.42,101549.50,18.72,41.85,-1407219.37,4.65
14:6,101534.49,26.98,18.15,101551.59,18.51,41.30,-1407467.25,5.06
14:7,101535.10,26.78,17.99,101547.70,17.60,43.50,-1407755.62,3.96
14:8,101524.28,26.68,18.21,101542.59,17.76,44.31,-1408595.25,3.65
14:9,101519.57,26.64,18.20,101548.50,18.58,40.55,-1409202.25,4.71
14:10,101531.56,26.93,18.29,101546.67,19.51,39.62,-1409301.75,4.47
14:11,101517.88,26.99,17.97,101544.85,18.95,39.58,-1409535.75,4.39
14:12,101520.63,26.95,18.04,101546.46,18.89,39.37,-1409889.25,4.16
14:13,101532.53,26.92,17.80,101547.07,18.77,38.93,-1409901.12,4.18
14:14,101521.16,26.57,17.66,101545.98,17.34,41.92,-1410291.75,4.06
14:15,101523.48,26.37,17.81,101541.03,17.20,42.33,-1411013.12,4.54
14:16,101520.96,26.28,18.04,101543.67,17.91,41.14,-1412020.87,4.13
14:17,101524.25,26.40,17.97,101547.28,18.51,39.60,-1412295.62,4.47
14:18,101515.61,26.60,18.08,101540.58,19.23,38.25,-1412326.62,4.31
14:19,101514.52,26.67,17.86,101541.88,18.39,39.38,-1412056.75,4.37
14:20,101510.85,26.47,17.76,101537.86,17.50,41.25,-1411960.50,4.61
14:21,101515.96,26.45,18.07,101532.20,18.26,39.98,-1413317.62,4.34
14:22,101513.35,26.68,17.97,101526.07,19.42,36.84,-1413407.12,5.10
14:23,101502.99,26.60,17.89,101531.57,18.34,38.73,-1413210.00,3.82
14:24,101509.75,26.52,17.92,101530.69,18.09,41.13,-1413799.00,4.57
14:25,101492.61,26.58,18.03,101526.00,17.98,41.01,-1414003.37,3.81
14:26,101498.85,26.62,17.80,101534.98,18.33,39.42,-1414061.25,3.81
14:27,101516.86,26.71,18.12,101533.28,18.37,41.70,-1414398.12,4.05
14:28,101505.39,26.75,17.78,101532.90,18.95,37.40,-1414868.87,4.73
14:29,101509.47,26.82,17.94,101528.07,19.26,38.41,-1415052.87,4.37
14:30,101511.86,26.71,17.57,101526.85,17.65,40.47,-1415012.75,5.07
14:31,101510.80,26.49,17.73,101531.88,18.65,37.53,-1416074.50,4.87
14:32,101488.36,26.55,17.88,101518.74,18.49,39.71,-1415802.25,4.73
14:33,101510.24,26.58,17.58,101528.69,17.70,40.49,-1415728.75,4.52
14:34,101500.59,26.46,17.80,101520.50,18.38,38.34,-1416664.75,4.27
14:35,101508.50,26.39,17.69,101525.16,17.73,39.49,-1416378.37,4.85
14:36,101488.39,26.42,17.94,101515.91,19.01,38.21,-1417459.37,4.52
14:37,101496.61,26.72,18.00,101515.57,19.62,36.42,-1417390.62,4.27
14:38,101494.04,26.89,17.77,101510.83,19.72,36.28,-1417232.87,4.91
14:39,101504.52,26.87,17.83,101519.31,19.27,38.16,-1417515.62,4.00
14:40,101495.44,26.93,17.71,101518.03,19.34,36.99,-1417906.75,4.65
14:41,101487.44,26.98,17.47,101517.92,18.85,37.55,-1417342.87,4.75
14:42,101485.02,26.88,17.53,101505.82,19.06,37.27,-1418415.75,4.87
14:43,101493.72,27.07,17.96,101507.67,19.49,38.83,-1418433.12,4.72
14:44,101485.39,27.18,17.63,101499.33,19.54,37.86,-1418988.37,4.20
14:45,101471.54,26.94,17.45,101500.14,19.12,36.07,-1418642.25,4.58
14:46,101472.55,27.00,17.68,101499.89,19.84,35.29,-1419257.75,4.11
14:47,101466.50,27.07,17.46,101493.33,19.79,35.34,-1419779.62,5.03
14:48,101470.82,27.05,17.37,101490.22,19.45,36.14,-1419650.12,4.83
14:49,101465.16,27.20,17.51,101491.22,19.69,36.57,-1420022.50,4.16
14:50,101469.66,27.20,17.31,101489.66,19.75,35.03,-1420321.25,4.69
14:51,101468.33,27.33,17.49,101498.42,19.20,38.05,-1419812.00,3.74
14:52,101461.03,27.02,17.29,101484.21,18.51,37.81,-1420361.75,4.54
14:53,101467.52,27.05,17.43,101488.02,18.75,39.62,-1421069.50,3.71
14:54,101474.03,27.17,17.47,101492.82,19.86,35.15,-1421153.50,4.32
14:55,101472.91,27.23,17.35,101489.55,19.56,36.39,-1421539.25,3.76
14:56,101467.81,27.10,17.18,101481.27,17.97,39.87,-1420602.75,3.82
14:57,101464.38,26.77,17.27,101484.85,17.18,41.98,-1421958.75,4.87
14:58,101464.99,26.63,17.63,101487.27,17.82,41.37,-1423227.62,4.31
14:59,101466.14,26.66,17.74,101487.58,18.05,40.64,-1423104.25,4.07
15:0,101466.72,26.54,17.73,101491.50,17.70,41.39,-1423291.12,3.91
15:1,101460.96,26.60,17.88,101485.18,19.08,37.18,-1424005.87,4.54
15:2,101463.69,26.69,17.78,101481.82,18.30,39.26,-1423873.25,4.94
15:3,101459.65,26.58,18.10,101476.57,19.00,38.58,-1424307.25,4.05
15:4,101450.60,26.78,18.02,101475.89,19.41,37.29,-1424079.37,5.11
15:5,101450.97,26.68,18.09,101474.14,18.66,38.88,-1424175.75,4.94
15:6,101456.07,27.05,17.91,101481.86,19.98,36.92,-1425485.37,4.99
15:7,101459.90,27.19,17.64,101477.02,19.19,38.98,-1424512.50,4.75
15:8,101447.16,27.06,17.79,101473.37,19.29,37.70,-1424986.75,4.72
15:9,101456.44,27.08,17.89,101475.26,18.66,40.89,-1425105.25,3.64
15:10,101461.46,26.88,17.98,101484.64,17.84,42.39,-1425228.25,4.04
15:11,101465.33,26.57,17.91,101485.27,16.93,44.91,-1425766.87,4.56
15:12,101445.06,26.48,17.94,101475.65,17.09,43.80,-1426542.12,3.51
15:13,101463.47,26.59,18.17,101478.46,18.47,40.86,-1427761.50,4.56
15:14,101452.89,26.79,17.95,101468.46,18.17,41.65,-1427148.75,5.01
15:15,101463.87,26.90,17.89,101479.64,19.50,37.36,-1428222.50,4.01
15:16,101454.23,27.14,17.82,101478.42,19.29,39.45,-1427532.00,4.09
15:17,101451.60,27.12,17.66,101472.96,18.96,39.46,-1427522.75,3.93
15:18,101460.00,27.14,17.65,101476.09,19.23,37.58,-1427848.25,4.81
15:19,101446.96,27.30,17.69,101476.13,20.35,36.14,-1428887.75,5.03
15:20,101453.22,27.30,17.30,101469.28,18.29,39.99,-1427745.25,4.52
15:21,101446.28,26.89,17.60,101470.31,18.02,40.24,-1428967.25,4.68
15:22,101451.44,27.11,17.77,101471.27,19.51,38.86,-1429710.12,4.87
15:23,101447.88,27.08,17.37,101473.07,17.97,39.79,-1429627.62,5.00
15:24,101448.05,27.08,17.76,101469.53,19.35,38.58,-1430220.62,4.35
15:25,101439.62,27.27,17.59,101471.32,20.02,36.38,-1430422.50,4.46
15:26,101444.22,27.40,17.50,101469.28,20.12,35.71,-1430502.62,3.91
15:27,101432.21,27.41,17.49,101463.28,20.35,34.63,-1430483.25,4.53
15:28,101438.21,27.52,17.34,101464.82,20.34,34.27,-1430709.25,4.74
15:29,101439.35,27.36,17.36,101464.28,19.30,37.40,-1430988.25,5.05
15:30,101432.60,27.20,17.48,101457.56,18.15,41.41,-1431352.75,5.07
15:31,101437.58,27.28,17.63,101461.69,19.83,37.04,-1432355.25,3.96
15:32,101430.27,27.34,17.21,101459.28,18.93,37.49,-1432165.50,4.47
15:33,101438.60,26.89,17.24,101458.91,17.64,39.11,-1432081.62,3.78
15:34,101439.03,26.75,17.45,101458.97,18.52,37.55,-1433489.62,5.06
15:35,101434.03,26.91,17.58,101456.64,19.68,35.56,-1434232.87,4.97
15:36,101430.94,27.17,17.43,101454.53,19.37,36.58,-1433487.75,5.13
15:37,101430.57,27.11,17.44,101460.18,19.60,35.79,-1433967.50,4.12
15:38,101427.85,27.20,17.51,101456.64,19.62,35.77,-1433940.25,4.81
15:39,101443.19,27.21,17.45,101457.91,19.29,36.35,-1434301.25,4.46
15:40,101436.71,27.24,17.46,101462.42,19.68,35.81,-1434686.00,4.68
15:41,101435.86,27.15,17.33,101455.49,18.92,37.44,-1434908.12,4.58
15:42,101423.36,27.14,17.47,101448.03,19.21,36.91,-1435062.00,5.34
15:43,101418.30,27.25,17.53,101450.46,19.45,36.85,-1435833.00,4.82
15:44,101418.57,27.34,17.40,101446.04,20.25,34.58,-1435886.25,5.24
15:45,101420.83,27.33,17.49,101447.27,19.51,36.89,-1436399.75,5.20
15:46,101428.71,27.52,17.35,101450.78,20.66,33.82,-1436857.25,5.08
15:47,101429.05,27.50,17.12,101450.71,19.98,34.31,-1436194.75,4.81
15:48,101423.98,27.43,17.24,101446.35,20.29,33.60,-1436858.50,5.15
15:49,101428.85,27.48,17.20,101450.97,20.25,35.00,-1436879.12,4.00
15:50,101411.63,27.45,17.14,101437.42,19.28,36.61,-1436777.25,4.78
15:51,101418.04,27.42,17.32,101446.16,19.66,35.83,-1437366.00,4.93
15:52,101410.34,27.36,17.19,101443.17,18.89,37.97,-1437242.37,4.52
15:53,101428.19,27.11,17.43,101444.64,18.52,39.54,-1437812.75,4.36
15:54,101418.72,27.25,17.31,101440.82,18.65,38.49,-1438261.87,4.15
15:55,101406.22,26.99,17.40,101441.77,18.47,39.64,-1438837.62,5.07
15:56,101412.50,26.89,17.40,101437.21,17.86,39.76,-1438806.50,4.65
15:57,101420.38,26.59,17.50,101437.49,17.24,41.65,-1438938.25,3.85
15:58,101407.07,26.67,17.75,101433.94,18.87,38.35,-1440305.37,4.90
15:59,101408.57,26.71,17.69,101426.08,18.02,39.79,-1439609.25,4.32
16:0,101408.90,26.88,17.74,101425.48,19.70,36.61,-1439815.75,4.65
16:1,101396.63,27.04,17.71,101421.35,19.24,38.19,-1439901.75,4.80
16:2,101389.42,27.07,17.56,101413.99,18.61,39.37,-1439542.25,4.96
16:3,101398.29,27.03,17.74,101422.61,18.89,39.15,-1439775.62,4.52
16:4,101397.50,27.13,17.64,101422.33,19.48,36.73,-1439896.50,4.90
16:5,101386.91,27.09,17.50,101418.52,19.33,36.23,-1439753.75,4.98
16:6,101397.41,27.33,17.45,101416.25,20.18,36.19,-1440634.37,3.82
16:7,101392.08,27.43,17.58,101420.99,19.59,39.22,-1438671.25,5.07
16:8,101396.32,27.32,17.37,101417.50,18.97,38.66,-1439236.75,4.87
16:9,101392.71,27.46,17.57,101423.08,20.16,35.96,-1440657.50,3.79
16:10,101395.53,27.49,17.25,101417.16,19.30,37.69,-1439274.75,4.45
16:11,101398.13,27.35,17.28,101416.53,18.96,38.15,-1438189.00,3.81
16:12,101394.60,27.21,17.42,101415.47,18.89,37.84,-1439880.62,4.85
16:13,101393.71,27.03,17.02,101421.13,17.58,40.20,-1440636.62,4.72
16:14,101393.57,26.79,17.24,101410.11,18.42,37.65,-1443659.75,4.23
16:15,101389.96,26.69,17.41,101419.14,17.60,41.07,-1441606.87,4.45
16:16,101380.87,26.97,17.64,101410.02,19.68,36.71,-1442409.62,4.78
16:17,101382.46,27.29,17.53,101415.81,19.65,38.12,-1440666.25,4.05
16:18,101384.03,27.25,17.23,101413.39,19.11,38.35,-1440107.25,4.00
16:19,101396.38,27.38,17.27,101412.92,18.89,39.24,-1440253.75,5.07
16:20,101376.45,27.19,17.24,101403.33,18.11,41.42,-1441270.25,3.89
16:21,101374.16,27.04,17.40,101398.10,18.71,38.29,-1442348.12,3.71
16:22,101376.46,27.19,17.38,101402.97,18.37,40.27,-1441901.62,4.76
16:23,101379.21,27.01,17.32,101406.88,17.97,40.61,-1443176.00,4.58
16:24,101384.38,27.01,17.40,101402.78,18.26,39.69,-1443215.62,4.49
16:25,101380.85,26.86,17.70,101397.89,18.40,40.16,-1444885.50,4.67
16:26,101370.77,27.05,17.54,101396.60,18.28,40.89,-1443405.00,3.74
16:27,101378.49,27.06,17.63,101402.39,19.03,39.08,-1444478.75,5.01
16:28,101384.91,27.29,17.61,101412.17,19.35,38.57,-1444730.37,4.48
16:29,101379.60,27.30,17.16,101412.19,18.26,39.36,-1444057.00,4.85
16:30,101391.35,26.88,17.31,101412.92,17.25,42.24,-1445575.12,3.86
16:31,101377.50,26.84,17.55,101402.73,18.21,39.29,-1447028.50,4.65
16:32,101379.19,26.91,17.50,101402.73,19.05,37.44,-1447645.87,3.82
16:33,101381.21,27.00,17.37,101406.92,18.75,38.65,-1446389.37,4.88
16:34,101380.24,26.93,17.57,101400.10,18.95,37.77,-1446269.87,4.90
16:35,101380.98,27.10,17.50,101404.00,18.88,39.07,-1446557.12,3.78
16:36,101385.32,26.93,17.25,101406.70,17.69,40.00,-1444916.87,4.03
16:37,101376.14,26.75,17.44,101405.82,17.52,41.69,-1448407.75,3.69
16:38,101378.64,26.79,17.54,101404.32,18.84,38.86,-1449569.12,3.97
16:39,101376.27,26.78,17.48,101399.25,18.45,38.71,-1446946.62,4.67
16:40,101385.50,26.78,17.71,101406.42,18.52,40.31,-1447271.37,4.64
16:41,101369.33,26.73,17.55,101399.22,18.20,39.97,-1446958.25,5.10
16:42,101378.78,26.77,17.59,101401.78,18.57,38.67,-1446873.00,5.09
16:43,101376.36,26.80,17.65,101396.02,18.95,37.60,-1446707.25,4.67
16:44,101364.10,26.92,17.57,101390.84,19.53,36.43,-1447998.50,4.84
16:45,101370.61,27.13,17.62,101402.11,19.34,38.74,-1445978.62,3.85
16:46,101364.80,27.04,17.23,101385.55,18.27,38.93,-1444816.00,4.79
16:47,101361.64,26.81,17.52,101388.93,18.58,37.77,-1448572.75,4.96
16:48,101370.21,26.85,17.52,101387.14,18.70,37.83,-1450355.37,3.80
16:49,101354.78,26.82,17.46,101385.21,18.15,38.95,-1451002.75,3.80
16:50,101350.96,26.92,17.54,101383.22,19.13,37.09,-1452575.00,4.99
16:51,101359.81,26.94,17.64,101385.80,19.54,36.76,-1450222.62,4.16
16:52,101355.25,26.88,17.41,101374.17,18.69,37.93,-1450637.62,4.09
16:53,101354.24,27.05,17.54,101379.83,19.02,38.63,-1449403.00,4.34
16:54,101351.66,27.17,17.45,101371.74,19.62,36.60,-1449610.62,4.05
16:55,101351.49,27.29,17.53,101374.94,19.87,36.70,-1449647.12,4.71
16:56,101354.44,27.47,17.50,101381.19,19.71,37.26,-1447531.87,4.34
16:57,101350.28,27.35,17.27,101378.97,18.71,39.44,-1446928.25,4.61
16:58,101348.92,27.36,17.42,101375.55,19.48,38.94,-1449465.00,4.45
16:59,101347.96,27.42,17.52,101372.22,19.67,37.82,-1448223.12,4.45
17:0,101346.49,27.51,17.41,101373.27,19.51,37.18,-1447677.62,5.05
17:1,101337.47,27.35,17.25,101368.07,18.45,39.92,-1448973.75,4.39
17:2,101346.13,27.45,17.18,101370.40,18.93,38.66,-1448625.25,4.45
17:3,101348.55,27.07,17.11,101373.76,17.73,40.95,-1449262.25,4.99
17:4,101347.17,26.94,17.46,101371.92,18.81,37.72,-1450781.87,4.80
17:5,101354.56,26.95,17.30,101373.82,17.82,40.98,-1450859.87,4.36
17:6,101346.78,26.78,17.39,101373.03,17.39,41.43,-1454437.25,4.39
17:7,101340.12,26.83,17.43,101367.89,18.64,38.01,-1454606.37,3.74
17:8,101344.16,26.98,17.55,101372.11,19.34,37.29,-1454478.12,4.47
17:9,101341.82,27.02,17.63,101362.78,18.63,39.64,-1453517.25,3.82
17:10,101348.32,27.11,17.48,101369.25,18.87,38.86,-1450841.75,4.63
17:11,101340.61,26.90,17.36,101364.86,17.76,39.96,-1451219.12,4.40
17:12,101341.96,26.97,17.62,101375.27,19.36,37.61,-1453725.87,5.07
17:13,101340.78,27.09,17.50,101366.16,18.71,39.86,-1452539.75,4.25
17:14,101346.21,26.91,17.48,101371.66,17.62,41.83,-1452194.50,4.27
17:15,101341.53,26.98,17.63,101376.21,19.55,37.50,-1455802.75,4.51
17:16,101337.35,26.93,17.54,101370.57,18.53,38.91,-1455879.37,3.83
17:17,101346.72,27.10,17.75,101372.21,19.33,38.20,-1455983.75,3.77
17:18,101344.20,27.29,17.35,101372.08,18.92,38.99,-1454776.50,4.54
17:19,101338.49,27.26,17.35,101371.75,19.44,37.68,-1457955.75,4.05
17:20,101349.28,27.27,17.39,101371.71,19.56,36.89,-1457825.50,5.05
17:21,101344.79,27.28,17.49,101372.84,19.18,38.54,-1456896.00,4.31
17:22,101340.63,27.18,17.57,101370.58,19.49,37.13,-1458304.50,4.78
17:23,101333.88,27.20,17.36,101370.94,19.12,38.14,-1458107.25,3.85
17:24,101338.16,26.92,17.41,101366.16,18.62,37.83,-1460657.87,4.62
17:25,101339.57,26.87,17.54,101372.75,18.96,37.06,-1461277.62,5.11
17:26,101345.49,26.95,17.61,101368.25,18.64,38.43,-1462240.25,5.02
17:27,101345.22,26.68,17.53,101370.52,17.71,40.20,-1463224.75,4.28
17:28,101344.63,26.67,17.78,101370.67,18.82,38.82,-1462405.25,4.51
17:29,101364.03,26.54,17.59,101375.20,17.09,42.56,-1459789.75,4.11
17:30,101352.47,26.39,17.73,101370.57,16.99,42.80,-1460638.25,4.66
17:31,101354.63,26.53,17.72,101377.11,17.52,42.35,-1460346.37,4.90
17:32,101347.99,26.45,17.74,101367.25,17.26,43.09,-1462138.87,4.45
17:33,101339.98,26.54,17.98,101358.88,18.10,41.13,-1464970.62,4.62
17:34,101331.49,26.74,17.88,101365.22,18.92,38.80,-1464357.87,4.03
17:35,101342.23,26.91,17.93,101362.68,18.98,40.34,-1462686.25,3.96
17:36,101343.13,26.86,17.67,101366.68,18.24,41.37,-1459285.25,5.01
17:37,101344.78,26.75,17.80,101364.10,18.15,39.93,-1462180.62,4.43
17:38,101341.30,26.83,17.88,101367.35,19.04,39.30,-1462260.62,4.58
17:39,101329.46,26.76,17.63,101359.58,17.64,41.68,-1459097.62,4.94
17:40,101339.03,26.59,17.82,101369.57,17.91,40.06,-1462802.00,5.14
17:41,101349.08,26.65,17.65,101369.97,17.61,42.16,-1463943.12,4.69
17:42,101351.07,26.33,17.81,101366.81,16.43,44.95,-1465344.37,5.15
17:43,101348.35,26.20,17.89,101370.90,16.40,45.25,-1467437.50,4.33
17:44,101339.96,26.18,18.18,101365.14,17.69,41.14,-1469752.75,4.71
17:45,101349.10,26.18,18.05,101370.82,17.41,42.55,-1469579.25,4.03
17:46,101345.53,26.25,18.12,101362.83,18.56,38.51,-1470177.25,4.95
17:47,101341.50,26.20,18.08,101361.60,17.61,40.99,-1469667.25,4.97
17:48,101339.17,26.24,17.94,101359.03,17.11,42.77,-1468806.62,4.16
17:49,101330.82,26.13,18.14,101356.10,17.81,40.98,-1470437.75,3.95
17:50,101335.67,26.36,18.08,101362.41,19.36,36.60,-1469237.50,5.14
17:51,101337.36,26.41,17.98,101357.53,18.23,40.57,-1467930.12,4.89
17:52,101335.37,26.40,18.01,101357.69,17.86,41.70,-1468374.37,4.97
17:53,101338.75,26.37,17.93,101358.66,17.67,41.97,-1469588.12,3.68
17:54,101334.86,26.38,17.93,101357.88,17.22,42.91,-1470321.50,3.98
17:55,101328.83,26.49,18.08,101357.80,18.75,38.88,-1471984.75,4.20
17:56,101336.08,26.61,17.83,101359.70,18.64,40.25,-1471108.12,4.69
17:57,101331.16,26.61,17.81,101355.49,18.03,40.39,-1470543.50,4.07
17:58,101326.80,26.58,17.80,101352.78,18.35,39.30,-1471394.37,3.83
17:59,101331.03,26.57,17.68,101355.28,17.10,43.29,-1470775.25,5.00
18:0,101336.08,26.52,17.79,101354.16,17.59,41.29,-1472775.12,4.10
18:1,101335.69,26.56,17.81,101357.73,17.97,40.53,-1471654.37,4.98
18:2,101328.36,26.69,17.68,101356.45,18.65,38.98,-1471972.75,4.07
18:3,101323.92,26.50,17.59,101350.12,16.79,43.37,-1470065.75,4.92
18:4,101326.05,26.45,17.77,101351.49,18.15,39.34,-1472406.25,4.67
18:5,101314.14,26.54,17.88,101350.72,18.86,38.05,-1473017.75,3.79
18:6,101320.66,26.61,17.76,101345.92,18.00,41.11,-1473066.00,4.06
18:7,101319.67,26.65,17.85,101350.19,18.90,38.15,-1473079.25,4.92
18:8,101330.36,26.50,17.65,101341.94,16.48,44.54,-1472353.25,4.73
18:9,101328.37,26.27,17.88,101345.93,16.42,45.15,-1473568.00,4.92
18:10,101328.71,26.20,17.99,101343.73,16.35,46.01,-1474717.00,4.96
18:11,101314.36,26.24,17.95,101338.66,17.24,42.82,-1474851.25,3.86
18:12,101312.16,26.25,18.06,101337.11,17.65,41.93,-1474016.37,3.74
18:13,101314.64,26.19,17.97,101342.02,16.44,45.24,-1474719.37,4.76
18:14,101308.77,26.22,18.06,101337.86,17.61,41.12,-1475772.87,4.37
18:15,101313.43,26.24,18.04,101337.97,17.23,42.05,-1474505.50,4.74
18:16,101308.77,26.31,18.06,101332.24,18.25,40.32,-1474594.00,4.32
18:17,101300.99,26.39,17.86,101333.32,18.05,40.96,-1474367.62,3.94
18:18,101304.87,26.45,18.08,101334.20,17.81,42.05,-1474208.00,4.28
18:19,101302.78,26.53,17.82,101325.85,18.02,40.36,-1474046.37,4.54
18:20,101314.27,26.51,17.77,101327.99,18.13,40.60,-1474006.12,4.40
18:21,101293.21,26.54,17.66,101324.38,17.81,41.33,-1474480.87,4.63
18:22,101289.99,26.53,17.63,101328.03,18.21,38.88,-1474596.37,4.30
18:23,101296.42,26.53,17.69,101321.67,18.63,38.16,-1474735.75,3.87
18:24,101303.83,26.63,17.65,101328.21,18.25,40.72,-1474161.50,4.39
18:25,101304.19,26.50,17.68,101323.45,17.21,42.05,-1474544.50,5.03
18:26,101301.67,26.52,17.65,101329.07,17.33,41.86,-1474794.25,5.00
18:27,101295.64,26.45,17.67,101322.57,17.60,40.71,-1475587.25,3.69
18:28,101292.92,26.49,17.59,101321.55,18.25,38.43,-1475841.00,3.69
18:29,101305.72,26.40,17.54,101326.40,16.99,41.61,-1475748.00,5.05
18:30,101288.28,26.40,17.54,101315.36,17.67,40.30,-1475408.75,3.74
18:31,101295.10,26.36,17.57,101316.97,17.60,40.09,-1475495.75,3.85
18:32,101285.97,26.48,17.53,101313.94,18.29,38.76,-1475936.50,5.12
18:33,101285.03,26.57,17.59,101312.17,18.24,39.27,-1475332.75,5.04
18:34,101285.96,26.58,17.41,101311.89,17.44,41.47,-1474458.75,4.30
18:35,101281.66,26.45,17.51,101313.99,16.57,43.83,-1474614.25,4.45
18:36,101282.01,26.30,17.45,101311.03,15.89,45.46,-1474612.75,4.78
18:37,101292.43,26.25,17.74,101310.42,17.12,41.78,-1476430.62,5.07
18:38,101283.96,26.37,17.64,101309.60,18.23,39.45,-1476645.00,4.71
18:39,101289.65,26.53,17.58,101310.78,17.81,40.44,-1472799.37,3.78
18:40,101286.44,26.54,17.54,101304.83,18.31,38.93,-1474143.37,4.50
18:41,101283.42,26.50,17.55,101304.41,17.47,40.91,-1474215.25,3.76
18:42,101281.30,26.57,17.58,101307.57,18.03,40.04,-1473639.12,4.50
18:43,101281.07,26.68,17.56,101304.51,18.03,41.24,-1474348.75,4.53
18:44,101283.01,26.74,17.30,101301.17,18.22,39.69,-1473813.37,4.69
18:45,101272.94,26.70,17.33,101303.14,18.38,38.30,-1474425.87,3.79
18:46,101270.02,26.63,17.29,101299.63,17.35,41.91,-1472120.00,4.85
18:47,101271.78,26.54,17.38,101294.78,17.58,40.49,-1473986.25,4.49
18:48,101271.78,26.54,17.32,101296.69,17.22,42.29,-1474115.25,4.16
18:49,101273.77,26.50,17.43,101298.47,17.57,41.74,-1474603.87,4.40
18:50,101270.61,26.43,17.24,101294.28,16.47,43.52,-1472007.75,4.25
18:51,101261.17,26.30,17.45,101298.12,16.52,43.34,-1472441.87,4.88
18:52,101275.88,26.20,17.30,101294.75,16.24,44.10,-1475353.12,4.36
18:53,101285.56,26.07,17.33,101298.11,17.30,40.31,-1477093.87,3.92
18:54,101278.16,26.12,17.22,101297.69,16.38,43.89,-1473859.12,3.79
18:55,101276.52,25.83,17.24,101304.44,15.27,46.29,-1475097.12,4.42
18:56,101277.02,25.60,17.37,101302.06,15.47,46.05,-1476381.62,4.05
18:57,101270.18,25.66,17.64,101303.27,17.17,40.89,-1476802.37,4.02
18:58,101277.46,25.97,17.50,101297.35,17.19,41.35,-1474635.25,4.88
18:59,101272.31,26.04,17.49,101296.51,17.40,40.90,-1474622.00,4.47
19:0,101271.77,26.25,17.48,101298.00,16.97,42.97,-1473312.75,4.53
19:1,101289.24,26.04,17.33,101303.84,15.54,46.96,-1471734.50,4.77
19:2,101269.75,25.83,17.44,101304.13,15.16,47.83,-1473837.25,4.41
19:3,101277.13,25.67,17.47,101303.55,15.01,48.37,-1476155.75,3.98
19:4,101275.99,25.65,17.62,101304.47,15.38,47.67,-1475981.50,4.98
19:5,101272.53,25.60,17.69,101299.28,15.03,48.61,-1475779.37,4.38
19:6,101273.94,25.64,17.72,101296.30,16.07,45.21,-1476937.00,4.42
19:7,101274.22,25.78,17.54,101286.99,15.95,45.69,-1477376.00,4.92
19:8,101268.72,25.81,17.61,101297.99,16.29,44.46,-1477200.25,3.77
19:9,101270.78,25.99,17.48,101294.52,16.62,42.69,-1477597.75,4.63
19:10,101271.30,26.21,17.37,101294.25,16.04,46.03,-1475730.87,4.99
19:11,101263.72,26.17,17.35,101288.46,15.58,45.79,-1475645.50,4.81
19:12,101266.43,26.24,17.41,101290.97,16.82,42.24,-1476594.12,4.49
19:13,101268.63,26.62,17.16,101292.00,17.70,39.88,-1475472.12,4.34
19:14,101269.13,26.89,17.40,101300.46,16.88,44.73,-1475311.37,5.19
19:15,101271.60,27.16,16.96,101293.30,16.88,42.94,-1475112.37,4.83
19:16,101275.82,27.13,16.68,101296.91,15.94,45.22,-1475733.75,3.85
19:17,101274.91,27.09,16.88,101298.55,15.84,45.41,-1475328.62,4.83
19:18,101276.70,26.89,17.05,101299.66,14.77,48.02,-1474794.87,4.05
19:19,101268.53,26.67,17.58,101302.22,14.69,49.14,-1476398.25,5.12
19:20,101276.91,26.50,17.85,101304.10,14.82,48.78,-1475443.00,4.16
19:21,101287.50,26.51,17.89,101303.12,16.00,45.10,-1470775.25,4.19
19:22,101287.57,26.65,18.21,101311.15,16.77,44.02,-1469127.75,4.12
19:23,101277.63,26.52,18.37,101304.45,15.54,45.73,-1475973.75,4.60
19:24,101288.57,26.40,18.70,101311.49,15.59,46.97,-1473952.37,4.98
19:25,101283.57,26.19,19.00,101308.92,14.84,48.91,-1474316.12,5.12
19:26,101283.32,26.04,19.32,101308.27,15.19,48.01,-1474065.25,4.08
19:27,101282.25,26.02,19.34,101303.53,15.04,47.86,-1475424.87,3.86
19:28,101281.38,25.84,19.58,101304.96,14.89,48.78,-1474786.12,4.22
19:29,101286.21,17.49,33.75,101307.21,14.73,48.99,-1474165.37,0.52
19:30,101287.66,10.23,49.50,101303.85,14.74,47.29,-1474003.25,0.53
19:31,101289.90,7.27,59.50,101299.60,14.38,49.20,-1473874.87,0.55
19:32,101290.40,6.83,67.18,101295.44,14.12,50.05,-1473809.62,0.52
19:33,101295.75,8.80,72.90,101299.27,13.96,51.32,-1475994.12,0.55
19:34,101293.30,9.85,74.46,101291.73,14.39,51.84,-1477829.37,0.55
19:35,101293.82,10.31,74.93,101301.61,14.55,51.73,-1480879.62,0.55
19:36,101287.89,10.62,75.29,101301.03,14.45,52.36,-1482108.75,0.54
19:37,101297.19,10.78,75.29,101301.39,14.31,52.89,-1485379.00,0.55
19:38,101292.25,10.98,75.82,101297.89,14.33,52.92,-1487498.62,0.55
19:39,101285.84,11.07,75.06,101293.55,14.18,52.53,-1489435.87,0.54
19:40,101290.63,11.16,75.57,101294.30,14.16,53.16,-1492644.50,0.55
19:41,101296.19,11.44,75.07,101294.57,14.14,52.47,-1494476.37,0.55
19:42,101292.32,11.46,74.14,101293.63,13.80,52.47,-1495719.75,0.55
19:43,101283.09,11.62,74.11,101291.17,13.85,54.35,-1501028.87,0.55
19:44,101283.45,12.12,74.45,101295.13,14.25,54.88,-1502796.75,0.55
19:45,101286.96,12.37,73.11,101296.61,14.29,53.29,-1503173.12,0.56
19:46,101269.66,21.53,26.48,101294.10,15.38,47.40,-1505751.75,4.85
19:47,101274.42,22.93,22.61,101292.86,15.85,45.15,-1505647.37,3.93
19:48,101275.78,23.55,21.59,101303.24,14.66,48.74,-1505994.37,4.95
19:49,101277.38,23.87,21.02,101301.82,15.38,46.22,-1507817.37,4.52
19:50,101277.47,24.01,20.59,101299.11,15.06,46.08,-1508457.75,4.61
19:51,101271.07,24.16,20.24,101292.67,14.94,47.17,-1509395.00,4.09
19:52,101278.53,24.15,20.07,101294.44,15.98,42.92,-1510723.75,3.80
19:53,101278.57,24.08,19.85,101301.27,14.70,48.08,-1510673.25,4.77
19:54,101288.24,24.06,19.67,101297.16,15.56,45.12,-1511178.87,4.07
19:55,101273.08,23.79,19.48,101299.10,14.06,49.59,-1511789.00,4.51
19:56,101276.33,23.67,19.71,101299.97,15.02,46.58,-1513030.50,4.48
19:57,101285.55,23.60,19.53,101305.94,14.41,48.84,-1512383.12,3.74
19:58,101293.39,23.53,19.60,101302.38,14.60,47.84,-1513458.12,4.22
19:59,101275.72,23.49,19.48,101298.52,13.79,50.74,-1513621.25,4.58
20:0,101271.98,23.36,19.55,101301.72,13.76,51.30,-1513628.75,4.09
20:1,101274.02,23.33,19.60,101295.48,14.12,49.00,-1514635.12,4.65
20:2,101284.04,23.66,19.60,101297.64,16.15,42.29,-1514989.12,4.76
20:3,101276.14,23.81,19.53,101292.97,16.15,42.81,-1514683.75,3.74
20:4,101271.42,23.77,19.26,101291.27,14.32,48.89,-1513996.37,4.13
20:5,101273.50,23.58,19.49,101292.55,14.72,46.99,-1515507.62,4.19
20:6,101270.69,23.71,19.32,101289.71,15.08,46.88,-1514680.25,4.30
20:7,101271.30,23.53,19.30,101286.75,13.98,49.44,-1514651.00,4.87
20:8,101272.30,23.42,19.38,101293.13,13.89,49.96,-1515423.25,4.30
20:9,101267.09,23.43,19.44,101293.08,15.08,44.85,-1515777.50,4.87
20:10,101271.32,23.36,19.25,101290.73,13.78,48.98,-1515610.37,4.03
20:11,101280.30,23.34,19.34,101295.89,13.75,50.99,-1516477.62,4.87
20:12,101272.11,23.23,19.22,101296.10,13.26,52.23,-1516227.37,4.58
20:13,101271.39,23.25,19.37,101295.08,14.92,45.60,-1517198.75,3.82
20:14,101279.04,23.45,19.26,101292.38,15.55,42.83,-1516536.50,4.94
20:15,101271.09,23.69,19.08,101290.13,15.52,43.80,-1516595.75,4.91
20:16,101272.26,23.73,19.13,101288.03,15.80,42.87,-1516588.25,4.65
20:17,101275.21,23.85,18.94,101287.41,15.73,44.35,-1515837.37,3.82
20:18,101270.91,23.81,18.84,101289.24,15.06,45.72,-1515991.00,4.61
20:19,101271.59,23.81,19.00,101290.94,15.23,44.89,-1516186.50,3.83
20:20,101266.71,23.78,18.85,101287.30,13.52,51.68,-1515916.00,5.04
20:21,101270.75,23.82,18.87,101283.11,14.44,47.23,-1516622.25,4.91
20:22,101270.57,23.80,18.90,101289.75,13.44,52.29,-1516777.25,4.09
20:23,101270.24,23.73,18.86,101285.74,13.84,50.73,-1517063.50,4.03
20:24,101268.57,23.78,18.97,101282.30,14.08,49.86,-1517724.87,3.85
20:25,101270.82,23.85,19.06,101286.17,13.77,51.25,-1517380.37,4.25
20:26,101267.17,23.91,19.18,101281.29,13.91,50.72,-1517156.25,4.39
20:27,101264.69,24.06,18.98,101290.92,14.49,48.21,-1517203.75,4.94
20:28,101260.72,24.15,19.26,101283.33,13.62,51.33,-1517528.50,4.12
20:29,101267.45,24.26,19.30,101285.97,13.73,50.37,-1516609.75,3.89
20:30,101271.26,24.09,19.57,101287.42,12.96,53.90,-1517073.75,4.58
20:31,101265.85,24.23,19.64,101292.01,14.98,47.55,-1517267.75,4.05
20:32,101274.10,24.25,19.75,101289.71,14.41,47.25,-1517690.25,5.24
20:33,101275.36,24.41,19.50,101291.69,15.80,43.24,-1517213.25,3.87
20:34,101274.10,24.53,19.75,101290.66,15.94,43.35,-1516906.00,4.70
20:35,101275.71,24.54,19.73,101291.64,15.72,44.22,-1516664.25,4.28
20:36,101274.11,24.26,20.44,101299.67,13.55,51.56,-1516980.87,4.85
20:37,101289.11,24.08,20.57,101294.92,13.58,51.33,-1517144.75,4.49
20:38,101282.08,23.94,20.61,101296.09,13.50,50.93,-1517438.62,4.60
20:39,101271.32,23.96,20.58,101291.13,15.20,44.98,-1517322.12,3.80
20:40,101272.14,20.39,26.45,101289.61,14.08,49.19,-1517445.87,0.55
20:41,101277.57,9.13,50.91,101287.42,12.97,51.09,-1517637.25,0.56
20:42,101281.96,5.70,64.37,101289.07,12.42,53.38,-1517460.25,0.60
20:43,101296.10,5.49,71.78,101287.24,12.10,54.49,-1517595.25,0.55
20:44,101285.80,8.62,79.26,101296.36,12.12,56.66,-1519604.75,0.55
20:45,101286.54,9.72,79.82,101284.50,12.18,57.70,-1520657.37,0.57
20:46,101284.25,10.15,80.15,101290.11,12.43,58.23,-1522065.25,0.56
20:47,101281.58,10.35,80.18,101286.60,12.72,57.92,-1523432.12,0.59
20:48,101279.21,10.51,80.16,101288.94,12.61,57.59,-1524239.12,0.61
20:49,101278.58,10.53,79.42,101286.38,12.43,58.06,-1524377.25,0.56
20:50,101273.55,10.70,79.18,101285.45,12.62,58.49,-1525249.12,0.55
20:51,101278.86,10.84,78.00,101285.01,12.39,57.30,-1525321.00,0.55
20:52,101279.88,10.77,77.40,101283.57,12.33,57.61,-1526126.12,0.56
20:53,101287.42,10.84,77.20,101287.53,12.45,58.78,-1526845.25,0.55
20:54,101286.83,10.92,76.53,101288.25,12.35,57.92,-1526965.75,0.56
20:55,101277.74,11.00,76.95,101286.96,12.62,59.05,-1527526.87,0.57
20:56,101282.27,11.01,75.76,101285.24,12.27,58.49,-1527195.75,0.56
20:57,101273.92,18.02,36.40,101286.83,12.50,56.23,-1527753.50,4.20
20:58,101266.10,21.05,25.35,101282.35,13.22,51.40,-1528371.62,3.70
20:59,101255.80,22.68,23.03,101280.57,14.07,48.55,-1528483.00,4.65
21:0,101264.28,23.03,22.08,101284.42,14.36,48.99,-1528713.25,4.49
21:1,101260.49,23.10,21.40,101282.62,14.18,49.01,-1528454.75,3.90
21:2,101258.75,22.71,20.74,101275.67,12.87,53.29,-1528698.62,3.98
21:3,101253.11,22.46,20.93,101277.61,14.07,49.49,-1529272.37,4.49
21:4,101253.49,22.38,20.66,101275.50,13.06,52.33,-1528997.25,3.82
21:5,101251.57,22.18,20.78,101275.34,13.54,49.02,-1529730.62,3.58
21:6,101253.28,22.27,20.55,101278.79,13.79,50.13,-1529593.62,4.38
21:7,101258.89,22.20,20.51,101272.03,13.17,51.86,-1529523.00,4.47
21:8,101258.10,22.08,20.51,101277.28,12.65,52.51,-1530115.37,4.60
21:9,101254.32,22.14,20.59,101276.05,14.04,47.68,-1530717.25,4.27
21:10,101249.14,22.40,20.52,101278.19,14.56,45.57,-1530659.37,4.80
21:11,101254.78,22.40,20.24,101274.57,12.90,52.91,-1529925.25,3.81
21:12,101249.10,22.29,20.20,101272.89,12.67,53.66,-1530180.12,3.85
21:13,101251.72,22.17,20.12,101273.61,12.63,54.01,-1530757.12,4.38
21:14,101248.53,22.18,20.29,101265.08,13.12,50.89,-1529753.75,4.29
21:15,101249.90,22.27,20.26,101273.54,14.19,46.49,-1530298.37,4.92
21:16,101257.46,22.45,20.22,101274.14,14.40,45.71,-1530335.25,3.92
21:17,101254.47,22.49,20.02,101277.63,14.40,46.06,-1529978.87,4.98
21:18,101252.66,22.58,19.90,101280.17,14.33,46.28,-1529690.50,4.75
21:19,101249.30,22.61,19.87,101273.83,13.72,49.28,-1529586.50,3.95
21:20,101250.80,22.54,19.85,101279.22,13.11,52.45,-1530432.75,4.03
21:21,101246.03,22.48,19.81,101275.92,12.76,52.80,-1530146.25,4.00
21:22,101258.34,22.52,19.94,101277.20,13.11,50.78,-1530254.75,4.35
21:23,101257.94,22.56,19.73,101276.94,12.58,54.35,-1529563.00,3.78
21:24,101258.97,22.55,19.76,101277.07,12.90,51.33,-1531239.37,4.84
21:25,101253.21,22.75,19.74,101280.24,13.68,50.20,-1530938.00,4.45
21:26,101258.10,22.76,19.74,101279.30,12.47,54.09,-1531179.00,4.52
21:27,101253.14,22.85,19.68,101273.47,13.78,47.98,-1530657.12,5.09
21:28,101260.28,22.97,19.80,101273.00,12.65,53.64,-1530849.12,4.96
21:29,101254.60,23.14,19.57,101274.91,14.45,45.81,-1530829.75,4.90
21:30,101251.58,23.18,19.91,101272.13,13.05,51.86,-1530925.62,4.18
21:31,101246.40,23.09,20.13,101262.12,13.14,51.01,-1531543.75,4.64
21:32,101257.14,23.21,20.40,101272.77,13.33,51.62,-1531760.00,4.97
21:33,101253.38,23.04,20.54,101267.76,12.73,51.84,-1531398.12,4.52
21:34,101245.32,22.90,20.86,101268.21,12.01,55.42,-1532417.50,4.76
21:35,101244.07,22.81,21.13,101267.38,12.77,52.83,-1531780.87,4.35
21:36,101232.32,22.65,21.45,101262.78,12.17,54.82,-1531859.12,5.08
21:37,101237.50,22.41,21.75,101263.75,11.90,55.70,-1531478.25,0.55
21:38,101255.50,10.40,47.28,101267.43,12.20,53.81,-1532281.87,0.24
21:39,101260.45,11.64,54.23,101266.83,12.05,55.36,-1530893.00,0.24
21:40,101254.21,11.87,48.96,101264.21,12.06,55.28,-1531864.75,0.56
21:41,101269.21,5.30,65.42,101261.49,11.43,56.37,-1530929.50,0.24
21:42,101261.52,8.83,64.33,101258.75,11.50,56.05,-1531938.50,0.24
21:43,101257.62,10.17,59.27,101264.33,11.73,56.38,-1532390.75,3.94
21:44,101268.31,8.09,55.48,101264.23,11.91,54.31,-1533019.37,0.58
21:45,101261.27,8.12,68.88,101262.79,11.67,56.58,-1533446.62,0.24
21:46,101256.04,10.00,63.50,101265.55,11.79,56.58,-1534403.62,0.24
21:47,101257.27,17.32,34.68,101260.94,12.47,53.08,-1535434.75,4.54
21:48,101259.92,9.33,72.85,101266.64,11.74,56.27,-1535464.37,0.25
21:49,101259.24,10.63,62.47,101268.57,11.78,56.44,-1535917.25,0.27
21:50,101264.80,11.46,62.33,101266.66,11.79,56.66,-1536727.25,3.47
21:51,101253.55,10.06,73.79,101271.38,11.80,58.97,-1537535.62,0.59
21:52,101268.37,10.74,65.21,101272.04,11.84,57.26,-1537656.00,0.24
21:53,101268.63,11.45,58.36,101269.28,11.56,56.89,-1537844.62,0.24
21:54,101263.32,10.38,70.83,101272.60,11.41,57.79,-1538640.00,0.57
21:55,101266.61,10.67,66.59,101265.88,11.52,57.42,-1538882.25,0.25
21:56,101269.26,11.46,59.46,101269.02,11.72,56.88,-1539085.25,0.24
21:57,101252.29,18.36,28.73,101267.89,11.44,56.55,-1539348.37,3.65
21:58,101253.33,21.10,25.38,101270.92,11.88,55.61,-1539907.87,4.20
21:59,101263.77,9.01,62.41,101274.44,12.18,54.18,-1540125.25,0.55
22:0,101264.19,10.06,65.05,101272.75,12.01,55.87,-1539810.12,0.24
22:1,101271.08,11.25,59.24,101273.58,11.84,56.46,-1539774.12,0.24
22:2,101264.00,10.10,75.14,101270.32,11.63,59.36,-1540124.87,0.57
22:3,101271.05,10.80,69.76,101274.03,11.73,57.51,-1540211.37,0.26
22:4,101273.49,11.50,59.86,101273.05,11.84,57.48,-1540386.00,0.24
22:5,101261.40,10.50,74.56,101278.46,11.68,59.69,-1540410.50,0.56
22:6,101272.48,10.88,71.46,101277.57,11.62,58.46,-1540566.00,0.24
22:7,101270.48,11.49,60.66,101276.04,11.64,58.00,-1540764.00,0.23
22:8,101255.91,18.77,28.07,101267.75,11.69,56.14,-1540981.62,3.59
22:9,101254.83,12.75,48.60,101273.30,12.12,55.05,-1541267.00,0.58
22:10,101259.57,10.40,68.50,101270.03,11.72,57.64,-1541416.75,0.24
22:11,101264.52,11.31,59.77,101269.35,11.57,58.04,-1541197.37,0.24
22:12,101253.28,17.87,32.16,101265.78,11.42,57.84,-1541909.37,4.42
22:13,101258.78,13.32,48.41,101262.09,12.69,53.32,-1542372.25,0.58
22:14,101264.46,10.62,70.03,101265.89,11.89,57.48,-1541263.87,0.24
22:15,101259.51,11.41,60.43,101258.91,11.72,58.26,-1541561.25,0.24
22:16,101260.30,12.84,59.10,101265.07,11.94,58.50,-1542199.50,0.55
22:17,101262.59,10.76,73.59,101263.78,11.72,59.09,-1541760.50,0.24
22:18,101264.30,11.28,61.32,101263.83,11.41,59.17,-1541491.87,0.24
22:19,101252.17,16.92,37.22,101264.88,11.32,59.76,-1542219.50,4.36
22:20,101245.71,20.32,26.43,101262.30,12.64,52.62,-1542993.25,4.42
22:21,101260.35,10.03,60.65,101256.78,11.45,58.19,-1542679.62,0.59
22:22,101260.53,10.31,64.06,101260.18,11.20,59.89,-1542176.12,0.24
22:23,101261.39,11.20,60.80,101267.02,11.27,60.12,-1542902.12,0.25
22:24,101259.62,18.96,28.39,101264.70,12.39,53.76,-1543026.75,3.95
22:25,101266.50,10.93,62.55,101268.98,12.30,55.71,-1543048.25,0.58
22:26,101264.05,10.78,65.32,101261.85,11.63,58.74,-1542300.62,0.25
22:27,101263.30,11.28,60.24,101260.02,11.23,59.71,-1542741.50,0.25
22:28,101248.02,18.97,28.46,101266.21,11.69,56.71,-1543032.87,3.80
22:29,101241.92,21.34,25.12,101255.53,11.63,57.06,-1542827.87,4.26
22:30,101237.90,22.31,23.31,101261.02,12.70,52.76,-1543590.12,0.79
22:31,101252.00,8.08,66.92,101253.58,11.51,57.72,-1543171.75,0.24
22:32,101245.03,10.06,63.94,101251.97,11.28,59.44,-1543737.12,0.24
22:33,101245.63,11.14,64.77,101248.45,11.24,59.72,-1543276.25,3.91
22:34,101225.58,19.95,27.33,101253.17,11.44,58.23,-1543499.37,4.31
22:35,101237.57,22.08,23.87,101247.30,13.02,51.48,-1544243.37,4.45
22:36,101252.66,8.29,67.19,101254.39,11.70,56.83,-1543257.12,0.59
22:37,101248.46,9.93,65.25,101251.46,11.77,58.17,-1543136.37,0.24
22:38,101252.64,11.14,60.99,101251.14,11.68,58.84,-1542797.75,0.24
22:39,101243.92,10.06,76.14,101252.86,11.39,61.93,-1543358.75,0.59
22:40,101252.35,10.78,68.02,101254.05,11.52,60.19,-1543449.62,0.24
22:41,101244.40,11.35,62.37,101248.82,11.44,62.25,-1543437.75,0.24
22:42,101234.53,19.86,26.99,101245.92,12.12,55.34,-1543398.87,4.14
22:43,101239.89,10.16,73.15,101247.01,11.76,59.23,-1543597.25,0.27
22:44,101242.57,10.97,62.70,101244.86,11.42,59.52,-1543145.62,0.19
22:45,101241.94,11.42,60.95,101245.17,11.07,60.19,-1543337.25,5.28
22:46,101228.00,19.64,27.28,101243.78,12.19,54.86,-1544388.50,0.45
22:47,101231.89,9.94,72.43,101236.19,11.24,60.92,-1544230.75,0.25
22:48,101241.28,10.84,62.93,101244.07,11.23,59.82,-1544177.62,0.12
22:49,101231.71,12.12,70.87,101243.89,11.42,60.05,-1543782.62,3.80
22:50,101221.50,19.91,26.78,101241.17,12.04,54.77,-1544295.75,4.94
22:51,101218.71,12.21,47.66,101235.49,11.91,55.39,-1543838.62,0.59
22:52,101233.39,9.98,68.58,101234.77,11.33,59.11,-1544200.25,0.25
22:53,101236.64,10.92,61.09,101239.08,11.22,59.43,-1543870.12,0.12
22:54,101212.43,18.29,31.05,101231.10,11.22,58.78,-1543597.87,3.93
22:55,101219.66,21.24,25.27,101234.88,11.90,55.84,-1545040.00,4.79
22:56,101191.86,22.15,23.47,101228.51,11.35,57.59,-1544365.25,4.60
22:57,101207.96,22.35,22.75,101226.67,12.93,51.21,-1544312.87,3.97
22:58,101224.78,6.68,61.61,101224.50,11.30,55.86,-1544201.00,0.59
22:59,101228.55,9.03,65.58,101227.57,11.22,58.86,-1544377.12,0.24
23:0,101225.63,10.59,60.90,101223.06,11.24,58.92,-1544443.25,7.26
23:1,101207.76,20.01,28.22,101227.10,12.71,51.72,-1544593.12,4.27
23:2,101219.03,8.61,68.53,101223.32,11.64,56.45,-1544566.75,0.59
23:3,101218.14,9.96,66.81,101222.71,11.37,58.53,-1544547.00,0.24
23:4,101221.24,10.95,60.94,101222.21,11.24,59.11,-1544622.25,0.24
23:5,101208.56,19.10,27.59,101219.42,10.98,59.22,-1544619.87,3.76
23:6,101200.05,21.75,24.38,101221.60,12.69,52.50,-1545824.37,4.92
23:7,101211.17,8.41,63.08,101219.83,11.53,56.20,-1544564.75,0.59
23:8,101216.02,9.69,64.69,101220.49,11.26,58.53,-1544796.87,0.24
23:9,101217.67,10.79,60.82,101219.94,11.08,59.25,-1545156.37,0.25
23:10,101201.61,19.16,28.12,101216.55,11.21,56.93,-1545242.25,4.07
23:11,101198.67,21.83,24.24,101219.74,12.73,51.59,-1545763.50,3.98
23:12,101208.66,12.00,41.56,101218.99,11.86,53.53,-1545981.87,0.59
23:13,101217.39,8.66,65.87,101221.25,11.21,58.37,-1545517.62,0.12
23:14,101217.50,10.30,62.04,101221.16,11.02,59.42,-1545699.87,0.25
23:15,101204.59,17.33,31.78,101219.35,10.78,59.58,-1545775.87,4.08
23:16,101202.99,21.23,25.15,101225.72,11.83,54.94,-1546350.12,5.01
23:17,101198.39,22.39,23.08,101220.30,11.45,56.82,-1546175.50,4.44
23:18,101200.35,22.50,22.11,101215.71,12.37,52.62,-1547089.75,4.35
23:19,101218.32,7.77,52.27,101222.73,11.70,53.08,-1546062.12,0.55
23:20,101217.30,8.32,65.02,101221.72,11.18,58.08,-1546168.25,0.24
23:21,101212.89,10.23,61.36,101219.00,11.14,58.71,-1546198.50,0.24
23:22,101203.36,18.81,30.48,101221.28,11.70,54.60,-1546357.87,3.71
23:23,101200.30,21.61,24.15,101216.86,12.93,49.81,-1546452.75,4.89
23:24,101220.96,7.20,59.90,101216.14,11.53,53.78,-1546501.87,0.58
23:25,101220.76,8.67,65.93,101221.11,11.14,58.19,-1546485.75,0.24
23:26,101207.80,10.19,61.30,101214.92,11.13,58.16,-1546804.62,0.24
23:27,101199.07,19.48,28.60,101213.88,11.91,54.54,-1547406.75,3.92
23:28,101203.68,16.28,32.46,101217.15,12.59,51.47,-1547409.00,0.57
23:29,101209.32,8.66,67.55,101211.41,11.28,57.11,-1547023.25,0.24
23:30,101207.30,10.06,62.71,101210.11,11.22,57.94,-1546761.75,0.24
23:31,101197.53,15.94,37.63,101205.14,11.05,58.25,-1547034.62,3.76
23:32,101180.18,20.89,25.55,101208.38,12.32,52.49,-1547801.87,4.36
23:33,101199.25,9.76,52.82,101202.05,11.39,55.82,-1547273.25,0.59
23:34,101207.39,9.40,65.89,101208.77,11.05,58.37,-1547835.75,0.24
23:35,101204.42,10.61,60.24,101207.21,10.91,59.21,-1548202.00,0.27
23:36,101185.66,18.60,29.39,101204.14,11.77,53.78,-1548431.00,4.22
23:37,101180.96,19.74,27.24,101198.78,13.24,48.87,-1548779.75,0.59
23:38,101199.71,8.97,69.37,101200.92,11.38,56.72,-1547950.25,0.24
23:39,101196.82,10.22,61.77,101199.20,11.02,58.25,-1548398.50,0.24
23:40,101195.79,13.27,54.99,101195.28,10.96,59.86,-1548411.87,4.05
23:41,101188.60,20.64,26.06,101193.02,12.22,52.39,-1548931.00,3.74
23:42,101186.80,18.45,28.69,101193.07,12.30,51.96,-1548642.75,0.57
23:43,101195.00,8.55,67.29,101195.36,11.15,57.60,-1548777.50,0.25
23:44,101190.90,9.94,62.29,101196.92,11.02,58.62,-1548695.75,0.24
23:45,101185.89,14.19,45.87,101198.03,11.00,58.76,-1548772.62,4.60
23:46,101159.50,20.41,26.22,101193.29,12.35,52.02,-1549725.25,4.03
23:47,101170.32,22.22,23.45,101193.60,12.49,51.36,-1549569.12,2.23
23:48,101190.46,7.52,66.12,101194.32,10.97,57.17,-1548799.25,0.75
23:49,101188.25,9.50,63.12,101191.71,10.88,58.42,-1549390.62,0.72
23:50,101186.58,10.64,60.31,101188.99,10.97,58.32,-1549942.12,3.75
23:51,101179.10,19.45,27.36,101188.89,11.85,53.75,-1550387.62,4.84
23:52,101162.27,21.99,23.92,101190.28,12.96,50.11,-1550538.12,4.60
23:53,101185.32,7.77,65.74,101183.92,11.15,55.31,-1549997.25,0.60
23:54,101183.03,9.41,63.37,101187.45,10.98,57.67,-1550240.00,0.24
23:55,101183.80,10.62,59.25,101181.83,11.00,57.97,-1550432.00,0.24
23:56,101164.42,19.83,27.45,101177.07,12.24,51.52,-1551062.25,4.44
23:57,101175.77,9.39,60.46,101176.27,11.58,54.83,-1550634.75,0.59
23:58,101178.42,9.81,66.50,101178.41,11.18,57.75,-1550676.75,0.24
23:59,101179.71,10.64,59.84,101174.85,11.07,57.76,-1550414.50,0.12
0:0,101166.91,19.03,28.17,101179.86,11.80,52.92,-1551173.37,4.69
0:1,101160.52,21.75,24.21,101175.41,12.30,52.36,-1551582.25,4.34
0:2,101153.10,22.42,22.80,101176.72,12.47,50.29,-1551034.75,4.04
0:3,101159.47,8.97,48.40,101171.84,11.93,51.12,-1551001.50,0.57
0:4,101163.55,8.08,63.58,101171.17,10.82,57.12,-1551078.75,0.12
0:5,101167.19,9.70,61.45,101168.46,10.95,57.32,-1550979.25,0.24
0:6,101157.19,18.08,32.18,101169.41,11.22,54.94,-1551907.75,4.56
0:7,101146.53,21.50,24.43,101166.55,12.43,50.62,-1552424.62,3.91
0:8,101161.46,10.74,43.26,101164.15,11.59,52.44,-1551804.87,0.58
0:9,101163.39,7.69,62.93,101164.81,10.68,57.18,-1551556.50,0.24
0:10,101159.87,9.61,61.21,101163.10,10.57,57.94,-1552265.37,0.24
0:11,101158.25,16.98,33.60,101164.62,11.11,54.77,-1552531.25,4.36
0:12,101145.80,21.45,24.75,101158.92,12.54,50.04,-1552557.75,4.55
0:13,101149.83,17.37,29.22,101159.20,12.78,48.67,-1552518.37,0.59
0:14,101159.47,7.10,61.11,101162.75,10.73,56.25,-1552223.25,0.24
0:15,101156.25,9.15,61.89,101157.91,10.72,57.30,-1552434.75,0.24
0:16,101144.92,13.55,40.61,101157.42,10.70,56.44,-1552601.62,4.16
0:17,101138.77,20.78,25.87,101158.71,11.90,52.22,-1552751.25,4.52
0:18,101134.88,22.21,22.75,101162.79,12.77,48.87,-1552866.62,3.80
0:19,101147.94,7.32,53.95,101160.12,11.38,52.55,-1552283.62,0.59
0:20,101157.07,8.11,63.16,101158.92,10.70,56.37,-1552517.37,0.24
0:21,101157.05,9.84,57.02,101157.86,10.59,56.99,-1553120.25,0.24
0:22,101139.14,18.93,29.67,101154.97,11.22,53.79,-1553414.37,4.50
0:23,101135.21,21.43,23.82,101155.96,12.38,49.56,-1553777.37,4.45
0:24,101155.86,10.19,44.23,101150.74,11.88,50.99,-1553159.37,0.59
0:25,101155.66,7.37,61.07,101157.19,10.56,56.16,-1553324.75,0.26
0:26,101156.57,9.42,59.86,101161.76,10.51,56.54,-1553662.87,0.26
0:27,101156.24,17.21,33.99,101159.57,10.55,56.46,-1553971.00,4.34
0:28,101129.28,21.16,24.50,101158.44,11.51,52.18,-1554436.62,3.98
0:29,101141.24,21.80,21.83,101153.35,11.19,52.49,-1554368.50,4.50
0:30,101133.39,20.97,21.08,101156.03,12.29,48.00,-1554761.00,4.49
0:31,101145.08,14.19,33.95,101150.13,12.19,49.42,-1554252.87,0.59
0:32,101153.71,6.61,59.64,101153.60,10.53,55.10,-1554433.75,0.24
0:33,101154.32,8.74,61.04,101154.29,10.41,56.06,-1554215.37,0.24
0:34,101153.30,14.16,40.45,101158.17,10.19,56.29,-1554470.75,4.51
0:35,101135.32,19.96,25.09,101157.13,11.85,49.90,-1555406.25,3.73
0:36,101144.37,21.06,22.50,101156.25,12.42,47.61,-1555148.37,4.09
0:37,101136.43,20.91,21.13,101156.60,12.54,46.70,-1555026.25,4.48
0:38,101154.21,5.76,59.72,101153.42,10.31,54.28,-1554154.12,0.52
0:39,101154.96,8.18,62.46,101152.82,10.17,56.50,-1555068.87,0.15
0:40,101153.47,9.70,57.72,101158.59,10.05,56.92,-1555358.62,10.76
0:41,101137.66,18.91,27.27,101154.30,10.96,53.05,-1555855.37,4.05
0:42,101140.05,20.55,22.98,101153.33,10.84,52.82,-1555515.50,4.49
0:43,101135.93,20.55,21.21,101147.88,10.21,55.04,-1555938.12,4.37
0:44,101140.99,19.63,21.35,101160.29,11.20,52.02,-1556292.12,4.26
0:45,101130.19,19.30,21.40,101146.14,10.61,52.26,-1556088.87,4.61
0:46,101137.84,19.28,21.48,101154.75,11.90,47.54,-1556954.37,3.64
0:47,101135.82,19.28,21.48,101152.07,11.81,47.41,-1556170.87,4.65
0:48,101129.21,19.37,21.44,101156.14,12.50,44.95,-1556230.62,3.68
0:49,101130.69,19.43,21.26,101149.61,11.92,47.70,-1556146.12,4.36
0:50,101135.87,19.41,21.14,101152.69,11.83,48.10,-1556070.25,4.50
0:51,101143.28,19.22,21.05,101151.18,10.97,50.71,-1556729.00,3.71
0:52,101123.89,19.30,21.14,101152.50,12.17,45.74,-1556834.50,4.37
0:53,101144.16,19.41,20.99,101151.09,12.23,45.58,-1556560.50,3.87
0:54,101145.33,13.49,34.54,101156.72,12.11,46.57,-1556294.37,0.59
0:55,101158.07,6.40,60.42,101157.57,10.18,54.34,-1556309.37,0.24
0:56,101151.41,8.78,59.02,101156.07,9.99,55.38,-1556316.87,0.26
0:57,101145.00,13.85,40.55,101153.85,10.21,54.41,-1556664.50,4.44
0:58,101132.53,19.30,24.32,101151.85,11.04,51.23,-1557274.75,4.48
0:59,101132.13,20.38,21.82,101146.59,11.08,51.36,-1557437.12,4.75
1:0,101120.32,19.66,21.20,101145.32,12.06,46.34,-1557602.62,4.67
1:1,101130.41,19.34,21.26,101145.24,12.30,45.24,-1557561.00,3.82
1:2,101119.34,19.29,21.33,101146.91,12.27,46.18,-1556637.00,4.52
1:3,101127.01,19.15,21.25,101148.52,11.53,47.65,-1557007.50,3.74
1:4,101136.75,19.08,21.40,101141.55,11.87,46.33,-1557746.25,4.66
1:5,101127.28,19.17,21.38,101145.00,12.08,46.14,-1557608.75,3.97
1:6,101131.31,19.28,21.17,101145.06,12.07,46.30,-1557447.50,4.44
1:7,101118.64,19.19,21.26,101143.33,11.87,46.26,-1558180.75,4.71
1:8,101124.50,19.26,20.85,101139.46,11.75,46.94,-1557941.50,4.44
1:9,101130.10,19.19,20.90,101142.66,11.15,49.88,-1557497.87,3.41
1:10,101115.76,19.18,20.95,101136.25,11.63,47.20,-1558639.37,4.06
1:11,101119.36,19.30,21.00,101136.02,12.01,46.74,-1557984.87,4.25
1:12,101114.64,19.38,20.89,101133.94,12.23,45.31,-1557957.12,3.63
1:13,101109.88,19.45,20.82,101132.44,11.98,45.96,-1557670.75,4.45
1:14,101124.68,18.38,23.42,101134.10,12.13,45.84,-1557959.87,0.58
1:15,101133.71,6.10,58.20,101130.58,10.29,52.33,-1557858.62,0.25
1:16,101125.86,8.21,60.09,101128.52,10.17,54.95,-1557761.75,0.24
1:17,101122.62,10.26,51.82,101133.50,10.06,54.86,-1557887.50,4.12
1:18,101116.71,18.58,24.71,101122.51,10.45,52.05,-1558392.12,4.59
1:19,101107.57,19.96,22.30,101123.19,11.85,47.44,-1559779.25,4.65
1:20,101101.45,19.75,21.13,101122.18,12.12,46.04,-1559548.87,4.65
1:21,101093.72,19.35,21.22,101120.21,12.21,45.23,-1559311.25,4.61
1:22,101092.77,19.12,21.15,101118.74,10.88,49.49,-1558206.87,4.63
1:23,101088.69,19.07,21.29,101115.10,11.87,45.75,-1559571.62,4.40
1:24,101091.22,19.12,21.15,101113.46,11.41,48.81,-1559495.75,4.73
1:25,101094.80,19.16,21.15,101112.78,12.00,45.71,-1559541.75,3.95
1:26,101096.32,19.02,21.05,101115.14,11.05,48.35,-1559191.62,4.59
1:27,101090.46,19.07,21.05,101113.33,11.84,45.87,-1559769.62,3.82
1:28,101091.67,19.19,20.91,101114.10,12.32,43.84,-1559834.62,4.60
1:29,101090.86,19.33,20.78,101109.53,12.15,45.10,-1560219.62,4.63
1:30,101111.39,12.83,35.98,101113.58,11.69,47.71,-1559409.75,0.59
1:31,101113.92,6.59,58.84,101111.24,10.00,54.46,-1559617.25,0.24
1:32,101111.10,8.48,60.00,101111.17,10.08,55.36,-1560162.25,0.25
1:33,101105.92,14.49,38.39,101107.46,10.28,54.10,-1560323.62,4.56
1:34,101087.02,19.34,23.75,101108.94,10.94,50.61,-1559910.62,4.72
1:35,101098.22,20.28,21.47,101109.82,11.80,46.91,-1560968.37,4.76
1:36,101083.22,19.51,20.90,101108.78,11.27,48.39,-1561105.62,3.82
1:37,101095.75,19.08,21.03,101110.33,11.23,48.26,-1561120.25,4.40
1:38,101104.94,18.98,21.12,101106.49,11.68,46.11,-1560976.50,4.20
1:39,101095.14,18.98,21.10,101106.64,10.76,50.35,-1560631.25,4.65
1:40,101090.10,18.99,21.07,101111.14,11.24,49.43,-1560852.12,3.62
1:41,101084.88,18.93,21.00,101103.91,11.06,48.83,-1561281.87,4.72
1:42,101083.97,19.04,20.97,101100.76,12.04,44.37,-1561228.62,4.19
1:43,101078.96,19.22,20.69,101099.35,11.97,45.73,-1561242.25,4.85
1:44,101087.46,19.25,20.68,101097.22,11.93,45.61,-1561302.87,4.81
1:45,101084.83,19.35,20.71,101097.89,11.53,47.49,-1561131.37,4.81
1:46,101077.89,19.34,20.71,101095.72,11.49,48.76,-1561152.25,4.58
1:47,101080.02,19.32,20.72,101092.25,11.53,46.51,-1561516.50,3.63
1:48,101083.44,19.43,20.58,101095.94,11.74,45.49,-1561378.75,4.88
1:49,101072.77,19.53,20.53,101092.82,11.47,46.46,-1561293.25,4.50
1:50,101074.62,19.47,20.66,101091.97,10.52,49.61,-1561440.25,4.05
1:51,101070.99,19.49,20.81,101092.36,10.92,48.33,-1561901.62,4.64
1:52,101078.66,19.65,20.62,101093.05,11.81,45.33,-1562157.50,4.81
1:53,101076.72,19.82,20.54,101087.53,12.09,45.80,-1562051.50,4.85
1:54,101074.36,19.82,20.89,101092.39,10.95,49.70,-1561732.87,4.76
1:55,101071.14,19.71,20.87,101087.21,11.39,48.20,-1562332.50,4.97
1:56,101071.69,19.59,21.48,101080.41,10.14,51.96,-1562398.12,4.79
1:57,101062.05,19.69,21.24,101081.84,11.70,45.86,-1562787.75,4.36
1:58,101076.49,19.77,21.47,101078.42,11.79,46.23,-1562382.00,4.94
1:59,101063.16,19.75,21.66,101073.21,11.39,47.26,-1563014.75,3.91
2:0,101069.07,15.80,29.09,101072.38,11.14,49.94,-1562986.75,0.57
2:1,101067.08,6.89,55.49,101076.77,10.04,52.24,-1562834.75,0.58
2:2,101081.58,4.77,65.82,101077.24,9.17,55.78,-1562245.25,0.59
2:3,101077.14,4.44,69.50,101076.27,8.90,56.88,-1562958.87,0.46
2:4,101074.05,4.52,71.89,101078.27,8.80,57.35,-1563703.00,0.57
2:5,101076.28,4.83,74.76,101074.42,8.80,58.28,-1564494.50,0.59
2:6,101076.96,6.07,78.80,101077.39,8.89,59.07,-1565482.12,0.59
2:7,101068.16,7.06,80.36,101074.25,9.04,60.84,-1567519.25,0.59
2:8,101071.70,7.38,80.49,101065.36,9.17,60.48,-1568646.87,0.59
2:9,101071.44,7.57,80.63,101066.22,9.29,60.97,-1569809.12,0.59
2:10,101059.99,7.61,80.21,101065.16,9.23,60.66,-1570673.00,0.59
2:11,101066.40,7.62,79.79,101059.15,9.05,61.53,-1571277.75,0.59
2:12,101065.00,7.63,79.57,101060.25,9.11,61.36,-1572567.37,0.59
2:13,101071.96,7.69,79.30,101056.50,9.13,61.39,-1573193.25,0.59
2:14,101051.58,7.77,79.11,101057.65,9.27,60.90,-1573587.75,0.59
2:15,101049.97,7.84,79.03,101056.44,9.16,61.38,-1574452.37,0.59
2:16,101069.57,7.80,78.33,101058.39,9.12,60.58,-1575034.87,0.59
2:17,101050.21,14.16,41.56,101056.94,9.37,57.71,-1575756.62,3.86
2:18,101030.22,19.63,27.24,101052.47,10.96,51.41,-1576468.75,4.56
2:19,101033.27,20.11,22.88,101055.17,10.99,50.26,-1576105.62,4.02
2:20,101023.59,19.09,22.19,101048.10,11.57,47.11,-1576507.25,4.21
2:21,101025.85,18.58,22.37,101045.60,11.43,46.06,-1576410.12,4.59
2:22,101027.24,18.42,22.24,101044.99,11.22,47.07,-1576734.87,4.29
2:23,101044.00,18.37,22.09,101043.62,11.56,45.17,-1577094.37,4.49
2:24,101027.19,18.30,21.86,101042.53,10.38,50.13,-1576645.62,3.95
2:25,101022.24,18.26,21.99,101040.38,11.00,47.64,-1577593.12,4.67
2:26,101031.17,18.19,21.62,101039.56,9.97,51.81,-1577622.25,4.47
2:27,101036.64,18.18,21.67,101045.19,10.52,50.45,-1577945.25,4.52
2:28,101029.86,18.20,21.69,101045.35,10.91,47.63,-1578450.00,3.97
2:29,101035.91,18.33,21.56,101042.89,11.26,46.95,-1578378.62,4.20
2:30,101036.91,18.35,21.43,101044.00,10.43,50.03,-1577683.25,4.45
2:31,101033.28,18.32,21.20,101043.62,10.82,47.79,-1578584.87,4.13
2:32,101026.72,18.39,21.35,101039.78,11.17,46.72,-1578493.75,4.56
2:33,101027.43,18.38,20.84,101038.03,10.41,49.20,-1579115.62,4.45
2:34,101022.91,18.34,20.96,101036.14,10.70,47.50,-1579784.25,3.82
2:35,101023.98,18.46,20.80,101033.39,11.03,46.15,-1579565.50,3.67
2:36,101004.10,18.53,20.77,101032.72,10.63,48.53,-1578727.87,3.81
2:37,101015.96,18.61,20.81,101025.85,10.96,47.95,-1578948.25,4.59
2:38,101009.17,18.74,20.69,101022.60,11.44,44.17,-1579528.12,3.70
2:39,101014.12,18.85,20.82,101022.39,11.45,44.98,-1579452.37,3.87
2:40,101000.32,18.98,20.79,101018.39,9.88,50.56,-1579901.00,4.58
2:41,101003.97,18.86,20.84,101026.30,10.66,46.84,-1580374.00,4.57
2:42,101002.69,19.06,20.67,101018.88,11.35,45.42,-1580386.62,4.83
2:43,101009.05,19.10,20.72,101015.77,11.21,45.68,-1579626.37,4.90
2:44,101002.42,19.10,20.88,101011.86,11.10,46.14,-1579792.25,4.63
2:45,101001.57,19.16,20.82,101010.03,11.58,44.06,-1579691.37,3.47
2:46,101011.96,11.85,38.57,101010.94,11.04,46.82,-1579784.87,0.59
2:47,101005.48,4.56,63.16,101007.77,9.22,52.94,-1579712.87,0.59
2:48,101012.64,3.75,70.52,101007.21,8.63,55.47,-1580245.37,0.59
2:49,101018.41,5.28,77.06,101005.55,8.74,55.91,-1581007.75,0.59
2:50,101004.65,6.79,79.12,101003.02,8.87,57.37,-1581586.87,0.59
2:51,100998.97,7.09,79.45,100999.09,8.90,57.07,-1581579.37,0.59
2:52,100999.82,7.23,79.41,101000.02,8.96,59.25,-1582348.62,0.60
2:53,100999.28,7.35,79.45,101004.50,9.04,59.19,-1582027.75,0.59
2:54,101001.38,7.43,79.24,101001.92,9.02,59.23,-1582187.50,0.46
2:55,100994.55,7.37,78.42,101002.77,8.84,59.65,-1582298.00,0.48
2:56,100993.86,7.38,78.13,100995.82,8.80,59.90,-1582838.00,0.59
2:57,101000.36,7.57,78.40,100995.30,8.87,60.14,-1583202.12,0.61
2:58,100988.71,7.62,77.86,100991.85,8.85,57.64,-1583092.50,0.59
2:59,100991.77,7.63,77.50,100991.14,8.84,58.93,-1583800.12,0.59
3:0,100989.61,7.68,77.52,100991.75,8.91,60.13,-1583813.00,0.59
3:1,100981.74,7.70,77.07,100984.97,8.92,59.34,-1583493.50,0.59
3:2,100982.33,7.73,77.04,100987.97,8.91,60.08,-1584049.87,0.61
3:3,100972.25,16.04,35.37,100986.58,9.77,53.56,-1584088.25,3.59
3:4,100977.24,19.94,25.28,100980.03,10.72,49.67,-1584057.75,4.40
3:5,100974.66,19.13,22.48,100980.37,11.20,46.78,-1584204.25,4.33
3:6,100962.83,18.29,22.51,100978.06,11.32,45.49,-1584170.87,4.58
3:7,100957.87,18.00,22.40,100974.73,10.85,47.60,-1583579.62,4.59
3:8,100965.15,17.91,22.50,100978.67,10.54,47.75,-1584045.75,3.81
3:9,100950.67,17.82,22.24,100973.27,10.96,45.85,-1584038.25,4.13
3:10,100965.19,17.79,22.24,100972.94,10.36,48.02,-1583756.00,4.29
3:11,100952.02,17.78,22.01,100972.28,11.00,45.21,-1584825.62,3.66
3:12,100961.53,17.86,21.68,100970.49,10.70,47.32,-1584220.00,4.47
3:13,100968.39,17.85,21.74,100970.36,10.84,46.35,-1585026.25,4.69
3:14,100954.47,17.91,21.71,100971.29,11.17,45.33,-1584496.75,4.16
3:15,100959.05,17.96,21.47,100967.86,10.69,46.10,-1584354.87,3.85
3:16,100954.94,17.90,21.58,100963.37,10.88,45.75,-1585056.87,3.60
3:17,100951.45,18.03,21.51,100967.05,11.28,44.78,-1584931.37,3.51
3:18,100951.00,18.09,21.24,100967.75,10.35,48.47,-1584944.75,4.14
3:19,100955.69,18.03,21.21,100959.71,11.06,44.54,-1585039.62,4.34
3:20,100942.22,18.17,21.20,100962.91,11.09,45.00,-1584385.50,4.61
3:21,100936.28,18.26,20.92,100959.12,11.10,45.24,-1584830.75,4.34
3:22,100939.16,18.24,20.80,100955.43,10.81,46.07,-1584988.25,3.66
3:23,100938.36,18.26,20.86,100956.29,10.79,46.40,-1584726.62,4.24
3:24,100936.89,18.33,20.71,100950.96,10.50,47.14,-1585087.50,3.71
3:25,100930.57,18.42,20.74,100944.55,11.09,45.26,-1585660.62,4.25
3:26,100924.33,18.54,20.85,100948.98,10.98,47.11,-1585421.12,3.82
3:27,100928.48,18.58,20.93,100943.28,10.20,49.44,-1584768.75,3.84
3:28,100928.63,18.66,20.57,100939.89,11.22,43.53,-1585300.62,4.19
3:29,100922.46,18.79,20.73,100935.12,11.35,44.04,-1585626.25,4.56
3:30,100926.43,18.92,20.71,100938.97,11.38,45.24,-1585607.87,4.83
3:31,100933.07,10.35,42.14,100935.43,10.27,48.77,-1585106.25,0.59
3:32,100940.78,4.23,64.97,100934.97,8.91,53.37,-1585588.00,0.59
3:33,100944.27,3.85,71.24,100938.97,8.51,55.18,-1585702.00,0.59
3:34,100944.60,5.78,77.96,100939.64,8.55,57.23,-1586416.25,0.60
3:35,100939.29,6.84,79.20,100935.11,8.69,59.23,-1587079.25,0.59
3:36,100932.96,6.99,79.15,100932.38,8.57,58.03,-1587271.50,0.60
3:37,100946.35,7.03,78.72,100929.47,8.43,57.96,-1587752.75,0.59
3:38,100935.75,7.11,78.81,100930.40,8.71,58.60,-1588152.87,0.59
3:39,100932.07,7.34,78.84,100928.64,8.87,59.60,-1588079.75,0.59
3:40,100938.63,7.44,78.39,100926.03,8.74,59.80,-1587921.37,0.59
3:41,100933.33,7.43,77.42,100926.85,8.61,57.60,-1588109.00,0.59
3:42,100924.97,7.46,77.32,100921.33,8.67,59.80,-1588391.50,0.59
3:43,100922.44,7.57,77.60,100919.46,8.77,60.03,-1588236.37,0.59
3:44,100927.05,7.65,77.47,100921.14,8.83,59.98,-1587886.25,0.59
3:45,100917.78,7.66,77.04,100914.42,8.74,60.62,-1588370.75,0.59
3:46,100918.92,7.57,76.19,100917.47,8.61,59.23,-1588220.62,0.59
3:47,100918.40,7.66,76.69,100913.28,8.83,59.98,-1588789.37,0.59
3:48,100901.64,16.36,34.26,100914.22,9.73,53.53,-1589104.50,4.37
3:49,100895.39,19.86,24.88,100912.91,10.83,49.22,-1589294.37,3.85
3:50,100897.51,18.82,22.38,100907.63,11.03,46.76,-1589017.00,4.74
3:51,100904.28,17.98,22.79,100908.67,10.72,47.16,-1588768.87,4.11
3:52,100894.64,17.61,22.71,100909.33,10.20,48.30,-1588259.87,4.67
3:53,100907.39,17.62,22.55,100904.56,10.90,46.24,-1588639.50,4.40
3:54,100897.72,17.59,22.42,100910.06,10.79,45.92,-1588445.37,4.00
3:55,100895.87,17.56,22.11,100902.62,10.24,47.65,-1588576.75,3.94
3:56,100889.52,17.60,21.97,100907.24,10.18,49.00,-1588988.62,4.69
3:57,100894.03,17.48,21.98,100904.41,10.33,47.57,-1588880.25,4.45
3:58,100894.46,17.64,21.92,100902.85,11.06,44.87,-1589537.75,3.95
3:59,100885.10,17.78,21.68,100903.42,11.09,45.17,-1588797.12,4.61
4:0,100887.03,17.78,21.76,100899.57,10.96,45.73,-1589507.25,4.05
4:1,100890.75,17.75,21.42,100896.51,10.61,46.71,-1588662.87,4.42
4:2,100884.18,17.80,21.47,100895.85,10.65,46.88,-1589290.75,4.58
4:3,100878.13,17.85,21.47,100891.71,10.85,45.97,-1589486.87,4.29
4:4,100876.02,17.87,21.39,100889.68,10.58,46.73,-1589366.87,4.51
4:5,100874.94,17.92,21.03,100887.28,10.34,47.33,-1589061.37,3.69
4:6,100872.64,17.95,21.09,100890.87,10.96,44.72,-1589079.50,4.47
4:7,100875.08,18.02,20.98,100887.39,10.75,45.01,-1589213.75,4.20
4:8,100881.50,18.11,20.88,100892.47,10.94,44.58,-1589479.00,4.11
4:9,100878.91,18.12,21.10,100892.29,10.71,45.80,-1589750.75,4.61
4:10,100879.77,18.23,20.88,100890.85,10.87,45.63,-1589545.62,4.52
4:11,100879.34,18.37,20.78,100893.03,10.93,45.03,-1589436.00,4.63
4:12,100881.83,18.41,20.93,100890.89,10.78,45.42,-1589603.00,4.78
4:13,100877.91,18.43,21.14,100891.45,10.27,49.18,-1589837.25,4.62
4:14,100877.50,18.43,21.27,100893.11,9.70,50.84,-1589316.62,3.45
4:15,100882.63,18.35,21.15,100895.61,10.43,47.42,-1589853.75,4.39
4:16,100891.43,9.39,44.63,100896.47,10.04,48.89,-1590034.62,0.61
4:17,100892.60,4.05,65.69,100892.94,8.60,53.80,-1589842.25,0.62
4:18,100901.22,3.66,71.77,100889.95,8.04,56.72,-1590151.62,0.48
4:19,100901.67,5.42,78.18,100893.72,8.11,58.57,-1590535.50,0.66
4:20,100896.04,6.58,79.37,100893.09,8.38,58.82,-1591392.25,0.62
4:21,100897.90,6.89,80.07,100890.00,8.43,60.17,-1591651.75,0.59
4:22,100887.05,6.93,79.55,100893.30,8.42,59.79,-1591635.62,0.59
4:23,100893.61,6.80,78.54,100884.42,8.24,57.94,-1592591.25,0.61
4:24,100889.58,6.97,78.82,100889.99,8.38,60.43,-1592705.25,0.60
4:25,100891.96,7.12,78.55,100887.57,8.39,60.52,-1592483.12,0.61
4:26,100891.75,7.21,78.10,100893.97,8.38,60.65,-1592740.25,0.59
4:27,100882.22,7.21,77.47,100889.05,8.31,60.60,-1592396.75,0.59
4:28,100893.39,7.27,76.85,100888.33,8.31,58.28,-1593051.25,0.59
4:29,100875.83,7.25,76.65,100890.62,8.42,59.86,-1593486.25,0.59
4:30,100894.90,7.35,76.83,100888.96,8.34,60.05,-1593254.75,0.60
4:31,100890.33,7.31,76.28,100889.10,8.33,60.52,-1593575.50,0.62
4:32,100889.07,7.28,76.22,100886.30,8.29,60.94,-1593734.87,0.62
4:33,100883.96,16.49,34.04,100880.24,9.36,54.41,-1593800.50,3.64
4:34,100862.50,19.46,24.20,100879.14,10.57,48.71,-1593581.62,4.56
4:35,100861.22,18.24,22.52,100880.91,10.54,47.46,-1593084.87,3.83
4:36,100862.82,17.56,22.76,100873.63,10.63,46.33,-1593156.62,4.61
4:37,100870.10,17.35,22.69,100880.24,10.12,48.75,-1592737.12,4.54
4:38,100861.42,17.23,22.49,100878.61,10.04,48.26,-1592990.00,4.50
4:39,100862.67,17.14,22.59,100873.81,10.42,46.36,-1593073.62,4.51
4:40,100868.85,17.17,22.25,100874.51,10.51,45.20,-1592963.37,4.58
4:41,100862.50,17.23,22.10,100875.34,10.50,46.02,-1593408.00,4.58
4:42,100862.98,17.24,21.85,100877.11,10.40,46.24,-1593543.50,4.50
4:43,100875.58,17.22,21.85,100872.72,10.32,45.61,-1593422.25,4.35
4:44,100861.64,17.24,21.84,100874.03,10.46,45.83,-1593607.37,3.98
4:45,100866.53,17.27,21.63,100872.05,10.15,46.61,-1593469.00,3.71
4:46,100865.17,17.35,21.66,100874.10,10.86,43.64,-1593453.25,4.60
4:47,100867.72,17.38,21.36,100872.42,10.37,46.14,-1593669.25,3.77
4:48,100859.73,17.44,21.50,100870.17,10.68,44.65,-1593873.75,4.46
4:49,100866.44,17.41,21.27,100868.69,9.93,47.33,-1593365.25,4.16
4:50,100860.17,17.43,21.17,100868.60,10.54,44.69,-1594084.50,3.98
4:51,100856.65,17.51,21.06,100871.40,10.35,45.74,-1594214.25,4.35
4:52,100858.77,17.58,21.07,100869.91,10.46,45.29,-1593918.12,4.19
4:53,100853.86,17.64,20.95,100866.69,10.08,47.52,-1593738.12,3.74
4:54,100854.78,17.69,21.17,100869.02,10.47,45.49,-1593780.87,4.43
4:55,100855.57,17.89,20.95,100870.69,10.89,44.27,-1594217.37,4.63
4:56,100854.48,17.98,21.11,100866.92,10.63,45.31,-1594357.62,3.70
4:57,100857.07,18.09,20.98,100871.32,11.18,43.09,-1594017.25,4.74
4:58,100856.61,18.08,21.15,100865.00,10.44,45.84,-1593687.25,3.84
4:59,100858.75,18.15,20.94,100865.97,11.11,42.65,-1593960.25,3.81
5:0,100845.97,18.25,20.96,100861.12,10.70,45.02,-1594372.25,3.85
5:1,100854.75,8.62,46.31,100863.43,9.76,49.01,-1594349.62,0.45
5:2,100858.78,3.92,66.54,100856.92,8.23,54.49,-1593869.50,0.59
5:3,100875.69,3.64,72.15,100860.86,7.78,56.73,-1594279.12,0.59
5:4,100865.09,5.39,78.28,100857.32,7.91,58.81,-1595007.25,0.61
5:5,100857.71,6.47,79.72,100858.47,8.11,60.39,-1595520.37,0.59
5:6,100865.61,6.67,79.80,100862.21,8.09,60.80,-1595686.87,0.59
5:7,100861.80,6.75,79.91,100859.46,8.08,61.67,-1595857.87,0.59
5:8,100862.82,6.84,79.79,100858.78,8.14,61.67,-1595984.87,0.61
5:9,100852.07,6.89,79.00,100857.36,8.13,61.43,-1596064.75,0.59
5:10,100856.87,6.94,78.33,100855.78,8.14,60.76,-1596001.37,0.59
5:11,100851.79,6.92,76.92,100853.50,7.91,58.38,-1597374.37,0.59
5:12,100861.00,7.03,77.68,100853.41,7.97,61.10,-1597448.12,0.61
5:13,100854.52,7.17,77.66,100849.83,8.16,61.74,-1597118.37,0.59
5:14,100858.32,7.15,76.55,100848.98,8.13,60.45,-1597430.25,0.61
5:15,100854.06,7.17,76.36,100850.69,8.02,60.13,-1597315.75,0.63
5:16,100857.99,7.04,76.02,100849.50,8.00,59.94,-1597688.12,0.47
5:17,100854.99,7.18,76.26,100847.19,8.12,60.10,-1598020.25,0.62
5:18,100837.35,16.91,32.63,100847.46,9.22,53.87,-1598210.50,4.23
5:19,100839.17,19.05,23.59,100847.75,10.03,49.80,-1598176.75,4.70
5:20,100822.92,17.75,22.87,100843.61,10.19,48.07,-1597823.62,4.40
5:21,100836.90,17.23,22.83,100841.85,10.25,47.07,-1597587.75,4.36
5:22,100827.19,17.01,22.82,100840.48,10.25,46.48,-1597413.50,4.35
5:23,100825.47,16.94,22.63,100840.09,9.90,48.34,-1597269.12,3.88
5:24,100833.17,16.96,22.38,100839.08,10.17,46.63,-1597561.12,3.82
5:25,100840.42,16.94,22.38,100842.03,10.01,47.59,-1597007.12,4.35
5:26,100837.75,16.92,22.29,100841.77,10.06,46.96,-1597289.75,4.25
5:27,100829.32,16.98,22.15,100837.97,10.40,45.51,-1597740.50,4.37
5:28,100824.47,17.03,22.04,100835.01,10.63,44.39,-1597860.87,4.32
5:29,100834.49,17.09,21.89,100837.50,10.75,43.84,-1597734.25,4.40
5:30,100828.88,17.01,21.65,100840.14,9.59,48.43,-1597652.87,3.67
5:31,100833.50,17.06,21.80,100835.14,10.41,45.14,-1598156.87,3.52
5:32,100835.18,17.22,21.70,100834.41,10.52,45.05,-1597858.25,4.67
5:33,100831.10,17.20,21.56,100839.20,10.03,46.92,-1597786.75,3.60
5:34,100824.88,17.23,21.59,100828.56,10.45,44.99,-1597828.12,4.40
5:35,100819.76,17.35,21.26,100835.25,10.20,46.15,-1597979.75,4.52
5:36,100828.81,17.40,21.32,100825.89,9.95,47.56,-1597609.25,4.66
5:37,100815.71,17.42,21.25,100828.00,9.88,46.94,-1597843.62,4.39
5:38,100818.42,17.53,21.05,100826.26,10.70,43.92,-1598687.62,3.99
5:39,100809.50,17.64,21.25,100823.17,10.63,44.70,-1598669.50,3.90
5:40,100808.85,17.79,21.09,100822.41,10.88,43.51,-1599000.00,3.87
5:41,100803.67,17.88,21.14,100826.05,11.15,42.70,-1598552.75,4.32
5:42,100809.00,17.98,20.97,100818.75,10.47,45.71,-1598761.62,3.85
5:43,100808.18,18.05,21.00,100818.42,10.66,45.06,-1598248.25,4.00
5:44,100804.32,18.04,21.31,100814.76,10.28,47.03,-1598126.25,3.74
5:45,100814.00,18.07,21.57,100819.28,10.18,48.73,-1598900.12,3.86
5:46,100810.95,7.96,48.67,100813.22,9.27,51.61,-1598310.37,0.59
5:47,100811.52,3.81,67.23,100823.69,8.09,55.64,-1598608.37,0.59
5:48,100830.52,3.63,72.82,100817.52,7.54,58.99,-1599085.62,0.61
5:49,100821.32,5.37,78.92,100823.03,7.52,61.27,-1599744.25,0.59
5:50,100825.07,6.31,80.08,100821.58,7.77,61.68,-1600116.87,0.59
5:51,100825.00,6.54,80.35,100820.30,7.86,62.37,-1600186.25,0.59
5:52,100822.38,6.60,80.36,100817.63,7.90,61.70,-1600031.37,0.61
5:53,100819.43,6.64,80.21,100814.36,7.84,62.90,-1600808.87,0.61
5:54,100823.88,6.75,79.75,100815.14,7.91,62.55,-1600751.75,0.59
5:55,100806.08,6.78,79.05,100818.78,7.89,62.14,-1600791.37,0.61
5:56,100814.99,6.90,78.77,100815.85,7.93,62.37,-1601160.37,0.59
5:57,100826.97,7.00,78.50,100812.02,7.96,63.11,-1601594.25,0.59
5:58,100802.25,7.10,78.17,100812.97,7.95,62.73,-1602185.75,0.59
5:59,100809.08,7.16,77.94,100812.64,7.99,62.97,-1602242.37,0.59
6:0,100819.60,7.18,77.79,100806.13,7.95,63.04,-1602343.12,0.59
6:1,100811.72,7.22,77.47,100812.74,8.01,63.06,-1602424.25,0.62
6:2,100815.68,7.21,77.09,100810.24,7.91,63.30,-1602587.37,0.61
6:3,100795.58,17.19,32.09,100808.28,9.17,55.53,-1602741.50,4.58
6:4,100798.10,18.89,24.05,100806.66,10.21,50.89,-1602172.12,4.83
6:5,100792.80,17.81,22.91,100805.55,10.34,47.54,-1602434.50,4.32
6:6,100794.55,17.29,22.94,100801.64,10.27,47.47,-1602156.50,3.78
6:7,100789.56,17.10,22.84,100797.36,10.24,47.05,-1601709.87,3.84
6:8,100800.47,17.04,22.65,100799.00,10.05,48.34,-1601929.25,4.20
6:9,100795.72,16.96,22.55,100803.92,9.92,47.98,-1601953.37,4.64
6:10,100793.84,17.03,22.50,100801.36,10.40,46.31,-1602068.87,4.78
6:11,100792.97,17.14,22.31,100802.71,10.46,46.34,-1601823.75,4.61
6:12,100791.28,17.16,22.17,100805.05,10.08,48.20,-1602197.87,4.26
6:13,100802.25,17.21,21.96,100800.71,10.28,47.57,-1602090.75,3.74
6:14,100790.46,17.20,21.96,100802.03,10.30,46.59,-1602357.50,4.02
6:15,100788.85,17.26,21.74,100804.69,10.13,48.08,-1602135.12,4.40
6:16,100794.74,17.27,21.74,100806.05,10.39,46.29,-1602684.25,4.03
6:17,100791.67,17.34,21.54,100805.71,9.93,48.68,-1602099.25,4.13
6:18,100792.45,17.40,21.51,100810.48,10.12,48.48,-1602351.25,4.53
6:19,100795.24,17.46,21.37,100811.89,10.08,47.71,-1602478.75,4.53
6:20,100793.46,17.54,21.37,100806.75,10.61,45.32,-1602759.37,4.00
6:21,100796.45,17.72,21.31,100807.03,10.89,44.54,-1603036.12,4.71
6:22,100793.33,17.84,21.41,100807.29,10.79,45.30,-1602473.25,4.39
6:23,100793.50,17.97,21.40,100804.46,10.65,46.50,-1602628.37,4.78
6:24,100792.00,18.08,21.41,100806.91,10.71,46.12,-1602759.75,3.77
6:25,100792.35,18.18,21.19,100807.64,10.46,47.01,-1603089.37,4.45
6:26,100792.44,18.20,21.45,100806.42,11.03,44.54,-1602664.75,4.16
6:27,100790.32,18.33,21.20,100806.49,11.11,44.24,-1602913.25,3.84
6:28,100795.65,18.39,21.33,100806.53,11.31,43.65,-1603116.50,4.50
6:29,100788.83,18.43,21.69,100804.84,10.92,45.34,-1602800.25,4.88
6:30,100791.37,18.44,21.63,100802.72,11.09,44.33,-1602789.62,4.87
6:31,100803.48,7.96,49.53,100803.13,9.74,49.76,-1603079.25,0.62
6:32,100815.36,3.87,67.37,100805.82,8.09,55.88,-1603025.25,0.59
6:33,100817.41,3.62,72.83,100809.14,7.67,58.21,-1602982.62,0.59
6:34,100810.71,5.47,79.01,100808.13,7.80,60.22,-1603670.12,0.59
6:35,100810.10,6.42,80.18,100809.74,7.89,61.37,-1604208.37,0.62
6:36,100807.52,6.65,80.50,100804.55,7.97,62.33,-1604605.25,0.64
6:37,100814.46,6.72,80.70,100804.63,7.95,62.84,-1604881.75,0.60
6:38,100803.96,6.70,80.20,100800.02,8.04,61.06,-1604769.37,0.59
6:39,100807.64,6.87,80.25,100803.02,8.08,62.32,-1605371.62,0.62
6:40,100797.02,6.96,79.77,100798.14,8.03,62.81,-1605577.00,0.58
6:41,100800.49,7.06,79.23,100798.20,8.13,62.30,-1606025.87,0.59
6:42,100809.11,7.16,78.63,100799.67,8.07,62.77,-1606127.00,0.63
6:43,100798.47,7.26,78.46,100797.03,8.09,63.13,-1606215.87,0.59
6:44,100784.58,7.31,78.11,100799.72,8.10,63.52,-1606328.87,0.59
6:45,100794.02,7.36,77.90,100797.67,8.18,62.89,-1606476.87,0.59
6:46,100799.53,7.36,77.49,100795.39,8.09,63.71,-1606927.87,0.69
6:47,100796.92,7.38,77.26,100792.49,8.17,62.82,-1606545.37,0.59
6:48,100776.46,17.56,31.09,100791.71,9.57,54.76,-1607140.12,3.72
6:49,100786.62,18.98,24.18,100791.11,10.59,49.37,-1606859.37,4.67
6:50,100783.82,18.17,22.75,100792.94,10.67,48.10,-1606997.50,4.57
6:51,100785.14,17.56,22.90,100792.28,10.63,46.44,-1606491.25,4.65
6:52,100776.16,17.38,22.64,100790.01,10.59,46.46,-1606654.75,3.73
6:53,100774.47,17.29,22.45,100792.27,10.38,46.75,-1606649.00,4.77
6:54,100783.10,17.22,22.37,100793.30,10.00,48.98,-1606635.00,4.17
6:55,100780.39,17.32,22.18,100791.87,10.02,49.29,-1606687.12,4.05
6:56,100783.15,17.38,21.98,100792.11,10.35,47.57,-1607062.50,3.92
6:57,100784.79,17.37,21.85,100788.67,10.23,47.69,-1606941.75,4.62
6:58,100785.28,17.39,21.86,100790.39,10.50,46.25,-1606903.50,4.13
6:59,100785.45,17.45,21.66,100795.22,10.62,45.79,-1607177.25,3.62
7:0,100783.07,17.48,21.68,100793.14,10.68,45.42,-1606697.62,4.27
7:1,100780.38,17.52,21.58,100796.46,10.67,45.47,-1606783.87,4.23
7:2,100788.66,17.56,21.35,100797.32,10.63,45.96,-1607282.12,3.76
7:3,100778.47,17.66,21.27,100794.47,10.65,45.92,-1607685.87,4.69
7:4,100780.61,17.73,21.11,100791.81,10.69,46.19,-1607208.62,3.70
7:5,100783.51,17.74,21.43,100793.07,10.66,45.50,-1607183.62,4.34
7:6,100780.51,17.83,21.37,100795.07,10.71,46.82,-1607533.75,4.49
7:7,100783.83,17.92,21.45,100790.49,10.24,48.76,-1607009.87,4.45
7:8,100778.41,18.07,21.11,100790.72,10.79,46.25,-1607569.25,4.36
7:9,100784.57,18.19,21.08,100792.03,10.67,46.28,-1607551.87,4.79
7:10,100786.42,18.31,21.34,100797.77,11.03,44.87,-1607271.75,4.36
7:11,100780.35,18.39,21.07,100796.48,10.71,45.69,-1607324.37,4.90
7:12,100784.10,18.39,21.48,100800.22,11.13,44.73,-1607794.00,4.30
7:13,100785.84,18.57,21.16,100797.86,10.92,46.60,-1607771.12,4.47
7:14,100794.02,18.54,21.27,100798.88,10.81,45.75,-1607969.50,3.85
7:15,100798.47,18.55,21.62,100805.02,11.22,44.45,-1607994.37,3.82
7:16,100808.85,7.41,51.32,100804.19,9.67,50.70,-1608079.25,0.62
7:17,100808.64,3.81,67.85,100803.39,8.14,55.59,-1607756.75,0.62
7:18,100813.30,3.76,73.27,100806.60,7.64,58.34,-1607787.25,0.59
7:19,100810.93,5.73,79.26,100806.96,7.81,60.92,-1608716.62,0.59
7:20,100804.77,6.59,80.39,100804.03,8.01,62.39,-1609604.50,0.62
7:21,100809.60,6.82,80.76,100801.28,8.11,62.85,-1609770.12,0.55
7:22,100803.97,6.89,80.93,100802.64,8.11,63.07,-1610422.75,0.59
7:23,100804.95,6.91,80.67,100803.78,8.05,63.53,-1610464.62,0.59
7:24,100811.57,6.96,80.40,100803.47,8.07,63.21,-1610387.62,0.59
7:25,100817.86,7.03,79.81,100802.11,8.01,62.79,-1610419.75,0.62
7:26,100809.80,7.05,79.10,100799.77,8.11,62.62,-1611089.62,0.59
7:27,100802.88,7.25,78.93,100804.46,8.23,63.75,-1611699.00,0.61
7:28,100802.15,7.34,78.49,100799.25,8.14,63.92,-1611695.87,0.59
7:29,100788.75,7.40,78.23,100801.44,8.19,63.81,-1611655.62,0.59
7:30,100801.94,7.46,78.04,100801.28,8.22,63.64,-1611761.12,0.59
7:31,100806.21,7.50,77.76,100799.50,8.17,64.20,-1611949.12,0.62
7:32,100797.99,7.50,77.39,100795.40,8.18,63.94,-1611809.87,0.62
7:33,100783.71,17.94,30.10,100798.03,9.47,55.73,-1612053.75,3.80
7:34,100790.22,19.04,23.84,100798.39,10.32,50.54,-1611997.50,4.49
7:35,100786.57,18.22,22.93,100795.67,10.83,47.75,-1611641.75,4.00
7:36,100781.27,17.75,22.78,100795.55,10.43,49.00,-1611591.37,3.89
7:37,100780.67,17.49,22.49,100791.94,9.86,50.69,-1611203.75,3.85
7:38,100786.08,17.36,22.39,100791.26,10.23,48.34,-1611827.25,3.86
7:39,100775.64,17.42,22.38,100795.94,10.47,47.58,-1612004.00,4.77
7:40,100777.52,17.49,22.26,100793.03,10.23,49.31,-1611244.62,3.87
7:41,100783.18,17.30,21.79,100796.21,9.81,49.15,-1611226.87,3.43
7:42,100780.25,17.24,21.90,100795.92,10.29,46.87,-1612104.62,4.51
7:43,100778.63,17.37,22.04,100799.24,10.67,45.93,-1612482.75,3.75
7:44,100785.91,17.51,21.59,100801.31,10.42,47.23,-1611916.62,4.44
7:45,100785.82,17.56,21.50,100802.30,10.74,45.77,-1612015.00,4.69
7:46,100787.50,17.67,21.50,100796.74,10.76,45.84,-1612142.75,4.36
7:47,100789.25,17.72,21.34,100800.54,10.32,47.61,-1611258.25,3.78
7:48,100779.46,17.65,21.55,100794.13,10.26,48.47,-1612171.12,4.54
7:49,100789.78,17.68,21.17,100797.89,10.23,47.36,-1611855.25,3.96
7:50,100780.74,17.80,21.21,100796.93,10.67,46.71,-1612214.25,4.14
7:51,100780.96,17.83,20.92,100797.52,10.37,46.74,-1612597.25,3.89
7:52,100781.74,17.96,20.96,100796.92,10.49,47.14,-1612714.50,4.61
7:53,100787.89,18.01,21.05,100795.53,10.20,48.19,-1612523.25,3.73
7:54,100781.03,18.16,21.05,100793.65,10.76,45.72,-1612787.25,4.39
7:55,100782.81,18.31,21.42,100799.41,11.20,44.41,-1613096.75,3.91
7:56,100788.81,18.47,21.43,100800.46,11.33,44.23,-1613423.25,3.72
7:57,100789.13,18.56,21.54,100793.50,10.60,47.80,-1612986.62,4.40
7:58,100784.37,18.46,21.57,100794.35,10.25,48.46,-1613208.87,4.54
7:59,100780.33,18.38,21.46,100793.80,10.18,48.51,-1612926.75,4.58
8:0,100788.40,18.30,21.74,100800.27,10.31,47.58,-1613599.00,2.09
8:1,100802.25,7.09,52.35,100800.66,9.39,51.47,-1613155.00,0.62
8:2,100801.33,3.76,68.02,100800.54,8.09,55.28,-1612942.50,0.59
8:3,100807.14,3.68,73.28,100799.21,7.69,57.71,-1613111.62,0.62
8:4,100809.43,5.59,79.20,100798.66,7.74,60.54,-1614094.00,0.60
8:5,100803.14,6.45,80.36,100799.96,7.94,61.88,-1614610.75,0.59
8:6,100794.60,6.60,80.30,100793.57,8.10,60.55,-1614994.12,0.66
8:7,100808.92,6.64,80.00,100793.88,8.16,60.65,-1615259.25,0.61
8:8,100796.64,6.84,80.28,100795.16,8.18,62.03,-1615577.12,0.64
8:9,100801.75,6.94,79.83,100791.80,8.16,62.07,-1615500.12,0.62
8:10,100794.42,7.00,78.97,100791.90,8.25,60.94,-1615448.37,0.59
8:11,100798.83,7.16,78.46,100794.11,8.34,60.74,-1615626.37,0.59
8:12,100795.46,7.30,77.78,100789.88,8.49,60.78,-1615800.50,0.61
8:13,100797.72,7.44,77.58,100790.28,8.40,62.33,-1615788.75,0.59
8:14,100802.24,7.37,75.72,100791.27,8.23,59.56,-1615621.62,0.61
8:15,100782.44,7.30,75.64,100788.53,8.26,59.51,-1616155.50,0.62
8:16,100785.30,7.36,75.70,100787.08,8.36,59.57,-1616496.50,0.60
8:17,100794.24,7.55,76.11,100794.35,8.58,60.52,-1616661.25,8.65
8:18,100781.57,18.13,29.45,100791.68,10.04,52.95,-1617612.75,4.27
8:19,100774.58,19.14,23.60,100788.29,10.52,49.98,-1616107.50,4.43
8:20,100773.96,18.18,22.80,100786.75,10.40,49.14,-1616452.75,3.85
8:21,100768.24,17.81,22.91,100788.19,10.84,47.44,-1616813.50,4.69
8:22,100769.14,17.87,22.71,100784.70,10.91,47.70,-1616010.25,4.58
8:23,100764.14,17.73,22.33,100782.69,10.29,48.63,-1616418.37,3.79
8:24,100772.44,17.69,22.49,100787.40,10.87,46.99,-1616531.62,4.02
8:25,100778.74,17.97,22.33,100792.27,11.49,45.37,-1616863.75,4.74
8:26,100772.53,18.08,22.04,100790.08,10.72,48.00,-1615756.12,4.91
8:27,100771.36,17.95,22.00,100787.11,10.76,47.35,-1616393.37,3.79
8:28,100764.59,17.88,21.83,100783.77,10.08,49.15,-1616833.50,3.89
8:29,100767.50,17.77,21.44,100781.78,10.69,46.10,-1616450.75,4.55
8:30,100765.05,17.70,21.45,100783.10,10.42,46.25,-1616557.62,3.52
8:31,100767.10,17.77,21.44,100788.32,10.34,47.58,-1616808.75,4.69
8:32,100774.07,17.91,21.39,100791.86,10.73,46.25,-1617101.25,4.28
8:33,100773.75,18.03,21.32,100793.64,11.14,44.96,-1617565.25,3.83
8:34,100767.97,18.21,21.00,100794.02,11.36,43.58,-1616973.75,4.32
8:35,100778.75,18.11,20.58,100792.27,11.13,44.54,-1616739.50,4.38
8:36,100777.28,17.99,20.48,100786.05,10.72,43.96,-1616959.75,4.56
8:37,100776.14,18.04,20.44,100786.46,10.73,44.03,-1617055.37,3.85
8:38,100774.26,18.21,20.42,100787.61,11.17,42.64,-1616911.37,4.53
8:39,100769.22,18.44,20.26,100782.64,11.56,42.25,-1617323.50,4.62
8:40,100771.50,18.54,20.17,100786.02,11.22,43.10,-1617185.12,3.65
8:41,100778.50,18.74,20.29,100785.35,11.74,42.32,-1617174.25,3.96
8:42,100779.73,18.75,20.11,100788.24,10.38,45.72,-1617064.00,4.06
8:43,100777.22,18.73,20.29,100793.10,10.43,45.28,-1617625.25,4.27
8:44,100779.16,18.83,20.67,100792.57,10.39,47.25,-1617290.50,4.23
8:45,100788.67,18.69,20.37,100789.56,10.75,44.55,-1617300.75,0.59
8:46,100800.63,6.23,54.36,100794.66,9.68,49.43,-1617546.75,0.59
8:47,100802.93,3.93,67.88,100797.11,9.15,51.48,-1617522.87,0.49
8:48,100812.59,4.84,74.79,100794.80,8.84,52.46,-1618306.00,0.68
8:49,100800.07,6.67,77.98,100801.46,8.79,55.65,-1618940.12,0.49
8:50,100803.63,7.13,78.50,100798.92,9.16,55.02,-1619142.62,0.50
8:51,100797.35,7.35,78.39,100798.27,9.16,56.15,-1618860.75,0.46
8:52,100800.82,7.41,77.74,100792.85,9.26,56.47,-1619144.87,0.47
8:53,100800.28,7.58,77.61,100797.50,9.32,57.60,-1618977.25,0.59
8:54,100808.79,7.58,75.74,100795.16,9.23,54.20,-1619026.75,0.47
8:55,100793.71,7.71,75.07,100797.96,9.34,55.14,-1619447.62,0.46
8:56,100801.82,8.00,74.74,100800.32,9.41,54.37,-1619627.12,0.47
8:57,100802.35,8.07,74.02,100798.66,9.43,56.86,-1619484.00,0.49
8:58,100790.97,8.10,72.75,100797.74,9.29,55.81,-1620169.87,0.59
8:59,100810.60,8.21,73.28,100793.91,9.53,56.18,-1620341.00,0.45
9:0,100799.27,8.28,72.47,100795.28,9.43,54.86,-1620159.25,0.45
9:1,100793.03,8.15,71.04,100797.57,9.11,54.47,-1620317.87,0.59
9:2,100796.86,9.39,70.68,100792.51,9.54,56.83,-1620468.12,3.29
9:3,100780.63,18.68,28.11,100794.64,10.14,51.05,-1620539.25,3.83
9:4,100776.71,19.36,22.58,100796.60,10.07,50.34,-1620789.25,4.38
9:5,100781.96,18.21,22.62,100793.61,10.81,46.74,-1620549.37,3.91
9:6,100782.73,18.00,22.46,100796.32,10.54,48.41,-1620639.75,4.33
9:7,100780.46,17.99,22.58,100792.05,10.92,46.88,-1620291.12,3.99
9:8,100793.28,17.93,22.08,100794.91,10.65,46.74,-1621041.25,4.52
9:9,100780.80,17.99,22.04,100798.27,10.49,47.44,-1620498.00,4.11
9:10,100786.57,18.01,21.97,100799.60,11.17,45.71,-1620922.50,4.07
9:11,100786.83,18.11,21.74,100800.83,11.35,44.87,-1620764.87,4.03
9:12,100786.46,18.12,21.80,100797.69,10.85,46.59,-1620666.75,4.27
9:13,100785.57,18.11,21.71,100795.38,10.78,46.90,-1620623.50,3.61
9:14,100783.75,18.27,21.42,100796.82,10.48,48.15,-1620619.37,3.96
9:15,100787.67,18.15,21.34,100802.12,11.00,45.72,-1620642.12,4.72
9:16,100781.75,18.20,21.33,100798.71,10.50,47.38,-1620817.75,4.30
9:17,100789.58,18.40,21.32,100800.34,11.83,44.33,-1620960.75,4.38
9:18,100786.45,18.56,21.04,100798.19,11.76,43.98,-1620739.25,4.47
9:19,100782.77,18.53,20.80,100797.57,10.87,45.86,-1461185.62,3.58
9:20,100775.99,18.53,20.88,100794.57,11.42,44.48,-1621250.25,4.52
9:21,100782.31,18.72,20.83,100796.63,11.65,45.96,-1620990.25,4.09
9:22,100777.63,18.87,20.59,100797.43,11.33,45.14,-1621387.75,4.69
9:23,100777.22,19.00,20.36,100791.85,11.99,42.44,-1621380.25,4.43
9:24,100777.67,19.22,20.32,100794.29,12.11,43.16,-1621492.25,4.92
9:25,100775.19,19.27,19.99,100791.25,11.45,44.47,-1621484.50,4.23
9:26,100771.59,19.27,19.87,100790.73,11.85,42.74,-1621486.87,4.16
9:27,100781.96,19.48,19.59,100790.83,12.12,41.57,-1621105.25,4.98
9:28,100778.16,19.45,19.85,100793.89,11.08,45.74,-1621226.62,4.32
9:29,100778.39,19.46,19.60,100786.25,11.67,43.18,-1621491.75,3.79
9:30,100784.91,18.43,22.26,100795.39,10.68,47.35,-1621639.25,0.47
9:31,100795.60,5.71,56.85,100795.48,10.09,49.29,-1620982.50,0.46
9:32,100803.57,4.30,68.53,100797.07,9.58,50.47,-1621727.87,0.59
9:33,100795.71,6.62,76.58,100788.09,9.79,52.89,-1622452.12,0.46
9:34,100795.36,7.73,77.97,100791.79,10.05,53.75,-1622566.50,0.57
9:35,100790.35,7.81,77.53,100788.67,9.92,54.19,-1623134.25,0.61
9:36,100793.88,7.83,76.85,100789.03,9.80,54.13,-1623144.50,0.48
9:37,100807.16,8.09,76.74,100795.19,9.99,55.42,-1623202.50,0.59
9:38,100788.22,8.31,75.41,100784.83,10.10,54.02,-1623409.87,0.47
9:39,100788.78,8.44,74.46,100778.11,10.22,54.55,-1623457.25,0.46
9:40,100786.28,8.73,72.62,100781.16,10.21,53.26,-1623426.75,0.62
9:41,100795.52,8.66,72.02,100785.60,9.93,54.03,-1623436.75,0.48
9:42,100794.63,8.65,70.96,100787.64,9.93,51.96,-1623512.62,0.46
9:43,100788.80,8.50,69.34,100784.40,9.53,52.60,-1623964.25,0.59
9:44,100788.67,8.50,69.31,100786.05,9.71,50.94,-1624500.75,0.46
9:45,100799.96,8.77,71.07,100783.08,10.23,54.10,-1624595.87,0.62
9:46,100784.91,8.88,69.43,100782.64,10.01,52.09,-1624188.37,0.48
9:47,100777.80,11.59,57.39,100788.41,9.81,52.04,-1624489.50,3.39
9:48,100780.60,18.98,27.27,100785.63,10.24,49.98,-1625074.75,4.05
9:49,100780.49,19.68,22.64,100787.24,11.88,44.87,-1624509.62,4.33
9:50,100778.46,18.79,22.13,100792.03,11.20,45.70,-1624532.75,4.41
9:51,100768.03,18.50,22.34,100788.68,11.95,43.24,-1624407.25,4.07
9:52,100768.59,18.66,21.91,100782.97,11.57,44.92,-1624277.12,4.50
9:53,100770.88,18.43,21.89,100789.64,11.01,46.62,-1624194.25,4.36
9:54,100763.82,18.61,21.72,100783.14,11.61,44.07,-1624682.12,4.49
9:55,100777.74,18.75,21.50,100790.65,11.47,44.82,-1624122.50,3.95
9:56,100767.52,18.64,21.25,100782.94,10.66,47.69,-1624226.12,4.49
9:57,100778.00,18.58,21.34,100783.33,11.32,47.56,-1624747.25,3.94
9:58,100771.44,18.78,21.08,100785.82,10.85,47.10,-1624424.75,4.52
9:59,100777.13,18.71,21.33,100790.60,11.28,48.18,-1624819.87,3.69
10:0,100767.91,18.77,21.03,100783.74,10.59,49.15,-1624936.62,4.48
10:1,100767.13,18.81,21.12,100783.94,10.94,48.85,-1624759.50,3.76
10:2,100776.17,18.99,20.94,100781.55,12.09,43.50,-1625346.75,3.54
10:3,100762.39,19.23,20.75,100782.80,12.03,43.96,-1624950.25,4.36
10:4,100766.82,17.58,25.73,100780.77,12.17,43.83,-1625006.75,0.45
10:5,100788.85,5.95,59.10,100786.08,10.48,49.24,-1624899.62,0.28
10:6,100791.11,8.51,55.52,100784.53,10.69,49.37,-1625185.37,0.13
10:7,100780.71,10.36,49.39,100776.08,10.76,49.45,-1625202.50,3.71
10:8,100766.89,18.84,25.01,100778.66,10.77,48.40,-1625240.12,3.47
10:9,100774.17,20.02,22.48,100782.04,11.60,46.30,-1625443.37,4.00
10:10,100771.89,20.20,20.63,100781.57,11.15,47.63,-1625369.75,4.54
10:11,100776.24,19.23,20.67,100789.57,11.09,46.19,-1625082.87,4.67
10:12,100781.32,18.85,20.94,100788.21,10.97,46.03,-1625648.50,4.48
10:13,100767.22,18.79,20.96,100791.35,11.28,46.64,-1625426.87,4.15
10:14,100770.69,18.75,21.11,100788.82,11.27,46.14,-1625520.25,4.34
10:15,100765.08,18.75,21.05,100787.92,11.01,46.76,-1625817.75,4.31
10:16,100773.03,18.86,20.83,100784.06,11.28,46.54,-1625617.37,4.74
10:17,100767.74,18.79,20.80,100789.91,11.71,44.03,-1626163.75,4.40
10:18,100763.38,19.01,20.81,100781.38,12.18,43.46,-1625879.87,4.01
10:19,100759.82,19.05,20.71,100783.82,11.06,47.29,-1625843.12,4.68
10:20,100766.30,19.06,20.76,100783.34,11.52,45.93,-1625770.37,3.58
10:21,100766.59,19.12,20.54,100784.22,11.42,47.07,-1625916.75,3.78
10:22,100759.73,19.36,20.57,100780.28,12.31,44.50,-1626569.37,3.48
10:23,100771.35,15.38,30.75,100773.60,12.61,44.25,-1626118.75,0.59
10:24,100780.28,6.43,57.64,100776.02,11.04,50.48,-1625590.00,0.13
10:25,100785.22,8.77,58.32,100778.06,11.00,51.54,-1625861.50,0.27
10:26,100775.72,12.75,43.83,100771.88,10.98,52.09,-1625941.50,4.16
10:27,100761.35,19.32,24.20,100772.22,10.93,49.48,-1626319.12,3.89
10:28,100764.50,20.70,22.00,100772.27,12.63,45.94,-1626496.37,4.44
10:29,100760.08,20.38,20.90,100768.28,12.59,45.84,-1626480.37,3.74
10:30,100786.91,6.14,58.21,100780.34,11.00,50.20,-1626435.62,0.59
10:31,100779.78,8.67,58.40,100775.47,10.75,51.83,-1626652.87,0.28
10:32,100770.85,10.40,52.96,100771.78,10.84,52.03,-1627058.75,0.25
10:33,100760.17,18.63,26.84,100776.41,10.68,51.96,-1626961.75,4.47
10:34,100760.67,20.26,22.72,100778.71,10.66,50.37,-1626983.12,3.93
10:35,100768.91,20.45,21.15,100775.42,11.57,47.84,-1627561.75,4.65
10:36,100757.27,19.83,21.02,100780.47,12.18,47.00,-1627324.25,4.58
10:37,100777.64,19.46,21.01,100778.22,11.84,46.95,-1626867.87,3.83
10:38,100762.10,19.19,21.07,100778.69,10.99,49.27,-1627870.25,4.54
10:39,100756.75,19.24,21.13,100779.24,11.54,48.93,-1627746.75,4.79
10:40,100764.71,19.32,21.01,100786.49,11.35,49.35,-1628349.62,4.22
10:41,100766.80,19.38,20.89,100786.17,11.66,48.13,-1627548.37,4.06
10:42,100764.60,19.31,20.93,100782.92,10.99,48.98,-1627925.25,4.10
10:43,100766.11,19.50,20.80,100781.94,11.28,49.11,-1628164.12,4.69
10:44,100768.41,19.41,20.68,100780.85,11.95,45.38,-1628012.75,3.90
10:45,100757.18,19.35,20.57,100775.57,10.61,50.24,-1628194.87,3.86
10:46,100755.18,19.35,20.63,100773.32,11.76,46.54,-1628367.00,3.78
10:47,100756.67,19.51,20.36,100783.39,11.32,48.87,-1627555.75,4.72
10:48,100774.63,19.42,20.31,100783.29,11.00,49.58,-1628470.12,3.52
10:49,100765.54,19.48,20.39,100784.25,10.76,51.00,-1628535.87,4.21
10:50,100765.55,19.54,20.41,100778.06,11.74,47.37,-1628998.25,4.58
10:51,100759.24,19.74,20.18,100784.16,11.45,48.47,-1628807.25,4.39
10:52,100767.74,19.91,20.14,100781.60,12.28,44.12,-1628678.75,4.07
10:53,100765.49,20.04,19.93,100777.66,11.47,48.02,-1628422.50,4.36
10:54,100766.44,19.98,20.25,100784.06,10.56,51.27,-1629115.87,4.43
10:55,100766.72,20.00,20.42,100781.43,10.96,50.64,-1628895.87,4.54
10:56,100770.57,20.11,20.16,100777.72,11.78,46.53,-1629421.37,4.84
10:57,100770.08,20.15,20.58,100775.78,10.63,51.55,-1629290.50,4.69
10:58,100770.71,20.07,21.08,100778.03,10.72,52.00,-1629210.00,3.75
10:59,100771.57,20.09,21.02,100777.28,10.91,50.49,-1629344.75,4.31
11:0,100761.93,20.11,21.11,100778.79,11.08,50.63,-1629636.25,3.88
11:1,100773.67,12.85,37.98,100776.35,11.77,48.22,-1629596.75,0.44
11:2,100780.00,5.25,61.45,100778.71,10.60,52.23,-1629180.00,0.59
11:3,100791.30,4.29,69.26,100780.25,9.99,53.89,-1629272.12,0.59
11:4,100794.49,5.82,77.06,100782.25,9.97,55.43,-1630669.50,0.57
11:5,100779.92,7.63,79.21,100774.74,10.09,57.41,-1631640.75,0.58
11:6,100785.30,8.13,79.72,100773.87,10.19,57.90,-1631803.12,0.44
11:7,100787.77,8.24,79.48,100778.99,10.18,56.73,-1631915.62,0.60
11:8,100778.71,8.23,79.33,100775.16,10.12,57.66,-1632516.25,0.46
11:9,100783.63,8.25,79.11,100781.75,9.94,59.09,-1633317.37,0.44
11:10,100791.33,8.26,78.99,100778.04,10.03,58.09,-1633977.62,0.45
11:11,100786.20,8.37,79.00,100775.74,10.09,59.36,-1634569.12,0.63
11:12,100785.66,8.59,78.84,100779.13,10.28,58.57,-1634447.50,0.59
11:13,100789.39,8.68,78.45,100781.49,10.31,59.49,-1634748.25,0.46
11:14,100781.29,8.65,77.18,100779.61,10.02,58.38,-1635014.62,0.59
11:15,100780.97,8.75,76.71,100780.19,10.07,58.63,-1635411.62,0.59
11:16,100778.74,8.81,76.04,100776.08,9.93,58.22,-1635828.87,0.57
11:17,100783.51,8.76,75.36,100776.89,9.82,59.71,-1636559.62,0.61
11:18,100765.80,16.93,31.90,100773.96,10.63,54.62,-1636514.75,4.18
11:19,100762.12,20.15,26.16,100779.66,11.42,51.71,-1636838.62,4.58
11:20,100764.44,20.49,22.38,100777.25,11.22,51.25,-1636493.25,4.03
11:21,100772.11,19.57,22.35,100777.36,11.24,51.24,-1636859.37,4.61
11:22,100768.77,19.38,22.33,100777.71,11.64,49.66,-1637089.75,4.88
11:23,100759.08,19.45,22.27,100779.88,12.05,48.26,-1636901.75,4.89
11:24,100758.19,19.54,22.05,100775.13,12.07,47.72,-1636768.37,4.63
11:25,100755.46,19.55,22.06,100777.96,11.12,52.15,-1636990.50,4.15
11:26,100752.86,19.65,21.72,100775.97,11.78,50.49,-1636656.37,4.05
11:27,100761.55,19.67,21.52,100778.50,11.79,49.65,-1637216.37,4.52
11:28,100757.21,19.70,21.50,100774.48,12.19,48.48,-1637578.50,4.23
11:29,100757.64,19.73,21.43,100774.92,10.67,55.45,-1637302.00,3.91
11:30,100750.42,19.62,21.47,100770.91,10.49,55.35,-1637655.75,4.83
11:31,100762.24,19.53,21.16,100780.60,11.08,51.41,-1637760.75,4.54
11:32,100765.30,19.59,21.02,100781.35,10.86,53.67,-1637851.25,4.03
11:33,100755.84,19.49,21.16,100768.38,10.11,57.08,-1637596.87,3.91
11:34,100769.35,19.44,21.34,100774.78,10.10,57.37,-1638697.87,4.53
11:35,100752.94,19.65,21.15,100768.90,11.59,50.31,-1638956.75,4.51
11:36,100759.11,19.89,21.03,100775.60,11.77,50.39,-1638529.75,3.70
11:37,100773.17,20.09,21.23,100776.64,11.30,51.53,-1638647.12,4.00
11:38,100769.51,20.06,20.87,100782.94,11.13,52.94,-1638358.00,4.23
11:39,100763.94,20.14,21.19,100779.67,10.64,54.78,-1638643.37,3.58
11:40,100773.42,20.14,21.37,100780.89,10.33,56.22,-1639052.87,4.38
11:41,100769.26,20.18,21.29,100781.75,10.51,54.94,-1638661.87,3.78
11:42,100769.66,20.17,21.32,100781.38,11.19,50.61,-1639120.00,3.66
11:43,100762.39,20.21,21.38,100772.97,10.89,51.85,-1639117.62,4.18
11:44,100772.50,20.26,21.82,100775.02,11.55,51.21,-1639407.50,3.76
11:45,100765.52,20.35,21.98,100780.58,11.33,52.29,-1639143.25,4.57
11:46,100770.82,20.38,22.06,100788.09,11.08,52.36,-1638931.00,4.12
11:47,100767.72,20.14,22.45,100774.75,10.26,54.78,-1638911.37,4.69
11:48,100776.08,14.10,35.78,100780.17,10.75,53.91,-1639578.75,0.43
11:49,100777.71,5.54,60.27,100774.31,10.01,55.08,-1639482.12,0.44
11:50,100781.21,4.03,70.33,100775.21,9.77,56.98,-1639931.37,0.46
11:51,100794.38,6.24,79.02,100783.74,9.68,58.70,-1639826.37,0.46
11:52,100791.05,7.72,80.01,100782.17,9.80,59.91,-1640645.75,0.52
11:53,100791.41,7.96,80.42,100782.32,9.90,59.97,-1641312.50,0.43
11:54,100795.32,8.18,80.70,100781.94,10.01,60.24,-1641493.75,0.44
11:55,100789.07,8.10,80.19,100784.77,9.87,60.16,-1641922.75,0.59
11:56,100792.03,8.28,79.77,100784.58,9.95,58.75,-1642385.50,0.46
11:57,100802.82,8.36,78.66,100788.23,9.79,58.51,-1642289.25,0.55
11:58,100780.47,8.48,77.68,100778.77,9.78,59.82,-1643072.12,0.47
11:59,100775.87,8.55,77.00,100779.50,9.77,59.62,-1643436.25,0.61
12:0,100797.25,8.74,77.33,100781.43,9.91,60.32,-1643555.50,0.59
12:1,100775.39,8.83,76.84,100780.70,9.96,61.42,-1643433.00,0.46
12:2,100777.60,8.89,76.44,100783.10,9.95,61.48,-1643770.12,0.54
12:3,100776.58,8.98,76.13,100777.35,9.97,61.77,-1643748.75,0.64
12:4,100779.25,9.10,75.93,100780.96,9.99,60.85,-1643889.37,0.59
12:5,100776.60,16.55,33.21,100778.96,10.13,59.06,-1644299.50,4.43
12:6,100760.60,20.15,26.32,100777.07,9.98,58.98,-1644033.25,4.90
12:7,100763.32,20.49,22.78,100779.02,9.91,60.08,-1644636.75,4.88
12:8,100760.44,19.62,23.16,100781.14,10.41,60.27,-1644638.25,3.75
12:9,100780.97,19.54,23.10,100799.82,10.95,57.12,-1644862.25,4.05
12:10,100770.10,19.34,22.77,100780.31,10.20,58.52,-1643878.62,3.80
12:11,100772.24,19.32,22.94,100785.02,9.80,63.08,-1645006.25,4.42
12:12,100768.25,19.46,22.88,100784.40,11.10,56.99,-1645153.62,4.81
12:13,100771.49,19.79,22.67,100787.53,11.51,56.71,-1644978.12,4.34
12:14,100783.49,19.91,22.43,100790.46,11.52,55.28,-1644695.37,3.93
12:15,100779.16,20.01,22.24,100803.67,11.18,59.71,-1644212.37,4.72
12:16,100783.00,20.01,22.37,100804.46,9.92,64.79,-1644098.62,4.53
12:17,100790.24,19.93,22.67,100809.27,9.30,69.59,-1645477.75,3.80
12:18,100792.41,20.07,22.83,100805.82,10.16,64.84,-1645708.75,4.31
12:19,100795.64,20.20,22.86,100804.32,10.21,67.67,-1646087.25,4.57
12:20,100794.02,20.36,22.98,100808.32,10.63,63.30,-1645481.12,3.80
12:21,100788.38,20.59,23.40,100810.25,10.63,64.72,-1646176.87,4.61
12:22,100796.11,20.78,23.38,100814.45,11.41,62.05,-1646086.37,3.83
12:23,100797.60,20.91,23.73,100813.21,10.63,63.56,-1645678.50,4.41
12:24,100809.95,20.94,24.62,100817.88,10.42,67.78,-1645905.50,3.78
12:25,100801.55,21.03,25.25,100817.46,10.31,69.41,-1646186.75,3.85
12:26,100798.00,20.90,25.11,100817.21,9.31,71.26,-1645811.87,4.53
12:27,100814.83,20.49,25.93,100820.39,8.68,74.41,-1646569.00,4.73
12:28,100803.67,20.11,27.34,100819.55,8.77,75.62,-1647025.00,4.56
12:29,100805.00,19.94,27.90,100816.28,8.70,76.44,-1647204.12,3.89
12:30,100813.38,12.02,47.09,100825.96,8.69,75.79,-1647125.37,0.57
12:31,100831.68,4.48,68.99,100819.82,8.23,77.43,-1646954.50,0.46
12:32,100833.68,3.94,76.84,100830.87,8.01,76.65,-1647387.12,0.62
12:33,100823.53,6.94,83.40,100827.28,8.06,78.70,-1648532.87,0.59
12:34,100827.61,7.99,84.23,100825.16,8.41,77.27,-1648684.12,0.46
12:35,100830.38,8.06,84.23,100827.46,8.30,77.91,-1648780.37,0.59
12:36,100830.10,8.08,84.75,100827.36,8.32,78.22,-1649107.12,0.47
12:37,100841.18,7.97,84.88,100831.19,8.25,77.58,-1649978.12,0.59
12:38,100827.38,8.00,85.13,100827.10,8.26,77.59,-1650551.87,0.62
12:39,100833.72,8.04,85.65,100825.31,8.40,77.80,-1650702.37,0.54
12:40,100835.31,8.19,85.94,100829.19,8.54,77.85,-1650767.50,0.46
12:41,100845.38,8.29,86.12,100832.13,8.44,77.50,-1650377.25,0.50
12:42,100828.16,8.11,85.59,100828.35,8.25,76.63,-1651231.37,0.59
12:43,100839.14,8.23,86.00,100832.39,8.55,77.79,-1651338.00,0.45
12:44,100840.31,8.26,85.86,100827.55,8.42,78.04,-1651476.62,0.48
12:45,100838.81,8.22,85.47,100835.53,8.46,77.45,-1651661.87,0.46
12:46,100832.58,8.28,85.36,100831.55,8.46,77.56,-1651813.62,0.60
12:47,100808.60,16.38,33.91,100826.24,8.87,72.81,-1651999.75,4.40
12:48,100821.43,19.83,28.41,100833.01,9.52,69.19,-1652303.87,3.73
12:49,100818.32,20.96,24.90,100825.85,10.55,65.13,-1652210.00,4.06
12:50,100811.49,20.14,23.70,100832.22,10.14,64.59,-1652596.00,4.27
12:51,100818.46,19.65,23.61,100824.03,10.18,62.98,-1652429.12,4.11
12:52,100812.02,19.58,23.75,100830.61,11.22,59.04,-1652739.37,4.23
12:53,100814.25,19.69,23.71,100830.88,10.52,62.97,-1652610.50,4.61
12:54,100819.16,19.51,23.20,100832.00,9.68,65.81,-1653214.75,4.15
12:55,100822.17,19.66,23.40,100829.05,10.82,61.34,-1652705.87,4.20
12:56,100815.80,19.71,23.33,100832.77,9.74,66.56,-1653499.12,4.04
12:57,100812.16,19.86,23.29,100823.61,10.95,62.43,-1653290.25,4.75
12:58,100804.57,19.93,22.70,100823.92,10.09,62.38,-1652693.00,4.05
12:59,100809.71,19.77,22.92,100822.14,10.44,63.92,-1653553.37,4.58
13:0,100807.27,19.99,22.99,100833.11,11.50,57.92,-1653530.62,3.93
13:1,100811.21,20.16,22.93,100830.44,11.24,59.89,-1653764.37,4.97
13:2,100818.85,20.39,22.89,100826.12,11.26,59.94,-1653087.87,4.69
13:3,100819.33,20.55,23.04,100831.68,11.33,59.63,-1653379.75,4.64
13:4,100814.67,20.79,23.48,100829.22,11.90,57.28,-1653238.50,5.03
13:5,100815.44,21.12,23.50,100828.80,12.48,54.58,-1653443.37,3.76
13:6,100821.88,21.24,23.85,100827.17,12.34,55.55,-1653439.75,4.99
13:7,100815.83,21.21,24.25,100822.90,10.87,64.04,-1653651.50,4.26
13:8,100809.14,21.12,24.66,100816.66,10.93,62.60,-1653646.00,3.92
13:9,100808.66,20.96,25.40,100823.17,10.74,65.10,-1653699.12,5.10
13:10,100813.74,20.94,25.55,100821.92,11.14,61.61,-1653894.12,4.29
13:11,100809.30,20.85,26.08,100815.28,10.46,64.60,-1654573.87,4.54
13:12,100805.46,19.94,27.09,100820.43,10.83,61.40,-1654533.37,0.59
13:13,100820.07,7.58,56.83,100815.89,10.23,64.76,-1653787.25,0.48
13:14,100833.10,4.25,71.71,100822.58,9.24,69.57,-1653890.12,0.61
13:15,100829.49,5.07,79.28,100820.03,8.85,71.80,-1654572.25,0.59
13:16,100830.14,7.93,83.12,100821.89,9.31,72.34,-1655719.25,0.48
13:17,100832.26,8.50,83.61,100824.28,9.46,72.67,-1656416.25,0.59
13:18,100819.46,8.49,83.45,100820.16,9.17,71.10,-1656593.25,0.62
13:19,100823.21,8.51,84.15,100823.85,9.23,73.76,-1657434.87,0.59
13:20,100817.80,8.61,83.89,100817.81,9.08,71.91,-1658306.25,0.47
13:21,100822.75,8.63,84.82,100822.80,9.23,74.56,-1658716.00,0.46
13:22,100812.17,8.78,84.73,100819.36,9.23,74.51,-1658997.12,0.62
13:23,100829.19,8.85,85.04,100825.38,9.40,74.82,-1659563.00,0.59
13:24,100822.03,8.87,84.72,100825.97,9.45,73.76,-1659216.62,0.59
13:25,100812.52,8.93,84.60,100811.58,9.56,73.57,-1659604.62,0.46
13:26,100823.19,8.85,83.92,100817.64,9.39,73.51,-1659942.75,0.48
13:27,100818.03,9.00,84.04,100815.52,9.50,73.79,-1660122.37,0.62
13:28,100827.76,9.15,83.96,100813.05,9.68,73.38,-1660352.62,0.46
13:29,100823.18,12.27,68.38,100821.03,9.79,70.97,-1660721.00,3.86
13:30,100797.78,18.61,29.94,100818.16,10.92,61.93,-1660997.12,3.89
13:31,100802.66,21.32,25.66,100818.58,11.54,59.51,-1660570.62,4.02
13:32,100794.66,21.69,23.69,100822.42,11.83,59.73,-1660495.87,3.58
13:33,100816.75,21.03,22.48,100819.42,11.14,58.65,-1660605.87,3.80
13:34,100802.28,20.52,22.61,100818.10,12.19,53.89,-1661078.25,4.43
13:35,100804.57,20.32,22.16,100819.16,11.84,53.96,-1660486.50,3.98
13:36,100800.14,20.36,22.37,100815.92,12.37,52.88,-1661585.37,3.70
13:37,100792.24,19.49,25.26,100811.94,11.88,55.10,-1661165.50,0.46
13:38,100817.88,6.30,61.89,100817.22,10.45,57.87,-1661021.12,0.24
13:39,100820.24,9.41,60.89,100826.39,10.64,60.76,-1661582.62,0.26
13:40,100817.10,10.44,54.86,100817.88,10.89,60.51,-1662082.00,3.79
13:41,100799.42,20.17,26.71,100817.18,11.89,54.99,-1662027.12,3.92
13:42,100791.53,21.72,23.00,100817.53,11.67,54.55,-1662064.87,3.94
13:43,100797.33,21.79,21.23,100815.58,11.09,56.44,-1661838.12,3.89
13:44,100794.05,20.83,21.10,100810.98,11.37,54.88,-1661670.37,4.57
13:45,100796.08,20.27,21.31,100813.60,12.16,49.70,-1662647.25,4.41
13:46,100808.88,20.34,21.57,100827.99,12.46,52.81,-1662659.37,3.84
13:47,100821.36,8.31,48.19,100824.99,11.37,49.88,-1662389.25,0.46
13:48,100825.99,8.67,58.15,100822.63,11.01,52.75,-1662398.75,0.26
13:49,100821.42,10.74,53.06,100824.32,11.02,53.41,-1662268.37,0.26
13:50,100814.88,17.67,29.81,100824.85,11.25,51.89,-1662541.75,3.78
13:51,100803.60,20.64,23.22,100816.68,11.64,50.10,-1662754.62,4.23
13:52,100804.77,21.41,21.44,100822.47,11.69,51.06,-1662626.75,3.98
13:53,100806.89,21.12,21.02,100819.75,12.06,52.08,-1662235.12,4.82
13:54,100814.88,20.44,20.69,100829.30,11.23,52.67,-1662597.00,4.62
13:55,100814.25,20.20,20.86,100833.60,11.59,52.01,-1663307.12,4.24
13:56,100812.10,20.15,20.78,100823.74,11.48,51.48,-1663149.62,3.85
13:57,100807.34,20.21,21.13,100829.06,12.21,49.56,-1663662.25,4.17
13:58,100815.03,20.32,21.23,100832.02,12.19,52.24,-1663358.37,4.41
13:59,100821.03,20.39,21.14,100837.55,12.40,50.90,-1664136.62,3.79
14:0,100832.22,6.28,56.90,100828.33,11.24,53.26,-1663247.75,0.42
14:1,100834.13,9.12,60.01,100829.32,11.03,55.49,-1663954.00,0.26
14:2,100838.41,10.80,54.34,100834.99,11.02,54.64,-1664076.25,0.14
14:3,100818.23,18.90,26.80,100834.08,11.47,50.20,-1664708.12,4.43
14:4,100823.66,20.61,22.82,100838.25,11.64,49.63,-1664367.12,3.74
14:5,100824.05,20.80,20.59,100832.53,11.18,49.33,-1664634.37,4.73
14:6,100817.16,19.74,20.56,100847.23,11.69,46.89,-1665203.12,4.36
14:7,100821.96,19.38,20.79,100836.90,11.18,49.41,-1665340.87,4.05
14:8,100813.21,19.27,20.83,100833.14,11.86,47.30,-1665361.25,4.34
14:9,100808.41,19.45,21.04,100832.21,11.37,48.96,-1665470.50,4.31
14:10,100813.88,19.82,21.29,100834.46,12.37,48.35,-1665982.00,3.89
14:11,100818.37,19.78,20.40,100835.95,11.34,49.59,-1665294.37,4.43
14:12,100819.67,17.04,28.23,100833.32,12.97,46.35,-1665550.87,0.45
14:13,100843.75,6.66,58.56,100844.93,11.80,52.24,-1665616.75,0.28
14:14,100836.42,10.19,56.38,100838.61,11.77,52.37,-1665529.25,0.24
14:15,100833.43,11.91,46.53,100836.14,11.66,52.68,-1665950.75,4.12
14:16,100822.79,16.35,31.96,100828.59,12.70,48.83,-1666393.87,0.59
14:17,100837.74,7.65,64.77,100838.24,11.59,51.67,-1666006.37,0.14
14:18,100832.99,9.91,58.35,100837.96,11.43,53.07,-1666769.75,0.12
14:19,100839.27,13.47,42.86,100844.86,11.47,55.15,-1666982.12,4.63
14:20,100828.78,20.40,25.83,100851.08,11.78,49.76,-1667519.50,4.68
14:21,100822.60,22.03,21.92,100838.36,11.99,47.17,-1667383.75,4.53
14:22,100828.97,21.37,20.15,100838.01,11.82,45.73,-1667209.62,4.61
14:23,100829.57,20.18,20.47,100846.67,12.27,45.72,-1668125.25,4.60
14:24,100820.21,19.57,20.73,100842.32,11.53,46.95,-1667941.25,3.86
14:25,100826.50,19.68,21.11,100843.91,12.45,45.36,-1668617.62,3.54
14:26,100847.30,6.43,55.31,100838.91,11.60,47.94,-1668101.62,0.59
14:27,100867.49,9.53,51.71,100863.74,11.00,47.38,-1668677.00,0.26
14:28,100849.50,10.88,47.05,100851.92,10.70,48.89,-1668711.25,0.14
14:29,100844.11,18.31,26.76,100850.77,10.83,48.54,-1669571.50,4.88
14:30,100834.50,20.04,22.67,100851.46,11.16,48.47,-1669295.37,3.85
14:31,100841.82,20.36,20.95,100854.19,10.77,48.88,-1669300.37,3.84
14:32,100834.07,19.56,21.12,100860.03,11.70,46.59,-1669792.12,4.22
14:33,100834.29,19.49,21.14,100852.52,12.42,45.80,-1669428.75,4.27
14:34,100836.10,19.60,21.19,100857.88,11.66,50.30,-1669310.62,3.78
14:35,100849.77,19.52,21.12,100858.40,11.13,51.09,-1669374.25,3.65
14:36,100854.60,19.57,21.45,100868.07,11.55,51.46,-1669525.37,3.85
14:37,100860.63,19.58,21.12,100873.85,10.43,56.37,-1669510.50,4.84
14:38,100848.50,19.44,21.00,100867.10,10.13,55.89,-1669879.75,4.51
14:39,100872.49,19.49,21.45,100878.61,10.72,53.96,-1670985.87,4.75
14:40,100870.57,19.58,21.23,100894.14,9.82,58.40,-1670577.37,4.62
14:41,100872.27,19.48,21.35,100890.89,9.88,58.87,-1670888.12,4.09
14:42,100865.17,19.21,20.87,100882.39,9.43,57.05,-1670663.75,3.59
14:43,100860.14,18.92,20.95,100881.75,9.60,57.09,-1671221.12,4.36
14:44,100859.42,19.00,21.61,100876.17,10.36,54.36,-1671897.50,4.85
14:45,100865.44,19.15,21.90,100878.89,9.82,57.98,-1672049.87,4.38
14:46,100864.44,19.45,21.78,100879.75,10.78,55.62,-1671350.50,3.67
14:47,100871.05,19.60,21.42,100884.67,10.11,55.45,-1671165.25,4.91
14:48,100867.78,19.60,22.26,100885.13,9.84,57.81,-1671566.87,4.23
14:49,100866.91,19.56,22.72,100879.11,9.24,60.36,-1671555.75,4.86
14:50,100866.74,19.56,23.28,100876.16,9.48,61.15,-1671675.12,3.75
14:51,100857.72,19.66,23.99,100865.53,9.36,62.74,-1672467.37,4.13
14:52,100861.09,19.67,23.91,100868.90,9.58,63.49,-1672438.75,4.18
14:53,100858.39,19.68,24.45,100874.79,9.43,63.61,-1672227.37,4.08
14:54,100852.86,19.85,25.21,100866.08,10.92,57.73,-1672218.75,4.47
14:55,100871.53,13.28,38.73,100865.10,10.00,60.40,-1671758.75,0.43
14:56,100883.07,5.25,63.39,100875.53,9.73,61.07,-1670706.75,0.45
14:57,100883.97,3.93,70.72,100873.41,9.57,60.00,-1672220.00,0.59
14:58,100874.46,4.71,76.91,100862.28,9.40,61.99,-1672961.87,0.44
14:59,100864.56,7.37,81.37,100868.15,9.60,62.13,-1673391.00,0.47
15:0,100874.94,7.92,81.63,100867.14,9.65,64.59,-1674095.75,0.44
15:1,100861.28,7.97,81.31,100864.14,9.63,61.89,-1674845.75,0.59
15:2,100869.06,8.04,81.33,100867.60,9.87,61.22,-1675146.37,0.59
15:3,100862.69,8.20,81.51,100855.74,10.16,61.83,-1675548.87,0.46
15:4,100856.19,8.69,82.42,100855.19,10.51,61.19,-1676276.00,0.59
15:5,100874.64,8.50,80.68,100868.08,10.19,58.54,-1676441.87,0.59
15:6,100887.83,8.76,81.69,100875.08,10.33,63.56,-1676848.87,0.62
15:7,100876.60,8.65,79.50,100872.92,10.28,58.44,-1676609.00,0.47
15:8,100885.28,8.53,78.11,100874.71,10.12,55.89,-1677220.50,0.45
15:9,100875.39,8.56,78.09,100872.28,10.16,57.25,-1677593.25,0.44
15:10,100885.27,8.66,78.14,100871.99,10.16,57.48,-1677804.37,0.46
15:11,100885.45,8.62,76.80,100876.61,10.13,58.26,-1678075.62,0.45
15:12,100863.75,16.60,32.60,100867.28,10.18,54.29,-1678410.75,4.14
15:13,100853.94,20.26,25.55,100869.77,10.65,50.59,-1679065.00,4.80
15:14,100858.36,20.20,21.67,100869.32,10.53,52.62,-1679030.00,4.15
15:15,100852.69,18.99,21.99,100866.82,10.45,51.24,-1679258.75,4.12
15:16,100859.84,18.81,22.50,100867.16,11.58,48.03,-1679780.75,4.74
15:17,100848.46,19.03,22.05,100862.71,11.14,49.57,-1679286.75,3.77
15:18,100861.27,18.98,21.89,100876.10,11.56,47.96,-1679379.25,4.09
15:19,100861.26,19.10,21.83,100868.53,11.54,48.82,-1679676.00,4.49
15:20,100861.32,19.14,21.82,100875.08,10.71,53.17,-1678911.25,3.78
15:21,100856.65,19.24,21.70,100872.42,10.75,53.94,-1679417.00,4.79
15:22,100854.18,19.13,21.59,100881.69,9.97,56.68,-1680093.25,4.60
15:23,100874.25,19.10,21.87,100883.71,10.12,57.80,-1680352.37,4.55
15:24,100858.22,19.09,21.53,100872.67,10.23,55.02,-1680481.62,4.58
15:25,100878.81,19.06,21.56,100886.93,10.57,55.11,-1680690.00,4.20
15:26,100886.89,19.18,21.17,100888.78,10.16,56.24,-1680593.37,4.71
15:27,100867.72,19.27,21.31,100885.27,10.54,54.77,-1681052.75,4.71
15:28,100871.05,19.37,21.41,100881.63,11.14,51.71,-1680516.00,3.61
15:29,100867.78,19.60,20.86,100882.28,11.09,52.03,-1680537.25,3.85
15:30,100872.14,19.95,20.71,100880.32,11.34,50.86,-1680397.62,3.55
15:31,100872.37,20.23,21.04,100886.38,11.69,52.03,-1680449.37,3.99
15:32,100872.30,20.46,21.19,100888.28,11.78,52.08,-1680241.62,4.69
15:33,100886.84,20.60,20.82,100902.75,11.72,52.27,-1680365.75,4.70
15:34,100882.82,20.43,20.67,100898.59,10.51,53.29,-1680583.62,3.53
15:35,100880.04,20.32,20.97,100889.19,10.73,53.76,-1680942.00,4.36
15:36,100890.16,20.14,20.53,100891.07,10.34,50.98,-1680980.62,3.96
15:37,100873.71,20.14,20.32,100891.64,11.37,47.80,-1681350.62,4.06
15:38,100887.50,20.16,21.56,100896.99,11.10,51.20,-1681384.37,4.01
15:39,100878.35,20.17,21.71,100894.97,10.80,52.36,-1681132.75,3.73
15:40,100878.69,20.43,21.26,100894.71,12.49,45.59,-1681654.37,4.15
15:41,100874.64,20.58,21.55,100889.05,11.28,49.13,-1681596.75,4.33
15:42,100886.19,12.86,39.56,100889.55,11.65,50.55,-1681735.25,0.59
15:43,100892.13,5.38,60.81,100888.92,10.83,50.66,-1680752.25,0.46
15:44,100893.81,4.43,70.35,100882.96,10.61,53.21,-1681259.75,0.43
15:45,100889.07,7.37,78.67,100887.92,10.91,54.34,-1681736.00,0.59
15:46,100916.07,8.50,79.26,100904.75,11.05,57.68,-1682427.37,0.59
15:47,100910.97,8.40,77.73,100901.27,10.73,52.34,-1682054.00,0.44
15:48,100897.01,8.25,77.46,100896.66,10.41,53.91,-1682128.00,0.57
15:49,100905.31,8.46,77.74,100891.47,10.51,55.63,-1683337.25,0.43
15:50,100887.82,8.51,76.28,100885.91,10.25,52.60,-1683830.62,0.45
15:51,100906.13,8.61,75.76,100897.32,10.35,55.16,-1683896.00,0.59
15:52,100908.21,8.65,74.30,100898.17,10.22,53.37,-1684420.00,0.46
15:53,100889.83,8.61,73.76,100891.08,10.23,53.61,-1684705.25,0.43
15:54,100897.42,8.69,73.57,100897.44,10.10,53.05,-1684128.25,0.99
15:55,100895.96,8.64,73.72,100899.78,10.00,55.14,-1685266.37,1.05
15:56,100896.13,8.64,72.46,100890.42,9.91,54.09,-1685633.62,1.14
15:57,100909.41,8.67,73.17,100904.73,9.98,56.50,-1686063.25,1.21
15:58,100894.64,8.74,72.61,100895.72,9.92,54.70,-1686210.25,1.02
15:59,100882.75,17.25,31.93,100898.50,10.06,52.39,-1686674.00,4.53
16:0,100881.97,20.18,24.01,100891.60,10.40,51.31,-1686865.62,3.87
16:1,100882.73,19.43,22.00,100893.14,10.50,50.93,-1686334.00,4.32
16:2,100873.26,18.93,22.51,100887.38,11.45,48.47,-1686876.75,3.80
16:3,100876.42,19.05,22.45,100891.46,11.70,48.39,-1685110.00,4.36
16:4,100882.08,19.26,22.18,100906.46,12.10,46.38,-1684964.75,4.42
16:5,100864.08,19.16,21.49,100883.15,10.73,49.59,-1684621.25,4.89
16:6,100859.91,19.02,21.62,100879.44,10.71,51.36,-1685952.25,3.75
16:7,100880.75,19.00,21.62,100896.42,11.24,47.85,-1686119.62,4.18
16:8,100884.75,19.11,21.70,100900.31,11.09,50.11,-1686653.37,3.90
16:9,100883.14,19.33,21.50,100900.03,11.15,50.01,-1685972.25,4.00
16:10,100885.48,18.98,20.75,100897.45,9.81,53.62,-1687139.62,4.46
16:11,100879.97,18.78,21.17,100884.72,10.68,50.64,-1685276.00,4.26
16:12,100882.14,18.75,20.97,100885.76,10.62,49.13,-1686529.62,4.00
16:13,100872.55,18.65,20.82,100890.83,10.41,50.02,-1686892.75,4.54
16:14,100881.55,18.77,20.99,100892.78,11.15,46.80,-1687170.00,4.40
16:15,100885.53,19.00,21.10,100895.24,11.45,48.18,-1687174.00,4.49
16:16,100891.61,19.11,20.79,100902.07,10.98,50.07,-1686711.25,3.93
16:17,100893.02,19.20,20.71,100903.64,11.31,48.79,-1687242.00,4.59
16:18,100900.63,19.32,20.58,100911.52,11.16,49.41,-1686874.75,4.83
16:19,100899.28,19.39,20.30,100911.56,10.42,51.06,-1688548.37,3.89
16:20,100891.14,19.22,20.29,100908.08,10.69,48.92,-1687360.75,3.53
16:21,100899.49,19.33,20.36,100909.85,10.31,50.23,-1687501.62,3.78
16:22,100896.02,19.17,20.18,100907.68,10.36,49.49,-1687739.25,4.02
16:23,100902.77,19.21,19.93,100910.17,10.07,48.95,-1687629.25,3.76
16:24,100895.85,19.17,20.02,100904.09,10.95,46.01,-1687915.00,4.14
