15:23,100916.03,12.01,45.73,100931.80,17.37,33.46,-684801.50,0.62
16:50,100921.61,12.22,44.95,100931.93,17.13,33.19,-681856.50,0.65
16:50,100921.56,12.24,44.90,100932.02,17.08,33.32,-681749.18,0.45
16:50,100921.82,12.25,44.80,100935.43,16.94,33.73,-681843.31,0.13
16:50,100920.80,12.26,44.69,100930.33,16.76,33.75,-681972.62,0.16
16:50,100921.46,12.24,44.61,100937.08,16.56,34.06,-682220.50,0.43
16:50,100919.36,12.22,44.53,100931.29,16.28,34.37,-682571.37,0.16
16:50,100919.44,12.21,44.42,100924.76,16.12,34.52,-682678.62,0.54
16:50,100923.58,12.18,44.21,100927.46,16.01,34.70,-681936.00,0.70
16:50,100922.77,12.16,44.10,100933.02,15.84,34.88,-682478.50,0.55
16:50,100920.92,12.15,44.08,100930.28,15.68,35.09,-682113.31,0.55
16:50,100918.05,12.14,44.13,100926.61,15.57,35.35,-682661.00,0.19
16:50,100922.08,12.09,44.27,100930.04,15.06,36.79,-684053.81,0.82
16:50,100924.75,11.93,45.31,100937.56,14.94,37.74,-686039.81,0.77
16:50,100923.52,12.04,45.32,100939.67,15.24,37.61,-686460.87,0.55
16:51,100939.20,5.66,66.97,100933.17,15.97,35.38,-675961.00,2.02
16:52,100944.42,6.74,76.35,100950.35,13.64,41.61,-685467.81,1.39
16:53,100928.13,7.72,78.37,100936.12,13.67,43.36,-688671.12,1.34
16:54,100910.90,18.00,30.03,100931.88,13.97,39.32,-684189.37,5.32
16:55,100915.55,20.44,23.66,100929.06,13.95,40.61,-686798.31,4.40
16:56,100906.22,19.90,21.46,100931.77,12.48,42.13,-689122.00,5.51
16:57,100916.85,18.67,21.82,100941.58,11.90,43.79,-692716.87,5.12
16:58,100914.85,18.27,21.71,100947.82,12.51,43.28,-693766.81,5.06
16:59,100909.60,18.11,21.59,100931.01,13.05,40.73,-695269.87,5.43
17:0,100896.53,18.03,21.28,100927.08,12.00,42.04,-691965.00,5.35
17:1,100905.34,18.12,21.81,100928.83,11.65,44.48,-694728.68,5.15
17:2,100903.80,18.14,21.21,100929.83,11.24,44.37,-694900.31,4.39
17:3,100909.61,18.19,21.38,100924.79,11.17,45.21,-695377.81,5.10
17:4,100905.60,18.08,21.11,100930.17,11.65,43.92,-696402.50,4.72
17:5,100908.33,18.14,21.06,100938.39,13.39,39.84,-691044.87,5.33
17:6,100916.42,18.03,20.85,100940.33,12.01,41.84,-690343.50,5.37
17:7,100915.78,17.96,20.86,100932.64,11.67,43.17,-692879.87,4.36
17:8,100910.38,17.98,20.93,100937.74,14.03,38.50,-689911.68,4.69
17:9,100912.85,18.38,20.75,100932.36,15.46,34.69,-682506.37,4.56
17:10,100894.39,18.48,20.41,100914.52,14.21,36.04,-675767.87,5.07
17:11,100910.63,18.39,20.36,100936.48,12.42,40.52,-686797.87,5.10
17:12,100903.14,18.42,20.18,100923.21,11.81,41.12,-691903.00,4.71
17:13,100920.03,18.46,20.42,100943.97,13.75,39.29,-689863.37,4.59
17:14,100906.33,18.70,20.24,100929.46,14.61,36.59,-683774.18,5.54
17:15,100904.94,18.90,20.34,100929.07,15.33,35.83,-680156.87,5.44
17:16,100897.89,19.21,20.01,100927.61,15.74,35.41,-680080.00,4.61
17:17,100907.92,19.42,19.98,100932.66,15.85,34.51,-677018.12,5.09
17:18,100924.99,19.61,19.52,100940.42,13.25,39.12,-682222.87,4.19
17:19,100915.49,19.50,19.27,100940.83,13.24,39.15,-685799.68,5.54
17:20,100912.14,19.48,19.66,100931.16,12.71,40.82,-688599.81,4.74
17:21,100902.95,19.44,19.76,100934.41,12.83,41.37,-690980.87,5.18
17:22,100909.72,19.61,20.32,100935.75,14.88,38.16,-688032.68,4.44
17:23,100924.41,11.09,40.92,100936.39,16.29,35.61,-682910.50,1.31
17:24,100930.08,4.73,63.12,100927.30,15.56,35.84,-677858.62,1.29
17:25,100927.00,4.55,70.27,100929.85,13.92,38.59,-675084.00,1.31
17:26,100916.57,6.96,77.18,100925.06,14.19,40.17,-682044.81,0.72
17:27,100923.79,7.92,77.76,100924.53,14.28,39.79,-686768.87,1.33
17:28,100924.33,8.04,77.47,100922.02,12.44,44.10,-686961.50,1.31
17:29,100925.75,8.21,77.15,100929.60,14.52,39.92,-688377.81,1.31
17:30,100927.28,8.25,76.71,100927.44,15.15,38.37,-684979.62,1.34
17:31,100931.94,8.33,75.75,100923.00,12.79,43.36,-685156.87,1.32
17:32,100921.10,8.50,74.54,100924.25,11.83,44.71,-691940.12,0.95
17:33,100926.30,8.37,73.75,100925.19,11.70,46.11,-695831.68,0.74
17:34,100916.36,8.66,73.34,100931.69,13.01,43.63,-693923.12,1.20
17:35,100921.42,8.95,72.57,100934.03,13.22,43.10,-693382.87,1.36
17:36,100927.50,8.86,70.98,100930.57,12.12,43.91,-691940.12,1.31
17:37,100934.42,9.00,70.90,100935.79,11.49,46.16,-694358.12,0.71
17:38,100937.64,8.68,68.41,100933.17,10.70,46.09,-695565.37,1.31
17:39,100936.41,8.74,69.27,100938.85,10.69,47.42,-697441.00,1.31
17:40,100921.92,17.18,31.01,100934.39,10.54,47.53,-697844.87,5.03
17:41,100921.13,20.09,23.33,100940.41,10.68,48.25,-698494.37,5.39
17:42,100915.17,19.00,21.99,100942.81,10.62,48.65,-698343.18,5.02
17:43,100926.96,18.40,22.33,100948.14,10.71,48.67,-698749.50,4.53
17:44,100923.74,18.17,22.03,100951.90,10.98,47.59,-698034.62,5.45
17:45,100921.14,18.04,22.00,100950.03,11.86,45.64,-698310.37,4.60
17:46,100922.32,18.17,21.90,100951.72,12.46,43.26,-696691.37,4.92
17:47,100929.28,18.18,21.72,100957.49,12.95,42.43,-697513.37,3.83
17:48,100934.28,18.28,21.51,100957.27,13.34,41.49,-696217.62,5.53
17:49,100924.88,18.53,21.22,100948.96,13.99,38.36,-697409.68,4.88
17:50,100932.91,18.40,21.08,100957.81,13.10,40.42,-696387.62,4.54
17:51,100931.70,18.30,21.04,100960.74,12.53,41.56,-696682.81,5.07
17:52,100939.86,18.36,20.89,100959.99,12.34,42.80,-697438.81,4.85
17:53,100955.83,18.57,21.01,100960.77,12.48,42.23,-697793.68,5.56
17:54,100965.27,18.66,20.80,100985.90,11.98,42.92,-696712.31,5.17
17:55,100944.60,18.20,20.32,100946.76,10.83,44.97,-697146.18,5.39
17:56,100966.28,18.07,20.39,100974.53,10.76,44.86,-698823.31,5.19
17:57,100946.72,18.11,20.36,100961.72,10.74,44.87,-698617.50,4.47
17:58,100955.28,18.09,20.33,100972.39,10.49,45.72,-698830.87,3.92
17:59,100953.74,18.06,20.33,100973.52,10.34,46.11,-699681.81,4.48
18:0,100954.27,17.98,20.33,100965.46,10.22,46.66,-699905.12,5.39
18:1,100953.03,18.18,20.37,100973.99,10.30,47.32,-699683.00,5.35
18:2,100946.21,18.25,19.78,100971.53,10.23,45.26,-699705.81,4.67
18:3,100944.44,18.14,19.63,100970.76,10.03,45.44,-699333.50,3.78
18:4,100960.67,18.12,19.99,100969.38,10.18,45.92,-700782.37,5.71
18:5,100973.54,18.25,20.33,100991.50,10.42,46.58,-700284.37,5.17
18:6,100957.44,18.49,20.66,100971.31,10.07,49.23,-699300.12,5.16
18:7,100966.46,18.62,20.87,100988.38,10.02,50.00,-699928.18,4.54
18:8,100976.39,11.14,40.12,100988.75,9.91,51.61,-700430.00,0.70
18:9,100993.59,4.28,65.10,100988.28,10.06,52.40,-700139.00,0.75
18:10,100979.33,4.44,73.01,100987.17,10.72,50.76,-700460.37,1.31
18:11,101003.25,7.02,78.72,100990.71,11.96,48.53,-700119.50,1.46
18:12,101000.11,7.59,78.84,101000.32,13.03,45.96,-700009.18,0.72
18:13,100990.13,7.66,78.52,100985.74,13.81,41.91,-699698.37,1.33
18:14,100994.88,7.76,77.54,100995.75,13.90,42.15,-698913.50,1.31
18:15,100988.14,8.14,76.82,100997.50,14.58,40.65,-699291.00,1.34
18:16,100980.71,8.31,75.02,100995.83,14.92,39.49,-699419.12,0.75
18:17,100979.83,8.67,73.32,100998.08,15.16,38.48,-698476.37,0.72
18:18,100990.86,8.75,72.64,100996.28,15.07,38.40,-699155.50,0.70
18:19,100995.37,9.05,72.23,101000.85,15.69,38.00,-698230.18,0.71
18:20,100997.05,9.13,70.98,101001.27,15.25,38.13,-698362.31,0.76
18:21,100998.03,9.15,70.51,101008.41,15.14,38.83,-698553.00,0.71
18:22,100980.57,8.94,69.45,101003.63,14.49,39.66,-698652.62,0.70
18:23,100989.63,9.13,69.30,100999.96,14.50,38.98,-698771.62,0.75
18:24,101003.00,9.19,69.22,101004.14,15.21,39.13,-698585.37,0.72
18:25,100983.52,16.92,30.58,101002.57,15.58,37.01,-698504.50,4.15
18:26,100971.85,20.36,25.08,100998.95,16.11,36.09,-698889.31,4.93
18:27,100976.97,20.05,21.40,100997.71,15.96,34.59,-698771.00,4.48
18:28,100970.72,19.18,21.68,101001.22,15.93,34.86,-699135.62,5.34
18:29,100990.89,7.64,52.60,100998.03,15.61,35.47,-697110.81,1.12
18:30,100998.85,8.32,58.28,101001.25,13.83,40.06,-698273.81,0.41
18:31,100997.89,10.08,51.26,101003.67,13.04,41.78,-698947.81,0.41
18:32,100993.05,17.78,29.57,101015.87,13.44,40.16,-696786.12,4.25
18:33,100979.42,20.37,22.13,101005.57,13.26,40.20,-698559.12,4.85
18:34,100975.34,19.07,20.80,100997.86,12.36,41.25,-698911.31,4.52
18:35,100986.04,18.49,21.29,101003.07,13.98,38.53,-696548.81,4.29
18:36,100976.48,18.37,21.44,101003.61,13.95,38.15,-694350.81,4.59
18:37,100984.25,18.57,21.56,101008.81,13.36,40.45,-695524.12,4.67
18:38,100992.41,18.64,21.25,101006.57,12.53,41.84,-697651.68,4.35
18:39,100994.46,18.81,21.21,101010.96,13.04,41.55,-700053.12,3.89
18:40,100988.77,18.74,20.75,101015.35,13.15,40.43,-697260.68,4.07
18:41,100996.49,18.49,21.13,101017.18,13.84,39.65,-696298.81,4.43
18:42,100993.19,18.50,20.98,101009.74,13.99,38.71,-692544.87,4.36
18:43,100991.39,18.64,20.79,101015.17,13.96,38.42,-691619.18,4.45
18:44,100991.99,18.37,20.81,101008.35,13.11,40.88,-692257.50,4.45
18:45,100989.61,18.68,20.81,101009.27,14.85,37.82,-690567.50,4.07
18:46,100986.30,18.93,20.62,101009.57,15.22,36.46,-690150.12,4.98
18:47,100989.34,18.98,20.62,101008.26,15.18,37.77,-689932.37,4.76
18:48,100990.23,18.88,20.08,101016.14,14.24,38.60,-692087.37,4.00
18:49,100989.81,18.69,20.36,101010.63,13.73,40.12,-693375.81,3.91
18:50,100992.52,19.16,20.40,101012.10,15.09,37.73,-694693.31,4.16
18:51,100992.70,17.05,26.59,101008.85,15.30,36.58,-694042.12,0.71
18:52,101017.07,6.31,57.20,101018.02,15.01,36.35,-693205.81,0.41
18:53,101012.66,9.45,50.16,101015.03,15.31,35.38,-696072.81,0.41
18:54,101010.61,11.32,45.46,101012.92,14.33,35.55,-693108.68,3.65
18:55,101001.17,18.72,23.65,101015.05,13.94,36.74,-698630.68,5.43
18:56,100990.62,19.98,21.17,101013.35,14.35,35.54,-694874.00,4.52
18:57,101002.03,19.06,20.07,101016.57,14.77,34.03,-695674.87,4.97
18:58,100984.11,18.51,20.45,101009.93,14.36,35.44,-696307.50,4.25
18:59,101008.29,18.33,20.19,101012.44,12.97,36.43,-693381.18,4.56
19:0,101002.59,18.23,20.43,101016.97,12.22,38.78,-696549.37,5.25
19:1,101003.85,18.19,20.35,101015.54,11.71,40.49,-699742.00,3.97
19:2,101007.71,18.14,20.34,101026.25,11.48,41.25,-699793.50,3.66
19:3,101011.86,18.04,20.33,101036.17,11.24,41.84,-701036.31,4.06
19:4,101011.44,17.83,20.58,101024.94,10.86,43.45,-702890.50,3.80
19:5,101011.67,17.78,20.45,101031.28,10.68,43.64,-703020.81,4.86
19:6,101008.75,17.67,20.16,101023.43,10.46,43.41,-703600.31,3.92
19:7,101009.55,17.60,20.53,101029.01,10.31,44.61,-702965.18,5.18
19:8,101011.10,17.65,20.33,101033.24,10.19,44.99,-703541.62,4.36
19:9,101023.82,17.58,20.47,101032.65,9.94,46.64,-703066.37,3.96
19:10,101009.44,17.71,20.59,101039.64,10.10,47.27,-704056.50,5.19
19:11,101012.08,17.82,20.86,101030.23,10.23,48.42,-704057.81,4.47
19:12,101021.62,18.02,20.64,101039.97,11.48,45.24,-704325.62,4.80
19:13,101018.11,18.12,20.75,101041.24,12.29,43.73,-702126.12,5.27
19:14,101032.58,18.29,20.46,101053.47,12.74,41.72,-699998.50,4.82
19:15,101028.05,18.35,20.22,101040.94,12.70,40.99,-698239.31,4.52
19:16,101033.11,18.51,20.21,101053.07,13.21,40.06,-698905.18,4.82
19:17,101025.74,18.70,19.93,101048.02,13.39,39.25,-698894.81,4.41
19:18,101021.55,18.86,19.97,101048.05,13.17,39.61,-698003.18,3.87
19:19,101018.50,18.83,19.76,101044.99,12.25,40.64,-697360.12,4.35
19:20,101029.23,18.79,19.75,101048.71,11.12,43.39,-698085.00,4.78
19:21,101023.01,18.64,19.48,101043.08,10.62,43.75,-700668.50,4.61
19:22,101030.61,15.84,25.24,101045.92,10.61,44.45,-702086.87,0.71
19:23,101041.03,5.63,56.33,101044.68,10.26,45.47,-702990.87,0.71
19:24,101054.71,3.93,66.73,101056.50,10.02,46.17,-703640.87,0.86
19:25,101051.63,3.95,70.85,101054.51,9.87,46.02,-703103.87,0.70
19:26,101072.07,5.56,76.11,101062.69,9.46,46.01,-704598.50,0.70
19:27,101061.07,6.33,76.79,101053.61,9.35,47.30,-705956.50,1.32
19:28,101056.74,6.59,76.75,101056.00,9.42,47.00,-706418.87,0.72
19:29,101072.92,6.66,76.17,101061.33,9.81,46.35,-707201.81,0.72
19:30,101058.54,6.87,75.79,101055.27,11.33,43.45,-706819.62,0.74
19:31,101060.10,6.98,75.05,101058.17,11.70,42.99,-704080.37,0.74
19:32,101052.63,7.24,74.41,101054.38,12.08,41.82,-703240.18,0.72
19:33,101045.85,7.43,73.14,101055.85,12.04,41.99,-702625.87,0.73
19:34,101053.93,7.59,71.73,101052.44,12.32,41.14,-703268.12,0.71
19:35,101049.63,7.78,70.47,101048.22,12.53,40.92,-702532.37,0.95
19:36,101039.02,8.03,69.82,101050.45,12.17,41.27,-702753.31,1.01
19:37,101044.74,8.22,69.89,101048.22,12.35,42.96,-703590.31,0.72
19:38,101049.53,8.33,68.44,101049.68,12.30,42.61,-702961.00,1.31
19:39,101039.02,13.88,40.68,101055.44,12.47,41.75,-703305.87,4.35
19:40,101029.61,19.09,25.07,101056.37,12.81,40.76,-703913.18,4.65
19:41,101023.74,18.71,22.29,101050.57,12.23,42.35,-705230.00,4.65
19:42,101032.47,18.08,21.95,101055.86,12.07,42.09,-704056.50,4.50
19:43,101037.70,17.59,21.95,101058.31,11.98,42.13,-704234.18,4.25
19:44,101033.60,17.51,21.93,101051.57,11.78,42.29,-705251.37,3.74
19:45,101043.17,17.48,21.70,101054.21,11.62,42.99,-705271.31,4.51
19:46,101040.44,17.37,21.86,101052.07,10.84,44.92,-706129.31,4.77
19:47,101034.21,17.26,21.65,101051.25,9.87,47.56,-707355.87,3.98
19:48,101044.32,17.45,21.66,101056.02,10.32,47.08,-709479.68,4.80
19:49,101032.44,17.60,21.47,101054.60,10.29,46.98,-708831.12,4.41
19:50,101040.52,17.51,21.46,101052.42,10.05,48.08,-709695.18,3.87
19:51,101039.52,17.43,21.21,101061.70,9.86,48.39,-709905.18,4.53
19:52,101050.68,17.54,21.32,101061.33,9.68,49.95,-709985.62,4.51
19:53,101040.07,17.46,21.43,101065.21,9.49,50.05,-710362.31,5.03
19:54,101058.50,17.68,21.77,101077.30,9.80,51.45,-711062.31,5.37
19:55,101070.17,17.70,21.20,101079.03,9.41,51.82,-710374.00,5.32
19:56,101083.39,17.90,21.33,101106.66,9.62,52.00,-710343.81,4.25
19:57,101092.84,18.00,21.33,101114.03,9.19,54.10,-710427.62,4.56
19:58,101096.19,17.87,21.94,101118.60,8.78,57.79,-711336.31,3.67
19:59,101126.69,17.61,21.87,101150.23,7.68,61.61,-711793.37,4.22
20:0,101117.61,17.27,22.95,101139.72,7.07,65.57,-712359.31,4.12
20:1,101129.77,17.18,24.05,101150.58,6.86,69.10,-713022.62,5.14
20:2,101105.64,17.07,23.84,101125.33,6.62,67.93,-713057.62,4.74
20:3,101110.45,16.96,25.23,101133.74,7.28,68.40,-714264.68,5.19
20:4,101099.72,17.17,25.18,101116.07,8.18,65.06,-713548.81,5.49
20:5,101085.71,17.44,25.42,101106.52,8.69,62.79,-713167.31,3.80
20:6,101088.37,17.66,25.86,101099.69,8.82,63.13,-712056.37,4.15
20:7,101086.76,6.58,56.50,101094.55,8.69,63.69,-711539.50,1.34
20:8,101091.25,3.41,71.11,101089.36,7.80,64.23,-711244.18,1.32
20:9,101102.80,3.77,76.76,101091.89,7.63,65.56,-712919.12,1.34
20:10,101099.28,5.84,81.01,101083.01,7.55,65.82,-713371.50,0.71
20:11,101092.69,6.38,82.04,101081.27,7.33,67.15,-713679.62,0.72
20:12,101092.46,6.46,82.38,101089.30,7.50,69.19,-714275.31,1.34
20:13,101086.71,6.56,82.61,101086.26,7.44,68.25,-714406.00,0.74
20:14,101092.79,6.42,82.51,101084.60,7.50,67.51,-714948.62,0.74
20:15,101084.48,6.59,82.93,101083.86,7.50,67.84,-714796.37,1.34
20:16,101085.10,6.77,83.45,101085.14,7.53,70.05,-715129.37,1.35
20:17,101082.10,6.83,83.10,101080.21,7.84,68.80,-715473.31,1.38
20:18,101078.74,6.94,83.16,101082.91,8.02,69.83,-716057.81,1.35
20:19,101069.89,6.91,81.55,101083.69,7.73,67.32,-715873.68,0.95
20:20,101086.53,6.90,81.40,101082.67,7.55,67.01,-715882.31,1.05
20:21,101074.80,7.02,81.78,101081.75,7.82,69.37,-715563.87,1.35
20:22,101075.76,7.16,81.61,101079.47,7.85,69.17,-716088.62,0.75
20:23,101078.88,7.26,81.33,101078.15,7.83,69.20,-715893.31,5.80
20:24,101064.46,17.84,30.86,101080.70,7.93,67.67,-716336.81,5.19
20:25,101050.11,18.89,24.95,101077.65,8.14,65.87,-715935.00,4.72
20:26,101058.41,18.22,23.90,101083.21,8.31,65.96,-716010.50,4.78
20:27,101064.07,17.81,23.75,101084.17,8.22,66.11,-716457.81,5.05
20:28,101066.10,17.68,23.66,101081.52,8.44,65.20,-716033.62,5.30
20:29,101065.44,17.68,23.54,101082.36,8.32,65.50,-716398.87,3.69
20:30,101062.99,17.78,23.24,101083.87,8.87,63.61,-716673.37,4.71
20:31,101062.86,17.73,22.78,101084.71,8.54,62.79,-716729.31,3.98
20:32,101059.24,17.39,22.82,101081.83,7.85,64.76,-717014.00,4.70
20:33,101053.30,17.43,22.84,101077.88,8.19,64.11,-717173.68,4.52
20:34,101063.91,17.56,23.11,101082.87,8.27,64.97,-716955.18,5.36
20:35,101068.75,17.58,22.99,101083.92,8.11,64.99,-717672.18,6.03
20:36,101078.26,17.62,22.64,101076.13,8.16,62.17,-716514.31,3.76
20:37,101062.92,17.51,22.77,101081.13,8.25,61.90,-716882.00,5.34
20:38,101061.55,17.58,23.10,101088.33,8.33,62.11,-717299.12,4.49
20:39,101069.00,17.78,23.10,101087.35,8.33,61.76,-717407.50,4.90
20:40,101070.38,18.01,23.05,101091.10,8.46,61.37,-717248.18,3.95
20:41,101068.78,18.09,22.88,101089.13,8.44,59.44,-717399.68,4.67
20:42,101078.38,18.16,23.10,101087.10,8.55,59.23,-717363.12,4.90
20:43,101071.39,18.17,23.42,101086.03,8.48,61.03,-717006.00,5.12
20:44,101066.16,18.18,23.32,101084.03,8.50,59.29,-717306.50,4.83
20:45,101076.38,17.99,23.61,101090.59,8.46,59.63,-717948.37,3.69
20:46,101091.49,9.17,47.22,101094.53,8.33,60.65,-717780.68,0.73
20:47,101094.45,3.95,66.73,101090.37,8.21,60.36,-717541.87,1.13
20:48,101098.11,3.30,72.93,101093.96,8.15,59.02,-718106.50,0.74
20:49,101103.01,4.74,79.12,101096.23,8.10,60.34,-718575.50,1.35
20:50,101095.10,6.19,80.82,101096.76,8.19,61.48,-719755.68,0.75
20:51,101097.95,6.62,81.69,101091.46,8.30,63.29,-719670.37,0.75
20:52,101097.12,6.51,81.59,101089.57,8.10,63.06,-719778.37,0.77
20:53,101098.39,6.63,81.50,101094.54,8.20,60.99,-719812.31,1.34
20:54,101103.44,6.69,80.90,101097.87,8.15,60.92,-719897.68,1.42
20:55,101100.43,6.79,80.61,101097.80,8.30,62.00,-720353.87,1.37
20:56,101110.02,6.90,80.10,101097.66,8.32,62.80,-720839.81,1.35
20:57,101105.71,7.04,79.12,101101.30,8.35,60.99,-720804.81,0.74
20:58,101101.80,7.22,79.66,101099.91,8.27,64.14,-720531.68,1.28
20:59,101092.30,7.26,78.00,101098.10,8.23,60.94,-720832.37,1.35
21:0,101094.99,7.21,77.72,101099.19,8.23,62.96,-721271.87,0.75
21:1,101092.04,7.27,77.13,101100.14,8.15,61.43,-721760.18,0.74
21:2,101108.22,7.31,77.08,101110.35,8.13,61.60,-721207.62,1.35
21:3,101107.57,16.73,33.66,101121.13,8.24,61.44,-721728.12,3.94
21:4,101131.01,18.68,25.29,101144.49,8.73,58.98,-721448.50,5.12
21:5,101116.89,18.18,23.40,101149.46,8.41,61.91,-720940.50,5.44
21:6,101128.33,17.42,23.74,101149.66,7.72,66.02,-720694.31,3.80
21:7,101131.50,17.10,24.25,101158.53,7.60,67.68,-721187.31,4.73
21:8,101159.57,16.99,23.59,101170.74,7.25,68.28,-721897.00,4.94
21:9,101144.75,16.83,23.45,101165.48,7.10,67.15,-721144.12,3.88
21:10,101127.15,16.59,23.80,101154.12,7.06,68.92,-723156.50,4.83
21:11,101120.61,16.67,23.30,101135.39,6.92,68.59,-722218.12,4.28
21:12,101119.07,16.56,23.09,101141.23,7.00,66.07,-722216.68,4.68
21:13,101116.94,16.45,23.45,101137.85,7.06,66.73,-722813.87,5.45
21:14,101118.00,16.59,23.70,101141.91,6.94,67.52,-722346.18,5.46
21:15,101116.84,16.75,23.87,101135.83,7.01,68.36,-722704.18,4.43
21:16,101116.86,16.64,23.85,101136.10,6.67,68.56,-722401.18,4.43
21:17,101120.03,16.62,24.77,101136.05,6.90,68.50,-723240.81,4.80
21:18,101119.39,16.83,24.92,101135.01,6.72,68.68,-722844.62,3.76
21:19,101113.46,16.79,25.37,101132.38,6.71,69.68,-723517.81,5.38
21:20,101115.24,16.93,25.55,101133.69,6.85,69.27,-723247.81,5.39
21:21,101104.66,16.95,26.16,101130.46,7.07,68.86,-723622.81,4.79
21:22,101112.46,16.40,27.17,101123.63,7.30,67.92,-723416.81,0.75
21:23,101124.32,5.15,60.89,101126.85,7.01,68.44,-723754.81,1.42
21:24,101141.25,3.08,73.41,101130.78,6.62,70.43,-723978.50,1.36
21:25,101134.14,3.41,78.37,101132.75,6.59,70.53,-724030.12,1.37
21:26,101132.25,5.40,82.40,101129.83,6.57,72.06,-724617.87,1.37
21:27,101130.02,5.85,83.01,101125.53,6.58,72.04,-724848.68,1.24
21:28,101120.11,5.99,83.29,101124.50,6.66,70.79,-725551.87,1.38
21:29,101130.15,6.12,83.83,101126.44,6.80,72.23,-725080.81,0.90
21:30,101135.00,6.10,83.89,101123.19,6.79,70.55,-725544.37,1.42
21:31,101124.82,6.13,84.11,101128.71,6.89,70.62,-725234.81,1.38
21:32,101128.97,6.01,83.87,101131.14,6.71,71.59,-725696.50,1.39
21:33,101136.06,6.03,83.77,101129.68,6.57,70.92,-726506.31,1.42
21:34,101135.46,6.08,83.67,101124.94,6.64,71.79,-726147.87,0.75
21:35,101128.69,6.30,83.49,101132.40,6.73,71.62,-726688.37,1.39
21:36,101139.91,6.25,82.47,101136.83,6.66,71.47,-726031.12,0.75
21:37,101138.80,6.34,82.10,101137.46,6.72,70.50,-726585.81,0.76
21:38,101142.60,6.43,82.19,101137.19,6.85,70.48,-726674.12,0.77
21:39,101122.91,9.04,72.38,101138.39,7.05,70.67,-726578.81,3.99
21:40,101114.80,17.57,29.52,101136.00,7.13,68.21,-726907.87,5.25
21:41,101122.02,18.07,25.13,101136.62,7.30,67.43,-726949.18,4.38
21:42,101112.53,17.36,24.38,101141.75,7.48,67.75,-726124.12,4.51
21:43,101118.50,16.81,24.44,101132.30,7.44,66.37,-726589.68,3.78
21:44,101109.10,16.57,24.18,101136.96,7.48,65.17,-726770.37,5.43
21:45,101122.99,16.58,23.82,101133.35,7.66,64.00,-727063.50,4.81
21:46,101118.57,16.59,23.64,101139.71,7.69,64.06,-726393.37,4.39
21:47,101116.35,16.70,23.79,101136.63,7.89,64.54,-726212.37,4.15
21:48,101140.17,16.74,23.56,101154.67,7.88,63.43,-726732.37,4.56
21:49,101130.07,16.79,23.56,101146.00,7.65,65.56,-726501.31,4.78
21:50,101133.90,16.79,23.31,101145.53,7.71,63.43,-726609.50,4.77
21:51,101125.27,16.81,23.08,101141.98,7.56,62.64,-726669.18,4.45
21:52,101134.67,16.76,23.28,101147.46,7.56,63.81,-726904.12,3.82
21:53,101136.33,16.84,23.40,101153.41,7.44,64.74,-727064.81,4.62
21:54,101141.70,16.97,23.26,101149.38,7.59,62.93,-727700.37,4.80
21:55,101128.28,17.08,23.41,101148.96,7.32,62.33,-727297.31,3.94
21:56,101131.50,16.84,23.26,101155.03,7.21,61.65,-727316.87,4.37
21:57,101149.92,16.66,23.05,101156.17,7.24,59.84,-727108.00,5.57
21:58,101134.89,16.55,23.55,101154.54,7.52,59.31,-727924.87,5.40
21:59,101139.57,16.59,23.37,101150.50,7.43,58.62,-728220.68,4.60
22:0,101143.73,12.37,33.18,101152.89,7.20,60.22,-727540.31,1.38
22:1,101145.39,4.51,61.53,101141.00,7.11,57.40,-728130.18,1.42
22:2,101156.50,3.04,71.20,101144.07,7.04,58.72,-728393.62,1.42
22:3,101151.82,2.89,74.93,101142.82,6.97,58.64,-728504.00,0.75
22:4,101147.03,4.07,78.85,101142.29,6.94,57.33,-728928.62,1.39
22:5,101142.72,5.11,80.33,101137.10,6.93,59.05,-729098.68,0.77
22:6,101146.07,5.30,80.17,101144.99,7.00,57.55,-729556.87,1.42
22:7,101139.60,5.39,80.68,101138.72,6.92,58.71,-729749.68,0.78
22:8,101145.00,5.46,80.41,101140.60,6.86,59.91,-729930.00,0.77
22:9,101142.39,5.54,79.87,101145.06,6.87,61.36,-730296.68,0.77
22:10,101157.19,5.69,79.32,101150.48,6.89,61.06,-729918.18,0.76
22:11,101133.88,5.71,77.77,101141.60,6.88,59.85,-730562.62,1.31
22:12,101142.21,5.92,78.22,101146.30,7.10,61.76,-730566.81,0.75
22:13,101142.99,6.03,78.14,101145.73,7.05,61.31,-730640.62,0.76
22:14,101135.36,6.08,77.50,101142.55,6.99,61.64,-730509.62,1.21
22:15,101133.07,6.12,76.92,101140.42,6.98,60.45,-730637.81,0.78
22:16,101132.56,6.20,76.83,101147.83,7.09,60.96,-730601.12,0.76
22:17,101125.12,12.23,43.75,101150.38,7.10,59.65,-730946.62,5.19
22:18,101143.38,16.99,26.67,101165.00,7.30,58.28,-731348.81,4.11
22:19,101157.46,16.97,24.04,101179.33,7.52,58.08,-730874.00,3.97
22:20,101172.04,16.23,23.93,101195.00,7.45,59.45,-730736.31,4.83
22:21,101174.62,16.07,24.01,101190.28,7.44,61.58,-730109.00,5.49
22:22,101172.85,15.91,24.06,101195.13,6.96,64.49,-729450.18,4.79
22:23,101157.82,15.90,24.20,101184.08,6.97,65.22,-730988.31,4.14
22:24,101159.42,15.93,24.12,101183.21,6.75,68.34,-730729.00,4.32
22:25,101150.61,16.00,24.33,101176.67,6.71,68.83,-730847.12,5.28
22:26,101148.53,16.15,24.19,101172.50,6.73,68.92,-731660.50,5.02
22:27,101139.94,16.23,24.12,101172.90,6.55,70.98,-732129.68,5.44
22:28,101154.37,16.32,24.21,101169.17,6.62,70.92,-732034.12,4.70
22:29,101150.97,16.45,24.53,101171.05,6.82,71.19,-732089.50,5.27
22:30,101148.28,16.69,24.77,101172.33,6.92,71.21,-732218.00,4.68
22:31,101150.22,16.91,24.61,101175.04,7.01,69.68,-732040.81,4.40
22:32,101150.16,16.93,25.48,101169.81,6.66,72.97,-732334.18,3.80
22:33,101155.20,17.16,25.37,101173.85,6.91,71.77,-732458.00,5.01
22:34,101160.94,17.09,25.92,101167.46,6.85,71.54,-732158.12,4.64
22:35,101149.22,17.21,26.09,101168.83,7.15,69.81,-732488.31,4.94
22:36,101154.94,17.31,26.62,101166.28,7.19,71.21,-732585.00,4.67
22:37,101144.90,13.20,36.26,101169.72,7.21,70.62,-732655.50,0.78
22:38,101171.96,4.18,65.89,101165.08,7.17,69.26,-732298.68,1.42
22:39,101172.77,3.04,74.95,101168.55,6.82,70.78,-732467.87,1.42
22:40,101162.88,4.49,81.50,101161.29,6.72,74.09,-733200.31,0.77
22:41,101175.92,5.99,83.27,101171.86,6.75,74.19,-733924.68,1.42
22:42,101173.38,6.30,83.92,101168.29,6.85,74.78,-733740.81,0.79
22:43,101169.82,6.31,84.04,101169.63,6.90,73.09,-734204.81,1.42
22:44,101187.96,6.36,84.30,101174.91,7.02,72.87,-734293.37,1.42
22:45,101181.28,6.41,84.62,101176.42,7.10,72.27,-733962.87,0.79
22:46,101181.72,6.48,84.88,101176.65,7.20,72.75,-734626.31,0.76
22:47,101180.78,6.61,85.14,101185.39,7.26,73.21,-734572.00,1.42
22:48,101174.73,6.70,85.32,101183.04,7.21,74.02,-734831.12,1.45
22:49,101182.00,6.77,85.35,101188.39,7.13,75.10,-734677.62,1.42
22:50,101198.21,6.76,84.53,101197.11,7.17,72.97,-735098.81,1.42
22:51,101215.39,6.76,83.88,101215.97,7.16,72.65,-734967.31,1.39
22:52,101212.01,6.73,82.91,101201.07,7.03,72.33,-735316.68,1.39
22:53,101216.10,6.72,82.71,101213.65,6.95,72.80,-735109.00,1.42
22:54,101193.60,13.15,44.91,101208.37,6.96,73.06,-735635.62,4.40
22:55,101191.44,18.10,28.51,101212.68,7.20,70.91,-736006.12,5.59
22:56,101182.46,18.36,24.74,101211.46,7.17,71.08,-736109.62,4.78
22:57,101185.50,17.36,24.65,101208.05,7.29,69.60,-735822.18,4.84
22:58,101170.08,16.95,24.62,101198.41,7.23,70.06,-735757.12,5.36
22:59,101173.71,16.78,24.61,101201.80,7.01,71.52,-735810.18,4.62
23:0,101184.39,16.68,24.34,101201.78,7.02,70.87,-736161.37,4.09
23:1,101175.25,16.72,24.28,101198.93,7.10,69.64,-736189.12,5.43
23:2,101182.78,16.76,24.14,101199.18,7.02,71.40,-736329.50,5.28
23:3,101170.87,16.90,23.83,101197.50,7.31,69.11,-736364.31,5.59
23:4,101176.99,16.92,23.93,101198.32,7.16,71.20,-736625.31,4.65
23:5,101188.54,17.03,24.29,101199.62,7.37,71.72,-736424.50,4.69
23:6,101176.49,17.09,23.95,101195.86,7.19,70.32,-736778.68,4.56
23:7,101183.10,17.17,24.44,101196.10,7.10,71.60,-736719.87,4.82
23:8,101178.71,17.37,24.18,101202.52,7.22,70.28,-736775.62,4.97
23:9,101177.10,17.49,24.85,101202.78,7.17,70.90,-736127.68,3.81
23:10,101190.27,17.51,24.88,101214.21,7.11,70.95,-736713.18,4.63
23:11,101189.13,17.60,25.54,101210.63,7.30,71.01,-737440.50,5.65
23:12,101198.87,17.69,26.34,101217.39,7.32,72.44,-737239.50,5.12
23:13,101213.78,17.68,26.30,101229.82,7.25,72.17,-737433.31,5.16
23:14,101210.17,17.67,26.69,101221.57,7.15,71.90,-737001.68,4.42
23:15,101215.36,10.37,44.86,101225.17,7.18,70.82,-737474.50,0.75
23:16,101200.20,3.84,67.90,101209.32,6.94,69.26,-737516.50,1.42
23:17,101201.67,3.00,75.00,101197.61,6.81,70.44,-737375.18,0.77
23:18,101187.74,3.68,79.68,101189.42,6.68,69.83,-738280.00,1.43
23:19,101176.28,5.51,82.57,101186.89,6.77,69.87,-738765.62,0.77
23:20,101185.52,5.96,83.29,101187.67,6.76,71.18,-738895.18,1.42
23:21,101185.38,6.02,83.72,101177.76,6.78,72.06,-739342.00,1.44
23:22,101174.88,6.10,84.27,101181.55,6.74,73.78,-739749.31,1.55
23:23,101181.71,6.03,84.00,101180.16,6.84,71.16,-740024.31,1.44
23:24,101176.79,6.05,84.16,101187.44,6.83,70.70,-740317.18,1.42
23:25,101191.50,6.04,84.01,101182.14,6.82,70.49,-740112.62,1.46
23:26,101211.81,6.22,84.20,101192.60,6.96,70.72,-740614.68,1.42
23:27,101188.87,6.16,82.98,101184.11,6.91,67.61,-740722.37,0.77
23:28,101185.07,6.22,82.27,101181.72,7.03,66.63,-741003.87,0.79
23:29,101181.19,6.25,81.19,101184.27,7.12,65.52,-740926.87,1.45
23:30,101179.30,6.33,80.91,101190.10,7.09,66.99,-741061.12,0.76
23:31,101184.30,6.36,79.91,101188.48,7.11,64.51,-741347.37,0.76
23:32,101181.85,15.03,38.47,101196.99,7.16,64.95,-741578.62,5.27
23:33,101170.00,17.82,26.47,101186.94,7.37,64.40,-742028.50,5.14
23:34,101170.22,17.45,24.39,101201.57,7.44,64.15,-741327.62,5.61
23:35,101180.71,16.71,24.22,101198.03,7.79,61.21,-741372.37,4.56
23:36,101183.11,16.58,24.25,101199.92,7.55,64.51,-741388.87,4.54
23:37,101193.32,16.51,24.26,101209.39,7.51,65.37,-740938.87,3.89
23:38,101182.51,16.61,24.25,101214.72,7.71,64.79,-741904.18,3.97
23:39,101191.69,16.75,24.07,101214.07,7.90,64.16,-741559.37,4.65
23:40,101196.46,16.76,24.10,101212.38,7.57,67.91,-741533.62,4.07
23:41,101189.69,16.92,23.76,101210.19,7.84,66.68,-741804.87,4.66
23:42,101201.00,17.02,23.83,101217.82,7.76,67.22,-742361.81,5.30
23:43,101198.52,17.11,23.77,101219.83,7.63,68.15,-741661.68,5.34
23:44,101199.33,17.25,23.91,101223.71,7.70,67.53,-742042.68,5.43
23:45,101202.13,17.38,23.96,101223.54,7.67,69.03,-741733.81,5.10
23:46,101203.63,17.44,24.56,101222.63,7.35,70.94,-741956.50,4.99
23:47,101201.79,17.59,24.78,101222.82,7.40,71.13,-742583.87,5.54
23:48,101204.38,17.77,25.15,101219.02,7.36,72.32,-742613.12,5.49
23:49,101202.85,17.77,25.64,101216.82,7.38,72.27,-742539.12,4.11
23:50,101198.28,17.74,25.71,101214.86,7.22,70.79,-742524.68,5.72
23:51,101195.44,17.52,26.54,101211.39,7.03,72.85,-742808.50,4.63
23:52,101191.16,17.54,26.39,101214.85,7.15,70.89,-743398.37,4.61
23:53,101201.52,8.20,51.85,101212.82,7.23,69.55,-743196.68,1.42
23:54,101209.74,3.53,70.03,101209.75,7.00,69.65,-742736.00,0.77
23:55,101214.07,3.01,75.79,101208.74,6.84,70.81,-743091.87,0.75
23:56,101214.35,4.43,81.32,101208.44,6.75,71.04,-743542.00,1.48
23:57,101213.89,5.81,83.14,101215.85,6.78,72.82,-744110.00,1.55
23:58,101221.88,6.18,83.78,101206.02,6.88,72.39,-744022.00,1.55
23:59,101214.58,6.22,83.90,101215.66,6.89,72.41,-744766.87,1.52
0:0,101206.25,6.23,84.30,101213.41,6.90,73.00,-744899.87,1.48
0:1,101216.42,6.28,84.64,101215.18,6.99,73.82,-745245.68,1.51
0:2,101226.47,6.36,84.60,101216.03,7.00,72.41,-745491.31,1.52
0:3,101211.24,6.37,84.73,101217.53,7.07,73.25,-745497.37,0.84
0:4,101219.89,6.42,84.58,101216.44,7.10,71.90,-745739.12,1.53
0:5,101228.38,6.41,84.03,101219.37,7.10,70.67,-746332.31,1.55
0:6,101216.80,6.57,84.13,101215.14,7.14,71.12,-746088.31,1.53
0:7,101225.16,6.62,83.71,101224.63,7.12,72.06,-746394.31,1.52
0:8,101222.14,6.66,83.23,101223.92,7.18,70.76,-746520.68,0.82
0:9,101224.40,6.64,82.29,101217.71,7.14,69.30,-746582.37,0.85
0:10,101195.52,16.40,34.92,101219.14,7.29,67.97,-746980.50,3.89
0:11,101204.52,18.28,25.92,101220.51,7.46,65.33,-747120.12,5.62
0:12,101197.15,17.66,23.85,101222.52,7.68,64.00,-746550.81,4.52
0:13,101195.22,16.86,23.94,101214.21,7.72,63.03,-746678.62,5.41
0:14,101190.82,16.70,24.13,101220.23,7.98,63.30,-746490.31,5.60
0:15,101205.02,16.64,23.56,101214.52,7.94,60.70,-746499.62,4.63
0:16,101194.64,16.61,23.71,101216.23,7.85,62.96,-746619.50,4.63
0:17,101203.50,16.54,23.38,101221.86,7.75,62.35,-747124.12,5.01
0:18,101189.47,16.60,23.38,101211.14,7.95,61.24,-747270.87,4.38
0:19,101202.20,16.62,23.09,101215.66,7.99,60.71,-746848.62,4.42
0:20,101189.57,16.68,23.01,101208.83,7.96,60.68,-746667.37,5.55
0:21,101201.77,16.67,22.89,101216.00,8.06,60.45,-747346.18,5.63
0:22,101200.02,16.78,22.82,101218.37,7.98,60.05,-746923.18,5.37
0:23,101193.78,16.85,22.83,101214.47,8.02,61.23,-747100.31,3.71
0:24,101193.10,16.88,22.97,101222.02,7.94,60.96,-747591.12,5.50
0:25,101199.17,16.99,23.07,101213.67,7.99,60.72,-748022.31,5.71
0:26,101202.87,17.22,23.06,101222.96,8.07,61.08,-747907.68,4.14
0:27,101198.97,17.31,23.02,101213.78,8.10,59.39,-747863.00,4.68
0:28,101192.43,17.27,23.24,101219.80,8.10,59.83,-748480.50,5.65
0:29,101202.18,17.36,23.37,101221.25,8.01,60.22,-748012.81,5.38
0:30,101202.67,17.29,22.47,101216.23,7.97,57.01,-747927.37,3.80
0:31,101200.39,17.08,22.93,101232.42,8.00,57.30,-748263.81,5.62
0:32,101206.42,17.06,23.26,101224.46,8.00,57.60,-748261.00,5.45
0:33,101221.21,6.75,53.29,101232.50,7.86,58.09,-748171.00,1.66
0:34,101222.92,3.44,69.00,101224.10,7.72,59.01,-748152.00,0.88
0:35,101223.86,3.07,73.76,101229.19,7.68,58.26,-748387.68,0.85
0:36,101232.54,4.38,79.01,101233.36,7.66,59.02,-749112.87,1.69
0:37,101229.10,5.73,80.99,101235.78,7.66,60.60,-749370.68,1.75
0:38,101244.14,5.99,81.07,101237.39,7.70,60.17,-749644.50,1.68
0:39,101225.89,6.13,81.65,101237.85,7.61,61.88,-749870.18,1.72
0:40,101223.57,6.00,80.81,101234.03,7.68,59.76,-750133.81,0.88
0:41,101232.92,6.14,80.73,101232.51,7.64,60.46,-750130.12,1.70
0:42,101227.02,6.17,79.67,101232.42,7.66,59.13,-750460.81,0.90
0:43,101223.39,6.29,79.29,101229.06,7.65,61.47,-750784.12,1.70
0:44,101221.50,6.37,78.74,101233.00,7.58,60.72,-750943.37,1.66
0:45,101218.41,6.46,77.85,101225.70,7.62,59.61,-751059.12,0.87
0:46,101219.92,6.57,77.84,101226.14,7.65,61.28,-751074.18,0.88
0:47,101219.10,6.65,78.02,101227.25,7.59,62.20,-751297.12,0.87
0:48,101218.82,6.64,77.32,101220.42,7.56,61.85,-750946.68,0.87
0:49,101223.97,6.67,76.65,101219.98,7.59,60.58,-751733.37,1.71
0:50,101191.53,17.11,30.53,101216.97,7.88,60.07,-752059.81,4.93
0:51,101198.14,17.92,24.66,101220.47,7.88,59.55,-751501.50,5.54
0:52,101200.71,17.08,23.62,101214.03,7.96,58.83,-751882.00,5.57
0:53,101194.16,16.55,23.75,101221.97,7.91,60.00,-751639.81,5.08
0:54,101211.98,16.46,23.76,101219.85,8.10,58.17,-751993.00,5.52
0:55,101204.49,16.51,23.49,101226.10,8.09,59.42,-751961.37,4.67
0:56,101213.97,16.58,23.28,101223.33,8.06,59.59,-751471.12,4.73
0:57,101199.50,16.54,23.28,101219.88,8.12,58.75,-751979.68,5.75
0:58,101223.03,16.58,23.20,101229.44,8.11,60.40,-752149.12,4.37
0:59,101216.17,16.65,23.03,101236.97,8.31,59.25,-752470.12,4.60
1:0,101214.77,16.73,22.90,101232.10,8.11,60.71,-752330.31,3.83
1:1,101216.78,16.78,22.88,101235.00,8.10,60.96,-752127.00,3.87
1:2,101216.75,16.86,22.80,101229.51,8.06,60.75,-752468.12,3.92
1:3,101226.35,16.93,22.81,101242.33,8.15,60.25,-752153.87,4.60
1:4,101216.57,16.98,22.82,101232.01,8.01,60.79,-752842.00,5.69
1:5,101221.47,17.06,22.88,101234.24,8.05,60.57,-752650.68,4.87
1:6,101224.71,17.19,23.21,101239.97,7.99,61.12,-752803.62,4.78
1:7,101232.43,17.27,23.42,101246.77,8.00,61.53,-752781.50,3.89
1:8,101221.69,17.33,23.31,101234.78,7.92,60.71,-752849.50,5.34
1:9,101213.63,17.30,23.43,101232.41,7.93,60.47,-753011.00,4.51
1:10,101224.89,17.39,23.67,101235.59,8.02,60.92,-752990.18,4.38
1:11,101221.80,17.43,23.84,101238.27,8.07,60.06,-753083.62,5.30
1:12,101221.46,17.44,24.21,101235.95,8.09,60.20,-753285.81,4.31
1:13,101244.77,10.65,41.45,101249.21,8.16,59.79,-753236.62,0.85
1:14,101246.24,4.12,65.22,101239.66,7.86,60.58,-753372.18,0.86
1:15,101255.77,3.15,72.99,101250.88,7.71,61.36,-752969.87,1.72
1:16,101241.88,4.22,78.74,101240.53,7.66,61.05,-753675.87,0.86
1:17,101232.56,5.82,81.07,101230.46,7.70,61.54,-754111.37,0.87
1:18,101247.99,6.11,81.43,101244.29,7.68,61.14,-753780.62,1.71
1:19,101235.02,6.23,81.72,101232.80,7.72,62.03,-754533.50,0.85
1:20,101246.22,6.25,81.47,101236.35,7.68,62.26,-754570.62,0.87
1:21,101237.89,6.29,81.30,101242.24,7.70,62.80,-755037.00,1.10
1:22,101234.37,6.37,80.59,101238.17,7.65,61.04,-754786.81,0.87
1:23,101248.32,6.44,79.81,101246.19,7.66,62.79,-755483.62,1.61
1:24,101241.35,6.59,79.14,101243.69,7.61,62.18,-755366.87,1.66
1:25,101228.30,6.61,77.50,101245.17,7.70,60.11,-755177.81,0.84
1:26,101244.89,6.70,76.83,101250.46,7.76,59.71,-755696.50,0.85
1:27,101235.89,6.74,76.00,101248.13,7.79,59.06,-755593.12,0.81
1:28,101244.16,6.71,75.00,101252.44,7.79,57.73,-755738.18,0.81
1:29,101251.66,6.72,74.76,101253.57,7.78,57.38,-755964.81,1.55
1:30,101250.41,14.83,37.76,101257.88,7.94,55.98,-756316.00,4.33
1:31,101240.11,17.63,25.39,101256.96,8.13,55.73,-756320.50,4.56
1:32,101228.96,17.03,23.66,101246.82,8.20,54.71,-756108.50,4.35
1:33,101240.89,16.41,23.30,101251.49,8.25,53.58,-755832.12,4.52
1:34,101222.63,16.12,23.32,101249.99,8.18,53.92,-756525.62,4.11
1:35,101229.16,16.06,23.22,101249.25,8.20,54.31,-755844.81,4.16
1:36,101225.85,15.97,23.08,101247.40,8.17,53.99,-756185.81,5.28
1:37,101227.10,15.94,23.04,101249.60,8.17,54.28,-756074.68,5.26
1:38,101233.94,15.94,22.80,101255.85,8.20,54.36,-756351.81,3.96
1:39,101231.92,16.03,22.75,101249.10,8.41,53.41,-756621.68,5.27
1:40,101234.30,16.04,22.61,101257.47,8.33,53.17,-756320.68,5.28
1:41,101232.00,16.00,22.38,101250.60,8.20,53.49,-756646.68,3.82
1:42,101216.40,16.04,22.37,101251.56,8.30,53.13,-756915.00,5.46
1:43,101221.11,16.15,22.39,101248.79,8.43,52.92,-756841.12,4.76
1:44,101233.10,16.24,22.16,101256.00,8.27,53.72,-756654.31,5.52
1:45,101224.60,16.26,22.15,101253.22,8.28,53.67,-757054.62,5.43
1:46,101236.57,16.33,21.99,101249.20,8.30,53.79,-757433.87,4.00
1:47,101230.23,16.47,21.85,101246.21,8.46,52.47,-757030.81,5.01
1:48,101228.49,16.56,21.81,101249.40,8.37,53.38,-757100.18,5.01
1:49,101225.09,16.63,21.60,101248.17,8.52,52.15,-757240.18,3.82
1:50,101236.99,16.79,21.74,101255.92,8.44,54.07,-757552.68,5.79
1:51,101228.27,16.84,21.77,101245.94,8.33,53.69,-757551.87,5.45
1:52,101224.66,16.91,22.12,101246.66,8.24,55.22,-757396.18,4.23
1:53,101224.11,16.81,22.08,101240.44,8.09,55.53,-757267.37,4.50
1:54,101226.52,16.93,22.11,101243.18,8.26,54.23,-757441.87,5.00
1:55,101218.86,17.04,22.20,101240.46,8.18,55.62,-757640.18,5.28
1:56,101228.61,17.09,22.44,101241.35,8.26,55.12,-757635.81,6.12
1:57,101231.08,17.18,22.37,101245.71,8.33,54.28,-757444.00,4.94
1:58,101222.17,9.64,42.64,101238.71,8.23,54.81,-757403.37,1.06
1:59,101231.27,3.99,64.95,101232.92,8.05,56.12,-757277.37,1.07
2:0,101247.66,3.12,72.40,101242.24,7.89,57.51,-757339.37,2.45
2:1,101248.46,4.29,78.19,101244.62,7.85,58.05,-758202.18,1.06
2:2,101253.24,5.81,80.44,101242.07,7.82,59.75,-758293.87,1.07
2:3,101244.81,6.04,80.64,101243.03,7.83,58.95,-758723.00,1.08
2:4,101247.36,6.14,80.76,101244.89,7.80,59.88,-758894.68,1.36
2:5,101244.35,6.25,80.77,101247.73,7.80,60.36,-758979.00,2.44
2:6,101258.28,6.29,80.01,101251.21,7.86,59.20,-759548.87,2.49
2:7,101249.32,6.42,79.08,101252.36,7.84,59.84,-759924.68,1.12
2:8,101239.47,6.49,78.02,101245.03,7.87,58.99,-759432.50,0.93
2:9,101249.57,6.61,77.08,101250.13,7.88,59.61,-759835.87,1.77
2:10,101258.52,6.73,76.82,101256.13,7.84,59.64,-760014.81,1.74
2:11,101250.50,6.81,76.24,101252.52,7.86,59.10,-760435.68,1.76
2:12,101246.21,6.85,75.87,101245.50,7.89,59.67,-760138.62,1.40
2:13,101254.93,6.93,76.01,101251.74,7.87,59.90,-760242.62,1.72
2:14,101244.85,6.97,76.38,101247.35,7.84,61.52,-760222.81,0.88
2:15,101233.91,15.43,36.56,101244.03,7.97,59.64,-760984.18,4.04
2:16,101220.07,17.97,25.67,101242.39,8.25,58.30,-760953.81,4.69
2:17,101232.85,17.54,23.77,101249.71,8.32,58.32,-760444.50,4.95
2:18,101234.34,16.86,23.77,101251.55,8.25,58.74,-760094.68,5.46
2:19,101229.64,16.64,23.87,101256.77,8.13,59.35,-760341.50,4.92
2:20,101234.78,16.64,23.67,101258.79,8.10,60.64,-760149.00,3.82
2:21,101244.16,16.62,23.51,101265.33,8.25,58.60,-760895.62,4.45
2:22,101238.43,16.63,23.51,101264.08,8.16,60.18,-761029.87,5.62
2:23,101247.38,16.77,23.32,101264.17,8.32,59.52,-761033.12,4.23
2:24,101255.25,16.85,23.10,101270.11,8.14,61.14,-760911.18,5.37
2:25,101243.82,16.88,22.97,101262.68,8.13,61.54,-761238.87,4.43
2:26,101243.19,16.91,22.92,101264.08,8.19,60.95,-761141.81,4.69
2:27,101237.48,16.88,22.85,101262.86,7.94,61.57,-760247.68,4.26
2:28,101254.89,16.96,22.80,101265.44,8.15,60.80,-761740.18,4.52
2:29,101240.35,17.04,22.87,101261.50,8.01,61.63,-761898.68,5.30
2:30,101248.42,17.11,22.85,101261.94,8.13,60.53,-761951.68,4.37
2:31,101240.28,17.31,23.11,101259.55,8.21,61.39,-761277.37,4.90
2:32,101233.63,17.35,23.38,101258.98,7.92,62.19,-761308.62,4.98
2:33,101247.46,17.40,23.47,101260.88,7.91,61.47,-761606.62,4.59
2:34,101241.28,17.40,23.78,101260.35,7.96,61.92,-761556.00,4.69
2:35,101240.67,17.46,23.80,101261.99,7.83,62.00,-762749.50,5.27
2:36,101244.54,17.38,23.88,101256.37,7.98,60.75,-762281.12,3.78
2:37,101242.55,17.54,23.86,101257.61,8.49,59.74,-762244.31,4.63
2:38,101245.91,17.60,24.11,101257.27,8.22,59.92,-762111.68,5.59
2:39,101246.37,6.91,54.29,101260.96,7.94,61.96,-762175.68,1.33
2:40,101267.44,3.44,70.14,101264.65,7.69,61.62,-761549.37,0.72
2:41,101257.11,3.38,75.56,101255.50,7.70,61.49,-762391.68,1.32
2:42,101260.48,5.50,80.72,101260.41,7.78,62.42,-763418.00,1.33
2:43,101258.02,6.17,81.39,101256.60,7.77,62.28,-763357.12,1.00
2:44,101262.20,6.35,81.91,101260.99,7.78,63.98,-763447.62,1.31
2:45,101256.60,6.36,82.04,101261.02,7.77,64.53,-763905.62,1.36
2:46,101262.36,6.41,81.93,101256.88,7.79,63.38,-763883.00,0.74
2:47,101256.32,6.51,81.49,101261.66,7.80,63.81,-764050.37,1.33
2:48,101255.85,6.65,81.40,101262.49,7.73,65.31,-764130.37,0.72
2:49,101258.91,6.75,80.74,101263.21,7.76,65.05,-764365.62,0.73
2:50,101273.42,6.85,80.02,101265.44,7.75,65.51,-764811.37,1.33
2:51,101264.81,6.92,79.27,101267.88,7.76,64.86,-764281.68,1.37
2:52,101267.25,7.01,79.17,101268.50,7.79,65.08,-764704.00,1.31
2:53,101262.68,7.07,79.16,101262.97,7.78,66.37,-764789.00,1.32
2:54,101267.17,7.09,79.06,101268.85,7.72,66.30,-765130.37,1.34
2:55,101256.51,7.11,79.37,101259.53,7.71,67.89,-765424.37,1.31
2:56,101251.74,17.51,30.87,101267.96,8.09,64.34,-765813.81,5.16
2:57,101241.83,18.53,25.12,101265.72,8.31,63.02,-765404.87,4.66
2:58,101241.17,17.71,23.89,101263.39,8.02,63.41,-765322.81,4.46
2:59,101231.07,16.91,23.56,101261.96,7.93,60.08,-765246.31,5.28
3:0,101232.72,16.62,23.62,101256.07,8.09,59.34,-765841.12,5.36
3:1,101234.25,16.68,23.36,101258.77,8.09,59.64,-765820.12,5.33
3:2,101237.18,16.57,23.19,101262.23,8.26,58.87,-765949.37,4.61
3:3,101242.64,16.67,23.16,101261.14,8.31,58.17,-765960.00,5.14
3:4,101244.08,16.63,22.73,101251.24,8.32,56.72,-766067.62,3.93
3:5,101233.66,16.46,22.57,101257.52,8.23,55.50,-765855.62,3.68
3:6,101236.10,16.40,22.48,101253.73,8.25,54.94,-766231.12,4.23
3:7,101236.41,16.40,22.48,101257.94,8.31,54.95,-766175.68,3.81
3:8,101241.86,16.42,22.10,101258.32,8.32,54.06,-765824.18,4.36
3:9,101245.54,16.34,22.04,101259.75,8.30,53.39,-765855.68,3.69
3:10,101240.05,16.41,22.21,101264.35,8.34,54.21,-766173.00,3.90
3:11,101237.18,16.48,22.02,101258.21,8.21,54.96,-766361.62,5.30
3:12,101246.39,16.58,21.94,101258.58,8.42,54.04,-766564.62,4.41
3:13,101238.58,16.69,22.13,101258.35,8.37,53.98,-766660.87,5.00
3:14,101240.58,16.69,21.79,101262.78,8.29,53.67,-766265.50,4.11
3:15,101244.30,16.70,22.07,101261.82,8.28,54.89,-766852.18,4.38
3:16,101244.79,16.83,22.16,101259.42,8.32,55.26,-766821.18,4.89
3:17,101240.03,17.00,22.07,101266.86,8.31,55.81,-767320.31,4.49
3:18,101255.53,17.20,22.04,101266.33,8.42,54.43,-766667.50,3.98
3:19,101257.17,17.31,22.39,101267.77,8.34,55.72,-766681.50,4.72
3:20,101253.97,17.38,22.21,101274.05,8.34,56.94,-766647.31,4.07
3:21,101248.55,17.41,23.25,101269.66,8.19,59.11,-766831.68,4.47
3:22,101243.75,17.46,23.69,101266.99,8.14,59.83,-766942.31,4.39
3:23,101263.22,17.46,24.38,101273.78,7.97,62.04,-766960.87,1.21
3:24,101271.58,6.56,55.67,101272.41,8.05,61.78,-767217.00,1.33
3:25,101278.10,3.43,70.78,101272.61,7.77,63.39,-766980.31,1.35
3:26,101280.92,3.36,75.88,101267.63,7.67,63.63,-767465.87,1.35
3:27,101270.63,5.46,81.23,101263.35,7.62,64.99,-768076.37,1.35
3:28,101278.49,6.30,82.23,101272.67,7.63,66.05,-768563.18,1.35
3:29,101260.47,6.47,82.60,101266.94,7.60,65.92,-768823.12,0.75
3:30,101276.72,6.50,82.83,101274.08,7.64,66.57,-768834.50,0.75
3:31,101274.53,6.40,82.36,101265.52,7.65,64.75,-769388.37,1.36
3:32,101281.86,6.53,82.78,101272.50,7.64,66.00,-769160.87,1.34
3:33,101277.85,6.58,82.35,101271.19,7.67,65.68,-769516.81,1.35
3:34,101264.92,6.64,81.91,101277.25,7.63,66.52,-769708.37,0.75
3:35,101282.61,6.71,81.14,101278.60,7.58,65.52,-769865.68,1.01
3:36,101270.04,6.79,80.88,101272.69,7.55,65.93,-770124.12,0.73
3:37,101270.72,6.82,79.96,101269.82,7.56,66.03,-770401.31,0.74
3:38,101270.40,6.85,79.28,101268.75,7.58,64.82,-770510.81,0.73
3:39,101277.86,6.91,79.25,101278.21,7.60,65.35,-770416.18,1.35
3:40,101277.13,7.27,80.57,101278.75,7.61,65.54,-770519.37,4.32
3:41,101249.89,17.49,30.10,101271.61,7.80,63.39,-771015.00,4.32
3:42,101253.35,18.26,24.84,101280.17,7.86,62.57,-771113.62,3.82
3:43,101262.47,17.41,23.96,101279.57,8.15,61.29,-771084.00,4.43
3:44,101258.21,16.96,24.01,101277.50,8.13,61.36,-770807.62,4.20
3:45,101267.58,16.84,23.94,101289.71,8.16,61.32,-769974.87,4.18
3:46,101279.34,16.87,23.87,101298.97,8.15,61.30,-770753.37,4.52
3:47,101264.69,16.92,23.75,101288.19,8.02,62.86,-770536.81,4.65
3:48,101277.49,16.93,23.72,101298.41,7.92,64.29,-771018.50,5.17
3:49,101278.18,16.85,23.68,101296.35,7.74,64.60,-771278.62,4.66
3:50,101275.75,16.90,23.71,101302.54,7.66,66.00,-771324.68,4.41
3:51,101271.61,16.89,23.55,101292.46,7.66,66.66,-771518.81,4.99
3:52,101274.63,17.01,23.35,101296.27,7.79,64.36,-772476.37,5.50
3:53,101280.71,17.12,23.27,101299.15,7.85,64.70,-772141.37,5.48
3:54,101292.04,17.21,23.32,101298.05,7.91,64.02,-771896.50,4.80
3:55,101303.39,17.21,23.58,101311.18,7.72,64.33,-771826.18,5.45
3:56,101271.02,17.12,22.75,101291.32,7.52,61.20,-771889.50,5.46
3:57,101286.23,16.94,23.28,101297.45,7.54,62.35,-772079.68,4.76
3:58,101280.03,16.85,23.51,101292.27,7.48,61.84,-772292.87,4.79
3:59,101270.48,16.93,23.43,101285.47,7.62,61.20,-772602.50,5.29
4:0,101278.57,17.13,23.36,101295.46,7.78,59.86,-772690.31,3.91
4:1,101280.92,17.18,23.21,101293.11,7.68,59.48,-772681.50,5.19
4:2,101280.00,17.14,23.33,101293.71,7.84,58.57,-772856.62,5.56
4:3,101289.83,6.55,54.24,101296.72,7.63,59.05,-772236.50,0.73
4:4,101295.99,3.34,69.62,101296.61,7.46,59.77,-772720.81,1.38
4:5,101307.62,3.06,74.61,101298.00,7.26,60.28,-773097.18,1.38
4:6,101297.61,4.55,79.61,101299.23,7.27,60.61,-773693.81,1.38
4:7,101307.44,5.61,80.96,101289.03,7.25,61.99,-774107.31,1.36
4:8,101296.52,5.81,81.16,101296.07,7.29,61.38,-774138.00,0.76
4:9,101306.47,5.81,80.99,101299.74,7.29,60.90,-774476.31,1.39
4:10,101297.60,5.88,80.79,101296.88,7.30,60.16,-774677.37,1.38
4:11,101301.73,5.95,80.59,101301.72,7.37,61.87,-774876.12,0.75
4:12,101299.53,6.04,79.98,101299.55,7.30,62.04,-774995.31,1.39
4:13,101296.91,6.12,79.18,101302.75,7.28,61.18,-775190.12,1.25
4:14,101306.00,6.26,78.79,101299.13,7.35,62.76,-775461.31,1.38
4:15,101300.83,6.33,78.19,101297.57,7.29,62.89,-775383.87,0.77
4:16,101295.53,6.38,78.38,101300.41,7.23,63.83,-775543.37,0.75
4:17,101290.24,6.39,77.81,101294.98,7.21,61.89,-775840.37,1.38
4:18,101298.82,6.42,77.49,101302.21,7.22,62.72,-775884.31,0.75
4:19,101302.22,6.49,77.41,101299.41,7.26,63.50,-776152.12,1.39
4:20,101274.03,16.91,30.04,101299.78,7.59,59.74,-776467.50,4.52
4:21,101273.40,17.59,24.59,101296.24,7.65,58.72,-776206.68,5.30
4:22,101279.28,16.74,23.79,101293.46,7.95,57.15,-776147.18,4.92
4:23,101277.22,16.26,23.85,101298.17,7.97,56.95,-775988.00,4.81
4:24,101274.94,16.15,23.84,101303.57,7.78,59.37,-775843.62,3.63
4:25,101284.97,16.13,23.54,101308.26,8.00,57.45,-776073.87,4.44
4:26,101280.52,16.14,23.37,101301.83,7.92,57.91,-776131.00,5.16
4:27,101287.11,16.22,23.31,101305.64,7.98,58.50,-776336.87,4.58
4:28,101287.27,16.27,23.14,101306.99,8.05,57.79,-776172.87,4.36
4:29,101295.66,16.33,23.02,101317.27,7.95,58.75,-775848.68,4.59
4:30,101296.32,16.38,22.85,101314.21,8.06,58.26,-776549.81,4.75
4:31,101297.30,16.53,23.13,101313.01,7.97,60.49,-775566.87,5.07
4:32,101295.21,16.66,22.98,101321.76,8.22,59.11,-776651.00,4.63
4:33,101304.89,16.82,22.69,101325.10,8.18,60.00,-776688.62,4.87
4:34,101310.42,16.97,22.76,101327.82,8.11,60.49,-777053.00,4.84
4:35,101309.92,17.09,22.83,101328.74,8.01,61.26,-777038.62,4.54
4:36,101307.92,17.18,22.70,101323.03,8.07,61.57,-776892.31,5.68
4:37,101312.75,17.36,22.73,101324.08,8.25,58.92,-777218.00,5.02
4:38,101308.75,17.54,22.55,101331.88,8.42,60.13,-776983.31,5.52
4:39,101308.38,17.70,22.71,101326.67,8.32,59.72,-777311.18,4.89
4:40,101317.33,17.77,23.42,101329.67,8.04,62.59,-776965.87,4.70
4:41,101307.55,17.82,23.60,101327.96,8.05,62.87,-777004.31,6.09
4:42,101306.77,17.76,23.86,101323.14,7.96,63.23,-777144.00,5.87
4:43,101314.67,17.90,23.58,101331.50,8.16,62.08,-777477.62,5.62
4:44,101319.10,18.00,24.27,101331.71,8.37,62.06,-777290.62,4.55
4:45,101312.78,15.78,28.32,101326.21,8.39,61.13,-777835.00,1.74
4:46,101330.42,5.57,59.41,101328.59,8.18,62.69,-777433.12,0.94
4:47,101334.13,3.38,71.81,101327.09,7.69,64.48,-777224.50,2.18
4:48,101346.02,3.87,77.83,101327.24,7.64,64.41,-777740.31,1.07
4:49,101335.85,5.93,81.69,101325.00,7.64,65.84,-778296.12,1.04
4:50,101330.11,6.43,82.22,101326.78,7.72,66.25,-778908.31,2.35
4:51,101348.67,6.56,82.63,101327.38,7.75,67.04,-778803.37,1.06
4:52,101340.83,6.51,82.40,101326.53,7.70,64.29,-779578.00,2.58
4:53,101330.15,6.51,82.45,101332.03,7.78,65.15,-779231.62,1.17
4:54,101341.03,6.63,82.72,101336.78,7.78,66.79,-779740.37,2.64
4:55,101328.75,6.65,81.96,101329.36,7.73,66.13,-779819.50,2.69
4:56,101327.02,6.81,82.02,101334.34,7.69,67.98,-780103.12,2.71
4:57,101337.54,6.84,80.98,101338.78,7.63,66.99,-779897.50,2.69
4:58,101334.63,6.90,80.53,101336.36,7.61,66.09,-780294.37,2.78
4:59,101338.22,6.92,79.95,101340.86,7.58,66.70,-780445.12,1.14
5:0,101325.17,6.99,80.00,101335.17,7.56,67.19,-780860.31,2.62
5:1,101332.97,7.00,79.74,101340.50,7.54,67.63,-780832.87,2.70
5:2,101328.22,11.37,57.19,101339.17,7.56,67.78,-781250.37,3.96
5:3,101333.16,18.01,28.12,101345.19,7.76,65.19,-781243.50,6.75
5:4,101321.32,18.16,24.34,101338.61,7.91,63.36,-781015.31,4.47
5:5,101322.11,17.21,23.96,101341.27,7.71,63.18,-781426.87,4.74
5:6,101333.57,16.75,24.04,101335.17,7.61,63.25,-781618.50,5.45
5:7,101324.89,16.53,23.90,101340.03,7.66,63.01,-781391.68,6.35
5:8,101315.75,16.55,23.74,101341.68,7.96,62.24,-781387.87,5.60
5:9,101315.82,16.52,23.56,101337.78,7.68,62.19,-781593.50,4.09
5:10,101316.47,16.43,23.77,101340.53,7.63,64.76,-781772.81,5.41
5:11,101321.10,16.58,23.44,101343.03,7.84,62.22,-781948.50,6.40
5:12,101322.16,16.66,23.08,101346.91,8.30,58.89,-781558.31,5.39
5:13,101320.75,16.69,23.15,101342.78,8.11,60.09,-782132.68,4.47
5:14,101320.94,16.83,22.75,101343.57,8.30,59.19,-781979.31,5.91
5:15,101325.16,16.88,22.75,101348.39,8.06,60.59,-782295.62,3.95
5:16,101332.07,16.93,22.72,101348.66,8.47,58.30,-782086.68,6.32
5:17,101330.32,17.08,22.74,101348.85,8.44,59.09,-781986.87,5.39
5:18,101329.33,16.96,22.69,101341.00,7.92,58.48,-782652.81,5.55
5:19,101325.61,16.86,22.68,101345.56,7.88,58.82,-782533.62,5.50
5:20,101324.38,16.91,23.36,101345.86,7.96,59.77,-782352.87,6.23
5:21,101321.28,17.09,23.13,101341.42,8.05,58.37,-782547.68,5.45
5:22,101326.44,17.22,23.24,101347.30,8.18,58.62,-782402.00,4.41
5:23,101343.34,17.23,23.31,101352.27,8.10,58.67,-782539.62,5.41
5:24,101328.46,17.26,23.58,101348.41,7.95,59.29,-782961.81,5.01
5:25,101334.28,16.79,24.17,101344.62,7.96,59.01,-783092.50,2.42
5:26,101357.64,6.09,56.26,101347.24,7.78,60.14,-782849.31,2.40
5:27,101354.89,3.33,70.16,101346.02,7.61,59.71,-782813.18,2.46
5:28,101354.95,3.16,74.87,101349.80,7.55,59.50,-783019.87,1.04
5:29,101361.94,4.88,80.08,101348.42,7.46,60.23,-783646.18,2.46
5:30,101341.19,5.82,81.18,101346.76,7.49,61.51,-783763.00,2.49
5:31,101355.33,5.98,81.41,101345.16,7.52,60.85,-784482.00,2.42
5:32,101343.91,6.02,81.21,101349.29,7.53,61.04,-784865.81,2.48
5:33,101350.67,6.02,81.12,101346.67,7.51,61.79,-784958.87,2.47
5:34,101343.11,6.09,80.33,101341.77,7.51,61.17,-785058.87,2.52
5:35,101346.14,6.27,80.31,101342.14,7.52,63.31,-784853.31,1.05
5:36,101351.55,6.30,78.99,101347.18,7.51,61.35,-785374.18,2.51
5:37,101343.53,6.42,78.54,101353.32,7.52,61.67,-785596.12,2.24
5:38,101351.03,6.55,78.25,101348.17,7.54,62.39,-785378.81,2.31
5:39,101352.83,6.67,77.95,101358.71,7.59,61.91,-785664.00,2.29
5:40,101364.07,6.74,78.07,101359.03,7.61,62.90,-785779.31,0.97
5:41,101362.96,6.78,78.06,101361.47,7.56,63.50,-785680.37,2.30
5:42,101363.49,7.84,77.38,101362.07,7.52,65.19,-785882.68,5.46
5:43,101357.90,17.46,29.51,101369.94,7.88,64.59,-786327.87,4.76
5:44,101351.92,17.91,24.94,101362.29,7.64,64.20,-786560.81,6.66
5:45,101340.01,17.20,24.13,101366.67,7.78,63.67,-786265.37,5.70
5:46,101342.07,16.83,24.03,101365.67,8.11,61.09,-786144.87,6.29
5:47,101347.08,16.78,24.00,101366.44,8.15,62.92,-786034.87,5.62
5:48,101347.67,16.80,23.78,101366.15,7.86,63.71,-786809.37,5.88
5:49,101346.89,16.79,23.56,101370.38,8.08,62.77,-786540.62,6.46
5:50,101346.03,16.93,23.40,101368.96,8.20,62.33,-786613.12,6.46
5:51,101354.86,17.05,23.42,101371.47,8.15,64.58,-786600.81,6.44
5:52,101341.66,17.14,23.24,101365.16,8.04,65.47,-786476.68,5.85
5:53,101351.67,17.23,23.00,101363.77,8.08,64.69,-786310.31,6.23
5:54,101354.10,17.31,23.18,101364.14,8.17,63.58,-786484.37,5.49
5:55,101341.82,17.41,23.17,101366.17,8.11,64.67,-787533.12,5.78
5:56,101347.25,17.53,23.11,101369.11,8.22,63.99,-787268.87,6.31
5:57,101344.13,17.53,23.50,101370.53,7.85,66.51,-787026.81,6.31
5:58,101352.62,17.57,23.42,101369.13,7.98,64.23,-787395.31,6.08
5:59,101349.57,17.63,23.52,101371.55,8.12,62.15,-787824.12,6.44
6:0,101354.11,17.69,24.22,101373.67,7.74,66.87,-787497.87,6.48
6:1,101343.17,17.85,24.32,101370.33,7.69,66.39,-787680.00,6.52
6:2,101349.11,17.89,24.38,101367.47,7.68,66.44,-787937.18,6.12
6:3,101352.46,17.90,24.69,101370.77,7.78,66.91,-788071.18,6.32
6:4,101354.82,17.94,24.40,101371.10,8.06,63.30,-787947.68,5.57
6:5,101358.39,12.67,36.52,101369.27,8.13,62.77,-788316.37,2.42
6:6,101370.96,4.47,63.97,101370.83,7.64,63.44,-787585.31,1.05
6:7,101372.43,3.22,72.82,101369.11,7.48,64.29,-787815.00,2.54
6:8,101374.42,4.15,79.06,101376.85,7.34,65.38,-788399.81,2.43
6:9,101371.52,5.82,81.76,101372.94,7.33,67.05,-789008.62,2.44
6:10,101371.52,6.26,82.50,101376.72,7.37,68.00,-789446.00,0.97
6:11,101365.44,6.32,82.76,101375.51,7.45,67.66,-789612.31,2.45
6:12,101366.68,6.27,82.47,101372.62,7.44,65.75,-789768.68,2.42
6:13,101370.42,6.18,82.06,101374.13,7.49,63.35,-790193.68,2.42
6:14,101380.30,6.27,82.11,101377.91,7.42,64.58,-790015.12,2.43
6:15,101377.97,6.35,81.54,101381.80,7.43,64.84,-790194.18,1.03
6:16,101393.24,6.35,79.76,101384.60,7.52,61.68,-790574.50,2.39
6:17,101371.15,6.47,79.22,101387.11,7.55,62.48,-790386.18,0.97
6:18,101385.32,6.51,78.08,101383.07,7.53,62.09,-790908.12,2.46
6:19,101384.85,6.67,78.70,101389.24,7.51,64.62,-790921.18,2.45
6:20,101392.21,6.72,78.42,101391.49,7.49,64.81,-791054.31,2.39
6:21,101391.46,6.75,77.99,101396.42,7.51,63.69,-791226.00,2.45
6:22,101382.22,14.01,41.37,101395.91,7.62,62.74,-791596.12,5.43
6:23,101378.87,17.92,26.48,101399.31,7.96,60.83,-791631.31,6.27
6:24,101386.58,17.72,23.97,101404.41,7.91,61.23,-790817.12,5.57
6:25,101389.21,16.73,23.68,101401.62,7.76,59.94,-791097.18,5.56
6:26,101395.24,16.32,23.75,101405.72,7.69,60.58,-791231.37,6.42
6:27,101393.25,16.23,23.90,101416.13,7.72,61.10,-791064.81,6.32
6:28,101400.98,16.18,23.63,101413.03,7.70,60.79,-792237.62,6.03
6:29,101407.82,16.28,23.61,101417.07,7.87,60.87,-791582.12,3.95
6:30,101405.35,16.37,23.37,101419.93,7.78,62.38,-791824.68,4.49
6:31,101399.34,16.47,23.24,101417.66,7.97,60.78,-791914.81,5.99
6:32,101405.89,16.52,23.62,101416.15,7.74,63.58,-791732.00,6.40
6:33,101398.95,16.54,23.79,101417.39,7.42,66.84,-792107.00,6.02
6:34,101395.11,16.78,23.41,101420.08,7.63,64.83,-792200.00,6.65
6:35,101401.03,16.89,23.54,101423.51,7.62,65.86,-792788.00,5.70
6:36,101397.97,17.09,23.48,101420.20,7.81,64.68,-792465.12,6.02
6:37,101408.60,17.21,23.81,101422.89,7.67,66.69,-792294.50,5.97
6:38,101397.02,17.28,23.87,101427.28,7.60,66.33,-792520.37,5.53
6:39,101405.02,17.40,24.57,101427.85,7.55,67.39,-793385.00,5.50
6:40,101400.77,17.44,24.50,101425.12,7.43,66.74,-792742.31,6.51
6:41,101409.19,17.49,24.99,101428.32,7.64,65.77,-792934.31,5.80
6:42,101416.38,17.63,25.35,101434.40,7.59,68.06,-792792.81,6.11
6:43,101414.90,17.65,25.96,101435.02,7.47,69.08,-793185.50,6.40
6:44,101415.60,15.54,30.10,101439.80,7.48,69.60,-793036.81,2.28
6:45,101429.89,5.13,61.74,101434.77,7.41,68.54,-792911.31,2.31
6:46,101427.50,3.18,73.46,101435.50,7.13,69.54,-793005.00,2.32
6:47,101433.13,3.89,79.78,101435.94,6.94,71.81,-793325.12,2.31
6:48,101424.10,5.79,82.91,101434.38,6.94,72.68,-794380.18,2.34
6:49,101425.70,6.33,83.72,101430.80,7.00,73.07,-794560.37,2.31
6:50,101432.46,6.43,84.09,101431.87,7.09,73.98,-794663.50,2.35
6:51,101426.29,6.45,84.52,101432.55,7.14,74.23,-794737.18,2.37
6:52,101426.30,6.49,84.97,101430.63,7.15,75.20,-794871.81,2.33
6:53,101425.64,6.54,85.10,101428.36,7.18,74.33,-795300.50,2.31
6:54,101425.69,6.54,85.12,101428.43,7.21,73.88,-795754.81,2.38
6:55,101416.52,6.60,85.33,101426.39,7.31,73.92,-795527.00,2.38
6:56,101417.82,6.74,85.55,101427.68,7.38,74.84,-795690.62,2.73
6:57,101438.24,6.87,85.76,101432.88,7.43,75.59,-796134.31,2.38
6:58,101423.41,6.86,85.48,101433.74,7.26,75.44,-795876.00,2.39
6:59,101427.14,6.80,84.79,101430.90,7.20,74.78,-796089.62,2.35
7:0,101418.11,6.91,85.02,101430.05,7.40,75.49,-796620.00,2.31
7:1,101419.85,11.23,63.84,101431.24,7.42,76.86,-796600.87,5.44
7:2,101404.96,18.10,29.90,101433.17,7.56,73.06,-797195.37,5.65
7:3,101409.27,19.03,25.44,101429.88,7.96,71.59,-797032.00,5.55
7:4,101410.03,18.40,24.19,101428.03,8.17,70.64,-796866.37,6.01
7:5,101399.69,17.94,24.20,101431.21,8.38,69.04,-796305.81,6.28
7:6,101411.11,17.76,24.12,101432.90,8.11,69.52,-796398.37,4.17
7:7,101410.94,17.58,24.07,101433.08,7.87,69.38,-796217.62,6.19
7:8,101419.91,17.47,23.75,101436.75,7.94,68.14,-796337.62,5.68
7:9,101414.77,17.45,23.63,101436.47,8.10,66.70,-796606.37,4.96
7:10,101421.38,17.58,23.57,101439.63,8.23,69.43,-796750.18,6.35
7:11,101421.56,17.79,23.56,101445.38,7.87,69.66,-796643.12,6.29
7:12,101422.53,17.54,23.13,101441.55,7.92,66.81,-796366.62,5.30
7:13,101421.89,17.58,23.43,101439.34,7.96,67.35,-797453.37,5.92
7:14,101425.31,17.53,24.01,101450.28,7.64,69.99,-797464.12,5.46
7:15,101427.14,17.65,24.38,101451.49,7.54,70.44,-797711.50,5.19
7:16,101431.46,17.80,24.49,101450.33,7.59,71.20,-797871.50,6.37
7:17,101435.77,17.93,25.04,101451.27,7.50,70.42,-796942.50,5.00
7:18,101435.32,17.71,25.59,101454.40,7.15,72.43,-797628.68,5.92
7:19,101442.82,17.69,26.41,101458.75,7.28,73.18,-798101.18,5.53
7:20,101437.53,17.72,26.92,101462.49,7.21,73.57,-798443.37,5.99
7:21,101442.28,16.34,29.37,101458.72,7.27,72.20,-798215.37,2.11
7:22,101443.22,5.24,62.03,101454.94,7.22,73.31,-798169.12,2.14
7:23,101453.17,3.20,73.80,101456.05,6.95,72.28,-798266.62,0.93
7:24,101455.04,3.37,78.72,101463.30,6.94,73.55,-798944.81,2.14
7:25,101454.97,5.57,83.29,101460.76,6.93,74.73,-799530.50,2.14
7:26,101455.72,6.27,83.93,101459.53,6.92,74.31,-799891.12,2.11
7:27,101440.33,6.43,84.56,101458.39,7.00,76.14,-800299.50,0.90
7:28,101448.50,6.50,84.67,101458.19,6.98,74.88,-800480.68,2.09
7:29,101455.07,6.43,84.89,101458.40,7.03,74.63,-800530.68,2.07
7:30,101454.26,6.50,85.25,101455.89,7.09,75.09,-800918.00,2.11
7:31,101451.92,6.56,85.66,101455.92,7.08,75.92,-801126.87,2.16
7:32,101455.97,6.61,85.81,101456.82,7.02,76.73,-800830.68,0.93
7:33,101451.15,6.69,86.10,101455.13,7.09,76.85,-801640.50,2.16
7:34,101448.69,6.76,86.16,101455.29,7.09,77.61,-801596.81,0.90
7:35,101458.60,6.83,86.24,101456.53,6.95,77.06,-801849.00,1.01
7:36,101460.27,6.82,86.02,101458.13,7.09,76.99,-802143.81,2.04
7:37,101446.25,6.86,85.86,101456.53,7.18,76.73,-802375.81,2.04
7:38,101448.27,10.02,70.28,101461.88,7.25,77.40,-802717.00,5.56
7:39,101436.91,17.95,30.13,101466.85,7.42,72.78,-803160.87,5.52
7:40,101436.77,18.77,25.48,101466.58,7.60,70.61,-802766.50,5.59
7:41,101438.91,18.05,24.24,101461.75,7.92,69.83,-802812.31,5.43
7:42,101444.05,17.51,24.43,101464.85,7.79,71.12,-802484.50,6.26
7:43,101443.61,17.38,24.37,101467.14,7.82,70.01,-802304.31,6.24
7:44,101443.86,17.33,24.17,101465.14,8.06,68.05,-802788.18,5.27
7:45,101443.99,17.37,24.34,101465.88,7.96,70.19,-802556.00,4.93
7:46,101444.02,17.26,24.07,101470.74,7.91,69.03,-802868.87,4.03
7:47,101444.07,17.34,24.02,101469.58,7.98,67.17,-802962.68,6.22
7:48,101450.21,17.44,23.67,101475.39,7.99,67.55,-803088.62,6.31
7:49,101447.39,17.48,23.52,101478.44,7.97,66.84,-803585.81,4.76
7:50,101458.94,17.51,24.20,101485.54,7.73,69.94,-803151.68,4.03
7:51,101450.64,17.68,23.89,101480.94,7.92,67.96,-803408.37,5.95
7:52,101457.84,17.65,24.26,101484.89,7.54,69.52,-803795.62,5.25
7:53,101463.50,17.72,24.60,101488.57,7.50,70.32,-803094.87,5.92
7:54,101459.53,17.75,24.84,101489.06,7.39,70.36,-803812.81,5.21
7:55,101465.11,17.60,25.53,101489.28,7.32,70.83,-803885.87,6.01
7:56,101471.49,17.51,25.83,101487.94,7.17,70.63,-804445.31,6.61
7:57,101464.66,17.33,26.59,101484.69,7.15,70.88,-803972.18,5.47
7:58,101476.55,10.00,45.68,101481.94,7.32,71.16,-804762.81,2.07
7:59,101482.19,3.70,69.13,101482.83,7.06,71.56,-804442.50,2.35
8:0,101491.14,3.00,75.80,101483.90,6.85,72.05,-804321.18,2.08
8:1,101468.24,4.07,81.05,101475.46,6.80,72.56,-805576.37,2.14
8:2,101465.61,5.67,82.80,101476.75,6.96,70.35,-805688.00,2.05
8:3,101464.17,6.13,83.72,101475.80,7.10,72.94,-806159.37,2.36
8:4,101480.29,6.36,84.39,101482.32,7.09,74.12,-805995.37,2.05
8:5,101481.63,6.56,85.01,101485.10,7.20,75.26,-806611.87,2.13
8:6,101482.77,6.38,84.53,101481.42,7.00,73.33,-806681.87,0.92
8:7,101478.21,6.46,85.36,101488.48,7.07,75.66,-807211.68,2.35
8:8,101490.96,6.67,85.82,101489.02,7.15,75.82,-807022.50,0.92
8:9,101476.21,6.60,85.60,101483.55,7.10,75.33,-807504.50,2.15
8:10,101481.02,6.70,85.96,101488.12,7.20,76.49,-807577.31,0.93
8:11,101481.13,6.82,86.26,101491.25,7.15,77.67,-807405.00,0.92
8:12,101482.62,6.81,85.90,101492.64,7.13,75.74,-807859.00,0.92
8:13,101483.16,6.85,85.93,101491.44,7.29,76.49,-808431.87,0.89
8:14,101492.11,6.96,85.91,101491.28,7.32,76.95,-808453.81,0.90
8:15,101465.67,15.24,40.77,101491.35,7.26,75.79,-808667.31,4.52
8:16,101465.86,18.73,27.62,101490.78,8.01,71.34,-808805.62,4.10
8:17,101460.75,19.14,24.75,101489.33,8.34,71.41,-808502.87,5.51
8:18,101458.84,18.28,24.36,101489.88,8.43,69.16,-808061.37,4.29
8:19,101466.53,17.87,24.22,101490.21,8.14,68.99,-808328.50,6.08
8:20,101464.66,17.61,23.87,101491.15,8.03,68.63,-808269.62,4.37
8:21,101478.66,17.57,23.95,101492.88,8.16,69.12,-808364.37,5.15
8:22,101470.29,17.77,24.01,101492.42,8.39,69.80,-808429.81,5.66
8:23,101463.50,17.79,23.67,101494.84,8.07,69.64,-808703.68,5.40
8:24,101466.39,17.77,23.42,101492.63,8.35,66.98,-808978.31,4.61
8:25,101467.71,17.81,23.41,101496.13,8.23,68.74,-809221.68,4.00
8:26,101470.10,17.76,23.57,101494.72,8.03,68.16,-809421.31,4.32
8:27,101477.98,17.83,24.11,101500.83,8.00,70.74,-809381.12,4.10
8:28,101473.38,18.00,23.73,101495.82,8.08,68.93,-809914.68,6.28
8:29,101468.17,18.14,24.20,101492.63,8.06,69.69,-809643.31,5.94
8:30,101457.55,18.24,24.18,101490.87,8.06,68.58,-810159.12,6.47
8:31,101473.00,18.45,24.40,101494.22,8.32,68.55,-810230.81,6.06
8:32,101488.42,18.40,24.86,101499.69,7.94,68.92,-809803.37,5.59
8:33,101472.10,18.40,24.90,101497.32,8.09,67.53,-809759.31,6.62
8:34,101463.75,18.37,24.75,101493.24,8.21,65.51,-810311.62,7.59
8:35,101481.08,18.16,25.93,101501.07,7.92,68.69,-810312.50,4.89
8:36,101479.23,9.97,47.67,101500.50,8.05,68.98,-810347.18,0.87
8:37,101494.17,3.95,68.29,101501.52,7.83,67.97,-810091.00,2.15
8:38,101507.27,3.23,75.23,101504.82,7.57,69.82,-810345.50,1.62
8:39,101500.95,4.84,81.29,101503.78,7.58,68.76,-811145.37,1.42
8:40,101505.99,6.22,82.41,101505.87,7.75,68.22,-811557.31,0.90
8:41,101514.10,6.59,82.92,101507.67,7.76,67.07,-811838.68,0.88
8:42,101500.69,6.45,82.83,101502.44,7.75,66.16,-812164.18,0.90
8:43,101503.00,6.48,83.17,101508.41,7.74,66.56,-812416.12,0.89
8:44,101511.57,6.55,83.45,101507.17,7.73,67.86,-812642.31,1.35
8:45,101509.88,6.55,83.37,101516.23,7.64,66.72,-812934.18,0.88
8:46,101522.47,6.38,82.74,101503.25,7.47,65.70,-812958.12,0.93
8:47,101523.15,6.48,82.55,101524.75,7.43,67.10,-813188.81,0.94
8:48,101511.57,6.60,82.58,101519.50,7.46,68.42,-813702.68,1.17
8:49,101517.83,6.75,82.93,101519.26,7.54,69.86,-813952.87,1.03
8:50,101521.38,6.81,82.95,101520.97,7.58,69.73,-814308.68,2.10
8:51,101517.45,6.80,82.29,101523.97,7.58,68.56,-814349.87,0.96
8:52,101513.41,6.78,81.95,101527.96,7.54,68.49,-814424.50,0.94
8:53,101493.53,16.04,36.47,101523.52,7.88,66.73,-814867.81,4.44
8:54,101492.27,18.51,26.36,101523.17,8.07,64.40,-814809.50,5.74
8:55,101490.87,18.13,24.01,101520.78,8.09,63.93,-814568.18,4.56
8:56,101493.14,17.45,24.06,101521.49,8.24,64.22,-814919.12,6.32
8:57,101496.80,17.33,23.92,101522.21,8.54,62.50,-814602.18,6.35
8:58,101489.75,17.34,23.86,101523.74,8.42,62.44,-814962.12,5.47
8:59,101509.78,17.23,23.66,101521.16,8.50,63.61,-814964.12,4.18
9:0,101504.12,17.31,23.37,101525.85,8.67,61.04,-815007.81,4.98
9:1,101499.02,17.28,23.17,101526.47,8.59,60.80,-815271.62,4.58
9:2,101505.21,17.26,22.99,101523.55,8.61,59.70,-815234.12,3.95
9:3,101507.50,17.22,22.72,101526.51,8.77,59.60,-815219.31,4.90
9:4,101509.78,17.39,23.08,101531.63,8.91,59.19,-815078.62,5.03
9:5,101504.25,17.47,22.33,101528.96,8.97,58.12,-815486.87,5.26
9:6,101501.08,17.53,22.33,101535.64,8.96,58.09,-815248.81,5.34
9:7,101507.00,17.59,22.34,101533.11,9.07,57.82,-815838.12,4.21
9:8,101507.98,17.69,22.30,101532.41,8.90,57.72,-815331.18,4.36
9:9,101514.55,17.85,22.51,101534.30,9.18,57.41,-816041.12,4.81
9:10,101515.80,18.03,22.72,101536.13,9.21,58.76,-815378.62,4.05
9:11,101516.15,18.20,22.55,101537.02,9.02,59.07,-815795.12,4.70
9:12,101516.91,18.17,22.85,101535.06,9.05,58.32,-815552.68,4.84
9:13,101515.96,18.29,23.27,101538.11,9.16,59.60,-815717.12,4.26
9:14,101525.32,18.35,23.25,101539.87,8.90,59.42,-815828.00,4.31
9:15,101515.91,18.31,23.36,101542.72,8.97,59.30,-815756.62,4.81
9:16,101526.33,18.29,23.54,101545.24,9.04,57.88,-815443.81,4.57
9:17,101522.80,18.42,24.07,101540.08,9.20,59.42,-816001.68,4.07
9:18,101543.64,8.82,50.12,101546.22,9.24,60.08,-815802.81,0.89
9:19,101545.63,3.93,67.50,101550.61,8.94,57.73,-815179.62,2.13
9:20,101553.35,3.55,73.84,101547.85,8.84,58.81,-815538.31,0.90
9:21,101556.18,5.91,80.52,101550.46,8.94,59.57,-816645.12,0.89
9:22,101545.91,6.89,81.27,101549.27,9.11,60.64,-817213.37,0.88
9:23,101557.99,7.11,81.42,101549.36,9.13,61.33,-817318.12,2.15
9:24,101547.44,7.51,82.47,101551.21,9.27,63.96,-817689.50,1.04
9:25,101547.18,7.36,81.40,101549.22,9.08,59.91,-817207.87,0.92
9:26,101548.57,7.34,81.43,101549.11,9.01,62.57,-817664.18,1.35
9:27,101552.60,7.46,80.89,101550.61,8.96,60.92,-818063.68,2.01
9:28,101553.71,7.38,79.49,101554.25,8.78,58.95,-818153.68,2.35
9:29,101554.41,7.42,79.27,101554.08,8.83,60.80,-818738.00,3.46
9:30,101560.39,7.49,78.96,101555.02,8.90,61.43,-819024.87,0.91
9:31,101557.84,7.69,79.15,101559.65,9.01,61.60,-819292.18,2.12
9:32,101556.17,7.74,78.29,101568.25,9.01,60.73,-819340.31,2.33
9:33,101557.80,7.74,78.51,101565.33,8.94,62.84,-819634.00,0.99
9:34,101564.17,7.81,78.20,101566.88,8.85,62.53,-819720.81,2.53
9:35,101551.77,17.53,32.29,101569.48,8.93,61.93,-820348.87,6.61
9:36,101542.99,19.37,25.23,101574.46,9.11,60.92,-819931.50,4.12
9:37,101544.33,18.78,23.46,101562.38,9.22,60.33,-820152.18,6.50
9:38,101541.53,18.23,23.49,101563.64,9.40,58.48,-820087.68,4.77
9:39,101531.66,17.96,23.32,101558.36,9.04,59.66,-819240.31,6.54
9:40,101535.17,17.68,23.26,101559.30,9.06,59.54,-819678.50,4.26
9:41,101534.33,17.48,23.11,101550.93,8.92,59.16,-819826.37,4.00
9:42,101524.83,17.63,23.14,101550.67,9.06,59.43,-820201.18,5.82
9:43,101528.57,17.74,23.04,101550.12,9.20,59.74,-820421.81,5.08
9:44,101529.50,17.84,22.96,101552.75,9.28,61.42,-820383.18,4.21
9:45,101520.88,18.15,22.81,101545.87,9.49,59.66,-820658.37,5.99
9:46,101531.76,18.28,22.72,101550.84,9.61,58.12,-820517.00,5.83
9:47,101532.44,18.25,22.75,101557.64,9.41,61.44,-820667.50,5.81
9:48,101526.35,18.52,22.44,101543.71,9.65,60.38,-821205.81,4.04
9:49,101523.07,18.46,21.93,101542.96,9.30,59.52,-820507.68,5.63
9:50,101523.02,18.54,22.55,101543.72,9.53,60.39,-821200.50,6.46
9:51,101520.00,18.84,22.51,101546.36,9.66,60.19,-820519.00,4.71
9:52,101522.14,19.07,22.79,101546.32,9.80,61.22,-820805.31,5.07
9:53,101519.97,19.35,22.49,101539.96,10.14,58.99,-820496.00,5.48
9:54,101523.53,19.44,22.94,101543.22,10.00,60.93,-820667.81,5.65
9:55,101523.25,19.55,22.80,101550.80,9.70,60.31,-820197.62,5.85
9:56,101521.06,19.27,22.64,101542.60,9.31,59.34,-820431.87,4.79
9:57,101525.28,19.21,22.65,101547.25,9.13,59.91,-821480.50,4.69
9:58,101523.48,19.07,23.63,101542.28,9.26,59.86,-821556.68,4.30
9:59,101518.28,18.99,24.66,101539.98,9.23,63.81,-821617.87,5.04
10:0,101524.83,14.14,34.06,101543.63,9.17,59.32,-821398.18,0.89
10:1,101548.73,5.29,61.46,101544.25,9.15,61.11,-821749.81,0.91
10:2,101536.71,3.63,71.27,101539.54,8.73,60.06,-821213.87,2.16
10:3,101540.80,5.03,79.02,101540.49,8.69,62.54,-822341.18,0.96
10:4,101543.39,6.71,80.79,101545.58,8.77,61.71,-823192.87,2.17
10:5,101546.05,7.26,81.42,101540.08,9.01,61.78,-823204.37,0.91
10:6,101545.59,7.23,81.24,101543.34,9.01,58.05,-823757.81,2.47
10:7,101547.97,7.03,80.83,101553.21,8.97,59.89,-823592.37,1.90
10:8,101549.59,7.19,80.91,101550.46,8.96,60.29,-823994.12,2.10
10:9,101542.75,7.41,81.26,101551.75,9.09,63.00,-824417.18,2.23
10:10,101549.66,7.56,80.18,101549.25,9.16,61.33,-824445.12,0.90
10:11,101545.47,7.73,79.17,101553.22,9.15,61.32,-824725.62,2.42
10:12,101543.82,7.88,78.85,101550.21,9.20,60.51,-824732.68,2.16
10:13,101548.08,7.91,77.80,101551.83,9.14,59.61,-825042.12,0.89
10:14,101544.07,7.93,77.56,101545.15,9.21,61.05,-825021.31,0.95
10:15,101535.39,7.95,77.63,101550.73,9.26,61.84,-825484.18,0.94
10:16,101552.03,8.11,77.31,101549.82,9.31,61.70,-825460.87,2.15
10:17,101535.53,14.96,38.50,101551.57,9.49,60.84,-825599.12,4.61
10:18,101524.77,19.40,26.83,101548.64,9.69,56.88,-826359.62,5.94
10:19,101514.59,19.38,22.90,101544.67,9.71,55.17,-825521.31,4.06
10:20,101521.69,18.47,23.02,101544.71,10.02,54.44,-825618.87,5.84
10:21,101511.90,18.33,23.00,101546.38,10.09,55.39,-825433.68,5.34
10:22,101527.62,18.43,22.99,101543.49,10.21,56.02,-825266.81,4.90
10:23,101528.86,18.05,21.82,101552.77,9.76,51.83,-825355.37,4.05
10:24,101518.85,17.75,22.02,101547.13,10.04,50.24,-826059.87,5.82
10:25,101523.61,17.80,21.92,101543.01,10.03,51.06,-825855.87,4.53
10:26,101522.78,17.82,21.78,101543.03,10.09,49.61,-825754.87,4.40
10:27,101529.38,17.73,21.76,101546.46,10.01,50.12,-825654.31,4.32
10:28,101533.20,17.62,21.72,101548.47,10.03,50.09,-825688.37,5.90
10:29,101533.32,17.74,21.45,101547.78,10.14,48.25,-826124.81,6.21
10:30,101532.52,17.79,21.44,101551.79,10.18,48.97,-826074.87,4.95
10:31,101522.45,17.87,21.61,101552.03,10.18,51.29,-826082.12,4.88
10:32,101518.32,17.91,21.03,101557.66,10.10,48.98,-825847.81,4.15
10:33,101532.21,18.03,21.49,101547.39,10.28,50.96,-826615.31,6.03
10:34,101522.60,18.15,21.13,101546.19,10.18,50.33,-826530.87,4.15
10:35,101524.41,18.22,20.83,101554.92,10.37,49.15,-827194.62,6.03
10:36,101523.74,18.22,21.17,101552.36,10.32,50.85,-827039.18,4.61
10:37,101529.21,18.34,21.00,101547.67,10.36,49.97,-827012.12,5.27
10:38,101521.33,18.52,20.80,101543.82,10.59,49.17,-827083.81,6.02
10:39,101532.73,18.76,20.78,101549.50,10.61,49.46,-826796.50,4.85
10:40,101536.25,18.54,20.20,101547.75,9.99,49.32,-826487.12,6.06
10:41,101538.61,18.51,20.83,101550.86,10.03,50.65,-827101.81,4.67
10:42,101530.58,18.69,20.33,101547.19,10.06,48.88,-826675.37,3.97
10:43,101530.50,18.62,20.87,101549.75,10.15,50.53,-826588.50,6.61
10:44,101528.15,18.75,20.56,101547.19,10.32,48.85,-827194.18,4.25
10:45,101533.09,18.09,22.07,101558.47,10.17,50.23,-826921.50,0.93
10:46,101550.19,5.90,55.37,101549.32,10.07,48.49,-826634.12,0.95
10:47,101551.72,3.84,67.62,101552.61,9.73,47.89,-827043.50,2.46
10:48,101554.55,4.83,75.19,101553.89,9.59,50.35,-827725.12,2.45
10:49,101560.70,6.74,78.40,101558.05,9.62,51.40,-828101.62,0.95
10:50,101546.73,6.71,77.14,101548.55,9.52,49.40,-828429.68,1.11
10:51,101550.82,7.02,77.79,101552.85,9.67,51.20,-828916.50,0.95
10:52,101547.71,7.22,77.25,101550.80,9.79,51.31,-828868.37,1.18
10:53,101551.74,7.26,75.15,101555.32,9.83,50.21,-828947.81,2.51
10:54,101553.83,7.47,74.03,101551.57,9.90,49.29,-828997.37,1.69
10:55,101543.76,7.71,72.73,101543.28,9.92,48.20,-829195.31,0.99
10:56,101544.17,7.93,73.38,101550.25,9.98,51.40,-829439.00,2.58
10:57,101543.39,8.05,71.71,101557.03,9.82,49.87,-829435.50,2.41
10:58,101556.09,8.21,71.30,101556.19,9.85,51.24,-829836.62,2.49
10:59,101563.36,8.32,72.21,101556.92,9.98,52.52,-829743.87,0.97
11:0,101547.00,8.21,69.63,101559.39,9.64,50.17,-829411.12,0.96
11:1,101554.72,8.16,70.15,101561.63,9.56,51.68,-829645.18,2.31
11:2,101544.94,10.30,61.52,101568.53,9.51,50.46,-830062.00,5.59
11:3,101533.91,18.51,26.38,101561.42,9.73,50.31,-830995.87,5.78
11:4,101533.71,18.50,23.58,101551.98,10.16,50.06,-830626.81,5.95
11:5,101528.35,18.26,23.07,101549.27,10.69,48.30,-830395.68,4.98
11:6,101532.05,18.05,22.19,101549.22,10.33,48.46,-829826.18,4.11
11:7,101526.30,17.92,22.56,101544.35,10.55,48.25,-830101.81,4.08
11:8,101533.01,18.22,22.28,101549.71,10.85,47.59,-829469.68,5.19
11:9,101524.27,17.93,21.88,101541.60,10.49,46.88,-829964.31,6.17
11:10,101523.17,18.15,22.05,101547.59,10.79,47.04,-830241.68,6.10
11:11,101526.58,18.00,21.63,101551.32,10.62,47.06,-830635.18,6.51
11:12,101536.41,18.15,21.85,101548.07,10.93,47.74,-830522.31,4.94
11:13,101532.10,18.20,21.46,101544.28,10.58,47.72,-829924.00,4.34
11:14,101538.02,18.18,21.43,101552.82,10.61,47.72,-830678.68,5.01
11:15,101522.83,18.32,21.61,101553.60,10.95,49.25,-830474.00,4.97
11:16,101531.78,18.55,21.13,101557.00,11.08,47.28,-830298.12,6.65
11:17,101528.67,18.71,20.95,101554.77,11.01,47.11,-830417.87,6.55
11:18,101537.85,18.80,20.80,101550.77,10.92,47.22,-830176.68,6.41
11:19,101528.02,18.57,20.48,101543.28,10.64,47.77,-830204.68,4.68
11:20,101530.15,18.49,20.74,101546.41,10.63,48.99,-830479.68,6.43
11:21,101518.66,18.63,20.69,101544.75,10.68,48.58,-830253.87,5.71
11:22,101511.16,18.65,20.58,101545.36,10.74,47.98,-830057.12,4.71
11:23,101521.64,18.92,20.59,101547.11,11.14,48.88,-830636.31,4.14
11:24,101525.31,19.33,20.42,101547.39,11.30,48.46,-831064.31,5.05
11:25,101517.86,19.50,20.18,101549.49,11.40,46.88,-830657.50,6.77
11:26,101529.67,14.19,32.62,101545.24,11.76,46.37,-830472.62,2.64
11:27,101527.59,6.60,55.97,101535.42,11.31,48.46,-830276.81,0.66
11:28,101520.55,9.49,53.22,101533.86,11.19,48.55,-830934.50,2.06
11:29,101512.67,14.24,37.87,101535.63,11.07,48.76,-830595.18,5.77
11:30,101526.54,18.98,23.90,101543.13,10.93,48.30,-830944.81,4.90
11:31,101507.94,20.15,21.41,101536.03,10.96,47.31,-831682.81,4.12
11:32,101514.14,19.16,20.96,101532.78,11.19,47.65,-831078.37,6.79
11:33,101517.14,18.87,21.14,101537.17,11.03,48.44,-831249.62,5.77
11:34,101522.40,18.92,21.45,101537.64,11.34,48.54,-830997.81,5.23
11:35,101511.85,18.99,20.91,101537.83,11.24,47.13,-830311.87,4.84
11:36,101514.85,18.73,21.08,101529.88,11.18,47.69,-831446.31,4.23
11:37,101514.28,18.90,20.90,101537.49,11.19,48.96,-831410.00,4.05
11:38,101506.84,18.82,20.80,101533.85,11.20,47.79,-831076.87,4.83
11:39,101505.86,18.95,20.89,101531.90,11.39,46.85,-831516.31,4.67
11:40,101507.17,19.11,20.54,101532.67,11.29,47.75,-830519.81,4.09
11:41,101505.49,18.97,20.68,101533.03,11.45,46.70,-831755.00,4.81
11:42,101506.83,19.16,20.82,101535.61,11.42,48.63,-831719.12,5.66
11:43,101506.58,19.34,20.90,101536.87,11.68,49.57,-831509.87,5.06
11:44,101504.42,18.18,24.48,101521.39,11.94,46.56,-831286.87,1.62
11:45,101512.63,6.08,58.23,101531.10,11.64,49.75,-830602.50,1.35
11:46,101515.89,8.88,57.43,101524.50,11.75,49.55,-831787.87,1.32
11:47,101512.42,10.42,50.88,101525.46,11.97,49.20,-831809.18,4.69
11:48,101497.24,18.98,24.69,101524.05,11.56,49.47,-831969.18,5.55
11:49,101492.85,20.34,21.98,101522.83,11.54,48.91,-831806.62,5.93
11:50,101493.85,20.01,20.65,101524.80,11.40,48.48,-831663.18,4.09
11:51,101494.33,19.27,20.91,101518.14,11.32,48.74,-832258.68,5.25
11:52,101493.91,19.23,21.12,101517.66,11.53,47.84,-832377.18,5.37
11:53,101499.21,18.83,22.94,101521.57,11.70,47.74,-832609.62,1.55
11:54,101510.27,5.99,58.53,101513.23,11.13,49.13,-832045.00,1.30
11:55,101509.99,8.97,56.45,101517.72,11.27,50.56,-832875.50,1.31
11:56,101511.00,10.04,51.41,101524.87,11.38,49.59,-833205.00,5.23
11:57,101501.86,18.71,24.65,101512.76,10.83,47.64,-833378.37,4.65
11:58,101487.80,20.05,22.16,101512.64,11.28,46.79,-833532.62,4.58
11:59,101493.67,15.35,31.05,101513.65,11.28,47.51,-833674.87,1.55
12:0,101504.29,6.46,58.61,101508.11,11.03,48.98,-832760.62,1.28
12:1,101511.92,9.22,54.50,101509.39,11.06,48.89,-833481.87,1.28
12:2,101499.30,12.63,43.85,101510.11,11.09,50.43,-833593.12,4.58
12:3,101482.28,19.31,24.72,101518.33,11.34,49.15,-834472.81,5.19
12:4,101492.35,20.45,22.26,101519.89,11.47,47.99,-833776.18,4.45
12:5,101489.94,20.08,20.98,101518.60,11.34,48.66,-834479.81,4.96
12:6,101480.27,19.51,21.10,101520.36,11.40,48.38,-834026.87,4.47
12:7,101515.87,6.03,56.90,101520.43,10.62,50.97,-833953.68,0.80
12:8,101510.73,8.19,59.45,101518.42,10.84,51.97,-834759.37,1.46
12:9,101504.73,10.04,54.90,101513.61,10.43,54.39,-834907.62,0.52
12:10,101494.07,18.23,27.92,101516.66,10.46,56.17,-835579.31,3.89
12:11,101500.46,20.19,23.73,101521.06,10.84,55.57,-835241.37,5.30
12:12,101493.96,20.71,21.97,101523.62,10.78,56.41,-834530.18,4.71
12:13,101493.05,20.18,21.61,101524.47,10.96,55.53,-835119.18,4.69
12:14,101504.16,19.70,21.75,101528.70,10.50,57.92,-835281.00,4.44
12:15,101498.88,19.55,22.05,101529.58,10.52,58.91,-835228.00,4.40
12:16,101502.78,19.42,21.94,101535.69,10.23,59.55,-835049.12,5.84
12:17,101501.40,19.61,21.96,101530.82,10.61,58.63,-836008.18,4.85
12:18,101513.62,19.82,21.95,101528.28,10.51,59.49,-835233.87,5.26
12:19,101500.72,19.83,21.83,101527.61,10.51,59.00,-835862.00,4.28
12:20,101507.91,19.88,21.63,101529.77,10.48,58.12,-835721.87,3.90
12:21,101514.82,19.80,21.46,101541.41,10.01,59.92,-835771.50,5.08
12:22,101520.52,19.71,21.52,101540.58,10.16,59.53,-836043.81,4.05
12:23,101512.41,19.52,21.93,101538.32,9.86,61.23,-835781.00,3.90
12:24,101509.58,19.55,21.75,101541.77,10.03,59.91,-836547.31,4.98
12:25,101519.87,19.71,21.83,101543.64,9.78,60.65,-835954.18,4.98
12:26,101513.79,19.84,21.68,101537.57,10.40,58.87,-836702.37,5.10
12:27,101515.38,20.19,22.24,101543.57,10.69,60.60,-837043.31,5.97
12:28,101522.53,20.54,21.87,101537.71,10.51,60.09,-836747.00,5.01
12:29,101530.09,6.71,55.32,101537.58,10.07,61.11,-836291.68,1.35
12:30,101536.47,8.32,62.21,101541.21,10.06,60.60,-836803.31,0.50
12:31,101533.92,9.81,59.09,101535.38,9.88,60.38,-836648.87,0.51
12:32,101517.95,17.90,26.23,101538.21,10.09,59.53,-837718.81,4.59
12:33,101511.30,19.63,23.74,101535.85,10.35,58.96,-837633.68,3.87
12:34,101514.32,20.30,21.78,101536.44,10.26,58.42,-837619.68,5.74
12:35,101500.14,19.55,21.62,101530.88,10.35,57.57,-837234.62,4.95
12:36,101511.75,19.26,22.07,101535.43,10.15,59.49,-837244.87,4.38
12:37,101505.97,19.25,21.76,101529.11,10.16,58.74,-837518.50,4.00
12:38,101511.18,19.31,21.52,101531.03,10.41,56.21,-838061.87,5.69
12:39,101498.92,19.41,21.14,101524.58,10.74,54.03,-838385.68,5.05
12:40,101508.63,19.44,21.18,101523.25,10.87,54.21,-837717.87,5.50
12:41,101505.54,19.50,21.22,101525.59,10.67,55.13,-837270.18,4.95
12:42,101499.91,19.36,21.25,101529.46,10.21,55.14,-781447.62,4.36
12:43,101505.68,19.28,20.97,101525.73,10.56,53.53,-837804.12,4.89
12:44,101497.24,19.50,21.31,101530.47,10.85,54.25,-838606.50,4.43
12:45,101510.21,19.67,21.46,101528.91,10.58,55.86,-838536.81,4.32
12:46,101499.56,19.61,21.09,101522.02,10.75,53.47,-838049.31,5.74
12:47,101511.06,19.71,20.86,101528.21,10.79,52.36,-838009.81,5.96
12:48,101497.17,19.79,20.70,101518.30,10.71,51.84,-838191.81,4.98
12:49,101498.83,19.99,21.24,101521.32,11.05,52.13,-838460.12,5.75
12:50,101500.64,20.24,21.10,101521.73,11.05,51.31,-838393.37,4.94
12:51,101505.50,20.24,21.92,101527.50,11.46,52.26,-838224.62,4.74
12:52,101500.57,14.79,32.52,101521.77,11.23,50.40,-838229.87,1.59
12:53,101515.30,8.77,55.14,101524.11,11.00,51.98,-838119.18,0.50
12:54,101513.87,10.25,52.27,101528.95,11.03,51.96,-838628.81,0.50
12:55,101500.71,15.52,31.95,101518.30,11.02,52.46,-838484.68,4.80
12:56,101497.54,18.42,23.76,101520.39,11.05,50.45,-838813.18,5.12
12:57,101498.58,20.00,21.49,101525.35,11.05,49.91,-838415.18,4.91
12:58,101489.38,19.96,20.45,101514.74,11.13,48.89,-838739.50,4.12
12:59,101492.67,19.43,20.67,101513.88,11.11,49.09,-839090.18,4.07
13:0,101492.67,19.47,21.07,101519.29,11.35,51.01,-838823.31,5.67
13:1,101493.91,19.66,20.82,101521.03,11.65,49.71,-839054.00,0.81
13:2,101507.20,6.69,54.91,101512.35,11.06,48.93,-838059.68,0.52
13:3,101504.58,9.00,53.65,101510.21,11.11,50.41,-838700.62,1.37
13:4,101500.46,9.89,51.20,101513.07,11.13,49.02,-839102.31,4.40
13:5,101493.85,19.12,24.21,101516.03,11.48,48.56,-839726.81,4.78
13:6,101499.83,13.28,36.35,101519.40,11.48,49.51,-838948.18,1.59
13:7,101507.60,7.67,54.38,101514.22,11.17,49.69,-838841.37,1.24
13:8,101502.51,9.90,54.43,101521.00,11.47,50.27,-839409.31,1.28
13:9,101489.96,15.39,36.48,101510.25,11.40,48.56,-839343.68,5.17
13:10,101481.40,20.13,23.42,101521.85,11.73,48.32,-839476.62,5.36
13:11,101485.92,20.42,21.33,101514.91,11.85,47.37,-839204.81,5.59
13:12,101501.46,7.63,53.05,101513.75,11.68,49.18,-838379.81,1.55
13:13,101507.52,9.09,54.48,101513.53,11.64,47.43,-838766.00,1.24
13:14,101504.83,10.81,49.61,101520.14,11.66,48.14,-839290.18,0.48
13:15,101498.81,18.78,27.28,101521.91,11.70,48.91,-840034.18,3.99
13:16,101485.80,20.45,22.37,101517.41,12.07,47.37,-840022.12,4.97
13:17,101498.23,10.00,45.86,101513.97,12.04,48.74,-839456.62,1.09
13:18,101504.83,8.62,56.61,101514.55,11.98,47.62,-839639.50,0.48
13:19,101503.63,10.77,51.00,101515.44,12.21,49.43,-839993.68,0.50
13:20,101490.17,17.42,31.27,101511.22,12.10,46.47,-839992.87,4.29
13:21,101491.54,20.33,23.55,101516.13,11.95,47.48,-839367.50,3.91
13:22,101483.91,20.08,21.55,101513.77,11.80,45.68,-839847.68,4.55
13:23,101497.53,6.92,58.72,101516.38,11.71,47.33,-839612.81,1.25
13:24,101493.67,9.56,52.51,101505.94,11.92,46.72,-840601.31,0.50
13:25,101496.10,11.13,48.61,101508.10,12.05,47.21,-840618.81,0.50
13:26,101488.17,19.19,26.50,101507.59,12.07,45.38,-841150.12,5.79
13:27,101501.33,12.57,39.78,101508.66,12.00,46.42,-840587.18,1.56
13:28,101494.83,8.17,57.64,101503.46,12.01,46.17,-840673.50,0.49
13:29,101494.78,10.22,51.43,101502.31,12.07,45.49,-840913.87,0.57
13:30,101480.95,15.36,37.73,101508.56,11.54,46.20,-841322.31,5.88
13:31,101471.72,19.22,25.64,101504.77,11.86,45.85,-841760.31,3.91
13:32,101469.85,17.47,28.90,101498.02,11.93,46.28,-841489.81,0.77
13:33,101492.97,7.63,59.29,101507.77,11.63,47.42,-840613.87,1.24
13:34,101491.01,9.88,52.70,101500.82,11.88,47.26,-841806.31,0.47
13:35,101489.71,11.87,48.12,101502.60,12.14,48.25,-842288.81,4.27
13:36,101476.63,19.06,26.45,101501.12,12.12,46.46,-842200.50,5.87
13:37,101488.25,11.02,45.83,101493.64,12.51,46.16,-841643.81,0.79
13:38,101490.49,8.74,58.42,101495.28,12.33,47.27,-841892.50,1.25
13:39,101478.92,10.72,50.12,101493.53,12.10,46.32,-842204.31,0.50
13:40,101468.60,16.49,35.59,101489.02,11.91,46.10,-842395.81,4.29
13:41,101459.21,19.44,25.29,101487.39,12.02,45.03,-842356.18,4.20
13:42,101467.80,9.72,47.91,101485.14,11.76,45.04,-842295.37,0.78
13:43,101481.69,8.46,56.78,101487.96,11.99,45.30,-843117.68,1.25
13:44,101479.14,10.49,50.77,101487.45,12.37,45.97,-843321.62,1.31
13:45,101459.69,17.14,32.83,101487.32,12.52,45.25,-843657.00,3.85
13:46,101476.22,12.25,41.24,101481.50,11.86,44.65,-842971.00,1.55
13:47,101481.16,8.69,56.51,101484.78,11.76,45.70,-843365.12,0.55
13:48,101479.77,10.70,49.42,101491.29,11.96,45.67,-843995.12,0.54
13:49,101453.17,15.27,39.78,101483.16,11.87,46.70,-844136.68,3.79
13:50,101446.71,19.15,26.19,101475.89,12.46,44.98,-844493.81,5.01
13:51,101473.69,8.64,57.20,101479.57,12.68,46.68,-844483.00,0.79
13:52,101473.49,9.33,57.40,101480.46,12.64,46.65,-844560.68,0.52
13:53,101471.91,11.08,50.43,101481.88,12.54,45.78,-844773.81,0.50
13:54,101465.19,7.62,70.67,101482.71,12.01,45.23,-844316.12,0.79
13:55,101478.89,9.19,58.92,101480.71,11.87,46.48,-845875.62,1.28
13:56,101472.25,10.59,53.39,101478.71,12.10,45.75,-846337.50,0.52
13:57,101449.78,16.89,32.14,101473.20,11.60,45.73,-846252.00,3.93
13:58,101445.05,19.01,25.71,101470.35,11.59,46.39,-846348.37,4.36
13:59,101439.32,19.67,22.65,101466.25,11.72,45.63,-846538.87,3.85
14:0,101457.42,17.11,28.05,101473.27,11.83,43.89,-847690.62,1.59
14:1,101472.86,6.70,59.92,101484.64,11.44,45.11,-847363.68,0.50
14:2,101458.57,9.92,50.26,101470.17,11.50,46.05,-848427.68,0.49
14:3,101451.80,11.46,44.21,101465.07,11.84,46.06,-848860.68,3.75
14:4,101455.39,19.59,25.49,101468.98,11.85,45.57,-849031.62,4.96
14:5,101441.79,20.18,21.67,101465.13,11.98,44.87,-848877.50,5.94
14:6,101454.99,7.38,54.22,101469.99,12.06,44.24,-848575.31,1.58
14:7,101470.89,8.46,56.25,101475.34,12.20,45.00,-849427.68,1.26
14:8,101467.14,10.62,48.10,101475.50,11.61,45.16,-849276.87,0.49
14:9,101452.69,18.31,28.79,101478.78,11.52,45.05,-849661.12,5.01
14:10,101443.27,20.41,22.54,101467.66,12.09,44.32,-850370.62,5.09
14:11,101463.05,7.05,57.72,101468.10,12.15,43.92,-849364.18,0.81
14:12,101459.44,9.07,54.67,101466.04,12.05,44.98,-849667.50,0.49
14:13,101455.97,10.86,47.51,101463.85,11.71,45.21,-850281.31,0.50
14:14,101453.41,18.86,28.14,101467.71,11.88,46.49,-850775.31,4.69
14:15,101434.60,20.65,22.61,101460.69,12.29,44.30,-850852.00,4.04
14:16,101461.83,6.96,58.12,101460.29,11.74,44.96,-849806.00,0.79
14:17,101461.57,8.67,55.30,101462.37,12.01,45.21,-850817.18,0.50
14:18,101462.38,10.77,48.41,101466.49,11.88,45.00,-850929.37,0.48
14:19,101432.16,19.08,27.70,101463.37,11.91,44.95,-851366.50,5.37
14:20,101454.82,9.12,49.52,101462.75,11.66,44.15,-850968.62,0.80
14:21,101454.80,8.28,57.98,101456.24,11.78,44.46,-851562.81,0.50
14:22,101460.96,10.41,51.60,101472.14,12.13,46.21,-851903.50,0.49
14:23,101438.69,17.55,31.04,101456.18,12.11,44.67,-851895.68,5.34
14:24,101448.50,8.34,56.29,101454.34,11.74,44.68,-851029.18,0.80
14:25,101449.10,8.73,57.90,101451.68,11.86,45.40,-851819.68,0.51
14:26,101446.11,10.58,50.63,101456.25,12.08,45.78,-852357.37,0.54
14:27,101434.01,17.74,30.78,101454.88,12.12,46.03,-852580.31,4.29
14:28,101435.92,14.88,35.04,101449.42,12.19,45.57,-852564.87,1.56
14:29,101448.60,8.26,60.71,101450.21,11.74,46.49,-852182.81,0.51
14:30,101447.14,10.40,51.87,101452.18,11.95,46.59,-853205.12,0.49
14:31,101430.57,14.29,38.07,101447.61,12.14,46.36,-853356.12,4.46
14:32,101445.32,12.24,42.62,101447.27,11.98,45.55,-853418.50,0.80
14:33,101442.32,8.63,65.29,101442.50,12.08,46.22,-853335.12,0.57
14:34,101439.75,10.50,52.74,101443.03,12.44,45.86,-853962.12,0.51
14:35,101428.64,15.76,34.86,101443.92,12.09,45.90,-854092.81,4.00
14:36,101442.25,13.91,38.42,101445.83,12.84,45.09,-854973.87,0.83
14:37,101429.89,8.99,61.73,101438.86,12.33,45.92,-853967.37,0.70
14:38,101444.96,10.58,52.87,101451.93,12.62,45.74,-855036.68,1.29
14:39,101436.71,14.46,39.57,101439.42,12.55,45.82,-854890.87,1.57
14:40,101437.82,9.33,70.48,101440.21,12.69,47.58,-855070.12,1.35
14:41,101437.78,10.60,55.88,101441.53,13.01,45.39,-855680.31,0.53
14:42,101436.45,12.21,54.63,101446.40,13.23,46.66,-855677.87,0.87
14:43,101436.19,9.29,70.30,101443.86,12.55,45.06,-855309.62,1.28
14:44,101436.06,10.50,58.76,101439.00,12.75,45.98,-856334.18,0.52
14:45,101436.12,11.58,53.89,101435.42,12.73,46.62,-856619.87,3.20
14:46,101432.66,9.58,71.79,101441.96,12.73,48.78,-856876.81,1.40
14:47,101431.64,10.85,55.57,101433.82,12.71,47.08,-857414.18,1.37
14:48,101436.30,11.95,55.13,101446.00,12.94,46.82,-857885.18,5.03
14:49,101440.32,9.88,69.93,101440.11,12.74,48.64,-857411.18,0.79
14:50,101432.44,11.15,53.61,101437.66,12.86,46.92,-858203.50,0.51
14:51,101439.13,11.81,49.80,101443.25,12.34,46.41,-858161.81,0.94
14:52,101431.36,10.17,68.26,101438.38,12.43,48.60,-858602.12,1.66
14:53,101433.75,10.94,58.15,101443.50,12.51,46.46,-858889.81,1.35
14:54,101429.07,11.61,50.82,101436.03,12.44,46.90,-859138.37,0.55
14:55,101422.82,10.23,66.47,101431.44,12.30,47.76,-858957.50,0.80
14:56,101426.82,11.01,57.59,101434.35,12.07,47.40,-859163.68,0.46
14:57,101420.86,11.57,55.07,101429.28,12.42,47.69,-859847.62,0.48
14:58,101415.07,11.75,56.59,101427.57,12.68,47.34,-860034.31,0.84
14:59,101424.47,10.58,61.57,101425.63,12.65,47.94,-859977.31,0.47
15:0,101418.97,11.80,52.52,101428.74,12.95,47.72,-859714.18,0.49
15:1,101425.29,11.43,59.17,101422.47,12.74,46.77,-860076.50,1.58
15:2,101417.38,10.70,62.30,101421.89,12.48,47.09,-860011.81,0.48
15:3,101412.69,11.46,51.33,101420.71,12.54,46.86,-860317.37,0.47
15:4,101418.53,11.24,61.02,101420.37,12.88,47.98,-860478.62,0.79
15:5,101415.18,11.01,61.25,101423.83,13.21,46.75,-860657.87,1.26
15:6,101409.49,11.90,50.79,101413.64,13.18,45.14,-860630.50,1.25
15:7,101399.59,11.42,61.88,101412.14,13.38,47.36,-860547.12,0.81
15:8,101404.01,11.27,57.71,101411.16,13.30,45.38,-860179.81,0.48
15:9,101401.25,12.01,50.58,101404.40,13.32,46.06,-860289.62,1.27
15:10,101397.93,12.68,52.52,101413.50,13.49,44.90,-860843.50,1.59
15:11,101400.66,10.97,64.46,101408.21,13.48,45.41,-860794.00,0.47
15:12,101395.47,12.08,51.38,101397.89,13.37,45.72,-861157.37,1.24
15:13,101381.27,15.27,38.09,101402.43,14.01,44.54,-861338.37,5.02
15:14,101372.85,18.82,27.86,101400.90,14.46,43.10,-860879.81,4.79
15:15,101374.83,21.10,23.93,101399.99,14.24,43.10,-860357.50,5.88
15:16,101375.41,20.91,21.68,101405.38,14.10,42.46,-860528.00,4.85
15:17,101386.77,20.62,21.63,101390.98,14.14,41.89,-860922.81,4.74
15:18,101382.75,20.61,21.47,101401.99,14.26,41.72,-860936.68,4.74
15:19,101379.58,20.63,20.87,101394.93,13.73,41.21,-859706.12,4.25
15:20,101384.82,20.59,21.11,101406.02,13.86,42.61,-861033.37,4.13
15:21,101373.74,20.37,20.71,101394.46,13.24,43.52,-860134.00,4.58
15:22,101377.46,20.27,20.86,101396.11,13.15,43.29,-861375.68,4.75
15:23,101373.72,20.30,20.81,101397.11,13.08,43.50,-861100.37,3.88
15:24,101369.92,20.23,20.51,101391.82,12.81,44.22,-861388.62,4.09
15:25,101373.34,20.40,20.82,101387.89,13.42,42.63,-862042.12,3.89
15:26,101366.99,20.56,20.63,101385.87,13.32,43.19,-861609.81,4.38
15:27,101360.78,20.56,20.34,101381.50,13.19,43.19,-861338.00,4.48
15:28,101355.06,20.54,20.69,101373.44,13.51,42.34,-861927.31,4.52
15:29,101358.64,20.60,20.49,101376.47,13.51,42.71,-862280.00,5.16
15:30,101350.92,20.71,20.70,101369.65,13.75,44.34,-862255.62,4.76
15:31,101349.44,20.96,20.49,101371.55,13.84,43.44,-861762.62,4.72
15:32,101344.63,21.08,20.22,101370.66,14.00,42.37,-861682.87,4.74
15:33,101349.83,21.08,20.12,101366.22,14.20,42.22,-861909.12,4.97
15:34,101354.89,21.31,20.29,101367.74,14.17,42.54,-862170.87,3.93
15:35,101350.41,21.40,20.01,101375.17,13.86,43.96,-861840.12,4.83
15:36,101347.78,21.27,19.87,101372.88,13.03,45.34,-861324.12,4.00
15:37,101352.74,21.14,19.84,101373.21,12.95,46.26,-862356.12,4.46
15:38,101343.28,21.21,19.94,101367.96,13.11,45.92,-862559.62,4.73
15:39,101350.49,21.44,19.62,101376.58,13.45,45.36,-862443.00,4.59
15:40,101359.16,21.44,19.36,101373.07,13.39,44.68,-863133.62,4.14
15:41,101344.14,21.47,19.34,101373.63,13.29,44.41,-862641.87,4.92
15:42,101352.64,21.26,18.89,101371.17,12.70,44.60,-862456.31,5.53
15:43,101331.20,21.08,18.81,101360.41,12.94,42.74,-863452.37,5.74
15:44,101334.39,21.23,18.67,101360.04,12.95,43.11,-863035.18,4.14
15:45,101341.91,21.29,19.02,101360.35,13.04,43.75,-863301.87,4.21
15:46,101333.75,21.49,18.79,101356.37,13.26,43.94,-863201.00,5.36
15:47,101335.97,21.71,18.81,101362.39,13.32,43.41,-863175.81,5.90
15:48,101337.92,21.85,18.91,101361.28,13.17,44.97,-863351.12,4.79
15:49,101324.42,21.78,18.64,101348.16,12.76,44.53,-862920.62,4.55
15:50,101323.27,21.79,18.68,101351.81,12.67,45.30,-863620.12,4.64
15:51,101325.94,22.01,18.38,101344.11,13.16,44.08,-863755.00,5.54
15:52,101333.35,22.22,18.45,101350.08,13.41,44.24,-863820.00,3.83
15:53,101326.11,22.32,18.68,101352.22,12.88,45.26,-863726.62,4.03
15:54,101326.35,22.10,18.97,101349.39,12.42,46.83,-863488.81,5.97
15:55,101322.22,22.14,18.85,101348.57,12.82,46.14,-863828.62,5.24
15:56,101336.05,22.21,19.16,101345.89,12.68,46.49,-863879.37,5.85
15:57,101328.89,22.01,18.82,101356.21,12.28,46.39,-863892.87,5.78
15:58,101327.28,21.78,19.04,101349.64,12.09,46.54,-863635.50,5.63
15:59,101338.93,16.33,30.18,101349.67,12.29,46.81,-863807.00,1.52
16:0,101342.02,7.41,53.11,101348.75,12.24,46.55,-864002.00,0.81
16:1,101342.10,4.83,66.37,101346.10,11.82,47.05,-863544.12,0.77
16:2,101343.38,7.17,76.93,101343.21,11.71,50.12,-864269.37,1.46
16:3,101333.33,8.54,77.85,101342.60,11.78,49.71,-864964.87,2.19
16:4,101347.72,8.82,77.63,101342.93,11.74,48.54,-865051.62,1.44
16:5,101323.08,8.92,77.33,101337.77,11.78,50.52,-864907.68,0.77
16:6,101326.91,8.82,75.96,101337.42,11.48,49.83,-865210.62,1.52
16:7,101321.70,9.19,76.02,101334.14,11.75,51.44,-865382.18,0.77
16:8,101326.46,9.56,75.08,101332.33,11.94,50.90,-865375.68,0.79
16:9,101332.64,9.73,73.81,101337.37,12.01,52.07,-865392.87,0.79
16:10,101327.42,9.78,71.85,101328.80,11.90,50.14,-865391.81,0.77
16:11,101324.57,9.87,71.88,101328.50,11.98,50.78,-865479.00,0.78
16:12,101324.46,9.99,71.62,101328.19,12.05,51.66,-865814.87,1.59
16:13,101313.37,10.21,72.05,101325.13,12.18,52.00,-865967.31,1.53
16:14,101315.05,10.20,69.86,101323.35,12.10,50.04,-865761.00,0.77
16:15,101322.14,10.19,69.29,101325.05,11.99,50.04,-865928.12,0.77
16:16,101294.07,17.80,31.29,101311.67,12.18,49.65,-866338.81,4.54
16:17,101296.82,10.11,67.78,101307.99,12.19,49.84,-865905.12,0.78
16:18,101303.86,11.16,55.40,101311.89,12.16,49.73,-866048.12,0.47
16:19,101301.55,11.90,52.29,101314.27,12.33,49.57,-866199.50,0.49
16:20,101292.89,10.74,66.29,101304.42,12.28,50.72,-866093.50,0.71
16:21,101296.19,11.43,56.14,101304.99,12.38,49.28,-866413.68,0.48
16:22,101295.92,11.98,52.90,101306.52,12.50,49.54,-866683.50,1.22
16:23,101292.91,11.05,65.11,101296.71,12.59,50.85,-866460.12,0.78
16:24,101296.61,11.80,54.02,101302.52,12.51,50.03,-866462.00,0.46
16:25,101284.47,12.27,51.41,101301.25,12.67,49.31,-866813.81,1.22
16:26,101284.88,11.93,60.95,101294.84,12.83,50.53,-866654.00,0.79
16:27,101286.85,11.37,62.95,101294.97,12.63,49.84,-866785.50,1.20
16:28,101286.53,12.01,52.74,101300.21,12.49,49.73,-866505.81,0.48
16:29,101282.75,18.18,28.47,101301.66,12.50,48.93,-867214.31,5.63
16:30,101258.52,20.67,25.17,101290.39,12.67,47.88,-866925.31,4.61
16:31,101253.33,21.18,21.74,101287.27,12.34,49.05,-866482.12,4.70
16:32,101268.58,20.46,21.97,101286.10,12.52,48.54,-867489.12,5.26
16:33,101256.57,20.46,21.81,101284.02,12.97,46.96,-867301.31,4.40
16:34,101266.44,20.55,21.59,101282.77,12.95,47.54,-866742.12,5.42
16:35,101250.88,20.48,21.48,101281.38,12.44,48.18,-867461.81,5.71
16:36,101245.85,20.60,21.50,101279.67,12.57,48.76,-867783.87,5.49
16:37,101263.85,20.83,21.22,101281.85,13.00,48.01,-867310.00,4.37
16:38,101237.10,20.79,21.11,101266.01,12.80,48.52,-867408.50,5.63
16:39,101258.55,20.70,21.04,101282.64,12.26,50.06,-867279.18,6.98
16:40,101248.00,20.86,20.92,101278.34,12.49,49.71,-867866.37,4.71
16:41,101251.63,20.79,20.80,101277.99,12.57,49.40,-867789.31,3.78
16:42,101249.85,20.96,20.77,101274.09,12.47,49.77,-868021.81,5.07
16:43,101256.00,20.99,20.85,101275.21,12.54,49.76,-867834.68,5.74
16:44,101242.21,21.06,20.73,101271.85,12.77,49.40,-868134.00,5.71
16:45,101238.64,21.18,20.46,101276.82,13.07,47.05,-868036.62,4.86
16:46,101247.58,21.45,20.40,101274.10,13.42,47.85,-868286.37,5.41
16:47,101256.67,21.60,20.23,101268.38,13.12,47.75,-867661.12,4.42
16:48,101238.02,21.60,20.11,101259.25,13.11,47.93,-868707.18,4.45
16:49,101241.72,21.63,20.05,101268.06,12.95,48.85,-867886.00,4.74
16:50,101236.44,21.70,19.94,101264.51,13.29,48.68,-868494.00,4.92
16:51,101245.05,21.78,19.89,101257.67,13.17,48.88,-867938.37,4.05
16:52,101238.57,21.93,19.85,101264.69,13.55,47.80,-868345.31,5.54
16:53,101229.21,22.10,19.62,101256.55,13.11,48.65,-867872.50,5.66
16:54,101225.80,22.06,19.64,101257.68,13.33,47.70,-868436.18,5.23
16:55,101225.94,22.34,19.34,101254.18,13.69,46.94,-868625.87,4.81
16:56,101225.35,22.47,19.53,101251.03,13.26,49.13,-868192.62,5.03
16:57,101226.03,22.50,19.30,101252.07,13.26,49.06,-868995.62,4.67
16:58,101234.96,22.77,19.24,101257.13,13.42,48.88,-868820.18,4.27
16:59,101232.11,22.87,19.28,101253.83,13.13,49.85,-868867.68,5.01
17:0,101231.17,23.00,19.50,101257.15,13.08,50.40,-868833.81,5.12
17:1,101254.17,23.13,19.15,101274.17,13.02,50.77,-868525.50,5.07
17:2,101225.00,23.09,19.52,101251.12,12.87,50.98,-869306.50,6.25
17:3,101225.75,23.05,19.60,101250.72,12.80,51.67,-869199.87,4.21
17:4,101225.88,23.22,19.60,101245.33,13.19,50.65,-869422.31,3.87
17:5,101225.78,23.36,19.53,101246.25,13.30,50.10,-869723.37,6.05
17:6,101224.25,23.45,19.71,101246.08,13.55,49.15,-869605.50,6.12
17:7,101214.66,23.47,20.13,101243.50,13.20,50.74,-869412.62,6.01
17:8,101222.26,23.41,20.49,101245.53,12.85,52.44,-869682.12,4.00
17:9,101224.20,23.44,20.30,101241.17,13.29,50.78,-869725.87,4.98
17:10,101216.99,23.57,20.27,101243.09,13.63,49.86,-869651.87,5.97
17:11,101228.58,23.63,20.60,101247.57,13.50,50.79,-869840.87,4.06
17:12,101219.82,23.48,21.04,101245.22,13.18,52.18,-869781.31,5.01
17:13,101210.34,23.38,21.26,101238.48,13.15,52.27,-869619.12,6.04
17:14,101222.94,23.33,21.50,101241.83,12.98,52.86,-869777.12,5.11
17:15,101224.60,17.04,33.90,101244.47,12.58,54.56,-869325.12,0.74
17:16,101235.25,7.62,56.13,101242.07,12.30,55.06,-869295.81,0.77
17:17,101236.24,5.45,69.01,101239.02,12.31,54.40,-870023.12,0.79
17:18,101225.44,8.20,78.37,101237.54,12.38,55.44,-870591.18,1.53
17:19,101240.53,9.62,80.08,101241.89,12.46,55.90,-871166.50,1.53
17:20,101230.16,9.99,80.53,101240.40,12.58,57.16,-871142.18,0.76
17:21,101218.51,10.10,80.40,101236.87,12.58,57.57,-871257.18,0.75
17:22,101232.85,10.25,80.18,101241.10,12.56,57.37,-871714.18,0.76
17:23,101225.52,10.30,79.34,101241.52,12.52,56.75,-871722.50,1.63
17:24,101223.75,10.33,78.10,101238.17,12.24,57.81,-872037.12,1.55
17:25,101217.17,10.54,77.19,101229.17,12.28,58.09,-872462.87,1.53
17:26,101231.63,10.79,76.17,101233.23,12.37,58.28,-872608.18,0.77
17:27,101219.75,10.83,74.80,101235.67,12.29,57.23,-872629.68,0.79
17:28,101219.22,10.92,74.81,101229.38,12.41,58.17,-872928.62,0.79
17:29,101224.05,10.99,74.28,101223.72,12.40,58.00,-873173.50,1.53
17:30,101223.42,11.01,73.95,101238.82,12.38,57.99,-873329.12,1.59
17:31,101222.82,11.06,72.95,101225.77,12.33,57.64,-873484.31,1.57
17:32,101199.50,19.01,30.59,101226.01,12.61,55.85,-873771.37,5.94
17:33,101201.53,21.11,25.34,101225.43,12.76,55.60,-874025.50,5.00
17:34,101196.10,22.45,23.24,101220.42,12.77,55.15,-873885.12,4.58
17:35,101183.71,22.61,22.20,101212.14,13.00,54.19,-873864.37,4.27
17:36,101186.64,22.33,21.65,101212.39,12.72,55.02,-874318.12,5.42
17:37,101179.77,22.02,21.44,101214.42,12.50,55.51,-874278.18,4.77
17:38,101185.03,22.00,21.29,101210.85,12.92,53.68,-874283.50,3.89
17:39,101182.19,22.01,21.23,101212.40,12.74,55.03,-874448.12,5.02
17:40,101181.46,22.14,21.15,101207.34,13.26,52.63,-874851.18,4.75
17:41,101179.16,22.34,21.01,101207.03,13.25,53.22,-874923.31,4.38
17:42,101181.30,22.36,20.80,101207.80,13.18,53.61,-875125.50,5.62
17:43,101185.72,22.34,20.89,101208.29,13.10,53.18,-874687.12,5.89
17:44,101180.62,22.45,20.64,101205.64,13.17,52.86,-875153.00,4.94
17:45,101185.80,22.60,20.60,101205.16,13.40,53.13,-875292.12,4.62
17:46,101183.46,22.58,20.51,101202.01,13.20,52.92,-875224.31,4.42
17:47,101171.92,22.55,20.50,101200.41,13.07,53.55,-875028.37,4.95
17:48,101181.46,22.59,20.25,101203.50,13.28,52.79,-875850.50,3.88
17:49,101177.64,22.61,20.19,101205.97,13.36,53.44,-876103.81,4.29
17:50,101170.42,22.72,20.17,101198.50,13.52,52.04,-876217.37,5.48
17:51,101166.60,22.88,20.12,101201.70,13.59,52.53,-875821.31,4.85
17:52,101163.10,22.92,20.09,101193.66,13.26,53.92,-875835.31,5.53
17:53,101162.39,22.88,20.04,101188.26,12.97,55.28,-875892.81,4.19
17:54,101168.51,22.87,20.07,101183.35,13.16,54.21,-876638.37,4.13
17:55,101162.43,23.04,19.77,101192.19,13.64,52.64,-876235.50,4.92
17:56,101170.10,23.22,19.87,101189.19,13.72,52.22,-876312.62,4.97
17:57,101154.82,23.24,19.81,101178.81,13.24,54.45,-876191.68,5.02
17:58,101163.32,23.23,19.79,101181.07,13.28,54.06,-877008.87,4.27
17:59,101144.26,23.34,19.79,101177.30,13.46,53.91,-877073.68,4.83
18:0,101145.61,23.47,19.70,101178.07,13.41,54.10,-876967.00,5.09
18:1,101147.10,23.54,19.49,101176.39,13.47,52.83,-877183.18,4.41
18:2,101144.82,23.68,19.48,101178.24,13.68,52.90,-877675.62,4.84
18:3,101143.78,23.80,19.49,101175.35,13.79,52.72,-877487.37,5.19
18:4,101139.61,23.87,19.56,101174.64,13.61,52.55,-877966.68,6.01
18:5,101140.42,24.03,19.48,101173.89,13.62,53.17,-877270.68,4.00
18:6,101144.03,24.27,19.33,101175.85,13.86,52.74,-877542.50,4.98
18:7,101146.99,24.43,19.50,101177.80,13.93,52.27,-877621.87,5.35
18:8,101143.88,24.53,19.81,101174.24,13.84,53.74,-877416.62,4.97
18:9,101141.44,24.65,19.55,101173.72,13.67,52.78,-877838.50,5.79
18:10,101139.65,24.71,19.58,101171.84,13.85,53.11,-877773.62,4.70
18:11,101150.94,24.64,20.32,101174.43,13.89,53.29,-878145.18,5.06
18:12,101141.65,24.48,20.46,101167.36,13.42,54.58,-878114.12,6.02
18:13,101136.55,24.23,20.89,101164.46,13.20,54.71,-878257.18,4.78
18:14,101133.07,24.21,20.94,101160.58,13.23,55.87,-878215.37,4.65
18:15,101136.57,24.14,21.17,101165.57,13.30,55.48,-878176.68,4.00
18:16,101134.67,24.07,21.88,101161.00,13.11,56.40,-877867.87,3.89
18:17,101136.57,24.01,21.90,101161.92,13.11,56.61,-878306.62,4.71
18:18,101142.64,23.91,22.50,101159.04,12.84,57.68,-878134.18,4.47
18:19,101139.60,23.95,22.11,101161.82,13.13,56.51,-878699.87,5.09
18:20,101143.91,18.68,32.03,101160.52,13.26,56.70,-878830.50,0.72
18:21,101141.32,7.78,56.05,101157.46,12.97,55.51,-878359.18,0.72
18:22,101148.36,5.36,68.29,101153.25,12.70,58.58,-878189.12,0.77
18:23,101145.24,7.84,79.10,101149.73,12.52,60.15,-878946.37,0.73
18:24,101143.32,10.00,81.29,101151.89,12.65,60.69,-879970.81,0.75
18:25,101147.79,10.43,81.45,101153.67,12.77,60.59,-881055.50,0.72
18:26,101157.24,10.60,81.90,101152.82,12.82,61.15,-881702.62,0.77
18:27,101145.31,10.71,82.17,101152.02,12.90,61.50,-882540.37,0.76
18:28,101154.75,10.72,82.05,101156.97,12.91,60.49,-883337.12,1.42
18:29,101142.41,10.86,82.28,101150.50,13.15,61.67,-883550.37,0.72
18:30,101142.27,10.93,81.75,101160.92,13.02,61.98,-884019.68,0.75
18:31,101138.29,11.11,81.26,101146.67,12.94,62.01,-884553.31,0.75
18:32,101139.84,11.26,80.87,101148.88,13.02,62.66,-885147.37,0.78
18:33,101130.19,11.42,80.50,101145.44,13.08,63.41,-885447.62,0.75
18:34,101145.78,11.53,80.38,101150.39,13.08,64.65,-885756.18,0.73
18:35,101131.57,11.61,79.83,101144.14,12.96,65.33,-886234.68,0.73
18:36,101118.00,11.67,79.32,101140.94,12.73,66.27,-886652.12,0.95
18:37,101110.81,19.58,33.54,101141.12,12.78,64.33,-887304.18,5.30
18:38,101112.44,21.78,25.88,101133.80,13.27,62.84,-887866.00,4.32
18:39,101110.36,22.96,23.74,101139.77,13.70,59.76,-887858.87,5.56
18:40,101104.89,23.39,22.91,101133.60,13.70,61.02,-888156.68,3.98
18:41,101097.45,23.64,22.47,101129.82,13.77,59.93,-888210.12,4.04
18:42,101098.39,23.80,22.15,101130.53,13.87,60.48,-888246.00,4.45
18:43,101103.82,23.94,21.63,101128.55,14.35,56.74,-888373.18,5.07
18:44,101097.19,24.06,21.57,101126.92,14.27,59.62,-888433.37,5.89
18:45,101088.00,24.08,21.39,101120.92,13.85,59.07,-888338.81,5.63
18:46,101086.69,24.20,21.24,101124.87,14.28,58.95,-889013.31,5.97
18:47,101095.75,24.26,21.12,101125.10,14.30,59.17,-888217.50,4.90
18:48,101081.32,24.26,21.00,101121.08,14.13,58.19,-889133.87,4.24
18:49,101099.00,24.34,20.85,101120.63,14.27,58.59,-888928.81,5.13
18:50,101086.14,24.38,20.81,101119.16,14.28,57.96,-889398.18,5.21
18:51,101081.36,24.34,20.70,101111.22,13.97,58.94,-889574.18,4.86
18:52,101085.20,24.36,20.76,101116.35,14.15,58.46,-890211.12,5.97
18:53,101078.89,24.41,20.67,101115.38,14.05,59.45,-890344.50,4.77
18:54,101080.17,24.34,20.83,101114.63,13.81,60.56,-889598.31,4.19
18:55,101076.85,24.27,20.78,101116.46,13.59,60.80,-890567.12,4.11
18:56,101085.55,24.37,20.72,101115.17,14.05,59.14,-891450.37,5.10
18:57,101077.86,24.40,20.83,101108.60,13.63,61.39,-890940.62,5.31
18:58,101073.75,24.42,20.67,101110.21,14.07,59.88,-891956.87,3.91
18:59,101080.28,24.42,20.45,101104.99,13.67,60.16,-891165.18,5.13
19:0,101076.89,24.29,20.47,101110.07,13.57,59.06,-891967.00,4.96
19:1,101072.94,24.15,20.12,101102.57,13.60,56.24,-891577.68,5.03
19:2,101068.02,24.03,20.09,101099.99,13.59,56.07,-892399.31,4.82
19:3,101062.75,23.91,20.08,101101.39,13.88,54.36,-892658.62,4.93
19:4,101070.49,23.81,20.05,101099.85,13.72,54.49,-892349.00,4.63
19:5,101067.91,23.69,20.07,101095.34,13.73,54.67,-892716.81,4.90
19:6,101071.05,23.70,20.01,101094.31,14.02,53.52,-893273.18,4.83
19:7,101065.84,23.60,19.92,101097.55,13.41,54.79,-892910.31,4.32
19:8,101050.85,23.47,20.01,101086.67,13.58,54.65,-893068.68,4.29
19:9,101054.24,23.48,19.92,101088.67,13.54,54.40,-892795.50,5.04
19:10,101050.46,23.40,20.19,101086.74,13.27,56.32,-892997.50,5.88
19:11,101048.75,23.48,20.09,101085.10,13.68,54.25,-893414.12,5.92
19:12,101055.11,23.53,20.07,101088.86,13.74,53.62,-893491.12,4.90
19:13,101056.43,23.61,20.03,101085.20,14.03,53.90,-893828.87,5.52
19:14,101047.75,23.79,20.17,101080.60,14.80,52.10,-894220.31,3.95
19:15,101052.97,23.92,19.83,101078.60,14.85,51.88,-893570.18,5.01
19:16,101052.84,24.04,20.10,101078.18,15.69,50.24,-894312.87,5.08
19:17,101064.85,24.11,20.12,101079.91,15.43,49.87,-893651.68,5.54
19:18,101050.99,24.30,19.70,101077.33,15.17,50.84,-892986.68,4.74
19:19,101040.66,24.47,19.78,101075.19,14.98,51.95,-893215.12,4.49
19:20,101053.42,24.60,19.79,101076.17,14.74,53.54,-893248.50,5.30
19:21,101045.66,24.65,19.50,101075.99,14.68,52.76,-893547.87,4.48
19:22,101041.42,24.61,19.52,101076.00,13.99,55.54,-893957.50,4.23
19:23,101053.85,24.60,19.38,101078.17,13.97,55.02,-893987.50,4.64
19:24,101046.94,24.68,19.21,101071.32,14.21,53.19,-894612.12,4.90
19:25,101048.89,24.73,19.19,101075.13,14.30,53.06,-894697.68,4.02
19:26,101041.78,24.79,19.13,101075.53,14.06,53.73,-894939.18,5.93
19:27,101046.81,24.82,19.23,101076.32,13.98,54.33,-894822.18,5.78
19:28,101043.21,24.96,18.96,101072.97,14.15,52.21,-894801.87,5.81
19:29,101043.03,24.91,19.48,101077.54,13.34,55.65,-894387.62,4.98
19:30,101063.35,24.74,19.89,101077.08,13.11,57.11,-895146.68,5.18
19:31,101038.81,24.76,19.71,101074.24,13.39,55.31,-895345.81,4.61
19:32,101041.48,25.06,19.62,101073.32,13.96,53.41,-895281.87,5.15
19:33,101047.19,25.14,19.81,101069.82,14.02,53.68,-895344.18,3.91
19:34,101039.28,25.13,19.76,101069.71,13.95,53.10,-895411.87,5.50
19:35,101045.61,24.94,20.29,101071.88,13.57,54.23,-895006.12,5.85
19:36,101038.57,24.85,20.21,101068.89,13.68,54.22,-895688.62,3.90
19:37,101034.60,24.84,20.38,101067.36,13.72,54.13,-895438.37,4.15
19:38,101037.02,24.69,20.77,101061.99,13.47,54.41,-895400.31,4.64
19:39,101040.75,24.72,20.62,101063.14,13.73,53.93,-895720.87,5.03
19:40,101030.93,24.69,20.94,101064.59,13.61,53.46,-895606.31,4.87
19:41,101050.74,24.43,21.26,101071.39,13.13,54.43,-895412.68,5.68
19:42,101042.66,23.21,22.38,101059.47,13.07,53.65,-895415.18,1.39
19:43,101049.07,11.55,46.79,101066.07,13.14,53.41,-895413.87,1.46
19:44,101058.33,6.44,60.43,101061.72,12.90,52.26,-895409.37,1.44
19:45,101051.28,5.08,67.24,101054.47,12.67,52.42,-895519.87,1.46
19:46,101052.89,5.60,74.12,101057.80,12.35,53.22,-896130.12,0.75
19:47,101046.36,8.57,80.10,101052.98,12.43,55.58,-898135.50,0.75
19:48,101055.99,9.75,80.62,101057.96,12.62,55.27,-900193.50,1.42
19:49,101051.38,9.84,80.06,101052.82,12.65,55.62,-901668.00,1.44
19:50,101053.73,9.89,79.73,101055.91,12.65,54.33,-903136.18,0.75
19:51,101054.83,9.95,79.41,101057.50,12.64,55.48,-904301.18,0.75
19:52,101051.17,10.15,79.16,101051.36,12.61,56.70,-905401.18,0.74
19:53,101056.67,10.33,78.91,101049.14,12.59,57.27,-906347.31,1.35
19:54,101037.21,10.58,78.34,101051.23,12.62,57.25,-907252.12,1.42
19:55,101041.10,10.66,77.29,101052.50,12.60,55.90,-907942.81,0.72
19:56,101042.89,10.76,76.79,101052.60,12.59,57.37,-908588.87,1.45
19:57,101029.38,10.86,75.99,101052.40,12.59,57.30,-909158.50,1.42
19:58,101036.94,10.95,75.61,101052.74,12.59,56.45,-909359.37,1.48
19:59,101021.52,14.92,55.28,101052.14,12.61,58.27,-909887.81,4.62
20:0,101018.44,20.55,26.44,101049.21,12.89,55.20,-910487.37,5.18
20:1,101019.35,22.31,23.80,101047.21,13.25,52.88,-910443.18,5.71
20:2,101022.34,22.96,22.50,101052.64,13.30,53.89,-910873.37,5.05
20:3,101030.64,23.05,21.82,101052.57,13.14,54.16,-910837.81,5.95
20:4,101030.53,22.86,21.27,101060.75,13.09,54.46,-911044.68,4.99
20:5,101035.03,22.54,20.88,101055.35,12.78,53.55,-910869.87,4.94
20:6,101023.57,22.24,21.02,101054.22,12.87,52.93,-911863.18,4.94
20:7,101025.73,22.23,20.84,101048.08,13.21,50.90,-911913.87,4.98
20:8,101026.00,22.28,20.96,101053.01,12.99,53.65,-911846.12,5.36
20:9,101020.94,22.26,20.89,101051.92,13.02,52.20,-912254.62,4.61
20:10,101025.17,22.42,20.84,101046.31,13.37,52.20,-912416.00,5.72
20:11,101017.08,22.48,20.82,101041.76,13.36,51.80,-912764.18,4.87
20:12,101020.14,22.59,20.68,101045.00,13.52,51.61,-912884.31,5.25
20:13,101017.77,22.69,20.83,101045.70,13.67,51.96,-912808.68,5.75
20:14,101004.07,22.66,20.67,101046.24,12.93,55.95,-913054.50,4.67
20:15,101006.23,22.72,20.54,101044.85,13.40,52.89,-913764.00,5.72
20:16,101009.35,22.89,20.76,101042.93,13.40,54.43,-913245.31,4.94
20:17,101006.96,22.97,20.51,101040.52,13.49,52.82,-913436.68,5.77
20:18,101016.86,23.00,20.74,101044.00,13.19,56.40,-913291.00,5.12
20:19,101018.72,22.96,20.60,101041.49,12.99,56.85,-913467.37,4.64
20:20,101007.00,22.96,20.83,101041.71,12.62,59.27,-913816.50,4.11
20:21,101004.61,23.15,20.71,101046.41,12.96,57.16,-914168.68,4.63
20:22,101003.68,23.31,20.39,101038.83,13.33,55.53,-914425.81,5.65
20:23,101002.35,23.38,20.36,101035.00,13.48,55.47,-913877.87,5.01
20:24,100998.51,23.43,20.43,101033.71,13.54,56.69,-913941.37,5.76
20:25,100995.19,23.45,20.45,101029.47,13.10,59.06,-914065.50,5.77
20:26,101001.86,23.52,20.41,101029.35,13.22,58.55,-914064.87,4.07
20:27,101000.70,23.61,20.45,101030.13,13.18,56.95,-914610.62,5.81
20:28,100999.97,23.75,20.24,101030.89,13.47,56.66,-914521.81,5.16
20:29,100995.28,23.88,20.21,101026.71,13.49,57.32,-914515.12,5.16
20:30,100990.43,23.95,20.48,101026.72,13.42,58.68,-914097.18,4.60
20:31,101000.96,23.98,20.45,101030.96,13.05,59.99,-914970.68,5.92
20:32,101001.35,24.08,20.33,101035.42,13.02,60.32,-915027.00,5.53
20:33,101004.47,24.18,20.56,101035.80,12.93,60.98,-915267.18,6.08
20:34,101006.85,24.31,20.38,101035.91,13.27,58.39,-915187.68,5.17
20:35,101000.41,24.42,20.43,101029.26,13.12,60.46,-915230.12,4.68
20:36,101005.39,24.57,20.98,101034.60,12.91,62.88,-914874.00,5.83
20:37,101002.59,24.66,20.66,101035.16,12.92,61.34,-915131.50,5.64
20:38,101007.30,24.59,21.11,101029.20,12.44,63.29,-915447.31,5.43
20:39,101005.43,24.71,21.35,101033.94,12.67,62.00,-915369.31,4.39
20:40,100996.38,24.82,21.78,101037.58,12.98,61.16,-915959.37,6.01
20:41,101004.69,24.84,21.81,101031.72,13.10,60.83,-915754.00,6.07
20:42,101012.89,24.65,22.41,101039.97,12.52,64.41,-915608.31,5.59
20:43,101001.72,24.38,22.62,101030.13,12.41,63.87,-915688.37,5.11
20:44,101004.11,24.23,23.00,101030.13,12.42,63.97,-916045.00,5.54
20:45,101006.69,24.25,23.22,101031.05,13.00,61.44,-916010.87,5.03
20:46,100996.80,24.30,23.89,101031.09,12.98,63.38,-915954.12,6.08
20:47,101002.70,24.29,23.88,101028.50,12.77,64.89,-915846.18,5.85
20:48,101001.21,24.25,24.51,101029.86,12.60,65.50,-915862.31,5.94
20:49,101008.46,24.14,24.72,101025.09,12.43,65.54,-915530.00,4.92
20:50,101003.60,21.18,29.47,101021.36,12.17,65.90,-915825.18,1.38
20:51,101013.17,8.83,54.92,101014.78,12.09,65.75,-916290.62,1.37
20:52,101009.17,5.32,68.79,101010.51,11.72,63.88,-915726.37,1.39
20:53,101002.94,5.16,75.73,101007.24,11.56,65.09,-916373.00,0.72
20:54,101000.22,9.08,83.16,101004.65,11.56,68.87,-918469.18,1.39
20:55,101000.75,10.18,83.66,101001.61,11.66,70.44,-919794.18,1.39
20:56,100988.69,10.43,84.00,101002.06,11.69,70.50,-921270.31,1.38
20:57,101003.64,10.58,84.44,100999.33,11.68,71.39,-922058.81,1.39
20:58,100984.97,10.62,84.77,100996.80,11.70,72.40,-923020.62,0.74
20:59,100982.99,10.80,85.21,100998.67,11.78,72.39,-923555.81,1.41
21:0,100991.99,10.89,85.43,101000.05,11.70,73.46,-924287.31,1.41
21:1,100986.07,10.98,85.66,100998.35,11.75,74.00,-924852.00,1.42
21:2,100982.77,11.07,85.87,100992.22,11.89,74.31,-925290.50,1.38
21:3,100993.76,11.05,85.64,100999.42,11.88,73.54,-925789.00,1.39
21:4,100987.30,11.07,85.69,100995.27,11.93,73.88,-926088.81,1.38
21:5,100984.47,11.18,85.81,100995.35,11.96,74.60,-926424.81,1.37
21:6,100978.47,11.27,85.70,100986.91,11.97,74.96,-927003.50,1.42
21:7,100961.25,14.78,65.89,100985.04,12.03,74.05,-927553.31,1.39
21:8,100972.27,11.81,80.58,100987.21,12.19,73.10,-927641.31,1.08
21:9,100973.18,12.01,76.98,100986.39,12.15,73.18,-927762.31,1.07
21:10,100961.85,13.17,74.06,100976.76,11.88,72.89,-927874.81,1.42
21:11,100969.24,11.83,81.10,100977.70,11.98,74.52,-928368.50,1.07
21:12,100969.33,11.99,75.59,100978.28,12.03,72.89,-928538.00,1.07
21:13,100953.32,14.48,65.75,100977.22,11.94,72.95,-928650.18,1.93
21:14,100961.50,11.96,79.69,100975.25,12.13,73.37,-928888.18,1.07
21:15,100960.32,12.20,74.06,100973.35,12.04,72.26,-929026.12,1.07
21:16,100956.62,12.56,76.90,100972.07,12.05,72.37,-929111.62,4.67
21:17,100956.16,11.83,78.78,100966.64,11.85,73.23,-929404.68,1.40
21:18,100957.03,12.21,75.23,100968.96,11.84,73.14,-929221.87,1.06
21:19,100957.82,12.59,71.61,100971.20,11.74,73.60,-929801.00,1.07
21:20,100947.99,12.49,74.14,100964.67,11.95,73.35,-930199.31,1.39
21:21,100960.03,12.42,76.34,100965.60,11.87,73.51,-929728.50,1.36
21:22,100953.83,12.54,72.02,100962.16,11.83,73.79,-930128.31,1.04
21:23,100951.88,12.33,76.41,100965.46,12.08,73.45,-930250.50,1.38
21:24,100948.74,12.25,78.57,100959.71,11.98,73.74,-930274.87,1.06
21:25,100950.14,12.33,73.77,100963.19,12.00,73.40,-930412.31,1.06
21:26,100942.52,18.89,35.06,100963.83,12.03,72.88,-930862.87,1.37
21:27,100948.71,11.99,77.75,100964.09,12.13,73.02,-930545.18,1.08
21:28,100954.68,12.37,74.99,100962.67,12.12,73.55,-930667.31,1.07
21:29,100943.82,13.27,78.90,100957.81,12.00,74.32,-930528.18,4.40
21:30,100934.41,20.60,29.52,100963.25,12.34,71.30,-931169.18,5.72
21:31,100931.60,22.17,25.79,100965.52,12.62,69.45,-930981.62,5.19
21:32,100939.86,22.88,24.43,100966.01,12.38,70.96,-930909.12,4.67
21:33,100932.36,23.12,23.75,100963.72,12.31,68.62,-930894.18,5.01
21:34,100933.49,23.27,23.36,100962.07,12.34,70.02,-931203.18,5.71
21:35,100930.94,23.41,23.14,100959.24,12.10,71.97,-931012.31,5.23
21:36,100924.92,23.57,22.66,100957.51,12.52,68.01,-931414.00,5.52
21:37,100933.66,23.70,22.57,100955.42,12.83,67.56,-931013.50,4.62
21:38,100923.69,23.73,22.31,100957.58,12.62,67.82,-930858.81,5.91
21:39,100924.75,23.76,21.88,100949.33,12.78,66.43,-931355.37,5.94
21:40,100929.83,23.78,21.75,100949.71,12.76,66.09,-930925.68,4.92
21:41,100924.66,23.82,21.80,100951.14,13.09,64.39,-931493.18,5.31
21:42,100922.15,23.88,21.59,100946.66,12.87,65.47,-931268.50,5.42
21:43,100922.39,23.76,21.90,100951.79,12.49,65.98,-931561.87,5.90
21:44,100922.60,23.73,21.62,100950.01,12.55,66.52,-931932.50,5.19
21:45,100926.71,23.77,21.41,100947.75,12.73,64.44,-932097.31,5.55
21:46,100921.53,23.80,21.40,100949.16,12.77,64.93,-932119.00,5.23
21:47,100922.21,23.80,21.16,100946.55,12.98,62.63,-932278.87,4.74
21:48,100919.58,23.79,21.19,100949.33,13.03,62.53,-932147.18,5.92
21:49,100922.55,23.81,21.21,100951.52,12.68,64.38,-932048.68,4.67
21:50,100923.14,23.75,21.08,100943.85,13.20,60.42,-932186.12,5.18
21:51,100921.89,23.87,21.04,100946.63,13.51,59.88,-932095.12,5.31
21:52,100920.99,23.90,21.03,100947.49,13.17,62.66,-931846.31,5.25
21:53,100910.66,23.93,20.98,100945.84,12.98,63.47,-931937.31,4.94
21:54,100917.37,23.85,20.96,100949.97,12.46,65.14,-932400.68,5.45
21:55,100922.17,23.84,20.75,100954.55,13.03,61.02,-932807.68,4.77
21:56,100923.50,23.89,20.71,100944.08,13.30,60.36,-932809.50,5.90
21:57,100917.21,23.85,20.78,100947.89,12.95,62.29,-932404.50,5.36
21:58,100914.59,23.85,20.79,100945.10,12.65,63.24,-933140.37,5.22
21:59,100916.00,23.99,20.78,100941.71,12.95,63.78,-932801.68,5.54
22:0,100911.99,24.13,20.84,100935.21,13.08,63.18,-932883.50,5.32
22:1,100904.53,24.18,20.68,100937.19,12.98,63.98,-932600.81,5.83
22:2,100900.57,24.17,20.67,100938.22,12.81,64.74,-932822.31,5.12
22:3,100903.41,24.22,20.49,100942.42,13.04,63.32,-933280.68,4.76
22:4,100913.63,24.22,20.72,100939.17,12.70,64.88,-933282.87,5.04
22:5,100908.92,24.29,20.63,100939.99,12.55,65.97,-933484.18,5.32
22:6,100908.03,24.32,20.77,100941.96,12.73,63.45,-933580.68,5.76
22:7,100912.22,24.40,20.91,100941.77,12.57,66.36,-932996.31,5.01
22:8,100907.11,24.42,20.95,100945.23,12.44,66.80,-933506.12,4.65
22:9,100909.74,24.44,21.19,100942.07,12.37,67.65,-933677.81,5.07
22:10,100914.96,24.62,20.88,100933.78,12.72,65.48,-933158.50,5.90
22:11,100910.44,24.65,21.61,100940.67,12.29,68.04,-933597.31,4.82
22:12,100910.67,24.79,21.46,100940.78,12.66,65.71,-933528.00,4.65
22:13,100911.55,24.90,21.75,100944.35,12.47,67.54,-933669.62,5.16
22:14,100914.08,24.97,22.19,100940.21,12.29,68.00,-933925.68,5.39
22:15,100906.57,24.97,22.24,100939.32,12.51,67.02,-933858.81,5.31
22:16,100917.89,25.05,22.85,100942.50,12.61,68.03,-933957.00,5.91
22:17,100910.36,24.95,23.03,100937.67,12.87,65.91,-933907.37,4.66
22:18,100915.11,24.54,24.11,100943.14,12.17,68.78,-934050.12,5.96
22:19,100900.44,24.33,24.01,100934.89,12.32,67.68,-934212.68,4.71
22:20,100913.89,24.23,24.79,100940.94,12.22,67.93,-933584.62,4.67
22:21,100910.46,23.85,26.08,100937.89,12.10,69.96,-934471.62,3.92
22:22,100908.17,23.83,25.71,100939.35,12.16,69.24,-933811.62,4.58
22:23,100917.43,23.78,25.96,100939.50,12.28,67.95,-933971.68,5.66
22:24,100920.71,12.89,48.41,100935.02,12.27,66.77,-934123.37,2.46
22:25,100927.11,6.05,65.42,100938.13,11.93,65.22,-933604.50,1.39
22:26,100934.16,4.78,72.22,100925.50,11.47,68.19,-934248.87,1.36
22:27,100916.21,5.48,78.71,100926.55,11.33,67.51,-935459.37,1.37
22:28,100919.82,8.96,83.64,100922.05,11.42,69.62,-937956.18,1.39
22:29,100909.64,9.99,84.09,100924.09,11.54,70.92,-940062.37,1.38
22:30,100907.91,10.19,84.26,100921.73,11.61,71.31,-941840.31,1.39
22:31,100921.19,10.16,83.96,100924.02,11.38,70.55,-943474.87,1.42
22:32,100901.63,10.24,84.55,100916.58,11.48,72.03,-944707.50,1.38
22:33,100907.25,10.16,84.06,100917.15,11.35,69.63,-945798.00,1.38
22:34,100904.92,10.12,83.96,100916.32,11.29,67.95,-946760.87,1.38
22:35,100911.57,10.21,84.50,100917.79,11.43,70.06,-947473.50,1.52
22:36,100901.42,10.36,84.69,100915.85,11.49,70.67,-948143.87,1.38
22:37,100907.60,10.35,84.17,100910.42,11.47,70.07,-948624.62,1.38
22:38,100902.29,10.42,84.08,100910.80,11.49,70.35,-949142.62,1.44
22:39,100886.09,10.46,83.83,100904.35,11.48,69.97,-949834.31,1.40
22:40,100887.13,10.34,82.58,100904.67,11.37,67.03,-950264.18,1.39
22:41,100872.04,19.68,28.90,100904.36,11.50,65.31,-950841.81,4.70
22:42,100874.17,21.72,25.43,100900.91,11.91,62.56,-951025.31,5.59
22:43,100884.82,10.01,70.24,100902.61,11.84,63.76,-950586.87,1.38
22:44,100888.78,11.07,68.75,100899.08,11.50,66.24,-951123.31,1.07
22:45,100886.90,11.80,65.30,100899.53,11.45,66.26,-951350.31,1.08
22:46,100882.38,11.10,75.64,100902.46,11.65,66.93,-951499.37,1.39
22:47,100891.83,11.42,74.92,100898.63,11.55,67.21,-951898.00,1.08
22:48,100885.88,11.62,67.94,100896.78,11.54,67.48,-951957.68,1.08
22:49,100877.74,11.65,73.40,100897.60,11.68,68.01,-952376.68,1.42
22:50,100888.36,11.58,75.90,100895.99,11.58,66.64,-952305.50,1.08
22:51,100875.21,11.77,67.37,100895.45,11.48,66.94,-952552.68,1.08
22:52,100884.00,11.46,75.89,100894.36,11.55,68.96,-952833.18,1.41
22:53,100885.03,11.40,77.11,100887.80,11.60,69.31,-952883.12,1.08
22:54,100881.87,11.55,70.25,100890.55,11.60,68.61,-952958.62,1.07
22:55,100866.82,13.23,63.15,100896.50,11.72,67.43,-953282.87,1.42
22:56,100875.39,11.46,73.55,100887.52,11.56,66.86,-953036.81,1.07
22:57,100872.25,11.92,70.68,100885.28,11.43,67.66,-953299.00,1.08
22:58,100865.77,11.58,75.83,100886.42,11.51,68.77,-953495.12,1.39
22:59,100879.53,11.20,78.48,100884.31,11.42,68.70,-953485.62,1.06
23:0,100874.17,11.45,70.42,100885.05,11.41,68.09,-953689.68,1.08
23:1,100872.24,16.22,45.74,100887.75,11.36,68.59,-953840.68,1.38
23:2,100875.08,11.09,77.32,100888.10,11.42,70.12,-953817.87,1.07
23:3,100872.30,11.52,74.39,100886.86,11.42,70.00,-953848.50,1.07
23:4,100868.50,14.17,60.02,100884.82,11.42,69.72,-953855.00,4.72
23:5,100854.64,13.77,57.59,100884.21,11.74,66.48,-954232.18,1.45
23:6,100870.13,11.58,75.21,100879.71,11.65,69.51,-953913.18,1.08
23:7,100868.88,11.78,70.46,100876.92,11.53,69.97,-954009.37,1.07
23:8,100866.16,11.78,74.99,100879.42,11.56,70.54,-954192.81,1.40
23:9,100872.24,11.27,79.04,100875.78,11.54,71.22,-954333.00,1.08
23:10,100863.46,11.52,73.83,100878.63,11.51,71.56,-954330.00,1.09
23:11,100869.72,17.56,38.41,100876.41,11.40,70.65,-954544.12,5.56
23:12,100861.06,13.64,57.96,100879.30,11.92,67.33,-954773.87,1.42
23:13,100861.02,11.67,74.14,100879.66,11.60,70.19,-954302.87,1.09
23:14,100870.42,11.99,70.13,100877.46,11.50,71.44,-954566.87,1.08
23:15,100864.19,14.15,59.42,100880.65,11.34,71.30,-954852.00,1.41
23:16,100874.14,11.46,77.59,100879.69,11.36,71.75,-954744.87,1.08
23:17,100868.90,11.90,72.06,100878.03,11.18,72.39,-954674.50,1.10
23:18,100865.18,15.79,49.70,100882.57,11.35,71.99,-954836.37,1.42
23:19,100868.13,11.27,78.40,100877.14,11.49,72.34,-954808.50,1.11
23:20,100867.96,11.56,73.85,100877.83,11.43,72.24,-954782.00,1.08
23:21,100864.11,13.71,65.70,100878.00,11.43,72.42,-954804.81,4.56
23:22,100867.88,11.80,73.75,100877.78,11.74,71.40,-954829.68,1.45
23:23,100861.20,11.68,76.16,100874.96,11.61,72.15,-954797.87,1.09
23:24,100858.50,12.11,72.75,100875.47,11.32,72.28,-954883.87,1.10
23:25,100849.90,18.61,34.19,100876.58,11.42,71.51,-955245.62,1.42
23:26,100866.10,11.38,76.99,100874.25,11.47,72.81,-954915.87,1.08
23:27,100866.53,11.89,72.83,100875.78,11.28,72.96,-954944.87,1.10
23:28,100853.42,13.59,68.04,100868.97,11.19,73.42,-955053.81,4.41
23:29,100855.37,16.39,45.34,100875.15,11.68,70.10,-955147.62,1.45
23:30,100868.89,11.48,76.67,100876.24,11.50,72.44,-955161.81,1.10
23:31,100864.35,11.84,72.10,100875.73,11.39,72.92,-955264.12,1.09
23:32,100857.47,16.48,47.49,100871.51,11.32,73.25,-955073.68,5.22
23:33,100859.52,11.56,75.56,100870.58,11.45,72.24,-955242.12,1.42
23:34,100853.67,11.69,73.19,100867.46,11.45,72.82,-955224.62,1.09
23:35,100856.41,12.00,71.52,100865.69,11.37,73.69,-955274.18,1.10
23:36,100857.29,12.16,71.50,100869.69,11.40,73.04,-955537.87,1.42
23:37,100860.21,11.61,78.07,100870.78,11.46,73.43,-955300.00,1.10
23:38,100862.78,11.83,72.29,100867.69,11.36,73.54,-955411.00,1.10
23:39,100852.89,16.73,45.14,100869.59,11.40,72.45,-955654.37,1.42
23:40,100851.49,11.48,77.55,100862.60,11.30,73.68,-955486.37,1.11
23:41,100862.55,11.89,73.26,100865.16,11.24,74.06,-955603.68,1.08
23:42,100851.85,15.15,56.02,100863.77,11.13,75.03,-955614.87,4.94
23:43,100842.00,20.11,29.04,100862.19,11.46,72.21,-956010.68,1.73
23:44,100850.60,11.28,76.81,100855.41,11.39,73.88,-955432.37,1.10
23:45,100847.93,11.91,74.41,100855.60,11.32,75.76,-955319.68,1.08
23:46,100847.94,12.28,77.84,100857.31,11.25,75.78,-955306.81,4.48
23:47,100846.60,11.28,80.48,100855.53,11.27,75.92,-955432.62,1.45
23:48,100849.64,11.65,78.18,100853.71,11.21,75.79,-955407.50,1.10
23:49,100849.76,11.87,74.38,100851.78,11.13,76.52,-955546.37,1.10
23:50,100829.69,19.92,30.35,100847.49,11.30,73.56,-956269.87,5.63
23:51,100836.57,11.62,73.37,100847.85,11.28,75.19,-955295.37,1.46
23:52,100843.02,11.89,75.56,100849.28,11.16,75.97,-955594.62,1.12
23:53,100839.53,12.17,72.31,100848.24,11.07,76.66,-955871.37,1.10
23:54,100823.92,20.15,30.05,100850.42,11.02,76.81,-956349.31,5.39
23:55,100841.75,12.25,66.12,100848.07,11.21,74.80,-955840.87,1.44
23:56,100833.07,11.78,74.96,100841.51,11.12,75.73,-955763.50,1.11
23:57,100831.27,11.95,72.31,100839.42,11.19,76.07,-955962.18,1.10
23:58,100811.74,20.09,31.28,100835.78,11.43,73.89,-956378.81,5.20
23:59,100824.60,11.51,75.51,100833.48,11.49,74.48,-955736.00,1.44
0:0,100819.38,11.95,74.20,100834.07,11.24,75.49,-955818.87,1.12
0:1,100818.29,12.28,71.42,100830.10,11.03,76.51,-956168.37,1.12
0:2,100823.44,12.16,72.35,100829.84,11.33,75.08,-956286.12,1.45
0:3,100820.50,11.84,75.90,100825.13,11.11,75.78,-956160.62,1.11
0:4,100820.41,12.12,71.80,100825.53,10.96,76.60,-956065.50,1.12
0:5,100803.09,19.86,31.44,100823.16,11.07,75.82,-956404.00,5.61
0:6,100809.30,11.78,70.64,100832.84,11.47,73.88,-956306.18,1.45
0:7,100823.82,11.71,74.58,100831.95,11.21,74.57,-955991.50,1.11
0:8,100829.18,12.12,71.87,100833.35,10.97,75.95,-956218.62,1.10
0:9,100811.74,18.29,38.62,100832.85,11.11,73.97,-956666.00,1.45
0:10,100824.97,11.35,77.15,100834.07,11.25,74.97,-956273.87,1.10
0:11,100821.07,11.60,73.72,100832.47,11.10,75.94,-956261.31,1.10
0:12,100812.85,14.65,61.27,100831.04,11.06,76.13,-956383.31,5.36
0:13,100801.99,13.73,58.32,100830.63,11.49,72.46,-956658.68,1.46
0:14,100822.27,11.56,76.86,100832.32,11.40,74.08,-956398.87,1.10
0:15,100821.36,11.89,73.93,100830.77,11.13,76.39,-956484.18,1.11
0:16,100808.00,18.80,35.97,100834.83,11.13,75.12,-956689.81,4.80
0:17,100814.07,11.82,71.12,100828.60,11.16,74.88,-956786.12,1.45
0:18,100827.47,11.58,75.60,100832.57,11.08,76.32,-956562.12,1.13
0:19,100818.69,11.83,73.48,100831.47,10.97,77.07,-956555.12,1.08
0:20,100809.74,20.03,30.83,100832.63,11.07,75.09,-957144.12,5.55
0:21,100819.74,12.45,63.76,100831.99,11.25,74.86,-956888.18,1.45
0:22,100821.22,11.59,76.63,100831.36,11.18,76.88,-956655.18,1.10
0:23,100816.32,11.88,73.93,100830.77,11.04,77.43,-956813.68,1.09
0:24,100804.39,19.82,32.50,100827.10,11.17,75.56,-957060.37,4.68
0:25,100808.71,16.90,40.94,100826.89,11.61,71.31,-957064.18,1.43
0:26,100817.26,11.39,76.27,100826.41,11.22,75.68,-956829.18,1.11
0:27,100818.96,11.76,73.56,100825.82,11.00,77.12,-957010.37,1.08
0:28,100805.57,17.27,44.98,100823.80,10.78,78.29,-957078.50,5.62
0:29,100801.64,21.31,26.97,100822.99,11.22,74.75,-957640.50,4.89
0:30,100812.00,13.63,52.60,100831.86,11.37,73.52,-957231.18,1.40
0:31,100814.91,11.43,75.26,100821.89,11.08,76.87,-957174.00,1.07
0:32,100818.36,11.79,72.94,100823.72,10.90,77.71,-957309.81,0.43
0:33,100797.64,19.53,34.13,100825.61,10.99,77.26,-957463.31,5.51
0:34,100799.53,16.99,41.43,100824.75,11.04,76.50,-957792.12,1.42
0:35,100813.64,11.49,75.75,100823.39,11.13,76.89,-957413.00,1.07
0:36,100811.28,11.91,73.20,100823.16,10.97,78.14,-957753.12,1.10
0:37,100804.77,17.56,44.22,100823.51,10.82,78.43,-957723.18,4.61
0:38,100791.36,21.50,26.48,100822.69,10.98,76.21,-958080.87,4.60
0:39,100801.35,14.98,45.98,100820.22,11.31,73.42,-957996.62,1.39
0:40,100805.48,11.36,74.87,100822.82,11.13,76.33,-957921.12,1.10
0:41,100804.88,12.01,71.68,100815.75,10.86,77.76,-958145.37,1.08
0:42,100800.99,18.78,36.72,100820.38,10.73,77.70,-958637.00,5.39
0:43,100798.64,20.66,28.63,100820.77,11.30,72.68,-959107.00,1.40
0:44,100806.02,11.27,75.54,100817.41,11.30,74.75,-958266.81,1.10
0:45,100803.00,11.82,72.84,100815.89,11.03,76.46,-958468.87,1.10
0:46,100795.25,14.43,64.55,100811.75,10.72,78.02,-958816.81,6.08
0:47,100786.59,21.30,26.86,100808.17,11.03,75.44,-959042.81,5.48
0:48,100791.45,19.91,30.32,100811.03,11.42,72.24,-959251.87,1.43
0:49,100793.53,11.14,74.81,100804.85,10.95,76.11,-958698.31,1.08
0:50,100797.50,11.97,71.63,100802.59,10.78,77.55,-959130.18,1.10
0:51,100802.22,15.41,56.48,100807.78,10.64,77.49,-959492.81,4.50
0:52,100776.66,21.42,26.46,100806.46,11.20,72.34,-959718.31,4.53
0:53,100789.35,11.13,71.80,100806.72,11.26,73.47,-959260.87,1.42
0:54,100793.41,11.64,73.51,100806.30,11.11,74.81,-959489.87,1.09
0:55,100793.42,12.18,70.66,100800.43,10.90,74.96,-959838.00,1.08
0:56,100783.69,20.82,27.75,100802.50,11.19,71.66,-960294.87,4.82
0:57,100794.00,11.29,71.56,100796.63,11.13,72.59,-960198.31,1.39
0:58,100789.21,11.43,72.89,100795.28,11.01,73.60,-960304.37,1.07
0:59,100784.31,11.76,70.09,100793.97,10.93,74.34,-960515.50,1.06
1:0,100784.35,16.16,46.45,100798.24,11.32,71.39,-960994.37,1.42
1:1,100782.28,11.33,75.83,100793.31,11.04,73.84,-960548.62,1.08
1:2,100783.11,11.57,71.51,100794.71,10.87,74.38,-960803.18,1.08
1:3,100766.64,17.43,42.82,100788.99,10.82,74.38,-961167.81,5.23
1:4,100762.36,21.15,26.39,100789.14,11.22,69.88,-961691.62,2.00
1:5,100783.27,10.73,74.93,100789.03,11.32,70.85,-961032.62,1.62
1:6,100774.62,11.40,70.77,100789.19,11.08,72.10,-961313.62,1.59
1:7,100779.14,12.38,77.08,100782.14,10.83,72.43,-961713.00,4.72
1:8,100759.24,20.71,27.17,100780.21,10.83,71.80,-962362.87,5.31
1:9,100763.66,22.05,25.16,100783.22,11.08,68.90,-962228.00,5.75
1:10,100776.35,11.08,54.51,100788.86,11.08,69.89,-962159.62,1.42
1:11,100773.75,10.36,72.92,100781.71,10.90,71.76,-962263.62,1.08
1:12,100775.28,11.03,70.76,100785.44,10.83,72.19,-962427.50,1.08
1:13,100760.41,19.47,30.54,100781.55,10.70,72.38,-963154.50,5.17
1:14,100743.93,21.63,25.59,100779.08,11.04,70.30,-962903.87,5.48
1:15,100777.82,10.22,72.65,100780.03,10.89,70.47,-962603.62,1.42
1:16,100767.63,11.05,69.51,100778.25,10.67,71.81,-962592.00,1.10
1:17,100769.46,11.63,66.99,100777.07,10.67,71.00,-962995.00,1.24
1:18,100756.97,20.55,27.42,100775.07,10.90,69.48,-963912.87,5.10
1:19,100753.57,22.20,24.68,100776.36,11.39,66.98,-963549.81,2.40
1:20,100760.63,9.79,72.97,100775.35,11.24,67.94,-962750.50,1.10
1:21,100764.66,10.77,70.79,100774.30,10.91,70.59,-963325.62,1.08
1:22,100763.51,11.36,71.78,100770.78,10.69,71.82,-963520.68,4.58
1:23,100740.12,20.50,27.29,100770.31,11.11,67.87,-964188.00,5.36
1:24,100752.39,12.83,49.55,100767.24,11.49,65.27,-963757.62,1.42
1:25,100758.17,10.62,72.80,100767.61,10.99,69.73,-963437.00,1.09
1:26,100758.52,10.98,69.81,100766.72,10.70,71.77,-963972.00,1.08
1:27,100742.67,18.96,32.31,100764.17,10.39,70.34,-964719.50,4.56
1:28,100732.10,21.60,25.48,100765.14,10.93,66.75,-964780.37,4.49
1:29,100744.83,11.51,50.70,100764.30,11.36,64.32,-964515.68,1.42
1:30,100752.71,10.17,71.82,100762.76,10.93,68.69,-964150.87,1.10
1:31,100757.75,10.82,66.89,100760.50,10.75,68.22,-964622.37,1.10
1:32,100740.78,18.89,30.95,100761.26,10.96,66.96,-965073.31,5.52
1:33,100730.58,21.48,25.43,100760.52,11.29,64.60,-965412.81,4.77
1:34,100752.83,10.55,56.13,100759.13,11.36,64.20,-965070.62,1.42
1:35,100748.38,10.12,71.74,100757.94,10.86,68.09,-965060.12,1.08
1:36,100748.36,10.79,68.31,100754.81,10.62,69.71,-965255.00,1.07
1:37,100734.32,19.43,29.62,100754.50,10.77,69.19,-965772.37,4.72
1:38,100722.28,21.73,25.30,100753.18,10.73,68.42,-966247.00,5.16
1:39,100747.74,9.66,62.30,100752.18,10.75,67.27,-965442.50,1.42
1:40,100741.74,10.20,70.97,100747.17,10.57,69.19,-966009.68,1.07
1:41,100745.05,10.79,68.16,100748.90,10.42,70.80,-966211.81,1.09
1:42,100733.57,19.41,28.99,100746.27,10.46,69.73,-967011.37,5.50
1:43,100721.42,21.76,25.04,100748.63,10.75,66.82,-967517.87,5.62
1:44,100748.70,12.84,43.05,100753.41,11.06,64.99,-966586.81,1.42
1:45,100742.68,9.25,70.42,100749.04,10.63,68.31,-966575.68,1.07
1:46,100738.09,10.11,70.39,100745.03,10.33,70.88,-967043.18,1.07
1:47,100730.10,17.84,34.00,100747.17,10.33,70.32,-967136.62,4.45
1:48,100715.32,21.35,25.70,100748.64,10.78,66.42,-967684.62,5.32
1:49,100715.31,22.44,24.01,100747.87,10.95,67.95,-967906.50,5.41
1:50,100739.63,12.74,41.40,100746.46,10.69,67.98,-967385.18,1.41
1:51,100746.16,8.49,66.71,100744.63,10.41,68.84,-967514.37,1.07
1:52,100743.72,9.74,69.83,100750.46,10.27,70.17,-967906.50,1.08
1:53,100722.52,16.98,34.96,100749.19,10.35,69.22,-968514.18,4.83
1:54,100719.10,21.35,25.82,100742.33,10.78,65.70,-968882.18,5.77
1:55,100727.44,22.53,23.97,100751.03,10.99,65.50,-968646.68,5.77
1:56,100720.19,22.77,23.07,100748.05,11.22,64.99,-969138.62,4.96
1:57,100731.89,9.61,47.10,100747.37,11.34,62.30,-968425.18,1.39
1:58,100742.99,7.88,63.05,100742.05,10.61,67.23,-968572.81,1.04
1:59,100732.60,9.43,70.53,100742.37,10.37,69.31,-969215.12,1.04
2:0,100723.43,17.91,33.85,100742.00,10.21,68.17,-969529.12,4.94
2:1,100718.57,21.64,25.41,100742.55,10.65,66.66,-969953.37,5.09
2:2,100707.94,22.65,23.22,100744.29,11.11,65.47,-969851.00,5.63
2:3,100711.58,22.48,22.27,100738.38,10.97,65.48,-970609.31,5.61
2:4,100726.58,6.55,59.89,100740.96,10.77,64.22,-969453.68,1.12
2:5,100733.04,8.13,67.29,100733.23,10.53,68.18,-970334.37,1.06
2:6,100729.05,9.60,70.37,100738.85,10.39,69.19,-970841.31,1.04
2:7,100716.94,19.80,29.38,100737.35,10.64,66.95,-971484.68,4.94
2:8,100704.13,22.01,24.48,100738.75,11.12,64.84,-971564.68,5.42
2:9,100697.71,21.51,24.39,100735.52,11.35,63.80,-971443.81,1.35
2:10,100728.00,6.87,64.18,100735.94,10.80,64.91,-970504.00,1.04
2:11,100722.08,8.79,70.98,100727.37,10.55,67.74,-971789.68,1.04
2:12,100721.82,10.33,61.85,100730.63,10.48,68.62,-972077.37,4.46
2:13,100704.21,20.46,27.99,100726.32,10.60,67.20,-972709.00,4.96
2:14,100691.22,22.43,24.17,100730.64,10.92,65.39,-972663.31,5.45
2:15,100700.25,22.67,22.96,100730.28,11.08,65.35,-972926.62,5.80
2:16,100694.11,19.82,26.25,100730.97,11.03,65.09,-973250.81,1.39
2:17,100717.75,6.77,62.72,100724.75,10.61,65.01,-972473.12,1.04
2:18,100716.12,8.86,69.04,100720.58,10.26,69.60,-972878.87,1.04
2:19,100710.42,10.96,54.97,100723.71,10.16,70.07,-973584.37,4.96
2:20,100706.41,20.63,27.37,100721.46,10.53,67.09,-974333.31,5.21
2:21,100691.66,22.16,24.08,100723.14,10.61,68.29,-974531.68,4.54
2:22,100688.91,22.49,22.47,100718.46,10.88,65.71,-975302.00,5.60
2:23,100715.22,6.47,61.20,100715.78,10.59,66.60,-974024.87,1.38
2:24,100707.60,8.43,68.89,100708.18,10.21,69.63,-974782.12,1.04
2:25,100700.06,9.99,67.88,100707.39,10.23,69.32,-975114.31,1.04
2:26,100679.67,19.94,29.07,100709.06,10.70,65.74,-975936.68,5.35
2:27,100679.03,22.08,24.41,100706.19,10.74,66.21,-976224.00,5.44
2:28,100666.03,22.60,22.61,100706.44,10.89,64.58,-975840.31,1.87
2:29,100691.32,6.49,63.03,100700.27,10.62,65.08,-975239.68,1.03
2:30,100693.02,9.19,67.70,100696.86,10.29,67.69,-976105.87,1.04
2:31,100695.21,10.05,63.33,100698.67,10.23,69.08,-976216.50,4.64
2:32,100677.19,20.16,28.33,100699.07,10.74,65.20,-977248.50,5.34
2:33,100674.08,22.21,24.19,100696.17,11.04,64.45,-977176.18,4.74
2:34,100676.50,22.62,22.72,100703.44,10.99,64.90,-977350.50,5.37
2:35,100672.85,19.74,26.22,100696.58,11.03,64.03,-977821.37,1.38
2:36,100690.50,6.69,62.60,100695.48,10.55,64.74,-976540.18,1.04
2:37,100693.02,8.48,69.68,100690.07,10.13,69.92,-977653.12,1.06
2:38,100687.25,10.68,55.96,100691.14,9.98,70.17,-977998.00,4.53
2:39,100660.39,20.54,27.18,100693.82,10.58,66.06,-978698.18,5.63
2:40,100660.21,22.05,23.85,100691.28,10.53,66.69,-979543.00,5.36
2:41,100656.07,21.21,24.50,100689.22,11.00,64.60,-978809.12,1.35
2:42,100678.39,6.46,62.89,100690.50,10.52,65.46,-978646.12,1.04
2:43,100683.70,8.46,68.26,100691.86,10.00,69.24,-979351.87,1.04
2:44,100682.77,9.78,60.82,100690.80,9.85,70.60,-979647.31,4.76
2:45,100669.06,20.35,27.78,100689.30,10.39,66.85,-980221.37,4.67
2:46,100666.75,22.08,23.92,100692.02,10.81,64.71,-980505.81,5.36
2:47,100657.18,22.36,22.41,100688.42,10.89,64.60,-980479.87,5.27
2:48,100664.67,21.80,21.85,100688.76,11.05,63.83,-980612.18,5.52
2:49,100674.53,7.11,55.29,100691.24,10.61,64.15,-980381.81,1.38
2:50,100683.91,7.87,67.59,100686.17,10.17,67.68,-980512.37,1.04
2:51,100683.04,9.51,68.10,100683.97,10.02,69.50,-981197.81,1.06
2:52,100656.02,18.79,30.77,100685.97,10.12,67.27,-982188.68,4.61
2:53,100660.69,21.38,24.64,100690.03,10.44,65.41,-982128.31,5.64
2:54,100666.14,22.11,22.71,100687.72,10.61,65.44,-982378.50,5.56
2:55,100658.46,21.71,21.96,100691.21,10.89,62.95,-982188.31,5.43
2:56,100658.04,21.25,22.16,100687.07,10.83,64.16,-982139.68,5.45
2:57,100653.61,21.01,22.22,100683.14,10.49,66.95,-982912.81,4.81
2:58,100660.32,20.90,22.07,100682.55,10.58,65.66,-982814.68,5.21
2:59,100654.44,20.83,22.02,100685.25,10.72,64.27,-982749.87,4.58
3:0,100668.52,12.24,39.12,100684.63,10.69,64.05,-983003.62,1.39
3:1,100677.25,6.85,61.79,100677.23,10.18,67.51,-982962.00,1.03
3:2,100672.94,8.62,69.07,100685.14,10.08,68.54,-983350.12,1.04
3:3,100663.33,15.34,39.10,100676.21,10.11,66.88,-984021.62,4.61
3:4,100656.62,20.31,26.08,100678.97,10.23,67.55,-984698.81,5.52
3:5,100652.85,21.61,23.26,100681.75,10.61,64.03,-984855.00,5.62
3:6,100656.72,21.52,22.30,100684.38,10.84,63.80,-984551.87,4.84
3:7,100649.67,21.13,22.05,100677.17,11.21,60.50,-985403.31,4.62
3:8,100684.89,5.96,60.57,100679.21,10.73,61.93,-984468.37,1.37
3:9,100676.49,7.89,67.73,100682.77,10.39,66.28,-985025.00,1.04
3:10,100672.96,9.30,69.24,100679.11,10.13,68.18,-985588.62,1.04
3:11,100664.58,19.36,28.93,100676.25,10.25,66.60,-986112.00,4.64
3:12,100645.96,21.30,24.44,100679.92,10.68,64.94,-986522.18,5.59
3:13,100637.63,21.88,22.49,100674.72,10.98,63.27,-986739.18,5.33
3:14,100652.63,21.46,22.03,100673.87,10.93,64.34,-986735.87,4.71
3:15,100667.08,7.05,55.40,100673.60,10.53,63.51,-985987.18,1.37
3:16,100673.70,7.73,72.29,100670.69,10.12,68.01,-986835.50,1.04
3:17,100667.69,9.72,68.33,100672.21,9.87,70.13,-987367.62,1.04
3:18,100653.23,18.67,30.91,100674.58,10.13,67.46,-988292.00,5.52
3:19,100659.00,21.24,24.82,100677.99,10.50,65.95,-988195.00,5.68
3:20,100643.48,21.84,22.89,100668.57,9.97,67.79,-988356.87,5.42
3:21,100642.52,21.36,22.08,100670.73,10.48,64.94,-988520.31,5.57
3:22,100640.10,20.91,22.02,100670.85,10.83,63.15,-988599.81,5.23
3:23,100642.39,20.70,22.18,100670.63,10.99,62.74,-988512.37,5.72
3:24,100646.57,20.63,22.15,100671.37,10.87,63.03,-989247.12,5.70
3:25,100642.32,20.64,22.25,100673.50,10.69,64.96,-989190.18,5.63
3:26,100646.08,20.61,22.15,100673.10,10.71,64.10,-989268.00,5.57
3:27,100651.86,19.50,24.85,100671.14,10.94,62.51,-989262.00,1.37
3:28,100664.28,6.03,61.49,100673.38,10.33,64.08,-988862.00,1.04
3:29,100668.60,8.28,71.17,100672.11,10.15,66.78,-990048.68,1.04
3:30,100650.78,9.75,58.89,100666.52,9.93,68.08,-990286.18,4.63
3:31,100642.27,19.52,27.21,100670.50,10.47,63.95,-991078.87,5.12
3:32,100632.97,21.17,23.86,100668.94,10.70,63.21,-991232.68,5.72
3:33,100641.69,21.41,22.25,100667.02,10.90,61.87,-991150.62,5.64
3:34,100635.74,20.98,21.86,100664.61,10.99,61.34,-991349.00,5.22
3:35,100633.57,20.66,21.95,100665.77,11.27,60.00,-991479.87,4.99
3:36,100638.19,20.25,22.88,100663.07,11.14,62.01,-991894.18,1.39
3:37,100656.12,5.99,62.06,100660.86,10.37,62.58,-991269.68,1.04
3:38,100658.98,8.17,70.88,100657.75,10.17,66.20,-992035.37,1.04
3:39,100645.58,9.33,61.29,100657.53,9.97,68.33,-992535.62,4.17
3:40,100635.88,19.42,27.76,100660.52,10.08,66.41,-993407.87,5.67
3:41,100631.61,21.05,24.08,100654.67,10.26,64.25,-993468.37,5.26
3:42,100621.80,21.43,22.43,100655.75,10.59,63.14,-993559.62,5.78
3:43,100623.22,21.13,22.08,100651.86,11.00,61.71,-993708.81,4.09
3:44,100634.66,18.73,26.81,100651.02,10.81,62.09,-994120.62,1.43
3:45,100641.91,6.25,61.82,100652.83,10.41,63.43,-993153.87,1.11
3:46,100638.66,8.65,69.34,100649.44,10.24,65.30,-993976.87,1.10
3:47,100635.03,10.30,55.97,100648.42,10.21,65.96,-994297.37,4.98
3:48,100618.22,19.77,27.45,100647.89,10.55,64.62,-995193.62,5.06
3:49,100619.96,21.35,23.94,100644.53,10.90,61.69,-995159.12,5.02
3:50,100628.05,21.64,22.20,100644.66,10.90,62.20,-995415.87,5.76
3:51,100612.57,21.10,21.99,100645.33,10.61,62.93,-995623.37,5.77
3:52,100630.37,14.27,34.76,100643.74,10.94,61.48,-995753.18,1.45
3:53,100640.31,6.65,61.48,100646.36,10.42,63.20,-995441.37,1.10
3:54,100633.53,8.40,68.14,100641.70,10.25,66.85,-996279.62,1.10
3:55,100627.32,13.87,44.36,100642.78,10.20,65.70,-996471.31,5.40
3:56,100614.16,20.32,26.09,100640.01,10.66,64.66,-997077.81,4.85
3:57,100612.33,21.55,23.34,100638.62,10.73,63.33,-997838.37,5.69
3:58,100611.97,21.63,22.11,100642.96,11.12,62.00,-997298.68,5.58
3:59,100609.00,21.23,21.86,100638.50,11.18,60.55,-997493.12,5.60
4:0,100626.94,9.35,46.65,100639.60,10.91,61.20,-997345.00,0.75
4:1,100635.60,7.21,64.69,100643.42,10.55,62.71,-997616.81,1.08
4:2,100631.96,8.82,64.56,100639.69,10.34,66.44,-998147.81,1.07
4:3,100618.82,17.19,33.89,100640.38,10.37,63.98,-998894.87,5.47
4:4,100601.85,20.77,25.13,100634.82,10.66,62.26,-999149.81,5.60
4:5,100598.58,21.74,22.78,100637.27,11.03,62.16,-998918.12,5.01
4:6,100604.97,21.49,21.97,100638.21,10.84,62.44,-999271.81,5.56
4:7,100608.60,20.93,21.76,100634.02,10.84,60.32,-999413.81,5.50
4:8,100605.11,20.62,21.90,100629.86,10.71,60.90,-999637.18,5.45
4:9,100614.69,18.71,26.47,100634.44,10.93,61.63,-999412.37,1.42
4:10,100622.42,6.33,61.19,100634.45,10.47,62.91,-999261.62,1.10
4:11,100623.82,8.26,67.01,100635.21,10.43,64.91,-1000193.87,1.08
4:12,100621.36,10.42,54.73,100633.22,10.18,65.28,-1000462.18,4.97
4:13,100598.43,19.80,26.70,100631.21,10.62,62.98,-1000963.68,5.23
4:14,100600.11,21.20,23.80,100626.75,10.76,63.17,-1001383.00,5.65
4:15,100593.17,21.56,22.08,100630.27,11.08,60.87,-1001344.62,5.47
4:16,100595.91,21.08,21.64,100625.03,11.24,58.88,-1001707.00,5.05
4:17,100612.42,7.00,55.19,100627.86,10.94,59.04,-1001225.50,1.45
4:18,100622.88,7.94,62.03,100625.02,10.54,62.90,-1001684.87,1.09
4:19,100617.09,9.88,64.42,100624.89,10.15,65.38,-1002203.62,1.40
4:20,100609.28,18.68,29.90,100630.92,10.47,62.85,-1002555.37,4.69
4:21,100598.00,21.00,24.35,100620.60,10.67,62.49,-1002826.50,4.80
4:22,100595.32,21.71,22.25,100624.33,10.75,61.81,-1003011.62,5.50
4:23,100600.25,21.30,21.77,100624.03,10.90,61.52,-1003208.87,4.61
4:24,100588.77,20.78,21.71,100621.10,10.83,60.46,-1003257.37,5.51
4:25,100599.38,19.04,25.73,100624.52,11.09,59.30,-1003482.00,1.43
4:26,100613.53,6.29,60.96,100620.10,10.57,61.47,-1003125.68,1.10
4:27,100615.74,8.20,67.55,100621.74,10.30,64.25,-1003887.68,1.08
4:28,100607.74,9.90,57.13,100616.35,10.15,64.88,-1004182.31,4.10
4:29,100594.89,19.76,26.77,100615.87,10.57,62.01,-1004871.31,4.56
4:30,100595.22,21.23,23.47,100621.27,10.85,60.00,-1005423.50,5.53
4:31,100595.05,21.49,21.93,100620.10,11.10,59.42,-1004888.68,5.08
4:32,100586.36,20.91,21.62,100618.16,10.90,61.13,-1005433.18,4.98
4:33,100580.22,20.48,21.86,100622.76,10.76,61.22,-1005586.87,5.16
4:34,100604.91,6.60,56.66,100610.94,10.72,58.70,-1004536.50,1.45
4:35,100610.50,7.75,66.91,100613.26,10.39,63.34,-1005414.31,1.91
4:36,100608.59,9.25,66.91,100617.03,10.17,64.63,-1005864.31,1.09
4:37,100590.18,18.64,29.18,100618.58,10.29,62.30,-1006646.18,5.53
4:38,100587.32,20.69,24.09,100614.14,10.53,60.99,-1006499.81,4.54
4:39,100585.47,21.41,22.05,100611.30,10.68,60.84,-1007095.12,5.71
4:40,100576.08,20.95,21.58,100612.30,10.66,59.66,-1006761.00,5.63
4:41,100594.42,9.01,47.62,100610.85,10.78,60.13,-1006401.31,1.45
4:42,100605.63,7.63,65.96,100610.11,10.14,63.60,-1006613.81,1.10
4:43,100600.38,9.61,63.79,100612.47,9.90,65.03,-1007410.62,0.44
4:44,100584.78,17.49,32.36,100610.66,10.24,62.49,-1007811.50,5.43
4:45,100574.42,20.60,24.43,100606.39,10.75,59.76,-1008276.00,4.81
4:46,100570.85,21.45,22.33,100600.46,11.18,57.66,-1008387.18,4.84
4:47,100577.30,20.98,21.49,100596.91,11.23,57.09,-1008186.81,4.78
4:48,100565.36,20.34,21.76,100596.41,10.90,59.00,-1008544.37,4.83
4:49,100565.66,20.15,21.82,100595.86,10.82,59.67,-1008637.62,4.68
4:50,100559.69,20.05,21.77,100594.08,10.81,58.00,-1008983.18,5.56
4:51,100565.09,20.00,21.81,100591.77,10.78,58.54,-1009069.87,4.87
4:52,100562.15,19.99,21.64,100591.80,10.78,57.92,-1009305.12,4.96
4:53,100564.78,20.01,21.74,100588.14,10.76,58.47,-1009436.12,5.59
4:54,100559.25,20.01,21.55,100586.92,10.57,57.33,-1009619.81,4.91
4:55,100559.13,20.02,21.59,100587.99,10.70,58.24,-1009630.12,5.16
4:56,100556.82,20.10,21.50,100583.61,10.79,58.42,-1009791.68,5.29
4:57,100559.12,20.13,21.51,100585.96,10.50,58.89,-1009741.00,5.77
4:58,100554.60,20.20,21.46,100583.28,10.67,58.75,-1010027.00,5.39
4:59,100558.80,20.26,21.48,100582.61,10.64,58.19,-1010084.81,5.81
5:0,100543.22,20.31,21.65,100577.88,10.35,61.04,-1010454.87,5.43
5:1,100545.03,20.32,21.64,100580.75,10.42,59.51,-1009961.50,5.45
5:2,100549.60,20.44,21.90,100578.63,10.40,60.13,-1010342.00,5.27
5:3,100560.57,20.56,22.21,100581.29,10.45,59.47,-1010378.81,5.37
5:4,100547.90,20.64,22.19,100573.58,10.25,61.14,-1010305.18,5.72
5:5,100556.57,20.76,22.40,100575.55,10.30,60.67,-1010541.18,5.05
5:6,100561.11,8.24,50.84,100570.67,10.24,60.12,-1010381.00,1.45
5:7,100564.61,8.86,61.03,100569.81,9.75,63.90,-1010490.62,1.13
5:8,100558.57,10.00,58.31,100569.86,9.51,65.60,-1010432.68,1.13
5:9,100548.58,17.50,26.56,100567.25,9.79,62.01,-1011023.37,5.32
5:10,100556.00,19.56,24.05,100567.94,10.31,60.48,-1010914.00,5.39
5:11,100536.96,20.80,21.91,100564.38,10.41,59.74,-1010464.50,5.17
5:12,100531.47,20.27,21.50,100562.02,10.50,58.62,-1010678.81,5.48
5:13,100538.25,19.92,21.65,100561.53,10.42,59.65,-1011214.12,5.12
5:14,100530.52,19.89,21.59,100561.25,10.65,57.53,-1010733.81,4.90
5:15,100530.53,19.92,21.58,100558.31,10.52,57.04,-1010976.87,5.39
5:16,100525.86,19.97,21.63,100556.39,10.49,58.78,-1010666.31,5.58
5:17,100533.97,20.02,21.49,100554.28,10.48,59.09,-1010674.31,5.41
5:18,100530.26,20.12,21.53,100557.24,10.75,56.53,-1010989.50,4.94
5:19,100533.35,20.14,21.81,100553.02,10.42,58.62,-1010794.18,5.36
5:20,100526.66,20.28,21.66,100552.42,10.48,58.84,-1011258.68,5.48
5:21,100535.97,18.70,24.88,100549.47,10.45,58.73,-1010943.68,1.44
5:22,100543.61,7.23,55.88,100549.35,10.23,58.33,-1010979.87,1.10
5:23,100541.30,9.63,59.04,100550.88,9.74,62.15,-1011434.37,1.10
5:24,100545.30,11.02,51.79,100546.77,9.64,62.38,-1011502.50,4.49
5:25,100528.48,18.98,25.00,100544.28,10.12,60.00,-1011752.31,4.57
5:26,100519.81,20.44,22.62,100545.10,10.26,59.04,-1011705.18,5.43
5:27,100518.97,20.37,21.39,100544.62,10.36,58.60,-1011315.50,5.46
5:28,100514.61,19.90,21.29,100539.69,10.51,56.55,-1011497.81,5.40
5:29,100509.13,19.82,21.41,100539.24,10.62,56.72,-1011582.81,5.46
5:30,100505.13,19.83,21.67,100538.96,10.51,57.85,-1011655.12,5.41
5:31,100507.63,19.85,21.47,100541.50,10.38,57.26,-1011746.18,5.13
5:32,100515.11,19.93,21.45,100537.00,10.64,57.10,-1011653.50,5.65
5:33,100515.14,19.94,21.70,100539.10,10.39,58.42,-1011766.37,5.18
5:34,100513.71,20.00,21.84,100536.53,10.18,59.77,-1012055.87,5.75
5:35,100510.88,20.14,21.53,100533.83,10.52,57.15,-1012253.18,5.18
5:36,100504.79,20.20,21.75,100533.19,10.21,58.16,-1011874.00,5.51
5:37,100507.49,20.27,21.99,100530.17,10.37,59.02,-1012076.37,4.89
5:38,100511.66,20.39,22.20,100529.50,10.36,58.87,-1012242.12,5.73
5:39,100505.71,20.43,22.23,100529.03,10.22,59.26,-1012192.12,5.59
5:40,100507.21,20.43,22.50,100526.60,10.15,59.47,-1012424.81,5.40
5:41,100501.43,20.36,22.72,100528.07,10.14,58.26,-1012212.62,4.53
5:42,100500.04,20.39,22.68,100528.83,10.25,59.36,-1012229.18,5.70
5:43,100501.27,20.36,23.28,100523.26,10.10,60.42,-1012607.68,4.88
5:44,100496.52,20.42,23.00,100524.24,10.24,59.61,-1012211.31,1.93
5:45,100513.21,8.89,51.18,100528.19,10.11,59.28,-1012292.31,1.10
5:46,100510.92,9.77,56.95,100524.21,9.87,61.44,-1012453.00,1.40
5:47,100523.99,10.08,56.09,100525.21,9.70,62.47,-1012372.62,4.32
5:48,100504.55,17.38,26.65,100515.39,9.86,60.89,-1012643.31,5.22
5:49,100499.42,19.33,24.30,100518.49,10.07,59.60,-1012593.81,4.72
5:50,100492.78,20.32,22.41,100514.60,9.94,60.39,-1012665.31,5.64
5:51,100484.76,20.27,22.23,100513.71,10.07,59.50,-1012667.50,5.09
5:52,100489.52,20.12,22.38,100515.52,9.69,59.76,-1012744.18,5.47
5:53,100484.49,20.12,22.19,100511.22,10.17,58.62,-1012512.18,4.60
5:54,100485.39,20.15,22.56,100515.47,10.15,58.97,-1012730.62,5.89
5:55,100476.91,20.04,22.85,100516.22,10.34,57.49,-1012616.00,4.65
5:56,100480.61,20.01,22.97,100513.42,10.06,59.97,-1013037.62,4.83
5:57,100482.60,20.00,23.17,100517.00,9.84,60.60,-1012619.81,4.78
5:58,100487.63,20.03,23.28,100514.30,10.06,58.63,-1012563.18,5.25
5:59,100504.85,15.20,32.19,100514.03,10.04,59.49,-1012277.00,1.74
6:0,100505.90,9.05,52.08,100519.52,9.72,61.10,-1013169.68,1.11
6:1,100508.71,9.77,58.67,100518.75,9.48,63.07,-1013040.81,1.11
6:2,100497.21,14.87,39.03,100515.40,9.31,63.18,-1013043.81,5.64
6:3,100489.61,18.70,25.48,100518.32,9.73,61.02,-1013458.62,5.83
6:4,100492.64,19.66,23.90,100516.32,9.90,59.79,-1013430.12,5.26
6:5,100501.08,20.09,23.49,100524.21,9.79,60.58,-1013122.62,4.65
6:6,100490.39,20.42,23.19,100516.64,9.73,60.81,-1013215.87,4.68
6:7,100500.04,20.58,23.20,100515.38,9.91,59.78,-1013422.31,5.47
6:8,100496.85,12.46,40.49,100518.00,9.68,61.53,-1013155.37,1.42
6:9,100500.50,9.64,51.37,100514.82,9.50,62.62,-1013319.18,1.10
6:10,100497.52,10.03,58.48,100510.00,9.28,64.16,-1013176.50,1.13
6:11,100492.64,17.03,31.35,100511.61,9.25,63.81,-1013366.00,5.27
6:12,100483.19,19.64,24.92,100512.08,9.57,61.83,-1013433.18,5.79
6:13,100485.85,20.42,23.81,100509.77,9.86,60.83,-1013350.87,5.81
6:14,100483.57,20.44,23.55,100509.78,9.99,60.64,-1013362.81,5.74
6:15,100494.39,20.16,23.88,100509.86,9.84,62.44,-1013607.62,5.35
6:16,100481.45,20.01,24.01,100510.43,9.77,61.87,-1013761.37,5.68
6:17,100487.16,16.31,30.19,100507.10,9.61,62.40,-1013694.37,1.42
6:18,100504.49,7.87,58.50,100510.99,9.61,61.31,-1013508.31,1.42
6:19,100499.28,6.78,64.03,100507.74,9.30,62.37,-1013531.31,1.44
6:20,100503.84,6.08,67.10,100505.50,9.05,63.41,-1013504.50,1.46
6:21,100504.41,5.40,70.01,100505.35,8.84,64.16,-1013364.37,1.42
6:22,100499.21,5.08,72.78,100504.19,8.69,65.00,-1013529.12,1.46
6:23,100497.00,5.09,75.15,100502.25,8.64,64.65,-1014206.00,1.47
6:24,100498.10,5.11,77.25,100503.30,8.58,65.97,-1016015.18,1.41
6:25,100507.57,5.32,79.26,100506.46,8.57,66.87,-1017930.68,1.47
6:26,100494.35,5.90,81.00,100506.76,8.61,66.42,-1020493.37,1.46
6:27,100506.00,6.45,82.08,100502.26,8.62,67.13,-1022522.12,0.75
6:28,100502.00,6.84,82.65,100506.71,8.70,67.49,-1024766.68,1.46
6:29,100494.86,7.07,83.02,100504.61,8.75,67.77,-1026920.37,1.45
6:30,100508.92,7.25,83.17,100503.75,8.83,68.28,-1028847.00,1.45
6:31,100486.61,7.42,83.20,100502.97,8.86,68.55,-1030573.62,1.44
6:32,100504.58,7.51,82.92,100503.20,8.90,68.38,-1031639.12,1.44
6:33,100499.63,7.55,82.43,100500.76,8.82,68.24,-1032872.31,1.39
6:34,100488.47,13.53,54.86,100499.42,8.87,67.02,-1034099.62,4.50
6:35,100485.57,18.69,29.08,100505.85,9.50,63.20,-1035274.81,4.58
6:36,100477.66,19.36,24.95,100504.27,9.56,63.07,-1035650.68,5.20
6:37,100475.68,19.28,23.61,100503.47,9.78,61.66,-1035974.68,5.65
6:38,100474.11,18.85,23.10,100500.88,9.93,59.48,-1036567.68,5.11
6:39,100472.46,18.67,23.06,100503.52,10.18,58.13,-1036759.37,5.48
6:40,100486.32,18.66,22.85,100500.68,10.14,58.43,-1037375.50,5.34
6:41,100478.93,18.67,22.75,100503.81,10.04,59.06,-1037567.37,5.10
6:42,100478.36,18.75,22.62,100504.21,10.06,58.81,-1038123.00,4.72
6:43,100475.42,18.86,22.42,100500.63,10.33,57.84,-1038435.68,5.65
6:44,100487.89,18.95,22.22,100496.38,10.59,55.87,-1038920.62,5.13
6:45,100472.94,19.02,22.16,100499.99,10.31,58.79,-1038853.18,5.06
6:46,100474.50,19.10,22.09,100500.08,10.14,58.77,-1039233.81,4.71
6:47,100476.41,19.09,22.36,100502.03,10.03,60.33,-1039664.18,5.65
6:48,100477.03,19.13,22.22,100498.22,9.98,58.67,-1039792.50,5.11
6:49,100475.00,19.19,22.47,100502.28,9.62,63.23,-1039908.37,4.94
6:50,100476.86,19.31,22.55,100499.28,9.64,62.73,-1040136.81,4.52
6:51,100471.58,19.47,22.19,100499.24,9.84,60.67,-1040077.87,5.16
6:52,100470.51,19.63,22.27,100493.64,9.91,61.04,-1040383.18,5.15
6:53,100472.92,19.82,22.34,100496.23,10.30,59.15,-1040471.31,4.69
6:54,100473.46,19.99,22.38,100495.47,10.32,59.07,-1040769.18,5.95
6:55,100473.99,20.11,22.71,100496.00,10.07,61.13,-1040699.00,5.34
6:56,100466.46,20.15,23.00,100494.60,9.95,60.91,-1040747.50,5.90
6:57,100480.13,20.22,23.32,100492.91,10.16,60.96,-1041046.00,4.65
6:58,100458.89,20.21,23.31,100490.61,10.21,59.99,-1041349.18,5.99
6:59,100465.77,20.28,23.41,100489.91,10.37,59.47,-1041450.87,5.12
7:0,100469.14,20.33,23.60,100490.07,10.32,59.19,-1041556.68,5.79
7:1,100466.05,20.26,24.07,100491.16,10.26,61.02,-1041649.12,4.13
7:2,100478.47,9.37,50.33,100489.64,9.98,62.15,-1041713.50,1.42
7:3,100482.34,4.26,68.00,100492.01,9.55,61.30,-1041567.62,1.45
7:4,100490.53,4.19,75.29,100492.38,9.31,63.19,-1042228.37,1.45
7:5,100494.70,6.96,81.50,100489.75,9.35,65.36,-1043247.50,1.45
7:6,100486.10,7.75,82.12,100493.58,9.42,66.62,-1043528.81,1.43
7:7,100484.30,7.96,82.57,100495.08,9.48,67.12,-1044299.87,1.45
7:8,100480.02,7.96,82.54,100490.48,9.44,66.85,-1044394.12,0.81
7:9,100493.64,8.00,82.87,100492.80,9.47,66.45,-1044990.68,1.46
7:10,100477.55,8.02,82.95,100495.21,9.51,66.75,-1045230.37,1.46
7:11,100485.24,8.07,83.14,100492.36,9.46,67.76,-1045760.81,1.48
7:12,100482.97,8.10,82.81,100493.57,9.47,66.01,-1046389.68,1.45
7:13,100482.21,8.18,82.97,100489.71,9.51,66.91,-1046552.81,1.45
7:14,100477.16,8.25,82.87,100493.12,9.50,66.98,-1047055.18,1.46
7:15,100480.08,8.28,82.44,100493.64,9.54,66.91,-1047461.18,1.48
7:16,100478.46,8.35,82.42,100492.55,9.54,67.56,-1047548.37,1.48
7:17,100488.52,8.42,82.21,100495.59,9.54,67.71,-1047664.37,1.45
7:18,100475.42,8.50,82.04,100493.53,9.51,68.02,-1048097.81,1.48
7:19,100468.94,18.79,31.04,100488.89,9.92,63.30,-1048692.25,4.96
7:20,100465.83,21.08,25.07,100491.19,10.40,60.38,-1048115.12,4.94
7:21,100452.89,20.70,22.79,100486.49,10.40,60.47,-1048012.12,3.92
7:22,100462.28,19.85,22.89,100485.33,10.44,59.33,-1048488.50,4.86
7:23,100457.94,19.63,22.83,100485.82,10.73,58.00,-1048453.18,4.61
7:24,100456.55,19.55,22.56,100488.67,10.77,56.81,-1048570.81,5.69
7:25,100460.60,19.43,22.59,100493.14,10.26,59.13,-1048662.37,4.63
7:26,100460.72,19.38,22.47,100488.84,10.40,57.59,-1049011.37,4.50
7:27,100452.74,19.47,22.40,100485.13,10.49,58.46,-1049114.25,4.52
7:28,100464.08,19.52,22.35,100491.46,10.63,58.67,-1049193.00,3.95
7:29,100469.94,19.58,22.04,100489.67,10.73,56.54,-1049177.62,4.53
7:30,100460.67,19.68,21.84,100486.05,10.99,55.68,-1049646.12,5.73
7:31,100462.05,19.72,21.92,100485.14,10.56,58.46,-1049732.75,4.40
7:32,100456.30,19.77,21.68,100489.10,10.96,56.45,-1049509.25,4.86
7:33,100458.75,19.74,21.64,100491.22,10.41,58.32,-1049466.75,4.24
7:34,100452.87,19.83,21.53,100492.33,10.70,57.15,-1050169.50,5.31
7:35,100460.86,19.94,21.64,100487.80,10.68,57.06,-1049975.75,3.89
7:36,100459.89,20.00,21.47,100484.97,10.57,56.89,-1049954.12,5.45
7:37,100464.92,20.14,21.57,100489.82,10.80,56.21,-1050184.62,5.07
7:38,100464.62,20.23,21.75,100486.50,10.51,58.51,-1050340.00,4.56
7:39,100462.67,20.32,21.79,100488.19,10.51,58.74,-1050453.00,5.01
7:40,100459.61,20.51,21.35,100484.81,10.97,55.35,-1050426.62,5.01
7:41,100473.10,20.62,21.59,100491.21,11.00,57.28,-1050559.25,4.00
7:42,100467.02,13.00,38.15,100486.96,10.71,56.85,-1050493.87,1.42
7:43,100472.88,7.93,56.33,100487.22,10.35,58.80,-1050511.50,0.47
7:44,100475.03,9.54,59.42,100480.69,10.36,59.75,-1050850.25,0.46
7:45,100460.00,16.24,30.52,100482.50,10.42,58.08,-1051037.87,4.05
7:46,100458.55,19.00,24.61,100479.91,10.96,54.80,-1051106.75,5.64
7:47,100451.29,20.62,22.59,100477.99,11.06,54.65,-1051320.37,4.65
7:48,100446.32,20.48,21.30,100483.41,11.36,53.84,-1051100.87,4.27
7:49,100448.23,20.00,21.48,100477.60,10.95,54.90,-1051072.75,4.28
7:50,100450.82,19.92,21.37,100476.50,11.31,53.17,-1051259.50,3.85
7:51,100461.71,19.89,21.33,100477.10,11.36,52.89,-1051095.25,3.85
7:52,100443.54,19.90,21.54,100477.35,10.99,56.42,-1051312.00,4.46
7:53,100450.57,19.92,21.37,100476.36,10.83,57.24,-1051365.50,5.63
7:54,100460.50,15.54,31.24,100477.96,11.22,53.87,-1051358.50,0.75
7:55,100476.88,6.42,59.11,100481.36,10.76,56.50,-1051004.12,0.44
7:56,100473.52,9.49,59.30,100479.43,10.51,58.54,-1051557.25,0.43
7:57,100470.97,12.82,45.44,100483.39,10.52,59.48,-1052009.37,3.94
7:58,100455.69,19.63,25.29,100479.85,10.76,58.04,-1052481.75,4.74
7:59,100462.10,21.14,22.83,100481.12,10.65,59.15,-1052048.75,4.07
8:0,100443.74,20.83,21.46,100477.69,10.94,55.96,-1052165.75,3.98
8:1,100448.02,20.34,21.44,100477.08,11.39,54.87,-1052145.62,4.82
8:2,100456.08,11.88,39.44,100476.25,10.95,58.09,-1051805.50,0.74
8:3,100472.52,6.94,65.05,100474.41,10.66,59.41,-1051964.75,1.12
8:4,100466.53,9.71,61.41,100473.77,10.58,60.20,-1052416.25,0.43
8:5,100444.08,15.40,37.30,100467.63,10.57,59.97,-1052526.25,4.78
8:6,100440.55,20.08,25.36,100466.06,10.60,60.91,-1053250.12,4.72
8:7,100448.04,21.25,22.68,100469.91,10.84,59.32,-1053081.12,5.75
8:8,100442.89,21.06,21.65,100465.71,11.23,56.07,-1053399.25,4.97
8:9,100451.00,16.06,31.03,100464.41,11.71,54.63,-1053185.12,0.76
8:10,100464.94,6.62,60.55,100468.69,11.07,58.66,-1052879.12,0.43
8:11,100459.94,8.90,65.39,100464.61,10.91,59.74,-1053396.00,0.44
8:12,100450.86,12.78,46.69,100464.88,10.90,60.72,-1053707.12,4.64
8:13,100443.57,20.15,25.83,100469.78,11.12,59.16,-1054377.37,3.98
8:14,100441.11,21.50,23.20,100470.05,11.29,58.69,-1054611.00,5.05
8:15,100456.46,12.48,38.67,100468.50,11.74,56.51,-1053493.62,0.79
8:16,100460.11,7.30,61.74,100466.86,11.32,58.03,-1053864.87,1.10
8:17,100463.80,9.28,63.11,100474.60,11.08,59.58,-1054635.37,1.10
8:18,100458.78,16.15,36.90,100468.10,10.79,59.13,-1054904.25,4.03
8:19,100451.55,20.86,24.98,100468.80,11.34,57.71,-1055340.50,4.06
8:20,100437.47,21.82,22.52,100468.49,11.27,57.61,-1055362.75,5.53
8:21,100455.74,8.05,51.47,100469.44,11.16,57.37,-1054992.25,1.04
8:22,100460.05,8.50,65.58,100465.14,11.01,59.20,-1055463.25,0.46
8:23,100460.78,10.18,61.49,100471.02,11.16,59.45,-1056250.75,0.45
8:24,100449.74,18.53,31.44,100479.44,11.17,60.26,-1056765.12,4.07
8:25,100453.10,21.34,24.13,100467.66,11.34,57.36,-1056876.00,4.05
8:26,100445.64,20.25,25.18,100471.71,11.70,55.32,-1057085.62,0.77
8:27,100457.13,6.71,61.57,100464.00,11.35,57.52,-1056449.75,0.45
8:28,100455.49,9.66,63.25,100460.68,11.16,59.22,-1056882.75,1.10
8:29,100459.87,10.93,51.58,100464.23,11.02,58.70,-1057301.75,3.99
8:30,100425.13,20.38,26.62,100459.02,11.36,56.04,-1058168.25,4.09
8:31,100435.72,15.24,33.64,100458.84,11.14,57.20,-1058059.62,1.46
8:32,100442.99,7.63,63.61,100452.35,10.99,58.39,-1057736.00,0.47
8:33,100446.17,9.88,60.98,100452.97,10.91,58.23,-1058188.87,0.68
8:34,100427.01,14.22,40.31,100446.08,11.00,57.13,-1058654.25,4.27
8:35,100424.00,20.78,25.90,100441.46,11.55,55.21,-1059301.25,5.00
8:36,100424.39,22.06,22.99,100446.52,11.51,56.00,-1059138.00,5.75
8:37,100433.19,7.27,56.06,100444.17,11.27,57.49,-1058821.62,1.38
8:38,100436.47,8.61,63.03,100445.52,11.09,57.31,-1059509.62,0.46
8:39,100435.91,10.83,55.44,100446.91,11.01,57.89,-1059946.00,1.10
8:40,100416.09,19.13,29.39,100439.73,11.32,56.91,-1060757.12,4.89
8:41,100409.24,19.85,26.31,100429.89,11.82,53.88,-1060567.62,1.46
8:42,100430.69,7.73,65.63,100437.21,11.59,56.82,-1060160.87,0.44
8:43,100425.02,10.72,57.51,100432.54,11.19,56.92,-1060889.12,0.46
8:44,100417.68,12.27,50.37,100434.25,11.43,57.28,-1061124.75,4.56
8:45,100406.17,20.38,26.62,100434.15,11.44,55.89,-1061512.62,4.91
8:46,100404.00,22.24,23.38,100439.07,11.41,56.47,-1061787.75,4.69
8:47,100403.81,22.29,21.72,100433.32,11.41,55.18,-1061679.00,5.67
8:48,100408.11,11.65,39.93,100426.53,11.81,54.42,-1061589.87,0.77
8:49,100428.52,7.89,60.97,100446.73,11.48,56.75,-1062307.25,0.44
8:50,100421.22,10.37,57.58,100432.78,11.41,56.59,-1062100.00,0.45
8:51,100410.03,16.61,35.09,100431.52,11.37,55.50,-1062595.37,4.66
8:52,100404.71,21.08,24.69,100430.42,11.90,54.19,-1062854.37,4.94
8:53,100424.77,7.24,62.21,100434.86,11.32,54.76,-1062308.50,0.76
8:54,100417.90,9.25,61.89,100434.65,11.45,55.38,-1062961.25,0.43
8:55,100421.78,11.18,55.68,100434.55,11.45,55.23,-1063380.12,0.76
8:56,100405.50,19.72,27.60,100429.75,11.45,54.19,-1063712.25,4.98
8:57,100410.97,19.30,26.94,100429.96,12.00,52.81,-1063523.50,0.77
8:58,100417.96,8.09,65.87,100425.21,11.83,55.30,-1063199.50,0.46
8:59,100415.25,10.91,56.07,100422.96,11.53,54.14,-1063490.62,0.46
9:0,100406.50,13.87,44.23,100422.56,11.83,54.82,-1063984.25,4.39
9:1,100405.91,15.75,37.66,100419.87,12.21,53.92,-1064372.00,0.75
9:2,100410.61,9.97,69.09,100422.03,11.98,54.02,-1063909.37,0.43
9:3,100409.15,11.22,59.13,100419.63,11.95,55.22,-1064240.00,0.45
9:4,100405.22,15.92,38.87,100418.30,12.16,55.25,-1064628.87,3.92
9:5,100411.58,9.96,71.19,100424.52,12.09,55.79,-1064273.75,0.77
9:6,100400.19,10.95,61.90,100413.42,12.10,55.00,-1065012.25,0.50
9:7,100401.32,11.74,56.75,100415.30,11.90,54.61,-1064930.25,1.01
9:8,100388.46,18.82,30.08,100407.00,12.15,54.05,-1065842.87,1.46
9:9,100405.78,9.85,71.14,100409.32,12.05,54.75,-1065705.50,1.05
9:10,100392.86,11.28,58.56,100403.60,11.79,55.32,-1065934.12,0.97
9:11,100392.28,12.75,59.62,100400.82,11.93,55.76,-1066412.75,4.32
9:12,100386.01,12.65,52.42,100397.08,12.05,54.62,-1066464.25,0.77
9:13,100389.94,10.33,69.05,100400.08,11.94,56.96,-1066613.75,0.45
9:14,100389.28,11.42,60.43,100398.69,12.00,55.86,-1066689.87,0.45
9:15,100384.55,17.47,33.33,100396.12,11.98,54.96,-1067164.50,4.44
9:16,100384.27,12.23,52.78,100398.86,12.20,54.71,-1067202.50,0.75
9:17,100385.30,10.34,66.69,100389.63,12.04,57.26,-1067413.25,0.45
9:18,100382.05,11.37,60.34,100393.00,12.08,57.26,-1067429.75,0.46
9:19,100372.08,18.02,31.85,100394.97,11.76,56.29,-1067812.50,4.74
9:20,100367.59,16.77,35.38,100388.44,12.06,54.88,-1067962.25,0.75
9:21,100374.80,10.05,68.59,100381.80,11.70,56.14,-1067463.00,0.44
9:22,100377.33,11.10,59.81,100390.13,11.83,56.55,-1067462.12,0.48
9:23,100376.60,13.61,50.78,100388.61,11.65,56.84,-1067862.25,1.05
9:24,100383.10,10.07,73.80,100394.27,11.82,57.44,-1067913.62,0.47
9:25,100379.77,11.02,62.56,100390.78,11.73,56.45,-1068199.25,0.42
9:26,100363.50,14.11,51.93,100391.42,11.72,56.49,-1068221.75,4.23
9:27,100358.37,19.89,27.00,100389.08,12.05,54.57,-1068760.12,4.02
9:28,100378.60,9.67,71.38,100387.53,11.89,56.32,-1068174.75,1.48
9:29,100373.72,10.89,62.04,100390.77,11.72,56.13,-1068454.50,1.13
9:30,100369.83,11.63,57.39,100383.76,11.80,56.55,-1069117.25,0.48
9:31,100364.07,12.62,55.35,100378.97,11.87,56.22,-1069114.75,0.75
9:32,100373.18,10.58,71.94,100379.30,11.85,58.12,-1068867.00,0.43
9:33,100371.18,11.33,60.74,100385.89,11.78,57.32,-1068952.25,0.43
9:34,100351.75,17.80,32.37,100376.88,11.62,56.64,-1069262.87,4.58
9:35,100369.58,11.44,59.61,100378.53,11.52,57.09,-1069323.37,1.44
9:36,100375.64,10.50,67.57,100383.71,11.43,58.29,-1069363.75,0.46
9:37,100372.20,11.46,61.50,100380.77,11.39,58.88,-1069446.25,1.14
9:38,100363.19,18.34,29.92,100381.32,11.44,57.87,-1070095.37,4.72
9:39,100374.55,15.77,38.14,100384.27,11.80,57.49,-1070019.50,1.47
9:40,100381.35,10.13,70.81,100384.50,11.40,57.77,-1069838.25,0.44
9:41,100371.39,11.16,61.22,100382.63,11.36,58.85,-1069816.50,0.44
9:42,100363.93,16.25,39.83,100390.30,11.33,58.77,-1069993.00,3.94
9:43,100376.33,18.43,30.72,100390.74,11.70,56.74,-1069997.25,1.10
9:44,100390.30,9.82,70.22,100397.37,11.27,57.02,-1069766.00,0.46
9:45,100393.74,11.24,58.81,100409.02,11.04,56.16,-1070185.37,1.12
9:46,100394.77,14.53,47.87,100412.52,10.75,58.60,-1070684.25,5.15
9:47,100394.60,20.04,27.01,100415.67,10.78,59.87,-1070806.87,5.44
9:48,100382.78,21.90,24.37,100416.42,10.58,61.96,-1070624.12,3.90
9:49,100393.38,22.16,23.21,100422.57,10.50,63.35,-1070728.00,3.90
9:50,100391.47,21.61,22.12,100426.47,10.26,65.01,-1070796.00,4.26
9:51,100390.72,20.97,22.46,100420.95,10.37,65.78,-1070198.25,4.60
9:52,100389.44,20.47,22.56,100422.82,9.80,67.69,-1071089.62,4.65
9:53,100406.16,20.41,22.76,100427.13,10.02,68.37,-1071300.75,5.39
9:54,100394.47,20.43,22.57,100424.63,9.61,68.70,-1071185.25,4.64
9:55,100383.50,20.32,22.41,100413.25,9.94,67.61,-1071485.37,5.24
9:56,100391.74,20.34,22.61,100417.61,9.83,68.56,-1071427.50,5.57
9:57,100388.97,20.34,22.70,100411.51,10.16,67.86,-1071851.75,5.15
9:58,100378.23,20.41,22.59,100408.70,9.99,68.04,-1072015.00,5.56
9:59,100389.49,20.35,22.66,100421.37,9.57,69.57,-1071961.12,4.81
10:0,100394.41,20.32,22.61,100422.08,9.59,71.02,-1072208.75,4.90
10:1,100382.17,20.42,22.64,100423.25,9.80,69.58,-1071633.25,4.84
10:2,100385.92,20.48,22.68,100416.60,10.12,68.57,-1071882.00,4.63
10:3,100374.78,20.54,22.96,100402.88,9.88,69.65,-1072399.87,4.72
10:4,100380.21,20.47,23.18,100413.30,9.13,72.00,-1071846.50,5.61
10:5,100378.64,20.59,23.40,100410.60,9.33,70.97,-1072297.87,5.25
10:6,100377.52,20.79,23.73,100405.89,10.03,67.97,-1072428.75,5.02
10:7,100382.55,21.04,23.85,100402.61,10.38,67.43,-1072210.12,4.16
10:8,100375.89,21.08,24.14,100398.80,10.10,68.32,-1072396.12,5.90
10:9,100378.52,21.05,24.92,100398.82,9.98,69.67,-1071969.87,4.80
10:10,100384.28,21.16,24.95,100399.38,10.14,69.92,-1072351.00,3.81
10:11,100375.55,21.06,24.99,100397.38,9.83,69.68,-1072074.25,4.82
10:12,100375.30,20.90,25.66,100396.83,9.79,69.02,-1072449.00,4.94
10:13,100368.27,20.86,26.31,100394.82,10.13,68.85,-1072313.50,4.42
10:14,100365.23,19.02,29.12,100395.32,9.75,70.03,-1072124.87,0.75
10:15,100386.14,7.03,59.11,100393.71,9.39,72.20,-1071993.25,0.75
10:16,100384.62,4.13,71.91,100386.35,9.39,70.72,-1072416.12,1.47
10:17,100380.31,3.94,76.47,100383.57,9.65,68.96,-1071434.12,0.75
10:18,100364.85,6.68,82.74,100378.69,9.59,69.57,-1060253.50,0.76
10:19,100368.39,8.06,83.86,100374.33,9.70,71.69,-1068964.87,0.77
10:20,100360.75,8.26,83.76,100373.77,9.50,70.98,-1070520.62,0.76
10:21,100356.73,8.20,83.97,100370.75,9.47,70.32,-1071145.00,0.78
10:22,100360.94,8.38,84.66,100358.97,9.75,71.49,-1072941.62,1.48
10:23,100350.27,8.68,84.99,100364.07,10.02,70.57,-1072658.25,0.78
10:24,100359.66,8.73,85.21,100363.28,10.09,71.55,-1072874.37,0.79
10:25,100353.00,9.06,85.76,100358.13,10.24,72.54,-1073372.25,0.78
10:26,100350.35,9.21,85.73,100362.75,10.32,71.49,-1073778.25,0.76
10:27,100344.70,9.28,85.80,100361.53,10.47,72.20,-1074000.37,0.77
10:28,100364.32,9.44,86.01,100362.86,10.65,72.58,-1074412.25,0.77
10:29,100357.71,9.54,85.79,100368.21,10.70,72.15,-1074795.75,0.77
10:30,100365.28,9.54,85.68,100367.75,10.69,72.55,-1076522.75,0.77
10:31,100352.12,14.07,61.20,100371.17,10.63,71.27,-1079065.87,4.01
10:32,100336.82,19.37,29.19,100370.46,11.01,66.71,-1079634.75,5.49
10:33,100338.57,21.63,25.65,100367.64,11.25,64.44,-1079557.75,4.49
10:34,100347.05,22.30,24.14,100363.86,11.19,65.57,-1079718.12,4.67
10:35,100337.00,22.33,22.97,100359.89,11.21,65.72,-1079621.50,4.76
10:36,100350.39,10.33,45.41,100362.80,10.80,67.41,-1080096.25,0.75
10:37,100353.53,7.85,70.80,100363.75,10.26,69.79,-1080141.75,0.44
10:38,100354.63,9.51,72.85,100359.79,10.49,69.83,-1080822.87,1.11
10:39,100324.97,17.07,35.68,100355.21,10.67,67.96,-1081009.75,5.35
10:40,100328.37,21.56,25.91,100354.55,11.22,67.26,-1080872.75,5.21
10:41,100325.92,22.65,23.44,100352.42,11.27,64.53,-1081250.75,6.51
10:42,100326.05,22.55,22.50,100353.47,11.24,65.76,-1080623.12,4.78
10:43,100326.32,22.06,22.14,100354.66,11.02,65.32,-1081376.87,4.98
10:44,100331.08,21.62,22.35,100357.41,11.44,64.21,-1081456.25,1.48
10:45,100351.67,6.23,62.04,100355.92,11.07,63.69,-1080684.00,1.15
10:46,100351.44,8.88,70.80,100363.36,10.82,67.38,-1081322.50,0.45
10:47,100344.71,10.07,62.57,100358.39,10.32,69.86,-1081172.25,3.87
10:48,100329.71,20.20,28.16,100363.63,10.98,66.07,-1082069.25,4.49
10:49,100326.03,22.08,24.21,100357.88,11.14,66.26,-1081143.62,3.84
10:50,100337.66,22.61,22.72,100357.58,11.11,66.54,-1082171.37,4.43
10:51,100333.01,22.37,21.89,100361.27,11.39,63.41,-1082234.37,5.00
10:52,100361.49,6.67,58.59,100362.69,10.97,64.75,-1081774.00,0.79
10:53,100344.64,9.00,68.91,100360.74,10.35,67.36,-1082348.37,0.45
10:54,100353.16,10.15,68.90,100362.16,10.56,69.01,-1082697.25,1.17
10:55,100335.49,19.61,29.41,100358.28,10.71,65.75,-1083488.87,4.77
10:56,100337.46,21.89,24.34,100363.14,10.79,66.06,-1083749.75,5.07
10:57,100327.94,22.57,22.66,100361.46,10.92,66.29,-1083393.00,5.05
10:58,100333.61,22.19,21.90,100358.75,10.91,65.33,-1084045.25,5.63
10:59,100326.78,21.77,22.11,100355.17,11.18,65.76,-1084229.37,4.52
11:0,100353.35,7.80,52.87,100360.17,10.95,65.13,-1083727.87,1.50
11:1,100345.50,8.99,68.56,100358.35,10.01,72.27,-1084292.62,0.46
11:2,100348.75,10.39,68.27,100359.86,10.08,74.09,-1084697.00,1.11
11:3,100338.03,18.61,32.21,100357.18,10.36,71.73,-1085310.87,4.03
11:4,100331.48,21.56,25.30,100354.36,10.26,71.23,-1085440.50,4.11
11:5,100323.72,22.36,23.41,100353.16,10.02,73.37,-1085771.37,5.70
11:6,100320.77,22.29,22.44,100344.53,10.56,70.96,-1086108.12,4.10
11:7,100324.63,21.98,22.30,100347.55,11.08,69.30,-1086146.75,5.81
11:8,100317.46,18.90,27.62,100349.89,11.30,67.54,-1086154.87,0.77
11:9,100333.85,6.64,62.69,100343.99,10.89,68.11,-1084950.87,0.43
11:10,100339.55,8.86,75.80,100348.54,10.63,72.45,-1086153.12,0.46
11:11,100329.39,11.23,56.36,100350.07,10.50,73.38,-1086967.12,3.73
11:12,100323.88,20.46,27.63,100348.46,9.80,74.30,-1086966.75,5.32
11:13,100327.04,21.91,24.16,100343.55,9.88,72.90,-1088073.25,4.81
11:14,100319.46,22.32,22.67,100346.58,10.73,70.17,-1087936.87,5.69
11:15,100312.86,22.05,22.31,100349.75,10.92,68.80,-1087998.75,4.91
11:16,100323.02,21.62,21.93,100348.44,10.92,66.72,-1088280.87,4.25
11:17,100309.01,21.39,21.94,100342.00,11.03,67.07,-1088338.87,5.65
11:18,100310.44,21.15,22.18,100332.10,10.63,67.51,-1088952.37,4.65
11:19,100305.28,21.23,22.31,100332.54,11.12,65.05,-1089005.00,4.66
11:20,100308.10,12.40,39.09,100329.47,10.94,65.75,-1088765.75,0.74
11:21,100318.69,6.85,63.86,100330.54,10.16,67.93,-1088740.62,1.13
11:22,100314.77,8.88,69.52,100327.76,10.22,70.62,-1089540.75,1.13
11:23,100305.85,15.57,38.26,100328.57,9.62,72.29,-1090030.37,3.88
11:24,100297.88,20.46,25.74,100326.82,10.27,68.31,-1090523.00,4.81
11:25,100295.77,21.66,23.22,100326.85,10.32,67.56,-1090886.00,3.87
11:26,100292.71,21.65,22.29,100323.39,10.76,65.99,-1091429.25,4.61
11:27,100298.69,21.33,22.01,100326.46,10.71,65.26,-1091380.87,4.72
11:28,100296.07,21.05,21.98,100328.72,11.01,64.35,-1092083.25,4.83
11:29,100305.80,20.85,22.15,100330.63,10.31,68.44,-1092228.25,5.15
11:30,100297.85,20.73,22.22,100329.57,10.04,69.51,-1092152.62,3.91
11:31,100298.84,20.81,22.25,100334.41,10.51,66.65,-1092546.12,3.88
11:32,100293.40,21.01,22.17,100334.53,10.88,66.51,-1092687.12,4.78
11:33,100294.41,21.01,22.03,100330.55,10.52,67.83,-1092736.50,4.14
11:34,100296.08,21.14,22.26,100332.71,10.91,67.23,-1092315.37,4.74
11:35,100292.41,21.27,22.16,100337.60,10.83,67.33,-1092380.25,4.35
11:36,100300.21,21.17,21.98,100327.77,10.49,67.62,-1092786.00,3.93
11:37,100307.29,21.28,21.97,100325.85,10.86,66.81,-1092842.12,3.83
11:38,100306.70,12.28,39.57,100322.75,11.00,66.13,-1092914.12,0.75
11:39,100321.83,7.15,62.85,100321.83,10.49,68.07,-1092896.25,0.45
11:40,100315.63,9.02,71.59,100323.85,10.42,71.50,-1093662.62,1.13
11:41,100310.14,16.06,37.29,100324.39,10.46,70.35,-1093906.25,4.07
11:42,100290.55,20.60,25.70,100320.17,10.84,68.92,-1094585.25,4.90
11:43,100300.53,22.02,23.36,100319.37,10.97,68.99,-1094792.25,5.70
11:44,100286.66,22.01,22.17,100322.06,11.29,65.31,-1095127.12,4.92
11:45,100298.85,16.48,31.62,100318.55,11.33,65.44,-1094953.25,0.77
11:46,100307.83,6.95,61.98,100316.66,10.53,69.33,-1094730.37,1.14
11:47,100305.21,8.80,73.11,100318.61,10.20,72.87,-1095569.87,0.45
11:48,100304.96,13.02,49.43,100314.54,9.88,74.80,-1096253.75,4.83
11:49,100289.39,20.45,27.02,100315.85,10.25,72.11,-1096860.75,4.49
11:50,100286.42,21.91,24.18,100313.67,10.31,73.22,-1097424.25,4.76
11:51,100281.50,22.17,22.80,100311.41,10.14,72.35,-1098142.62,5.11
11:52,100287.58,21.96,22.36,100313.35,10.05,73.40,-1098374.12,5.01
11:53,100280.35,21.59,22.27,100313.89,10.04,72.48,-1097621.75,4.89
11:54,100288.16,21.25,22.36,100311.27,10.12,71.86,-1098297.75,4.71
11:55,100276.28,21.12,22.21,100312.96,10.38,69.48,-1098627.75,4.87
11:56,100275.29,21.07,22.37,100306.86,10.57,68.33,-1099313.75,3.96
11:57,100277.82,21.23,22.36,100308.20,10.87,68.54,-1099092.87,4.07
11:58,100280.07,21.28,22.33,100302.19,10.97,67.98,-1099210.75,5.67
11:59,100280.00,21.33,22.13,100302.82,10.97,67.05,-1099450.75,5.83
12:0,100262.76,21.39,22.35,100296.49,10.96,68.80,-1099672.75,5.45
12:1,100273.96,21.43,22.29,100292.55,10.35,70.51,-1099596.75,5.70
12:2,100257.46,21.46,22.27,100287.08,10.42,69.42,-1099840.00,4.94
12:3,100258.25,15.80,32.88,100287.27,10.45,69.21,-1100122.12,1.14
12:4,100278.31,6.90,61.45,100283.92,9.77,72.30,-1099885.62,0.44
12:5,100276.75,9.18,71.98,100284.33,9.58,75.48,-1101009.75,1.11
12:6,100264.11,13.89,45.84,100286.94,9.09,76.57,-1101270.50,5.24
12:7,100252.57,19.95,26.10,100275.27,9.69,72.92,-1101858.50,5.52
12:8,100255.68,21.56,23.62,100277.21,10.26,70.89,-1101921.00,5.06
12:9,100246.08,21.49,22.55,100275.15,10.02,70.74,-1102248.00,4.98
12:10,100241.25,21.17,22.56,100274.41,10.11,72.34,-1102474.37,5.68
12:11,100243.28,20.95,22.42,100273.96,10.28,69.38,-1102883.25,3.96
12:12,100237.60,20.92,22.73,100267.05,10.46,70.64,-1102953.25,5.25
12:13,100244.18,21.06,22.76,100268.25,10.50,71.07,-1102967.75,4.99
12:14,100240.21,21.09,22.37,100267.44,10.39,70.41,-1103032.25,4.88
12:15,100236.85,21.08,22.44,100267.59,10.26,71.28,-1103574.87,3.85
12:16,100235.64,21.11,22.65,100258.10,10.48,71.58,-1103802.25,4.99
12:17,100226.52,21.29,22.71,100255.21,10.71,68.99,-1103599.75,4.18
12:18,100234.35,17.07,30.96,100249.19,10.84,69.35,-1103874.12,1.42
12:19,100238.08,7.00,60.88,100249.34,10.15,71.82,-1104091.62,0.46
12:20,100230.47,9.25,73.31,100239.97,9.77,76.58,-1104731.12,1.10
12:21,100222.58,12.82,52.21,100239.36,10.07,76.46,-1104919.12,4.54
12:22,100208.24,20.30,27.01,100235.74,10.58,72.37,-1105603.75,4.11
12:23,100202.49,22.03,23.88,100236.90,11.21,70.33,-1105861.62,4.74
12:24,100199.41,21.97,22.87,100228.05,10.37,70.94,-1105929.25,5.95
12:25,100202.55,21.66,22.83,100230.80,10.85,69.52,-1106158.87,5.87
12:26,100192.00,21.63,23.12,100228.14,11.30,71.04,-1106566.12,4.40
12:27,100193.25,21.83,22.57,100227.89,11.68,68.75,-1105958.00,5.30
12:28,100200.42,21.65,22.47,100226.94,10.77,69.81,-1106502.75,5.12
12:29,100200.03,21.66,23.11,100229.55,11.14,70.12,-1106999.37,4.92
12:30,100204.14,21.11,24.68,100233.86,11.11,70.71,-1106927.37,0.77
12:31,100222.77,7.08,60.85,100232.52,10.74,68.79,-1106695.62,1.10
12:32,100218.91,9.11,72.62,100227.80,10.97,76.27,-1107650.62,1.10
12:33,100212.14,10.14,64.75,100228.25,11.05,76.33,-1107925.87,4.91
12:34,100187.72,20.82,27.82,100225.21,11.22,70.29,-1108677.75,5.10
12:35,100193.38,22.70,24.15,100224.48,11.57,69.87,-1109025.00,5.19
12:36,100203.58,8.32,58.08,100224.80,11.33,69.89,-1108722.75,1.47
12:37,100209.35,9.62,72.00,100227.88,11.19,76.38,-1109407.87,1.10
12:38,100210.69,11.03,69.79,100223.82,10.71,73.95,-1109812.00,0.43
12:39,100187.48,19.68,31.76,100223.51,10.88,72.50,-1110353.25,4.08
12:40,100186.34,22.10,25.68,100222.42,11.39,69.21,-1111336.37,5.60
12:41,100193.73,15.61,36.14,100220.11,11.57,67.66,-1111420.25,1.45
12:42,100205.67,8.45,64.64,100216.64,10.86,71.97,-1111977.25,1.10
12:43,100202.21,10.45,74.70,100217.99,11.43,72.97,-1112368.25,1.10
12:44,100196.19,14.97,45.54,100216.44,11.71,70.74,-1112971.62,4.89
12:45,100182.05,21.49,29.22,100217.55,12.32,71.48,-1113770.75,5.81
12:46,100209.46,11.97,52.61,100224.02,12.73,67.49,-1113645.50,1.42
12:47,100196.04,10.15,70.63,100212.73,11.64,69.67,-1113212.25,0.44
12:48,100199.14,11.61,64.59,100220.53,11.34,71.07,-1114807.25,0.43
12:49,100183.94,17.61,39.31,100212.66,10.97,71.20,-1115252.62,5.65
12:50,100185.64,20.77,27.51,100203.91,10.82,67.98,-1116234.37,4.72
12:51,100182.80,22.21,24.67,100212.21,11.24,67.27,-1116464.25,5.77
12:52,100175.86,22.70,23.06,100213.03,11.15,67.96,-1116802.87,4.80
12:53,100171.72,22.32,22.43,100204.99,10.82,69.49,-1117324.25,4.94
12:54,100173.62,22.28,22.52,100206.08,11.91,67.12,-1117926.37,4.77
12:55,100184.02,10.82,45.20,100208.84,11.95,66.31,-1118098.37,1.42
12:56,100195.77,8.57,69.68,100205.09,11.44,68.76,-1118823.87,1.10
12:57,100186.35,11.31,64.21,100198.12,10.71,69.66,-1119379.50,1.10
12:58,100169.39,17.92,35.19,100198.51,11.43,67.09,-1120160.75,4.16
12:59,100166.11,22.05,25.54,100199.35,11.62,67.49,-1120747.25,5.81
13:0,100185.75,11.23,49.71,100199.14,12.18,64.87,-1120604.25,0.75
13:1,100182.21,9.65,66.36,100200.92,12.11,67.10,-1120573.00,0.48
13:2,100181.13,11.04,71.65,100201.99,12.25,68.33,-1121514.00,0.43
13:3,100177.49,17.97,36.00,100199.47,12.15,66.06,-1122806.25,4.81
13:4,100161.03,19.99,29.99,100199.16,12.09,64.90,-1123397.37,1.44
13:5,100182.47,9.60,69.09,100201.24,11.81,67.23,-1120779.37,0.43
13:6,100183.28,11.17,68.52,100194.94,11.93,67.26,-1121943.25,1.10
13:7,100171.03,12.70,57.09,100191.57,11.64,65.46,-1124444.75,4.54
13:8,100171.02,20.66,28.46,100195.02,11.92,63.10,-1125630.75,5.81
13:9,100171.33,9.98,62.33,100191.39,11.85,65.19,-1125407.00,0.88
13:10,100174.10,10.67,68.38,100190.89,11.64,66.88,-1126594.87,1.71
13:11,100173.69,11.74,64.24,100187.61,11.33,67.03,-1126636.00,0.46
13:12,100165.30,19.48,31.14,100188.60,11.73,65.19,-1127898.62,3.85
13:13,100171.49,15.13,41.36,100188.02,12.20,63.42,-1128186.37,1.33
13:14,100173.94,10.54,70.38,100190.98,12.03,65.50,-1128691.25,0.43
13:15,100166.88,11.53,65.53,100188.50,11.84,65.10,-1128851.25,0.44
13:16,100165.69,17.56,37.27,100189.77,12.11,64.93,-1129618.75,4.18
13:17,100170.85,15.29,44.61,100187.41,12.48,64.12,-1130196.50,0.75
13:18,100177.07,11.29,72.17,100189.21,12.44,64.94,-1130293.37,0.46
13:19,100171.10,12.07,65.00,100186.35,11.85,65.21,-1130661.37,1.10
13:20,100173.17,11.51,73.10,100187.12,11.92,67.30,-1131096.62,1.05
13:21,100171.06,11.22,75.75,100182.80,12.26,65.81,-1131090.25,0.43
13:22,100164.96,11.70,68.21,100181.10,12.23,64.13,-1131528.12,0.45
13:23,100160.36,18.31,36.16,100184.71,12.16,64.40,-1131850.50,4.57
13:24,100163.52,11.78,65.22,100182.82,11.69,64.82,-1132140.87,0.74
13:25,100162.63,11.48,69.79,100181.37,11.62,66.46,-1132561.62,1.08
13:26,100163.38,12.04,64.57,100177.07,11.63,65.94,-1132819.12,0.43
13:27,100147.42,19.49,29.83,100186.24,11.93,65.23,-1133052.12,4.46
13:28,100152.32,12.85,57.18,100176.99,12.01,66.56,-1133085.00,1.45
13:29,100156.11,11.42,71.20,100173.46,12.05,67.05,-1133399.75,0.43
13:30,100158.10,12.04,66.39,100175.22,12.28,66.52,-1133720.25,1.10
13:31,100160.57,13.07,63.52,100176.82,12.27,66.02,-1133598.37,0.75
13:32,100156.53,11.51,75.52,100174.78,12.16,67.34,-1133623.50,0.44
13:33,100161.42,12.11,65.41,100174.03,11.48,65.79,-1134115.12,1.11
13:34,100141.57,18.26,35.58,100176.64,11.84,65.58,-1134095.62,3.84
13:35,100169.14,11.14,72.74,100174.24,11.80,65.76,-1134388.50,0.75
13:36,100153.30,11.59,70.30,100168.02,11.72,64.76,-1134161.62,0.44
13:37,100154.39,12.07,64.09,100168.75,11.53,64.98,-1134459.75,0.45
13:38,100142.07,19.85,27.80,100170.02,11.78,64.09,-1135293.25,5.52
13:39,100146.69,10.88,72.84,100159.95,12.07,65.37,-1135027.75,1.45
13:40,100145.64,11.53,69.63,100161.24,12.24,65.96,-1135116.87,1.10
13:41,100145.10,12.15,66.28,100165.19,12.38,65.51,-1135229.75,1.12
13:42,100144.29,11.00,77.99,100167.38,11.83,66.39,-1134329.50,0.75
13:43,100146.57,11.55,70.85,100163.13,11.55,67.31,-1134750.25,0.45
13:44,100141.84,11.91,67.94,100163.86,11.99,67.98,-1135610.37,1.11
13:45,100128.74,18.01,37.26,100162.96,12.48,63.93,-1135678.87,1.46
13:46,100139.00,11.46,75.20,100159.89,12.50,66.34,-1135368.75,1.10
13:47,100136.57,11.76,67.40,100153.53,12.12,65.64,-1135216.12,1.10
13:48,100146.74,12.44,71.65,100157.67,11.80,66.25,-1135566.75,0.74
13:49,100139.58,10.97,78.65,100156.71,11.70,68.43,-1135472.62,0.44
13:50,100138.44,11.55,70.35,100157.77,11.69,66.80,-1135767.00,0.43
13:51,100123.16,14.18,61.42,100155.04,11.73,67.81,-1136259.25,3.73
13:52,100137.46,11.57,72.09,100155.44,12.14,66.16,-1136103.12,1.46
13:53,100134.25,11.57,72.37,100150.37,12.01,65.71,-1136046.75,1.12
13:54,100136.69,11.88,67.54,100151.91,11.92,66.81,-1136077.75,0.46
13:55,100145.10,10.99,77.44,100151.60,11.74,66.75,-1136413.87,1.43
13:56,100134.12,11.20,76.63,100152.21,11.79,67.69,-1136315.25,0.42
13:57,100128.39,11.59,70.19,100147.13,11.95,67.52,-1136351.25,0.43
13:58,100135.12,10.97,79.38,100148.25,11.81,67.97,-1136285.75,1.44
13:59,100128.70,11.15,74.87,100141.38,11.89,66.67,-1136513.75,1.10
14:0,100129.41,11.59,70.75,100146.72,11.68,65.76,-1136395.25,1.11
14:1,100133.00,11.66,69.12,100142.60,11.40,66.65,-1136816.25,1.45
14:2,100131.89,10.95,75.90,100146.99,11.64,67.76,-1136963.25,1.10
14:3,100129.75,11.43,70.11,100145.05,11.88,66.63,-1137018.37,1.11
14:4,100124.53,17.59,34.51,100142.86,11.95,65.01,-1136621.75,5.53
14:5,100125.77,15.29,44.01,100141.50,12.12,63.08,-1136839.50,1.45
14:6,100124.71,10.88,73.71,100142.03,11.59,64.04,-1136042.50,0.44
14:7,100127.88,11.60,67.44,100141.21,11.86,65.93,-1136813.37,0.47
14:8,100124.24,16.49,42.37,100137.02,11.85,64.25,-1136733.25,4.45
14:9,100120.77,10.96,73.26,100138.11,12.03,64.02,-1136804.00,1.44
14:10,100125.52,11.36,71.33,100142.92,12.19,65.43,-1136870.12,1.13
14:11,100120.96,11.83,66.30,100138.81,12.36,64.18,-1136875.25,1.09
14:12,100122.96,10.92,78.49,100138.63,12.44,65.92,-1136932.62,1.43
14:13,100120.28,11.51,72.51,100131.05,12.41,61.99,-1135772.50,1.10
14:14,100124.86,12.14,65.92,100139.46,12.25,60.87,-1136111.75,1.10
14:15,100125.08,11.03,77.35,100135.32,12.65,61.70,-1133051.50,0.75
14:16,100116.14,11.40,70.03,100133.00,12.77,60.84,-1132755.00,1.09
14:17,100121.83,12.00,64.29,100136.64,12.56,60.16,-1136465.25,1.10
14:18,100124.72,10.83,77.17,100137.30,12.36,62.14,-1136492.75,0.78
14:19,100122.53,11.14,73.62,100135.55,12.60,61.39,-1136917.12,0.46
14:20,100115.39,11.89,65.59,100128.55,12.74,61.56,-1136992.75,0.44
14:21,100125.82,10.83,77.07,100142.93,12.32,60.79,-1136615.25,1.43
14:22,100125.28,11.00,71.60,100136.78,12.20,62.26,-1136757.87,0.43
14:23,100123.35,11.69,65.76,100137.18,12.02,60.74,-1136695.37,0.43
14:24,100125.28,10.82,76.50,100138.69,12.24,61.21,-1136977.75,1.42
14:25,100111.30,11.20,72.49,100130.33,12.34,59.12,-1137125.75,1.10
14:26,100115.25,12.01,64.58,100127.57,12.88,59.77,-1137266.25,1.10
14:27,100115.71,10.76,77.21,100122.35,12.88,59.63,-1136262.25,0.75
14:28,100112.27,11.32,72.40,100124.21,13.36,58.63,-1134549.75,1.10
14:29,100106.53,12.52,61.89,100117.69,13.51,57.83,-1131907.75,0.43
14:30,100098.69,17.64,32.70,100122.61,13.20,56.37,-1136940.75,5.11
14:31,100088.02,20.23,27.58,100118.10,13.47,55.19,-1136814.12,4.66
14:32,100094.47,21.98,24.86,100117.26,13.37,55.06,-1136665.37,5.03
14:33,100090.08,22.80,23.30,100114.84,13.24,54.78,-1136781.75,5.10
14:34,100087.44,22.85,22.72,100118.29,13.03,56.64,-1136155.25,6.56
14:35,100086.53,22.90,22.33,100119.42,13.83,55.40,-1136814.62,4.65
14:36,100092.17,22.90,21.89,100114.56,14.17,54.93,-1135748.50,4.74
14:37,100086.79,22.82,21.62,100117.41,13.90,54.35,-1135542.50,4.47
14:38,100079.96,22.66,21.40,100118.10,13.68,54.22,-1134826.50,5.25
14:39,100090.78,22.72,21.65,100113.77,13.97,55.33,-1135390.75,5.39
14:40,100087.75,22.84,21.32,100113.44,13.63,54.72,-1135072.75,4.69
14:41,100085.08,22.78,21.27,100114.03,14.06,54.61,-1135709.87,4.35
14:42,100088.21,22.99,21.34,100116.57,14.56,51.37,-1136057.25,5.07
14:43,100089.19,23.05,20.83,100107.00,14.07,52.92,-1135726.25,5.56
14:44,100076.67,23.13,21.01,100111.99,14.38,52.95,-1136131.75,4.44
14:45,100074.14,23.27,20.53,100106.24,14.17,53.12,-1135622.62,4.92
14:46,100074.53,23.40,20.67,100108.16,14.10,53.81,-1136242.12,5.59
14:47,100068.31,23.42,20.47,100107.64,14.12,53.78,-1135398.75,5.31
14:48,100089.21,23.66,20.54,100109.48,14.37,53.19,-1134801.87,4.63
14:49,100079.58,23.62,20.19,100103.30,14.17,52.38,-1134587.25,4.69
14:50,100072.46,23.51,19.99,100104.15,13.92,53.09,-1134496.50,4.52
14:51,100076.47,23.61,20.00,100110.78,14.40,52.09,-1135217.75,5.70
14:52,100074.52,23.58,20.04,100100.86,14.04,55.45,-1134859.62,4.75
14:53,100068.78,23.76,20.10,100103.58,13.86,54.42,-1135421.25,5.56
14:54,100073.00,23.73,20.13,100103.23,14.05,54.76,-1135196.00,5.54
14:55,100067.70,23.86,19.86,100099.67,14.23,53.07,-1135335.87,5.31
14:56,100068.89,23.89,19.82,100103.29,13.97,54.52,-1134869.00,4.46
14:57,100067.28,23.85,19.65,100099.77,14.20,53.21,-1134717.37,4.50
14:58,100063.57,23.85,20.04,100099.14,13.97,54.37,-1134256.25,4.65
14:59,100071.44,23.95,19.81,100103.11,13.70,54.79,-1134888.25,5.41
15:0,100069.94,23.98,20.05,100101.50,13.64,55.90,-1135200.75,4.65
15:1,100073.38,23.96,20.06,100104.89,13.15,56.57,-1135072.25,4.87
15:2,100081.48,23.90,19.78,100106.17,12.61,57.03,-1135078.25,5.88
15:3,100081.11,23.80,20.13,100110.85,12.66,57.33,-1136017.25,5.17
15:4,100079.28,23.92,20.00,100100.96,12.80,56.53,-1135956.87,4.03
15:5,100075.35,24.10,20.40,100101.71,13.09,57.05,-1136068.75,5.32
15:6,100074.69,24.28,20.39,100106.30,13.21,57.03,-1136143.75,4.40
15:7,100080.83,24.23,20.82,100105.87,12.73,58.49,-1136169.25,5.10
15:8,100077.67,23.97,20.94,100097.97,12.89,57.58,-1136390.50,4.97
15:9,100075.35,24.02,21.07,100104.53,12.98,57.86,-1137000.25,4.11
15:10,100077.65,23.86,21.32,100103.50,12.64,57.47,-1136636.25,4.12
15:11,100064.82,23.68,22.20,100106.55,12.58,59.37,-1136927.37,5.09
15:12,100081.49,23.71,22.88,100105.78,12.68,60.27,-1136741.50,5.16
15:13,100083.21,23.76,22.72,100109.27,12.63,60.34,-1135887.00,4.40
15:14,100087.75,23.58,22.64,100107.13,12.42,59.95,-1136228.00,5.13
15:15,100072.17,23.44,23.30,100111.83,12.21,61.18,-1136602.25,4.57
15:16,100069.24,23.26,24.03,100113.42,12.20,61.83,-1136288.75,4.81
15:17,100095.77,15.37,39.51,100115.64,12.01,61.05,-1136116.00,0.70
15:18,100108.32,6.85,60.14,100111.50,11.86,61.27,-1136785.25,1.38
15:19,100108.41,4.96,69.23,100116.37,11.44,61.92,-1136509.37,0.72
15:20,100104.11,5.05,75.88,100117.88,11.33,61.92,-1137623.37,0.74
15:21,100107.63,8.54,82.00,100118.47,11.42,65.36,-1139207.12,1.43
15:22,100104.54,9.69,82.82,100113.46,11.69,66.72,-1140721.37,0.75
15:23,100107.78,10.02,82.97,100121.80,11.68,65.32,-1141365.25,0.74
15:24,100109.60,9.99,83.23,100119.78,11.61,66.35,-1142290.25,0.77
15:25,100100.74,9.91,83.12,100118.56,11.59,66.20,-1143122.25,1.40
15:26,100094.92,10.03,83.71,100117.84,11.57,67.24,-1143581.87,1.38
15:27,100106.63,9.85,83.22,100113.82,11.14,67.14,-1140841.00,0.89
15:28,100103.17,9.99,83.87,100120.78,11.26,68.38,-1137675.75,0.73
15:29,100109.17,9.97,83.22,100119.38,11.20,67.21,-1133681.25,0.75
15:30,100105.97,10.02,83.16,100116.78,11.14,67.52,-1102505.00,0.75
15:31,100104.92,9.99,82.39,100120.04,10.93,66.66,-1038984.31,0.75
15:32,100106.83,9.83,81.99,100118.82,10.73,68.28,-1143969.12,0.76
15:33,100108.41,10.04,83.44,100128.64,10.90,70.39,-1145198.62,0.75
15:34,100083.11,18.68,31.77,100120.80,10.68,71.12,-1146839.37,4.15
15:35,100095.66,20.83,26.75,100124.69,10.85,68.62,-1147240.25,3.85
15:36,100085.24,22.14,24.57,100119.82,10.49,68.58,-1146386.12,4.56
15:37,100093.17,22.54,23.82,100125.60,11.10,68.71,-1147558.50,5.20
15:38,100086.67,22.30,22.58,100121.03,10.68,69.16,-1147191.50,4.22
15:39,100087.42,21.83,22.52,100120.21,10.76,69.61,-1147775.00,4.92
15:40,100102.25,11.60,42.05,100119.89,11.24,68.42,-1147575.25,0.77
15:41,100104.84,7.81,66.06,100118.17,10.91,68.61,-1147502.50,0.43
15:42,100108.24,9.52,71.88,100116.46,10.82,69.02,-1147522.25,0.42
15:43,100093.09,16.91,35.38,100116.42,10.77,69.71,-1148221.62,4.51
15:44,100081.78,21.53,25.69,100119.32,11.10,67.98,-1149010.00,5.01
15:45,100101.09,16.08,34.31,100119.28,11.05,67.02,-1148478.50,0.74
15:46,100104.91,9.30,69.61,100117.06,10.43,67.68,-1148429.25,0.47
15:47,100105.57,10.33,68.71,100117.00,10.42,70.02,-1149409.75,0.43
15:48,100093.95,16.76,38.50,100115.67,10.77,71.78,-1149257.37,4.89
15:49,100076.32,21.52,24.94,100111.25,11.02,63.66,-1149471.87,4.54
15:50,100094.30,10.72,53.79,100108.71,10.96,66.19,-1149186.75,0.75
15:51,100093.71,10.18,70.98,100110.03,11.36,66.64,-1149519.25,0.43
15:52,100089.64,10.83,65.82,100104.55,11.76,62.00,-1148856.75,1.12
15:53,100070.94,19.09,29.54,100098.80,13.62,55.65,-1149792.25,4.78
15:54,100069.33,20.33,27.47,100096.21,13.86,55.28,-1149500.25,1.43
15:55,100085.64,10.04,71.71,100101.79,12.33,61.82,-1149543.12,1.11
15:56,100085.92,10.99,71.76,100105.60,11.95,69.34,-1150147.00,1.10
15:57,100076.82,13.46,60.53,100097.78,10.79,67.63,-1149918.62,4.11
15:58,100073.46,21.10,26.02,100101.68,10.89,66.22,-1151096.37,4.43
15:59,100061.77,22.43,23.68,100097.32,10.68,63.79,-1150392.75,4.47
16:0,100071.14,22.79,23.07,100095.14,10.78,68.18,-1151335.00,4.73
16:1,100056.69,22.72,22.17,100090.32,10.88,63.56,-1150578.87,4.74
16:2,100074.96,9.96,45.18,100092.86,11.20,62.23,-1150606.50,0.77
16:3,100088.24,8.09,68.94,100097.13,11.03,66.49,-1151070.37,1.11
16:4,100077.32,9.89,66.48,100092.85,11.23,65.29,-1151112.75,0.43
16:5,100062.39,17.96,33.60,100091.35,11.60,62.08,-1151658.75,4.65
16:6,100054.50,21.70,24.94,100087.74,11.65,62.33,-1152056.50,5.77
16:7,100061.74,9.07,52.08,100088.28,11.63,61.40,-1151805.00,1.43
16:8,100077.99,8.79,68.35,100088.61,11.02,63.34,-1151691.12,0.43
16:9,100071.92,10.18,66.27,100085.60,10.77,63.85,-1152281.62,0.44
16:10,100058.84,18.78,30.13,100087.57,10.97,65.70,-1153034.25,4.83
16:11,100048.98,21.98,24.55,100083.03,11.08,63.90,-1153078.25,5.05
16:12,100059.61,22.47,23.43,100085.60,11.60,62.98,-1152934.25,0.76
16:13,100066.12,7.55,65.46,100083.78,11.21,62.21,-1152810.75,0.75
16:14,100066.63,9.46,66.73,100082.18,11.48,64.47,-1153012.75,0.45
16:15,100066.24,11.16,68.20,100083.29,11.44,64.38,-1153078.62,4.07
16:16,100061.21,20.35,27.83,100081.71,11.94,62.29,-1153651.00,3.94
16:17,100052.24,22.38,24.05,100078.07,12.01,61.15,-1153150.37,5.42
16:18,100049.94,22.85,22.97,100081.82,12.14,61.65,-1152470.62,4.42
16:19,100052.53,22.79,22.01,100083.32,13.92,54.27,-1149915.50,5.48
16:20,100045.36,22.30,21.60,100073.44,15.47,50.06,-1147541.25,5.58
16:21,100035.15,21.95,21.67,100073.88,16.09,48.19,-1147461.62,3.89
16:22,100064.14,6.83,57.17,100073.96,16.28,46.78,-1146366.37,0.76
16:23,100057.60,9.41,68.42,100073.52,16.23,48.09,-1148964.12,0.43
16:24,100053.86,10.94,64.34,100066.22,15.27,50.12,-1150410.50,0.45
16:25,100035.27,19.83,29.48,100067.96,16.04,50.97,-1152853.00,4.49
16:26,100048.30,9.01,71.71,100061.42,16.60,50.61,-1148141.62,0.76
16:27,100048.27,10.69,71.23,100067.72,17.82,46.31,-1149824.25,0.46
16:28,100049.39,11.75,64.80,100061.24,18.27,43.87,-1149308.25,1.10
16:29,100051.41,10.81,74.93,100060.57,17.19,46.20,-1150325.50,0.74
16:30,100038.52,11.40,69.98,100053.80,17.50,46.41,-1151973.00,0.45
16:31,100041.07,12.16,65.97,100059.00,17.64,47.15,-1151906.00,0.47
16:32,100033.53,11.14,71.17,100058.19,15.67,49.40,-1147717.25,0.77
16:33,100032.41,11.53,73.04,100053.75,17.54,45.57,-1149880.75,0.44
16:34,100033.30,11.89,63.65,100052.80,17.56,44.93,-1150354.12,0.46
16:35,100031.41,11.31,76.30,100050.86,17.15,46.09,-1145965.25,0.74
16:36,100039.78,11.63,72.20,100059.44,17.76,46.25,-1149474.25,1.12
16:37,100036.36,12.11,63.63,100056.38,16.88,46.28,-1147917.87,0.43
16:38,100034.58,12.05,72.57,100059.39,17.80,47.33,-1146267.75,1.44
16:39,100034.75,12.04,72.56,100049.64,17.98,44.46,-1144035.12,0.46
16:40,100038.00,12.55,65.68,100051.20,18.99,44.18,-1138756.25,0.44
16:41,100015.24,19.64,31.03,100052.08,19.42,42.37,-1141531.37,4.94
16:42,100014.86,21.81,25.54,100050.49,19.25,41.90,-1140762.75,5.16
16:43,100017.86,22.96,23.56,100049.28,19.55,40.76,-1142370.25,3.91
16:44,100009.47,23.44,22.70,100048.28,19.71,40.08,-1141311.87,4.99
16:45,99999.31,23.81,22.49,100042.28,19.83,41.79,-1139361.75,4.01
16:46,100014.44,24.05,21.70,100046.42,20.17,40.10,-1143266.25,3.99
16:47,100014.15,23.89,21.50,100041.21,17.97,42.70,-1135658.87,4.31
16:48,100013.07,23.92,21.49,100042.76,17.79,44.46,-1141399.37,4.39
16:49,100017.96,23.93,21.60,100045.66,17.58,48.26,-1142302.00,4.98
16:50,100006.16,24.03,20.92,100038.64,15.72,48.38,-1144989.12,5.95
16:51,100005.82,23.91,20.60,100039.64,15.70,48.20,-1145431.25,4.61
16:52,100007.57,23.73,20.58,100041.05,14.96,50.53,-1150844.50,5.14
16:53,100008.51,23.63,20.60,100041.13,14.01,53.93,-1155112.75,4.52
16:54,99993.76,23.33,20.73,100043.35,13.45,57.35,-1157445.75,4.09
16:55,99998.75,23.36,20.57,100038.76,13.81,54.35,-1160151.62,5.32
16:56,99996.80,23.33,20.26,100035.60,13.74,53.37,-1160218.62,4.06
16:57,99993.60,23.09,20.13,100029.64,13.58,53.82,-1160235.50,5.82
16:58,99994.52,22.92,20.42,100031.56,13.81,53.48,-1157711.37,4.58
16:59,99996.28,22.80,20.28,100027.28,13.15,54.84,-1158842.75,3.90
17:0,99984.21,22.85,20.23,100028.02,13.63,54.29,-1160999.25,4.61
17:1,99992.58,23.27,20.44,100024.99,14.62,51.26,-1160069.62,4.79
17:2,99995.33,23.21,19.96,100022.33,14.44,50.95,-1159580.62,5.12
17:3,99992.17,23.09,20.11,100024.27,13.67,54.64,-1160705.25,5.83
17:4,99998.03,23.20,20.05,100027.80,13.01,55.08,-1161156.87,4.74
17:5,99993.89,22.99,20.47,100027.52,13.02,57.26,-1161489.00,5.72
17:6,99977.80,23.21,19.90,100023.23,13.94,53.26,-1161630.25,3.91
17:7,99982.46,23.30,19.95,100015.25,14.12,52.91,-1161391.12,4.86
17:8,99983.41,23.32,19.92,100017.91,13.72,53.51,-1160331.50,4.98
17:9,99982.14,23.37,19.79,100015.72,13.65,54.00,-1161159.87,4.48
17:10,99987.21,23.36,19.99,100017.86,13.16,55.61,-1160674.25,5.02
17:11,99978.67,23.29,19.70,100011.73,13.22,55.02,-1161656.25,5.31
17:12,99984.89,23.45,19.70,100007.89,14.18,52.05,-1162808.37,5.33
17:13,99981.35,23.76,20.26,100009.03,14.11,54.02,-1161691.12,5.25
17:14,99978.85,24.13,19.97,100008.02,14.39,52.75,-1161905.75,4.22
17:15,99983.13,24.32,19.86,100006.51,14.11,53.98,-1162133.37,4.27
17:16,99988.85,24.57,19.80,100012.52,14.10,52.18,-1161773.25,4.81
17:17,99972.57,24.61,19.69,100011.60,15.03,50.30,-1159706.87,5.18
17:18,99970.00,24.67,19.94,100007.21,14.87,50.83,-1158094.87,4.00
17:19,99972.85,24.74,20.25,100007.16,14.62,51.05,-1160039.75,5.27
17:20,99976.27,24.62,19.83,100008.25,13.64,51.52,-1160948.62,5.28
17:21,99977.14,24.17,20.38,100004.72,13.00,54.03,-1161225.62,5.05
17:22,99974.92,23.70,20.73,100001.40,12.53,54.89,-1161770.25,4.99
17:23,99975.52,23.43,21.56,100000.86,12.55,56.73,-1163173.25,5.19
17:24,99973.24,23.38,21.88,100002.74,12.67,56.93,-1163209.50,4.62
17:25,99981.16,23.17,21.86,99995.55,12.31,56.04,-1162957.25,3.80
17:26,99975.74,23.37,21.82,100006.80,13.03,55.51,-1164028.50,5.16
17:27,99975.14,23.38,22.10,100009.71,13.58,53.18,-1163707.75,3.96
17:28,99976.63,18.97,29.94,100000.75,14.18,52.59,-1160718.87,0.70
17:29,99988.63,8.91,53.41,99998.88,14.48,51.85,-1159560.12,0.71
17:30,99987.90,5.69,64.86,99993.78,13.77,50.06,-1158709.37,1.44
17:31,99996.54,4.75,70.33,99997.13,13.17,51.91,-1160360.75,1.22
17:32,100004.71,6.92,78.35,99999.36,12.68,53.66,-1162397.75,0.75
17:33,99986.61,9.03,80.75,99996.63,12.68,54.49,-1165665.37,0.73
17:34,99989.41,9.46,80.21,99993.64,12.89,53.64,-1165695.87,0.77
17:35,99977.25,9.64,80.40,99993.17,12.86,53.41,-1166999.50,0.75
17:36,99979.80,9.65,80.12,99996.03,12.90,54.18,-1168426.75,0.75
17:37,99984.83,9.64,80.27,99991.06,12.82,54.59,-1169030.25,0.75
17:38,99983.97,9.88,80.34,99992.17,12.84,55.68,-1170331.00,1.42
17:39,99987.99,10.18,80.55,99996.28,12.75,56.08,-1171754.12,1.42
17:40,99971.69,10.37,80.13,99995.81,12.83,57.82,-1172269.12,0.73
17:41,99972.85,10.45,79.37,99994.28,12.78,55.21,-1172726.87,1.44
17:42,99976.05,10.50,78.92,99996.99,12.90,57.53,-1173239.87,0.74
17:43,99981.42,10.61,78.82,99997.96,12.94,58.24,-1173652.50,1.44
17:44,99971.85,10.71,78.53,99998.71,12.96,56.71,-1173837.25,0.77
17:45,99971.74,18.05,36.68,99996.95,13.36,55.05,-1174571.37,5.34
17:46,99967.91,21.16,25.86,99999.16,13.32,53.86,-1174585.75,5.01
17:47,99968.46,22.73,23.38,99998.85,13.50,54.19,-1174807.62,4.38
17:48,99959.07,23.09,22.32,99997.49,13.53,53.25,-1174846.75,4.96
17:49,99963.91,22.88,21.13,99998.78,13.01,52.87,-1173744.25,4.72
17:50,99960.82,22.30,20.93,99999.57,12.72,53.56,-1175842.75,4.68
17:51,99959.28,22.15,21.15,99997.44,12.72,54.56,-1175690.75,4.85
17:52,99958.09,22.09,20.96,99996.85,12.67,54.04,-1176507.50,3.78
17:53,99969.59,22.24,20.93,99993.91,12.99,54.71,-1176670.25,4.96
17:54,99966.94,22.44,20.94,100001.44,12.83,55.12,-1175956.37,5.20
17:55,99969.25,22.36,20.89,99998.00,12.39,58.17,-1176045.25,5.67
17:56,99959.79,22.42,20.91,99995.35,12.55,58.01,-1177058.25,3.94
17:57,99966.72,22.61,21.03,100003.13,12.36,60.34,-1177199.62,4.47
17:58,99964.57,22.40,21.03,99999.44,11.88,63.10,-1176906.00,5.72
17:59,99971.88,22.49,20.94,100000.76,12.32,60.07,-1177890.00,4.67
18:0,99969.16,22.61,20.85,100002.21,12.61,60.22,-1177795.25,4.67
18:1,99966.38,22.61,20.81,99999.95,12.22,60.81,-1177590.87,4.61
18:2,99968.17,22.48,20.90,99997.26,11.86,62.79,-1177390.87,5.79
18:3,99978.44,22.39,20.92,100005.17,11.70,63.28,-1178236.25,4.45
18:4,99967.17,22.40,20.90,100007.33,11.55,63.60,-1178646.00,4.98
18:5,99983.44,7.20,54.60,100001.45,11.79,63.58,-1177811.00,0.76
18:6,99989.13,9.04,69.05,100002.58,11.73,64.12,-1178306.87,1.19
18:7,99992.79,10.74,67.94,100008.66,11.56,65.18,-1178934.25,0.45
18:8,100014.41,7.89,77.84,100014.69,11.05,65.80,-1179059.50,0.75
18:9,100001.71,9.54,74.60,100013.96,11.03,66.70,-1180215.00,0.45
18:10,100003.52,10.59,70.13,100017.36,11.21,67.10,-1180723.37,0.43
18:11,99994.90,20.24,28.13,100013.16,11.26,65.12,-1180946.75,4.04
18:12,99984.59,22.37,24.24,100019.11,10.89,68.17,-1180985.00,5.10
18:13,99978.91,22.97,22.89,100004.14,10.91,66.79,-1180413.50,4.45
18:14,99991.25,23.08,22.32,100022.16,10.94,66.81,-1180423.37,4.46
18:15,100008.36,7.75,55.46,100020.32,10.86,65.81,-1180566.25,0.77
18:16,99999.46,9.23,70.20,100020.02,10.61,67.28,-1181612.25,0.45
18:17,99998.67,10.64,65.15,100010.64,10.79,67.63,-1182029.00,0.46
18:18,99984.02,19.55,30.00,100012.14,10.55,66.72,-1182853.62,4.94
18:19,99978.13,22.03,24.68,100014.96,10.71,67.77,-1182980.25,4.23
18:20,99982.42,22.95,22.58,100014.81,11.07,65.09,-1182469.87,3.97
18:21,99977.91,22.78,21.84,100012.27,11.05,66.03,-1182199.00,3.84
18:22,99977.41,22.24,21.66,100014.39,10.74,66.53,-1182852.25,3.82
18:23,99991.25,16.19,31.67,100007.49,11.22,64.87,-1183152.75,0.74
18:24,99991.86,7.10,61.56,100007.91,11.08,66.08,-1182501.37,1.11
18:25,99995.53,9.54,69.58,100010.84,10.96,67.64,-1183000.75,1.10
18:26,99981.60,13.68,45.26,100015.06,10.84,67.13,-1183122.75,4.23
18:27,99978.98,21.02,26.30,100006.88,11.19,65.94,-1184152.25,4.81
18:28,100002.94,8.60,59.05,100003.96,11.08,65.77,-1184077.75,0.75
18:29,99992.61,9.51,69.17,100006.40,10.85,67.68,-1184049.00,1.14
18:30,99990.03,10.60,67.33,100007.59,10.69,68.12,-1183906.37,0.46
18:31,99971.71,19.49,29.49,100003.00,10.28,69.14,-1185121.87,3.80
18:32,99979.29,21.90,24.58,100004.13,10.84,67.23,-1186087.62,4.32
18:33,99973.16,15.26,36.09,100001.13,11.34,64.94,-1185838.00,0.77
18:34,99988.17,9.22,68.10,99999.39,11.15,67.33,-1185395.12,0.88
18:35,99981.83,10.50,68.15,99997.85,10.89,68.31,-1185742.37,0.41
18:36,99963.41,16.83,37.69,99999.77,10.96,68.21,-1185906.75,5.03
18:37,99968.75,15.08,41.98,99991.78,11.63,63.90,-1186658.25,0.75
18:38,99975.69,10.62,72.08,99995.25,11.37,65.94,-1186205.87,0.43
18:39,99979.53,11.08,66.83,99991.36,11.01,67.51,-1186539.12,0.43
18:40,99968.32,17.66,36.37,99995.69,11.02,66.91,-1187006.75,5.36
18:41,99970.86,10.69,68.13,99994.14,10.78,67.56,-1186771.12,0.78
18:42,99978.88,10.61,69.62,99993.17,10.68,68.31,-1187217.75,0.44
18:43,99973.58,10.92,68.53,99989.46,10.77,69.79,-1187868.62,0.43
18:44,99962.92,19.46,28.73,99991.30,11.01,67.71,-1188574.25,4.85
18:45,99953.52,21.50,25.23,99983.63,11.14,64.60,-1188158.62,4.78
18:46,99950.12,22.58,23.35,99982.86,11.06,63.55,-1187438.87,4.10
18:47,99948.53,22.75,22.88,99983.44,10.85,65.29,-1188516.37,4.17
18:48,99942.26,22.70,22.08,99974.02,11.66,62.71,-1188612.25,4.31
18:49,99957.28,11.52,41.45,99979.43,11.95,61.37,-1188439.00,1.45
18:50,99970.67,7.82,64.72,99977.83,12.63,62.16,-1189389.62,0.43
18:51,99964.86,10.00,69.64,99982.00,15.02,55.25,-1188090.75,0.43
18:52,99962.37,10.12,58.31,99978.91,14.69,53.55,-1185539.75,1.19
18:53,99969.52,9.69,76.33,99973.75,13.29,58.47,-1186655.87,0.46
18:54,99956.82,10.58,68.27,99974.36,13.59,57.07,-1188630.87,1.10
18:55,99940.63,16.74,38.61,99975.12,14.82,55.51,-1188883.62,4.31
18:56,99956.75,12.36,60.84,99975.41,15.81,51.61,-1188741.00,1.44
18:57,99955.00,11.28,71.78,99971.91,15.84,50.55,-1188392.25,0.43
18:58,99955.75,12.03,64.60,99969.61,16.87,48.83,-1187134.37,0.43
18:59,99957.41,10.95,74.87,99973.14,15.84,51.57,-1185046.00,0.74
19:0,99954.22,11.29,76.16,99970.35,15.81,50.65,-1185467.75,0.46
19:1,99952.79,11.93,66.20,99968.57,16.29,50.60,-1185621.75,0.44
19:2,99946.94,11.64,74.85,99963.75,16.33,51.11,-1184584.25,1.42
19:3,99952.50,11.64,75.93,99963.61,16.18,51.86,-1184495.50,0.47
19:4,99947.86,12.16,65.87,99963.55,17.02,48.43,-1183604.75,0.43
19:5,99931.89,19.39,31.88,99967.30,17.04,49.59,-1182956.50,4.92
19:6,99929.63,21.38,25.65,99968.46,16.05,48.39,-1183408.75,4.74
19:7,99922.71,22.78,23.66,99964.71,16.08,48.78,-1184647.75,3.85
19:8,99927.57,23.14,22.75,99967.14,15.19,49.83,-1185641.75,4.88
19:9,99928.16,23.42,22.23,99962.61,15.95,47.91,-1188770.75,4.64
19:10,99935.32,23.56,21.65,99968.04,15.77,48.07,-1188885.62,4.47
19:11,99945.75,23.41,21.37,99964.15,16.20,48.00,-1191369.25,4.46
19:12,99939.82,23.26,21.14,99966.16,16.13,48.30,-1192528.75,5.18
19:13,99925.48,23.12,21.04,99966.56,16.13,47.93,-1192453.00,4.66
19:14,99931.64,23.21,21.02,99964.78,16.85,46.11,-1193490.75,4.97
19:15,99932.76,23.33,20.87,99962.46,16.69,47.10,-1190391.12,4.81
19:16,99925.96,23.05,20.61,99963.99,15.42,49.38,-1192049.25,4.84
19:17,99917.84,22.83,20.63,99962.38,15.20,50.21,-1192634.37,4.38
19:18,99927.89,23.05,20.69,99968.51,15.52,49.35,-1191995.87,4.49
19:19,99925.32,22.96,20.55,99967.25,15.02,51.12,-1192034.75,4.09
19:20,99928.72,23.07,20.44,99959.60,15.33,49.62,-1192137.87,4.45
19:21,99929.46,23.24,20.36,99960.05,15.28,50.11,-1192149.50,4.95
19:22,99926.36,23.31,20.19,99956.74,15.15,50.07,-1191412.87,4.49
19:23,99937.21,23.30,20.24,99963.65,15.15,51.23,-1192906.50,4.92
19:24,99933.33,23.20,20.27,99966.39,15.02,50.80,-1192041.37,4.48
19:25,99928.58,23.09,20.29,99965.59,14.70,51.61,-1191009.75,5.41
19:26,99930.08,23.10,20.27,99967.22,15.37,49.86,-1192492.25,4.96
19:27,99944.71,23.30,20.15,99968.76,16.03,48.83,-1192640.87,4.11
19:28,99930.64,23.24,20.36,99972.60,15.28,48.95,-1192748.37,4.60
19:29,99930.77,23.42,20.13,99963.89,15.07,50.41,-1192456.12,5.61
19:30,99933.90,23.54,20.05,99967.42,14.99,51.33,-1192734.25,4.91
19:31,99927.56,23.83,19.92,99970.97,15.06,51.50,-1193155.87,5.19
19:32,99933.35,24.01,20.01,99963.47,14.68,52.12,-1192273.12,3.85
19:33,99942.63,24.25,19.94,99968.85,14.59,52.73,-1192665.62,5.05
19:34,99940.71,24.13,20.13,99963.85,13.29,56.00,-1192593.37,3.89
19:35,99936.47,24.14,20.25,99966.67,13.29,57.14,-1193846.00,4.70
19:36,99936.10,24.31,20.33,99964.72,13.25,56.39,-1193177.75,5.38
19:37,99935.59,24.34,20.37,99963.91,13.09,56.09,-1193110.12,3.87
19:38,99936.57,24.10,20.49,99968.85,12.27,57.86,-1193651.12,4.65
19:39,99939.17,23.67,21.33,99968.38,12.32,59.31,-1193969.75,4.78
19:40,99944.80,23.60,21.56,99966.94,12.77,57.28,-1193877.75,4.11
19:41,99941.82,23.45,21.21,99965.89,12.29,57.64,-1193422.12,4.30
19:42,99936.07,23.44,21.75,99965.77,12.51,57.66,-1194237.75,4.04
19:43,99941.00,23.29,21.75,99969.11,11.91,57.56,-1193442.37,5.11
19:44,99943.00,22.78,22.20,99963.99,11.62,59.07,-1194514.00,4.63
19:45,99953.75,16.35,34.82,99967.75,11.56,60.36,-1194945.87,0.73
19:46,99954.00,7.56,56.39,99966.55,11.55,56.91,-1194258.25,0.71
19:47,99961.65,5.21,66.54,99964.22,11.56,57.19,-1193826.25,0.77
19:48,99958.35,4.52,71.25,99962.99,11.52,56.36,-1194744.50,1.42
19:49,99963.57,6.35,78.16,99968.56,11.86,56.56,-1196436.75,0.73
19:50,99961.03,8.36,80.16,99966.55,12.42,54.16,-1198293.75,0.73
19:51,99956.02,8.94,80.62,99962.99,12.88,53.62,-1198574.62,0.75
19:52,99951.08,9.06,80.48,99965.93,12.89,54.01,-1200017.25,1.41
19:53,99951.07,9.38,81.25,99966.35,13.52,54.69,-1200088.37,0.74
19:54,99952.20,9.63,81.18,99968.67,13.79,53.69,-1201065.00,0.75
19:55,99960.36,9.66,80.66,99967.88,13.39,52.71,-1200136.25,0.73
19:56,99964.44,9.65,80.35,99970.57,12.41,57.13,-1200925.25,0.77
19:57,99959.91,9.68,79.79,99967.39,11.98,56.54,-1202148.12,0.85
19:58,99959.10,9.81,80.21,99964.83,12.07,59.20,-1202832.62,0.73
19:59,99951.10,9.77,79.37,99965.33,11.73,59.15,-1203232.25,0.72
20:0,99962.91,9.57,78.63,99974.91,11.52,58.01,-1204191.75,1.42
20:1,99953.28,9.50,78.09,99968.89,11.44,58.60,-1205075.12,1.40
20:2,99942.07,18.05,31.76,99967.03,12.05,55.56,-1205274.37,4.31
20:3,99946.88,17.65,32.83,99972.19,13.03,53.22,-1205861.25,1.42
20:4,99953.12,10.17,71.65,99971.24,13.58,53.03,-1205048.00,0.44
20:5,99955.30,11.35,61.86,99970.18,13.97,49.80,-1205635.75,0.41
20:6,99940.75,12.84,59.27,99968.74,13.17,52.36,-1204179.12,1.40
20:7,99954.64,10.49,75.13,99969.81,12.73,55.85,-1204529.25,0.43
20:8,99958.42,10.96,61.87,99963.73,12.16,55.00,-1204961.00,0.44
20:9,99946.22,13.27,60.86,99962.35,11.75,55.75,-1205438.75,1.08
20:10,99949.08,10.37,73.69,99964.08,11.87,57.29,-1205649.25,0.44
20:11,99952.66,10.91,61.36,99967.05,11.89,56.15,-1206301.12,0.42
20:12,99952.34,11.61,67.47,99968.03,11.69,55.91,-1206058.00,4.03
20:13,99939.10,15.23,41.83,99965.89,12.03,54.28,-1207060.25,1.41
20:14,99954.04,10.33,70.95,99963.15,11.64,55.68,-1206084.50,0.46
20:15,99953.42,10.92,59.83,99966.46,11.42,56.48,-1206476.87,0.43
20:16,99956.40,16.16,39.42,99965.44,11.58,57.04,-1206878.75,4.78
20:17,99952.57,11.09,63.75,99965.19,11.95,56.05,-1206865.12,0.73
20:18,99955.83,10.61,70.76,99962.46,11.80,56.84,-1206790.25,0.42
20:19,99951.56,11.02,60.79,99959.19,11.59,56.40,-1206755.87,0.41
20:20,99936.17,18.25,28.95,99967.36,11.33,56.54,-1207201.75,4.80
20:21,99940.21,19.14,28.73,99966.33,11.44,56.94,-1207519.87,0.76
20:22,99951.00,9.35,71.05,99958.49,11.49,57.53,-1207108.50,0.42
20:23,99950.46,10.42,64.42,99960.65,11.77,56.42,-1207495.75,0.43
20:24,99946.95,13.12,57.04,99962.25,11.66,56.21,-1207722.75,4.41
20:25,99941.36,20.34,26.81,99963.75,11.64,56.61,-1207696.50,4.62
20:26,99955.25,9.87,58.18,99958.19,12.06,54.92,-1207419.87,1.42
20:27,99949.55,9.96,66.93,99958.33,11.68,57.09,-1207617.75,1.10
20:28,99946.26,10.97,60.03,99961.66,11.42,57.50,-1207441.87,0.59
20:29,99932.97,18.95,28.84,99959.14,11.77,55.98,-1207900.25,4.74
20:30,99942.42,10.00,67.93,99953.67,11.74,57.13,-1207810.62,0.75
20:31,99947.57,10.61,68.29,99957.52,11.67,57.31,-1207752.62,0.44
20:32,99951.53,11.14,60.74,99956.60,11.56,57.46,-1208038.87,0.44
20:33,99937.89,10.35,73.40,99958.10,11.48,59.25,-1208333.25,0.79
20:34,99952.03,10.55,72.47,99959.08,11.50,59.16,-1208448.25,0.45
20:35,99947.07,10.97,62.19,99959.17,11.46,59.11,-1208062.50,1.10
20:36,99937.83,18.79,28.19,99961.85,11.55,56.86,-1208590.75,4.70
20:37,99935.23,21.30,25.33,99958.00,11.46,57.09,-1208275.00,4.29
20:38,99933.88,16.88,30.99,99956.85,11.51,56.64,-1208935.12,0.75
20:39,99945.91,8.28,67.09,99956.36,11.38,57.55,-1207869.75,0.73
20:40,99949.88,9.66,63.99,99964.26,11.34,58.03,-1207893.50,0.43
20:41,99936.36,14.93,40.62,99957.65,11.28,57.74,-1208458.25,3.82
20:42,99932.61,20.59,26.13,99954.69,11.72,55.25,-1209051.50,1.42
20:43,99942.74,9.04,70.68,99955.32,11.44,57.60,-1208325.25,0.43
20:44,99942.49,10.10,63.78,99953.39,11.30,58.15,-1208580.62,1.10
20:45,99944.86,11.37,71.47,99951.71,11.24,58.85,-1208615.62,3.97
20:46,99930.39,15.28,40.45,99952.86,11.76,55.85,-1209248.75,1.32
20:47,99939.92,10.18,72.18,99948.96,11.45,58.26,-1208483.50,0.43
20:48,99935.85,10.75,61.93,99950.07,11.07,59.69,-1208767.12,0.43
20:49,99932.35,16.13,40.25,99946.54,11.00,60.02,-1208877.75,3.74
20:50,99911.33,20.50,26.19,99939.55,11.49,57.21,-1209215.50,4.87
20:51,99926.03,9.54,61.65,99941.75,11.67,57.28,-1208856.50,0.75
20:52,99926.08,10.02,67.44,99943.00,11.15,59.40,-1208542.25,0.44
20:53,99924.77,10.76,62.16,99941.38,11.04,60.54,-1209092.87,0.43
20:54,99910.75,19.14,28.53,99939.67,11.10,59.20,-1209215.00,3.92
20:55,99918.00,13.40,42.63,99933.03,11.58,57.54,-1209337.25,0.75
20:56,99923.32,9.73,70.89,99933.72,11.30,60.26,-1209123.62,0.43
20:57,99922.77,10.49,64.26,99939.46,11.10,60.99,-1208939.87,0.72
20:58,99901.51,17.60,33.84,99937.45,11.10,61.57,-1209080.50,5.16
20:59,99921.48,15.07,39.46,99928.91,11.60,57.74,-1209552.75,0.73
21:0,99922.85,10.02,71.45,99934.43,11.36,60.29,-1209171.87,1.09
21:1,99918.39,10.70,63.76,99934.75,11.02,61.92,-1209188.75,0.75
21:2,99907.70,16.86,37.37,99936.16,10.91,61.97,-1209527.25,4.10
21:3,99915.13,20.97,25.64,99933.26,11.44,58.96,-1209911.12,0.96
21:4,99926.36,9.22,71.60,99940.25,11.03,60.56,-1208950.50,0.44
21:5,99916.89,10.40,63.62,99932.53,10.70,61.49,-1210006.50,0.41
21:6,99921.75,11.25,67.72,99930.52,10.53,62.54,-1209963.12,3.76
21:7,99904.42,20.03,26.89,99936.36,11.02,60.54,-1210387.37,4.76
21:8,99924.09,9.60,63.55,99928.33,10.99,60.40,-1209510.25,0.77
21:9,99919.61,10.08,69.64,99931.16,10.95,61.58,-1209447.75,0.41
21:10,99918.10,10.66,62.33,99936.25,10.56,62.06,-1209760.25,0.86
21:11,99902.66,19.20,28.60,99933.42,10.64,60.82,-1210428.87,5.70
21:12,99905.01,21.65,24.78,99930.18,10.81,60.21,-1210977.75,5.08
21:13,99897.00,22.24,23.58,99930.28,10.61,61.35,-1210517.62,4.11
21:14,99915.03,13.14,37.48,99929.38,11.18,58.86,-1210065.75,0.75
21:15,99922.07,7.45,62.43,99934.07,10.99,59.92,-1209720.50,0.43
21:16,99918.94,9.28,65.88,99929.19,10.76,61.33,-1210141.25,1.07
21:17,99910.42,15.60,38.60,99927.92,10.78,60.36,-1210020.50,5.01
21:18,99895.85,21.16,25.58,99923.21,11.21,58.17,-1210237.62,4.99
21:19,99926.54,7.53,65.61,99927.27,10.88,59.97,-1209716.25,1.42
21:20,99913.83,8.95,66.83,99926.56,10.81,61.02,-1210062.62,1.07
21:21,99913.46,10.10,63.77,99925.41,10.89,60.81,-1210170.75,0.43
21:22,99902.21,19.50,28.08,99923.11,11.14,58.34,-1210600.75,4.90
21:23,99898.89,21.98,24.14,99918.85,11.29,57.63,-1210241.00,5.86
21:24,99905.82,8.63,54.05,99917.99,11.44,56.56,-1210209.37,0.93
21:25,99910.58,8.64,65.62,99921.00,11.05,59.33,-1210236.62,0.43
21:26,99910.49,9.86,63.88,99921.33,10.87,60.12,-1210279.12,1.08
21:27,99903.41,18.51,30.17,99921.31,11.04,58.35,-1210455.75,5.48
21:28,99883.00,21.74,24.62,99920.19,11.27,57.67,-1211002.37,4.29
21:29,99910.93,11.82,41.00,99922.58,10.97,57.55,-1210581.12,0.75
21:30,99912.77,8.09,65.38,99921.24,10.64,60.03,-1210078.25,0.43
21:31,99915.97,9.72,62.82,99921.87,10.48,60.69,-1211261.87,1.10
21:32,99892.33,16.91,33.12,99921.42,10.66,59.02,-1211099.50,5.18
21:33,99891.32,21.24,25.24,99922.21,11.02,57.37,-1211129.87,5.83
21:34,99895.49,22.39,23.01,99921.64,11.50,55.96,-1211653.00,4.77
21:35,99918.64,6.73,61.28,99918.50,11.25,55.82,-1210300.37,0.75
21:36,99913.14,8.67,65.12,99926.94,10.90,58.46,-1211107.25,1.09
21:37,99911.86,10.02,61.11,99922.97,10.66,59.42,-1211003.37,0.48
21:38,99903.05,19.84,28.21,99923.96,10.90,57.69,-1211639.50,4.51
21:39,99897.83,19.60,26.87,99923.75,10.90,58.69,-1211899.87,0.75
21:40,99914.78,7.40,65.69,99920.97,10.83,58.39,-1210832.75,1.10
21:41,99911.21,9.27,63.82,99920.63,10.61,59.55,-1211596.75,1.09
21:42,99891.23,12.33,51.93,99918.33,10.50,60.42,-1212038.25,5.07
21:43,99892.72,20.35,26.42,99919.09,10.76,57.95,-1211989.87,5.55
21:44,99877.86,22.16,23.54,99916.30,11.24,57.81,-1212560.12,4.92
21:45,99911.91,7.22,63.01,99919.75,10.98,57.83,-1211301.25,0.74
21:46,99908.64,8.84,64.72,99916.00,10.56,59.55,-1212132.00,1.08
21:47,99905.72,10.07,61.56,99916.74,10.56,60.07,-1212387.50,1.10
21:48,99893.32,19.56,28.32,99917.21,10.69,58.54,-1212701.00,5.07
21:49,99892.28,21.90,24.09,99917.85,10.94,57.99,-1212683.25,4.52
21:50,99909.00,9.02,48.89,99920.57,11.05,56.84,-1211528.00,0.79
21:51,99906.39,7.96,64.28,99916.88,10.75,58.82,-1212008.50,1.10
21:52,99908.05,9.48,63.33,99913.88,10.70,59.42,-1212199.25,0.70
21:53,99891.10,17.95,31.34,99915.72,10.92,57.63,-1213029.50,3.87
21:54,99886.67,21.52,24.81,99918.78,10.88,58.09,-1213447.00,4.13
21:55,99904.31,9.63,47.21,99913.67,11.24,56.16,-1212726.50,0.75
21:56,99907.69,8.07,65.94,99916.80,10.80,58.88,-1212572.00,1.11
21:57,99913.74,9.74,62.88,99923.36,10.37,61.12,-1213131.50,1.11
21:58,99896.50,17.83,31.37,99919.58,10.63,59.45,-1213458.25,3.84
21:59,99890.21,21.54,24.96,99921.60,11.14,58.95,-1213691.25,4.47
22:0,99901.04,8.60,54.43,99920.74,10.93,58.78,-1212702.62,1.42
22:1,99911.00,8.64,66.75,99919.50,10.78,60.88,-1213483.62,1.10
22:2,99911.03,9.87,64.19,99925.39,10.72,62.31,-1213371.25,0.43
22:3,99897.52,18.69,29.96,99928.52,10.87,61.69,-1213768.87,4.36
22:4,99900.35,21.42,24.92,99923.75,11.26,59.72,-1214097.25,3.89
22:5,99894.07,21.53,24.31,99926.13,11.11,60.28,-1213772.25,0.74
22:6,99915.65,7.32,65.00,99922.94,10.65,61.33,-1212913.87,0.43
22:7,99908.53,9.04,67.53,99928.68,10.29,63.85,-1214303.75,0.43
22:8,99913.17,10.62,64.46,99926.49,10.26,64.44,-1213856.25,4.26
22:9,99897.69,20.06,27.71,99921.81,10.48,62.63,-1214734.12,4.40
22:10,99884.92,22.08,24.05,99923.32,10.94,61.69,-1214815.25,4.06
22:11,99893.02,22.49,22.49,99924.22,11.04,60.43,-1215296.25,3.94
22:12,99900.74,9.08,47.67,99921.57,11.18,59.14,-1214137.87,0.76
22:13,99911.88,7.66,63.57,99915.91,10.56,62.20,-1214349.62,0.45
22:14,99911.78,9.40,64.44,99920.74,10.39,63.35,-1214560.25,0.43
22:15,99898.59,17.76,33.30,99920.17,10.42,62.21,-1215364.87,4.45
22:16,99886.10,21.29,24.86,99915.75,10.41,62.66,-1215960.50,4.08
22:17,99884.89,22.14,22.52,99916.66,11.05,59.45,-1215780.62,4.28
22:18,99891.74,17.86,28.44,99916.80,11.14,59.25,-1215225.37,0.78
22:19,99904.54,6.54,61.91,99917.67,10.40,62.58,-1215267.25,0.43
22:20,99903.00,8.53,68.17,99918.84,10.27,62.82,-1215894.75,0.43
22:21,99900.52,11.80,49.56,99917.08,10.05,63.11,-1216229.75,3.60
22:22,99872.57,20.25,26.58,99914.44,10.63,60.63,-1217036.87,4.72
22:23,99875.61,21.56,23.42,99912.24,10.62,59.82,-1216522.25,5.05
22:24,99900.21,21.54,21.76,99914.20,10.75,59.31,-1216588.12,4.37
22:25,99884.43,20.72,21.80,99913.52,10.27,61.73,-1216963.87,4.63
22:26,99884.25,20.33,21.89,99918.79,10.34,60.19,-1217282.25,4.87
22:27,99880.57,20.10,21.85,99915.18,10.24,61.46,-1217375.00,4.37
22:28,99887.17,20.03,22.04,99914.76,10.11,61.29,-1217299.12,3.98
22:29,99880.74,19.98,21.83,99915.27,9.93,61.87,-1217681.75,3.91
22:30,99890.60,19.82,21.89,99912.41,9.71,62.54,-1218364.25,4.23
22:31,99882.44,19.84,21.60,99909.47,10.09,60.19,-1217652.00,4.62
22:32,99884.61,19.95,21.46,99908.60,10.56,57.52,-1218010.75,4.87
22:33,99867.80,20.03,21.34,99908.14,10.55,57.97,-1217750.00,5.29
22:34,99874.92,20.15,21.18,99908.20,10.82,56.79,-1217837.12,5.20
22:35,99883.86,8.67,47.12,99905.57,10.44,57.44,-1217934.12,0.77
22:36,99900.78,7.15,66.19,99908.57,10.14,60.22,-1217600.25,0.42
22:37,99896.02,9.04,63.19,99910.44,9.88,61.73,-1218186.25,0.41
22:38,99885.71,17.21,30.85,99909.02,9.98,60.88,-1218620.75,3.80
22:39,99879.69,20.24,24.12,99907.74,10.70,57.54,-1219127.00,4.67
22:40,99884.02,21.01,22.10,99905.86,10.41,59.30,-1219714.12,5.30
22:41,99881.91,20.40,21.53,99908.38,10.62,58.12,-1218871.37,4.96
22:42,99877.11,20.03,21.55,99905.28,10.82,56.47,-1219080.00,4.94
22:43,99879.74,14.13,34.06,99900.00,10.97,55.75,-1219316.62,0.75
22:44,99890.60,6.47,59.96,99903.46,10.39,58.58,-1218800.00,1.08
22:45,99890.59,8.25,63.82,99905.00,10.17,60.81,-1219178.62,1.07
22:46,99878.40,13.47,43.85,99900.91,10.09,61.13,-1219454.75,3.91
22:47,99875.67,19.91,25.22,99896.31,10.46,58.58,-1220234.12,4.16
22:48,99875.57,21.18,22.61,99899.16,10.79,58.27,-1220202.12,4.54
22:49,99875.58,20.96,21.48,99896.83,10.63,58.85,-1220268.75,4.61
22:50,99856.57,20.32,21.34,99899.61,10.64,58.24,-1220550.50,4.11
22:51,99866.14,20.09,21.46,99901.73,10.78,58.09,-1220687.75,5.10
22:52,99871.36,18.63,25.24,99899.86,10.98,57.53,-1220700.00,0.76
22:53,99886.85,6.05,60.33,99898.83,10.45,58.26,-1220270.12,0.41
22:54,99887.47,7.89,65.17,99900.45,10.30,62.06,-1221202.50,0.41
22:55,99883.64,9.67,56.70,99901.11,10.08,61.97,-1221237.12,3.61
22:56,99869.07,19.34,26.26,99894.60,10.45,59.65,-1222324.12,5.34
22:57,99860.06,20.90,23.07,99893.70,10.61,59.16,-1222194.00,4.83
22:58,99867.74,20.94,21.51,99895.60,10.74,57.05,-1221986.75,4.89
22:59,99853.89,20.34,21.27,99890.68,10.72,56.97,-1222190.75,4.34
23:0,99857.32,20.02,21.28,99894.05,10.84,56.12,-1222461.62,4.14
23:1,99864.29,19.93,21.56,99890.35,10.85,56.98,-1222662.37,4.73
23:2,99867.32,19.87,21.70,99887.72,10.59,59.33,-1222347.62,5.01
23:3,99864.07,13.57,35.26,99887.72,10.69,57.59,-1222770.12,1.42
23:4,99876.70,6.52,59.38,99892.23,10.13,60.95,-1222580.50,0.41
23:5,99872.77,8.26,65.48,99889.71,10.10,62.86,-1223069.62,0.43
23:6,99867.00,14.06,42.16,99888.41,10.13,62.09,-1223428.37,4.58
23:7,99847.35,19.91,24.97,99886.19,10.64,59.14,-1224266.25,4.49
23:8,99855.72,21.16,22.33,99885.53,10.84,59.01,-1224259.62,4.93
23:9,99849.27,20.91,21.59,99884.75,10.65,59.76,-1224052.62,4.90
23:10,99852.83,20.49,21.26,99879.96,10.91,58.10,-1223885.12,4.82
23:11,99850.10,20.27,21.38,99880.96,10.93,58.56,-1224241.75,5.27
23:12,99850.46,20.21,21.46,99887.02,10.80,58.66,-1224733.87,5.50
23:13,99873.01,7.88,50.76,99883.35,10.81,58.05,-1224082.87,0.75
23:14,99875.14,7.36,63.88,99880.82,10.34,62.03,-1224390.25,0.42
23:15,99869.46,8.88,66.66,99883.94,10.15,64.04,-1225115.12,0.43
23:16,99851.48,17.93,30.28,99880.15,10.24,62.64,-1225788.25,4.34
23:17,99846.92,20.63,23.94,99883.39,10.43,61.68,-1226328.25,5.00
23:18,99843.78,21.37,21.89,99886.03,10.70,60.80,-1225923.87,5.68
23:19,99848.25,21.00,21.49,99879.99,10.57,61.60,-1226020.00,4.65
23:20,99863.97,8.94,47.74,99878.50,10.50,60.29,-1225492.25,1.42
23:21,99872.35,7.40,60.00,99883.60,10.38,62.57,-1225864.50,0.41
23:22,99871.41,9.02,66.44,99884.39,10.18,64.97,-1226688.75,1.09
23:23,99853.38,17.52,32.11,99883.13,10.21,64.08,-1227304.75,4.54
23:24,99842.72,20.72,24.34,99883.00,10.71,60.70,-1227514.12,3.80
23:25,99851.67,21.58,22.25,99877.41,11.02,60.25,-1226999.25,5.29
23:26,99857.53,21.29,21.67,99881.41,10.94,61.40,-1227196.37,3.82
23:27,99849.27,20.92,21.53,99884.96,10.82,61.61,-1227231.75,4.58
23:28,99864.41,20.66,21.81,99885.91,10.58,64.16,-1227593.37,3.89
23:29,99853.37,20.56,21.84,99891.38,10.58,64.37,-1226975.37,4.70
23:30,99864.69,20.45,21.95,99893.06,10.33,65.14,-1227559.75,4.78
23:31,99861.03,20.40,22.01,99899.10,9.97,66.56,-1228178.00,4.85
23:32,99863.02,20.45,22.66,99904.69,9.87,69.87,-1228154.12,4.81
23:33,99863.94,20.62,22.40,99904.31,9.37,71.42,-1228557.25,3.79
23:34,99875.80,20.52,22.53,99903.39,9.33,71.52,-1228239.25,4.99
23:35,99873.35,20.35,22.81,99907.49,9.05,73.35,-1229101.62,4.66
23:36,99886.74,20.38,22.99,99906.35,9.17,73.20,-1229273.87,5.40
23:37,99877.36,20.55,23.38,99906.99,9.14,73.81,-1229479.50,4.92
23:38,99875.08,20.83,23.44,99911.99,9.67,73.19,-1229571.37,4.79
23:39,99884.02,21.06,23.70,99903.30,9.39,72.83,-1229383.50,5.01
23:40,99874.74,21.12,23.93,99900.47,9.14,74.51,-1229352.50,4.69
23:41,99878.64,21.36,24.47,99902.80,9.37,75.05,-1229989.00,4.84
23:42,99877.78,21.44,24.81,99901.07,9.43,74.56,-1229533.25,5.71
23:43,99877.00,21.20,25.32,99896.91,8.91,76.76,-1229826.87,4.62
23:44,99876.78,21.22,25.72,99899.78,9.07,76.60,-1230015.25,5.61
23:45,99856.30,21.17,26.42,99898.03,9.23,76.78,-1230224.87,5.90
23:46,99865.42,21.11,26.43,99892.71,9.13,76.74,-1230271.75,4.37
23:47,99884.14,9.01,53.84,99892.42,9.18,74.54,-1230394.12,1.42
23:48,99884.90,4.65,69.83,99890.83,9.04,71.27,-1229874.75,1.42
23:49,99886.98,4.17,74.71,99887.20,8.95,72.73,-1230733.75,1.44
23:50,99881.54,5.09,79.04,99892.75,8.93,73.87,-1231899.50,1.42
23:51,99884.28,6.64,82.60,99893.02,8.95,75.15,-1233606.25,1.42
23:52,99884.28,7.90,84.15,99895.53,9.06,77.13,-1235548.12,0.77
23:53,99881.10,8.32,84.81,99893.58,9.13,77.89,-1236961.37,1.45
23:54,99887.11,8.47,85.17,99896.02,9.12,78.85,-1238942.25,1.42
23:55,99883.85,8.58,85.67,99895.89,9.11,79.53,-1238814.75,0.77
23:56,99881.86,8.64,85.94,99896.80,9.07,79.83,-1239361.62,1.42
23:57,99876.33,8.67,86.18,99893.66,9.09,80.49,-1240503.37,0.77
23:58,99874.85,8.72,86.59,99896.57,9.07,81.16,-1241673.75,1.44
23:59,99882.53,8.78,86.81,99894.89,9.07,81.46,-1242095.12,0.77
0:0,99877.28,8.84,86.98,99892.82,9.11,81.33,-1242908.87,1.42
0:1,99886.62,8.86,87.14,99893.80,9.07,81.37,-1242953.12,1.42
0:2,99877.59,8.84,87.16,99891.21,9.00,81.41,-1243744.50,0.77
0:3,99881.42,9.55,90.10,99892.96,9.10,81.79,-1244190.75,4.07
0:4,99864.80,18.07,31.58,99890.83,9.01,79.60,-1245372.25,5.56
0:5,99851.37,20.86,27.25,99889.25,9.17,78.27,-1244418.75,5.02
0:6,99852.32,21.88,24.85,99887.46,9.23,78.00,-1245229.75,4.29
0:7,99852.41,21.75,23.55,99889.88,9.19,77.85,-1244999.37,5.32
0:8,99854.91,21.18,23.21,99887.85,9.14,77.94,-1245062.12,4.90
0:9,99845.91,20.84,23.09,99884.46,9.08,78.08,-1245068.50,5.38
0:10,99855.30,20.62,23.12,99881.25,8.95,77.85,-1244954.87,5.63
0:11,99848.22,20.29,22.98,99881.56,9.05,76.81,-1245818.87,5.06
0:12,99846.42,20.34,23.03,99882.59,8.92,77.08,-1246199.87,5.29
0:13,99847.27,20.39,23.08,99885.13,9.08,76.64,-1245961.50,5.36
0:14,99850.01,20.45,22.63,99878.78,9.27,74.66,-1245879.62,4.87
0:15,99843.35,20.49,22.68,99883.31,9.41,73.51,-1246344.00,4.74
0:16,99844.68,20.52,22.44,99881.89,9.42,73.08,-1246725.37,5.65
0:17,99851.57,20.59,22.87,99883.02,9.30,75.14,-1246679.25,4.41
0:18,99857.08,20.72,22.96,99884.35,8.98,76.93,-1246705.12,4.81
0:19,99853.72,20.86,22.94,99880.47,8.96,78.19,-1246768.87,5.20
0:20,99852.07,21.04,23.08,99884.25,9.41,75.22,-1246914.37,4.31
0:21,99848.92,21.16,23.07,99880.60,9.23,74.79,-1247059.12,4.12
0:22,99850.60,21.16,22.87,99883.72,8.76,73.38,-1247229.12,3.90
0:23,99858.00,20.72,23.46,99885.27,8.67,73.66,-1247937.25,4.25
0:24,99854.67,20.59,24.15,99883.30,8.59,74.34,-1247408.75,4.90
0:25,99858.57,20.62,24.39,99884.07,8.72,75.25,-1247076.87,4.76
0:26,99859.61,20.58,25.01,99886.60,8.75,73.85,-1247206.75,3.87
0:27,99864.91,20.60,25.33,99883.40,8.88,74.51,-1247208.00,5.67
0:28,99856.22,20.57,25.82,99883.96,8.75,75.43,-1247497.37,5.59
0:29,99853.29,20.57,26.34,99883.82,8.77,76.53,-1247693.87,5.01
0:30,99872.02,11.74,47.39,99882.63,8.68,76.57,-1247950.62,0.73
0:31,99867.10,4.64,67.80,99883.74,8.62,74.47,-1247283.75,1.41
0:32,99874.03,3.63,74.36,99880.41,8.36,73.71,-1248373.50,1.40
0:33,99875.43,4.61,80.06,99882.43,8.15,73.67,-1249860.12,0.74
0:34,99878.89,7.03,83.48,99880.15,8.07,75.36,-1251166.50,1.42
0:35,99873.21,7.63,84.24,99883.25,8.36,77.11,-1251895.87,1.38
0:36,99879.55,7.85,84.72,99877.21,8.35,77.98,-1252584.75,1.42
0:37,99861.58,7.94,85.26,99877.00,8.47,78.52,-1252906.62,1.42
0:38,99862.71,8.09,85.66,99876.42,8.57,79.39,-1252922.25,0.78
0:39,99858.67,8.05,85.83,99869.17,8.34,79.36,-1253343.87,0.75
0:40,99854.17,7.97,85.92,99868.71,8.33,79.02,-1253800.00,1.42
0:41,99858.30,8.06,86.22,99871.28,8.20,79.24,-1254405.75,1.41
0:42,99854.25,8.08,86.37,99866.54,8.31,78.75,-1254416.75,0.77
0:43,99851.09,7.84,85.88,99867.99,8.05,77.69,-1254604.37,0.76
0:44,99853.91,7.91,86.23,99867.88,8.30,78.15,-1255447.12,0.75
0:45,99855.05,8.01,86.53,99869.04,8.44,79.02,-1256138.12,0.76
0:46,99856.75,8.12,86.66,99869.21,8.49,79.38,-1256429.75,1.44
0:47,99843.32,16.72,33.76,99871.42,8.44,77.79,-1256166.62,3.79
0:48,99833.93,20.35,27.73,99867.17,8.75,73.98,-1256967.12,4.11
0:49,99841.22,21.33,24.54,99868.61,8.91,73.12,-1256331.87,4.71
0:50,99837.73,20.60,23.18,99865.82,9.01,72.95,-1256372.75,4.38
0:51,99844.75,19.92,23.25,99867.99,8.85,73.03,-1256513.75,4.29
0:52,99827.61,19.67,23.23,99865.92,8.86,73.15,-1257164.62,5.57
0:53,99835.82,19.58,23.12,99865.28,8.83,73.19,-1257155.62,4.56
0:54,99829.53,19.58,23.34,99868.67,8.82,73.86,-1257001.12,4.67
0:55,99830.31,19.59,23.05,99862.57,8.90,73.38,-1257115.75,4.00
0:56,99839.89,19.69,23.08,99865.22,8.82,74.51,-1257596.50,4.74
0:57,99832.42,19.75,22.82,99865.84,8.72,74.29,-1257886.25,4.67
0:58,99837.04,19.80,22.96,99861.53,8.65,75.86,-1257749.12,4.88
0:59,99831.38,19.89,22.79,99863.03,8.69,75.38,-1257798.62,4.53
1:0,99832.38,19.99,22.87,99869.53,8.84,74.55,-1258181.87,5.34
1:1,99835.35,20.08,22.98,99864.68,8.84,74.48,-1258047.25,5.64
1:2,99829.80,20.20,22.90,99865.52,9.11,71.86,-1258097.87,5.59
1:3,99840.97,20.15,23.89,99869.44,8.46,76.65,-1258278.87,4.28
1:4,99839.43,20.18,23.51,99869.14,8.43,73.98,-1258114.87,4.73
1:5,99839.08,20.12,24.23,99871.78,8.25,75.80,-1258672.87,5.47
1:6,99842.85,20.23,24.61,99873.05,8.95,73.14,-1258289.25,4.61
1:7,99843.10,20.23,24.94,99875.42,9.08,71.86,-1258772.37,3.99
1:8,99847.81,20.17,25.63,99874.05,9.08,72.30,-1258488.25,4.84
1:9,99846.74,20.20,26.44,99875.64,9.04,75.03,-1258781.75,5.05
1:10,99853.63,20.14,26.51,99868.67,8.82,73.62,-1259319.12,5.46
1:11,99855.07,10.88,48.97,99873.12,8.95,74.65,-1258818.37,0.76
1:12,99857.36,4.31,68.95,99869.88,8.50,74.86,-1259380.12,1.44
1:13,99856.76,3.51,75.40,99871.94,8.07,74.75,-1260418.75,1.42
1:14,99862.78,5.15,81.77,99867.46,7.84,75.55,-1261382.37,1.43
1:15,99857.21,7.14,83.94,99864.94,7.93,76.69,-1261511.25,1.98
1:16,99857.11,7.58,84.44,99865.03,8.11,77.43,-1262668.75,2.00
1:17,99859.21,7.78,85.00,99867.04,8.36,78.17,-1262874.75,1.26
1:18,99859.10,7.88,85.32,99862.69,8.39,78.31,-1262788.75,1.26
1:19,99842.72,7.95,85.76,99862.10,8.42,79.19,-1263161.25,2.03
1:20,99843.17,8.06,86.09,99864.53,8.45,78.77,-1263662.25,0.75
1:21,99848.94,8.07,86.18,99865.07,8.47,78.48,-1264716.87,1.42
1:22,99847.24,8.21,86.49,99858.24,8.54,78.62,-1264411.50,0.74
1:23,99852.71,8.11,86.39,99860.22,8.37,78.37,-1264518.62,0.75
1:24,99839.42,8.13,86.62,99858.85,8.46,79.38,-1265441.25,0.75
1:25,99836.21,8.22,86.90,99857.07,8.52,80.03,-1265503.25,1.42
1:26,99845.67,8.05,86.47,99854.91,8.13,79.01,-1265220.87,0.75
1:27,99837.75,8.07,86.71,99860.96,8.25,79.92,-1265110.62,0.75
1:28,99830.10,16.81,34.48,99863.02,8.52,77.47,-1265769.25,4.65
1:29,99823.71,20.40,27.95,99858.66,8.72,75.35,-1265699.25,4.78
1:30,99827.89,21.29,24.86,99857.51,8.74,75.06,-1265471.75,4.94
1:31,99834.54,20.67,23.52,99855.19,9.08,74.26,-1265375.25,4.91
1:32,99827.46,20.09,23.65,99854.03,9.12,74.59,-1265641.62,5.61
1:33,99821.74,19.88,23.57,99851.59,9.04,75.71,-1266223.25,4.65
1:34,99820.16,19.78,23.47,99852.31,9.10,74.65,-1266237.25,5.66
1:35,99821.96,19.80,23.34,99855.45,9.00,74.87,-1266367.37,3.84
1:36,99819.20,19.81,23.21,99854.42,8.92,75.71,-1266400.12,4.69
1:37,99827.21,19.84,23.30,99857.17,8.75,77.14,-1266774.50,5.56
1:38,99819.82,19.89,23.05,99854.88,8.84,75.96,-1266610.25,4.83
1:39,99820.53,19.92,23.26,99854.18,8.66,77.32,-1266802.62,5.52
1:40,99829.41,20.03,23.06,99853.07,8.70,76.99,-1266587.75,4.69
1:41,99809.78,20.14,23.03,99850.92,8.92,75.35,-1266842.00,4.96
1:42,99825.19,20.25,23.12,99850.71,8.80,76.08,-1266917.87,5.01
1:43,99820.27,20.34,23.48,99846.47,8.55,77.41,-1267876.25,3.82
1:44,99816.21,20.46,23.75,99848.63,8.66,76.85,-1267338.12,4.82
1:45,99815.91,20.60,24.13,99852.83,8.77,77.26,-1267338.50,5.56
1:46,99823.17,20.64,24.55,99847.91,8.59,77.37,-1268054.87,3.74
1:47,99820.57,20.61,25.12,99849.53,8.34,79.31,-1267713.25,5.45
1:48,99816.80,20.63,25.74,99847.04,8.56,78.92,-1267572.50,4.63
1:49,99818.47,20.63,26.06,99842.03,8.49,79.98,-1267936.50,4.85
1:50,99811.88,20.58,26.48,99843.15,8.33,79.76,-1267973.62,4.99
1:51,99813.35,20.45,26.96,99842.21,8.35,79.97,-1268323.37,4.72
1:52,99825.58,9.31,53.70,99837.77,8.43,79.03,-1268131.62,0.74
1:53,99831.89,4.17,70.75,99836.91,8.19,77.48,-1268271.50,1.38
1:54,99833.87,3.55,76.28,99840.64,7.97,76.82,-1268705.00,0.75
1:55,99831.72,5.41,82.48,99840.25,7.82,77.78,-1270259.25,1.39
1:56,99841.54,7.22,84.49,99839.38,8.08,79.39,-1270909.87,0.75
1:57,99832.53,7.65,85.16,99842.46,8.24,80.32,-1271335.00,0.72
1:58,99812.77,7.82,85.55,99838.28,8.25,80.80,-1272481.75,1.38
1:59,99828.24,7.90,85.97,99836.21,8.32,80.99,-1272563.62,0.72
2:0,99821.12,7.88,86.23,99838.88,8.27,81.29,-1272884.37,0.75
2:1,99824.67,7.94,86.60,99840.02,8.26,81.80,-1273184.75,0.74
2:2,99816.32,8.03,86.91,99838.88,8.32,81.84,-1273194.75,1.44
2:3,99824.00,8.04,87.11,99840.28,8.31,82.13,-1273488.75,0.72
2:4,99832.99,8.04,87.23,99838.54,8.26,82.16,-1274362.37,1.38
2:5,99833.47,8.04,87.35,99838.14,8.23,82.38,-1274182.00,0.74
2:6,99823.47,8.07,87.51,99842.35,8.20,82.92,-1274611.25,0.74
2:7,99825.82,8.10,87.55,99842.96,8.15,83.28,-1275408.25,1.37
2:8,99827.30,8.07,87.70,99843.96,8.18,83.57,-1275926.12,1.39
2:9,99815.74,18.17,34.06,99843.95,8.38,80.75,-1276118.87,3.80
2:10,99805.46,20.94,26.90,99847.86,8.64,78.15,-1275289.12,4.14
2:11,99816.14,21.36,24.33,99844.03,8.52,78.11,-1275161.00,4.33
2:12,99816.33,20.53,23.41,99846.55,8.49,77.18,-1275553.50,5.43
2:13,99814.40,19.98,23.43,99844.57,8.61,77.23,-1274880.00,5.00
2:14,99819.85,19.74,23.32,99844.85,8.71,75.90,-1275232.87,4.67
2:15,99820.32,19.67,23.41,99847.24,8.77,76.35,-1274847.00,5.59
2:16,99815.13,19.67,23.40,99848.24,8.64,78.23,-1275194.12,5.27
2:17,99809.82,19.71,23.32,99847.41,8.75,77.48,-1275684.75,4.77
2:18,99819.61,19.80,23.31,99848.34,8.94,76.07,-1275759.87,4.69
2:19,99819.17,19.84,23.20,99846.25,8.83,76.38,-1275600.62,4.79
2:20,99814.29,19.90,23.02,99853.03,9.01,74.20,-1276042.25,4.80
2:21,99822.35,19.96,23.29,99848.31,8.94,75.79,-1276097.12,4.61
2:22,99819.05,20.12,23.21,99845.60,9.06,74.53,-1276164.25,4.85
2:23,99822.14,20.29,23.52,99850.75,9.03,75.41,-1276403.75,4.13
2:24,99830.71,20.43,23.74,99850.32,9.15,74.43,-1276542.25,4.83
2:25,99824.00,20.57,24.29,99849.78,8.94,76.91,-1276601.87,4.64
2:26,99819.86,20.60,24.62,99845.81,8.90,76.48,-1276617.75,4.81
2:27,99812.31,20.48,24.60,99842.03,8.71,75.26,-1277107.12,4.75
2:28,99820.94,20.47,25.23,99839.28,8.77,75.98,-1277141.62,4.47
2:29,99799.60,20.45,25.68,99839.14,8.67,76.68,-1277468.50,3.91
2:30,99806.72,20.43,25.36,99835.16,8.94,73.08,-1277064.37,4.66
2:31,99803.89,20.25,26.07,99833.89,9.06,73.10,-1277158.87,5.59
2:32,99829.14,9.10,52.83,99832.19,8.93,73.57,-1277218.12,1.14
2:33,99828.07,4.10,70.43,99831.41,8.45,73.45,-1277138.50,1.22
2:34,99827.21,3.49,76.10,99832.92,8.06,74.34,-1277599.87,1.39
2:35,99823.44,5.30,82.54,99835.00,7.82,78.38,-1278043.00,1.02
2:36,99834.99,7.25,84.52,99834.26,8.01,79.48,-1279709.75,0.77
2:37,99824.07,7.57,84.81,99834.93,8.14,78.77,-1280705.75,1.39
2:38,99830.78,7.72,85.49,99836.03,8.00,80.77,-1280501.87,0.74
2:39,99830.82,7.76,85.81,99834.16,8.04,80.71,-1280801.87,0.94
2:40,99820.62,7.79,86.14,99838.67,8.17,80.79,-1281767.75,1.42
2:41,99814.21,7.92,86.44,99835.07,8.28,80.71,-1282156.62,1.42
2:42,99818.54,7.98,86.81,99837.11,8.22,81.50,-1282741.25,1.42
2:43,99815.52,8.04,87.07,99835.67,8.13,82.26,-1282701.37,1.43
2:44,99818.55,7.95,87.06,99831.99,8.05,82.17,-1283321.62,0.76
2:45,99827.56,8.04,87.35,99835.37,8.26,82.29,-1283838.25,0.73
2:46,99831.78,8.11,87.51,99835.91,8.27,82.32,-1284329.25,0.73
2:47,99821.82,8.11,87.55,99835.17,8.21,82.79,-1284042.50,0.76
2:48,99823.21,8.11,87.62,99832.66,8.17,82.59,-1284530.87,0.74
2:49,99804.04,17.90,34.05,99827.47,8.47,79.94,-1284844.50,4.55
2:50,99791.86,20.85,27.25,99830.27,8.53,79.91,-1285118.75,4.54
2:51,99804.13,21.39,24.61,99834.15,8.69,78.28,-1284817.87,4.53
2:52,99802.46,20.57,23.37,99831.67,8.88,74.75,-1284197.00,5.64
2:53,99804.39,19.88,23.48,99834.11,8.71,75.10,-1284609.25,5.41
2:54,99801.63,19.53,23.51,99832.40,8.75,74.81,-1284746.87,4.75
2:55,99806.96,19.44,23.22,99832.67,8.58,74.21,-1285473.75,3.75
2:56,99805.86,19.44,23.29,99830.41,8.84,73.77,-1285051.50,5.39
2:57,99815.67,19.50,22.98,99831.53,8.88,72.21,-1285058.75,4.18
2:58,99803.25,19.49,23.47,99830.78,8.45,77.78,-1285822.75,4.71
2:59,99804.63,19.61,23.16,99832.01,8.51,76.79,-1285310.37,4.65
3:0,99809.84,19.65,23.40,99836.10,8.24,79.17,-1285842.12,4.56
3:1,99798.31,19.73,23.24,99833.42,8.35,77.99,-1286018.87,4.70
3:2,99818.70,19.81,23.37,99832.03,8.32,77.35,-1286168.25,5.55
3:3,99801.00,19.91,23.42,99833.46,8.67,74.91,-1285910.25,5.54
3:4,99809.69,19.95,23.83,99827.88,8.64,76.08,-1286150.75,3.90
3:5,99799.17,20.10,23.91,99832.13,8.36,77.55,-1286453.87,5.43
3:6,99799.39,20.20,24.52,99825.00,8.38,78.53,-1286732.87,4.46
3:7,99800.71,20.19,25.65,99831.52,8.06,80.16,-1286330.87,5.00
3:8,99797.77,20.20,25.57,99829.52,8.28,77.63,-1286792.75,5.67
3:9,99803.39,20.08,26.03,99825.93,8.45,76.31,-1286404.50,5.74
3:10,99801.12,20.01,26.20,99829.88,8.63,75.60,-1286651.75,4.99
3:11,99796.21,19.83,27.22,99828.75,8.31,77.16,-1286582.25,4.68
3:12,99808.50,9.57,52.39,99825.25,8.55,75.88,-1286983.75,1.37
3:13,99825.71,4.05,70.80,99824.11,8.13,75.57,-1285877.12,0.75
3:14,99824.55,3.45,76.43,99825.22,7.84,76.21,-1287153.75,1.38
3:15,99827.27,5.17,82.46,99827.38,7.76,77.54,-1288267.87,1.39
3:16,99830.86,7.18,84.56,99823.77,8.00,79.48,-1288823.62,0.75
3:17,99812.62,7.64,85.35,99823.38,8.17,80.31,-1290140.75,0.74
3:18,99812.61,7.90,85.83,99822.71,8.25,81.13,-1290682.00,0.73
3:19,99811.91,7.92,86.18,99812.35,8.28,81.64,-1290921.75,0.77
3:20,99804.88,7.97,86.52,99812.14,8.29,81.95,-1291095.25,1.38
3:21,99795.59,8.01,86.82,99809.04,8.26,82.34,-1291498.87,0.74
3:22,99801.62,8.05,87.15,99808.51,8.21,83.12,-1292504.37,1.38
3:23,99809.46,8.16,87.49,99809.02,8.21,83.85,-1292452.12,1.38
3:24,99804.75,8.24,87.77,99811.89,8.18,84.66,-1292566.12,1.39
3:25,99800.14,8.27,87.89,99811.28,8.17,84.80,-1292296.37,1.39
3:26,99810.40,8.20,87.89,99811.62,8.15,84.87,-1293107.12,0.76
3:27,99804.68,8.24,88.12,99814.76,8.20,85.18,-1293398.00,1.38
3:28,99806.79,8.24,88.08,99813.79,8.15,84.91,-1294007.25,1.37
3:29,99780.92,17.02,34.64,99814.25,8.23,83.44,-1293972.12,5.08
3:30,99768.98,20.50,28.13,99808.30,8.36,81.76,-1294010.62,4.61
3:31,99777.07,21.44,25.20,99807.28,8.52,80.21,-1293779.50,4.58
3:32,99783.60,21.07,23.63,99809.35,8.53,79.26,-1294588.00,5.56
3:33,99776.73,20.27,23.53,99809.64,8.30,80.03,-1294498.75,4.73
3:34,99770.96,19.87,23.51,99809.00,8.42,78.83,-1294127.75,4.74
3:35,99774.89,19.71,23.54,99807.42,8.46,78.92,-1294701.50,5.19
3:36,99785.22,19.67,23.29,99802.36,8.55,77.72,-1294157.00,3.87
3:37,99773.17,19.63,23.30,99811.03,8.60,77.45,-1294745.50,5.39
3:38,99772.89,19.66,23.19,99807.66,8.57,77.35,-1295015.25,4.63
3:39,99774.50,19.67,23.26,99808.64,8.35,79.13,-1295173.12,4.85
3:40,99781.13,19.72,23.51,99808.30,8.38,79.55,-1294957.75,4.90
3:41,99774.63,19.81,23.67,99808.29,8.42,79.13,-1295188.75,4.52
3:42,99769.64,19.96,23.95,99806.00,8.53,79.29,-1295450.00,5.12
3:43,99775.11,20.12,24.00,99806.89,8.40,79.94,-1295792.37,5.57
3:44,99773.46,20.26,24.41,99802.02,8.34,80.21,-1295651.87,4.09
3:45,99773.58,20.35,24.77,99798.42,8.18,81.34,-1295709.12,4.85
3:46,99774.82,20.41,25.27,99801.89,8.29,81.30,-1296002.75,4.24
3:47,99781.23,20.38,25.96,99801.74,8.14,81.77,-1296355.62,3.87
3:48,99780.38,20.36,26.32,99805.81,8.22,81.33,-1296263.87,5.54
3:49,99769.52,20.33,26.99,99800.98,8.38,81.77,-1296505.12,5.75
3:50,99782.51,20.25,27.61,99797.39,8.24,81.79,-1296188.75,4.51
3:51,99781.42,15.45,37.45,99798.03,8.04,82.07,-1296634.75,1.38
3:52,99795.50,5.29,64.33,99798.49,8.09,79.64,-1296200.25,1.41
3:53,99786.89,3.59,74.48,99797.75,7.88,77.65,-1296554.12,1.42
3:54,99789.16,3.76,78.92,99798.05,7.82,77.40,-1297895.25,1.42
3:55,99786.86,6.46,84.14,99797.74,7.77,79.38,-1298744.75,0.75
3:56,99786.42,7.44,85.19,99795.22,7.92,81.33,-1299663.25,0.72
3:57,99785.38,7.73,85.73,99794.62,8.04,82.22,-1300425.00,1.44
3:58,99795.89,7.86,86.17,99794.55,8.09,82.63,-1300698.87,1.42
3:59,99799.42,7.87,86.49,99794.19,8.09,82.84,-1300879.12,1.42
4:0,99786.84,7.89,86.79,99790.64,8.14,82.90,-1301168.37,1.42
4:1,99781.97,7.96,87.10,99796.78,8.13,83.28,-1301457.37,0.76
4:2,99780.16,7.99,87.38,99786.77,8.17,83.33,-1301903.50,0.83
4:3,99788.22,8.01,87.45,99797.66,8.14,83.43,-1302466.87,1.42
4:4,99798.62,8.03,87.61,99791.98,8.20,83.03,-1303013.75,1.39
4:5,99781.64,8.01,87.72,99791.67,8.16,83.35,-1302765.75,1.42
4:6,99782.97,8.06,87.80,99790.61,8.20,83.36,-1303171.50,0.77
4:7,99785.00,8.03,87.81,99793.64,8.20,83.26,-1303198.75,1.42
4:8,99771.27,14.70,45.97,99797.76,8.07,82.92,-1303545.50,4.92
4:9,99770.32,19.20,30.78,99799.43,8.12,80.78,-1303851.87,5.58
4:10,99766.82,21.19,26.15,99802.77,8.05,81.50,-1304205.50,4.90
4:11,99753.03,21.26,24.10,99800.53,8.12,81.45,-1303716.00,5.42
4:12,99772.63,20.48,23.44,99803.14,8.39,79.83,-1303675.75,5.51
4:13,99766.46,19.97,23.58,99801.58,8.40,80.03,-1303866.50,4.75
4:14,99775.28,19.79,23.35,99806.02,8.59,78.27,-1303779.37,5.17
4:15,99768.09,19.69,23.54,99799.86,8.49,78.67,-1303882.12,5.55
4:16,99767.48,19.73,23.40,99802.36,8.55,79.03,-1304510.12,5.61
4:17,99772.00,19.74,23.37,99804.36,8.71,77.59,-1304560.75,4.77
4:18,99778.02,19.79,23.26,99803.67,8.77,77.25,-1304833.62,5.68
4:19,99775.52,19.85,23.28,99801.94,8.77,77.16,-1305024.75,4.65
4:20,99768.46,19.95,23.26,99804.33,8.57,78.61,-1304735.00,4.78
4:21,99776.32,20.07,23.46,99804.34,8.66,78.91,-1304968.62,4.80
4:22,99773.19,20.18,23.73,99802.12,8.71,78.41,-1304961.75,4.18
4:23,99773.25,20.37,23.78,99800.75,9.01,76.93,-1304971.25,4.39
4:24,99767.67,20.52,24.16,99799.71,8.94,77.60,-1305306.12,4.69
4:25,99765.07,20.65,24.41,99804.60,8.91,77.09,-1305268.25,4.69
4:26,99782.14,20.71,24.96,99801.60,8.97,77.02,-1305768.00,5.07
4:27,99776.52,20.70,25.07,99801.96,9.02,75.97,-1305504.00,5.06
4:28,99772.75,20.61,26.07,99801.22,8.94,77.26,-1306008.25,4.49
4:29,99769.61,20.47,26.54,99803.72,8.60,77.96,-1305835.12,5.63
4:30,99774.89,20.39,27.08,99804.81,8.49,79.92,-1306307.12,5.77
4:31,99774.28,16.24,36.08,99800.36,8.24,81.72,-1306174.50,0.73
4:32,99788.83,5.49,63.71,99802.35,8.34,77.90,-1305980.50,0.75
4:33,99797.07,3.71,73.74,99798.22,8.06,75.90,-1306225.50,1.40
4:34,99786.15,3.77,78.50,99797.92,7.82,76.12,-1307234.00,0.78
4:35,99797.69,6.37,83.88,99799.78,7.73,78.81,-1308520.62,0.75
4:36,99785.21,7.36,84.86,99797.69,7.94,80.47,-1309654.25,1.40
4:37,99779.48,7.68,85.55,99801.60,8.08,81.33,-1309782.62,0.73
4:38,99791.10,7.79,85.96,99800.74,8.06,82.00,-1310459.25,1.38
4:39,99796.79,7.82,86.32,99803.44,8.05,82.31,-1310711.75,0.76
4:40,99784.46,7.85,86.66,99803.10,8.07,82.51,-1311201.12,0.76
4:41,99785.20,7.92,87.00,99800.50,8.09,82.82,-1311455.25,0.77
4:42,99787.49,7.99,87.24,99801.43,8.11,83.27,-1311851.25,0.73
4:43,99786.68,8.06,87.50,99799.50,8.10,83.85,-1312549.37,0.75
4:44,99789.50,8.10,87.66,99795.13,8.12,84.11,-1313035.50,0.74
4:45,99788.80,8.08,87.83,99797.36,8.12,84.15,-1312909.75,1.41
4:46,99784.88,8.11,87.93,99797.92,8.12,84.37,-1313116.50,0.75
4:47,99782.35,8.11,88.00,99795.72,8.14,84.28,-1313267.25,0.72
4:48,99770.86,14.19,51.59,99791.47,8.27,83.70,-1313669.25,4.04
4:49,99754.42,19.21,30.94,99793.88,8.30,81.85,-1314064.12,5.54
4:50,99753.86,21.26,26.07,99792.22,8.61,79.08,-1314230.25,4.94
4:51,99757.57,21.35,24.06,99789.75,8.74,77.33,-1313473.25,4.15
4:52,99756.94,20.51,23.45,99789.01,8.60,78.35,-1313393.00,4.90
4:53,99759.21,19.98,23.58,99789.80,8.65,78.34,-1313615.12,4.78
4:54,99760.74,19.77,23.45,99787.71,8.59,77.69,-1313986.25,4.67
4:55,99759.46,19.69,23.45,99791.08,8.59,78.04,-1313888.00,4.90
4:56,99760.60,19.67,23.42,99793.36,8.57,78.50,-1314097.87,3.87
4:57,99750.28,19.67,23.38,99791.00,8.55,78.39,-1314206.75,5.42
4:58,99754.57,19.73,23.21,99791.49,8.71,77.25,-1314548.62,5.39
4:59,99755.01,19.80,23.21,99789.88,8.62,78.11,-1314411.75,4.25
5:0,99757.63,19.89,23.04,99788.35,8.68,76.71,-1314845.75,5.08
5:1,99757.82,19.94,23.24,99791.51,8.63,76.79,-1314802.87,5.54
5:2,99747.89,20.01,23.79,99788.77,8.47,79.06,-1315302.25,5.34
5:3,99761.63,20.13,23.97,99792.47,8.31,79.72,-1315180.25,5.23
5:4,99766.45,20.22,24.43,99789.44,8.22,80.66,-1315765.25,5.73
5:5,99763.06,20.31,24.71,99789.17,7.98,82.14,-1315450.37,4.74
5:6,99763.65,20.33,25.24,99786.94,8.07,81.13,-1315977.37,5.74
5:7,99761.94,20.31,25.72,99788.50,8.08,81.79,-1315730.25,5.61
5:8,99761.25,20.29,26.38,99784.60,7.97,82.80,-1316058.75,5.63
5:9,99764.64,20.24,26.96,99787.83,8.32,81.38,-1316038.37,4.25
5:10,99750.81,20.17,27.55,99785.08,8.36,80.83,-1316231.00,5.45
5:11,99753.15,13.77,41.78,99783.28,8.24,81.44,-1315993.25,1.36
5:12,99766.79,4.85,66.28,99778.49,8.09,78.75,-1315715.50,0.75
5:13,99771.32,3.52,75.05,99782.86,7.61,78.72,-1316326.75,1.38
5:14,99775.27,3.81,79.33,99780.99,7.37,79.28,-1317532.75,1.19
5:15,99775.35,6.49,84.29,99785.91,7.47,81.01,-1319076.00,1.40
5:16,99767.55,7.31,85.18,99781.55,7.79,81.46,-1319312.87,1.38
5:17,99774.67,7.57,85.72,99784.53,7.90,82.16,-1319755.12,1.38
5:18,99766.80,7.61,86.16,99780.02,7.79,82.97,-1320013.62,0.75
5:19,99780.39,7.62,86.48,99787.05,7.72,83.63,-1320318.75,0.73
5:20,99774.44,7.71,86.87,99783.56,7.78,84.19,-1320459.62,0.75
5:21,99770.71,7.77,87.21,99784.66,7.80,84.47,-1321151.50,0.75
5:22,99766.97,7.82,87.50,99784.49,7.80,84.76,-1321671.87,1.37
5:23,99770.67,7.80,87.55,99784.28,7.71,84.34,-1321985.37,1.38
5:24,99776.25,7.75,87.43,99782.02,7.73,83.30,-1322342.75,1.38
5:25,99769.83,7.75,87.62,99781.25,7.86,83.27,-1322266.62,1.39
5:26,99774.41,7.77,87.72,99781.52,7.83,83.34,-1322636.00,0.75
5:27,99768.21,7.85,87.86,99782.36,7.93,83.58,-1322690.25,1.38
5:28,99748.09,15.33,39.89,99781.00,7.94,81.87,-1322987.87,5.36
5:29,99740.80,19.28,30.27,99777.52,7.96,79.79,-1323669.12,3.82
5:30,99735.83,21.19,25.82,99779.39,8.41,77.70,-1323329.25,4.78
5:31,99742.11,20.97,23.73,99775.65,8.39,78.74,-1323079.25,4.78
5:32,99742.99,19.96,23.42,99776.60,8.66,75.84,-1323629.50,4.75
5:33,99746.17,19.50,23.49,99772.92,8.77,74.29,-1323352.75,5.29
5:34,99743.43,19.36,23.74,99777.47,8.48,77.69,-1323746.75,4.78
5:35,99744.96,19.32,23.69,99777.44,8.28,78.88,-1323685.12,5.45
5:36,99743.61,19.37,23.49,99776.74,8.46,77.43,-1324245.12,4.45
5:37,99739.90,19.41,23.09,99775.85,8.70,74.93,-1324143.75,5.47
5:38,99741.27,19.37,23.21,99773.32,8.39,76.54,-1324485.87,4.96
5:39,99749.35,19.39,23.20,99774.57,8.47,75.26,-1324319.12,3.87
5:40,99742.38,19.44,23.29,99771.02,8.31,77.35,-1324399.50,4.54
5:41,99732.74,19.54,23.19,99772.64,8.59,74.47,-1324428.00,4.21
5:42,99739.89,19.66,23.67,99770.88,8.38,76.71,-1324759.25,3.79
5:43,99749.22,19.74,23.96,99768.39,8.19,78.00,-1325301.75,4.05
5:44,99743.28,19.80,24.18,99772.33,8.24,76.96,-1324960.50,4.69
5:45,99747.40,19.83,24.76,99770.24,8.08,78.19,-1325335.00,4.63
5:46,99742.38,19.83,25.32,99770.39,8.26,77.27,-1325612.37,3.97
5:47,99741.53,19.82,25.98,99768.14,8.12,78.90,-1325873.00,5.70
5:48,99746.92,19.78,26.46,99767.80,7.95,79.67,-1325668.62,3.96
5:49,99752.46,19.67,27.20,99773.08,7.87,80.08,-1325629.00,4.56
5:50,99759.26,14.73,37.79,99769.14,7.96,79.41,-1325545.25,1.37
5:51,99748.85,5.12,64.54,99774.38,7.84,77.31,-1325559.50,1.37
5:52,99768.83,3.51,74.51,99772.61,7.52,77.20,-1326037.75,1.38
5:53,99761.77,3.50,78.44,99773.21,7.35,77.09,-1326484.62,1.37
5:54,99766.47,5.93,83.86,99769.63,7.30,79.28,-1327790.25,0.90
5:55,99769.85,6.96,84.88,99773.97,7.49,80.68,-1328852.75,0.75
5:56,99758.10,7.26,85.51,99771.92,7.66,81.15,-1328923.00,0.75
5:57,99776.46,7.34,85.92,99769.59,7.66,81.84,-1329722.75,1.39
5:58,99769.17,7.36,86.32,99771.71,7.58,82.56,-1329587.25,1.38
5:59,99759.82,7.40,86.66,99771.61,7.54,83.38,-1330611.62,1.38
6:0,99766.82,7.42,86.91,99772.53,7.66,83.00,-1330469.25,0.75
6:1,99758.24,7.46,87.15,99769.66,7.63,82.81,-1331041.50,1.38
6:2,99760.14,7.49,87.30,99766.71,7.61,82.97,-1331272.00,0.75
6:3,99750.46,7.49,87.43,99768.91,7.59,83.22,-1332005.25,1.37
6:4,99745.91,7.46,87.57,99765.88,7.58,83.54,-1331932.25,0.73
6:5,99747.36,7.50,87.73,99768.61,7.58,83.89,-1332204.37,0.74
6:6,99754.21,7.45,87.82,99767.71,7.61,83.78,-1332313.25,1.39
6:7,99742.16,14.04,48.40,99767.18,7.64,83.61,-1332890.50,4.28
6:8,99738.39,19.67,29.67,99771.24,8.13,79.79,-1332257.50,4.00
6:9,99740.20,20.89,25.53,99771.43,8.22,79.25,-1332832.00,4.94
6:10,99733.49,20.14,23.81,99770.96,8.19,79.05,-1332729.25,5.17
6:11,99738.71,19.34,23.92,99770.83,8.19,78.19,-1332486.87,5.20
6:12,99742.19,19.05,23.98,99770.74,8.08,78.91,-1332727.37,5.23
6:13,99746.27,18.94,24.00,99770.17,7.90,80.61,-1333372.12,5.00
6:14,99736.50,18.96,23.75,99771.80,8.19,77.83,-1333281.00,5.34
6:15,99734.17,19.01,23.56,99769.88,8.36,76.86,-1333115.75,3.96
6:16,99734.25,19.06,23.59,99768.92,8.43,76.28,-1333534.12,4.61
6:17,99735.41,19.12,23.62,99765.27,8.37,76.95,-1333148.12,4.83
6:18,99739.57,19.24,23.59,99766.89,8.43,76.56,-1333586.25,4.36
6:19,99732.97,19.37,23.78,99770.41,8.55,75.72,-1333476.12,5.48
6:20,99735.45,19.50,24.08,99765.74,8.73,75.05,-1333494.62,3.78
6:21,99743.17,19.68,24.30,99768.96,8.68,75.46,-1334164.75,5.10
6:22,99733.77,19.79,24.75,99765.29,8.53,76.00,-1334252.75,4.47
6:23,99735.38,19.85,25.64,99767.97,8.34,79.14,-1334580.87,4.47
6:24,99738.25,19.98,25.68,99766.39,8.15,79.78,-1334193.12,5.00
6:25,99744.32,19.96,26.41,99768.67,7.96,81.28,-1334448.00,4.89
6:26,99752.11,19.96,26.78,99770.57,8.10,80.61,-1334546.50,4.74
6:27,99743.48,19.95,27.29,99768.57,8.13,80.25,-1334602.75,5.81
6:28,99755.10,16.93,32.86,99772.30,8.44,78.34,-1334177.37,0.71
6:29,99764.19,5.79,61.94,99770.03,8.22,76.42,-1334677.87,1.39
6:30,99765.13,3.60,73.95,99772.47,7.82,76.76,-1334257.62,0.75
6:31,99767.44,3.60,78.57,99769.59,7.45,78.29,-1335489.37,1.39
6:32,99762.72,6.04,83.96,99769.90,7.50,79.98,-1336365.50,0.75
6:33,99761.97,7.12,85.01,99771.69,7.64,81.25,-1336728.75,1.38
6:34,99761.47,7.41,85.64,99773.77,7.70,81.83,-1337340.12,1.26
6:35,99772.26,7.51,86.00,99771.40,7.72,82.25,-1338138.62,1.38
6:36,99765.39,7.57,86.42,99770.88,7.85,82.42,-1338447.87,0.77
6:37,99757.60,7.66,86.73,99774.35,7.93,82.41,-1338547.75,1.40
6:38,99748.88,7.67,87.03,99774.96,7.93,82.88,-1339491.00,0.75
6:39,99766.03,7.76,87.33,99776.09,7.97,83.04,-1339654.50,0.71
6:40,99773.30,7.80,87.50,99773.05,7.91,83.13,-1339957.75,0.75
6:41,99754.82,7.77,87.61,99779.12,7.81,83.56,-1339784.00,0.74
6:42,99770.35,7.80,87.75,99777.67,7.72,83.58,-1340402.37,0.75
6:43,99757.64,7.80,87.86,99778.15,7.84,83.96,-1340174.00,0.73
6:44,99759.50,7.78,87.88,99772.41,7.84,83.77,-1340566.62,1.38
6:45,99774.77,13.00,62.03,99778.25,7.86,83.60,-1341054.37,4.43
6:46,99757.77,18.74,31.80,99776.69,8.10,81.23,-1340926.62,4.54
6:47,99750.54,21.01,26.33,99780.57,8.41,78.28,-1341267.25,4.52
6:48,99757.77,21.13,24.23,99784.70,8.44,78.69,-1341255.37,3.90
6:49,99752.66,20.31,23.71,99785.63,8.17,80.20,-1341141.50,4.56
6:50,99761.22,19.81,23.51,99788.86,8.24,78.88,-1341460.50,5.35
6:51,99768.85,19.54,23.69,99790.46,8.39,78.34,-1341041.12,4.92
6:52,99757.91,19.52,23.50,99792.35,8.75,76.65,-1341447.37,3.73
6:53,99764.38,19.58,23.53,99794.74,8.56,78.37,-1341760.87,4.83
6:54,99756.92,19.59,23.35,99790.17,8.64,76.46,-1341805.25,5.05
6:55,99768.08,19.53,23.44,99792.80,8.35,78.07,-1342137.75,4.54
6:56,99762.48,19.44,23.46,99795.63,8.10,77.70,-1341995.75,4.61
6:57,99766.74,19.32,23.76,99796.32,8.02,78.07,-1342117.12,3.75
6:58,99760.77,19.46,23.52,99787.50,8.49,75.62,-1342796.00,5.04
6:59,99759.67,19.68,24.07,99790.57,8.52,77.88,-1342880.25,4.14
7:0,99759.81,19.88,24.11,99790.45,8.42,77.50,-1342655.75,5.41
7:1,99761.72,20.01,24.35,99789.50,8.15,79.17,-1342632.75,5.57
7:2,99768.16,20.13,24.77,99790.14,8.25,78.66,-1342648.87,5.59
7:3,99766.02,20.08,24.97,99792.55,8.44,76.95,-1342848.00,5.48
7:4,99762.72,19.99,25.47,99790.17,8.25,76.61,-1343213.00,3.84
7:5,99764.89,19.60,26.54,99789.34,7.86,78.56,-1342953.75,5.36
7:6,99777.87,19.49,26.87,99792.65,8.02,77.52,-1343634.00,5.28
7:7,99759.50,15.60,34.72,99790.17,8.08,77.41,-1343477.75,0.72
7:8,99775.72,5.31,63.38,99792.71,7.99,75.46,-1343434.50,1.35
7:9,99778.35,3.54,74.00,99791.25,7.69,76.99,-1342959.62,0.76
7:10,99788.91,3.46,78.25,99791.61,7.47,76.97,-1343870.75,1.38
7:11,99777.22,5.83,83.76,99794.40,7.53,78.50,-1345444.25,1.15
7:12,99788.26,7.06,84.97,99795.55,7.64,80.71,-1345869.37,0.75
7:13,99776.31,7.43,85.47,99789.83,7.75,79.93,-1346119.62,0.75
7:14,99779.38,7.31,85.59,99789.41,7.62,80.55,-1346833.75,1.42
7:15,99774.61,7.45,86.22,99793.28,7.82,81.39,-1347166.62,1.44
7:16,99783.64,7.56,86.45,99793.58,7.87,81.24,-1347712.25,1.38
7:17,99787.60,7.58,86.71,99793.64,7.83,81.89,-1348049.75,1.36
7:18,99789.41,7.68,86.96,99792.63,7.73,80.92,-1347806.12,0.75
7:19,99776.24,7.50,86.98,99788.25,7.64,81.78,-1348359.25,1.39
7:20,99781.96,7.54,87.08,99792.43,7.55,81.00,-1348850.62,0.76
7:21,99786.00,7.53,87.23,99793.25,7.63,81.86,-1349176.25,1.38
7:22,99777.11,7.62,87.46,99791.34,7.82,82.05,-1349227.00,0.75
7:23,99764.99,7.65,87.37,99787.41,7.62,81.28,-1349821.50,1.42
7:24,99764.46,13.39,52.32,99789.19,7.53,81.59,-1349870.25,5.07
7:25,99758.72,19.56,29.83,99791.41,8.05,78.79,-1350034.87,5.60
7:26,99763.10,20.96,25.35,99787.96,8.32,77.12,-1350328.62,3.89
7:27,99759.80,20.41,23.50,99792.38,8.96,73.13,-1349676.00,5.52
7:28,99754.77,19.54,23.75,99792.41,8.77,74.40,-1350319.12,4.77
7:29,99759.94,19.31,23.70,99791.26,8.91,73.53,-1350171.75,4.69
7:30,99763.05,19.22,23.79,99789.68,8.82,74.51,-1350124.25,4.47
7:31,99755.03,19.28,23.55,99789.41,8.93,73.34,-1350462.75,4.29
7:32,99760.27,19.37,23.47,99791.96,8.83,74.65,-1350679.75,4.58
7:33,99755.05,19.40,23.28,99793.88,8.88,73.81,-1350832.12,3.88
7:34,99756.61,19.43,23.40,99791.28,8.73,74.69,-1350692.00,3.91
7:35,99755.89,19.50,23.06,99789.28,8.84,73.27,-1351157.25,4.22
7:36,99761.20,19.59,23.42,99789.28,8.94,74.37,-1351075.25,4.62
7:37,99751.82,19.74,23.75,99791.14,8.66,77.21,-1351568.75,4.57
7:38,99753.96,19.90,23.37,99792.69,8.57,76.04,-1351742.25,4.69
7:39,99766.63,20.03,23.86,99792.10,8.80,75.70,-1351468.75,4.86
7:40,99766.02,20.15,24.44,99791.22,8.93,74.36,-1351820.00,4.47
7:41,99756.67,20.17,24.39,99793.02,8.86,74.15,-1351720.00,4.87
7:42,99770.65,20.24,24.82,99796.41,9.09,73.63,-1351899.25,4.81
7:43,99769.71,20.20,26.05,99793.10,8.91,76.52,-1351852.75,4.68
7:44,99763.28,20.31,26.42,99795.19,8.84,77.34,-1352253.50,4.61
7:45,99769.85,20.32,26.72,99793.38,8.99,76.27,-1352217.37,4.21
7:46,99762.60,20.30,27.13,99793.35,8.95,76.68,-1352217.37,5.47
7:47,99779.08,10.13,51.37,99792.82,9.13,75.10,-1352356.62,0.77
7:48,99784.53,4.27,70.56,99791.35,8.61,75.55,-1352097.25,0.74
7:49,99772.82,3.62,76.37,99794.05,8.27,75.63,-1352495.87,0.75
7:50,99783.92,5.78,83.18,99791.38,8.17,77.89,-1353598.12,0.76
7:51,99789.39,7.57,84.93,99795.80,8.37,80.08,-1354497.75,0.74
7:52,99778.46,8.07,85.69,99798.71,8.56,81.18,-1355010.25,1.38
7:53,99784.14,8.17,85.86,99800.08,8.55,80.99,-1355342.00,1.37
7:54,99777.25,8.26,86.42,99803.42,8.59,81.89,-1356079.37,0.75
7:55,99781.75,8.34,86.71,99797.16,8.62,81.99,-1356421.25,0.74
7:56,99779.81,8.40,86.94,99804.38,8.64,81.89,-1356566.25,1.33
7:57,99789.92,8.49,87.32,99801.80,8.65,82.71,-1357208.75,0.72
7:58,99796.94,8.58,87.61,99805.49,8.57,82.92,-1357291.75,0.75
7:59,99786.88,8.30,87.21,99798.61,8.33,82.24,-1357682.62,1.38
8:0,99786.89,8.21,87.06,99802.63,8.26,80.54,-1358104.37,1.37
8:1,99795.33,8.19,87.41,99803.13,8.30,82.10,-1358483.87,1.38
8:2,99783.90,8.16,87.21,99800.57,8.26,81.40,-1358482.12,1.42
8:3,99780.65,8.09,87.06,99805.99,8.39,80.30,-1358613.25,0.74
8:4,99779.69,17.06,35.19,99806.10,8.59,78.52,-1359126.75,3.73
8:5,99765.74,20.74,27.72,99801.63,8.91,77.64,-1359524.87,5.43
8:6,99767.28,21.62,24.94,99800.65,8.83,76.99,-1359002.12,4.77
8:7,99771.27,21.19,23.36,99801.96,8.80,76.26,-1358820.25,5.07
8:8,99768.39,20.30,22.93,99803.63,9.10,72.65,-1358930.75,3.68
8:9,99767.24,19.92,23.37,99802.99,8.85,75.67,-1359353.37,5.29
8:10,99762.11,19.86,23.39,99804.58,8.99,76.32,-1359596.75,5.24
8:11,99766.56,19.91,23.28,99808.82,9.11,74.73,-1359406.25,4.28
8:12,99779.83,20.00,23.07,99809.66,9.00,75.83,-1359467.25,4.29
8:13,99779.67,20.01,23.24,99812.86,8.92,76.35,-1359436.12,4.81
8:14,99776.88,20.12,23.14,99815.80,8.68,78.77,-1359650.87,4.42
8:15,99788.99,20.14,23.07,99813.74,8.81,77.79,-1359982.50,4.60
8:16,99781.58,20.17,23.36,99818.39,8.90,78.12,-1360148.75,4.69
8:17,99782.52,20.28,22.90,99819.91,8.70,76.39,-1359748.00,5.43
8:18,99799.00,20.30,23.08,99820.64,8.56,77.65,-1360204.37,4.46
8:19,99792.38,20.30,23.45,99823.49,8.46,78.11,-1359747.75,4.86
8:20,99800.05,20.34,23.65,99825.59,8.53,77.22,-1360512.25,4.98
8:21,99792.00,20.39,23.72,99826.81,8.41,78.01,-1360554.25,4.05
8:22,99796.78,20.47,23.81,99828.52,8.29,77.52,-1360366.75,4.97
8:23,99797.03,20.40,24.59,99827.75,8.19,78.80,-1360858.50,4.60
8:24,99793.30,20.38,25.63,99823.61,8.31,80.17,-1361917.50,4.65
8:25,99789.69,20.35,25.73,99826.52,8.15,79.34,-1360612.75,4.82
8:26,99789.80,20.18,25.85,99823.78,8.07,78.86,-1360913.37,4.93
8:27,99790.24,20.08,26.23,99823.88,8.10,78.47,-1361323.75,5.68
8:28,99788.75,19.96,27.02,99824.85,8.08,78.57,-1361033.75,2.52
8:29,99805.33,8.38,55.09,99827.82,8.24,77.49,-1361271.62,0.93
8:30,99817.89,3.99,71.55,99825.84,7.96,77.00,-1361581.75,0.90
8:31,99811.57,3.40,76.40,99825.67,7.74,76.41,-1361639.75,0.75
8:32,99823.10,4.75,82.03,99830.10,7.64,79.33,-1362476.00,0.74
8:33,99822.53,6.95,84.84,99826.07,7.85,80.24,-1363650.25,0.75
8:34,99826.71,7.58,85.56,99827.14,7.95,81.43,-1364046.62,0.75
8:35,99812.07,7.67,85.91,99829.18,7.97,81.80,-1364753.25,0.74
8:36,99822.25,7.77,86.31,99831.75,8.02,82.38,-1365353.62,0.74
8:37,99820.64,7.83,86.59,99833.73,8.06,82.56,-1366028.37,0.75
8:38,99817.52,7.84,86.79,99834.82,8.00,81.78,-1366494.62,1.41
8:39,99821.49,7.85,87.08,99837.83,7.97,82.77,-1366204.87,0.73
8:40,99819.84,7.85,87.20,99836.15,7.91,82.24,-1366925.00,1.39
8:41,99821.39,7.84,87.35,99837.60,7.79,83.12,-1367523.62,1.42
8:42,99832.49,7.86,87.50,99838.80,7.77,83.58,-1367626.75,0.74
8:43,99825.76,7.88,87.53,99841.28,7.64,83.23,-1367981.12,0.75
8:44,99819.44,7.82,87.65,99840.77,7.79,83.70,-1367903.87,0.75
8:45,99820.89,8.12,89.41,99840.91,7.78,84.08,-1368147.75,3.45
8:46,99803.63,18.54,32.98,99842.60,7.92,80.73,-1368775.75,4.14
8:47,99807.43,20.80,26.69,99844.05,8.10,79.56,-1368888.75,5.63
8:48,99811.13,20.74,24.23,99840.85,8.24,78.82,-1369205.25,4.11
8:49,99803.97,19.76,23.92,99842.55,8.17,78.49,-1368869.37,4.38
8:50,99809.60,19.32,23.99,99837.60,8.45,77.34,-1369070.62,3.97
8:51,99809.53,19.19,23.98,99840.82,8.60,76.37,-1369504.75,5.32
8:52,99816.64,19.27,23.89,99838.38,8.60,76.84,-1369484.12,4.58
8:53,99819.89,19.31,23.74,99838.08,8.55,76.56,-1369690.37,5.41
8:54,99825.05,19.30,23.79,99842.98,8.39,77.51,-1369250.50,4.58
8:55,99811.10,19.37,23.61,99855.11,8.47,77.13,-1369524.25,4.09
8:56,99815.71,19.37,23.78,99849.80,8.28,77.55,-1369284.50,4.33
8:57,99816.28,19.46,23.59,99847.55,8.54,76.33,-1370347.75,5.45
8:58,99811.82,19.56,23.61,99848.16,8.70,75.28,-1370317.00,5.70
8:59,99813.05,19.62,24.16,99845.17,8.57,76.56,-1370272.00,4.66
9:0,99818.80,19.76,24.25,99846.30,8.62,76.65,-1370390.75,4.85
9:1,99818.25,19.84,25.03,99849.03,8.22,78.00,-1370286.75,5.53
9:2,99824.82,19.81,25.67,99852.07,8.12,79.43,-1370557.50,4.16
9:3,99829.98,19.96,26.01,99852.38,8.22,80.11,-1370426.00,4.52
9:4,99827.43,19.99,26.82,99854.78,8.24,79.61,-1371159.37,4.23
9:5,99825.32,19.93,27.22,99855.91,8.17,80.30,-1370935.87,4.70
9:6,99825.03,19.96,27.65,99850.42,8.53,79.85,-1370788.00,5.18
9:7,99830.49,19.97,28.49,99855.50,8.42,80.97,-1371448.62,2.84
9:8,99836.16,7.71,57.02,99856.92,8.27,80.63,-1370987.25,0.75
9:9,99848.89,3.85,73.12,99859.71,8.02,79.09,-1370611.37,0.77
9:10,99848.66,3.59,78.44,99856.91,7.84,80.63,-1371472.00,0.74
9:11,99842.05,6.10,84.18,99862.17,7.77,81.58,-1372400.50,0.73
9:12,99850.77,7.43,85.47,99863.07,7.95,82.99,-1373052.25,0.75
9:13,99849.14,7.74,85.90,99862.99,8.02,82.91,-1373684.87,0.75
9:14,99854.53,7.85,86.35,99861.19,8.11,83.42,-1374147.12,0.77
9:15,99851.69,7.96,86.76,99866.17,8.16,83.56,-1374736.87,0.75
9:16,99851.25,7.94,87.01,99866.89,8.07,84.20,-1375252.25,0.73
9:17,99861.52,8.06,87.31,99870.47,8.13,84.04,-1375414.37,0.77
9:18,99864.05,8.18,87.71,99872.38,8.24,84.72,-1375590.87,0.76
9:19,99856.83,8.19,87.69,99873.11,8.10,83.77,-1375993.00,0.77
9:20,99858.42,8.18,87.86,99872.88,8.20,84.34,-1376361.87,1.58
9:21,99856.28,8.13,87.80,99872.86,8.03,84.19,-1376488.75,1.41
9:22,99855.78,8.15,88.03,99876.69,8.18,84.09,-1377058.25,2.04
9:23,99872.14,8.09,87.86,99876.78,8.05,84.03,-1377173.00,1.37
9:24,99852.94,8.40,89.47,99874.58,8.17,84.74,-1377782.25,4.20
9:25,99837.24,17.65,34.20,99877.10,8.37,82.25,-1378514.62,4.25
9:26,99840.17,20.83,27.74,99877.32,8.71,82.00,-1378567.25,3.88
9:27,99845.08,21.53,25.27,99877.33,8.77,80.76,-1378253.25,4.18
9:28,99840.37,21.26,23.83,99883.24,9.15,77.79,-1378193.75,4.82
9:29,99853.71,20.62,23.68,99882.15,9.20,77.14,-1378815.00,4.69
9:30,99843.58,20.34,23.73,99881.84,9.33,77.25,-1378282.00,4.75
9:31,99846.67,20.27,23.79,99886.71,9.04,79.20,-1378840.25,4.98
9:32,99858.30,20.24,23.44,99885.61,9.01,77.22,-1378356.87,4.34
9:33,99857.02,20.12,23.40,99884.32,8.55,79.34,-1378045.25,4.80
9:34,99862.56,20.00,23.51,99887.09,8.40,80.30,-1378774.50,4.89
9:35,99857.03,19.89,23.76,99888.39,8.29,81.09,-1379268.00,5.57
9:36,99865.11,19.91,23.78,99890.33,8.36,81.03,-1379137.12,4.69
9:37,99866.12,20.02,23.73,99893.57,8.64,79.40,-1379526.37,4.04
9:38,99866.92,20.13,24.05,99895.35,8.49,79.96,-1379223.12,4.49
9:39,99861.75,20.24,23.92,99895.07,8.26,79.77,-1379092.50,4.05
9:40,99869.25,20.23,24.41,99895.69,8.15,80.37,-1379231.12,4.87
9:41,99860.82,20.36,24.46,99897.39,8.14,81.10,-1379886.87,5.87
9:42,99859.14,20.43,24.76,99897.14,8.47,79.59,-1380227.25,5.07
9:43,99868.33,20.41,25.27,99897.17,8.29,80.24,-1379838.25,4.99
9:44,99867.60,20.36,26.53,99902.69,8.29,80.92,-1380272.75,5.00
9:45,99862.71,20.40,27.22,99901.32,8.54,81.77,-1380666.87,5.07
9:46,99870.71,20.24,27.58,99901.04,8.20,81.83,-1380122.25,4.82
9:47,99889.55,20.01,27.89,99907.91,8.59,79.28,-1380491.12,4.45
9:48,99892.86,11.09,50.08,99902.10,8.38,80.97,-1380311.00,0.76
9:49,99892.86,4.30,70.32,99905.64,7.96,80.99,-1380414.12,1.22
9:50,99903.64,3.45,76.51,99907.10,7.73,80.12,-1380991.37,0.79
9:51,99898.39,4.16,80.96,99904.35,7.73,81.76,-1381991.62,0.79
9:52,99903.69,7.01,85.43,99911.60,7.84,84.01,-1382876.12,0.77
9:53,99901.74,7.63,85.83,99913.16,7.95,83.64,-1383437.12,0.77
9:54,99906.55,7.88,86.32,99913.89,8.14,83.70,-1384243.25,0.79
9:55,99896.58,8.02,86.77,99916.91,8.21,84.31,-1384551.87,0.78
9:56,99900.47,8.12,87.02,99908.97,8.29,84.36,-1384989.75,0.78
9:57,99900.97,8.14,87.26,99916.42,8.28,84.15,-1385113.00,0.79
9:58,99895.97,8.18,87.59,99921.33,8.29,84.51,-1385835.00,1.48
9:59,99893.43,8.08,87.56,99914.86,8.10,83.80,-1386109.12,1.48
10:0,99908.08,8.17,87.81,99917.28,8.26,83.80,-1386282.00,0.79
10:1,99896.19,8.22,87.97,99924.50,8.23,84.56,-1386793.50,0.78
10:2,99898.73,8.18,87.94,99915.42,8.27,84.02,-1386912.50,1.46
10:3,99914.35,8.25,88.04,99920.24,8.33,83.45,-1387218.12,0.77
10:4,99896.57,8.27,88.15,99920.60,8.28,83.93,-1387557.25,0.79
10:5,99887.88,16.65,34.98,99927.19,8.17,82.45,-1387637.12,5.38
10:6,99882.42,20.12,28.95,99918.99,8.80,79.63,-1388517.87,4.49
10:7,99885.08,21.54,25.87,99920.46,9.03,78.68,-1388122.75,4.38
10:8,99886.17,21.52,23.95,99926.22,8.77,77.58,-1387109.87,4.44
10:9,99884.57,20.44,23.27,99921.98,8.45,77.15,-1386772.62,4.00
10:10,99898.67,19.89,23.65,99925.82,8.43,78.68,-1388583.37,4.80
10:11,99889.56,19.84,23.77,99921.67,8.80,78.31,-1389195.75,5.35
10:12,99893.98,19.89,23.45,99922.41,9.00,75.97,-1388873.12,4.58
10:13,99894.91,19.90,23.40,99923.00,9.03,75.89,-1388364.25,4.81
10:14,99898.89,19.92,23.25,99925.80,9.10,75.27,-1389132.00,4.56
10:15,99889.38,20.10,23.41,99930.60,9.19,77.04,-1388933.25,4.32
10:16,99888.46,20.12,23.01,99930.41,8.97,76.64,-1388933.75,5.02
10:17,99891.30,20.21,23.35,99926.69,9.28,76.57,-1389574.00,5.59
10:18,99886.25,20.32,23.42,99927.39,9.29,74.73,-1389422.25,4.96
10:19,99891.56,20.40,23.55,99924.72,9.14,74.35,-1389165.50,5.77
10:20,99896.69,20.50,23.72,99932.46,8.89,76.92,-1389699.62,4.90
10:21,99888.72,20.52,23.68,99926.86,8.62,77.10,-1389226.37,4.56
10:22,99899.21,20.52,24.47,99930.24,8.65,78.82,-1389836.12,4.52
10:23,99895.13,20.68,24.50,99929.77,8.51,78.27,-1389707.37,5.14
10:24,99894.93,20.53,24.97,99930.80,8.53,78.12,-1390259.00,4.58
10:25,99897.92,20.57,25.62,99931.64,8.61,78.70,-1390876.75,5.92
10:26,99913.31,20.53,26.61,99933.67,8.86,78.91,-1390836.25,4.35
10:27,99900.30,20.53,27.08,99930.17,9.00,78.14,-1390408.62,4.05
10:28,99905.03,20.45,26.98,99931.42,9.10,76.58,-1390196.75,5.05
10:29,99911.08,13.69,42.72,99932.72,9.12,76.87,-1390902.25,1.48
10:30,99923.79,4.91,66.84,99937.58,8.75,77.16,-1390522.62,1.48
10:31,99935.14,3.67,75.44,99938.85,8.44,78.04,-1390282.75,1.49
10:32,99922.69,4.13,79.92,99935.96,8.21,77.94,-1391379.25,1.51
10:33,99930.10,6.96,84.52,99940.96,8.36,78.71,-1392637.62,1.52
10:34,99947.60,7.71,85.10,99939.75,8.33,79.01,-1393074.87,0.78
10:35,99925.35,7.75,85.15,99946.28,8.25,78.01,-1393509.25,1.50
10:36,99929.91,7.81,85.56,99944.55,8.27,78.52,-1394343.25,0.80
10:37,99923.51,7.82,85.73,99944.44,8.23,78.34,-1394701.37,1.51
10:38,99929.74,7.77,85.89,99947.88,8.20,78.54,-1395207.87,1.51
10:39,99929.75,7.90,86.33,99945.89,8.34,79.37,-1395845.87,0.79
10:40,99934.36,8.04,86.72,99944.21,8.45,79.55,-1396177.87,0.81
10:41,99934.55,8.05,86.72,99947.33,8.39,79.35,-1396428.00,0.79
10:42,99930.49,7.90,86.43,99954.34,8.28,78.27,-1396602.37,0.77
10:43,99927.75,7.87,86.54,99945.78,8.22,77.84,-1397068.37,1.51
10:44,99941.92,7.94,86.81,99956.11,8.26,79.86,-1397559.37,1.50
10:45,99925.64,8.08,86.98,99952.11,8.39,80.05,-1398102.87,1.49
10:46,99928.10,15.98,38.25,99948.75,8.45,79.65,-1398448.25,5.52
10:47,99930.24,20.09,28.77,99948.02,8.68,74.93,-1398295.87,4.06
10:48,99906.13,21.27,24.96,99948.32,8.84,73.48,-1398744.00,4.67
10:49,99903.82,20.77,23.89,99948.30,8.95,76.26,-1399147.25,4.45
10:50,99925.42,20.10,23.78,99950.05,9.12,75.02,-1398372.12,4.19
10:51,99923.16,19.75,23.41,99951.69,9.12,71.38,-1397679.25,4.74
10:52,99926.39,19.62,23.37,99944.66,9.15,71.70,-1398026.75,4.57
10:53,99908.53,19.44,23.25,99946.22,9.23,69.72,-1398851.25,5.57
10:54,99918.17,19.53,23.49,99948.17,9.68,70.70,-1399031.75,4.83
10:55,99920.93,19.59,22.66,99944.35,9.19,68.88,-1398310.37,3.82
10:56,99920.43,19.34,23.04,99948.57,9.18,71.17,-1399445.62,4.17
10:57,99920.82,19.61,23.03,99957.39,9.39,70.79,-1399574.12,4.57
10:58,99927.00,19.74,22.92,99952.28,9.34,69.01,-1398639.25,4.67
10:59,99926.27,19.70,22.80,99953.13,9.27,68.93,-1398724.25,4.54
11:0,99916.96,19.61,22.79,99954.32,9.03,69.07,-1399249.00,5.16
11:1,99928.46,19.71,23.22,99952.34,9.24,70.84,-1400136.75,4.61
11:2,99920.53,19.93,23.35,99956.71,9.15,71.06,-1400302.12,5.73
11:3,99931.22,20.12,23.95,99954.19,9.34,69.92,-1400633.12,5.44
11:4,99915.53,20.23,23.95,99954.50,9.14,71.36,-1400353.12,5.18
11:5,99925.97,20.24,24.28,99958.15,9.10,71.14,-1399985.12,4.90
11:6,99926.29,20.30,24.52,99954.52,9.18,70.03,-1400611.62,4.83
11:7,99924.58,20.22,25.79,99950.69,9.24,72.87,-1400908.25,4.86
11:8,99920.17,20.31,25.72,99951.24,9.23,71.91,-1400803.50,5.74
11:9,99920.62,20.15,27.29,99948.43,9.18,74.88,-1401091.87,5.16
11:10,99931.45,13.58,41.09,99957.17,8.96,72.53,-1400644.62,1.48
11:11,99943.49,4.90,65.97,99953.19,8.86,73.03,-1400576.50,1.48
11:12,99958.03,3.67,74.31,99953.07,8.67,73.31,-1400953.00,1.47
11:13,99949.52,4.67,80.33,99954.74,8.55,73.21,-1401534.75,0.78
11:14,99954.89,7.41,84.11,99952.57,8.78,75.64,-1402604.50,0.76
11:15,99950.32,8.00,84.74,99955.60,8.95,76.42,-1403353.62,1.48
11:16,99941.89,8.35,85.29,99960.02,9.13,77.02,-1403573.87,0.78
11:17,99943.67,8.43,85.62,99957.27,9.21,77.55,-1404029.12,0.81
11:18,99939.49,8.58,85.69,99959.15,9.13,76.12,-1404298.37,0.76
11:19,99946.33,8.44,85.98,99959.64,9.16,77.58,-1404877.87,0.78
11:20,99947.99,8.58,86.00,99959.36,9.01,76.01,-1404898.75,0.77
11:21,99946.53,8.49,85.83,99961.38,9.01,75.69,-1405536.62,1.51
11:22,99944.66,8.60,86.09,99961.16,9.16,76.28,-1405814.87,1.48
11:23,99944.70,8.80,86.44,99957.80,9.33,77.38,-1405906.00,0.79
11:24,99940.64,8.75,86.10,99956.57,9.33,76.00,-1406341.87,0.77
11:25,99947.93,8.73,85.96,99955.52,9.37,75.73,-1406526.75,0.79
11:26,99938.65,9.06,86.56,99957.04,9.71,76.82,-1406702.75,0.79
11:27,99929.78,16.83,36.09,99958.86,9.59,73.07,-1406818.87,4.52
11:28,99937.64,20.05,28.89,99962.73,10.07,70.36,-1407190.87,3.84
11:29,99922.29,21.89,25.24,99956.66,10.67,68.05,-1407450.00,4.81
11:30,99921.75,22.29,24.02,99957.62,11.14,68.55,-1406912.75,4.65
11:31,99927.13,21.27,25.01,99960.71,11.20,69.40,-1407216.50,0.76
11:32,99944.32,6.73,63.99,99963.28,10.56,68.64,-1406246.25,0.46
11:33,99939.67,8.99,71.40,99958.53,10.40,68.03,-1406346.75,0.44
11:34,99939.87,10.42,63.66,99959.10,10.60,70.91,-1407504.87,4.29
11:35,99915.64,20.48,28.57,99955.13,11.08,68.03,-1408015.12,4.23
11:36,99916.58,22.50,24.37,99959.55,11.12,67.17,-1407499.37,4.70
11:37,99927.77,15.70,32.93,99949.86,11.08,63.59,-1407858.25,0.79
11:38,99942.19,7.94,65.84,99955.00,10.90,66.98,-1407534.12,0.63
11:39,99937.08,9.88,66.36,99952.11,10.86,65.04,-1407828.75,1.04
11:40,99927.66,15.69,38.42,99952.42,11.06,65.70,-1408368.75,3.78
11:41,99914.49,21.29,25.74,99945.66,11.58,62.77,-1409137.87,4.71
11:42,99917.58,20.47,26.20,99945.99,11.75,62.36,-1408755.25,0.77
11:43,99934.64,9.01,69.20,99949.65,11.61,65.50,-1408482.87,0.46
11:44,99930.69,10.57,64.85,99951.16,11.41,62.34,-1408142.12,0.46
11:45,99924.09,13.50,55.61,99950.27,10.97,61.70,-1407858.25,4.53
11:46,99913.22,20.79,25.70,99952.86,10.72,57.95,-1407964.12,4.62
11:47,99918.96,22.38,23.50,99952.30,10.83,60.35,-1409311.25,5.14
11:48,99920.28,16.30,31.41,99954.66,11.01,60.91,-1409559.62,0.79
11:49,99939.07,7.43,61.89,99953.03,10.69,60.02,-1408514.00,1.01
11:50,99938.46,9.30,64.11,99958.63,10.46,61.42,-1409265.00,0.46
11:51,99924.65,14.09,40.48,99957.18,10.22,58.92,-1409518.25,5.32
11:52,99925.96,20.90,25.63,99958.99,10.43,57.85,-1410369.75,4.24
11:53,99920.50,22.09,22.82,99959.45,10.58,58.29,-1410639.75,4.40
11:54,99929.16,21.88,21.41,99962.28,10.73,57.10,-1409892.37,5.00
11:55,99924.15,21.00,21.67,99966.19,10.54,60.58,-1409862.62,3.89
11:56,99933.45,20.59,21.64,99963.61,10.61,59.62,-1410604.00,4.14
11:57,99935.33,18.66,26.35,99963.30,11.03,58.59,-1411082.25,0.78
11:58,99944.71,6.11,60.89,99962.12,10.72,59.66,-1409985.25,0.46
11:59,99945.88,8.57,67.72,99962.92,10.89,62.65,-1410805.25,0.44
12:0,99941.14,10.58,54.31,99965.08,10.76,62.25,-1410698.12,4.23
12:1,99932.94,19.73,26.50,99962.82,10.77,59.89,-1411447.12,4.90
12:2,99920.42,21.41,23.61,99963.77,11.17,60.57,-1411605.37,5.54
12:3,99939.21,7.88,51.77,99960.83,10.90,58.34,-1410298.12,0.77
12:4,99950.83,8.06,65.22,99965.62,10.62,58.74,-1410703.75,0.45
12:5,99945.21,9.97,59.91,99959.88,10.76,59.87,-1411722.87,0.47
12:6,99924.48,18.55,31.43,99958.13,11.14,60.75,-1412182.87,5.18
12:7,99927.92,21.52,24.29,99959.75,11.32,57.10,-1412187.50,3.80
12:8,99952.55,7.41,56.46,99961.46,10.98,56.46,-1411880.50,0.78
12:9,99942.47,8.45,62.89,99964.56,11.04,58.80,-1412215.25,0.46
12:10,99946.60,10.48,63.72,99961.49,11.42,64.03,-1412801.00,0.46
12:11,99923.80,19.19,29.47,99957.71,11.38,55.89,-1412785.75,4.85
12:12,99924.73,21.92,23.82,99959.36,11.27,54.35,-1412625.00,4.81
12:13,99929.57,20.52,24.62,99956.83,11.32,55.01,-1413332.87,0.78
12:14,99940.56,6.91,61.37,99952.60,11.59,58.58,-1412365.75,0.62
12:15,99943.94,9.29,64.55,99958.27,12.00,58.82,-1413181.50,1.15
12:16,99934.74,11.43,51.94,99953.64,12.21,57.29,-1413166.75,3.76
12:17,99921.57,17.02,33.55,99953.00,12.51,55.61,-1413831.75,1.50
12:18,99939.75,9.64,69.71,99956.19,12.35,58.61,-1412844.37,1.17
12:19,99942.17,11.08,62.88,99952.13,12.42,56.64,-1413626.12,0.44
12:20,99932.25,14.16,48.15,99956.73,12.48,55.93,-1413751.37,1.50
12:21,99945.92,10.09,73.34,99961.75,11.96,56.50,-1413536.37,0.46
12:22,99945.41,11.32,61.78,99967.47,12.08,56.76,-1413983.62,0.48
12:23,99927.44,13.07,62.58,99960.35,12.34,58.44,-1414405.25,3.89
12:24,99947.34,10.52,73.41,99966.07,12.31,57.38,-1413789.75,1.47
12:25,99948.47,11.37,63.96,99964.24,12.16,57.05,-1414195.00,1.14
12:26,99944.88,11.82,53.06,99959.41,11.82,52.75,-1414364.75,0.47
12:27,99950.32,10.31,70.46,99962.66,11.63,53.46,-1414001.75,0.78
12:28,99947.13,10.73,58.57,99959.91,11.52,52.65,-1414914.75,0.45
12:29,99952.16,11.50,57.44,99966.67,11.54,56.86,-1415087.25,0.43
12:30,99937.98,18.90,27.82,99967.83,11.91,53.01,-1415398.87,3.77
12:31,99954.67,9.43,66.09,99966.58,11.53,50.03,-1414841.75,1.47
12:32,99948.41,10.43,59.15,99962.38,11.81,51.53,-1415362.00,1.14
12:33,99953.11,11.45,49.58,99968.31,11.66,47.92,-1415006.75,0.95
12:34,99933.64,18.65,28.54,99965.32,11.87,48.68,-1415761.37,4.47
12:35,99942.80,9.41,62.24,99961.17,11.98,47.17,-1414948.37,1.49
12:36,99947.94,10.26,59.07,99960.75,11.84,47.51,-1414712.75,0.43
12:37,99945.30,11.49,49.81,99959.10,12.00,48.11,-1415725.12,1.15
12:38,99929.64,18.35,28.58,99958.16,11.98,48.53,-1415969.75,4.70
12:39,99930.28,18.02,29.11,99963.55,12.09,48.20,-1415771.25,0.75
12:40,99951.67,8.40,66.50,99969.47,11.78,52.20,-1415436.25,0.44
12:41,99952.27,10.50,60.84,99969.83,11.73,56.66,-1415715.25,0.44
12:42,99940.35,14.38,45.25,99972.39,11.52,57.42,-1415386.50,4.35
12:43,99940.16,20.76,26.45,99968.58,11.66,57.65,-1416657.75,5.53
12:44,99956.61,9.44,62.10,99971.59,11.70,58.33,-1415857.12,0.77
12:45,99959.31,10.19,68.18,99976.66,11.69,61.02,-1416241.25,1.17
12:46,99961.49,11.15,61.29,99971.64,11.56,60.25,-1415989.50,0.46
12:47,99944.69,19.20,28.81,99967.96,11.64,59.49,-1416617.25,4.36
12:48,99956.28,11.29,56.06,99972.61,11.62,60.36,-1416567.25,1.48
12:49,99962.49,10.54,70.44,99978.03,11.58,61.93,-1416358.87,0.46
12:50,99959.63,11.30,61.91,99970.60,11.54,60.49,-1416029.50,1.16
12:51,99939.50,18.95,30.00,99972.57,11.55,59.93,-1416769.62,5.37
12:52,99954.28,11.01,58.67,99974.80,11.31,59.81,-1416691.75,1.51
12:53,99959.56,10.52,69.70,99974.18,11.23,60.06,-1416418.25,1.17
12:54,99962.17,11.17,60.70,99977.78,11.18,59.34,-1416563.37,1.14
12:55,99940.70,18.72,29.05,99982.94,11.30,58.71,-1417426.62,4.00
12:56,99943.49,21.38,25.24,99976.75,11.46,57.72,-1417673.50,5.78
12:57,99954.76,14.48,36.68,99973.24,11.75,56.89,-1417356.25,1.48
12:58,99963.10,8.89,67.38,99982.61,11.38,59.21,-1416661.75,0.46
12:59,99966.21,10.34,63.12,99980.92,11.47,58.68,-1416915.87,0.43
13:0,99952.20,17.08,34.32,99979.66,11.54,58.89,-1416875.50,4.26
13:1,99949.52,16.30,36.20,99977.02,11.59,59.90,-1417693.75,0.77
13:2,99965.57,9.99,71.13,99978.38,11.48,60.22,-1416711.12,0.47
13:3,99965.49,10.95,63.41,99977.89,11.53,60.44,-1417138.12,0.46
13:4,99959.28,16.33,40.79,99975.71,11.59,59.29,-1417188.25,4.77
13:5,99951.07,13.90,46.13,99975.06,12.06,57.76,-1417367.87,0.78
13:6,99968.39,10.58,69.38,99983.67,11.79,61.19,-1416533.00,0.46
13:7,99970.91,11.02,60.31,99986.63,11.16,60.13,-1416356.25,0.47
13:8,99957.53,18.15,33.26,99983.41,11.27,60.58,-1417998.75,5.50
13:9,99961.42,21.07,25.79,99988.97,11.43,59.06,-1417743.25,4.77
13:10,99971.61,10.92,50.03,99991.35,11.42,57.96,-1416638.25,0.75
13:11,99978.62,9.65,68.63,99989.09,11.26,60.33,-1417725.50,0.45
13:12,99978.71,10.79,62.97,99992.52,11.42,60.83,-1418194.87,0.45
13:13,99963.28,18.70,29.68,99994.24,11.28,59.04,-1417753.75,4.38
13:14,99953.51,21.57,24.94,99989.93,11.15,59.07,-1417929.75,4.58
13:15,99958.10,22.43,23.21,99991.28,11.24,57.97,-1418206.37,4.65
13:16,99980.12,8.39,52.09,99991.41,11.14,58.07,-1417708.75,0.77
13:17,99985.85,8.33,64.46,99995.87,11.04,59.83,-1417554.50,1.18
13:18,99979.46,10.03,62.62,100000.32,11.09,59.57,-1417953.37,0.49
13:19,99963.85,18.57,31.71,99997.60,11.13,59.64,-1419027.37,5.27
13:20,99953.10,21.74,24.74,99992.39,11.66,57.90,-1418772.62,4.91
13:21,99992.08,7.62,59.64,99993.84,11.24,59.11,-1417529.00,0.75
13:22,99979.36,9.08,64.24,99997.65,11.00,58.79,-1417638.75,0.45
13:23,99982.73,10.55,60.93,99995.47,11.22,60.01,-1418555.12,0.90
13:24,99965.77,19.38,28.50,99996.32,11.35,58.74,-1418994.75,4.87
13:25,99971.86,20.10,26.61,99996.67,11.64,56.13,-1418085.00,0.76
13:26,99984.11,8.45,67.83,99995.57,11.33,57.41,-1417870.75,0.46
13:27,99984.11,10.15,62.85,99997.41,11.43,57.55,-1418493.25,0.73
13:28,99973.23,13.47,50.95,99994.83,11.46,58.10,-1418931.62,3.89
13:29,99960.46,20.59,26.47,99993.61,11.79,54.81,-1419126.62,4.70
13:30,99972.67,12.10,43.44,99995.81,11.81,55.07,-1419210.25,1.49
13:31,99983.92,9.41,66.72,99991.88,11.84,57.13,-1418954.37,0.45
13:32,99979.25,11.07,59.31,99997.66,12.07,56.53,-1418855.62,0.43
13:33,99978.11,18.28,30.42,99995.50,12.25,55.21,-1419031.75,4.78
13:34,99984.30,10.52,68.16,100000.83,12.68,55.88,-1418903.37,0.77
13:35,99983.56,11.29,63.56,99997.97,12.64,54.95,-1419029.00,1.14
13:36,99994.78,12.19,57.73,100005.48,12.59,55.26,-1418894.37,0.46
13:37,99990.44,10.68,75.61,100002.08,12.41,58.16,-1418805.00,0.77
13:38,99997.57,11.14,68.71,100006.57,12.22,57.14,-1419269.25,1.17
13:39,99995.36,11.77,60.92,100009.85,12.16,57.05,-1419409.87,1.15
13:40,99987.76,10.47,74.49,100009.35,11.69,56.94,-1419369.62,0.79
13:41,99997.52,10.81,69.58,100008.94,11.78,56.41,-1419975.62,0.46
13:42,99993.50,11.16,58.36,100009.92,11.47,55.86,-1419982.25,0.46
13:43,99976.25,19.00,27.62,100013.40,11.58,55.19,-1420390.62,3.95
13:44,99985.71,14.19,40.28,100008.96,12.02,53.90,-1420423.37,0.77
13:45,99999.08,9.81,69.85,100013.67,11.61,55.56,-1418561.12,0.46
13:46,99996.17,10.67,59.73,100016.60,11.44,56.48,-1419890.62,0.46
13:47,99980.27,16.98,35.01,100013.53,11.33,56.58,-1420635.25,5.30
13:48,99975.01,20.91,25.88,100017.99,11.40,57.27,-1420423.62,4.68
13:49,99999.41,8.70,61.81,100020.97,11.27,55.81,-1420162.12,1.09
13:50,100001.92,9.75,64.52,100019.26,11.44,57.54,-1420736.87,0.46
13:51,100001.82,10.99,58.58,100014.97,11.77,56.24,-1421152.62,1.16
13:52,99980.53,19.12,28.78,100009.82,11.95,55.19,-1421413.25,5.12
13:53,100000.92,11.43,50.89,100011.80,12.16,56.06,-1420555.75,0.79
13:54,99998.07,10.05,64.77,100013.28,12.03,55.43,-1420083.37,0.45
13:55,99993.96,11.20,57.63,100009.30,12.07,54.63,-1420532.87,0.44
13:56,99993.86,12.84,56.55,100013.77,12.41,56.81,-1421000.75,0.77
13:57,100000.11,10.78,68.70,100016.22,12.32,56.81,-1420474.37,1.15
13:58,99998.89,11.59,58.05,100012.24,12.26,54.10,-1420699.50,0.46
13:59,100000.83,11.63,66.54,100014.83,12.02,54.21,-1420649.62,0.76
14:0,100007.10,10.33,73.57,100017.86,11.82,54.16,-1420696.37,1.14
14:1,100002.60,11.05,58.71,100014.19,11.89,53.66,-1420964.25,0.47
14:2,99989.49,16.61,37.20,100022.98,11.67,53.92,-1420653.37,3.70
14:3,99988.96,20.35,26.64,100017.42,11.73,53.55,-1421593.75,4.82
14:4,100003.19,8.91,69.09,100023.80,11.40,56.42,-1420494.87,1.47
14:5,100008.45,10.16,65.00,100026.36,11.59,56.29,-1421421.87,0.46
14:6,100010.82,11.07,60.27,100032.58,11.51,57.14,-1421099.25,0.51
14:7,99996.69,19.12,28.07,100030.58,11.47,52.94,-1421633.50,4.48
14:8,99993.32,21.71,24.30,100030.73,11.28,52.95,-1421386.50,4.99
14:9,100018.85,7.66,56.73,100027.91,11.16,53.07,-1421277.00,0.80
14:10,100013.11,8.61,62.23,100034.01,11.06,53.29,-1421663.50,1.17
14:11,100018.60,10.15,57.65,100029.55,11.10,54.28,-1421834.25,0.45
14:12,99997.82,18.63,29.71,100035.45,11.07,53.44,-1422387.25,4.17
14:13,99997.82,12.67,40.12,100033.16,11.38,51.71,-1421821.25,0.79
14:14,100016.85,8.50,66.47,100031.63,11.14,54.01,-1422012.87,1.16
14:15,100016.76,9.81,59.65,100035.42,11.13,54.34,-1422204.00,0.43
14:16,100012.60,16.59,33.54,100038.07,11.06,55.63,-1422364.62,4.54
14:17,99991.74,21.02,25.37,100037.96,11.03,52.73,-1421759.62,4.66
14:18,99997.99,22.11,23.10,100037.13,10.98,53.54,-1422049.62,4.29
14:19,100003.96,21.59,21.27,100034.65,10.88,53.14,-1422672.37,4.58
14:20,100001.25,20.50,21.40,100037.41,11.00,54.65,-1422851.25,5.10
14:21,100013.58,5.95,58.56,100035.39,11.05,53.63,-1421869.50,0.77
14:22,100023.55,7.66,62.50,100031.53,11.21,55.35,-1422289.00,1.15
14:23,100018.86,9.55,59.90,100037.29,11.18,55.17,-1422370.37,0.46
14:24,100012.03,18.90,28.42,100030.44,11.26,55.85,-1423060.00,5.40
14:25,99996.35,21.01,23.89,100033.02,11.55,54.10,-1423148.62,5.37
14:26,100022.72,6.24,62.38,100031.99,11.40,55.43,-1421513.75,0.46
14:27,100022.77,8.50,64.92,100039.07,11.08,55.83,-1421805.25,0.48
14:28,100021.32,9.94,57.98,100035.31,11.11,55.52,-1422317.25,4.90
14:29,100006.56,19.67,28.29,100030.10,11.31,55.94,-1423002.25,4.84
14:30,100003.64,21.28,24.59,100029.08,11.83,54.35,-1422944.75,0.79
14:31,100017.73,6.88,63.31,100030.14,11.16,55.20,-1421599.50,1.00
14:32,100014.69,8.93,62.61,100031.03,11.16,55.79,-1422165.75,0.43
14:33,100013.15,10.53,58.11,100029.61,11.25,56.04,-1422539.37,4.61
14:34,100002.37,20.15,27.39,100029.87,11.30,54.22,-1423223.75,4.19
14:35,100010.04,18.80,27.58,100033.61,11.42,54.19,-1423486.50,0.75
14:36,100022.64,7.29,63.45,100035.85,11.33,53.98,-1422668.75,1.17
14:37,100014.94,9.08,62.53,100032.00,11.24,54.72,-1422741.75,0.44
14:38,100016.40,12.81,46.09,100032.85,11.34,55.33,-1422987.37,4.34
14:39,100002.10,20.50,26.56,100037.56,11.70,52.89,-1423300.37,3.97
14:40,99997.97,22.29,23.23,100033.46,11.77,52.75,-1423246.50,3.82
14:41,100016.57,7.29,56.00,100038.52,11.49,54.21,-1422585.75,0.75
14:42,100026.62,8.43,61.82,100035.86,11.49,54.77,-1422972.25,0.43
14:43,100023.11,10.17,58.13,100035.00,11.47,54.28,-1423168.37,0.48
14:44,100008.37,19.08,29.53,100035.07,11.42,54.62,-1423707.75,4.74
14:45,100002.22,21.78,23.97,100036.10,11.46,53.83,-1423072.50,1.90
14:46,100028.07,6.98,64.62,100036.06,11.29,55.92,-1423329.25,1.15
14:47,100022.03,8.93,63.87,100042.41,11.28,56.06,-1423574.50,1.15
14:48,100017.03,10.27,64.53,100038.51,11.36,56.83,-1423992.75,3.94
14:49,100008.02,19.91,27.09,100040.31,11.37,55.50,-1424246.25,5.74
14:50,100014.50,10.09,53.05,100040.64,11.59,54.97,-1424262.37,1.50
14:51,100025.10,9.38,65.39,100040.80,11.38,56.46,-1424049.25,0.50
14:52,100022.52,10.57,59.73,100041.16,11.40,56.29,-1424094.87,0.46
14:53,100008.07,18.57,30.04,100041.78,11.64,53.44,-1424400.12,4.32
14:54,100010.41,16.90,33.55,100033.15,12.00,54.71,-1424717.62,0.78
14:55,100020.39,9.33,68.82,100038.07,11.85,57.42,-1424098.50,1.14
14:56,100021.64,10.58,60.30,100044.47,11.71,56.23,-1423851.25,0.45
14:57,100012.92,15.28,41.09,100036.42,11.54,55.09,-1424431.75,5.47
14:58,100013.80,12.66,48.38,100049.96,11.79,54.48,-1425044.25,1.48
14:59,100025.05,9.88,66.27,100043.07,11.63,54.08,-1424795.12,1.17
15:0,100020.60,10.78,59.12,100043.57,11.71,55.16,-1424934.62,1.15
15:1,100013.17,17.62,31.87,100045.14,11.65,53.38,-1425190.25,5.35
15:2,100015.32,15.08,37.61,100044.17,11.73,52.49,-1425234.87,1.48
15:3,100024.36,9.51,68.58,100040.69,11.53,51.79,-1424568.75,1.17
15:4,100021.85,10.62,58.20,100041.80,11.50,54.40,-1425104.37,1.17
15:5,100020.28,16.41,36.82,100046.91,11.49,54.25,-1425582.37,4.98
15:6,100026.46,12.27,47.60,100045.79,11.73,51.73,-1425553.50,0.80
15:7,100031.46,9.69,69.35,100044.57,11.58,54.18,-1425443.50,0.49
15:8,100027.02,10.66,59.38,100044.52,11.69,54.90,-1425663.87,0.46
15:9,100011.66,17.61,31.67,100042.53,11.56,54.08,-1425951.37,5.59
15:10,100015.96,21.03,25.49,100045.46,11.49,53.98,-1426100.50,3.83
15:11,100038.13,9.22,52.83,100053.05,11.43,53.56,-1425104.75,1.08
15:12,100036.39,9.10,62.30,100055.85,11.30,53.94,-1425594.87,0.46
15:13,100028.83,10.53,56.42,100052.42,11.27,53.84,-1425956.25,0.44
15:14,100030.96,18.21,29.56,100056.57,11.26,51.44,-1426274.75,4.14
15:15,100015.35,21.48,24.40,100048.53,11.37,50.91,-1426024.87,5.00
15:16,100035.91,8.87,48.55,100050.03,11.43,51.60,-1426370.25,1.48
15:17,100039.99,8.42,60.27,100054.53,11.32,52.25,-1425981.87,1.14
15:18,100036.00,10.22,54.75,100050.32,11.40,51.81,-1426334.50,0.45
15:19,100022.03,17.79,31.21,100052.81,11.40,51.54,-1426435.87,5.16
15:20,100017.21,21.35,24.49,100048.05,11.69,50.43,-1427257.12,4.69
15:21,100040.11,13.34,36.34,100055.74,11.70,51.05,-1426528.12,0.77
15:22,100037.55,7.32,60.34,100053.85,11.36,50.28,-1426169.75,1.14
15:23,100037.13,9.38,57.07,100052.78,11.56,51.11,-1426486.75,0.44
15:24,100026.86,15.20,36.60,100055.64,11.66,51.35,-1426825.37,5.03
15:25,100012.72,21.00,25.33,100044.98,12.03,50.46,-1427246.75,4.72
15:26,100029.82,7.21,64.44,100049.51,12.25,49.05,-1426482.00,0.77
15:27,100040.55,9.58,58.23,100050.78,12.52,49.31,-1426846.75,0.44
15:28,100033.36,11.14,53.95,100048.99,12.70,49.56,-1426932.25,0.43
15:29,100026.99,18.40,30.02,100053.11,13.22,47.81,-1426953.00,0.76
15:30,100044.55,9.60,70.25,100060.13,13.40,49.03,-1426188.37,1.14
15:31,100040.66,11.09,58.38,100059.88,13.43,49.62,-1426785.12,1.14
15:32,100034.09,12.47,59.76,100051.89,13.20,47.59,-1426488.50,0.78
15:33,100043.72,9.98,73.31,100052.28,12.28,50.49,-1425620.12,1.15
15:34,100038.05,10.85,59.71,100053.60,12.70,49.59,-1426791.37,0.97
15:35,100039.25,11.78,65.54,100053.03,13.19,46.78,-1426613.62,1.04
15:36,100041.91,9.94,72.96,100059.17,13.39,45.58,-1426623.25,0.44
15:37,100034.97,11.31,55.43,100058.15,13.98,45.28,-1426849.87,1.15
15:38,100039.50,12.83,58.34,100063.21,14.33,44.59,-1426893.37,0.78
15:39,100042.78,10.03,72.63,100058.39,14.48,45.20,-1427085.25,1.15
15:40,100039.75,11.34,59.58,100066.08,15.70,41.52,-1427265.12,1.04
15:41,100031.30,12.77,63.47,100056.64,16.62,41.60,-1427476.75,1.33
15:42,100045.78,10.49,73.64,100058.26,16.06,41.16,-1427085.75,1.15
15:43,100039.76,11.50,57.51,100059.52,16.78,39.49,-1427206.25,1.14
15:44,100033.35,12.59,57.88,100059.99,16.31,38.73,-1427327.12,4.72
15:45,100020.38,19.21,27.00,100057.97,15.96,37.70,-1426373.75,3.89
15:46,100019.47,21.65,24.17,100058.33,16.43,36.48,-1426942.62,4.73
15:47,100026.77,22.54,22.40,100065.25,17.21,36.07,-1426634.87,4.37
15:48,100022.47,22.20,21.17,100065.14,17.50,34.45,-1426495.75,4.35
15:49,100023.96,21.44,20.65,100058.54,17.50,34.44,-1426685.12,4.83
15:50,100009.01,20.93,20.57,100060.24,17.60,32.33,-1426819.50,5.00
15:51,100032.17,20.75,20.46,100059.24,16.33,34.37,-1426467.62,4.55
15:52,100026.58,20.72,20.49,100058.85,17.01,33.93,-1426582.37,4.14
15:53,100039.27,20.42,20.68,100062.08,17.27,33.52,-1426369.75,5.69
15:54,100022.91,20.79,20.50,100063.85,18.56,31.13,-1426292.62,4.02
15:55,100018.00,20.92,20.14,100059.18,18.99,29.73,-1426239.50,4.18
15:56,100020.22,20.96,19.93,100054.03,18.68,29.53,-1425652.50,4.71
15:57,100020.35,20.75,19.87,100056.60,18.02,30.51,-1425942.75,4.83
15:58,100027.57,20.81,20.41,100066.05,18.59,32.65,-1425812.25,4.87
15:59,100022.35,21.11,20.12,100061.85,19.11,30.08,-1426798.75,4.03
16:0,100022.41,21.23,20.02,100054.17,18.55,31.10,-1426172.62,4.15
16:1,100012.03,21.44,19.88,100057.91,19.47,30.77,-1425575.75,4.90
16:2,100015.47,21.68,19.64,100055.40,17.97,32.13,-1424647.00,4.96
16:3,100024.68,21.57,19.80,100054.96,18.64,32.31,-1424548.00,3.82
16:4,100024.77,21.65,20.21,100062.86,18.87,33.54,-1422809.25,5.07
16:5,100024.50,21.79,19.56,100058.97,18.50,33.20,-1420620.25,4.16
16:6,100026.46,21.91,19.49,100064.05,19.36,31.85,-1419206.62,4.47
16:7,100026.80,22.10,19.62,100061.67,19.05,32.26,-1414418.87,4.78
16:8,100021.77,22.28,19.45,100062.77,19.78,32.75,-1413454.75,5.05
16:9,100015.35,22.48,19.22,100058.77,19.60,31.88,-1412489.50,5.39
16:10,100021.61,22.75,19.18,100061.03,17.41,36.12,-1415567.37,4.83
16:11,100025.75,22.81,18.89,100060.36,19.16,33.16,-1414251.12,3.91
16:12,100021.72,22.80,18.75,100055.86,16.73,37.15,-1419447.50,4.36
16:13,100029.25,22.86,18.79,100058.78,18.73,34.12,-1416080.50,5.45
16:14,100018.31,23.18,18.83,100063.76,19.75,32.08,-1414445.75,5.09
16:15,100024.02,23.32,18.10,100067.82,19.53,31.30,-1409651.75,5.54
16:16,100023.30,23.01,17.71,100059.48,16.63,34.66,-1414386.25,4.13
16:17,100029.04,22.79,17.72,100060.89,14.84,39.16,-1419033.00,4.30
16:18,100024.11,22.71,17.86,100058.26,14.46,39.66,-1425170.75,5.12
16:19,100035.80,22.59,17.57,100059.07,14.28,40.38,-1426076.00,4.92
16:20,100022.58,22.56,17.64,100059.24,13.66,41.24,-1424894.50,4.90
16:21,100028.91,22.74,17.94,100065.85,14.57,40.92,-1427781.00,5.25
16:22,100022.43,23.00,18.17,100065.67,17.64,35.63,-1423739.12,3.90
16:23,100026.78,23.11,18.39,100059.93,19.26,32.62,-1421608.25,5.88
16:24,100025.93,23.23,18.17,100063.31,18.82,32.93,-1419535.50,4.74
16:25,100023.70,23.19,18.84,100056.28,18.34,34.43,-1420555.75,4.66
16:26,100030.78,23.35,18.75,100064.25,18.22,34.69,-1419375.75,4.79
16:27,100027.78,23.42,19.09,100065.02,19.31,33.69,-1419288.75,4.70
16:28,100031.00,23.72,19.25,100071.37,19.97,32.74,-1419685.75,4.25
16:29,100039.79,23.84,18.73,100076.10,19.79,32.30,-1416735.12,4.57
16:30,100028.00,23.87,18.63,100067.91,19.66,32.17,-1415604.25,5.24
16:31,100026.97,23.79,18.96,100063.16,19.70,32.22,-1412425.62,5.14
16:32,100030.80,17.67,30.45,100064.97,19.81,32.66,-1412016.75,0.78
16:33,100045.39,8.69,50.63,100071.63,18.36,34.22,-1410690.25,0.75
16:34,100043.51,5.52,63.81,100065.85,18.36,34.59,-1412232.75,0.77
16:35,100056.17,6.37,72.63,100070.29,18.90,33.50,-1411377.25,0.79
16:36,100057.35,9.11,77.82,100070.22,18.92,34.69,-1410286.75,0.79
16:37,100044.78,9.74,77.26,100064.71,19.24,32.76,-1406051.62,1.46
16:38,100046.92,10.05,77.85,100066.66,18.75,34.61,-1400629.25,0.75
16:39,100034.47,9.91,76.85,100059.28,17.07,37.33,-1411166.87,0.80
16:40,100055.99,10.13,77.21,100061.91,18.20,36.80,-1412206.12,0.77
16:41,100049.36,10.44,77.27,100061.79,18.84,36.28,-1405608.00,0.76
16:42,100043.78,10.54,75.91,100070.58,19.58,33.91,-1406513.00,1.48
16:43,100040.22,10.68,75.36,100062.03,19.63,34.75,-1405842.25,0.77
16:44,100041.71,10.96,74.93,100061.50,19.15,33.79,-1406427.75,1.16
16:45,100041.13,10.78,73.29,100069.20,18.98,34.85,-1406045.75,1.48
16:46,100046.52,10.93,73.10,100069.33,19.34,33.22,-1407747.25,0.78
16:47,100052.20,10.76,70.78,100072.44,18.46,33.19,-1408694.12,1.48
16:48,100036.76,10.67,71.36,100065.13,18.20,34.17,-1408172.75,1.46
16:49,100038.07,18.99,29.32,100063.70,18.31,33.44,-1408049.37,3.90
16:50,100029.85,21.45,24.13,100073.00,19.45,31.41,-1410076.62,4.20
16:51,100044.21,22.70,22.08,100071.92,19.75,30.24,-1410743.37,4.96
16:52,100035.83,22.49,20.26,100069.75,19.65,29.75,-1407623.25,4.92
16:53,100022.17,21.90,20.53,100062.57,19.42,31.01,-1406205.00,5.43
16:54,100026.71,21.58,20.43,100069.03,19.44,30.20,-1408251.37,3.85
16:55,100043.17,21.65,20.26,100069.24,19.17,29.95,-1409189.00,4.78
16:56,100036.36,21.43,19.96,100063.73,18.81,30.75,-1409663.25,4.53
16:57,100027.69,21.78,20.26,100064.85,19.68,30.10,-1410962.75,4.01
16:58,100030.01,21.76,19.85,100065.00,19.12,29.41,-1410760.37,4.29
16:59,100026.47,21.75,19.82,100073.60,19.54,29.48,-1412225.37,4.82
17:0,100029.58,21.74,19.54,100072.41,19.54,29.49,-1410221.75,4.92
17:1,100028.36,21.81,19.93,100071.60,19.34,30.22,-1408877.75,4.65
17:2,100045.42,21.77,19.11,100072.30,19.47,27.88,-1409760.25,3.79
17:3,100040.85,21.82,19.45,100080.77,19.87,28.51,-1407356.00,4.76
17:4,100031.19,22.00,19.54,100074.07,20.54,29.46,-1409086.37,4.32
17:5,100038.86,22.12,19.18,100082.19,19.88,28.43,-1404291.25,4.94
17:6,100027.82,22.15,19.43,100073.30,19.83,29.60,-1412595.37,4.51
17:7,100037.35,21.87,18.77,100081.04,19.15,29.15,-1415393.75,4.14
17:8,100046.36,22.04,19.40,100081.12,20.43,28.37,-1422417.62,5.19
17:9,100029.15,22.35,19.04,100085.28,20.19,28.60,-1418500.37,4.10
17:10,100049.24,22.42,19.15,100088.55,19.66,30.28,-1420399.75,3.76
17:11,100038.71,22.19,18.82,100077.53,18.82,30.97,-1422492.87,5.20
17:12,100024.66,22.07,19.22,100081.69,19.59,31.54,-1424453.87,4.91
17:13,100049.15,22.53,19.10,100088.89,20.21,29.97,-1424454.37,5.11
17:14,100033.94,22.69,19.06,100081.41,19.95,31.00,-1420867.75,5.80
17:15,100043.53,22.85,18.86,100084.53,19.69,32.08,-1418891.25,3.82
17:16,100038.64,23.07,19.01,100083.17,19.81,32.33,-1416693.25,4.78
17:17,100043.58,23.18,18.19,100088.88,19.88,30.46,-1413592.12,5.19
17:18,100050.50,23.03,17.87,100088.10,18.45,31.20,-1411666.00,3.85
17:19,100055.63,22.53,17.90,100089.77,18.80,30.92,-1414101.87,5.34
17:20,100039.14,22.54,18.07,100081.96,19.31,30.35,-1416991.75,5.74
17:21,100043.91,22.51,17.98,100082.22,16.58,34.33,-1422715.25,5.62
17:22,100049.26,22.34,17.74,100082.25,15.21,36.94,-1426847.62,4.80
17:23,100048.78,22.50,18.45,100085.85,17.10,36.76,-1432503.75,3.81
17:24,100045.00,22.60,17.74,100083.86,16.27,35.57,-1423928.50,4.72
17:25,100054.67,22.39,18.01,100092.57,15.49,37.49,-1430543.37,4.85
17:26,100055.59,22.29,17.96,100084.96,16.90,34.70,-1425469.00,5.26
17:27,100055.79,22.30,18.17,100087.70,17.16,34.24,-1421616.25,5.20
17:28,100057.00,22.46,17.90,100084.39,18.11,32.67,-1423388.75,4.90
17:29,100054.21,22.80,17.71,100085.78,18.41,30.65,-1421051.25,4.38
17:30,100046.61,23.00,17.92,100086.02,19.12,30.89,-1422144.12,3.85
17:31,100051.27,23.22,17.86,100087.49,19.18,31.19,-1415896.37,4.14
17:32,100051.57,23.34,17.45,100079.06,16.71,34.60,-1419390.75,6.01
17:33,100042.77,23.07,16.72,100090.22,15.46,35.35,-1427591.25,3.97
17:34,100054.04,22.81,17.16,100088.60,17.67,31.20,-1424573.87,4.65
17:35,100058.57,22.76,17.44,100091.73,18.45,30.38,-1419089.25,4.85
17:36,100058.69,22.85,17.92,100098.47,18.77,30.60,-1419447.25,5.10
17:37,100060.14,22.94,18.04,100090.91,16.05,36.01,-1423491.25,4.74
17:38,100064.28,22.86,18.60,100098.91,16.24,36.56,-1425296.75,4.29
17:39,100066.05,22.86,18.96,100088.32,14.99,40.08,-1430408.12,5.10
17:40,100061.74,22.82,18.90,100089.14,13.94,42.55,-1432167.25,4.16
17:41,100059.22,22.94,18.61,100098.99,15.34,39.72,-1436513.37,4.87
17:42,100051.11,23.04,18.52,100093.52,17.41,34.47,-1431413.87,4.83
17:43,100065.83,23.01,18.48,100099.48,15.91,36.38,-1429930.87,4.07
17:44,100077.82,12.22,41.10,100093.46,14.58,39.89,-1433793.12,0.74
17:45,100083.27,7.01,55.18,100099.42,16.16,37.07,-1437626.00,1.46
17:46,100074.00,5.13,65.41,100093.85,14.62,39.84,-1436738.75,0.75
17:47,100078.97,7.00,74.71,100102.86,15.65,37.78,-1438117.25,1.48
17:48,100079.89,8.83,77.41,100102.92,16.65,37.04,-1439554.62,0.75
17:49,100077.96,9.32,77.29,100101.92,17.16,37.68,-1440616.50,0.76
17:50,100084.53,9.85,77.50,100098.45,18.02,37.25,-1440834.87,0.77
17:51,100073.81,9.96,75.04,100097.71,17.93,34.34,-1440170.75,0.75
17:52,100070.17,10.16,74.13,100090.95,18.13,34.94,-1440974.25,0.76
17:53,100073.17,10.58,74.08,100093.44,18.69,35.55,-1440743.37,0.75
17:54,100063.52,10.66,71.57,100091.58,18.38,34.49,-1440596.75,0.74
17:55,100067.24,10.93,72.11,100092.71,18.80,34.77,-1441444.37,0.88
17:56,100070.16,11.10,70.54,100092.21,18.65,34.30,-1440882.75,0.76
17:57,100068.27,11.15,70.00,100088.94,18.36,34.65,-1440947.87,0.75
17:58,100067.60,11.28,70.06,100092.32,18.59,34.81,-1440557.50,0.76
17:59,100058.23,10.96,68.23,100087.67,18.07,34.60,-1439448.12,0.77
18:0,100058.32,11.10,67.61,100083.17,18.44,33.61,-1440398.75,0.76
18:1,100060.99,20.25,25.76,100092.05,18.43,35.54,-1441046.62,4.85
18:2,100051.33,22.30,22.70,100086.41,17.24,34.38,-1439925.87,3.95
18:3,100043.67,22.64,21.03,100082.44,16.81,35.53,-1441812.25,4.96
18:4,100047.82,22.10,20.44,100089.75,15.70,37.65,-1440972.87,5.19
18:5,100052.75,21.50,20.27,100084.69,14.31,40.05,-1440822.12,4.77
18:6,100055.67,21.33,20.49,100085.07,14.04,41.18,-1442264.25,4.69
18:7,100048.75,21.26,20.21,100087.92,13.92,41.82,-1442139.75,4.63
18:8,100059.78,21.16,20.47,100097.57,16.36,37.78,-1442891.12,4.36
18:9,100049.63,21.41,20.35,100096.54,17.63,35.35,-1442630.00,4.92
18:10,100058.28,21.48,20.08,100093.00,17.70,34.38,-1442053.75,3.81
18:11,100049.39,21.72,20.06,100085.17,19.03,31.81,-1442659.62,4.23
18:12,100055.17,21.95,19.86,100090.38,18.50,32.30,-1441943.75,4.31
18:13,100051.78,21.84,19.71,100094.35,18.56,32.20,-1441991.00,4.29
18:14,100058.58,21.92,19.61,100093.49,18.46,32.65,-1441389.25,4.43
18:15,100059.87,21.92,19.58,100086.97,18.68,31.59,-1442242.00,5.72
18:16,100068.07,21.97,19.46,100087.67,18.85,32.20,-1442750.25,4.02
18:17,100038.32,22.07,19.45,100081.78,18.94,31.74,-1442368.50,5.52
18:18,100051.64,22.27,19.40,100078.91,19.33,31.87,-1442541.75,3.82
18:19,100053.36,22.55,19.03,100081.25,19.55,30.18,-1442281.00,5.59
18:20,100039.89,22.64,19.01,100084.50,19.49,31.49,-1442571.62,5.34
18:21,100050.08,22.81,18.88,100086.58,19.53,30.65,-1441763.25,4.94
18:22,100047.97,22.65,18.80,100090.26,19.30,31.29,-1442308.75,4.91
18:23,100044.63,22.69,18.72,100089.17,19.27,31.82,-1442680.62,4.56
18:24,100049.17,22.46,18.70,100084.82,16.71,35.61,-1440731.12,3.78
18:25,100045.73,22.47,18.69,100095.31,17.69,34.16,-1442763.75,4.94
18:26,100051.36,22.47,18.46,100099.42,16.11,37.19,-1442246.75,4.32
18:27,100057.60,22.45,18.66,100096.52,16.49,37.39,-1443402.25,4.97
18:28,100057.77,22.56,18.42,100094.24,18.30,32.30,-1441808.25,4.45
18:29,100056.42,22.58,18.18,100091.17,18.71,31.52,-1438391.75,5.39
18:30,100055.60,22.74,18.15,100094.38,18.67,31.63,-1436901.00,4.41
18:31,100045.48,22.45,17.61,100089.03,17.47,32.79,-1435555.00,4.92
18:32,100054.94,22.20,17.83,100090.66,17.36,33.29,-1434328.50,4.67
18:33,100061.97,22.45,18.10,100094.24,18.34,32.37,-1436768.62,3.75
18:34,100050.89,22.51,17.58,100096.44,17.85,31.67,-1436022.62,4.98
18:35,100057.25,22.59,17.53,100097.18,18.59,31.03,-1435577.25,4.69
18:36,100058.39,22.99,17.50,100093.65,19.34,29.97,-1435752.50,5.70
18:37,100059.15,23.14,17.00,100094.60,19.38,29.09,-1435654.12,4.29
18:38,100053.59,23.33,17.10,100086.76,18.88,30.19,-1433840.00,4.63
18:39,100053.78,23.34,17.26,100096.44,18.83,31.10,-1435128.87,4.36
18:40,100052.99,23.28,16.95,100099.44,17.74,32.65,-1431974.00,4.83
18:41,100054.03,23.19,17.01,100092.94,18.12,31.67,-1435573.75,5.97
18:42,100056.66,23.34,17.18,100101.61,18.03,31.90,-1434041.75,4.25
18:43,100051.20,23.26,16.91,100098.27,17.86,31.81,-1434947.75,3.85
18:44,100072.08,23.21,16.91,100099.03,17.46,31.68,-1438580.75,3.78
18:45,100064.21,23.12,17.17,100096.27,17.39,32.59,-1437324.75,4.43
18:46,100056.88,23.14,17.22,100100.60,18.17,31.97,-1438576.00,4.97
18:47,100059.68,23.35,17.24,100096.14,17.91,32.27,-1437550.87,4.19
18:48,100069.35,23.33,17.44,100098.35,17.84,32.53,-1438104.75,5.83
18:49,100054.86,23.38,17.33,100097.05,17.29,33.24,-1436980.00,4.94
18:50,100059.79,23.26,17.70,100095.00,17.89,32.81,-1437818.12,5.34
18:51,100053.46,23.38,17.50,100094.48,17.73,32.08,-1435957.87,4.98
18:52,100060.35,23.31,17.63,100093.01,17.01,33.98,-1438175.37,5.11
18:53,100069.72,18.00,26.89,100100.53,15.76,36.34,-1439952.75,0.70
18:54,100073.83,9.32,47.41,100094.57,15.47,36.13,-1442235.75,0.74
18:55,100073.78,5.66,61.23,100096.27,14.86,37.96,-1444043.25,0.75
18:56,100075.21,6.33,71.17,100097.67,15.51,36.98,-1445883.75,1.48
18:57,100079.92,8.70,76.14,100099.42,15.92,36.14,-1446985.75,0.75
18:58,100086.17,9.36,76.06,100106.97,15.92,38.24,-1445827.00,0.75
18:59,100084.57,9.71,75.57,100106.38,16.08,37.77,-1446680.25,0.76
19:0,100079.19,9.76,72.89,100101.66,16.18,35.56,-1444859.00,1.46
19:1,100068.52,9.88,71.68,100106.10,16.32,37.15,-1444591.75,1.49
19:2,100092.32,10.29,71.42,100107.41,16.50,36.31,-1444191.50,0.76
19:3,100081.05,10.19,68.85,100099.96,15.80,36.44,-1442759.87,1.48
19:4,100085.14,10.29,68.39,100107.85,15.85,36.27,-1442751.00,0.76
19:5,100087.24,10.42,67.84,100107.00,16.12,36.16,-1443596.75,1.26
19:6,100085.16,10.47,66.67,100102.88,16.12,36.51,-1444141.37,0.77
19:7,100082.47,10.70,67.24,100108.07,16.30,36.41,-1444525.87,0.74
19:8,100080.99,10.97,67.32,100111.80,16.64,36.98,-1445991.00,0.73
19:9,100085.85,10.96,65.14,100105.42,16.55,35.76,-1445028.25,0.76
19:10,100074.80,18.52,29.20,100112.49,16.43,36.38,-1446461.25,4.40
19:11,100071.94,21.52,23.80,100107.03,16.41,35.72,-1448510.00,4.92
19:12,100079.44,22.08,20.90,100114.27,16.91,34.74,-1450707.12,4.65
19:13,100082.00,21.65,20.76,100116.03,16.84,35.25,-1452458.87,3.87
19:14,100073.63,21.47,20.45,100114.42,16.90,35.11,-1452502.50,3.74
19:15,100073.07,21.42,20.41,100110.75,16.96,34.73,-1452699.50,4.52
19:16,100076.74,21.46,20.12,100110.36,17.23,33.42,-1454343.12,4.45
19:17,100080.97,21.43,19.96,100112.86,16.92,34.78,-1450789.87,4.83
19:18,100082.60,21.27,19.72,100109.88,17.07,33.72,-1450671.87,4.55
19:19,100082.04,21.23,19.91,100108.74,17.27,33.70,-1451576.62,5.10
19:20,100073.82,21.35,19.64,100108.82,16.81,33.05,-1450428.50,5.63
19:21,100079.52,21.03,19.50,100117.49,16.65,33.50,-1451835.75,4.81
19:22,100077.64,21.09,19.55,100116.64,17.29,31.95,-1451408.62,3.74
19:23,100089.90,21.08,19.41,100120.32,16.69,33.46,-1449912.37,5.03
19:24,100087.24,21.02,19.40,100116.83,16.99,32.58,-1451068.00,4.73
19:25,100079.47,21.20,19.42,100114.49,17.09,33.47,-1451075.00,5.13
19:26,100079.96,21.31,19.20,100120.05,16.93,32.66,-1450453.37,5.65
19:27,100078.99,21.27,19.02,100120.85,17.13,31.56,-1450731.75,4.66
19:28,100094.08,21.18,18.84,100118.45,16.64,32.71,-1450005.25,5.45
19:29,100087.02,21.12,18.98,100119.21,16.26,33.44,-1448838.12,4.47
19:30,100090.02,21.23,18.98,100122.25,16.46,33.70,-1451980.25,5.55
19:31,100085.19,21.25,18.89,100120.99,16.84,32.78,-1451902.75,4.49
19:32,100088.48,21.37,18.86,100123.53,17.18,32.46,-1451919.12,5.28
19:33,100087.04,21.65,18.81,100119.82,17.28,32.84,-1451079.50,4.52
19:34,100087.00,21.76,18.83,100125.46,16.81,33.96,-1450072.25,4.75
19:35,100083.92,21.88,18.63,100127.63,16.62,33.76,-1450677.75,4.51
19:36,100082.83,21.88,18.34,100124.96,16.51,33.79,-1449668.25,4.79
19:37,100089.57,21.79,18.41,100125.31,16.15,35.32,-1451100.12,5.04
19:38,100086.71,21.65,18.27,100120.21,15.66,35.43,-1451506.87,5.23
19:39,100090.52,21.60,18.92,100127.49,15.92,37.67,-1451054.25,4.56
19:40,100094.85,21.95,18.44,100129.36,16.16,36.14,-1451887.00,5.12
19:41,100092.91,22.01,18.01,100129.57,15.56,36.29,-1450928.25,5.21
19:42,100091.48,22.01,17.96,100127.73,15.31,36.46,-1452509.75,5.57
19:43,100093.11,22.13,18.00,100126.35,15.29,37.13,-1453035.25,4.79
19:44,100093.52,22.36,17.75,100122.97,15.23,37.16,-1453382.75,4.58
19:45,100100.14,22.43,17.63,100130.33,16.06,35.29,-1454571.75,4.87
19:46,100090.66,22.47,17.41,100128.50,16.13,34.77,-1454492.25,5.35
19:47,100098.58,22.58,17.43,100130.66,15.97,35.30,-1454579.25,5.39
19:48,100095.83,22.62,17.33,100130.44,15.39,36.19,-1452532.25,5.85
19:49,100103.72,22.59,17.83,100132.50,14.64,39.39,-1451382.00,4.83
19:50,100109.48,18.13,27.12,100128.30,14.27,40.84,-1453495.75,0.75
19:51,100121.03,6.05,57.77,100134.85,13.40,43.23,-1452600.62,0.74
19:52,100129.17,6.39,71.83,100132.36,12.94,45.12,-1453249.12,1.44
19:53,100128.50,8.88,76.62,100137.99,12.82,47.75,-1453531.75,1.48
19:54,100117.46,9.28,76.77,100137.19,13.37,46.87,-1456075.75,1.46
19:55,100117.78,9.45,75.60,100137.97,13.71,44.41,-1456026.87,0.78
19:56,100127.66,9.62,75.43,100139.58,14.24,44.31,-1455746.25,1.48
19:57,100116.57,9.83,74.45,100138.88,14.39,42.23,-1455317.87,1.45
19:58,100122.96,9.97,72.78,100142.42,14.29,43.78,-1454734.87,1.48
19:59,100128.49,10.17,71.12,100138.18,14.55,43.10,-1454985.37,0.75
20:0,100127.77,10.40,70.94,100140.37,14.79,42.84,-1455980.12,1.36
20:1,100122.64,10.48,68.98,100146.17,14.55,41.62,-1455231.50,0.75
20:2,100127.98,10.53,68.57,100144.60,14.57,42.32,-1456446.75,1.45
20:3,100126.82,10.71,68.92,100143.89,14.53,44.08,-1456544.00,1.45
20:4,100129.77,10.78,67.63,100141.64,14.59,43.40,-1456111.75,1.48
20:5,100124.88,10.68,66.60,100143.80,14.10,43.64,-1456424.62,0.94
20:6,100127.97,10.75,66.51,100142.27,14.40,43.10,-1456933.75,1.46
20:7,100122.32,17.62,33.00,100146.69,14.33,43.48,-1457295.50,5.47
20:8,100110.64,21.09,24.50,100147.67,13.99,41.64,-1455480.25,5.65
20:9,100106.41,21.76,21.24,100142.97,14.42,41.13,-1457450.00,4.49
20:10,100107.76,21.31,21.09,100141.91,14.93,41.21,-1456756.75,5.28
20:11,100118.16,21.24,20.73,100148.69,14.66,40.93,-1454253.25,5.51
20:12,100121.05,20.96,20.69,100144.71,14.51,40.80,-1455236.62,5.62
20:13,100119.00,21.12,20.47,100148.03,14.49,41.04,-1456090.25,5.35
20:14,100125.75,21.20,20.12,100151.04,14.68,40.28,-1456666.62,3.71
20:15,100122.08,21.03,19.89,100152.76,14.45,39.83,-1456348.75,5.41
20:16,100124.76,21.14,20.15,100158.13,14.03,41.97,-1456848.75,5.54
20:17,100128.41,21.12,19.92,100154.82,13.30,43.64,-1456452.75,3.80
20:18,100127.03,21.03,19.70,100152.47,13.34,42.26,-1457130.00,4.36
20:19,100119.36,20.84,19.79,100152.21,13.11,43.08,-1457890.25,3.69
20:20,100121.88,20.91,19.61,100157.71,13.80,41.41,-1457992.37,5.50
20:21,100123.32,20.96,19.46,100159.05,13.68,41.37,-1457737.50,5.25
20:22,100129.77,20.85,19.34,100160.91,13.62,40.58,-1457803.25,4.72
20:23,100130.35,20.79,19.58,100160.89,13.73,40.63,-1457983.87,3.71
20:24,100124.49,20.74,19.46,100156.44,13.36,42.10,-1458202.75,3.72
20:25,100129.63,20.81,19.74,100162.00,13.05,43.51,-1457403.25,5.60
20:26,100130.82,20.72,19.21,100165.71,12.75,43.04,-1458508.87,5.51
20:27,100132.74,20.56,19.18,100160.82,12.70,42.76,-1459104.62,4.37
20:28,100129.52,20.50,19.27,100166.98,12.19,43.51,-1458719.87,5.19
20:29,100140.58,20.45,19.07,100167.09,12.70,41.93,-1459095.62,4.36
20:30,100136.90,20.41,19.14,100162.92,13.04,41.83,-1459493.37,4.30
20:31,100136.73,20.41,19.29,100160.63,12.80,41.92,-1459477.00,4.98
20:32,100138.46,20.52,19.10,100165.61,12.69,42.45,-1459820.50,3.69
20:33,100139.53,20.54,19.08,100165.96,12.76,43.24,-1459953.50,5.48
20:34,100140.26,20.58,19.04,100171.27,12.30,43.75,-1459350.37,3.96
20:35,100131.22,20.55,19.01,100170.75,11.95,44.75,-1459201.00,4.35
20:36,100141.69,20.59,18.96,100167.74,12.17,44.53,-1460100.37,4.76
20:37,100144.08,20.67,18.79,100168.17,12.18,44.72,-1459437.25,5.09
20:38,100137.13,20.77,18.88,100171.78,12.07,44.87,-1460479.25,4.52
20:39,100145.03,20.79,18.57,100169.71,12.40,43.75,-1460518.25,4.23
20:40,100149.94,20.87,18.84,100173.50,11.97,45.22,-1460189.00,3.98
20:41,100147.08,20.96,18.62,100174.61,11.85,45.92,-1460209.37,4.91
20:42,100137.82,20.89,18.65,100173.07,11.42,45.84,-1459297.37,4.50
20:43,100150.13,20.94,18.78,100172.11,11.44,46.97,-1460017.37,2.43
20:44,100154.89,7.27,50.96,100174.53,11.61,46.92,-1460303.25,0.74
20:45,100163.77,4.72,67.16,100171.96,11.13,48.26,-1460798.00,0.75
20:46,100179.89,7.28,76.64,100175.96,11.03,50.31,-1461567.50,0.75
20:47,100166.42,8.23,77.72,100175.89,11.07,50.48,-1462422.87,0.76
20:48,100161.46,8.46,78.00,100175.60,11.01,53.09,-1462548.25,0.77
20:49,100173.27,8.52,76.81,100170.52,11.02,50.30,-1462391.25,0.75
20:50,100157.57,8.63,76.66,100173.00,11.02,53.47,-1462681.12,0.78
20:51,100155.52,8.79,75.55,100171.21,11.00,52.20,-1463050.87,0.77
20:52,100165.60,8.93,73.86,100170.08,10.90,52.23,-1463271.62,0.91
20:53,100161.23,9.03,71.91,100172.33,10.89,51.29,-1462994.50,1.48
20:54,100170.64,9.20,71.33,100173.30,11.03,51.50,-1463142.75,1.48
20:55,100169.25,9.29,70.85,100176.30,10.82,51.42,-1462852.12,0.75
20:56,100180.75,9.33,70.28,100176.28,10.90,52.82,-1463381.12,0.76
20:57,100165.78,9.42,70.49,100178.58,10.94,52.31,-1463565.75,0.86
20:58,100174.85,9.40,68.88,100178.31,10.83,50.90,-1463900.25,1.51
20:59,100173.71,9.38,68.65,100185.88,10.86,52.08,-1463568.75,0.79
21:0,100166.27,10.08,68.60,100179.03,10.80,52.53,-1463544.87,3.63
21:1,100140.75,18.91,27.77,100181.67,11.07,49.80,-1463849.25,4.92
21:2,100148.16,20.69,22.51,100184.57,11.19,49.47,-1464022.62,4.69
21:3,100178.36,7.24,66.19,100184.42,11.22,49.57,-1463126.25,0.77
21:4,100173.68,8.70,62.05,100183.99,11.06,50.70,-1463769.12,0.44
21:5,100170.53,9.86,56.61,100183.44,10.69,52.03,-1463390.50,0.45
21:6,100156.92,19.25,27.13,100190.65,11.03,50.84,-1464310.37,4.73
21:7,100156.97,18.65,26.86,100189.08,11.18,49.50,-1464612.87,0.77
21:8,100175.74,7.58,66.82,100188.19,10.85,51.66,-1463563.62,0.46
21:9,100177.67,9.02,59.77,100186.65,10.71,51.13,-1463512.87,0.44
21:10,100168.50,12.37,48.25,100185.92,10.76,50.71,-1463820.62,4.09
21:11,100157.79,19.88,25.90,100186.67,11.05,49.84,-1464297.50,4.75
21:12,100168.78,8.43,54.03,100190.63,10.82,51.00,-1463980.62,0.76
21:13,100180.71,8.51,65.26,100187.55,10.65,51.68,-1464087.37,0.43
21:14,100174.52,9.57,59.43,100189.15,10.67,51.44,-1464204.25,0.66
21:15,100162.27,18.21,29.17,100185.49,10.76,51.02,-1464624.25,3.72
21:16,100168.92,8.59,63.41,100189.45,10.68,52.17,-1463956.87,0.78
21:17,100182.24,9.21,66.04,100186.85,10.73,51.99,-1464525.87,0.44
21:18,100174.37,9.95,56.22,100193.26,10.62,52.14,-1464521.62,0.45
21:19,100165.14,18.48,28.93,100190.02,10.96,51.02,-1465373.87,5.52
21:20,100151.78,20.97,22.53,100189.42,11.22,49.29,-1465752.37,4.63
21:21,100166.50,7.93,53.35,100188.89,11.12,49.68,-1465420.25,0.75
21:22,100180.82,7.95,63.99,100189.94,10.84,51.60,-1464828.00,0.46
21:23,100182.75,9.38,58.25,100190.11,10.52,52.46,-1464899.50,1.13
21:24,100162.07,17.96,30.15,100190.76,10.89,51.45,-1466260.25,5.48
21:25,100165.24,20.61,23.24,100191.96,11.14,50.76,-1465625.75,1.48
21:26,100177.33,6.94,66.34,100189.64,10.72,51.80,-1465467.25,1.17
21:27,100186.42,8.53,61.18,100194.72,10.57,52.43,-1465009.50,1.15
21:28,100180.28,9.84,64.62,100193.07,10.40,53.95,-1465497.62,4.53
21:29,100183.53,19.46,27.06,100190.11,10.77,52.13,-1466088.87,4.61
21:30,100163.17,18.81,26.76,100196.07,10.88,51.28,-1466773.75,1.52
21:31,100181.92,7.03,64.82,100194.67,10.69,52.13,-1465738.12,1.17
21:32,100186.47,8.41,61.68,100198.46,10.63,52.83,-1466038.00,1.17
21:33,100184.75,11.56,51.52,100196.28,10.53,53.21,-1465957.00,4.50
21:34,100171.63,19.79,26.43,100193.17,10.76,52.22,-1466258.62,5.27
21:35,100181.64,15.43,32.24,100198.25,11.00,51.55,-1466551.00,0.77
21:36,100189.60,7.21,64.59,100201.75,10.50,53.31,-1466243.75,1.18
21:37,100190.92,8.54,61.60,100201.38,10.41,53.89,-1466102.37,1.17
21:38,100188.38,13.92,38.84,100202.78,10.30,54.79,-1466191.75,5.28
21:39,100167.85,20.19,25.70,100201.88,10.64,52.37,-1467020.87,5.58
21:40,100202.83,8.77,49.55,100202.57,10.90,51.32,-1466310.00,0.76
21:41,100188.59,7.82,64.28,100200.55,10.58,52.64,-1466365.62,1.16
21:42,100194.77,8.95,59.89,100208.83,10.52,53.62,-1466195.62,1.17
21:43,100185.14,17.54,31.17,100204.41,10.39,53.75,-1466062.62,4.54
21:44,100169.24,20.86,23.86,100208.56,10.70,51.95,-1466327.37,3.92
21:45,100186.46,7.87,52.30,100204.24,10.40,52.47,-1466166.37,1.42
21:46,100196.70,7.60,62.02,100205.03,10.31,54.00,-1465976.37,0.43
21:47,100202.14,8.88,59.43,100209.52,10.17,54.55,-1466041.37,0.45
21:48,100189.03,17.64,30.95,100212.27,10.16,54.47,-1466031.12,4.54
21:49,100181.67,20.66,23.61,100212.69,10.58,53.07,-1466745.87,4.81
21:50,100203.62,9.56,45.59,100213.44,10.75,51.98,-1466625.62,1.49
21:51,100201.35,7.27,61.33,100211.73,10.33,53.87,-1465976.75,1.14
21:52,100205.30,8.64,60.21,100211.70,10.19,54.37,-1466167.75,0.44
21:53,100182.28,16.62,33.61,100211.99,10.39,53.54,-1466544.37,3.97
21:54,100180.61,20.42,23.99,100217.46,10.45,53.25,-1467583.12,4.55
21:55,100198.20,11.82,39.32,100219.32,10.61,52.76,-1466780.37,0.78
21:56,100207.54,6.92,62.21,100215.83,10.42,53.46,-1466144.25,0.83
21:57,100206.65,8.36,60.98,100216.57,10.27,54.60,-1466018.37,0.45
21:58,100195.88,15.18,37.30,100219.26,10.24,54.36,-1466337.12,4.61
21:59,100187.64,20.36,24.51,100221.86,10.65,53.08,-1466755.25,4.51
22:0,100189.92,20.63,21.63,100223.19,10.85,51.99,-1467262.25,4.55
22:1,100214.28,7.59,51.55,100224.62,10.62,51.75,-1466909.25,0.77
22:2,100210.58,7.10,60.67,100222.97,10.29,53.58,-1466309.37,1.15
22:3,100210.08,8.50,59.66,100230.75,10.05,54.95,-1466440.37,0.45
22:4,100190.67,17.60,31.13,100224.21,10.31,53.36,-1467384.75,3.76
22:5,100193.58,20.17,23.55,100223.89,10.75,52.47,-1467050.25,3.85
22:6,100189.85,20.28,21.60,100225.00,10.38,53.27,-1467070.87,4.67
22:7,100200.95,6.06,58.90,100223.67,10.16,53.92,-1466819.50,0.77
22:8,100210.50,7.38,60.87,100228.50,10.09,55.59,-1466818.87,0.67
22:9,100213.91,8.71,59.56,100227.82,9.98,55.57,-1466592.25,0.45
22:10,100189.50,18.61,28.31,100224.07,10.17,54.32,-1468137.25,4.66
22:11,100194.61,20.19,23.06,100226.51,10.35,53.57,-1468332.25,4.50
22:12,100196.24,20.03,21.34,100224.69,10.38,53.52,-1468345.37,4.95
22:13,100215.99,7.49,51.21,100226.25,10.47,52.36,-1466745.75,0.79
22:14,100220.02,6.88,60.20,100233.41,9.97,55.93,-1466784.75,1.17
22:15,100220.60,8.38,61.13,100232.47,9.72,57.12,-1467469.37,1.15
22:16,100206.44,17.37,31.26,100234.32,9.81,56.43,-1468481.37,4.42
22:17,100197.07,20.03,23.56,100234.80,10.12,54.94,-1468577.50,4.83
22:18,100199.02,20.09,21.57,100239.63,10.14,54.24,-1468607.50,4.90
22:19,100199.03,19.31,21.60,100230.85,10.25,54.17,-1468183.25,4.08
22:20,100203.38,19.07,21.68,100235.60,10.11,55.00,-1468351.87,4.27
22:21,100196.07,19.02,21.54,100237.88,10.15,53.85,-1468608.25,4.61
22:22,100201.75,18.94,21.38,100234.39,10.32,53.00,-1468668.37,4.58
22:23,100205.36,18.92,21.43,100237.49,10.09,54.27,-1468574.25,4.44
22:24,100205.10,18.91,21.26,100236.77,10.15,53.18,-1468618.75,4.79
22:25,100229.46,8.26,47.37,100237.44,10.14,52.48,-1467840.75,0.76
22:26,100226.48,6.62,59.40,100237.13,9.98,54.43,-1466955.25,0.44
22:27,100227.82,8.12,61.46,100242.72,9.70,56.97,-1467062.12,1.17
22:28,100209.99,16.55,31.22,100240.92,9.75,56.33,-1468203.62,4.49
22:29,100213.92,19.42,23.85,100245.07,10.07,55.05,-1468431.00,4.86
22:30,100212.86,19.97,22.18,100245.60,9.88,56.15,-1468582.87,3.85
22:31,100220.21,19.38,21.41,100248.44,10.03,55.95,-1468886.25,5.37
22:32,100219.75,18.96,21.64,100246.79,10.14,55.71,-1468835.62,4.63
22:33,100214.47,18.92,21.59,100246.72,10.18,54.56,-1468704.00,5.43
22:34,100220.91,16.79,27.47,100239.99,10.34,52.97,-1468910.75,1.48
22:35,100235.67,5.72,60.64,100247.07,10.01,54.64,-1466980.87,1.15
22:36,100238.89,7.35,62.22,100247.55,9.79,57.29,-1468344.12,1.08
22:37,100229.28,9.84,54.09,100244.96,9.71,58.08,-1468675.25,4.40
22:38,100210.92,18.71,25.78,100247.37,10.07,56.24,-1469256.12,4.64
22:39,100215.38,19.80,22.94,100251.36,10.05,55.20,-1470066.00,4.02
22:40,100220.17,19.78,21.50,100252.28,10.21,54.67,-1469560.37,4.45
22:41,100218.30,19.18,21.45,100247.80,10.14,54.62,-1469503.00,4.60
22:42,100217.17,18.96,21.50,100250.46,10.05,54.91,-1470019.00,5.54
22:43,100221.82,18.84,21.53,100249.99,9.99,55.40,-1469346.00,4.75
22:44,100217.77,18.82,21.42,100249.49,9.99,54.99,-1468884.25,4.61
22:45,100220.21,18.80,21.34,100252.03,9.89,55.30,-1469575.75,4.70
22:46,100220.19,18.82,21.24,100250.89,10.09,54.63,-1469558.25,4.63
22:47,100218.57,18.88,21.20,100253.17,10.07,54.71,-1469938.12,4.67
22:48,100217.63,18.93,21.14,100249.85,10.04,55.03,-1469694.12,5.16
22:49,100217.22,18.97,21.12,100252.70,10.07,54.90,-1469697.75,5.68
22:50,100222.36,18.99,21.00,100251.33,9.83,55.43,-1469870.62,4.15
22:51,100220.50,19.01,20.96,100253.44,9.96,55.28,-1469926.50,3.80
22:52,100222.55,19.04,20.86,100250.50,10.38,53.31,-1469548.87,4.94
22:53,100220.72,19.08,20.87,100251.64,10.25,53.91,-1469559.25,4.30
22:54,100222.72,19.14,20.77,100257.89,10.30,53.37,-1469695.25,4.71
22:55,100223.67,19.23,20.53,100254.44,10.49,53.53,-1469832.00,5.77
22:56,100216.72,19.33,20.67,100256.82,10.08,54.11,-1470150.87,5.55
22:57,100225.28,19.49,20.61,100257.38,10.15,54.26,-1469994.62,4.97
22:58,100244.08,7.12,51.28,100253.30,9.75,56.05,-1470280.50,1.53
22:59,100242.82,7.28,59.94,100255.25,9.46,57.95,-1469802.87,0.46
23:0,100246.82,8.61,60.43,100254.53,9.37,58.95,-1470052.00,0.46
23:1,100232.55,17.24,26.36,100255.60,9.62,57.11,-1470532.12,5.05
23:2,100223.86,19.16,23.40,100257.46,10.03,55.35,-1470645.75,4.78
23:3,100224.88,19.70,21.27,100254.38,10.01,55.88,-1470444.75,4.59
23:4,100234.15,18.96,21.38,100254.52,9.89,54.66,-1470669.50,4.31
23:5,100223.35,18.72,21.20,100257.49,10.32,51.91,-1470718.75,5.68
23:6,100217.61,18.65,21.32,100257.88,10.38,52.10,-1471199.50,5.39
23:7,100227.99,18.68,21.28,100255.97,10.16,54.18,-1471120.12,5.16
23:8,100236.86,18.65,21.28,100254.25,9.99,54.11,-1470922.25,4.65
23:9,100217.94,18.73,21.18,100256.86,9.99,54.63,-1471369.62,5.38
23:10,100221.63,18.74,21.07,100252.64,9.89,54.85,-1470971.25,5.34
23:11,100218.62,18.74,21.05,100254.44,10.03,54.22,-1471164.87,4.94
23:12,100210.74,18.76,21.04,100256.83,9.83,55.46,-1471270.75,5.48
23:13,100219.47,18.81,21.02,100254.05,9.95,54.58,-1471230.62,5.59
23:14,100224.33,18.84,21.07,100253.11,9.84,55.11,-1471321.00,5.05
23:15,100215.64,18.94,20.99,100257.16,9.79,55.18,-1471655.25,5.72
23:16,100226.99,19.11,21.15,100255.05,9.69,56.08,-1471707.50,3.77
23:17,100225.83,19.22,21.07,100256.85,9.67,55.70,-1472084.37,3.89
23:18,100227.52,19.30,21.24,100258.94,9.85,55.33,-1472400.50,5.50
23:19,100234.64,19.36,21.32,100260.21,9.82,55.10,-1472481.25,4.62
23:20,100228.35,19.43,21.57,100258.38,9.55,57.14,-1472530.62,4.84
23:21,100222.76,19.37,21.83,100257.55,9.60,56.97,-1472041.12,4.85
23:22,100227.58,19.42,21.97,100262.36,9.52,56.69,-1472218.25,4.63
23:23,100232.11,19.43,22.08,100259.37,9.80,55.92,-1472351.75,5.92
23:24,100233.82,19.52,22.03,100260.44,10.03,55.14,-1472384.62,4.65
23:25,100234.92,18.27,24.22,100263.83,9.90,55.44,-1472281.12,1.45
23:26,100230.85,7.34,54.17,100260.63,9.67,56.56,-1472484.75,1.52
23:27,100245.46,4.30,67.42,100262.47,9.13,58.07,-1472617.62,1.48
23:28,100253.47,3.73,71.87,100260.03,8.80,60.05,-1473321.50,1.48
23:29,100256.06,4.17,75.86,100264.21,8.70,60.75,-1473987.87,1.49
23:30,100254.64,5.92,80.38,100266.19,8.74,62.58,-1475009.50,1.47
23:31,100254.63,6.95,81.59,100265.85,8.79,64.16,-1475214.75,1.48
23:32,100250.51,7.24,82.08,100266.11,8.85,64.92,-1476294.75,1.48
23:33,100249.05,7.31,82.51,100266.03,8.81,66.51,-1477529.50,1.48
23:34,100243.95,7.41,82.68,100267.83,8.82,66.53,-1479105.75,1.48
23:35,100254.42,7.41,82.72,100259.67,8.80,66.59,-1479690.87,1.52
23:36,100253.17,7.44,82.84,100264.32,8.82,67.29,-1480282.00,1.48
23:37,100258.36,7.45,82.80,100267.14,8.76,67.65,-1480912.75,1.51
23:38,100254.52,7.48,82.79,100266.61,8.77,67.88,-1481155.50,1.51
23:39,100253.69,7.49,82.72,100268.61,8.57,68.49,-1481816.37,1.48
23:40,100248.77,7.58,82.72,100268.74,8.67,68.86,-1482344.25,1.49
23:41,100255.82,7.64,82.71,100272.03,8.72,68.86,-1482788.75,1.48
23:42,100245.10,10.62,69.01,100270.66,8.58,67.96,-1482789.87,5.24
23:43,100232.90,19.12,28.95,100272.39,8.77,65.57,-1483387.00,4.61
23:44,100232.21,19.99,24.29,100269.53,8.88,64.59,-1483254.25,5.56
23:45,100237.32,19.05,23.01,100272.89,8.90,63.19,-1482703.12,5.27
23:46,100233.94,18.49,23.16,100273.41,8.97,62.79,-1483769.25,5.49
23:47,100244.33,18.35,23.02,100273.02,9.06,61.97,-1483311.25,4.76
23:48,100249.02,18.33,22.90,100275.71,9.47,59.89,-1483060.37,6.37
23:49,100238.03,18.28,22.63,100273.71,9.12,61.23,-1483511.37,4.74
23:50,100239.77,18.25,22.60,100270.92,9.11,60.90,-1483612.75,5.61
23:51,100241.46,18.31,22.52,100282.17,9.15,61.49,-1484721.25,4.64
23:52,100248.39,18.25,22.34,100276.91,9.09,60.62,-1484145.62,5.71
23:53,100249.86,18.26,22.32,100278.88,9.07,60.46,-1484540.62,3.97
23:54,100243.15,18.35,22.04,100274.55,9.24,59.71,-1484445.87,5.59
23:55,100261.96,18.44,22.11,100279.27,9.14,60.98,-1484771.25,5.61
23:56,100253.07,18.45,22.29,100280.42,8.65,63.95,-1485733.37,5.59
23:57,100252.25,18.49,22.18,100285.77,8.77,62.95,-1485979.37,5.12
23:58,100261.75,18.63,22.33,100284.89,8.68,63.80,-1486782.62,5.61
23:59,100247.15,18.74,22.28,100284.01,8.68,63.11,-1485970.37,5.72
0:0,100258.89,18.84,22.35,100282.45,8.83,62.70,-1486063.50,5.01
0:1,100249.71,18.98,22.43,100275.89,9.25,60.40,-1486141.12,5.83
0:2,100255.67,19.00,22.91,100286.17,8.91,62.18,-1486119.87,5.52
0:3,100253.24,18.99,23.30,100283.41,8.94,61.58,-1486192.25,5.81
0:4,100258.68,18.99,23.32,100279.05,8.91,61.88,-1486431.75,5.55
0:5,100257.35,18.96,23.67,100283.42,8.97,61.41,-1486147.00,4.94
0:6,100254.67,19.00,23.85,100283.46,8.64,63.51,-1486274.62,4.93
0:7,100271.03,8.86,50.29,100285.14,8.43,64.36,-1486513.75,1.51
0:8,100267.96,3.95,68.39,100285.74,8.13,64.40,-1486573.25,1.48
0:9,100280.00,3.45,74.24,100288.33,7.95,65.14,-1486399.50,1.52
0:10,100262.82,5.21,80.44,100287.60,7.91,66.47,-1487302.37,1.51
0:11,100274.63,6.62,82.11,100288.82,8.18,67.35,-1488494.00,1.52
0:12,100274.30,6.95,82.64,100287.72,8.23,67.69,-1488559.75,1.52
0:13,100276.47,7.04,83.05,100289.60,8.24,68.31,-1488886.12,1.54
0:14,100270.72,7.08,83.25,100284.83,8.21,68.74,-1489381.75,1.48
0:15,100279.99,7.08,83.46,100283.99,8.20,68.61,-1489545.00,1.52
0:16,100273.52,7.08,83.67,100283.16,8.16,69.56,-1490057.62,1.49
0:17,100269.41,7.20,83.85,100284.02,8.25,69.78,-1490688.87,1.51
0:18,100268.61,7.23,83.84,100283.77,8.22,69.88,-1491078.75,1.51
0:19,100264.73,7.30,83.79,100282.07,8.32,69.93,-1491850.37,1.50
0:20,100269.72,7.35,83.61,100284.67,8.32,69.97,-1492615.50,1.52
0:21,100259.89,7.33,83.29,100281.44,8.19,69.75,-1492176.75,1.52
0:22,100274.13,7.34,83.36,100281.64,8.20,70.56,-1492250.75,1.52
0:23,100259.33,7.35,83.25,100282.27,8.19,70.75,-1492285.12,1.52
0:24,100260.35,17.77,32.99,100283.43,8.42,66.94,-1491921.00,5.85
0:25,100253.46,19.75,25.47,100276.89,8.61,65.77,-1493025.50,5.16
0:26,100242.36,19.06,23.45,100279.03,8.40,66.36,-1492679.12,4.96
0:27,100243.13,18.28,23.49,100279.43,8.67,64.14,-1491439.75,5.70
0:28,100239.46,17.93,23.42,100280.80,8.54,64.49,-1491357.87,5.53
0:29,100252.64,17.84,23.29,100281.83,8.55,63.91,-1492076.00,4.81
0:30,100251.30,17.87,23.16,100279.55,8.47,64.55,-1492282.75,5.09
0:31,100255.50,17.90,23.00,100278.97,8.46,65.11,-1492724.25,5.55
0:32,100239.25,17.97,22.97,100282.78,8.20,67.07,-1492964.25,5.59
0:33,100261.91,18.00,22.91,100281.73,8.32,66.50,-1493122.37,5.60
0:34,100251.57,17.99,22.83,100280.77,8.19,66.67,-1492536.75,4.65
0:35,100247.99,18.02,22.84,100278.89,8.28,66.83,-1492939.62,5.31
0:36,100242.52,18.09,22.90,100276.83,8.45,65.59,-1493322.87,5.10
0:37,100240.65,18.20,22.66,100273.93,8.46,65.36,-1492890.37,5.34
0:38,100240.74,18.33,22.76,100273.16,8.56,64.79,-1493142.25,5.43
0:39,100248.10,18.48,22.65,100277.19,8.74,63.84,-1492885.75,5.25
0:40,100230.51,18.63,22.99,100276.78,8.60,64.86,-1493324.50,4.63
0:41,100244.94,18.75,23.20,100276.35,8.31,66.73,-1493808.37,5.90
0:42,100250.44,18.82,23.56,100276.36,8.05,68.16,-1493943.87,4.73
0:43,100245.02,18.86,23.46,100280.39,8.36,65.89,-1493552.37,4.73
0:44,100249.52,18.82,23.92,100279.49,8.08,67.16,-1493629.25,4.66
0:45,100249.57,18.77,24.09,100283.50,8.27,65.91,-1493054.50,5.07
0:46,100250.08,18.77,24.47,100278.38,8.52,64.10,-1493230.00,4.68
0:47,100267.11,8.31,52.03,100281.60,8.37,65.87,-1493932.25,1.52
0:48,100270.42,3.80,69.26,100280.49,8.03,65.27,-1494282.87,1.48
0:49,100275.64,3.37,74.75,100281.75,7.78,65.92,-1495104.25,0.79
0:50,100274.20,5.07,80.72,100281.52,7.71,67.66,-1494879.62,1.52
0:51,100282.04,6.45,82.46,100284.82,7.82,69.53,-1494639.87,1.48
0:52,100280.33,6.79,83.09,100285.21,7.96,70.28,-1495947.00,1.49
0:53,100271.14,6.93,83.56,100282.92,8.07,70.31,-1496797.25,1.51
0:54,100275.91,6.93,83.63,100278.60,7.93,70.16,-1496304.75,1.53
0:55,100271.90,6.85,83.93,100285.26,7.91,70.93,-1497513.75,1.48
0:56,100263.83,6.96,84.29,100283.18,8.02,71.00,-1497760.00,1.50
0:57,100273.94,7.03,84.39,100286.55,7.97,71.37,-1497882.37,1.49
0:58,100273.94,7.02,84.28,100285.86,7.79,71.11,-1497193.00,1.49
0:59,100278.17,7.02,84.24,100284.41,7.88,71.72,-1498412.75,1.51
1:0,100267.77,7.06,84.23,100282.61,7.86,71.89,-1498043.12,1.50
1:1,100281.14,7.03,83.96,100285.85,7.78,71.78,-1498181.75,1.51
1:2,100270.72,7.02,83.92,100286.42,7.68,72.09,-1498418.00,1.51
1:3,100274.77,6.97,83.83,100282.71,7.64,72.34,-1498377.75,1.51
1:4,100262.01,17.76,32.71,100285.57,8.11,68.76,-1499395.25,5.53
1:5,100256.59,19.51,25.33,100289.33,8.03,67.54,-1498821.12,4.60
1:6,100247.63,18.64,23.42,100291.25,8.21,66.27,-1498613.37,5.11
1:7,100263.75,17.96,23.41,100295.73,8.37,64.62,-1498458.75,4.88
1:8,100260.66,17.58,23.41,100290.21,8.22,65.11,-1498505.25,4.67
1:9,100262.60,17.51,23.33,100288.64,8.21,65.33,-1498615.37,4.76
1:10,100262.52,17.53,23.18,100293.05,8.12,66.46,-1498267.62,4.86
1:11,100259.44,17.61,23.04,100296.05,8.20,65.44,-1498698.62,5.27
1:12,100262.72,17.65,22.94,100298.84,8.18,66.32,-1498991.50,5.53
1:13,100265.42,17.71,22.75,100294.53,8.34,64.91,-1499462.75,5.09
1:14,100257.21,17.73,22.68,100297.92,8.21,65.37,-1498955.75,5.02
1:15,100266.71,17.79,22.58,100296.27,8.28,64.62,-1499386.25,5.08
1:16,100253.55,17.84,22.68,100292.57,8.40,64.43,-1498722.25,5.43
1:17,100263.26,17.90,23.02,100293.89,8.09,66.32,-1499211.25,4.49
1:18,100265.60,18.01,23.23,100292.44,7.91,67.42,-1499282.87,5.10
1:19,100259.54,18.17,23.32,100291.50,7.91,67.97,-1499528.25,5.02
1:20,100264.05,18.29,23.71,100289.43,7.83,68.41,-1499764.50,5.77
1:21,100261.28,18.44,23.71,100291.15,8.13,67.23,-1499617.37,5.21
1:22,100257.05,18.54,23.82,100291.44,8.03,67.50,-1500096.75,4.78
1:23,100261.25,18.57,24.07,100292.52,8.00,67.48,-1499833.87,5.32
1:24,100263.13,18.47,24.32,100294.91,8.20,66.24,-1499908.62,5.50
1:25,100271.21,15.48,31.09,100287.75,7.75,69.30,-1500729.12,1.47
1:26,100284.69,5.09,61.79,100288.27,7.76,67.51,-1500396.75,1.53
1:27,100278.12,3.35,72.49,100293.10,7.57,67.12,-1500986.12,1.51
1:28,100281.02,3.57,77.22,100290.53,7.35,68.46,-1501026.25,2.65
1:29,100283.61,5.66,82.10,100289.10,7.35,70.37,-1501467.00,2.07
1:30,100277.67,6.42,83.08,100288.25,7.53,71.21,-1502043.62,2.04
1:31,100284.61,6.51,83.33,100288.44,7.12,71.80,-1503012.37,2.06
1:32,100281.61,6.59,83.88,100288.66,7.32,72.34,-1503574.75,2.04
1:33,100276.96,6.66,84.16,100289.23,7.48,72.65,-1502823.37,1.51
1:34,100282.68,6.70,84.33,100288.97,7.58,71.83,-1503209.50,1.52
1:35,100281.74,6.77,84.35,100283.36,7.58,70.99,-1503349.75,1.53
1:36,100272.49,6.76,84.56,100282.55,7.60,71.53,-1503656.75,1.51
1:37,100277.78,6.81,84.58,100284.03,7.62,71.63,-1503975.25,1.53
1:38,100285.55,6.80,84.52,100285.36,7.58,72.29,-1504458.50,1.49
1:39,100271.77,6.91,84.47,100288.25,7.70,72.29,-1505011.87,1.52
1:40,100278.34,6.93,84.29,100282.53,7.72,71.94,-1505081.50,1.52
1:41,100272.00,6.98,84.26,100282.60,7.69,72.50,-1505190.50,1.53
1:42,100261.75,12.41,51.80,100281.49,7.58,71.75,-1504509.87,5.33
1:43,100255.26,18.77,28.83,100279.36,7.89,68.74,-1505742.25,5.26
1:44,100244.60,19.37,24.14,100282.53,8.17,66.91,-1504610.00,4.79
1:45,100248.27,18.21,23.60,100284.22,8.04,66.64,-1503894.75,4.77
1:46,100257.27,17.64,23.62,100285.89,7.95,66.55,-1504061.75,4.73
1:47,100256.47,17.47,23.56,100284.07,8.18,64.88,-1504160.12,5.20
1:48,100261.35,17.42,23.61,100288.62,8.06,65.90,-1504796.75,5.45
1:49,100260.42,17.44,23.34,100287.57,8.04,65.89,-1504639.25,4.56
1:50,100269.22,17.48,23.18,100287.27,8.08,65.56,-1504843.75,5.39
1:51,100257.99,17.52,23.07,100287.11,8.09,65.76,-1504189.62,4.65
1:52,100257.02,17.45,22.95,100284.83,7.80,66.91,-1504392.12,5.39
1:53,100256.82,17.48,23.00,100283.02,7.98,66.23,-1505542.75,5.42
1:54,100251.45,17.57,22.91,100282.25,7.98,66.30,-1505136.25,5.42
1:55,100251.03,17.67,22.82,100284.58,8.10,65.47,-1504681.00,4.54
1:56,100263.60,17.77,23.30,100283.82,8.03,66.69,-1505176.12,4.58
1:57,100254.77,17.91,23.27,100284.56,7.99,66.23,-1505325.75,4.98
1:58,100258.07,18.00,23.40,100279.35,7.96,66.08,-1505423.00,4.95
1:59,100244.38,18.13,23.62,100284.21,7.77,67.86,-1506482.00,3.78
2:0,100248.75,18.19,23.97,100280.58,7.78,67.96,-1505943.12,4.63
2:1,100251.22,18.30,23.97,100285.89,7.94,66.74,-1505728.87,5.61
2:2,100255.44,18.32,24.27,100285.25,8.01,65.93,-1505138.62,5.67
2:3,100243.37,18.25,24.51,100282.57,8.14,65.01,-1505454.12,5.48
2:4,100259.04,10.60,44.34,100281.33,7.81,67.66,-1505894.87,1.48
2:5,100268.07,4.09,66.47,100284.57,7.76,65.63,-1505995.00,0.77
2:6,100270.64,3.19,73.88,100281.59,7.32,67.34,-1506019.25,1.52
2:7,100274.80,3.88,78.66,100276.71,7.10,68.60,-1506549.25,1.48
2:8,100276.19,5.80,82.29,100279.80,7.29,70.03,-1507716.00,1.50
2:9,100268.53,6.36,83.13,100277.86,7.52,70.82,-1508830.37,1.53
2:10,100272.28,6.56,83.62,100278.52,7.61,71.36,-1508706.50,1.53
2:11,100264.29,6.62,83.92,100275.09,7.62,71.60,-1508844.12,1.50
2:12,100267.22,6.48,83.90,100277.00,7.30,71.60,-1507550.87,1.49
2:13,100260.33,6.52,84.36,100278.80,7.40,72.37,-1508825.00,1.52
2:14,100266.91,6.59,84.55,100276.52,7.42,72.51,-1510104.25,1.52
2:15,100254.92,6.57,84.52,100274.47,7.31,71.96,-1509060.12,1.53
2:16,100259.19,6.57,84.50,100275.60,7.17,72.18,-1509121.00,1.51
2:17,100265.33,6.54,84.43,100273.85,7.19,72.32,-1508844.75,1.55
2:18,100271.64,6.58,84.43,100274.72,7.29,72.57,-1509662.25,1.51
2:19,100263.11,6.65,84.46,100274.35,7.28,73.16,-1510787.75,1.53
2:20,100257.47,6.66,84.30,100274.33,7.30,72.57,-1510843.25,1.52
2:21,100240.74,15.56,39.14,100275.10,7.36,70.85,-1511579.75,5.21
2:22,100241.40,18.88,26.58,100275.00,7.43,68.89,-1510441.12,5.65
2:23,100253.15,18.45,23.63,100280.52,7.87,66.09,-1510327.00,4.58
2:24,100255.33,17.53,23.87,100278.14,7.85,66.32,-1510963.75,5.02
2:25,100255.49,17.21,23.77,100276.85,7.87,65.73,-1510506.75,3.89
2:26,100242.50,17.09,23.76,100279.41,7.90,65.92,-1511276.37,5.07
2:27,100239.63,17.06,23.49,100276.41,7.83,65.61,-1510623.87,5.51
2:28,100242.75,17.09,23.35,100278.00,8.09,63.54,-1510672.37,5.36
2:29,100238.47,17.01,23.12,100273.99,7.96,63.62,-1510576.12,5.14
2:30,100245.23,17.06,23.04,100276.07,7.86,65.18,-1511460.25,4.58
2:31,100238.47,17.14,22.95,100276.45,7.95,64.40,-1510972.75,5.34
2:32,100253.53,17.17,23.07,100275.23,8.01,64.16,-1510651.75,5.10
2:33,100249.52,17.25,23.14,100274.28,7.95,64.84,-1511393.00,4.99
2:34,100254.88,17.38,23.11,100273.99,8.01,64.16,-1511292.50,5.64
2:35,100247.97,17.48,23.19,100276.50,8.11,63.27,-1510700.00,4.65
2:36,100247.72,17.60,23.47,100273.69,8.10,63.64,-1511130.25,4.81
2:37,100246.89,17.74,23.55,100274.27,7.82,66.08,-1511712.25,5.54
2:38,100250.80,17.84,23.81,100275.00,7.93,65.10,-1511335.62,5.40
2:39,100256.81,17.84,24.11,100273.89,7.76,66.53,-1511698.25,5.22
2:40,100255.10,17.82,24.59,100278.86,7.49,67.53,-1511592.25,5.62
2:41,100252.38,17.86,24.76,100278.24,7.53,67.55,-1511763.50,4.92
2:42,100264.74,6.79,55.45,100276.30,7.53,67.06,-1511469.25,1.51
2:43,100273.95,3.43,71.08,100277.97,7.22,67.04,-1512135.87,1.50
2:44,100270.70,3.11,75.79,100275.16,6.97,68.43,-1512357.50,1.48
2:45,100273.46,4.44,80.71,100273.94,6.91,69.33,-1513235.37,1.52
2:46,100279.53,5.88,82.82,100278.89,7.08,71.11,-1513645.75,1.46
2:47,100260.52,6.21,83.38,100273.57,7.06,71.73,-1513761.75,1.48
2:48,100263.08,6.22,83.85,100278.64,7.09,72.36,-1513967.12,1.48
2:49,100265.41,6.34,84.19,100273.53,7.24,72.33,-1514399.25,1.48
2:50,100279.52,6.36,84.47,100272.60,7.24,72.72,-1515346.12,1.48
2:51,100262.14,6.37,84.67,100274.53,7.21,73.08,-1515678.12,1.51
2:52,100265.69,6.42,84.95,100271.35,7.17,73.62,-1515580.75,1.52
2:53,100264.57,6.48,85.21,100273.97,7.18,74.18,-1515602.25,1.48
2:54,100260.27,6.50,85.16,100274.96,7.06,74.42,-1515424.25,1.48
2:55,100259.64,6.50,85.09,100271.35,6.99,74.25,-1515793.25,1.53
2:56,100257.21,6.48,84.96,100273.15,7.02,74.55,-1515798.87,1.48
2:57,100263.22,6.51,85.10,100273.68,7.05,74.89,-1516197.00,1.48
2:58,100254.92,6.59,85.08,100272.17,7.19,74.87,-1516341.25,1.51
2:59,100245.10,17.62,32.43,100269.93,7.53,70.92,-1517124.50,5.56
3:0,100242.60,18.98,25.61,100271.19,7.63,69.64,-1515745.12,4.85
3:1,100243.33,18.08,23.86,100270.89,7.63,68.48,-1516065.62,4.65
3:2,100246.35,17.27,23.95,100272.23,7.56,68.32,-1516169.75,5.52
3:3,100243.80,17.00,24.03,100269.70,7.53,68.42,-1515791.12,5.37
3:4,100244.30,16.90,23.76,100271.68,7.58,67.51,-1516546.12,5.41
3:5,100243.28,16.90,23.64,100274.28,7.80,65.95,-1516791.37,5.41
3:6,100243.83,16.91,23.56,100272.56,7.63,66.86,-1516191.25,5.31
3:7,100247.42,16.94,23.52,100272.66,7.52,67.78,-1516710.75,4.72
3:8,100242.57,16.93,23.43,100273.07,7.46,68.01,-1516320.25,4.97
3:9,100241.33,16.88,23.62,100274.74,7.27,69.31,-1517135.00,4.54
3:10,100247.67,17.01,23.56,100274.70,7.40,68.46,-1516805.00,5.09
3:11,100247.71,17.15,23.61,100273.55,7.48,67.20,-1516399.25,5.29
3:12,100250.69,17.22,24.09,100274.53,7.50,67.84,-1516523.00,5.54
3:13,100246.51,17.37,24.17,100277.69,7.30,69.61,-1517210.75,5.48
3:14,100248.39,17.52,24.07,100276.03,7.23,69.06,-1517215.37,5.39
3:15,100244.02,17.55,24.31,100269.60,7.53,67.42,-1517041.00,5.22
3:16,100243.13,17.61,24.64,100272.42,7.42,68.74,-1517028.12,3.71
3:17,100242.55,17.63,25.26,100268.08,7.32,69.47,-1517355.00,4.78
3:18,100255.46,16.12,28.53,100269.00,7.19,70.82,-1517234.62,1.48
3:19,100259.36,5.28,60.67,100271.09,7.14,69.61,-1517249.25,1.52
3:20,100253.96,3.22,72.98,100264.75,6.86,69.52,-1517190.37,1.51
3:21,100266.16,3.08,77.04,100269.46,6.73,69.95,-1518902.12,1.52
3:22,100260.66,4.70,81.84,100268.85,6.74,71.07,-1519834.62,1.51
3:23,100266.01,5.84,83.47,100267.10,6.79,73.40,-1520128.62,1.50
3:24,100259.25,6.15,83.98,100268.16,6.94,73.94,-1520185.25,1.49
3:25,100262.28,6.27,84.30,100265.11,6.88,74.18,-1519382.87,1.49
3:26,100263.77,6.22,84.62,100262.59,6.89,74.36,-1520090.12,1.52
3:27,100262.10,6.21,84.84,100263.50,6.74,74.93,-1519737.25,1.53
3:28,100256.15,6.20,85.09,100264.51,6.75,75.10,-1520454.25,1.53
3:29,100263.96,6.21,85.30,100260.02,6.80,75.13,-1519787.75,1.48
3:30,100247.80,6.25,85.50,100260.94,6.80,74.97,-1519572.37,1.49
3:31,100258.87,6.30,85.61,100260.33,6.78,75.61,-1520291.75,1.48
3:32,100264.57,6.36,85.68,100264.82,6.91,75.53,-1521309.12,1.48
3:33,100242.14,6.43,85.64,100266.10,7.03,75.11,-1521349.75,1.51
3:34,100256.46,6.39,85.39,100265.91,6.88,75.05,-1520863.00,1.48
3:35,100255.00,9.79,68.92,100268.08,6.80,75.17,-1520696.75,5.16
3:36,100240.13,18.02,30.21,100270.17,7.25,71.20,-1521016.12,4.94
3:37,100229.19,18.82,25.13,100267.07,7.47,69.68,-1521754.00,4.72
3:38,100246.46,17.75,24.03,100266.28,7.60,68.06,-1521085.75,5.52
3:39,100242.81,17.14,24.12,100268.19,7.49,68.61,-1521911.62,5.44
3:40,100242.82,16.93,23.99,100271.63,7.53,67.68,-1522235.25,5.61
3:41,100243.40,16.91,23.92,100269.28,7.80,66.34,-1522194.75,5.30
3:42,100238.35,16.95,23.67,100273.97,8.03,64.90,-1521462.37,5.31
3:43,100243.21,16.95,23.66,100268.39,7.66,67.89,-1521922.75,5.44
3:44,100241.53,16.99,23.58,100267.90,7.65,67.50,-1521518.75,5.50
3:45,100247.93,17.02,23.40,100272.86,7.70,67.35,-1522050.50,4.97
3:46,100243.89,17.08,23.57,100270.64,7.65,67.33,-1521647.12,5.43
3:47,100246.71,17.15,23.56,100272.83,7.49,68.32,-1523090.87,4.95
3:48,100247.93,17.25,23.71,100267.91,7.32,69.46,-1522755.50,5.24
3:49,100254.71,17.38,24.14,100272.38,7.45,68.71,-1522396.37,4.18
3:50,100253.21,17.55,24.33,100274.75,7.51,69.48,-1522591.37,4.96
3:51,100257.00,17.72,24.42,100269.34,7.54,68.82,-1522670.75,5.13
3:52,100263.07,17.84,24.57,100279.36,7.69,67.97,-1522485.00,4.83
3:53,100260.36,17.89,25.03,100277.14,7.83,68.44,-1522581.25,5.08
3:54,100250.70,17.95,25.32,100276.36,7.49,70.49,-1522713.50,5.54
3:55,100251.53,17.97,25.88,100278.89,7.48,70.94,-1522620.87,5.10
3:56,100267.50,6.93,55.77,100277.60,7.52,69.39,-1522592.25,1.48
3:57,100270.89,3.43,71.69,100277.02,7.19,69.35,-1523612.00,1.48
3:58,100288.96,3.13,76.44,100279.85,7.00,70.06,-1524084.00,1.50
3:59,100275.19,4.74,81.71,100278.44,6.96,71.49,-1524696.87,1.51
4:0,100280.72,6.11,83.45,100278.47,7.13,73.39,-1524746.75,1.50
4:1,100276.92,6.43,84.06,100282.39,7.26,74.07,-1525518.12,1.53
4:2,100274.55,6.58,84.53,100281.69,7.31,74.61,-1525759.25,1.53
4:3,100266.62,6.61,84.83,100279.47,7.31,74.90,-1526100.12,1.52
4:4,100273.71,6.63,85.06,100281.42,7.25,75.01,-1526149.25,1.49
4:5,100270.77,6.54,85.16,100279.53,7.12,75.43,-1525678.12,1.51
4:6,100279.30,6.68,85.42,100281.07,7.33,74.79,-1526377.00,1.50
4:7,100279.77,6.75,85.68,100275.94,7.40,74.90,-1526302.25,1.52
4:8,100260.99,6.77,85.69,100280.42,7.38,74.58,-1526454.00,1.48
4:9,100269.17,6.79,85.78,100278.12,7.41,75.14,-1526430.37,1.52
4:10,100275.18,6.84,85.76,100276.37,7.47,75.10,-1526909.00,1.48
4:11,100271.47,6.89,85.68,100275.46,7.48,74.94,-1527075.75,1.49
4:12,100272.57,6.96,85.69,100276.69,7.52,75.07,-1527015.75,1.50
4:13,100250.50,17.90,32.52,100274.07,7.78,71.70,-1526784.25,5.30
4:14,100237.41,19.41,25.68,100274.62,8.05,69.28,-1526603.00,5.44
4:15,100242.44,18.58,23.81,100273.29,7.94,69.40,-1527286.50,5.46
4:16,100244.41,17.80,23.89,100275.46,7.94,68.26,-1526771.50,5.51
4:17,100254.50,17.42,23.94,100276.29,7.89,68.14,-1526829.87,4.59
4:18,100245.50,17.37,23.79,100271.27,7.91,68.43,-1527712.50,5.46
4:19,100245.38,17.39,23.69,100270.80,8.13,66.38,-1527732.12,4.61
4:20,100253.86,17.43,23.58,100272.64,8.17,66.56,-1527277.25,5.32
4:21,100244.38,17.47,23.39,100276.60,8.10,67.18,-1527946.62,5.49
4:22,100243.64,17.52,23.43,100277.19,7.97,67.73,-1527929.62,5.43
4:23,100250.95,17.57,23.37,100275.28,8.04,67.87,-1527725.25,5.44
4:24,100255.44,17.64,23.40,100280.46,8.00,67.67,-1527609.37,4.66
4:25,100253.66,17.69,23.82,100278.43,7.89,69.16,-1528123.75,4.94
4:26,100242.82,17.88,23.80,100274.55,8.05,67.50,-1528213.87,4.50
4:27,100256.07,17.96,24.74,100275.59,7.42,72.07,-1527739.87,4.72
4:28,100249.35,18.03,24.72,100274.64,7.50,71.36,-1528042.87,5.63
4:29,100259.64,18.18,24.52,100279.21,7.99,68.41,-1528170.87,4.71
4:30,100250.99,18.28,24.67,100278.11,8.31,66.81,-1528169.25,5.25
4:31,100248.04,18.39,25.11,100275.35,8.37,67.31,-1528645.12,5.42
4:32,100253.57,18.46,25.29,100279.65,8.26,67.46,-1528245.37,4.95
4:33,100262.64,8.01,52.75,100277.82,8.32,66.57,-1528409.75,1.51
4:34,100273.62,3.63,70.87,100277.49,7.76,68.31,-1528701.00,1.48
4:35,100276.30,3.29,76.23,100272.98,7.44,69.95,-1529389.00,1.49
4:36,100269.55,5.16,82.16,100274.57,7.39,71.80,-1530144.37,1.51
4:37,100271.37,6.56,83.76,100272.88,7.58,73.59,-1530957.12,1.51
4:38,100274.14,6.90,84.37,100275.18,7.72,74.39,-1531099.75,1.76
4:39,100261.53,7.02,84.77,100274.96,7.78,74.76,-1531164.25,1.52
4:40,100266.49,7.05,85.11,100275.42,7.69,75.72,-1531721.75,1.50
4:41,100272.79,7.06,85.31,100271.96,7.60,75.95,-1531513.25,1.51
4:42,100272.92,7.08,85.69,100276.12,7.65,76.63,-1531948.12,1.53
4:43,100269.64,7.16,86.03,100277.55,7.65,77.27,-1532153.75,1.55
4:44,100265.92,7.22,86.21,100275.96,7.65,77.50,-1532428.75,1.48
4:45,100263.52,7.23,86.32,100279.17,7.64,77.51,-1532621.75,1.48
4:46,100267.33,7.21,86.35,100276.38,7.60,77.41,-1532948.25,1.51
4:47,100263.42,7.22,86.32,100276.38,7.60,77.41,-1533129.37,1.49
4:48,100258.86,7.20,86.24,100274.35,7.61,77.24,-1533235.00,1.48
4:49,100263.26,7.19,86.22,100272.68,7.58,77.40,-1533691.25,1.48
4:50,100252.25,17.55,34.25,100277.67,7.86,74.16,-1533415.75,4.56
4:51,100252.87,19.79,26.63,100279.85,8.20,73.11,-1533297.12,5.61
4:52,100237.66,19.51,23.69,100275.36,8.15,71.98,-1533084.25,5.52
4:53,100240.57,18.50,23.88,100272.67,7.96,72.35,-1533921.75,4.50
4:54,100249.32,18.13,23.84,100278.60,8.02,70.65,-1533339.25,4.48
4:55,100236.39,18.08,23.64,100277.94,8.20,69.84,-1533677.25,5.42
4:56,100237.95,18.04,23.56,100275.74,8.07,70.76,-1533808.37,5.50
4:57,100245.31,18.02,23.47,100272.85,7.96,71.33,-1533814.75,5.29
4:58,100242.58,18.03,23.55,100273.61,7.84,71.97,-1534211.75,4.80
4:59,100236.92,18.07,23.36,100271.82,7.93,72.15,-1533823.37,4.69
5:0,100236.20,18.11,23.28,100271.78,7.84,72.02,-1534152.75,4.47
5:1,100245.46,18.13,23.19,100274.64,7.95,70.63,-1534316.12,5.32
5:2,100243.74,18.17,23.49,100269.30,7.83,72.59,-1534308.00,4.86
5:3,100240.32,18.20,23.89,100268.36,7.75,72.58,-1534796.50,5.09
5:4,100239.97,18.37,23.62,100268.30,7.75,71.59,-1534849.25,4.63
5:5,100238.47,18.45,24.06,100266.83,7.61,72.80,-1534934.25,5.35
5:6,100239.25,18.55,24.28,100269.10,7.47,73.25,-1534938.62,4.52
5:7,100249.63,18.58,25.13,100270.14,7.61,73.46,-1534780.00,5.30
5:8,100255.71,18.54,25.84,100275.77,7.60,74.05,-1534808.37,5.12
5:9,100252.85,18.50,26.31,100280.69,7.91,72.38,-1534919.75,5.57
5:10,100257.74,18.22,27.18,100284.60,7.93,73.22,-1534914.62,1.48
5:11,100265.94,6.37,58.96,100284.00,7.70,73.44,-1535282.25,1.48
5:12,100283.17,3.48,72.95,100286.02,7.19,74.02,-1535749.12,1.48
5:13,100287.96,3.25,77.71,100281.83,6.95,75.87,-1535847.75,1.48
5:14,100273.99,5.25,83.02,100278.00,7.00,76.64,-1537025.12,1.46
5:15,100262.80,6.52,84.47,100278.47,7.22,78.35,-1537497.87,1.48
5:16,100268.88,6.89,85.10,100276.20,7.36,78.78,-1537581.50,1.49
5:17,100267.44,6.97,85.58,100274.41,7.44,79.51,-1538103.12,1.48
5:18,100263.24,7.05,86.00,100269.49,7.42,80.42,-1538633.25,1.49
5:19,100265.47,7.08,86.29,100269.07,7.44,80.31,-1538349.87,1.48
5:20,100261.20,7.07,86.56,100272.80,7.34,81.11,-1538417.87,1.51
5:21,100254.20,7.13,86.86,100268.78,7.29,81.34,-1538482.00,1.51
5:22,100253.25,7.19,87.03,100271.24,7.28,81.74,-1539089.37,1.48
5:23,100265.86,6.98,87.00,100275.03,6.63,83.25,-1539183.75,1.49
5:24,100278.30,6.86,87.21,100277.17,6.45,83.55,-1539698.75,1.48
5:25,100271.86,6.85,87.19,100279.42,6.63,82.97,-1539399.25,1.49
5:26,100269.67,6.89,87.32,100278.50,6.78,82.99,-1539268.25,1.50
5:27,100264.71,8.63,91.99,100277.38,6.90,82.95,-1538901.75,4.99
5:28,100247.97,18.27,32.26,100276.99,7.35,79.96,-1540133.00,4.49
5:29,100257.11,19.89,26.15,100283.53,7.87,76.10,-1539155.87,4.60
5:30,100252.82,19.44,23.91,100288.95,8.09,73.96,-1539108.87,4.94
5:31,100259.80,18.56,24.09,100291.27,8.25,72.80,-1539060.75,4.54
5:32,100259.34,18.30,24.13,100289.36,8.19,73.31,-1539278.62,5.19
5:33,100258.22,18.23,23.94,100291.42,8.22,72.66,-1539878.75,5.43
5:34,100263.60,18.25,23.95,100286.03,8.07,74.75,-1540090.75,5.33
5:35,100267.63,18.28,23.71,100292.95,7.99,73.78,-1540266.50,4.54
5:36,100259.08,18.24,23.54,100291.17,8.24,70.93,-1540136.25,5.57
5:37,100257.24,18.24,23.51,100289.49,8.18,71.83,-1540676.75,4.52
5:38,100257.88,18.32,23.73,100292.92,7.90,74.90,-1541110.37,5.06
5:39,100259.28,18.34,23.62,100292.81,7.87,73.31,-1540901.50,4.94
5:40,100262.11,18.44,23.88,100286.80,7.84,74.43,-1541210.25,4.88
5:41,100261.36,18.59,24.15,100290.36,7.89,74.17,-1541003.75,4.62
5:42,100266.71,18.73,24.89,100289.78,7.74,75.66,-1541318.37,5.34
5:43,100262.89,18.84,25.08,100290.35,7.49,76.42,-1541290.62,4.87
5:44,100266.14,18.74,25.75,100294.41,7.32,77.45,-1541429.25,4.83
5:45,100280.66,18.72,26.02,100298.78,7.36,77.34,-1541683.50,5.52
5:46,100275.52,18.66,26.50,100294.18,7.21,77.87,-1541634.75,5.45
5:47,100271.21,17.79,28.02,100297.92,7.46,76.52,-1541846.75,1.51
5:48,100300.17,5.97,59.96,100299.66,7.40,74.36,-1541764.12,1.51
5:49,100297.78,3.42,72.87,100302.83,7.11,73.40,-1542305.25,1.52
5:50,100300.18,3.14,77.12,100304.29,6.94,74.42,-1542401.00,1.55
5:51,100295.27,4.79,82.21,100306.30,7.00,73.99,-1543284.25,1.52
5:52,100294.21,6.23,83.91,100302.86,7.19,75.29,-1543839.87,1.50
5:53,100297.23,6.55,84.45,100305.02,7.27,75.72,-1544325.87,1.52
5:54,100303.96,6.68,84.76,100306.32,7.29,74.56,-1544875.37,1.53
5:55,100285.88,6.60,84.62,100302.00,7.20,74.26,-1545062.62,1.52
5:56,100292.99,6.65,85.23,100302.38,7.30,75.84,-1545254.87,1.51
5:57,100294.53,6.71,85.49,100307.27,7.28,75.86,-1545647.37,1.53
5:58,100291.75,6.73,85.78,100300.52,7.21,76.54,-1545471.37,1.52
5:59,100294.71,6.78,86.00,100303.80,7.31,76.99,-1545624.37,1.53
6:0,100300.07,6.87,86.26,100299.19,7.37,77.08,-1546006.75,1.52
6:1,100298.27,6.87,86.45,100298.67,7.28,78.13,-1546518.37,1.50
6:2,100306.71,6.94,86.75,100305.03,7.25,79.42,-1546513.50,1.52
6:3,100297.42,6.99,86.85,100310.39,7.18,80.08,-1546826.50,1.53
6:4,100315.46,9.57,78.10,100315.80,7.03,81.27,-1546492.00,5.11
6:5,100292.03,18.42,31.40,100322.16,7.47,76.52,-1547266.62,5.61
6:6,100289.30,19.77,25.32,100315.75,7.46,72.61,-1547091.50,5.72
6:7,100291.54,18.64,24.00,100324.89,7.49,73.59,-1547009.00,5.03
6:8,100298.21,17.91,24.12,100320.90,7.81,72.16,-1546940.75,5.23
6:9,100297.24,17.71,24.35,100319.64,7.90,72.07,-1546980.87,4.72
6:10,100303.05,17.67,23.87,100323.03,7.77,70.67,-1547293.00,5.23
6:11,100298.33,17.63,24.10,100328.32,7.78,71.45,-1547444.87,4.67
6:12,100309.16,17.67,23.95,100326.08,7.58,72.69,-1547728.00,5.30
6:13,100313.22,17.70,24.12,100330.88,7.67,73.89,-1547425.00,5.43
6:14,100314.05,17.85,23.98,100330.96,7.72,72.40,-1547832.37,5.31
6:15,100315.88,17.98,23.96,100336.35,7.69,73.94,-1547865.25,4.69
6:16,100309.71,18.07,24.24,100330.96,7.58,75.23,-1547889.37,5.01
6:17,100308.88,18.23,24.51,100336.01,7.76,73.87,-1547889.25,4.59
6:18,100306.30,18.41,24.79,100337.33,7.65,75.81,-1548003.00,5.32
6:19,100313.25,18.56,25.07,100338.25,7.54,76.09,-1548070.75,5.08
6:20,100314.21,18.72,25.52,100338.93,7.58,76.16,-1547900.75,5.55
6:21,100315.05,18.75,26.04,100338.51,7.50,77.29,-1548591.75,5.68
6:22,100311.71,18.75,26.92,100332.81,7.47,78.06,-1548298.75,5.08
6:23,100315.42,18.74,27.01,100334.33,7.47,78.10,-1548346.25,5.65
6:24,100306.46,17.15,30.34,100329.53,7.46,78.51,-1548442.25,1.47
6:25,100319.24,5.50,62.09,100329.59,7.40,77.36,-1548789.37,1.51
6:26,100326.66,3.38,74.23,100329.07,7.21,77.22,-1548891.37,1.48
6:27,100336.04,3.44,78.89,100330.45,6.98,77.71,-1549882.12,1.52
6:28,100331.47,5.84,84.20,100330.49,6.93,81.09,-1550396.75,1.49
6:29,100332.83,6.67,84.89,100330.32,7.08,80.28,-1550577.25,1.49
6:30,100328.48,6.90,85.46,100329.28,7.28,80.18,-1551355.50,1.49
6:31,100322.32,6.98,85.79,100325.49,7.29,80.16,-1551115.12,1.51
6:32,100333.85,7.00,86.13,100328.64,7.33,80.54,-1551519.75,1.48
6:33,100328.27,7.05,86.49,100333.39,7.31,81.13,-1551892.62,1.50
6:34,100333.69,7.07,86.75,100340.22,7.19,81.70,-1551962.75,1.49
6:35,100335.63,7.14,87.15,100345.40,7.12,82.82,-1552050.25,1.49
6:36,100331.96,7.18,87.40,100344.19,7.03,83.52,-1552229.87,1.50
6:37,100339.09,7.19,87.45,100347.24,7.17,82.97,-1552503.62,1.53
6:38,100342.11,7.22,87.57,100348.40,7.28,82.41,-1552796.75,1.51
6:39,100332.19,7.22,87.66,100344.81,7.32,82.43,-1553094.25,1.49
6:40,100338.42,7.21,87.76,100351.44,7.26,82.79,-1553179.12,1.52
6:41,100323.45,10.62,72.58,100348.70,7.31,82.65,-1553524.25,5.26
6:42,100315.16,18.74,31.47,100344.74,7.74,79.20,-1554373.87,5.08
6:43,100321.02,20.28,26.06,100345.12,7.72,79.21,-1554143.37,4.74
6:44,100316.79,19.78,23.81,100342.54,7.99,75.65,-1554289.12,4.80
6:45,100314.20,18.84,23.82,100344.83,8.02,74.92,-1554107.75,5.48
6:46,100318.85,18.48,23.99,100344.07,8.02,75.21,-1553937.75,4.61
6:47,100318.02,18.41,23.79,100343.05,8.01,74.21,-1553850.50,5.51
6:48,100313.83,18.36,23.79,100342.52,7.93,75.10,-1553955.37,4.75
6:49,100316.60,18.37,23.64,100342.11,7.90,76.02,-1554226.25,5.32
6:50,100318.38,18.43,23.74,100344.79,8.05,75.49,-1554250.62,5.56
6:51,100306.89,18.51,23.78,100344.49,8.04,75.68,-1554450.50,5.43
6:52,100312.99,18.63,23.74,100344.69,8.05,76.13,-1555011.75,5.48
6:53,100317.24,18.75,23.78,100343.08,8.12,75.21,-1555085.50,4.96
6:54,100314.17,18.83,24.08,100347.60,7.97,77.01,-1554837.00,5.12
6:55,100316.00,19.02,24.40,100348.57,8.13,76.23,-1554979.00,4.70
6:56,100318.78,19.22,24.78,100348.62,8.15,76.87,-1555079.62,4.52
6:57,100319.10,19.31,25.66,100347.10,7.83,79.21,-1555290.25,4.90
6:58,100314.53,19.36,25.77,100346.51,7.95,77.71,-1555364.62,4.94
6:59,100320.82,19.34,26.10,100349.30,8.19,76.59,-1555463.62,4.58
7:0,100316.21,19.07,26.66,100349.17,7.99,75.37,-1556128.50,5.03
7:1,100321.22,19.00,27.15,100349.07,8.01,76.22,-1555573.50,4.66
7:2,100339.51,7.91,55.41,100347.53,8.13,75.38,-1555394.37,1.49
7:3,100354.07,3.71,72.23,100352.92,7.78,74.38,-1555392.50,1.50
7:4,100347.99,3.35,77.11,100355.43,7.62,74.26,-1556097.62,1.49
7:5,100352.60,5.52,83.37,100356.60,7.59,77.56,-1557110.25,1.50
7:6,100342.46,7.04,84.91,100362.02,7.73,79.48,-1557694.87,1.48
7:7,100352.92,7.38,85.44,100357.69,7.87,79.69,-1558035.25,1.50
7:8,100351.77,7.46,85.58,100357.13,7.81,78.72,-1558161.00,1.48
7:9,100356.34,7.43,85.85,100363.22,7.86,79.11,-1558792.37,1.48
7:10,100353.35,7.50,86.15,100362.24,7.91,79.49,-1558924.87,1.55
7:11,100348.78,7.56,86.42,100364.00,7.91,79.24,-1558861.62,1.48
7:12,100350.05,7.63,86.64,100366.30,7.94,78.47,-1559311.62,1.48
7:13,100355.60,7.64,86.70,100367.17,8.01,78.59,-1559711.75,1.52
7:14,100356.22,7.65,86.77,100366.22,8.04,78.50,-1559922.62,1.52
7:15,100354.71,7.69,86.88,100367.67,8.05,77.93,-1559876.75,1.53
7:16,100357.71,7.60,86.64,100368.94,7.94,77.73,-1560267.87,1.49
7:17,100358.30,7.62,86.89,100367.79,8.07,78.19,-1560552.25,1.52
7:18,100363.88,7.70,86.96,100367.33,8.08,77.98,-1560819.25,1.50
7:19,100341.47,17.32,34.56,100367.92,8.21,76.03,-1561037.25,5.68
7:20,100333.37,20.39,27.26,100367.80,8.49,74.50,-1561258.37,5.30
7:21,100333.38,20.75,24.11,100373.53,8.64,73.81,-1561202.87,4.81
7:22,100329.50,19.76,23.52,100367.75,9.05,70.96,-1560943.00,5.07
7:23,100334.46,19.33,23.80,100369.07,9.14,71.56,-1561298.25,5.51
7:24,100340.07,19.27,23.68,100366.82,9.20,70.72,-1561431.50,4.67
7:25,100342.78,19.27,23.57,100368.60,9.21,71.24,-1561699.25,5.04
7:26,100341.40,19.33,23.39,100370.96,9.32,70.59,-1562277.25,5.33
7:27,100335.47,19.44,23.32,100370.05,9.23,70.41,-1562117.00,5.52
7:28,100350.60,19.42,23.30,100370.61,9.16,70.91,-1562110.12,4.77
7:29,100345.05,19.45,23.13,100372.80,9.33,70.32,-1562270.75,4.67
7:30,100345.25,19.65,23.16,100378.55,9.48,71.11,-1562355.87,4.82
7:31,100347.78,19.67,23.08,100376.80,9.13,70.69,-1562479.25,5.02
7:32,100346.11,19.70,23.39,100370.32,9.15,70.89,-1562639.25,5.54
7:33,100347.65,19.82,23.52,100371.89,9.17,70.88,-1562724.25,4.82
7:34,100340.34,20.07,23.60,100377.63,9.52,69.79,-1563013.25,4.76
7:35,100346.11,20.22,24.37,100373.57,9.23,72.62,-1563114.12,5.14
7:36,100346.71,20.30,24.21,100378.07,9.19,70.80,-1562871.62,5.19
7:37,100341.59,20.26,24.26,100370.58,9.01,71.04,-1563335.50,5.15
7:38,100343.86,20.18,25.12,100371.98,9.14,71.13,-1563394.12,5.54
7:39,100344.96,20.12,25.33,100369.91,9.14,70.36,-1563785.75,5.49
7:40,100340.49,20.13,26.03,100369.23,9.28,71.28,-1563895.25,4.76
7:41,100346.73,15.90,35.19,100372.03,9.04,73.39,-1563393.37,1.48
7:42,100357.55,5.48,62.47,100374.91,8.65,72.02,-1563451.00,1.50
7:43,100362.69,3.69,73.09,100368.44,8.33,71.52,-1563495.75,1.55
7:44,100360.58,4.19,79.01,100371.94,8.19,73.67,-1564236.12,1.51
7:45,100369.91,6.85,83.63,100372.55,8.27,75.10,-1565063.37,1.52
7:46,100355.48,7.55,84.33,100368.41,8.37,75.20,-1565518.75,1.51
7:47,100350.77,7.71,84.67,100366.55,8.43,75.22,-1565851.25,1.49
7:48,100354.60,7.77,85.10,100371.00,8.44,76.68,-1565979.75,1.48
7:49,100358.36,7.85,85.42,100370.92,8.50,76.90,-1566654.50,1.51
7:50,100366.16,7.88,85.76,100369.22,8.47,77.69,-1567016.75,1.50
7:51,100359.00,8.00,86.01,100372.02,8.50,77.22,-1567339.75,1.75
7:52,100360.97,7.96,86.09,100375.61,8.48,77.10,-1567639.50,1.51
7:53,100367.31,8.03,86.42,100378.42,8.49,78.03,-1568313.37,1.48
7:54,100363.90,8.21,86.79,100374.33,8.65,78.34,-1568890.75,1.51
7:55,100367.83,8.27,86.88,100378.57,8.67,78.71,-1568728.75,1.52
7:56,100373.52,8.19,86.65,100377.24,8.59,77.84,-1569026.25,1.59
7:57,100368.63,8.01,86.21,100373.96,8.45,76.91,-1568920.50,1.57
7:58,100356.94,14.32,45.37,100375.29,8.36,75.99,-1569575.00,5.48
7:59,100345.52,19.43,29.95,100379.81,8.78,73.14,-1570272.00,4.92
8:0,100336.24,21.16,25.23,100372.58,9.29,71.06,-1569707.75,4.79
8:1,100335.45,20.77,23.24,100373.18,9.37,70.44,-1569697.00,5.83
8:2,100342.45,19.93,23.18,100372.53,9.62,67.91,-1569521.25,4.67
8:3,100349.49,19.55,23.10,100371.14,9.55,66.87,-1569686.25,5.12
8:4,100358.49,19.42,23.02,100374.99,9.55,67.41,-1569936.50,4.00
8:5,100341.22,19.42,22.84,100372.97,9.51,66.26,-1570087.12,5.25
8:6,100353.19,19.38,22.85,100374.39,9.56,66.61,-1570214.25,4.43
8:7,100338.97,19.39,22.65,100374.17,9.52,67.17,-1570832.75,5.60
8:8,100329.15,19.53,22.68,100369.92,9.63,66.31,-1570497.25,6.77
8:9,100337.30,19.73,22.94,100369.82,9.59,68.85,-1571168.37,3.93
8:10,100334.96,19.77,22.26,100370.72,9.49,67.71,-1571106.25,5.25
8:11,100337.05,19.73,22.25,100367.73,9.46,66.51,-1570604.87,4.73
8:12,100335.47,19.77,22.49,100368.24,9.49,68.46,-1570957.12,5.33
8:13,100342.69,19.89,22.32,100372.86,9.59,67.82,-1570918.25,4.86
8:14,100336.17,20.08,22.42,100368.94,9.82,66.82,-1571233.00,4.72
8:15,100343.00,20.26,22.47,100370.32,9.89,66.57,-1571245.75,5.30
8:16,100339.65,20.34,22.52,100364.96,9.89,65.33,-1571561.37,5.03
8:17,100341.47,20.40,23.08,100370.82,9.73,66.40,-1571670.25,4.69
8:18,100347.08,20.40,23.25,100368.80,9.48,67.33,-1571494.62,5.37
8:19,100341.51,20.18,23.69,100374.44,9.04,68.22,-1571500.00,4.82
8:20,100347.94,20.28,23.90,100373.74,9.49,68.11,-1572167.12,5.65
8:21,100349.12,20.37,24.33,100369.39,9.73,67.29,-1572187.25,5.16
8:22,100345.10,20.52,24.86,100370.02,9.91,67.99,-1572363.37,4.72
8:23,100351.05,20.60,24.72,100369.95,10.10,65.85,-1572301.37,5.81
8:24,100363.36,11.89,45.76,100375.25,9.95,67.38,-1572327.00,1.48
8:25,100366.74,4.73,66.70,100381.00,9.43,69.46,-1572372.50,1.52
8:26,100376.85,3.74,74.17,100377.31,9.02,69.56,-1572572.87,1.50
8:27,100379.63,5.56,81.16,100383.99,8.89,70.06,-1573181.75,1.52
8:28,100371.26,7.53,83.27,100382.25,8.94,71.07,-1574094.87,1.48
8:29,100377.88,7.97,83.76,100384.96,9.01,72.07,-1574385.62,1.49
8:30,100378.28,8.09,84.11,100382.01,9.06,72.24,-1575036.87,1.71
8:31,100379.91,8.13,84.36,100387.80,9.06,72.95,-1575022.87,1.49
8:32,100376.92,8.11,84.31,100386.30,9.08,71.43,-1575465.75,1.52
8:33,100386.39,8.18,84.85,100389.43,9.11,72.92,-1575714.75,1.52
8:34,100389.21,8.31,85.03,100391.73,9.09,72.68,-1576056.50,1.48
8:35,100370.66,8.36,85.11,100391.41,9.12,73.20,-1576417.00,1.48
8:36,100372.12,8.57,85.49,100389.30,9.26,73.91,-1576556.50,1.49
8:37,100369.61,8.65,85.50,100389.69,9.30,73.37,-1576810.87,1.51
8:38,100372.92,8.67,85.21,100387.12,9.31,73.22,-1577059.50,1.52
8:39,100365.32,8.75,85.32,100391.30,9.39,74.56,-1577311.87,1.52
8:40,100386.88,8.71,84.92,100388.27,9.27,72.74,-1577366.87,1.48
8:41,100361.02,17.12,32.65,100390.12,9.36,69.26,-1578096.25,5.56
8:42,100356.80,20.66,27.17,100390.76,9.38,69.98,-1578174.00,5.78
8:43,100359.55,21.47,24.32,100393.05,9.69,69.57,-1578471.75,4.92
8:44,100357.07,20.88,22.80,100393.71,9.77,66.68,-1577918.25,5.16
8:45,100348.24,20.08,22.90,100387.80,9.87,66.51,-1578505.50,4.85
8:46,100372.35,19.95,22.90,100389.57,10.21,65.62,-1578310.50,5.21
8:47,100363.57,19.85,22.82,100388.49,9.97,64.80,-1578443.62,5.21
8:48,100363.21,19.91,22.83,100391.89,10.08,65.84,-1578462.75,4.93
8:49,100361.56,20.04,22.42,100389.00,10.43,63.87,-1578524.37,4.91
8:50,100362.31,20.30,22.27,100393.79,10.46,64.32,-1578744.25,4.78
8:51,100370.53,20.04,22.10,100394.61,9.92,66.01,-1578394.00,4.61
8:52,100365.91,20.11,22.02,100394.19,10.20,64.51,-1578247.12,5.32
8:53,100356.44,20.07,21.64,100390.69,10.09,63.66,-1578381.00,5.42
8:54,100360.38,20.14,21.82,100392.89,10.44,62.85,-1578816.25,4.66
8:55,100361.99,20.20,22.45,100392.82,10.42,64.86,-1579131.87,4.74
8:56,100367.46,20.47,22.03,100394.10,10.36,64.16,-1579136.25,5.67
8:57,100375.67,20.66,22.06,100397.67,10.37,64.53,-1579377.75,5.68
8:58,100387.55,10.88,42.13,100403.21,10.31,64.59,-1579199.62,1.52
8:59,100387.78,7.26,60.22,100402.91,9.89,66.54,-1579178.37,1.17
9:0,100393.32,9.08,65.74,100408.03,9.87,66.53,-1579656.75,1.15
9:1,100398.42,16.51,32.59,100416.28,9.59,66.28,-1579975.75,5.42
9:2,100390.94,19.80,24.96,100408.17,9.54,65.21,-1580413.00,5.43
9:3,100378.88,20.92,22.67,100417.07,9.69,65.43,-1580337.75,4.92
9:4,100377.82,20.38,22.18,100411.01,9.98,65.74,-1580548.75,5.50
9:5,100380.69,19.72,21.81,100417.08,9.57,63.84,-1580575.75,5.27
9:6,100387.66,19.44,22.21,100416.71,9.74,64.41,-1581057.62,5.06
9:7,100377.53,19.51,22.11,100418.14,9.98,63.42,-1581467.37,5.25
9:8,100381.75,19.49,22.01,100417.61,9.88,63.92,-1580722.37,4.66
9:9,100388.15,19.49,22.01,100413.71,10.11,62.64,-1581433.87,4.57
9:10,100385.74,19.50,22.16,100416.87,10.16,62.74,-1581731.25,4.55
9:11,100385.92,19.61,22.00,100417.97,9.95,63.11,-1581801.00,5.32
9:12,100386.47,19.68,21.97,100418.50,10.06,63.84,-1581502.12,5.59
9:13,100379.88,19.70,22.12,100416.94,9.87,64.19,-1581636.37,4.81
9:14,100384.94,19.86,21.97,100419.69,10.02,64.62,-1581876.87,4.55
9:15,100387.61,20.03,21.96,100420.34,10.06,63.66,-1581868.62,5.10
9:16,100389.30,20.03,22.23,100422.46,9.93,64.43,-1582241.25,5.32
9:17,100387.07,20.16,22.06,100418.12,10.03,64.15,-1581766.12,7.11
9:18,100385.35,20.32,22.16,100425.64,10.09,63.81,-1582431.25,5.00
9:19,100392.53,20.50,22.05,100425.50,9.92,62.88,-1582212.12,4.84
9:20,100393.91,20.45,22.51,100427.52,10.10,62.32,-1582256.87,4.94
9:21,100399.85,20.36,22.97,100431.78,9.86,63.31,-1582444.25,4.94
9:22,100400.61,20.25,23.74,100433.25,9.81,65.64,-1582144.62,4.67
9:23,100389.39,20.14,24.08,100429.85,9.76,64.47,-1582138.50,4.03
9:24,100406.75,20.26,24.50,100430.61,10.14,64.59,-1582142.75,4.90
9:25,100411.46,20.09,24.71,100430.35,9.56,64.70,-1582560.25,4.87
9:26,100404.89,14.30,37.27,100429.60,9.72,65.39,-1582661.25,0.75
9:27,100421.58,5.74,61.79,100432.35,9.63,65.02,-1582405.75,0.77
9:28,100425.92,4.09,71.06,100435.77,9.57,64.74,-1582413.25,0.75
9:29,100430.33,3.88,75.79,100433.97,9.53,64.76,-1582975.12,1.48
9:30,100421.71,6.17,81.64,100432.05,9.55,66.13,-1584062.75,1.49
9:31,100422.80,7.81,83.32,100438.52,9.84,67.94,-1584794.12,1.48
9:32,100431.10,8.35,83.47,100436.32,10.07,66.93,-1585418.62,0.78
9:33,100423.14,8.44,83.77,100436.30,10.12,68.35,-1586159.50,2.14
9:34,100432.64,8.34,83.46,100438.69,9.90,66.12,-1586565.62,2.15
9:35,100426.62,8.35,84.07,100441.35,9.93,69.06,-1587324.37,2.11
9:36,100426.42,8.36,83.75,100438.66,9.89,67.32,-1587312.25,1.38
9:37,100438.02,8.32,83.53,100444.42,9.80,66.10,-1587795.75,1.37
9:38,100425.27,8.34,83.94,100445.03,9.80,67.83,-1588375.00,0.77
9:39,100425.24,8.64,84.37,100445.14,9.97,68.33,-1588982.00,0.81
9:40,100431.11,8.70,83.76,100444.89,9.88,66.92,-1589180.25,0.76
9:41,100423.71,8.58,83.30,100443.37,9.75,66.64,-1589795.12,0.76
9:42,100417.00,8.56,82.96,100446.80,9.68,68.56,-1590138.62,0.75
9:43,100412.92,16.04,36.76,100447.46,9.65,65.76,-1590914.75,4.47
9:44,100415.46,19.86,28.47,100450.79,9.48,67.27,-1590978.12,4.73
9:45,100419.75,21.34,24.79,100457.64,9.52,67.81,-1591252.62,4.77
9:46,100415.14,20.38,23.14,100454.08,9.30,68.63,-1591648.50,4.38
9:47,100425.50,19.82,23.48,100459.05,9.67,68.72,-1591848.12,4.60
9:48,100420.75,19.63,23.27,100463.47,9.27,68.68,-1591600.75,4.14
9:49,100430.59,19.53,23.31,100466.69,9.07,71.21,-1591828.87,4.82
9:50,100423.13,19.55,23.36,100470.92,9.44,70.25,-1592083.25,5.42
9:51,100425.75,19.79,23.30,100469.24,9.70,69.15,-1592536.62,4.90
9:52,100421.00,19.97,23.00,100460.91,9.62,70.75,-1592978.50,4.85
9:53,100422.22,19.82,22.61,100462.47,8.87,70.77,-1591741.75,4.52
9:54,100420.69,19.52,22.77,100459.51,8.94,71.22,-1593329.37,4.28
9:55,100433.92,19.70,22.70,100467.11,9.37,70.36,-1593505.75,4.86
9:56,100424.00,19.96,23.02,100464.22,9.63,69.82,-1593830.87,5.48
9:57,100434.00,20.15,22.99,100464.32,9.22,72.07,-1593640.25,5.48
9:58,100432.97,20.17,23.40,100461.82,8.80,73.11,-1594031.87,4.95
9:59,100437.89,19.88,23.60,100476.92,8.63,73.60,-1594223.12,4.62
10:0,100434.00,20.04,24.60,100468.23,8.97,75.00,-1594237.75,4.91
10:1,100435.82,20.02,24.41,100465.32,8.65,74.30,-1594367.25,5.85
10:2,100432.97,19.93,24.84,100461.36,8.58,73.27,-1594384.25,5.85
10:3,100443.60,19.99,25.69,100464.97,8.90,74.18,-1594625.75,4.17
10:4,100447.34,20.12,25.43,100474.50,9.05,72.64,-1594478.75,4.85
10:5,100434.85,19.80,25.04,100467.53,8.54,70.32,-1594156.25,4.78
10:6,100442.37,19.45,26.80,100467.61,8.68,72.57,-1594556.25,5.83
10:7,100448.20,8.09,54.62,100469.45,8.76,72.73,-1594375.50,0.77
10:8,100462.41,3.90,70.80,100471.02,8.72,69.74,-1594531.25,1.53
10:9,100464.02,3.59,75.91,100472.02,8.60,69.41,-1594739.75,1.52
10:10,100469.17,5.99,82.28,100469.76,8.50,69.04,-1595127.25,1.48
10:11,100458.69,7.16,83.54,100474.63,8.48,71.52,-1595907.25,0.79
10:12,100451.99,7.50,83.80,100472.95,8.67,71.60,-1597062.75,1.50
10:13,100456.90,7.76,84.29,100468.50,8.88,71.35,-1597012.12,0.77
10:14,100446.47,7.96,84.85,100474.64,9.00,72.88,-1597194.62,1.52
10:15,100455.57,7.98,84.92,100470.07,9.00,71.84,-1597187.25,0.79
10:16,100459.99,7.93,84.94,100470.05,9.04,72.18,-1597356.75,1.49
10:17,100464.09,8.08,85.21,100471.94,9.01,71.37,-1596594.87,0.79
10:18,100452.36,7.80,84.60,100469.61,8.81,70.86,-1597119.12,1.52
10:19,100449.85,7.97,85.08,100468.91,9.08,72.45,-1597432.25,1.48
10:20,100445.72,8.32,85.47,100473.55,9.34,73.18,-1597734.87,1.19
10:21,100454.47,8.44,85.15,100469.33,9.39,72.31,-1592491.12,0.83
10:22,100451.03,8.50,84.97,100472.52,9.47,71.58,-1592871.75,1.48
10:23,100461.97,8.56,85.05,100477.06,9.45,70.80,-1595431.37,4.56
10:24,100440.10,18.37,31.58,100469.54,9.18,66.00,-1596119.75,4.76
10:25,100441.06,20.83,25.80,100476.55,9.32,68.62,-1596078.00,5.70
10:26,100432.92,20.59,23.12,100477.57,9.82,65.80,-1597311.75,5.66
10:27,100443.97,19.54,23.10,100473.25,9.77,63.10,-1599268.00,4.81
10:28,100435.17,19.32,23.51,100471.09,10.13,62.82,-1598517.00,4.99
10:29,100432.64,19.50,23.43,100470.96,10.27,63.54,-1592147.25,4.58
10:30,100448.92,19.58,23.43,100471.79,10.29,66.58,-1599031.50,5.52
10:31,100431.01,19.87,22.82,100474.87,10.50,62.42,-1599336.87,4.16
10:32,100442.08,19.81,22.33,100471.95,10.43,60.98,-1097848.12,4.54
10:33,100441.42,19.95,23.00,100471.36,10.82,62.80,-1060295.25,4.88
10:34,100435.07,20.06,22.02,100471.19,10.62,60.76,-1239492.50,4.58
10:35,100445.72,19.93,21.73,100471.72,10.56,58.76,-1259963.87,5.49
10:36,100439.38,19.87,21.78,100469.97,10.43,59.79,-1247316.25,4.48
10:37,100449.64,19.93,21.83,100472.92,10.48,58.84,-1237891.25,5.29
10:38,100447.89,20.02,21.90,100476.62,10.54,61.55,-1256220.87,4.85
10:39,100440.03,20.36,22.00,100475.02,10.80,61.03,-1567443.50,3.86
10:40,100441.39,20.51,21.76,100475.99,10.66,60.67,-1597691.25,4.53
10:41,100445.85,20.63,21.63,100473.14,10.68,60.96,-1597983.25,3.88
10:42,100454.14,20.70,21.49,100477.23,10.64,60.17,-1598087.75,5.85
10:43,100446.99,20.89,22.11,100477.90,10.70,62.44,-1598364.25,5.39
10:44,100464.47,9.73,45.01,100480.38,10.57,60.43,-1598158.25,0.77
10:45,100467.35,7.93,61.38,100479.50,10.43,61.14,-1598527.62,1.14
10:46,100465.50,9.85,61.86,100480.78,10.59,64.29,-1598728.75,1.14
10:47,100456.91,17.31,28.72,100480.74,10.44,62.11,-1601763.87,4.83
10:48,100460.61,19.85,24.71,100478.80,10.56,61.65,-1602514.62,4.96
10:49,100450.61,21.21,22.37,100473.67,10.68,59.60,-1601717.25,3.97
10:50,100444.23,20.77,22.03,100472.26,10.90,61.86,-1602303.37,4.59
10:51,100439.45,20.70,22.22,100476.05,10.91,62.49,-1602576.37,4.60
10:52,100444.05,20.47,22.10,100477.13,10.88,62.80,-1602222.75,4.21
10:53,100445.72,20.07,21.60,100476.64,10.38,60.19,-1601130.75,4.34
10:54,100449.27,19.83,21.79,100497.42,10.11,61.69,-1601591.87,4.16
10:55,100454.18,19.66,21.56,100479.17,9.92,61.82,-1601922.50,4.09
10:56,100455.52,19.68,22.06,100483.71,10.37,61.86,-1602563.12,5.61
10:57,100453.01,20.00,21.93,100482.44,10.45,61.72,-1603329.50,4.32
10:58,100468.02,20.20,21.85,100487.39,10.62,62.59,-1603025.12,4.34
10:59,100460.42,20.30,21.97,100490.03,10.57,62.03,-1602816.25,5.72
11:0,100459.85,20.34,21.25,100494.17,10.39,60.21,-1602461.25,5.46
11:1,100465.28,20.22,21.02,100492.82,10.33,58.26,-1602514.12,4.11
11:2,100463.98,19.99,21.53,100498.85,10.45,60.14,-1603315.75,4.85
11:3,100463.28,20.12,21.44,100495.92,10.41,59.00,-1603237.00,4.10
11:4,100467.19,20.17,21.36,100494.58,10.45,57.25,-1603583.87,3.94
11:5,100465.19,20.25,21.36,100495.24,10.40,57.30,-1603264.50,5.53
11:6,100474.61,20.27,21.53,100492.32,10.52,57.28,-1603500.12,3.86
11:7,100466.03,20.47,22.07,100495.95,10.63,58.18,-1604035.12,3.97
11:8,100464.71,20.49,22.30,100488.08,10.50,58.86,-1603369.00,5.07
11:9,100463.64,20.46,22.55,100488.80,10.55,58.46,-1603753.25,4.78
11:10,100466.53,20.39,22.19,100491.85,10.52,56.73,-1603921.75,3.97
11:11,100463.17,20.35,22.62,100489.66,10.51,58.48,-1604180.37,5.11
11:12,100467.84,20.52,22.60,100491.75,10.86,57.65,-1604237.50,5.14
11:13,100469.92,12.78,41.36,100489.97,10.93,58.81,-1604552.62,1.48
11:14,100482.28,5.42,62.15,100490.32,10.70,58.23,-1603878.87,0.90
11:15,100486.96,4.30,69.89,100494.14,10.47,60.15,-1604231.62,0.77
11:16,100486.32,4.25,73.86,100494.05,10.16,56.06,-1604335.75,1.49
11:17,100481.50,6.49,79.61,100492.52,10.07,58.61,-1605428.25,0.77
11:18,100484.32,7.74,80.68,100498.67,10.26,58.00,-1606619.75,1.48
11:19,100485.67,7.96,80.76,100495.15,10.26,58.75,-1607196.87,1.44
11:20,100488.99,8.15,80.84,100499.61,10.30,58.64,-1607812.75,1.49
11:21,100476.46,8.08,81.11,100494.22,10.29,58.92,-1608802.12,1.48
11:22,100474.45,8.11,80.48,100495.14,10.25,57.69,-1609037.00,1.48
11:23,100485.98,8.57,81.47,100494.20,10.57,61.02,-1609740.25,1.53
11:24,100485.99,8.52,79.99,100497.88,10.49,59.50,-1610148.00,0.81
11:25,100473.61,8.73,80.38,100495.85,10.71,58.65,-1610399.50,0.79
11:26,100486.75,8.75,79.32,100499.13,10.66,57.82,-1610790.25,1.48
11:27,100487.32,8.72,79.26,100496.53,10.55,59.91,-1611143.00,0.78
11:28,100488.14,9.04,79.24,100500.03,10.67,57.34,-1611867.62,1.48
11:29,100497.49,8.75,76.89,100501.83,10.49,57.35,-1611546.37,1.48
11:30,100477.96,17.22,32.10,100499.30,10.69,56.20,-1612340.50,4.62
11:31,100468.65,20.73,26.17,100494.50,11.24,55.39,-1612878.00,4.83
11:32,100459.10,21.63,22.93,100497.64,11.50,54.14,-1612776.25,4.00
11:33,100483.99,9.25,47.59,100494.79,11.13,55.62,-1611902.75,0.78
11:34,100485.67,7.92,63.72,100497.39,11.03,55.82,-1612682.25,0.47
11:35,100486.19,10.04,60.37,100501.25,11.22,55.98,-1613232.62,0.59
11:36,100472.19,17.39,32.56,100498.46,11.29,54.36,-1613718.62,5.41
11:37,100480.33,21.14,24.77,100501.44,11.33,54.25,-1613482.25,3.93
11:38,100478.10,21.46,21.90,100498.16,11.31,55.85,-1612705.37,5.50
11:39,100470.24,20.44,21.64,100502.23,11.23,53.68,-1609875.00,4.27
11:40,100462.92,20.25,22.26,100501.58,11.77,53.88,-1610215.62,4.72
11:41,100475.12,7.90,51.60,100499.00,11.83,53.35,-1612489.12,1.48
11:42,100485.42,8.58,64.19,100496.55,11.54,55.34,-1613081.62,0.45
11:43,100487.00,10.52,57.46,100496.46,11.42,55.53,-1613294.75,1.18
11:44,100466.10,18.29,31.25,100501.91,11.32,55.57,-1613813.12,5.27
11:45,100460.07,21.62,23.96,100500.19,11.71,55.23,-1614410.62,5.76
11:46,100476.07,7.26,62.23,100489.88,11.52,54.67,-1613130.87,1.48
11:47,100479.20,9.48,65.01,100494.39,11.76,57.53,-1614124.12,1.18
11:48,100477.67,11.04,58.11,100488.78,11.86,55.30,-1614010.75,1.16
11:49,100460.09,19.81,27.46,100491.67,11.55,54.82,-1614289.25,5.16
11:50,100458.14,22.28,23.51,100494.47,11.74,54.83,-1614293.62,5.03
11:51,100473.64,22.40,21.57,100502.60,11.39,55.37,-1613824.75,4.74
11:52,100467.26,21.46,20.94,100498.82,11.71,53.83,-1614729.62,5.19
11:53,100458.80,20.57,21.26,100500.35,11.52,54.38,-1614510.25,5.30
11:54,100470.88,20.50,21.56,100498.33,11.55,55.65,-1614180.75,5.19
11:55,100469.97,17.88,27.54,100495.19,11.50,54.45,-1614816.75,1.48
11:56,100489.67,6.42,60.26,100500.36,11.18,56.58,-1614013.25,1.18
11:57,100482.82,9.08,62.92,100491.90,11.33,57.39,-1615104.50,1.16
11:58,100472.46,11.56,49.25,100496.64,11.08,57.61,-1614974.87,4.78
11:59,100465.89,19.95,25.89,100494.58,11.22,56.43,-1615689.50,5.25
12:0,100464.24,21.40,22.98,100494.36,11.27,57.37,-1616080.62,5.35
12:1,100461.92,21.71,21.51,100497.24,11.62,55.85,-1615381.25,4.07
12:2,100468.31,20.89,21.02,100495.63,11.34,56.21,-1615092.50,4.56
12:3,100470.56,20.43,21.13,100500.70,11.33,54.93,-1615298.50,5.60
12:4,100459.47,20.07,21.14,100499.89,11.09,55.02,-1615664.37,4.94
12:5,100471.71,20.09,21.38,100505.50,11.50,55.42,-1616166.25,5.44
12:6,100473.94,20.31,21.47,100504.67,11.66,55.67,-1615764.75,5.25
12:7,100473.24,20.32,21.29,100511.27,11.54,55.15,-1615010.12,4.60
12:8,100487.50,20.08,20.73,100516.16,11.27,52.61,-1614644.25,5.26
12:9,100479.50,19.90,20.97,100511.47,11.38,53.93,-1615702.00,3.83
12:10,100467.30,20.12,20.97,100506.19,11.66,52.56,-1615865.62,4.85
12:11,100508.69,7.37,51.50,100513.25,11.76,53.70,-1615897.25,1.50
12:12,100495.77,7.89,58.37,100504.99,11.74,54.73,-1616060.87,1.13
12:13,100493.06,10.08,58.14,100508.72,11.81,55.36,-1616128.62,1.21
12:14,100481.98,18.04,28.44,100506.06,11.66,52.74,-1616394.12,4.46
12:15,100478.50,20.64,23.49,100510.01,11.94,52.40,-1617144.87,4.52
12:16,100498.00,9.52,45.81,100516.67,11.85,51.98,-1612745.75,1.47
12:17,100507.84,7.76,58.85,100521.02,11.49,52.27,-1612774.12,1.17
12:18,100500.89,10.18,55.05,100516.27,11.53,52.37,-1614663.50,0.48
12:19,100499.28,17.42,32.48,100515.72,11.57,52.92,-1617275.50,5.43
12:20,100483.44,20.91,23.58,100509.16,11.48,51.07,-1617213.75,4.73
12:21,100481.16,21.57,21.69,100511.28,11.73,53.19,-1617519.87,4.56
12:22,100476.92,21.04,21.12,100510.45,11.78,53.40,-1617747.12,4.78
12:23,100478.37,20.44,21.26,100512.42,11.59,53.24,-1617590.25,4.90
12:24,100496.02,5.93,58.93,100509.07,11.28,53.93,-1617360.75,1.51
12:25,100498.52,8.42,60.81,100511.41,11.37,56.90,-1618557.75,0.45
12:26,100498.69,10.41,58.53,100511.13,11.42,56.29,-1619046.00,20.56
12:27,100494.17,19.37,27.35,100517.72,11.50,56.74,-1619254.75,5.54
12:28,100485.46,21.11,23.07,100517.46,11.32,54.15,-1619125.25,4.03
12:29,100498.96,21.55,21.58,100531.66,11.77,54.68,-1620124.75,5.72
12:30,100493.52,20.75,20.62,100518.23,10.98,53.43,-1618577.25,4.66
12:31,100484.78,20.00,21.18,100516.10,11.19,53.87,-1619345.25,5.10
12:32,100494.30,19.88,21.26,100522.03,11.48,53.49,-1619731.75,4.38
12:33,100496.07,19.85,21.10,100525.13,11.45,52.56,-1619322.25,5.02
12:34,100498.78,19.59,20.99,100519.42,11.23,51.74,-1619059.12,4.72
12:35,100500.25,19.45,21.00,100524.96,11.17,51.50,-1620325.12,5.71
12:36,100500.74,19.26,21.03,100526.69,10.98,52.29,-1620475.62,5.20
12:37,100499.49,19.35,21.23,100524.24,11.13,52.03,-1620573.00,3.85
12:38,100490.55,19.72,21.29,100525.71,11.68,51.45,-1620163.87,4.81
12:39,100492.19,19.87,21.02,100523.28,11.69,52.15,-1619929.12,5.60
12:40,100516.85,17.88,26.51,100519.85,11.68,51.01,-1620395.62,1.52
12:41,100515.77,6.16,58.08,100522.86,11.34,52.17,-1619232.87,1.19
12:42,100515.92,9.32,57.04,100525.19,11.25,52.34,-1620255.00,1.17
12:43,100520.60,11.00,49.43,100524.17,11.29,52.88,-1620651.12,3.60
12:44,100500.96,19.37,24.58,100527.92,11.13,51.61,-1620983.12,4.96
12:45,100491.69,20.65,22.14,100531.44,11.19,52.83,-1621130.75,5.57
12:46,100500.66,20.18,21.19,100530.14,11.37,52.16,-1621496.25,5.54
12:47,100506.94,19.75,21.47,100530.72,11.32,54.01,-1621660.62,3.85
12:48,100496.60,19.79,21.31,100529.99,11.44,52.19,-1621039.87,3.88
12:49,100498.14,19.75,21.47,100526.19,11.64,52.32,-1621742.50,3.74
12:50,100500.25,16.91,28.44,100522.42,11.92,50.99,-1621985.75,0.77
12:51,100517.45,6.39,58.87,100525.60,11.45,52.56,-1620909.75,0.46
12:52,100517.10,9.34,57.54,100524.08,11.43,52.18,-1621893.12,1.01
12:53,100515.71,11.57,47.59,100529.53,11.38,51.94,-1621913.00,4.56
12:54,100499.67,19.55,25.27,100529.96,11.70,53.59,-1622603.12,4.75
12:55,100500.69,21.00,22.25,100528.13,11.54,51.41,-1622585.12,4.62
12:56,100501.03,20.30,23.41,100528.85,11.90,53.45,-1622662.12,0.79
12:57,100520.17,6.41,59.45,100534.41,11.77,50.52,-1622204.37,1.48
12:58,100515.47,9.48,54.32,100528.03,11.36,50.20,-1622513.75,0.45
12:59,100522.85,10.35,51.01,100525.99,11.52,51.11,-1623357.25,4.55
13:0,100510.97,19.50,25.48,100535.24,11.41,50.31,-1623805.87,4.69
13:1,100504.75,20.70,22.37,100527.53,11.36,50.33,-1624368.62,4.14
13:2,100495.60,20.86,21.26,100531.64,11.91,50.42,-1624382.50,5.44
13:3,100521.56,8.20,48.66,100530.46,11.82,49.99,-1624034.87,0.79
13:4,100522.84,7.79,59.67,100535.61,11.90,51.41,-1624345.25,1.14
13:5,100515.86,10.23,54.48,100530.16,12.07,51.02,-1624851.25,1.17
13:6,100496.64,17.98,30.11,100528.64,12.16,50.32,-1624752.25,3.96
13:7,100496.38,20.79,23.60,100532.38,12.14,51.22,-1625012.00,4.85
13:8,100522.28,6.70,61.27,100538.49,11.75,49.68,-1624106.75,0.68
13:9,100518.58,9.82,54.59,100532.36,11.63,50.65,-1625337.62,0.46
13:10,100516.00,11.28,53.40,100534.08,12.08,51.92,-1625629.25,9.41
13:11,100515.50,19.54,27.44,100531.07,12.07,50.96,-1625838.00,4.23
13:12,100510.67,21.36,23.16,100530.82,12.16,49.42,-1625173.25,5.02
13:13,100499.42,21.68,21.31,100536.71,12.35,48.95,-1625918.37,5.28
13:14,100520.38,7.31,52.87,100526.52,12.10,49.28,-1624571.87,0.77
13:15,100517.86,8.66,61.68,100532.96,12.36,51.35,-1625663.25,0.44
13:16,100516.62,10.90,55.70,100530.46,12.52,51.16,-1625885.75,1.17
13:17,100505.71,18.97,28.85,100529.83,12.26,49.14,-1626157.75,4.71
13:18,100495.17,20.65,24.55,100527.10,12.20,49.14,-1626086.12,1.48
13:19,100517.72,7.23,62.25,100527.27,11.98,50.35,-1626248.37,1.16
13:20,100510.13,9.78,57.13,100525.32,11.97,50.96,-1626118.87,1.15
13:21,100519.25,10.71,55.93,100526.99,11.93,50.94,-1626575.50,4.44
13:22,100497.57,20.19,26.53,100529.12,11.98,50.73,-1627166.62,4.61
13:23,100489.89,21.81,22.78,100536.60,12.02,51.64,-1627424.25,4.87
13:24,100498.21,15.97,31.09,100520.21,12.54,49.90,-1627859.75,1.48
13:25,100512.55,7.81,62.61,100523.35,11.88,52.87,-1627311.87,0.44
13:26,100525.60,10.58,58.78,100536.21,11.83,54.95,-1627140.75,1.14
13:27,100511.32,14.26,39.70,100537.57,11.78,55.71,-1628002.87,5.35
13:28,100508.25,16.15,33.88,100540.44,11.72,56.75,-1628563.75,1.50
13:29,100529.46,8.86,68.14,100541.10,11.33,59.46,-1627900.75,1.15
13:30,100529.16,10.35,63.68,100542.92,11.44,59.70,-1628798.87,0.46
13:31,100524.14,14.43,41.94,100546.96,11.16,59.40,-1628731.62,4.53
13:32,100520.61,20.74,26.72,100553.35,11.57,61.10,-1629785.00,4.56
13:33,100519.99,22.27,23.12,100557.14,11.38,55.96,-1629515.25,4.72
13:34,100519.14,22.08,21.59,100545.43,11.27,55.97,-1630504.12,5.20
13:35,100516.97,21.16,21.34,100550.11,11.60,55.73,-1631078.25,3.82
13:36,100514.78,20.44,21.44,100546.21,11.48,54.98,-1630081.75,4.72
13:37,100525.24,20.25,21.63,100558.17,11.58,54.71,-1629962.62,5.61
13:38,100518.21,20.13,21.50,100549.66,11.54,55.29,-1630904.25,4.65
13:39,100516.75,20.14,21.72,100549.62,11.70,55.28,-1630730.75,4.37
13:40,100522.63,17.51,28.19,100546.82,11.75,54.30,-1630714.00,1.52
13:41,100541.17,6.40,60.25,100553.14,11.83,55.73,-1630480.75,1.17
13:42,100541.49,9.35,62.60,100553.07,11.94,54.94,-1630646.75,0.45
13:43,100532.73,11.47,49.24,100552.53,11.59,55.01,-1631173.37,4.23
13:44,100517.60,19.81,25.96,100546.80,11.67,54.43,-1631969.37,4.29
13:45,100520.74,21.19,22.75,100550.69,11.39,54.71,-1631860.25,4.67
13:46,100527.35,21.42,21.55,100557.97,11.74,53.96,-1632622.12,4.14
13:47,100517.11,20.80,20.87,100552.50,11.73,53.50,-1631877.87,3.77
13:48,100527.53,20.24,21.05,100551.87,11.34,53.99,-1632340.87,4.13
13:49,100519.64,20.20,21.65,100558.69,11.82,56.09,-1632823.62,0.99
13:50,100545.28,5.92,59.80,100555.47,11.50,54.68,-1632357.37,0.46
13:51,100547.39,9.19,60.20,100558.46,11.37,54.57,-1632465.75,0.47
13:52,100539.99,10.00,55.79,100556.00,11.55,55.67,-1633168.75,3.89
13:53,100526.08,19.28,26.54,100554.53,11.50,54.11,-1633550.00,4.74
13:54,100527.56,21.04,23.28,100557.94,11.93,54.14,-1634202.50,4.93
13:55,100548.75,6.36,60.56,100552.58,11.80,52.52,-1633046.75,0.79
13:56,100546.67,8.92,62.67,100563.10,12.07,53.84,-1634286.87,1.14
13:57,100547.74,10.80,54.76,100556.42,11.95,52.98,-1634155.50,0.46
13:58,100537.92,19.90,27.49,100558.88,12.03,53.02,-1634808.37,1.22
13:59,100548.74,8.02,68.40,100562.16,11.63,52.17,-1634114.37,0.43
14:0,100545.28,9.80,61.16,100559.77,11.81,53.15,-1634658.00,0.48
14:1,100550.47,11.04,59.68,100556.09,11.95,52.89,-1635126.12,3.93
14:2,100527.46,19.94,26.72,100564.88,12.00,50.36,-1635303.75,4.38
14:3,100528.03,22.12,23.24,100558.99,12.01,50.62,-1635677.62,3.80
14:4,100544.99,8.73,48.17,100558.69,11.70,50.43,-1634553.12,0.77
14:5,100549.50,9.11,59.55,100559.37,11.51,52.87,-1635704.12,0.97
14:6,100548.50,10.74,53.91,100556.50,11.55,51.89,-1636096.75,0.47
14:7,100545.41,18.10,30.55,100570.52,11.69,51.79,-1636297.75,4.25
14:8,100529.55,21.43,23.82,100555.16,11.57,52.12,-1636897.50,4.20
14:9,100523.02,22.03,21.36,100559.11,11.77,50.86,-1636036.50,4.62
14:10,100550.66,6.19,59.17,100560.85,11.65,50.94,-1636081.25,0.45
14:11,100555.41,9.12,57.51,100566.48,11.35,52.48,-1636778.50,0.46
14:12,100546.66,10.75,53.29,100560.52,11.18,52.95,-1637599.75,8.96
14:13,100536.77,19.53,27.08,100559.48,11.44,52.99,-1638072.12,4.50
14:14,100528.89,21.28,23.18,100567.22,11.73,52.29,-1637987.25,5.45
14:15,100545.78,10.58,42.88,100562.54,11.85,52.70,-1637720.62,0.76
14:16,100554.49,7.87,61.46,100564.07,11.67,54.17,-1637820.25,0.63
14:17,100554.71,9.95,59.53,100568.48,11.66,54.65,-1637944.12,0.44
14:18,100546.13,17.36,33.78,100569.79,11.63,56.45,-1638409.12,4.48
14:19,100559.74,10.35,51.22,100574.99,11.67,55.91,-1638675.87,0.78
14:20,100560.89,9.37,66.33,100571.66,11.14,58.42,-1637825.50,0.46
14:21,100569.08,10.53,60.87,100581.22,11.03,59.03,-1638760.00,0.46
14:22,100551.75,17.89,31.74,100570.08,11.05,58.27,-1639210.50,4.70
14:23,100547.03,21.35,25.08,100579.42,11.12,58.21,-1639682.37,4.88
14:24,100559.22,22.33,22.73,100578.21,11.17,56.78,-1639339.87,3.98
14:25,100559.28,21.91,21.36,100590.25,11.40,56.58,-1639067.75,5.40
14:26,100551.42,20.85,21.03,100585.22,11.12,55.26,-1639012.25,4.78
14:27,100550.80,20.21,21.39,100592.90,11.38,54.62,-1639186.75,4.69
14:28,100569.91,19.88,21.20,100587.88,11.12,54.43,-1638570.75,4.37
14:29,100563.05,19.76,21.56,100586.66,11.31,53.72,-1639606.87,4.37
14:30,100567.64,19.88,21.56,100595.05,11.47,53.94,-1639871.62,5.24
14:31,100560.13,19.90,21.33,100589.21,11.44,53.72,-1639440.12,3.78
14:32,100551.80,20.11,21.53,100591.33,11.75,53.00,-1639988.50,4.49
14:33,100588.08,7.51,51.09,100597.25,11.52,54.92,-1639061.37,1.36
14:34,100583.10,8.23,63.65,100597.87,11.34,55.41,-1639884.25,0.47
14:35,100587.55,10.25,57.94,100599.14,11.52,55.71,-1640115.75,0.46
14:36,100571.30,17.82,29.57,100597.64,11.64,55.67,-1640944.87,4.92
14:37,100566.25,20.58,24.15,100598.94,11.84,55.31,-1641068.12,4.87
14:38,100587.91,9.35,46.78,100597.84,11.66,56.18,-1640324.25,1.44
14:39,100588.69,8.12,64.17,100596.64,11.92,55.65,-1640739.37,0.44
14:40,100593.27,10.41,61.11,100609.77,11.94,56.17,-1640778.25,0.45
14:41,100592.91,17.52,33.16,100598.35,11.91,53.29,-1640988.25,4.32
14:42,100571.21,21.15,24.08,100597.06,11.71,51.27,-1641101.00,3.94
14:43,100564.14,21.67,21.77,100591.91,11.56,51.88,-1641584.25,4.87
14:44,100565.85,21.04,20.93,100601.39,11.95,51.02,-1642586.25,1.91
14:45,100579.83,5.87,59.04,100590.49,11.32,50.64,-1641473.37,1.15
14:46,100586.62,9.36,54.51,100600.46,11.02,50.56,-1642110.75,0.48
14:47,100587.28,10.09,52.40,100599.72,11.38,51.08,-1642730.50,3.84
14:48,100563.80,19.20,26.25,100594.03,11.56,50.27,-1642929.75,4.46
14:49,100565.60,20.78,23.10,100593.08,11.74,51.39,-1642974.37,4.45
14:50,100573.96,21.22,21.11,100590.32,11.41,50.65,-1642595.50,4.70
14:51,100555.85,20.16,21.21,100596.89,11.66,50.16,-1643492.75,4.62
14:52,100572.50,19.91,21.50,100593.82,11.75,52.01,-1643668.12,4.72
14:53,100577.35,15.16,31.79,100589.80,11.96,51.49,-1643540.75,0.76
14:54,100581.39,6.39,59.92,100590.55,11.80,52.92,-1643328.12,0.46
14:55,100583.32,9.38,61.39,100591.17,11.85,53.22,-1643864.00,0.47
14:56,100590.24,12.85,44.56,100599.24,11.53,53.20,-1643755.25,5.27
14:57,100574.59,19.82,25.67,100592.41,11.76,52.89,-1644474.25,4.72
14:58,100568.61,21.19,22.74,100591.53,11.74,52.05,-1644572.87,4.85
14:59,100553.89,21.26,21.31,100588.66,11.43,53.31,-1644455.50,4.82
15:0,100572.69,20.49,21.19,100596.10,11.38,55.33,-1644790.62,4.29
15:1,100573.53,20.15,21.33,100599.05,11.39,53.90,-1644578.62,4.83
15:2,100566.69,19.97,21.30,100594.82,11.34,53.22,-1645141.25,4.74
15:3,100567.84,20.02,21.31,100597.53,11.47,53.69,-1644724.87,4.36
15:4,100575.42,14.95,32.56,100599.85,11.48,54.40,-1644707.87,0.78
15:5,100588.35,6.72,63.19,100597.51,11.21,57.04,-1644885.25,0.45
15:6,100588.16,9.65,62.07,100602.14,11.36,58.16,-1645828.25,1.15
15:7,100574.33,13.33,44.33,100598.67,11.66,57.78,-1646257.25,3.78
15:8,100572.18,20.11,25.68,100605.61,11.91,57.44,-1646406.87,3.78
15:9,100570.79,21.63,23.03,100606.46,11.97,56.73,-1646640.37,4.18
15:10,100591.02,6.44,61.83,100601.91,11.15,60.27,-1645732.50,0.50
15:11,100589.28,9.02,66.39,100600.89,11.24,61.02,-1646621.12,1.04
15:12,100593.75,10.50,61.97,100602.04,11.30,60.14,-1647151.87,6.15
15:13,100575.00,20.04,27.78,100609.67,11.62,58.56,-1647340.87,4.05
15:14,100573.55,21.88,23.48,100604.23,11.79,57.44,-1647474.37,4.01
15:15,100577.57,22.34,21.72,100606.98,11.93,57.02,-1646687.75,4.86
15:16,100587.14,11.17,41.41,100605.75,11.57,58.56,-1646989.62,0.77
15:17,100592.58,7.80,64.09,100598.63,11.55,58.76,-1647687.50,0.48
15:18,100592.43,10.13,61.43,100602.31,11.20,58.73,-1648052.12,0.44
15:19,100583.28,16.61,35.52,100607.61,11.37,59.22,-1648965.75,5.23
15:20,100586.00,21.08,25.16,100607.21,11.83,58.59,-1649239.62,4.68
15:21,100584.66,18.71,27.85,100616.44,12.11,58.49,-1648683.75,0.97
15:22,100602.76,7.40,63.50,100614.71,11.62,57.21,-1648329.12,0.46
15:23,100603.74,9.80,64.24,100615.80,11.51,58.97,-1649256.37,0.76
15:24,100607.40,12.70,45.88,100618.72,11.24,60.13,-1649880.75,4.06
15:25,100586.85,20.74,26.60,100617.75,11.41,59.84,-1650775.00,4.80
15:26,100582.99,22.33,23.07,100618.12,11.20,59.34,-1650019.75,5.28
15:27,100572.98,22.10,21.72,100622.02,10.93,59.54,-1650114.12,5.23
15:28,100584.14,21.24,21.47,100623.39,11.22,59.09,-1650759.12,4.94
15:29,100587.33,20.80,21.78,100629.03,11.50,58.71,-1650432.37,4.83
15:30,100586.34,20.44,21.70,100621.88,11.19,60.00,-1651183.25,5.54
15:31,100594.04,20.63,21.91,100624.92,11.94,58.65,-1651546.87,5.06
15:32,100610.89,6.65,55.43,100625.53,11.60,56.12,-1650377.00,1.49
15:33,100605.05,8.54,67.80,100618.78,11.91,59.26,-1651615.87,0.45
15:34,100609.58,10.49,60.58,100623.11,12.25,58.50,-1652253.50,0.45
15:35,100592.37,18.63,29.20,100626.02,11.73,57.59,-1651710.87,4.27
15:36,100584.84,21.01,23.95,100618.17,11.57,56.68,-1652532.50,4.62
15:37,100580.53,21.72,22.16,100613.70,11.82,55.52,-1652633.75,5.48
15:38,100590.46,21.24,21.44,100623.72,11.18,58.12,-1652146.00,5.52
15:39,100582.32,20.68,21.59,100621.03,11.54,57.19,-1652975.25,4.69
15:40,100595.72,17.67,28.12,100626.35,12.25,55.18,-1653547.75,0.77
15:41,100608.48,6.63,60.47,100620.71,12.10,55.94,-1652967.87,1.17
15:42,100615.41,9.43,64.63,100626.19,12.01,57.50,-1653754.25,0.46
15:43,100602.99,12.11,48.65,100616.55,11.86,57.45,-1653596.37,4.34
15:44,100592.50,20.25,26.23,100618.28,12.14,56.35,-1654478.12,3.78
15:45,100624.00,7.60,63.41,100640.96,11.94,57.76,-1653560.75,0.75
15:46,100611.61,9.52,65.57,100623.33,11.33,59.59,-1655001.87,0.47
15:47,100603.92,10.72,61.20,100621.41,11.19,60.34,-1655523.62,0.44
15:48,100593.75,19.49,28.24,100626.43,11.03,59.26,-1655713.87,4.78
15:49,100602.19,21.84,24.30,100629.02,11.02,60.51,-1655913.25,4.06
15:50,100591.96,22.50,22.35,100627.79,11.30,59.77,-1656571.25,4.85
15:51,100589.60,21.93,21.52,100625.55,11.27,60.16,-1657028.75,4.18
15:52,100605.80,21.18,21.68,100637.24,10.99,62.32,-1656998.37,4.36
15:53,100603.19,20.66,21.92,100635.86,10.49,62.71,-1656989.12,4.50
15:54,100604.97,20.57,22.05,100641.91,10.51,63.90,-1656966.25,4.49
15:55,100611.60,20.60,22.31,100649.63,10.55,66.54,-1657929.50,4.31
15:56,100604.74,20.83,22.28,100642.82,10.75,65.54,-1657691.75,4.52
15:57,100607.59,20.93,21.99,100645.46,10.86,65.79,-1658077.75,5.55
15:58,100600.67,21.14,22.03,100643.21,10.68,66.26,-1657979.37,4.85
15:59,100608.52,16.78,30.29,100641.55,10.91,66.11,-1658518.00,1.48
16:0,100621.28,6.72,62.99,100639.99,10.41,67.66,-1657691.25,0.99
16:1,100621.96,9.06,63.80,100638.50,10.44,68.14,-1658490.25,0.44
16:2,100609.49,12.47,49.06,100639.19,10.43,68.37,-1659015.37,4.40
16:3,100599.81,20.23,26.27,100635.63,10.83,67.29,-1659947.00,4.27
16:4,100609.35,17.86,29.55,100635.25,11.03,67.03,-1660201.75,0.97
16:5,100623.11,7.36,64.91,100639.69,10.88,67.27,-1659253.75,1.12
16:6,100620.69,9.23,73.49,100635.99,11.00,68.91,-1660250.00,0.45
16:7,100605.36,12.64,47.57,100634.50,10.62,66.24,-1659907.25,4.40
16:8,100611.32,20.62,27.07,100637.14,10.24,66.75,-1660809.75,4.00
16:9,100607.29,22.17,23.77,100640.07,9.84,68.81,-1661997.50,4.62
16:10,100595.39,22.23,22.39,100640.01,10.38,67.77,-1662616.75,3.82
16:11,100606.32,21.70,21.88,100644.88,10.57,66.71,-1662473.75,3.82
16:12,100615.72,21.36,21.89,100647.36,10.56,66.87,-1661878.12,4.35
16:13,100609.94,21.05,22.36,100650.94,10.46,69.29,-1662629.75,3.87
16:14,100616.16,21.05,22.20,100649.28,10.71,66.63,-1662979.75,5.01
16:15,100619.52,21.05,21.84,100653.10,10.66,64.61,-1662736.87,4.85
16:16,100617.82,20.86,21.82,100651.07,10.74,65.27,-1663119.37,3.87
16:17,100616.88,20.77,21.83,100654.80,10.46,65.34,-1663091.62,4.56
16:18,100609.77,20.75,22.00,100656.03,10.43,66.20,-1663800.62,5.07
16:19,100617.14,20.75,22.10,100656.96,10.35,66.81,-1663609.75,3.87
16:20,100614.36,20.74,21.84,100658.05,10.25,66.64,-1663019.75,4.18
16:21,100622.58,20.67,22.11,100655.35,10.50,65.44,-1664016.50,5.37
16:22,100608.91,20.92,22.30,100654.39,10.53,67.09,-1664158.87,5.08
16:23,100606.25,20.86,22.09,100657.70,10.20,67.27,-1663964.62,4.00
16:24,100609.52,20.86,22.58,100655.64,10.05,67.87,-1654306.25,4.37
16:25,100627.88,21.21,22.52,100661.88,10.17,69.80,-1654518.50,4.74
16:26,100616.97,21.44,22.71,100658.82,10.25,68.46,-1655021.25,4.52
16:27,100628.14,21.66,23.29,100665.92,10.23,70.19,-1654673.50,4.32
16:28,100622.40,21.93,23.45,100671.33,10.55,68.54,-1655103.50,5.72
16:29,100635.07,22.00,23.29,100667.64,10.53,66.44,-1654759.00,4.63
16:30,100642.78,21.66,24.11,100673.82,10.13,70.10,-1655498.75,4.79
16:31,100642.17,21.52,24.18,100674.55,10.31,68.09,-1655431.75,4.16
16:32,100638.21,21.29,23.87,100670.58,9.84,67.64,-1654696.25,3.96
16:33,100639.97,20.75,24.58,100675.19,9.71,66.09,-1652211.75,4.65
16:34,100660.17,12.60,43.04,100677.99,9.66,66.86,-1458241.25,0.84
16:35,100677.05,5.28,64.40,100681.28,9.23,69.39,-1665759.25,0.76
16:36,100676.82,3.97,72.52,100679.64,9.07,70.62,-1665397.75,0.80
16:37,100674.89,4.16,77.59,100683.35,9.00,72.32,-1667072.37,1.50
16:38,100670.30,6.96,82.77,100683.96,9.10,72.14,-1668626.00,1.22
16:39,100676.63,7.83,83.28,100682.84,9.02,72.62,-1669394.50,0.78
16:40,100676.04,7.97,83.30,100680.39,8.99,71.12,-1669333.50,0.77
16:41,100670.45,7.95,83.85,100684.25,8.87,73.44,-1670612.62,0.76
16:42,100666.35,8.20,84.44,100680.61,9.06,74.24,-1671271.25,1.50
16:43,100673.50,7.95,84.13,100689.47,8.66,73.21,-1671229.25,1.51
16:44,100663.01,7.83,84.21,100681.69,8.64,73.27,-1673565.87,0.78
16:45,100666.35,8.19,85.02,100679.46,8.99,73.99,-1674022.87,0.77
16:46,100671.06,8.43,85.34,100677.10,9.27,74.62,-1673927.62,0.77
16:47,100661.85,8.49,85.23,100680.19,9.12,73.20,-1674128.75,0.78
16:48,100656.77,8.51,85.36,100679.11,9.17,73.67,-1673726.12,1.48
16:49,100659.21,8.42,84.79,100678.17,8.94,72.38,-1673558.25,0.77
16:50,100668.58,8.34,84.57,100683.07,8.71,73.61,-1674322.62,0.80
16:51,100650.64,17.11,36.03,100682.92,8.66,73.87,-1676463.50,4.74
16:52,100638.12,20.64,27.45,100675.10,9.11,73.51,-1676237.62,5.27
16:53,100641.28,21.46,24.14,100672.75,9.28,72.57,-1669649.75,5.68
16:54,100636.55,20.76,23.33,100677.61,9.56,72.24,-1660309.25,4.49
16:55,100651.50,19.90,23.06,100685.45,8.52,73.24,-1660678.75,5.27
16:56,100655.28,19.69,23.24,100680.72,8.91,73.27,-1660958.75,3.83
16:57,100656.31,19.73,23.00,100681.57,9.12,71.12,-1661468.87,4.67
16:58,100645.67,19.67,23.09,100677.93,8.75,74.14,-1662967.75,4.47
16:59,100642.23,19.85,23.15,100677.86,9.30,73.04,-1662144.75,4.32
17:0,100646.17,20.04,22.81,100677.49,9.25,71.81,-1652562.75,5.08
17:1,100639.00,19.95,22.75,100675.75,9.18,72.66,-1631896.75,5.34
17:2,100644.85,20.10,23.00,100673.65,9.39,73.72,-1633762.50,3.77
17:3,100645.58,20.38,22.69,100675.01,9.45,72.83,-1473830.75,3.80
17:4,100639.62,20.48,22.69,100678.67,9.68,71.49,-1430393.62,4.32
17:5,100648.99,20.31,23.02,100678.91,9.27,72.33,-1410935.25,5.59
17:6,100651.77,20.41,23.18,100680.72,9.51,72.82,-1461072.12,5.65
17:7,100649.78,20.48,23.43,100679.69,9.18,73.43,-1531055.62,5.58
17:8,100644.57,20.70,23.60,100679.04,9.68,72.26,-1383184.62,4.06
17:9,100652.58,21.07,23.94,100679.96,9.98,71.90,-1455191.87,4.79
17:10,100652.54,21.34,23.86,100678.30,10.32,70.35,-1402915.00,5.54
17:11,100656.22,21.49,24.56,100678.64,10.56,70.12,-1424212.12,4.58
17:12,100647.04,21.64,25.37,100683.37,10.46,72.27,-1352772.12,4.73
17:13,100659.32,12.24,44.26,100681.13,10.14,72.46,-1325419.00,0.79
17:14,100666.02,8.83,66.11,100680.41,9.95,73.45,-1343608.50,0.84
17:15,100664.83,10.07,69.33,100676.09,9.96,72.94,-1371496.12,0.48
17:16,100648.43,17.00,29.20,100680.23,10.09,71.19,-1679494.25,4.39
17:17,100640.17,19.23,25.56,100675.50,10.15,67.92,-1679816.00,4.01
17:18,100650.83,21.12,23.70,100679.41,10.12,69.22,-1678928.00,4.49
17:19,100638.17,21.28,21.98,100677.01,10.03,67.88,-1679635.75,5.87
17:20,100638.41,20.80,22.12,100680.10,10.15,67.27,-1679476.00,4.78
17:21,100641.31,20.67,22.35,100677.08,10.29,68.50,-1680149.25,3.84
17:22,100642.75,20.69,22.30,100681.12,10.38,67.76,-1680380.00,4.85
17:23,100648.14,20.90,22.75,100679.92,10.42,70.91,-1680495.75,4.75
17:24,100643.00,20.85,22.18,100680.92,10.41,69.15,-1679292.62,4.01
17:25,100648.39,21.04,22.39,100681.53,10.77,68.62,-1678674.25,5.43
17:26,100641.57,21.25,22.42,100682.70,10.83,67.85,-1662028.25,4.49
17:27,100642.96,21.38,22.15,100673.79,10.59,67.89,-1641299.87,4.20
17:28,100655.96,21.19,22.36,100687.99,10.12,68.54,-1639522.12,5.02
17:29,100652.74,20.75,22.50,100678.30,9.86,68.01,-1641115.75,4.09
17:30,100644.63,20.65,22.65,100680.85,9.81,66.75,-1637206.37,4.40
17:31,100639.46,20.64,22.97,100677.25,10.05,66.93,-1637175.12,4.73
17:32,100645.07,20.73,23.58,100674.41,10.05,66.87,-1639576.25,4.25
17:33,100648.24,21.01,23.48,100672.37,10.25,65.66,-1638793.87,4.92
17:34,100645.92,20.84,23.63,100682.97,10.40,64.78,-1637979.87,4.85
17:35,100646.16,20.70,23.87,100683.28,10.51,62.20,-1637409.00,5.85
17:36,100651.78,20.57,23.98,100682.69,10.53,61.94,-1640222.25,5.43
17:37,100644.55,20.56,25.05,100684.32,10.66,63.20,-1678648.75,4.92
17:38,100665.78,11.10,47.37,100687.27,10.64,63.44,-1678468.37,2.11
17:39,100668.92,5.06,66.97,100684.16,10.35,65.39,-1678760.37,2.11
17:40,100676.56,4.27,73.54,100686.32,10.25,68.05,-1678542.75,1.37
17:41,100665.03,5.72,79.83,100690.17,10.08,68.50,-1679829.25,2.07
17:42,100676.82,7.73,82.43,100686.57,10.14,68.97,-1682719.00,0.77
17:43,100683.58,8.33,82.83,100691.49,10.04,69.08,-1682922.00,0.77
17:44,100679.03,8.60,83.29,100689.42,10.00,68.97,-1684171.62,0.75
17:45,100679.96,8.56,83.75,100693.04,9.85,71.16,-1684872.25,0.79
17:46,100676.49,8.40,83.48,100696.91,9.49,69.89,-1686530.75,0.78
17:47,100685.91,8.51,84.05,100695.89,9.59,71.41,-1688092.00,0.76
17:48,100699.11,8.48,84.18,100697.85,9.42,72.30,-1688276.75,0.80
17:49,100694.80,8.55,84.46,100701.39,9.41,72.85,-1689077.62,0.79
17:50,100698.87,8.40,84.24,100704.23,9.16,72.15,-1689347.62,1.50
17:51,100701.88,8.27,83.99,100706.83,8.99,72.25,-1690005.37,0.79
17:52,100689.92,8.24,84.13,100703.80,8.91,72.44,-1689801.25,0.77
17:53,100686.21,8.25,84.03,100695.09,8.99,71.72,-1689152.75,0.79
17:54,100696.76,8.37,84.39,100701.44,9.12,73.03,-1689086.75,0.77
17:55,100661.67,18.19,34.31,100700.19,9.65,71.15,-1689727.62,5.11
17:56,100666.60,20.96,26.53,100697.57,10.11,67.67,-1689606.62,4.59
17:57,100657.03,21.59,23.93,100696.05,10.05,70.09,-1690333.25,4.91
17:58,100657.05,21.01,23.27,100694.44,10.10,70.16,-1690290.00,5.77
17:59,100664.07,20.36,22.79,100696.89,9.90,68.04,-1689703.00,4.55
18:0,100660.68,20.19,23.00,100695.13,9.74,70.43,-1690823.75,3.80
18:1,100667.05,20.06,23.20,100696.19,9.68,70.97,-1690737.25,5.77
18:2,100658.39,20.34,22.85,100700.58,10.06,69.08,-1691107.00,4.36
18:3,100668.42,20.23,22.51,100702.32,10.05,67.17,-1691515.00,4.49
18:4,100675.64,20.36,22.41,100697.91,10.44,65.03,-1692060.75,4.67
18:5,100668.17,20.35,22.45,100701.58,10.00,67.85,-1692276.25,3.93
18:6,100666.32,20.26,22.10,100701.66,9.44,68.57,-1692859.25,4.70
18:7,100673.85,20.20,22.49,100703.60,10.01,68.08,-1693187.37,5.15
18:8,100665.86,20.50,22.55,100704.72,10.20,68.37,-1692849.25,4.49
18:9,100666.81,20.73,22.56,100710.58,9.98,70.09,-1694896.37,5.74
18:10,100667.61,20.80,22.14,100706.35,9.87,68.95,-1695807.62,5.40
18:11,100671.64,20.59,22.52,100703.74,9.61,69.77,-1695588.75,4.09
18:12,100671.85,20.61,22.72,100703.78,9.70,68.74,-1695561.62,4.97
18:13,100684.14,20.61,23.03,100709.74,9.50,69.28,-1695941.25,5.04
18:14,100674.14,20.68,23.67,100705.85,9.79,68.96,-1696225.25,5.12
18:15,100682.86,20.74,24.14,100708.96,9.49,70.67,-1695988.75,3.77
18:16,100691.89,20.66,24.24,100709.04,9.51,69.96,-1696561.37,4.58
18:17,100687.58,20.58,24.52,100706.10,9.36,69.81,-1696951.00,5.61
18:18,100691.42,20.51,25.27,100707.80,9.42,70.33,-1697032.37,5.71
18:19,100682.83,20.48,25.46,100705.44,9.41,70.16,-1696772.62,5.23
18:20,100692.17,20.17,25.65,100709.46,9.27,69.82,-1697045.25,0.75
18:21,100707.97,8.02,54.76,100722.00,9.51,69.26,-1697054.00,0.77
18:22,100702.63,4.08,70.28,100708.64,9.18,67.99,-1695725.25,0.77
18:23,100707.77,3.91,76.27,100710.32,9.09,69.60,-474805.50,0.78
18:24,100700.92,6.80,82.58,100712.69,9.05,69.62,-941972.18,0.78
18:25,100705.50,7.76,83.13,100712.33,9.16,69.66,-996393.81,0.89
18:26,100701.04,7.97,83.30,100713.27,9.19,69.90,-962381.31,0.85
18:27,100707.74,8.14,83.66,100716.27,9.25,69.28,-946940.00,1.48
18:28,100702.47,8.11,83.80,100720.46,9.32,69.79,-974593.87,0.78
18:29,100712.21,8.38,84.68,100718.41,9.50,71.43,-1008894.12,0.78
18:30,100699.72,8.18,84.01,100713.59,9.32,68.58,-1042275.18,1.51
18:31,100710.05,8.30,84.53,100714.10,9.40,69.73,-975552.62,0.78
18:32,100708.57,8.35,84.45,100716.90,9.42,70.04,-952152.00,0.78
18:33,100698.92,8.31,84.26,100714.03,9.36,70.38,-926946.31,0.77
18:34,100695.45,8.41,84.03,100710.16,9.48,69.30,-913709.68,1.51
18:35,100711.67,8.58,83.89,100713.17,9.60,68.88,-1021384.50,1.49
18:36,100699.78,8.38,83.24,100713.32,9.46,69.72,-924348.00,1.49
18:37,100697.33,9.57,84.49,100711.08,9.43,68.29,-1702260.37,3.93
18:38,100682.82,19.24,30.46,100715.33,9.39,69.11,-1702798.37,4.49
18:39,100681.25,21.16,24.73,100715.00,9.50,66.18,-1702518.75,3.94
18:40,100694.11,20.54,22.93,100714.19,9.86,64.62,-1702861.37,4.69
18:41,100676.22,19.83,23.14,100707.52,10.05,64.33,-1704072.37,4.98
18:42,100689.44,19.65,23.13,100712.19,9.99,64.37,-1703281.25,4.71
18:43,100682.67,19.47,22.92,100715.60,9.78,64.79,-1703982.37,4.69
18:44,100684.14,19.46,22.78,100711.47,9.65,65.82,-1703844.75,3.93
18:45,100696.74,19.50,22.75,100716.46,9.81,65.66,-1703212.37,4.88
18:46,100688.77,19.76,22.76,100719.80,9.94,66.18,-1703334.75,3.86
18:47,100694.66,19.98,22.76,100719.42,10.13,66.33,-1701552.37,4.60
18:48,100695.23,20.04,22.47,100719.69,10.06,66.94,-1703013.37,4.85
18:49,100689.65,20.08,22.34,100721.46,9.94,65.47,-1702724.62,3.97
18:50,100692.52,20.12,22.06,100722.41,9.97,65.61,-1703002.00,4.24
18:51,100693.83,20.29,22.22,100723.41,10.17,66.13,-1703127.25,4.74
18:52,100689.55,20.45,22.24,100723.82,9.98,67.66,-1703690.37,5.36
18:53,100690.68,20.55,22.37,100725.80,9.85,69.20,-1703058.25,5.74
18:54,100691.32,20.76,22.74,100722.39,9.94,69.14,-1703808.25,5.50
18:55,100685.99,20.79,23.03,100719.78,9.78,70.94,-1703918.00,5.47
18:56,100683.90,20.90,23.37,100713.36,9.63,72.39,-1703816.37,3.77
18:57,100683.94,21.13,23.48,100712.07,9.82,70.23,-1703832.00,3.81
18:58,100683.92,21.12,24.28,100715.96,9.61,72.49,-1704206.37,5.61
18:59,100685.02,21.09,23.76,100713.05,9.77,70.68,-1704264.62,4.85
19:0,100685.29,21.17,24.85,100716.71,10.07,70.66,-1704106.37,4.86
19:1,100686.58,21.00,24.91,100720.54,9.68,70.25,-1704764.00,4.93
19:2,100686.14,20.68,26.19,100712.47,9.61,72.37,-1704384.00,3.73
19:3,100687.83,20.21,26.03,100712.96,9.36,69.60,-1703632.00,0.74
19:4,100710.00,8.38,54.82,100715.94,9.40,69.39,-1704607.25,1.49
19:5,100698.75,4.23,70.42,100719.50,9.49,70.43,-1705925.62,0.80
19:6,100709.31,4.02,76.48,100713.25,9.38,69.17,-1703332.37,0.79
19:7,100704.75,6.86,82.58,100708.87,9.39,69.61,-1703891.75,1.48
19:8,100708.08,7.79,83.09,100707.70,9.35,69.78,-1704120.00,0.77
19:9,100703.27,8.15,83.91,100713.96,9.54,71.15,-1705020.00,1.08
19:10,100703.75,8.22,83.70,100707.38,9.56,69.18,-1705560.75,1.53
19:11,100699.76,8.22,83.73,100707.69,9.66,68.35,-1705527.75,1.51
19:12,100708.99,8.16,83.60,100711.21,9.74,66.36,-1706392.62,0.77
19:13,100692.13,8.09,83.65,100708.90,9.83,66.47,-1706105.62,1.52
19:14,100701.93,8.22,83.64,100714.28,9.78,66.02,-1706274.25,1.51
19:15,100701.94,8.26,83.69,100714.24,9.75,66.13,-1706689.62,0.81
19:16,100699.60,8.25,83.05,100717.84,9.74,65.64,-1707236.75,0.76
19:17,100707.06,8.35,82.87,100716.25,9.80,65.99,-1707020.37,0.78
19:18,100711.83,8.32,81.96,100718.21,9.78,64.11,-1706613.62,0.79
19:19,100716.94,8.21,81.08,100719.10,9.75,62.36,-1707745.62,0.78
19:20,100702.27,9.01,83.20,100716.68,9.67,62.68,-1707701.62,3.53
19:21,100687.14,19.02,30.04,100720.21,9.99,61.53,-1708446.75,4.72
19:22,100683.07,20.90,24.43,100715.95,9.84,60.89,-1707442.37,4.91
19:23,100681.96,20.00,22.82,100713.38,10.28,59.28,-849602.18,3.97
19:24,100686.31,19.32,23.08,100720.77,10.57,59.58,-1711071.37,5.15
19:25,100686.62,19.20,22.88,100723.05,10.81,57.23,-1393046.00,4.56
19:26,100685.69,19.15,22.66,100722.37,10.54,57.90,-1703995.25,5.17
19:27,100693.92,19.10,22.84,100720.55,10.52,59.51,-307694.00,4.57
19:28,100698.91,19.36,22.83,100729.47,10.67,60.51,-322173.59,4.40
19:29,100691.77,19.57,22.59,100724.26,10.90,59.90,-832573.62,4.78
19:30,100706.39,19.40,22.07,100732.11,10.27,59.33,-315975.68,4.62
19:31,100695.32,19.15,21.90,100726.07,10.09,57.97,-273699.90,5.52
19:32,100697.39,19.25,21.94,100726.35,10.38,58.14,-250297.59,5.31
19:33,100699.00,19.25,21.72,100729.13,10.09,58.26,-1699279.62,4.74
19:34,100690.78,19.25,21.62,100724.83,9.86,58.59,-921197.62,4.14
19:35,100696.46,19.22,21.74,100723.89,10.14,57.22,-1702439.62,4.83
19:36,100696.61,19.43,21.75,100734.13,10.17,59.41,-1702763.62,5.03
19:37,100697.84,19.47,21.67,100731.32,10.53,59.11,-1703128.25,4.61
19:38,100708.72,19.80,21.65,100737.62,11.13,56.92,-1665667.87,5.70
19:39,100705.14,19.93,21.68,100732.07,11.06,56.43,-959962.37,4.61
19:40,100707.03,20.15,22.13,100729.18,11.24,57.49,-1704848.00,4.60
19:41,100715.05,16.59,30.12,100733.64,10.76,56.75,-1704206.75,0.76
19:42,100714.77,6.79,56.56,100729.44,10.40,57.45,-1704743.25,0.43
19:43,100712.00,8.77,62.05,100727.83,10.12,59.38,-1705233.37,0.50
19:44,100701.41,13.02,44.63,100733.42,10.10,60.07,-1713591.25,5.06
19:45,100703.10,18.49,25.52,100731.93,10.30,59.73,-1714153.37,4.36
19:46,100691.00,20.36,23.42,100733.27,11.38,57.43,-1714096.75,4.71
19:47,100702.05,20.60,21.94,100733.19,12.19,55.64,-490746.18,5.32
19:48,100698.89,20.18,21.84,100733.13,11.72,55.78,-1684938.00,4.98
19:49,100704.27,19.88,21.75,100733.90,11.17,57.31,-1686067.62,4.81
19:50,100701.46,19.93,21.70,100726.30,11.47,55.96,-1687664.37,4.27
19:51,100691.34,20.12,21.64,100726.27,12.32,55.22,-1689183.00,1.86
19:52,100715.80,5.82,60.15,100727.07,12.01,55.58,-1687153.37,0.88
19:53,100717.28,8.50,64.15,100722.67,12.52,56.26,-1687796.37,0.44
19:54,100710.45,9.87,59.59,100726.67,12.95,55.21,-1707620.37,3.71
19:55,100691.96,19.33,26.98,100728.99,12.97,54.81,-1708147.37,4.62
19:56,100688.99,21.20,23.34,100733.92,12.39,56.55,-1708031.00,4.63
19:57,100696.63,21.56,22.03,100728.27,12.86,54.72,-1708690.75,4.82
19:58,100714.79,9.03,47.81,100734.16,12.39,56.54,-1708006.75,1.45
19:59,100716.33,8.05,63.79,100723.88,12.74,56.13,-1709560.75,0.43
20:0,100715.49,10.27,60.63,100727.88,13.03,54.57,-1709615.25,0.45
20:1,100702.47,17.66,32.06,100729.96,12.97,53.79,-1709794.62,5.72
20:2,100691.80,20.90,24.53,100732.33,13.02,53.36,-1709712.37,3.99
20:3,100688.19,21.87,22.36,100726.80,12.83,52.87,-1710005.62,5.60
20:4,100697.55,14.34,34.70,100730.17,13.21,53.24,-1711238.62,1.44
20:5,100717.89,7.52,61.94,100730.22,13.23,53.34,-1711526.37,0.45
20:6,100716.64,10.04,63.14,100734.21,13.04,54.38,-1710462.37,0.46
20:7,100712.12,14.85,40.31,100732.39,12.82,54.90,-1710851.25,4.16
20:8,100693.10,20.84,25.25,100731.92,12.13,55.87,-1711128.37,4.79
20:9,100715.14,21.97,22.66,100734.78,11.81,55.38,-1712117.25,4.88
20:10,100719.35,8.38,49.84,100743.99,11.22,56.84,-1711031.25,0.72
20:11,100724.52,7.93,61.49,100739.50,11.33,57.44,-1711153.37,0.45
20:12,100720.51,9.94,60.49,100737.89,11.53,56.63,-1710360.37,1.16
20:13,100714.32,18.33,31.13,100737.39,11.72,56.27,-1710964.37,4.77
20:14,100701.13,21.25,24.15,100739.31,11.59,56.60,-1711624.00,5.52
20:15,100714.49,21.94,21.90,100744.05,11.35,55.99,-1712058.75,5.57
20:16,100707.39,21.28,20.94,100738.52,10.81,56.65,-1711854.75,4.17
20:17,100717.41,20.14,21.29,100748.61,10.65,57.86,-1711764.00,5.29
20:18,100714.46,19.60,21.52,100743.44,10.31,58.41,-493139.40,5.29
20:19,100711.48,19.56,21.74,100742.42,10.73,57.75,-585890.00,4.37
20:20,100722.73,19.69,21.74,100749.00,10.94,56.74,-564521.87,4.07
20:21,100714.25,19.80,21.66,100746.23,11.20,55.57,-588910.50,5.66
20:22,100711.23,19.89,21.48,100742.19,11.54,55.56,-555560.87,5.24
20:23,100711.94,20.11,21.39,100741.39,12.00,54.24,-554033.00,4.91
20:24,100719.74,20.28,21.25,100743.67,11.82,55.53,-526731.81,4.54
20:25,100743.37,6.61,54.95,100750.22,11.57,55.35,-512445.40,1.00
20:26,100726.53,8.13,63.60,100737.54,11.40,56.97,-1714189.25,0.43
20:27,100723.58,10.15,58.68,100745.57,11.24,57.12,-1714573.62,0.44
20:28,100715.72,18.66,27.67,100743.68,11.22,58.14,-1715499.37,5.59
20:29,100709.05,20.71,23.55,100747.32,11.15,58.46,-1715021.62,4.92
20:30,100704.19,21.28,21.64,100741.79,11.33,57.25,-1715507.37,3.96
20:31,100727.53,9.33,46.07,100752.67,11.21,57.39,-1714843.25,0.76
20:32,100726.16,7.62,64.90,100743.86,10.92,58.90,-1715382.75,0.43
20:33,100724.17,9.47,63.22,100738.84,10.76,59.93,-1715917.00,0.46
20:34,100713.08,17.16,32.43,100740.28,10.68,59.62,-1716300.00,5.29
20:35,100709.27,20.45,24.56,100733.04,10.55,61.35,-1716666.37,5.69
20:36,100700.42,21.42,22.41,100736.14,10.90,59.75,-1717170.62,4.20
20:37,100710.99,21.17,21.76,100740.91,10.74,60.70,-1716865.62,4.72
20:38,100707.23,20.47,21.42,100735.72,10.49,59.86,-1717146.75,4.84
20:39,100702.55,19.98,21.48,100737.33,10.48,59.24,-1716380.00,4.02
20:40,100706.61,19.91,21.63,100739.76,10.58,59.83,-1717562.75,3.66
20:41,100711.58,19.92,21.64,100737.85,10.59,59.88,-1717499.62,4.56
20:42,100706.67,19.87,21.67,100740.00,10.40,60.32,-1717559.25,4.49
20:43,100707.04,19.77,21.62,100740.03,10.32,60.33,-1718071.25,5.70
20:44,100703.75,19.83,21.93,100736.73,10.42,61.49,-1717938.25,3.91
20:45,100703.88,19.95,21.55,100734.61,10.54,58.55,-1718355.75,4.79
20:46,100698.36,20.05,21.42,100737.96,10.54,59.79,-1718553.25,4.76
20:47,100706.53,20.00,21.57,100741.19,10.19,60.90,-1717864.75,4.87
20:48,100707.60,19.94,21.79,100737.38,9.72,63.82,-1717855.62,5.27
20:49,100716.73,19.99,21.97,100745.19,10.07,62.09,-1718072.75,4.54
20:50,100711.22,20.15,21.99,100742.00,10.15,62.89,-1718572.75,5.32
20:51,100711.65,20.34,22.17,100741.33,10.37,62.75,-1719226.75,3.99
20:52,100722.53,20.67,22.06,100741.83,10.38,62.57,-1719710.37,5.41
20:53,100714.53,20.62,22.69,100740.82,9.99,64.48,-1720838.37,5.53
20:54,100713.77,20.89,22.49,100745.91,10.19,63.29,-1720847.75,4.97
20:55,100723.94,9.86,45.87,100746.14,10.18,63.13,-1720807.25,0.76
20:56,100732.67,8.58,63.23,100742.19,9.86,64.67,-1722171.75,0.44
20:57,100727.27,9.62,64.68,100743.94,9.71,66.45,-1723386.25,0.46
20:58,100715.44,17.21,27.72,100742.53,9.83,63.98,-1725009.62,3.76
20:59,100709.28,19.22,24.84,100744.68,9.56,65.68,-1725183.75,4.11
21:0,100717.86,20.71,22.86,100747.41,9.90,64.83,-1724960.37,4.37
21:1,100716.78,20.58,21.79,100744.30,10.05,64.21,-1725137.25,4.90
21:2,100720.00,20.26,21.84,100751.66,10.33,62.25,-1724872.75,3.85
21:3,100719.08,20.02,21.85,100750.03,9.99,63.05,-1725155.25,5.72
21:4,100723.29,19.88,21.90,100749.69,9.78,63.49,-1725237.62,5.58
21:5,100722.81,19.75,21.81,100752.85,9.71,63.69,-1725690.75,5.68
21:6,100719.67,19.76,21.86,100756.33,9.86,63.26,-1725443.62,5.44
21:7,100714.70,19.81,21.79,100747.69,9.91,62.52,-1725938.00,4.68
21:8,100713.28,19.93,21.69,100742.83,10.04,61.08,-1725861.62,5.41
21:9,100717.53,20.09,21.71,100747.28,10.08,61.61,-1725624.00,4.63
21:10,100726.16,20.19,21.55,100749.89,9.94,61.04,-1725654.00,3.80
21:11,100723.65,20.21,21.85,100747.62,9.91,61.38,-1725797.62,5.67
21:12,100713.72,20.30,21.97,100751.05,9.64,61.78,-1725895.62,5.01
21:13,100717.62,20.19,21.96,100749.36,9.74,61.16,-1726279.25,5.82
21:14,100724.62,20.29,22.30,100744.06,9.85,61.73,-1725960.25,4.78
21:15,100717.80,20.28,22.74,100747.83,9.75,62.95,-1726645.25,4.67
21:16,100718.61,20.37,22.54,100747.89,9.75,62.29,-1726333.75,4.78
21:17,100730.97,20.38,22.96,100752.03,9.68,61.97,-1726231.25,5.13
21:18,100714.62,20.26,23.19,100747.58,9.55,61.83,-1725839.37,5.10
21:19,100721.14,20.19,23.24,100748.88,9.73,60.41,-1718660.37,5.54
21:20,100725.89,9.57,49.12,100749.02,9.69,61.22,-1717350.00,0.77
21:21,100738.54,5.04,65.29,100752.42,9.49,61.28,-1718324.62,0.96
21:22,100752.72,4.22,70.42,100750.13,9.24,61.91,-1715060.00,0.76
21:23,100743.29,4.06,74.41,100750.78,9.13,62.83,-1701653.25,1.47
21:24,100733.29,5.08,78.27,100755.21,9.05,63.56,-133034.29,1.47
21:25,100749.13,6.61,80.87,100753.99,9.04,64.61,-43894.60,0.78
21:26,100736.14,7.30,82.02,100757.63,9.12,65.48,-53244.20,0.78
21:27,100747.86,7.57,82.30,100760.41,9.18,65.06,-55117.80,0.79
21:28,100747.11,7.63,82.60,100761.49,9.19,66.12,-122507.40,0.78
21:29,100750.88,7.74,82.86,100760.08,9.22,67.01,-109524.50,1.51
21:30,100750.13,7.75,82.78,100760.98,9.19,67.05,-179926.09,1.48
21:31,100745.96,7.76,82.60,100761.07,9.14,65.49,-227251.09,0.79
21:32,100750.75,7.80,82.57,100759.47,9.12,66.48,-240024.79,0.77
21:33,100743.84,7.80,82.17,100760.33,9.06,66.14,-237284.20,0.78
21:34,100752.62,7.87,82.29,100761.44,9.09,67.11,-211323.29,1.48
21:35,100761.55,7.92,82.18,100762.82,9.09,67.32,-195120.79,1.46
21:36,100748.74,7.95,82.04,100759.52,9.11,66.17,-200046.90,1.48
21:37,100729.28,18.28,31.92,100757.86,9.24,64.33,-1734964.75,4.13
21:38,100724.55,20.30,25.23,100756.14,9.56,61.95,-1734859.00,5.00
21:39,100733.79,20.06,23.16,100757.30,9.73,62.14,-1734276.75,4.82
21:40,100732.03,19.32,22.99,100760.86,9.87,60.62,-1732749.25,4.92
21:41,100731.63,19.06,22.95,100762.61,9.84,60.63,-75873.90,4.74
21:42,100723.44,19.01,22.91,100756.88,9.92,60.73,-62311.60,3.93
21:43,100731.75,19.00,22.56,100764.41,10.00,59.90,-68865.21,5.21
21:44,100727.96,18.98,22.47,100765.42,9.88,60.45,-63877.30,5.75
21:45,100739.07,19.03,22.41,100767.90,9.84,60.58,-76806.10,4.83
21:46,100735.75,19.07,22.25,100765.44,9.74,61.01,-70821.40,5.34
21:47,100739.19,19.07,22.16,100768.82,9.56,61.55,-68479.50,3.83
21:48,100735.75,19.09,22.15,100769.81,9.61,61.61,-151242.00,4.87
21:49,100730.27,19.11,22.10,100774.47,9.88,60.79,-125788.90,4.95
21:50,100738.83,19.22,22.00,100776.78,9.89,60.12,-144067.90,4.91
21:51,100742.58,19.31,21.72,100777.22,9.97,59.80,-119317.10,4.14
21:52,100743.71,19.35,21.85,100775.28,9.85,60.64,-121043.10,4.95
21:53,100744.30,19.44,21.71,100771.13,10.11,59.03,-111898.71,4.90
21:54,100735.83,19.41,21.68,100771.44,9.75,59.68,-141708.70,4.73
21:55,100739.47,19.50,21.95,100772.57,9.86,60.27,-136556.29,4.75
21:56,100746.24,19.71,21.79,100776.26,9.74,60.63,-150158.00,4.92
21:57,100753.96,19.71,22.13,100773.17,9.35,61.70,-167900.20,3.78
21:58,100744.57,19.65,22.39,100779.53,9.26,62.22,-121324.21,5.45
21:59,100753.50,19.72,22.37,100783.14,9.81,60.51,-109246.71,5.80
22:0,100758.54,19.79,22.60,100784.55,9.32,61.93,-94789.10,4.96
22:1,100756.74,19.68,22.88,100786.60,9.58,61.46,-94433.60,4.85
22:2,100758.98,19.73,23.54,100784.24,9.64,61.52,-98352.30,4.18
22:3,100765.68,19.76,23.75,100789.78,9.39,62.70,-100901.40,5.50
22:4,100768.63,17.17,28.50,100795.05,9.25,62.24,-91409.40,1.48
22:5,100779.69,6.59,56.99,100793.16,9.18,63.02,-86475.00,0.77
22:6,100780.96,3.81,70.22,100792.61,8.88,64.04,-1738983.62,0.78
22:7,100786.82,4.02,75.99,100794.21,8.72,63.91,-1736374.00,0.79
22:8,100790.97,6.67,81.67,100797.30,8.81,66.37,-1738036.00,1.48
22:9,100787.38,7.41,82.37,100795.97,8.95,66.77,-1738139.00,0.76
22:10,100792.01,7.46,82.27,100794.82,8.97,65.25,-1737978.37,1.51
22:11,100785.39,7.54,82.53,100796.89,8.94,65.75,-1738038.00,0.79
22:12,100788.60,7.57,82.83,100796.91,8.95,65.82,-1738421.25,1.46
22:13,100782.85,7.64,83.16,100797.94,8.94,67.51,-1737346.62,0.77
22:14,100777.02,7.73,83.32,100801.03,9.02,67.69,-1738425.25,1.48
22:15,100787.66,7.76,83.01,100799.07,8.91,66.06,-1739003.25,1.30
22:16,100784.86,7.77,82.54,100802.11,8.89,66.05,-1739544.00,1.49
22:17,100796.04,7.88,82.55,100802.85,9.00,67.19,-1715899.00,0.79
22:18,100791.77,7.96,82.45,100803.50,8.99,67.83,-1718126.75,1.46
22:19,100789.41,7.97,82.10,100799.43,8.96,67.21,-1719462.25,1.48
22:20,100786.77,8.03,81.78,100799.64,9.03,66.15,-1720626.37,1.47
22:21,100779.42,13.58,49.13,100799.42,9.04,66.00,-1751449.25,5.41
22:22,100771.82,19.58,28.31,100798.76,9.53,62.58,-1751638.75,5.58
22:23,100764.32,20.60,23.64,100798.17,9.51,62.44,-1751378.75,5.32
22:24,100765.53,19.39,22.93,100798.05,9.55,61.11,-1751775.62,5.57
22:25,100771.94,18.93,23.02,100797.69,9.78,60.88,-1751322.75,4.80
22:26,100764.52,18.81,22.79,100793.75,9.89,59.08,-1749752.37,5.24
22:27,100761.46,18.79,22.70,100795.37,9.87,60.08,-1749838.37,5.08
22:28,100759.42,18.74,22.84,100796.96,9.40,62.71,-130395.71,4.69
22:29,100758.19,18.77,22.64,100791.00,9.47,62.25,-80238.80,5.56
22:30,100766.51,18.85,22.54,100789.30,9.48,62.94,-87315.71,4.22
22:31,100765.14,18.92,22.41,100790.00,9.61,62.29,-82657.21,5.00
22:32,100757.46,18.95,22.13,100790.24,9.64,61.41,-81542.00,3.96
22:33,100765.47,18.99,21.92,100791.05,9.88,60.66,-80095.80,4.16
22:34,100759.96,19.09,21.74,100794.46,9.82,60.72,-45947.20,5.59
22:35,100753.41,19.17,21.83,100789.92,9.81,60.87,-46214.60,3.79
22:36,100767.21,19.21,21.90,100790.16,9.64,60.46,-42350.00,4.43
22:37,100764.07,19.20,21.84,100796.60,9.61,61.44,-39969.00,4.74
22:38,100767.13,19.22,22.08,100799.58,9.75,59.43,-52661.10,4.62
22:39,100761.07,19.34,22.25,100795.69,9.43,62.84,-110661.00,4.96
22:40,100751.42,19.44,22.18,100798.32,9.33,62.08,-181355.79,3.91
22:41,100769.88,19.47,22.70,100797.71,9.45,61.41,-1748022.75,5.03
22:42,100764.42,19.55,22.66,100791.28,9.58,61.44,-1751065.37,5.02
22:43,100774.19,19.67,22.69,100795.85,9.71,60.83,-1752487.75,3.92
22:44,100761.02,19.64,22.96,100795.56,9.78,60.73,-1753002.00,3.89
22:45,100760.76,19.68,23.23,100794.63,9.83,60.55,-1753273.25,4.00
22:46,100769.92,19.52,24.09,100790.38,9.17,63.25,-1752951.25,4.07
22:47,100762.05,19.52,24.20,100797.17,9.32,63.22,-1752802.75,0.83
22:48,100781.22,7.99,53.46,100793.25,9.10,63.75,-1752853.25,1.50
22:49,100781.92,3.96,69.41,100793.52,8.78,64.42,-1751040.37,0.77
22:50,100782.02,3.65,75.25,100797.36,8.44,66.86,-1753538.25,0.78
22:51,100784.19,6.09,81.69,100799.64,8.35,68.35,-1751537.62,1.48
22:52,100790.12,7.13,82.75,100803.30,8.46,70.06,-1752729.25,0.79
22:53,100786.69,7.37,83.12,100798.24,8.47,70.01,-1752775.25,0.79
22:54,100784.91,7.40,83.41,100798.05,8.55,70.18,-1752972.25,0.79
22:55,100793.28,7.44,83.49,100800.17,8.61,67.94,-1753746.62,1.51
22:56,100780.55,7.33,83.50,100796.03,8.36,69.90,-1753000.62,1.51
22:57,100777.08,7.39,84.03,100794.61,8.34,70.89,-1753687.75,0.77
22:58,100773.58,7.47,83.95,100797.56,8.28,69.28,-1753986.37,0.77
22:59,100789.44,7.40,82.90,100795.71,8.57,66.10,-1754547.25,1.52
23:0,100788.10,7.46,83.02,100801.33,8.44,68.72,-1753865.25,0.79
23:1,100793.86,7.57,83.22,100800.50,8.47,70.01,-1753825.37,0.77
23:2,100792.85,7.58,83.19,100799.04,8.43,70.33,-1754149.62,1.50
23:3,100773.85,7.64,83.43,100794.72,8.49,70.96,-1754724.37,1.48
23:4,100781.42,8.33,86.38,100790.27,8.54,71.52,-1755115.00,4.25
23:5,100764.88,18.51,31.04,100792.14,8.86,67.37,-1755456.62,4.74
23:6,100763.14,20.36,25.16,100793.63,8.77,68.06,-1755856.75,4.52
23:7,100763.42,19.47,23.20,100796.67,8.95,65.41,-1755107.62,3.96
23:8,100771.36,18.64,23.26,100796.33,9.11,63.73,-1755391.00,3.81
23:9,100770.53,18.43,23.37,100797.35,9.24,63.63,-1755182.37,5.44
23:10,100775.19,18.35,23.26,100801.94,9.07,64.56,-1755226.75,4.78
23:11,100770.86,18.36,23.04,100801.46,9.14,63.66,-1755873.25,4.78
23:12,100767.92,18.48,22.86,100802.52,9.41,62.01,-1755794.25,4.33
23:13,100768.60,18.49,22.94,100801.82,9.31,63.49,-1755835.00,4.53
23:14,100776.38,18.57,22.69,100799.83,9.04,65.10,-1756300.25,4.64
23:15,100773.61,18.62,22.53,100798.83,9.16,64.11,-1756192.00,4.63
23:16,100765.82,18.68,22.55,100796.19,9.02,64.93,-1756662.75,4.49
23:17,100771.61,18.75,22.53,100798.24,8.76,66.95,-1756886.37,4.04
23:18,100758.53,18.77,22.62,100796.37,8.66,67.25,-1756738.00,4.67
23:19,100766.14,18.86,22.40,100798.49,8.88,65.59,-1756681.25,4.91
23:20,100769.17,18.93,22.54,100798.91,8.64,66.70,-1756976.37,5.57
23:21,100764.41,19.00,22.94,100797.38,8.85,65.23,-1756981.25,4.67
23:22,100765.16,19.08,22.89,100798.98,8.77,65.70,-1757204.00,5.63
23:23,100769.30,19.22,23.14,100803.14,9.06,65.05,-1757355.25,4.53
23:24,100772.10,19.33,23.36,100799.30,9.31,63.43,-1757193.25,4.25
23:25,100778.78,19.43,23.74,100802.68,9.08,65.99,-1757883.62,4.29
23:26,100767.77,19.34,23.94,100801.91,8.73,65.90,-1757892.37,4.09
23:27,100767.67,19.33,23.56,100799.42,9.14,63.17,-1757554.75,4.38
23:28,100776.53,19.33,24.25,100800.82,8.84,65.63,-1758014.75,4.71
23:29,100790.12,8.39,51.83,100799.88,8.86,64.78,-1757804.37,0.77
23:30,100786.58,3.87,69.40,100802.19,8.41,64.94,-1756190.37,1.51
23:31,100806.27,3.49,74.78,100802.54,8.07,65.49,-1757749.75,1.51
23:32,100795.47,5.57,80.96,100802.36,7.98,66.93,-1759624.00,0.80
23:33,100806.00,6.80,82.54,100801.61,8.22,69.21,-1759709.25,0.81
23:34,100798.08,7.13,83.22,100797.46,8.28,70.50,-1760819.25,0.79
23:35,100786.47,7.24,83.67,100799.78,8.29,71.34,-1760736.00,1.52
23:36,100787.03,7.26,84.01,100800.05,8.24,71.96,-1761111.25,0.81
23:37,100784.36,7.23,84.18,100798.92,8.21,72.20,-1760691.37,1.49
23:38,100783.47,7.27,84.59,100797.08,8.25,72.33,-1761189.62,0.80
23:39,100790.36,7.30,84.61,100799.08,8.18,72.42,-1760588.75,1.51
23:40,100779.28,7.29,84.45,100797.48,8.14,72.01,-1760619.62,0.81
23:41,100784.61,7.30,84.38,100796.02,8.17,71.96,-1761029.00,0.82
23:42,100779.32,7.34,84.25,100800.92,8.08,72.75,-1760441.62,0.84
23:43,100779.71,7.39,84.32,100802.35,8.06,73.47,-1760936.00,0.77
23:44,100782.52,7.37,84.25,100801.14,7.95,73.33,-1761388.25,1.22
23:45,100788.75,7.35,84.18,100804.63,7.97,73.35,-1757520.62,0.94
23:46,100767.96,17.93,32.58,100799.33,8.17,70.22,-1762060.75,4.26
23:47,100771.71,20.18,25.34,100799.63,8.48,68.32,-1760881.25,4.64
23:48,100764.07,19.28,23.29,100798.44,8.40,68.07,-1759960.00,4.69
23:49,100769.28,18.38,23.23,100795.08,8.49,65.51,-1760671.75,5.65
23:50,100773.75,18.05,23.26,100798.25,8.75,63.51,-1760568.00,4.47
23:51,100765.61,17.95,23.19,100799.30,8.70,63.54,-1760541.62,4.69
23:52,100771.49,17.87,23.10,100795.80,8.66,64.39,-1760391.25,3.81
23:53,100766.11,17.86,22.86,100797.44,8.74,63.58,-1760844.75,4.07
23:54,100763.64,17.92,22.85,100795.72,8.59,64.09,-1761370.00,5.39
23:55,100762.14,17.99,22.71,100791.24,8.85,63.15,-1761054.37,5.37
23:56,100772.80,18.07,22.49,100793.67,8.80,62.71,-1761168.37,4.58
23:57,100765.00,18.08,22.42,100794.09,8.89,62.49,-1761003.62,3.87
23:58,100769.17,18.01,22.50,100790.37,8.60,63.32,-1761042.62,4.21
23:59,100766.27,18.06,22.50,100794.74,8.69,63.60,-1761275.00,4.48
0:0,100777.36,18.17,22.98,100793.33,8.52,66.03,-1761653.25,5.63
0:1,100762.97,18.33,22.51,100790.78,8.42,64.60,-1762095.62,4.20
0:2,100760.42,18.43,22.78,100791.75,8.37,65.01,-1761890.75,4.65
0:3,100764.60,18.52,22.76,100792.14,8.39,64.96,-1762409.62,3.76
0:4,100764.35,18.55,23.26,100790.85,8.24,65.99,-1761773.37,3.74
0:5,100749.71,18.57,22.69,100787.48,8.67,62.07,-1761888.75,4.48
0:6,100751.65,18.46,23.12,100787.77,8.51,61.45,-1762568.00,4.58
0:7,100764.10,18.52,23.22,100787.35,8.72,61.82,-1762291.62,4.87
0:8,100760.74,18.60,23.27,100787.94,8.87,61.35,-1762103.25,3.76
0:9,100768.14,14.51,32.63,100782.98,8.70,62.40,-1762079.25,0.76
0:10,100785.35,5.07,61.16,100785.03,8.45,60.98,-1762214.25,0.78
0:11,100774.25,3.47,71.24,100787.83,8.21,62.06,-1762843.25,0.82
0:12,100773.35,3.53,75.88,100786.97,7.94,63.22,-1761780.75,1.51
0:13,100783.27,5.68,81.32,100782.21,7.92,65.75,-100843.80,0.79
0:14,100776.05,6.53,82.48,100792.53,7.91,68.49,-270617.31,1.51
0:15,100778.37,6.68,82.82,100794.08,7.90,68.86,-314853.00,0.78
0:16,100783.16,6.78,83.41,100790.96,7.93,70.03,-529268.12,0.79
0:17,100784.50,6.84,83.69,100797.07,7.86,70.78,-434485.81,1.48
0:18,100786.33,6.88,84.03,100797.92,7.86,71.11,-630274.81,0.79
0:19,100789.92,6.90,84.25,100798.45,7.80,71.54,-541501.62,1.48
0:20,100784.81,6.93,84.33,100795.53,7.65,72.12,-588999.31,1.47
0:21,100785.16,6.92,84.23,100795.10,7.73,71.79,-570048.87,1.46
0:22,100785.75,7.01,84.33,100796.47,7.79,72.12,-548006.68,0.77
0:23,100793.08,7.04,84.17,100794.46,7.81,72.21,-570844.18,0.77
0:24,100781.50,7.10,84.16,100795.02,7.86,72.13,-416583.90,0.77
0:25,100779.05,7.08,83.72,100797.57,7.89,71.37,-253350.90,0.81
0:26,100769.83,13.53,44.59,100794.71,7.91,71.34,-1772134.75,4.52
0:27,100761.58,19.05,28.17,100795.60,8.45,66.23,-1771747.62,4.45
0:28,100774.17,19.48,23.84,100791.64,8.53,65.88,-1772202.75,4.78
0:29,100762.61,18.32,23.57,100797.64,8.20,67.50,-1771968.25,4.51
0:30,100757.44,17.85,23.65,100792.58,8.31,66.12,-1772170.37,4.58
0:31,100762.28,17.74,23.46,100794.80,8.49,64.69,-1771645.25,3.94
0:32,100768.68,17.69,23.30,100790.92,8.36,65.15,-1772061.62,4.73
0:33,100757.94,17.66,23.38,100794.88,8.36,65.65,-1771718.37,4.16
0:34,100766.83,17.64,23.15,100793.19,8.44,65.06,-1771990.37,4.56
0:35,100762.10,17.70,23.00,100793.81,8.30,66.10,-1772516.75,4.63
0:36,100758.04,17.70,22.94,100797.60,8.15,65.77,-1772530.75,4.16
0:37,100767.53,17.75,22.94,100797.83,8.38,64.92,-1772318.62,4.16
0:38,100762.16,17.84,23.05,100793.99,8.20,67.16,-1772910.37,3.67
0:39,100767.37,17.96,22.42,100795.08,8.32,64.38,-1772819.62,3.66
0:40,100770.57,17.93,23.06,100798.92,8.02,67.12,-1772533.25,4.37
0:41,100770.28,18.06,22.90,100795.44,8.17,65.43,-1773061.25,4.47
0:42,100770.95,18.20,23.26,100796.70,8.28,66.22,-1772950.75,4.58
0:43,100776.07,18.39,23.64,100797.52,8.25,67.45,-1773100.37,3.75
0:44,100769.27,18.49,23.98,100796.39,8.24,66.31,-1772984.37,5.37
0:45,100776.93,18.53,23.82,100799.47,8.28,66.35,-1772999.25,4.59
0:46,100777.53,18.59,24.01,100792.35,8.13,66.91,-1773203.62,4.62
0:47,100774.01,18.61,24.12,100795.70,8.22,65.80,-1773362.37,3.94
0:48,100773.66,17.98,25.22,100791.66,8.14,66.09,-1773332.75,0.76
0:49,100779.96,6.52,56.56,100790.44,8.09,65.81,-1773465.62,0.77
0:50,100778.39,3.51,71.08,100795.30,7.69,66.07,-1773950.00,0.79
0:51,100787.86,3.30,75.84,100798.03,7.39,67.22,-1772272.37,0.78
0:52,100788.88,5.09,81.37,100797.11,7.28,69.61,-569811.81,0.77
0:53,100785.40,6.28,82.99,100798.85,7.45,71.52,-1766407.62,0.79
0:54,100797.35,6.59,83.54,100796.60,7.54,72.37,-834835.87,1.46
0:55,100794.11,6.63,83.98,100798.43,7.43,73.28,-1759555.62,0.78
0:56,100776.99,6.65,84.27,100799.17,7.45,73.64,-1777338.37,0.81
0:57,100787.89,6.65,84.53,100795.63,7.45,73.62,-1778432.00,1.49
0:58,100787.89,6.69,84.79,100798.13,7.46,73.54,-1779160.37,0.78
0:59,100790.36,6.72,84.87,100799.46,7.42,73.55,-1778983.62,1.48
1:0,100784.60,6.71,84.96,100805.89,7.32,73.55,-1778651.37,0.77
1:1,100788.22,6.72,85.03,100799.47,7.34,73.94,-1779448.75,0.78
1:2,100787.72,6.71,84.78,100804.92,7.25,73.80,-1779736.25,0.77
1:3,100780.96,6.72,84.75,100806.03,7.32,74.25,-1780341.62,1.51
1:4,100796.56,6.78,84.87,100799.59,7.39,74.11,-1780681.25,0.79
1:5,100784.81,8.46,82.95,100801.38,7.38,74.44,-1780612.75,4.35
1:6,100768.57,18.28,30.82,100800.64,7.69,70.87,-1781381.00,5.70
1:7,100754.08,19.22,25.16,100798.41,7.79,69.16,-1780829.25,4.59
1:8,100769.03,18.02,23.66,100800.73,7.72,67.58,-1780332.00,4.69
1:9,100764.56,17.30,23.93,100798.54,7.75,66.80,-1780798.00,4.02
1:10,100762.30,17.14,23.92,100799.28,7.81,66.72,-1780725.25,5.33
1:11,100771.21,17.07,23.69,100796.44,7.85,65.83,-1780497.62,5.41
1:12,100758.44,17.05,23.73,100799.45,7.87,66.58,-1781139.62,5.47
1:13,100776.31,17.05,23.57,100794.15,7.82,66.32,-1780536.00,5.06
1:14,100767.92,17.12,23.49,100797.61,7.89,67.03,-1780860.75,4.09
1:15,100765.44,17.19,23.32,100797.88,7.77,67.38,-1780974.75,4.67
1:16,100764.08,17.22,23.22,100799.07,7.72,66.62,-1780656.75,4.74
1:17,100762.09,17.25,23.43,100799.42,7.53,69.00,-1781723.25,4.85
1:18,100768.02,17.40,23.37,100799.02,7.51,68.57,-1781777.25,4.78
1:19,100763.03,17.47,23.54,100796.25,7.46,69.01,-1781547.25,5.19
1:20,100766.72,17.59,23.71,100799.25,7.78,66.76,-1781296.00,4.37
1:21,100768.22,17.72,24.02,100796.23,7.50,69.80,-1781621.00,4.17
1:22,100768.00,17.78,24.40,100795.07,7.56,69.39,-1782523.62,5.70
1:23,100768.75,17.88,24.49,100794.25,7.46,69.74,-1782834.00,4.63
1:24,100768.43,17.88,24.77,100796.97,7.87,66.83,-1782264.25,5.12
1:25,100767.58,17.90,25.14,100799.74,7.43,70.11,-1782816.75,4.74
1:26,100776.11,17.27,26.10,100796.51,7.45,69.28,-1782263.00,0.76
1:27,100782.50,5.99,58.79,100798.40,7.29,69.47,-1782798.75,0.78
1:28,100791.50,3.32,72.18,100800.27,7.11,69.01,-1770192.00,1.46
1:29,100793.50,3.07,76.44,100799.57,6.91,69.66,-1747624.37,0.79
1:30,100789.26,4.31,80.94,100797.17,6.92,70.09,-1781366.00,1.53
1:31,100791.05,5.80,83.19,100796.36,6.92,73.30,-1781815.75,0.79
1:32,100797.28,6.17,83.90,100801.55,6.96,74.22,-1781666.75,0.77
1:33,100787.86,6.23,84.32,100795.34,6.81,75.24,-1781962.62,0.79
1:34,100782.78,6.25,84.55,100799.96,6.98,74.64,-1781496.75,0.77
1:35,100781.17,6.31,84.79,100801.01,7.09,74.17,-1783480.75,0.77
1:36,100789.32,6.20,84.89,100794.38,6.80,75.03,-1784112.37,0.77
1:37,100782.17,6.24,85.25,100794.13,6.87,75.07,-1786022.75,1.38
1:38,100782.79,6.32,85.45,100795.39,6.82,75.39,-1786163.37,1.52
1:39,100775.92,6.29,85.50,100794.03,6.81,75.52,-1785957.25,0.77
1:40,100784.27,6.35,85.36,100797.06,7.00,74.37,-1786577.37,0.79
1:41,100778.97,6.43,85.53,100795.21,6.97,75.38,-1787001.37,1.26
1:42,100787.30,6.42,85.47,100795.71,6.84,75.74,-1786673.25,1.26
1:43,100771.72,8.56,79.24,100796.52,6.69,76.21,-1787137.75,4.39
1:44,100765.36,18.02,30.91,100794.09,7.10,72.19,-1787381.25,4.63
1:45,100759.79,18.92,25.33,100792.06,7.25,71.78,-1788030.00,4.78
1:46,100765.80,17.78,23.89,100795.21,7.04,71.01,-1786685.25,3.74
1:47,100754.56,16.98,24.05,100793.88,7.30,68.48,-1786850.00,4.77
1:48,100755.88,16.77,24.23,100790.96,7.27,69.31,-1787251.25,5.01
1:49,100755.02,16.69,24.18,100795.02,7.26,70.03,-1787415.00,3.75
1:50,100761.74,16.67,23.82,100792.44,7.36,67.94,-1786512.37,4.56
1:51,100769.53,16.69,23.70,100795.39,7.50,67.12,-1786617.25,4.67
1:52,100769.47,16.72,23.60,100796.91,7.46,67.62,-1786662.00,5.06
1:53,100768.19,16.71,23.55,100792.42,7.32,67.95,-1786473.00,4.00
1:54,100771.66,16.80,23.47,100795.33,7.41,68.24,-1787293.25,4.80
1:55,100771.02,16.90,23.60,100797.89,7.48,67.39,-1786898.37,4.84
1:56,100777.92,17.00,23.78,100795.97,7.42,68.24,-1787020.75,4.61
1:57,100770.19,17.14,24.11,100796.13,7.45,68.15,-1787169.00,4.65
1:58,100773.78,17.23,24.32,100802.78,7.26,68.81,-1787197.25,3.76
1:59,100772.49,17.30,24.46,100799.78,7.38,68.19,-1787203.62,4.65
2:0,100763.93,17.36,24.63,100797.97,7.36,68.42,-1787559.37,5.50
2:1,100772.16,17.45,25.03,100802.35,7.24,70.10,-1787824.37,4.55
2:2,100774.96,17.46,25.50,100805.25,7.09,70.38,-1787294.37,5.16
2:3,100785.94,11.95,38.53,100805.82,7.19,69.49,-1787424.75,0.78
2:4,100796.58,4.19,65.70,100806.45,7.01,69.51,-1787759.25,1.21
2:5,100805.72,3.06,74.09,100803.17,6.77,70.21,-1786029.62,1.48
2:6,100796.60,3.11,77.74,100801.70,6.61,70.20,-1788063.00,1.49
2:7,100791.74,4.86,82.14,100796.97,6.68,71.01,-1789482.00,0.79
2:8,100794.13,5.83,83.45,100798.98,6.86,72.54,-1790295.62,1.48
2:9,100795.28,6.11,84.03,100804.30,6.89,73.72,-1789952.62,1.48
2:10,100787.46,6.16,84.32,100802.75,6.88,74.27,-1790069.00,1.49
2:11,100782.85,6.17,84.62,100803.14,6.84,74.75,-1790072.25,0.79
2:12,100778.96,6.15,84.92,100799.55,6.87,74.66,-1790684.00,1.48
2:13,100792.93,6.21,85.20,100800.78,6.85,75.18,-1791098.75,1.48
2:14,100793.59,6.21,85.35,100798.36,6.85,75.32,-1791199.25,0.80
2:15,100793.52,6.20,85.41,100793.25,6.72,75.18,-1791755.62,0.77
2:16,100793.30,6.19,85.64,100799.44,6.65,76.26,-1792007.00,0.79
2:17,100782.71,6.24,85.71,100798.25,6.70,76.08,-1792284.00,1.48
2:18,100787.92,6.27,85.70,100795.63,6.67,76.08,-1790260.00,0.79
2:19,100787.46,6.22,85.55,100796.88,6.69,76.33,-1791236.00,1.50
2:20,100773.78,13.25,47.77,100796.45,6.64,75.57,-1792997.62,5.24
2:21,100764.35,18.43,28.20,100800.11,6.83,73.40,-1794328.25,4.69
2:22,100766.17,18.57,24.50,100804.72,7.06,71.68,-1792680.00,3.70
2:23,100780.10,17.22,24.12,100799.72,7.00,70.54,-1792474.00,4.67
2:24,100781.99,16.70,24.13,100803.19,7.28,67.58,-1792716.25,5.25
2:25,100776.04,16.56,24.27,100806.85,7.22,69.69,-1792921.25,4.55
2:26,100774.46,16.52,24.10,100797.83,7.31,68.35,-1792734.62,3.97
2:27,100770.90,16.53,24.00,100807.24,7.17,69.79,-1793450.37,4.50
2:28,100782.19,16.58,23.66,100800.90,7.36,67.01,-1793358.62,3.96
2:29,100765.75,16.59,23.80,100803.50,7.18,69.16,-1793460.75,4.10
2:30,100779.80,16.62,23.64,100802.36,7.30,67.40,-1793744.75,4.61
2:31,100794.05,16.69,23.72,100802.05,7.38,67.26,-1793292.25,4.09
2:32,100778.03,16.71,23.69,100801.72,7.42,66.86,-1793974.37,4.00
2:33,100778.21,16.83,24.10,100805.21,7.17,68.65,-1793882.62,4.21
2:34,100776.65,16.88,24.58,100802.37,7.08,70.29,-1794373.62,4.60
2:35,100768.41,17.08,24.35,100806.02,7.09,69.19,-1794014.37,4.23
2:36,100772.82,17.16,24.70,100804.80,7.08,69.74,-1794065.62,4.59
2:37,100774.97,17.23,25.03,100805.46,7.11,69.65,-1793890.00,3.73
2:38,100775.96,17.23,25.46,100800.68,6.83,71.68,-1794824.75,4.47
2:39,100772.89,17.24,25.80,100802.74,6.95,70.27,-1794741.37,4.02
2:40,100780.28,9.42,46.43,100802.96,7.13,69.05,-1794413.37,1.01
2:41,100793.28,3.65,68.77,100797.89,6.80,70.28,-1794624.62,0.86
2:42,100800.21,2.93,75.17,100795.79,6.56,70.64,-1794936.75,0.77
2:43,100803.58,3.10,78.63,100798.02,6.33,72.07,-1795844.75,0.77
2:44,100797.39,4.83,82.83,100798.45,6.26,74.20,-1796570.62,1.35
2:45,100788.23,5.64,83.88,100797.05,6.42,75.23,-1797440.25,0.79
2:46,100784.14,5.92,84.43,100795.72,6.62,75.21,-1797674.37,0.80
2:47,100786.13,5.95,84.68,100793.60,6.65,75.21,-1797287.62,0.79
2:48,100792.92,5.96,84.92,100795.30,6.68,75.27,-1798054.00,0.80
2:49,100785.85,5.97,85.17,100792.10,6.63,75.51,-1798188.62,0.78
2:50,100789.50,6.03,85.45,100800.25,6.68,75.85,-1798432.75,0.79
2:51,100793.92,6.08,85.67,100799.10,6.65,76.33,-1798548.37,0.79
2:52,100790.15,6.14,85.75,100799.02,6.74,75.99,-1798660.37,0.79
2:53,100779.36,6.19,85.94,100794.59,6.68,76.56,-1798969.62,0.78
2:54,100788.74,6.24,86.04,100798.52,6.67,76.89,-1799198.00,1.51
2:55,100781.30,6.28,86.07,100798.80,6.71,76.87,-1798708.00,0.81
2:56,100788.50,6.24,85.98,100798.96,6.71,76.70,-1798882.75,1.24
2:57,100765.03,15.33,40.57,100807.02,6.89,74.68,-1799263.37,5.31
2:58,100771.14,18.65,27.40,100797.55,7.42,71.03,-1798674.37,4.20
2:59,100770.57,18.53,24.17,100802.19,7.28,71.24,-1799124.75,4.21
3:0,100767.62,17.36,24.26,100799.94,7.35,70.14,-1799270.62,5.54
3:1,100769.72,16.91,24.33,100797.60,7.41,69.27,-1798777.62,4.28
3:2,100768.00,16.78,24.26,100799.09,7.37,69.23,-1799308.00,4.65
3:3,100771.00,16.76,24.07,100802.46,7.55,67.71,-1799263.62,4.22
3:4,100777.91,16.77,23.79,100800.39,7.62,67.12,-1799622.37,4.58
3:5,100770.11,16.84,23.58,100798.42,7.64,67.02,-1800119.62,4.76
3:6,100771.19,16.88,23.48,100797.73,7.50,68.73,-1799706.37,4.62
3:7,100771.75,16.95,23.29,100799.92,7.80,66.63,-1799921.25,4.44
3:8,100769.21,17.01,23.61,100800.85,7.60,67.54,-1799918.25,4.63
3:9,100769.60,17.06,23.77,100798.94,7.61,68.32,-1800555.37,3.87
3:10,100773.00,17.20,23.93,100801.75,7.39,69.53,-1800170.37,4.63
3:11,100767.17,17.35,24.21,100803.08,7.58,68.57,-1800348.37,4.45
3:12,100767.07,17.49,24.41,100802.39,7.40,69.13,-1800376.37,3.82
3:13,100771.07,17.59,24.43,100803.95,7.66,67.78,-1800588.37,3.89
3:14,100769.12,17.66,24.79,100802.58,7.61,68.91,-1800643.25,4.79
3:15,100769.05,17.74,24.88,100803.08,7.54,68.88,-1800818.00,3.94
3:16,100772.68,17.77,25.55,100801.59,7.35,70.34,-1801541.37,4.92
3:17,100773.08,17.81,25.40,100802.76,7.70,67.55,-1800762.00,4.61
3:18,100788.75,6.89,55.84,100800.96,7.59,68.23,-1801247.25,0.78
3:19,100793.72,3.42,71.29,100805.27,7.11,68.95,-1800902.00,0.79
3:20,100801.24,2.99,76.06,100798.14,6.79,70.02,-1801321.75,0.79
3:21,100795.47,3.91,80.38,100801.90,6.59,72.28,-1801681.62,0.79
3:22,100806.41,5.61,83.21,100801.92,6.72,73.49,-1802150.75,0.81
3:23,100795.39,6.08,83.85,100804.13,6.87,73.95,-1802482.25,0.79
3:24,100790.85,6.26,84.35,100808.84,6.98,74.56,-1802341.25,1.49
3:25,100800.24,6.29,84.70,100804.24,6.95,75.16,-1802584.37,1.48
3:26,100786.98,6.28,84.99,100807.66,6.95,75.09,-1802572.00,1.50
3:27,100784.86,6.30,85.16,100806.33,6.90,75.51,-1802580.75,0.81
3:28,100793.03,6.29,85.49,100803.46,6.85,75.85,-1802729.25,0.79
3:29,100788.10,6.29,85.58,100802.57,6.82,75.71,-1803180.00,0.78
3:30,100791.10,6.33,85.77,100801.61,6.83,76.07,-1803510.75,1.48
3:31,100789.22,6.38,85.90,100804.60,6.85,76.32,-1804002.62,0.77
3:32,100793.11,6.34,85.78,100803.85,6.72,76.05,-1803710.25,1.48
3:33,100786.10,6.31,85.79,100806.34,6.75,76.71,-1803991.62,1.48
3:34,100792.35,6.36,85.81,100809.39,6.73,76.85,-1804485.75,1.48
3:35,100772.42,17.43,33.27,100807.17,7.10,73.64,-1805005.37,5.24
3:36,100771.14,18.91,25.99,100809.96,7.24,71.59,-1804828.00,3.71
3:37,100769.60,18.08,23.98,100806.35,7.18,71.74,-1804483.25,4.16
3:38,100774.40,17.15,24.25,100808.41,7.03,71.08,-1804296.62,3.94
3:39,100773.64,16.75,24.06,100804.13,7.41,67.45,-1804617.62,4.09
3:40,100775.03,16.67,24.02,100799.55,7.57,67.36,-1804700.75,4.67
3:41,100775.22,16.70,23.87,100800.58,7.64,66.44,-1804591.25,4.63
3:42,100774.20,16.69,23.73,100800.71,7.48,67.88,-1804712.37,4.54
3:43,100780.18,16.71,23.62,100800.73,7.36,67.55,-1805198.00,5.45
3:44,100764.73,16.70,23.43,100801.53,7.47,66.50,-1805017.25,4.54
3:45,100770.71,16.70,23.41,100798.83,7.58,65.93,-1805183.62,5.35
3:46,100769.62,16.75,23.48,100800.81,7.50,66.65,-1805679.25,4.67
3:47,100768.39,16.81,23.86,100797.51,7.47,67.17,-1805458.00,5.34
3:48,100772.69,16.86,23.87,100792.78,7.28,67.71,-1805799.62,4.76
3:49,100773.24,17.03,24.03,100798.49,7.15,68.62,-1805681.75,4.65
3:50,100769.56,17.15,24.08,100799.07,7.02,69.19,-1805937.37,3.96
3:51,100778.50,17.22,24.46,100798.78,6.98,69.73,-1806046.00,3.70
3:52,100767.34,17.25,25.13,100797.39,6.85,71.62,-1806296.37,3.99
3:53,100774.10,17.35,24.89,100800.42,6.94,70.07,-1806216.00,4.83
3:54,100758.69,17.36,25.37,100799.99,6.94,71.00,-1806663.62,3.87
3:55,100778.75,7.92,51.98,100798.54,6.96,69.98,-1806274.75,0.78
3:56,100791.17,3.46,70.04,100799.77,6.65,69.81,-1805954.75,0.77
3:57,100786.95,2.90,75.56,100793.98,6.46,70.50,-1804368.62,0.78
3:58,100792.57,3.18,78.93,100800.92,6.26,72.07,-1806013.00,1.48
3:59,100785.28,4.86,82.71,100799.92,6.19,73.62,-1806714.00,0.78
4:0,100786.38,5.58,83.87,100801.75,6.33,74.66,-1806617.37,1.46
4:1,100787.33,5.77,84.30,100799.74,6.41,75.37,-1807579.62,0.90
4:2,100789.55,5.86,84.69,100799.67,6.49,75.61,-1807916.00,0.78
4:3,100785.61,5.89,85.00,100800.97,6.50,75.71,-1808550.00,1.51
4:4,100786.33,5.81,85.12,100800.27,6.31,75.98,-1808067.62,0.80
4:5,100787.82,5.75,85.40,100802.48,6.24,76.53,-1808174.75,1.49
4:6,100791.21,5.83,85.59,100806.33,6.38,76.34,-1808821.25,0.79
4:7,100799.97,5.96,85.82,100802.82,6.43,76.57,-1808670.37,0.78
4:8,100788.30,5.99,85.98,100805.53,6.44,76.68,-1809289.25,1.49
4:9,100794.62,6.01,85.99,100810.47,6.34,76.75,-1808958.00,0.81
4:10,100797.54,5.88,85.78,100813.02,6.16,76.86,-1808980.37,1.48
4:11,100805.42,5.90,85.81,100814.25,6.24,76.89,-1809392.00,0.79
4:12,100789.42,16.17,36.94,100815.49,6.59,74.33,-1809480.37,4.14
4:13,100785.31,18.33,26.42,100816.89,6.91,69.12,-1809394.75,4.56
4:14,100775.25,17.75,24.01,100819.89,7.36,65.42,-1806926.00,4.96
4:15,100793.64,16.68,24.29,100822.61,7.11,66.92,-1808242.75,3.82
4:16,100789.03,16.40,24.33,100825.42,7.46,64.24,-1809021.25,3.87
4:17,100808.07,16.34,24.25,100827.25,7.55,64.99,-1810186.37,3.76
4:18,100798.28,16.39,24.04,100828.60,7.59,64.24,-1810360.00,3.80
4:19,100801.60,16.47,23.77,100827.24,7.96,62.79,-1810992.37,5.01
4:20,100807.11,16.58,23.54,100840.22,7.99,62.91,-1810944.75,5.48
4:21,100799.00,16.57,23.33,100829.53,7.83,63.41,-1810961.62,3.76
4:22,100795.72,16.66,23.47,100832.11,8.07,63.76,-1811545.75,5.54
4:23,100797.10,16.84,23.98,100827.37,7.72,67.10,-1811014.37,5.47
4:24,100810.46,17.10,23.88,100831.32,7.49,69.26,-1811191.62,4.43
4:25,100803.12,17.28,23.76,100833.64,7.68,68.70,-1811046.75,5.23
4:26,100801.19,17.47,23.90,100836.75,7.72,68.89,-1811344.00,4.81
4:27,100817.64,17.65,24.22,100834.89,7.62,69.89,-1810931.25,4.92
4:28,100797.19,17.84,24.58,100833.28,7.69,69.97,-1811307.75,4.74
4:29,100801.24,18.00,24.85,100832.74,7.57,72.62,-1811609.25,5.21
4:30,100808.06,18.11,25.13,100829.85,7.58,72.40,-1811659.62,4.07
4:31,100804.17,18.21,25.53,100830.28,7.75,71.31,-1811333.37,5.55
4:32,100799.73,18.25,25.91,100829.49,7.84,71.98,-1811778.00,4.67
4:33,100800.47,18.29,26.48,100826.63,7.57,73.99,-1811780.75,5.28
4:34,100804.77,7.28,55.36,100828.11,7.56,73.54,-1811891.62,0.79
4:35,100811.96,3.51,72.02,100828.64,7.21,72.47,-1812712.37,1.46
4:36,100831.19,3.12,77.03,100830.42,6.86,74.04,-1809732.62,1.47
4:37,100829.14,4.69,82.25,100832.06,6.76,74.74,-1608885.25,1.49
4:38,100822.40,6.17,84.19,100831.07,6.88,77.35,-1583202.75,1.52
4:39,100837.57,6.56,84.86,100835.49,7.02,78.31,-1562486.62,1.25
4:40,100832.49,6.61,85.29,100832.53,7.03,78.51,-1548209.75,1.48
4:41,100824.86,6.65,85.66,100835.46,7.01,79.13,-1557380.25,1.48
4:42,100822.17,6.70,86.04,100836.54,6.98,79.83,-1573219.50,1.46
4:43,100822.03,6.78,86.39,100832.75,6.97,80.77,-1594498.75,1.48
4:44,100815.71,6.79,86.69,100833.95,6.94,81.31,-1572403.12,0.77
4:45,100821.14,6.81,86.90,100830.08,6.97,81.39,-1571459.25,1.50
4:46,100815.25,6.82,87.03,100830.88,6.93,81.50,-1558365.62,1.24
4:47,100821.41,6.81,87.20,100830.35,6.90,81.84,-1538603.87,1.50
4:48,100813.88,6.79,87.29,100832.30,6.91,81.45,-1557210.62,1.48
4:49,100816.07,6.76,87.26,100823.56,6.91,80.89,-1782061.25,1.48
4:50,100811.30,6.75,87.31,100825.71,6.81,81.45,-1803657.00,0.79
4:51,100787.08,17.63,34.23,100828.70,7.09,79.33,-1816894.00,4.27
4:52,100792.78,19.52,26.86,100833.71,7.18,78.35,-1817391.25,5.80
4:53,100795.05,19.05,24.35,100829.75,7.18,77.17,-1817740.75,5.03
4:54,100798.83,18.01,24.40,100824.28,7.20,76.08,-1817559.62,5.41
4:55,100793.51,17.63,24.50,100828.50,7.23,76.08,-1817137.25,5.21
4:56,100793.26,17.51,24.30,100827.67,7.15,75.42,-1817039.25,5.15
4:57,100791.26,17.44,24.16,100830.63,7.07,76.05,-1817068.00,5.57
4:58,100792.28,17.44,24.05,100824.96,7.16,75.40,-1815326.00,4.68
4:59,100789.72,17.50,23.94,100831.44,7.31,74.58,-1809324.75,5.68
5:0,100799.57,17.56,24.10,100825.97,7.28,76.11,-1810276.62,3.71
5:1,100794.96,17.68,24.21,100836.05,7.35,75.45,-1810474.37,4.67
5:2,100795.63,17.70,24.18,100830.92,7.51,74.17,-1804627.25,5.12
5:3,100795.36,17.74,24.85,100835.19,7.44,75.11,-1815039.62,4.26
5:4,100795.22,17.93,25.38,100832.83,7.34,76.96,-1813319.37,3.80
5:5,100800.13,18.07,25.66,100833.63,7.39,75.71,-1668893.75,5.39
5:6,100802.16,18.05,26.06,100831.53,7.14,76.98,-1817657.25,4.87
5:7,100803.58,18.04,26.67,100829.79,6.90,78.89,-1818001.25,5.14
5:8,100800.49,18.05,27.45,100832.86,7.05,78.34,-1817835.75,5.34
5:9,100794.78,17.68,27.96,100833.57,7.15,77.12,-1817859.75,1.48
5:10,100813.42,5.99,60.15,100827.27,7.03,76.42,-1818173.25,0.79
5:11,100818.93,3.26,73.88,100824.82,6.62,76.41,-1819724.62,1.48
5:12,100825.85,2.94,77.97,100822.67,6.30,76.90,-1819472.25,1.51
5:13,100815.93,4.19,82.21,100827.08,6.24,77.64,-1818860.00,0.79
5:14,100811.61,5.74,84.40,100821.17,6.33,79.36,-1819036.00,1.48
5:15,100822.50,6.14,85.08,100828.21,6.46,80.21,-1818964.00,0.79
5:16,100812.33,6.22,85.56,100824.43,6.48,80.79,-1819378.37,0.78
5:17,100811.11,6.22,85.89,100825.99,6.45,81.07,-1819585.62,1.49
5:18,100814.80,6.23,86.25,100819.95,6.44,81.32,-1819813.62,1.51
5:19,100814.02,6.26,86.52,100820.02,6.42,81.84,-1819582.00,0.79
5:20,100804.74,6.26,86.75,100823.42,6.33,82.25,-1819309.62,0.78
5:21,100802.59,6.28,87.03,100819.33,6.28,82.76,-1820310.62,1.49
5:22,100802.08,6.27,87.18,100820.08,6.26,82.89,-1812517.75,1.49
5:23,100808.00,6.31,87.38,100823.66,6.28,83.12,-1810574.62,1.49
5:24,100809.96,6.35,87.55,100822.36,6.34,83.06,-1810620.75,1.50
5:25,100815.61,6.38,87.66,100818.42,6.36,83.12,-1811146.37,1.51
5:26,100816.77,8.34,91.95,100820.53,6.27,83.19,-1823963.37,4.02
5:27,100787.17,17.76,32.87,100818.99,6.59,80.40,-1824947.75,5.56
5:28,100784.07,19.07,26.51,100821.91,6.54,79.97,-1824526.37,4.70
5:29,100786.03,18.23,24.45,100821.39,6.41,79.84,-1824877.62,5.60
5:30,100789.95,17.25,24.76,100817.52,6.67,77.56,-1824359.00,4.48
5:31,100800.94,16.94,24.83,100820.89,6.50,78.67,-1824984.00,4.63
5:32,100791.56,16.80,24.58,100821.81,6.55,76.89,-1824737.62,5.14
5:33,100791.65,16.72,24.74,100822.27,6.53,78.13,-1824692.00,4.52
5:34,100794.79,16.78,24.57,100823.97,6.78,76.25,-1824609.25,4.63
5:35,100796.82,16.81,24.58,100824.97,6.78,75.58,-1824871.25,5.43
5:36,100808.53,16.82,24.63,100828.46,7.07,73.43,-1825117.75,5.18
5:37,100803.57,16.88,25.07,100826.66,6.86,75.11,-1825487.00,4.78
5:38,100793.59,17.01,25.32,100828.85,6.70,75.57,-1825390.75,3.90
5:39,100804.25,17.13,25.75,100830.85,6.77,75.49,-1825582.37,4.79
5:40,100797.25,17.23,26.14,100828.42,6.78,75.54,-1825690.00,4.56
5:41,100806.11,17.24,26.84,100820.35,6.58,77.59,-1825989.25,4.77
5:42,100802.67,17.27,27.43,100830.51,6.42,78.54,-1826019.00,4.49
5:43,100799.57,15.74,30.65,100828.91,6.26,79.07,-1826555.62,1.48
5:44,100819.16,4.73,63.62,100827.30,6.22,77.28,-1826467.00,1.48
5:45,100826.73,3.00,74.78,100827.97,5.95,78.14,-1825565.75,1.54
5:46,100817.13,2.73,78.58,100831.97,5.72,78.45,-1825299.25,0.79
5:47,100820.89,3.61,81.89,100832.16,5.68,79.11,-1828001.25,1.53
5:48,100837.75,5.20,84.50,100830.53,5.77,80.44,-1828858.62,1.48
5:49,100821.92,5.66,85.31,100832.94,5.85,81.91,-1828583.25,0.81
5:50,100818.01,5.79,85.76,100833.07,5.99,82.03,-1829051.00,1.52
5:51,100818.77,5.80,86.08,100831.67,6.02,81.92,-1829310.00,1.52
5:52,100831.92,5.80,86.38,100832.45,5.98,82.17,-1829525.62,0.77
5:53,100822.83,5.84,86.70,100832.76,6.01,82.39,-1830328.75,1.48
5:54,100815.33,5.85,86.94,100834.34,5.97,82.67,-1829898.37,1.52
5:55,100815.43,5.88,87.12,100835.03,5.95,82.89,-1829995.25,1.47
5:56,100823.45,5.91,87.37,100836.61,5.93,83.30,-1830447.00,1.48
5:57,100815.28,5.94,87.53,100832.92,5.93,83.32,-1830808.00,0.79
5:58,100825.14,5.95,87.67,100836.46,5.95,83.45,-1830384.37,1.52
5:59,100829.82,5.89,87.66,100838.67,5.69,83.79,-1830153.00,1.48
6:0,100817.17,9.41,72.56,100840.42,5.73,84.21,-1830923.62,4.74
6:1,100809.50,17.64,31.61,100835.23,5.92,82.06,-1832194.75,5.59
6:2,100800.22,18.62,26.45,100838.89,5.94,81.16,-1830945.25,4.67
6:3,100809.60,17.77,24.40,100832.93,5.96,80.34,-1831605.25,4.80
6:4,100811.92,16.81,24.73,100838.30,5.77,81.04,-1831469.25,5.45
6:5,100805.60,16.46,24.79,100836.11,6.23,77.96,-1831073.25,5.00
6:6,100804.96,16.32,24.85,100834.10,6.37,77.03,-1830938.00,4.20
6:7,100804.46,16.22,24.62,100843.28,6.39,75.76,-1831500.75,5.39
6:8,100809.42,16.19,24.76,100837.03,6.29,76.36,-1831718.00,4.47
6:9,100814.64,16.19,24.71,100834.50,6.20,76.73,-1831989.62,5.28
6:10,100811.49,16.26,25.05,100837.78,6.39,75.72,-1831884.75,5.21
6:11,100813.19,16.39,25.30,100837.89,6.46,75.63,-1832046.00,3.97
6:12,100814.89,16.52,25.81,100840.35,6.27,77.29,-1832263.62,4.54
6:13,100813.43,16.63,26.37,100839.85,6.05,78.56,-1832797.75,5.39
6:14,100814.91,16.68,26.71,100839.24,5.99,79.11,-1833451.37,4.53
6:15,100818.96,16.67,27.28,100845.67,5.82,80.18,-1832721.25,4.01
6:16,100825.59,16.05,28.53,100843.29,5.92,79.25,-1832607.75,1.48
6:17,100829.66,4.85,62.78,100846.77,5.93,78.38,-1832799.25,1.52
6:18,100841.50,2.92,74.96,100843.11,5.61,78.38,-1832695.75,0.78
6:19,100842.42,2.62,78.45,100843.61,5.45,78.70,-1807973.25,1.49
6:20,100838.91,3.14,81.12,100845.19,5.32,80.12,-1833547.25,1.48
6:21,100836.17,4.74,84.44,100850.07,5.46,81.19,-1833656.00,1.52
6:22,100848.21,5.34,85.35,100845.02,5.66,81.86,-1834070.75,1.50
6:23,100838.32,5.56,85.90,100842.69,5.69,82.49,-1835034.37,0.79
6:24,100834.90,5.62,86.21,100842.46,5.74,82.63,-1835371.62,1.24
6:25,100840.60,5.63,86.49,100845.11,5.76,82.84,-1835736.37,1.48
6:26,100836.99,5.63,86.79,100840.38,5.76,83.05,-1835880.25,1.48
6:27,100832.57,5.61,86.98,100839.03,5.74,83.06,-1836386.75,0.77
6:28,100831.24,5.56,87.08,100842.28,5.71,83.13,-1836561.62,1.26
6:29,100830.27,5.61,87.38,100846.53,5.77,83.10,-1836734.00,1.47
6:30,100837.03,5.67,87.62,100844.50,5.75,83.33,-1836971.62,1.51
6:31,100829.07,5.68,87.72,100844.00,5.75,83.37,-1837116.00,1.46
6:32,100831.33,5.71,87.87,100842.07,5.73,83.74,-1837578.37,1.47
6:33,100827.61,8.14,91.61,100842.76,5.59,84.56,-1837221.62,4.72
6:34,100814.05,17.20,32.91,100843.17,5.64,82.83,-1837275.75,3.86
6:35,100811.21,18.32,26.83,100841.74,5.94,81.19,-1837179.62,5.24
6:36,100817.75,17.66,24.62,100842.93,6.06,80.17,-1837517.62,5.42
6:37,100810.63,16.67,24.87,100840.94,6.10,79.38,-1837740.00,5.21
6:38,100821.97,16.33,24.98,100840.96,6.22,78.09,-1837957.00,4.98
6:39,100810.23,16.22,24.91,100838.00,6.28,77.37,-1838024.75,5.33
6:40,100815.44,16.18,24.87,100835.34,6.18,77.89,-1837180.37,4.51
6:41,100821.16,16.19,24.79,100837.75,6.23,77.45,-1836834.00,4.59
6:42,100816.32,16.26,24.94,100836.58,6.23,78.10,-1837313.62,4.88
6:43,100821.79,16.33,25.05,100840.11,6.34,76.64,-1837510.00,4.88
6:44,100822.17,16.42,25.34,100843.82,6.45,76.23,-1837572.75,5.56
6:45,100819.53,16.54,25.90,100845.18,6.51,76.11,-1837539.75,3.94
6:46,100819.50,16.66,26.30,100839.89,6.50,76.36,-1837820.00,5.35
6:47,100827.63,16.74,27.12,100840.42,6.18,79.39,-1838454.62,5.41
6:48,100827.19,16.85,27.19,100843.39,6.26,78.82,-1837914.75,5.63
6:49,100820.99,16.90,27.69,100840.44,6.32,79.01,-1838039.25,4.72
6:50,100825.00,8.10,51.77,100843.75,6.30,78.83,-1838141.62,0.78
6:51,100842.16,3.26,72.37,100842.11,6.00,78.25,-1838786.75,1.50
6:52,100835.07,2.73,77.43,100845.36,5.77,78.21,-1839221.62,1.50
6:53,100834.52,2.92,80.16,100843.96,5.65,78.83,-1839579.00,1.48
6:54,100840.96,4.64,84.05,100847.94,5.69,80.39,-1840419.25,1.52
6:55,100838.58,5.50,85.24,100845.87,5.79,81.98,-1840564.37,0.82
6:56,100842.55,5.76,85.84,100846.74,5.96,82.27,-1841048.37,1.48
6:57,100844.30,5.89,86.34,100849.03,6.05,82.78,-1840758.00,0.77
6:58,100842.01,5.96,86.63,100848.75,6.08,83.17,-1841490.25,1.46
6:59,100836.28,5.97,86.84,100850.35,6.11,82.99,-1841412.00,1.48
7:0,100837.29,5.97,87.06,100850.89,6.09,82.90,-1841448.37,1.49
7:1,100843.24,5.97,87.23,100849.97,6.07,83.19,-1841469.00,1.46
7:2,100847.74,6.02,87.45,100848.52,6.10,83.39,-1841411.62,0.77
7:3,100832.32,6.07,87.65,100850.16,6.08,83.66,-1841947.75,0.77
7:4,100847.66,6.11,87.74,100847.72,6.14,83.66,-1842227.62,0.78
7:5,100841.92,6.14,87.89,100843.10,6.20,83.70,-1842305.62,1.50
7:6,100843.99,6.17,87.95,100849.14,6.16,83.77,-1842572.00,1.45
7:7,100829.35,15.55,40.72,100845.32,6.28,82.47,-1842674.37,3.69
7:8,100818.14,18.64,28.16,100852.25,6.56,80.48,-1842925.62,5.55
7:9,100821.48,18.87,25.15,100849.85,6.63,79.90,-1843382.00,5.16
7:10,100817.25,17.76,24.47,100849.11,6.60,78.97,-1843169.25,4.90
7:11,100826.46,17.13,24.51,100853.99,7.11,74.56,-1841650.62,5.46
7:12,100827.00,16.91,24.53,100852.47,7.01,75.09,-1842108.75,4.66
7:13,100827.67,16.84,24.31,100855.21,7.10,73.68,-1840462.75,5.43
7:14,100833.86,16.87,24.09,100856.71,7.25,72.49,-1836553.25,5.38
7:15,100827.89,16.90,24.04,100852.07,7.20,72.75,-1839906.00,5.30
7:16,100829.00,16.96,24.01,100854.09,7.26,72.68,-1840331.62,4.49
7:17,100822.42,17.03,23.93,100853.92,7.39,71.31,-1840420.25,4.67
7:18,100832.41,17.14,23.96,100855.42,7.49,71.01,-1840958.75,4.94
7:19,100823.10,17.29,24.11,100853.53,7.45,71.15,-1840729.25,4.55
7:20,100823.92,17.43,24.61,100853.14,7.28,73.38,-1842756.75,4.69
7:21,100817.14,17.63,24.74,100854.63,7.31,73.03,-1843574.00,4.67
7:22,100832.77,17.75,25.16,100854.52,7.27,73.55,-1843725.62,4.76
7:23,100828.96,17.85,25.21,100856.29,7.37,72.55,-1843683.25,5.63
7:24,100824.22,17.92,25.76,100857.28,7.36,73.67,-1843875.37,5.67
7:25,100831.99,18.03,25.75,100853.23,7.40,73.64,-1844117.25,5.03
7:26,100829.99,17.56,26.40,100856.95,7.63,71.26,-1843659.62,1.45
7:27,100837.75,6.08,58.45,100855.86,7.66,70.09,-1843883.25,1.45
7:28,100850.27,3.36,72.73,100857.58,7.17,70.85,-1843555.62,0.77
7:29,100861.03,3.01,76.90,100856.30,6.90,71.91,-1843625.25,0.77
7:30,100853.29,4.10,81.27,100859.32,6.75,73.63,-1844673.25,1.48
7:31,100849.39,5.89,83.93,100857.50,6.88,75.39,-1844878.37,0.76
7:32,100846.99,6.34,84.55,100859.61,7.06,75.92,-1845699.25,1.48
7:33,100848.67,6.49,84.94,100860.15,7.16,76.12,-1845420.00,0.79
7:34,100851.11,6.55,85.22,100863.08,7.22,76.21,-1845748.75,1.48
7:35,100862.92,6.60,85.56,100863.52,7.23,76.59,-1845807.75,1.48
7:36,100851.55,6.63,85.79,100866.07,7.24,76.81,-1846087.62,1.46
7:37,100851.36,6.63,85.96,100862.16,7.24,76.71,-1846154.00,0.76
7:38,100854.10,6.73,86.22,100862.46,7.29,77.04,-1846589.75,0.79
7:39,100849.42,6.76,86.23,100864.45,7.32,76.53,-1846619.25,0.76
7:40,100853.14,6.79,86.35,100867.69,7.38,76.34,-1846956.00,1.46
7:41,100857.91,6.86,86.35,100866.33,7.44,76.51,-1847216.37,1.08
7:42,100858.75,6.89,86.36,100864.57,7.46,76.46,-1847259.62,0.77
7:43,100853.10,8.80,86.62,100867.74,7.48,76.69,-1848320.37,3.47
7:44,100839.07,18.22,32.09,100866.05,7.84,73.27,-1848600.00,4.70
7:45,100837.44,19.85,25.93,100869.10,8.27,70.07,-1848436.00,5.57
7:46,100836.47,19.17,23.66,100866.30,8.65,66.85,-1849467.62,5.01
7:47,100843.64,18.28,23.79,100866.21,8.87,64.94,-1849698.00,4.20
7:48,100836.17,18.00,23.79,100863.17,8.93,64.72,-1849293.25,4.39
7:49,100836.42,17.92,23.83,100864.27,8.77,66.31,-1849714.00,4.69
7:50,100830.84,18.05,23.73,100865.06,9.00,65.51,-1850229.25,5.05
7:51,100830.35,18.10,23.22,100866.33,9.13,63.27,-1850412.25,4.61
7:52,100834.35,18.10,23.04,100861.86,9.17,62.25,-1850673.75,4.49
7:53,100831.28,18.12,22.80,100862.33,9.29,60.81,-1850302.37,4.40
7:54,100824.85,18.19,22.72,100862.10,9.32,61.28,-1850403.75,4.34
7:55,100828.23,18.29,22.57,100863.86,9.34,61.39,-1850722.75,5.46
7:56,100840.72,18.37,22.47,100863.77,9.43,60.62,-1850748.37,4.89
7:57,100833.36,18.46,22.46,100867.99,9.40,61.65,-1850374.37,4.24
7:58,100837.74,18.60,22.64,100863.89,9.17,64.24,-1851187.62,4.80
7:59,100835.34,18.79,22.65,100864.14,9.32,61.54,-1851035.62,5.00
8:0,100846.14,18.93,22.61,100866.80,9.24,62.18,-1851275.62,4.48
8:1,100839.15,19.07,22.53,100865.86,9.41,60.99,-1851276.75,4.16
8:2,100838.74,19.15,22.64,100868.08,9.47,60.61,-1851490.37,5.34
8:3,100838.02,19.20,22.90,100866.03,9.36,61.71,-1851654.00,4.27
8:4,100843.48,19.21,23.51,100869.80,9.07,63.58,-1852097.37,4.24
8:5,100836.12,19.29,23.97,100866.99,9.02,65.84,-1851859.75,4.75
8:6,100838.50,19.40,24.37,100870.42,9.15,66.02,-1852192.00,4.67
8:7,100851.62,19.45,24.30,100875.32,9.10,64.64,-1851732.75,4.94
8:8,100855.32,10.09,47.30,100875.71,9.22,63.23,-1852041.62,0.79
8:9,100860.75,4.28,66.74,100873.00,8.73,63.26,-1851549.62,0.79
8:10,100861.91,3.45,73.47,100874.89,8.28,65.27,-1851724.75,0.76
8:11,100863.11,4.44,79.01,100877.42,8.10,66.77,-1852548.75,1.44
8:12,100861.47,6.64,82.68,100878.64,8.17,69.46,-1853172.75,0.77
8:13,100869.25,7.19,83.51,100880.99,8.29,71.19,-1853796.62,0.77
8:14,100878.10,7.41,83.96,100880.60,8.38,72.07,-1853711.62,0.78
8:15,100869.53,7.51,84.29,100884.03,8.42,72.57,-1854241.00,1.46
8:16,100867.61,7.54,84.57,100884.46,8.46,72.56,-1854302.00,1.45
8:17,100872.35,7.54,84.69,100882.55,8.47,72.39,-1854806.00,1.46
8:18,100880.05,7.60,84.87,100885.63,8.48,72.32,-1854940.37,1.45
8:19,100867.44,7.66,85.01,100888.66,8.49,72.54,-1855046.37,0.77
8:20,100874.64,7.71,85.03,100885.50,8.50,72.55,-1855339.00,0.77
8:21,100880.00,7.75,85.11,100886.79,8.54,72.85,-1855382.00,0.77
8:22,100861.92,7.78,85.00,100885.63,8.54,73.01,-1855812.00,1.45
8:23,100863.99,7.81,84.88,100888.67,8.56,73.09,-1856149.62,0.81
8:24,100866.64,7.85,84.83,100888.99,8.57,73.13,-1856080.37,0.77
8:25,100856.36,17.19,35.25,100886.46,8.86,70.40,-1857078.00,3.66
8:26,100851.06,20.48,26.68,100883.39,9.29,67.52,-1856952.62,4.59
8:27,100855.36,20.75,23.60,100886.39,9.65,65.65,-1856128.75,4.92
8:28,100849.82,19.76,23.20,100885.33,9.75,64.75,-1854767.75,3.76
8:29,100838.66,19.30,23.16,100883.66,9.85,63.39,-1854270.00,5.02
8:30,100851.61,19.14,22.97,100884.51,9.93,62.34,-1853065.37,3.82
8:31,100843.97,19.11,22.88,100881.63,9.93,62.18,-1853056.75,3.71
8:32,100859.56,19.21,22.81,100881.11,10.06,61.91,-1854978.37,4.58
8:33,100855.41,19.25,22.57,100883.21,10.15,60.67,-1855094.25,4.92
8:34,100859.97,19.28,22.36,100882.63,10.21,60.50,-1854932.25,4.76
8:35,100858.14,19.38,22.34,100883.18,10.20,62.39,-1854997.25,4.33
8:36,100856.24,19.49,22.08,100887.49,10.18,60.61,-1855452.00,4.83
8:37,100848.04,19.50,21.79,100886.18,10.26,59.48,-1855828.37,5.33
8:38,100850.22,19.58,21.86,100882.82,10.28,60.58,-1855852.00,4.55
8:39,100854.64,19.75,21.67,100887.97,10.44,60.37,-1855055.25,5.40
8:40,100853.65,19.91,21.70,100884.20,10.65,59.15,-1853685.75,5.57
8:41,100851.39,20.10,21.60,100880.39,10.73,59.14,-1854161.37,4.49
8:42,100855.61,20.23,21.42,100880.25,10.76,57.92,-1854120.00,5.36
8:43,100853.74,20.36,21.62,100877.86,10.76,59.40,-1854238.75,3.76
8:44,100858.72,15.06,33.11,100882.16,10.75,58.89,-1855662.75,0.75
8:45,100873.11,6.77,57.69,100880.85,10.46,60.02,-1855803.37,0.47
8:46,100871.69,8.88,63.59,100881.86,10.52,60.47,-1856206.00,1.10
8:47,100861.45,14.44,39.71,100880.05,10.48,59.60,-1857338.37,5.16
8:48,100847.13,19.05,24.89,100877.88,10.49,58.05,-1857086.00,4.20
8:49,100854.41,20.68,22.56,100877.43,10.88,55.69,-1858263.37,4.76
8:50,100850.39,20.39,21.27,100882.17,11.02,55.30,-1857486.37,4.47
8:51,100845.78,19.79,21.55,100880.39,11.01,55.44,-1856903.00,3.79
8:52,100858.18,11.18,40.32,100877.17,10.90,54.97,-1857267.00,1.45
8:53,100868.78,6.65,60.33,100876.64,10.49,58.21,-1857505.75,1.13
8:54,100870.67,8.87,62.53,100876.30,10.54,58.18,-1857688.37,0.43
8:55,100841.46,15.54,35.88,100883.77,10.52,58.33,-1858100.00,4.09
8:56,100856.82,19.88,24.60,100876.11,10.69,56.10,-1858360.00,4.72
8:57,100861.32,20.91,22.45,100880.53,10.79,57.64,-1858196.37,4.85
8:58,100849.00,20.38,21.50,100881.63,10.88,56.63,-1858425.25,4.75
8:59,100849.11,19.88,21.27,100885.10,10.97,54.47,-1858723.75,4.11
9:0,100844.36,19.56,21.65,100882.64,10.89,55.51,-1858538.75,4.05
9:1,100864.39,11.99,38.46,100882.53,10.89,55.63,-1858456.75,0.79
9:2,100872.77,6.61,62.42,100877.94,10.53,57.01,-1858414.25,1.14
9:3,100876.10,9.25,61.00,100882.78,10.55,57.67,-1858983.25,1.14
9:4,100862.15,15.00,37.45,100887.48,10.50,57.55,-1859644.37,4.47
9:5,100853.63,19.67,24.91,100884.13,10.84,56.01,-1859966.62,5.44
9:6,100857.42,20.86,22.41,100881.85,10.92,55.16,-1859764.37,5.69
9:7,100855.17,20.48,21.44,100880.75,11.05,53.21,-1859510.37,5.68
9:8,100844.03,18.29,25.51,100880.52,10.87,54.04,-1859953.25,1.46
9:9,100868.91,5.94,59.85,100883.94,10.44,54.83,-1859943.62,0.59
9:10,100873.75,8.52,60.17,100883.46,10.42,54.88,-1860268.37,0.63
9:11,100869.91,9.93,53.86,100887.46,10.47,56.25,-1860472.00,4.10
9:12,100860.95,18.98,26.02,100886.39,10.77,54.75,-1860749.75,4.81
9:13,100855.16,20.50,22.83,100887.60,10.88,53.45,-1860631.25,4.14
9:14,100858.60,20.50,21.60,100886.33,11.01,54.52,-1860958.37,4.57
9:15,100866.32,20.02,21.38,100891.07,11.08,53.96,-1861151.00,4.97
9:16,100877.34,5.77,59.34,100888.53,10.70,54.04,-1860339.25,1.14
9:17,100875.50,8.14,61.25,100884.75,10.66,55.38,-1861266.25,1.14
9:18,100886.61,9.34,56.74,100886.78,10.65,55.45,-1861623.37,4.63
9:19,100871.44,18.78,26.56,100889.80,10.75,54.32,-1861394.00,4.52
9:20,100856.69,20.28,23.03,100888.80,10.86,52.62,-1861633.62,5.23
9:21,100846.33,20.49,21.32,100886.88,11.23,51.28,-1861655.25,3.80
9:22,100868.23,16.52,29.21,100887.04,11.02,52.39,-1861732.00,1.46
9:23,100880.48,6.30,59.32,100894.50,10.70,54.41,-1861374.75,0.46
9:24,100886.14,8.96,57.54,100894.75,10.62,53.81,-1861820.25,0.99
9:25,100866.09,11.65,47.50,100890.98,10.47,53.09,-1861880.00,3.69
9:26,100862.25,19.19,25.03,100893.40,10.67,53.01,-1862100.37,3.96
9:27,100863.70,20.47,22.31,100892.08,10.91,51.62,-1862339.75,5.50
9:28,100859.19,20.22,21.01,100888.37,10.99,50.66,-1862474.00,5.61
9:29,100881.71,8.08,48.76,100887.41,10.83,50.77,-1861900.75,1.46
9:30,100877.52,7.95,57.14,100887.01,10.55,51.55,-1862340.00,0.45
9:31,100871.80,9.89,52.21,100886.42,10.57,51.76,-1862820.00,1.14
9:32,100872.41,17.30,29.03,100888.41,10.53,51.99,-1862970.00,3.91
9:33,100861.72,19.71,23.45,100884.74,10.76,51.69,-1862819.25,4.72
9:34,100866.36,20.32,21.79,100883.60,10.80,52.50,-1862832.37,5.28
9:35,100855.24,19.89,21.35,100880.90,10.96,52.04,-1863373.62,4.58
9:36,100866.73,18.46,24.51,100883.52,11.22,51.47,-1863562.00,1.45
9:37,100874.46,6.07,59.38,100878.91,10.76,53.34,-1862477.25,1.15
9:38,100874.50,8.49,62.13,100880.24,10.74,55.69,-1863260.37,0.43
9:39,100872.21,9.81,54.63,100882.25,10.75,55.95,-1863280.37,4.20
9:40,100860.21,19.13,26.21,100890.42,10.94,55.02,-1863746.75,4.72
9:41,100856.25,20.68,23.10,100889.72,10.95,55.26,-1863336.75,4.77
9:42,100861.60,20.79,21.78,100886.89,11.24,54.18,-1864005.75,3.98
9:43,100869.15,13.38,35.54,100885.28,11.20,51.61,-1863025.25,0.77
9:44,100875.32,6.97,59.78,100884.57,10.69,53.03,-1862867.62,0.43
9:45,100879.99,9.27,55.38,100883.41,10.67,52.78,-1863643.75,0.50
9:46,100865.54,14.72,38.16,100886.13,10.67,53.76,-1863800.25,4.80
9:47,100856.67,19.72,24.33,100887.69,11.04,51.03,-1863949.75,5.19
9:48,100862.75,20.78,22.03,100889.85,11.26,52.88,-1864129.37,5.78
9:49,100879.32,14.89,32.66,100887.08,11.22,52.00,-1863890.75,2.04
9:50,100879.14,6.85,60.51,100890.51,10.76,53.95,-1863562.75,0.97
9:51,100881.14,9.54,57.68,100890.08,10.76,55.27,-1864056.00,0.44
9:52,100863.46,13.63,42.47,100889.60,10.66,55.13,-1864540.25,4.76
9:53,100851.72,19.78,25.12,100885.41,11.04,54.11,-1864905.25,4.73
9:54,100862.60,18.93,27.04,100890.99,11.34,54.47,-1864852.37,0.75
9:55,100878.00,6.71,60.30,100885.18,10.99,55.02,-1864265.62,1.15
9:56,100875.42,8.98,61.16,100886.47,10.96,55.99,-1864790.75,1.13
9:57,100871.40,10.72,51.58,100883.40,10.93,56.17,-1864943.25,4.28
9:58,100868.13,19.88,26.53,100888.86,11.31,55.69,-1865699.25,4.79
9:59,100865.28,15.70,32.58,100887.20,11.34,53.43,-1864910.37,0.77
10:0,100878.69,7.54,61.37,100887.35,11.04,51.03,-1864646.75,0.43
10:1,100870.33,10.08,50.95,100891.03,11.01,49.79,-1865218.25,1.13
10:2,100875.52,13.41,41.57,100884.97,11.09,50.65,-1865216.00,4.14
10:3,100856.37,20.15,25.23,100890.41,11.49,49.94,-1865528.37,4.67
10:4,100876.47,11.26,41.83,100894.47,11.68,48.77,-1864770.75,1.46
10:5,100873.03,8.16,58.57,100886.83,11.34,49.74,-1864425.62,0.44
10:6,100875.59,10.60,50.02,100888.13,11.39,48.94,-1865120.75,0.43
10:7,100855.94,16.23,34.67,100885.16,11.44,49.10,-1865006.62,4.74
10:8,100882.57,12.86,40.31,100889.55,11.72,48.38,-1865072.25,0.75
10:9,100868.11,8.13,61.76,100886.38,11.46,48.78,-1864667.25,1.15
10:10,100861.77,10.25,52.49,100881.60,11.46,48.93,-1865079.00,0.44
10:11,100852.91,14.96,37.52,100882.24,11.45,49.63,-1865047.25,4.54
10:12,100850.28,16.31,32.99,100884.07,11.71,49.19,-1865744.75,0.77
10:13,100858.88,8.08,64.87,100878.93,11.62,50.18,-1865717.37,1.14
10:14,100857.39,10.29,55.93,100876.10,11.72,51.20,-1866386.37,1.13
10:15,100857.38,12.95,43.95,100879.49,11.85,52.37,-1866700.00,4.02
10:16,100842.19,20.05,26.98,100879.64,11.98,51.93,-1866491.62,4.67
10:17,100862.20,8.28,65.80,100880.31,11.75,53.19,-1866443.75,0.77
10:18,100859.38,10.44,57.77,100875.09,11.57,53.63,-1867192.00,0.43
10:19,100854.10,11.73,52.92,100874.92,11.71,53.56,-1867735.62,1.14
10:20,100845.35,19.49,27.77,100877.57,11.56,52.40,-1867608.62,1.46
10:21,100866.51,9.02,69.86,100877.66,11.54,53.95,-1867376.37,1.14
10:22,100859.39,10.79,54.69,100870.30,11.51,51.70,-1868082.00,1.13
10:23,100864.32,11.60,56.37,100881.71,11.59,52.75,-1868542.37,4.76
10:24,100837.78,19.88,26.88,100868.36,11.86,51.68,-1869062.00,5.43
10:25,100858.67,9.10,65.87,100873.59,11.95,52.27,-1868759.25,0.77
10:26,100860.83,10.59,58.36,100875.90,11.93,52.70,-1869461.25,0.45
10:27,100856.77,11.82,53.50,100875.15,12.11,52.51,-1869584.37,0.45
10:28,100865.41,13.17,48.60,100883.83,12.29,51.33,-1869388.37,0.75
10:29,100859.92,10.13,67.25,100875.82,12.00,50.64,-1869411.62,0.43
10:30,100868.49,11.49,54.12,100881.32,11.96,50.42,-1870110.37,1.14
10:31,100871.64,16.84,33.87,100885.09,11.98,51.17,-1869952.00,4.75
10:32,100857.02,9.88,65.70,100880.28,11.80,52.77,-1870241.75,1.48
10:33,100866.11,10.66,59.45,100880.67,11.90,52.84,-1870507.62,0.64
10:34,100864.58,11.97,53.29,100884.96,12.07,53.03,-1870877.62,1.14
10:35,100864.96,13.35,48.44,100885.08,11.96,50.78,-1871258.00,1.51
10:36,100865.74,10.12,65.63,100886.08,11.72,48.60,-1870638.75,1.14
10:37,100866.07,11.20,52.85,100879.91,11.76,50.14,-1871160.25,1.16
10:38,100851.64,16.11,35.46,100886.57,11.94,50.29,-1871608.00,5.36
10:39,100880.42,13.43,44.54,100891.10,12.29,49.44,-1871780.75,1.48
10:40,100871.35,9.98,59.10,100888.44,12.14,48.86,-1871758.75,0.45
10:41,100867.97,11.63,51.73,100889.11,12.34,48.84,-1871937.37,1.11
10:42,100870.56,15.57,38.53,100899.84,12.66,48.41,-1871829.25,1.49
10:43,100881.75,9.98,71.60,100896.21,12.25,50.61,-1871817.25,0.44
10:44,100871.75,11.42,55.88,100891.85,12.29,50.58,-1872336.00,0.44
10:45,100879.26,12.27,60.33,100892.64,12.24,50.50,-1872805.25,0.78
10:46,100879.47,10.22,69.88,100895.29,12.11,51.53,-1871555.00,1.15
10:47,100876.47,11.70,57.28,100899.21,12.33,52.60,-1872304.37,1.14
10:48,100871.94,13.17,58.17,100892.58,12.37,51.20,-1872240.25,0.93
10:49,100883.72,10.15,71.82,100904.64,12.14,51.83,-1872387.62,0.44
10:50,100871.69,11.20,54.93,100890.00,11.99,49.20,-1872580.00,0.46
10:51,100876.46,12.23,61.77,100898.25,12.11,49.40,-1872939.62,3.96
10:52,100883.17,10.47,64.86,100898.31,12.05,48.18,-1872954.75,0.75
10:53,100887.24,10.76,59.09,100904.03,12.08,49.48,-1872636.75,0.46
10:54,100887.33,11.84,51.08,100908.32,12.19,47.75,-1873482.25,0.45
10:55,100887.02,17.54,29.72,100905.30,12.33,47.25,-1873835.62,5.08
10:56,100896.01,9.67,69.10,100901.41,12.09,47.88,-1872301.62,0.75
10:57,100891.24,11.14,54.22,100909.35,12.10,47.69,-1872852.00,1.14
10:58,100883.57,12.10,47.72,100906.03,12.22,46.77,-1873373.62,1.15
10:59,100891.22,9.71,70.63,100911.16,12.06,47.80,-1873056.37,1.47
11:0,100888.17,10.86,52.64,100907.98,11.97,46.30,-1873052.00,0.43
11:1,100888.02,11.67,48.91,100911.16,12.09,47.18,-1873805.75,1.13
11:2,100892.62,11.95,56.54,100910.64,12.45,48.16,-1873482.00,0.77
11:3,100891.03,10.50,68.52,100906.85,12.51,49.38,-1873373.25,0.48
11:4,100900.12,11.52,53.32,100912.83,12.44,48.51,-1873660.75,0.43
11:5,100888.53,10.98,64.00,100909.94,12.04,49.29,-1873501.62,0.77
11:6,100899.46,10.47,63.69,100916.82,12.14,49.35,-1873955.25,1.14
11:7,100888.74,11.49,54.21,100909.78,12.04,49.62,-1873852.75,0.45
11:8,100872.46,16.35,32.66,100903.39,11.92,48.66,-1874075.62,3.66
11:9,100900.80,9.91,68.48,100921.46,11.94,50.03,-1873712.37,0.76
11:10,100888.50,10.88,54.02,100904.72,11.84,48.17,-1874177.25,1.14
11:11,100882.78,11.74,50.71,100910.88,12.03,48.60,-1874232.00,1.13
11:12,100888.32,13.50,47.70,100909.60,12.22,48.28,-1874806.00,1.46
11:13,100881.58,10.24,64.42,100899.31,12.26,50.71,-1873985.62,1.14
11:14,100888.86,11.45,53.83,100901.38,12.14,49.29,-1873927.25,0.43
11:15,100877.60,16.16,35.01,100914.60,12.16,48.91,-1874247.25,2.09
11:16,100905.49,9.96,68.18,100918.52,12.07,49.17,-1874214.00,1.10
11:17,100897.53,11.33,50.44,100912.66,12.02,47.45,-1874487.00,0.79
11:18,100891.85,12.06,49.89,100913.25,12.18,47.37,-1874718.75,4.52
11:19,100891.62,12.59,48.32,100912.33,12.02,46.02,-1874429.25,1.46
11:20,100893.71,10.07,65.38,100909.99,12.09,47.96,-1874427.62,1.13
11:21,100893.96,11.33,54.44,100912.28,12.16,48.65,-1874611.25,0.48
11:22,100891.04,11.10,61.95,100913.97,12.26,49.36,-1874689.62,1.46
11:23,100898.27,10.50,64.81,100916.25,12.29,50.87,-1874596.62,1.18
11:24,100897.86,11.72,51.64,100919.16,12.36,48.46,-1874734.37,1.14
11:25,100893.83,11.52,60.51,100912.30,12.43,48.92,-1874848.00,1.48
11:26,100901.13,10.74,62.14,100915.20,12.10,49.22,-1874445.62,0.44
11:27,100890.09,11.83,51.75,100914.60,12.24,49.75,-1874924.62,1.11
11:28,100899.89,11.75,59.36,100918.21,12.33,49.23,-1874835.25,1.46
11:29,100897.27,10.85,68.00,100914.11,12.35,51.47,-1874994.75,0.57
11:30,100890.30,12.17,51.52,100910.40,12.67,49.29,-1875217.25,0.46
11:31,100902.11,11.85,60.59,100917.92,12.78,49.22,-1875053.25,0.75
11:32,100900.28,11.11,67.14,100917.82,13.01,49.97,-1874457.25,1.14
11:33,100905.82,12.18,54.40,100917.32,13.24,48.28,-1874954.00,1.15
11:34,100904.14,12.23,56.90,100919.52,12.95,45.87,-1876120.00,0.76
11:35,100906.07,11.06,62.44,100924.60,12.92,45.58,-1876658.37,0.44
11:36,100897.96,12.34,47.29,100919.82,12.71,44.38,-1876572.75,1.14
11:37,100896.33,15.22,35.65,100914.82,12.82,45.64,-1876770.25,4.47
11:38,100879.60,19.47,26.58,100911.10,12.95,45.70,-1877384.75,4.34
11:39,100889.90,20.67,22.88,100914.15,13.42,43.85,-1876994.37,4.65
11:40,100888.35,20.57,21.97,100915.07,13.41,44.40,-1877096.75,4.78
11:41,100873.10,20.64,21.84,100903.82,13.47,45.15,-1877430.75,5.36
11:42,100882.03,20.77,21.68,100911.58,13.66,44.69,-1868796.00,4.58
11:43,100887.38,20.73,21.20,100910.17,13.17,45.37,-1860404.37,4.88
11:44,100880.79,20.78,21.25,100911.60,13.32,45.24,-1860657.25,4.67
11:45,100866.57,20.91,21.01,100902.74,13.64,43.81,-1859324.25,5.46
11:46,100876.17,21.10,21.05,100908.42,13.85,45.24,-1859687.00,5.11
11:47,100888.89,21.29,20.76,100911.89,13.58,45.29,-1867015.37,3.78
11:48,100888.41,21.08,20.40,100910.38,12.86,46.02,-1868077.25,3.73
11:49,100880.67,20.85,20.61,100904.35,13.05,45.32,-1868719.75,5.22
11:50,100869.34,21.02,20.44,100906.69,13.07,45.51,-1868655.25,4.54
11:51,100878.41,20.91,20.39,100916.28,12.75,46.64,-1868083.00,3.83
11:52,100875.46,20.98,20.50,100912.53,13.02,46.37,-1869017.62,4.18
11:53,100877.08,21.11,20.52,100902.64,13.30,47.14,-1868781.62,5.58
11:54,100881.64,21.36,20.54,100911.08,13.51,46.55,-1868394.75,3.69
11:55,100885.27,21.40,20.04,100914.27,13.27,45.85,-1868253.37,4.55
11:56,100881.96,21.28,19.73,100914.13,12.95,45.44,-1868358.75,4.48
11:57,100891.00,21.17,19.91,100905.75,13.16,45.06,-1868817.62,5.61
11:58,100884.80,21.24,19.77,100910.83,13.20,44.87,-1869603.25,4.53
11:59,100882.74,21.18,19.83,100913.39,13.19,45.10,-1869337.00,5.39
12:0,100887.99,21.30,19.56,100909.96,13.21,44.60,-1869627.62,4.65
12:1,100895.77,21.25,19.46,100920.71,13.03,45.46,-1869010.62,4.63
12:2,100888.86,21.13,19.55,100914.44,13.07,44.77,-1868742.75,4.67
12:3,100885.99,21.31,19.62,100917.49,13.13,45.18,-1869100.00,4.03
12:4,100890.32,21.45,19.58,100916.67,13.35,44.72,-1869268.75,5.66
12:5,100885.74,21.56,19.32,100917.89,13.24,44.69,-1875898.75,4.96
12:6,100898.96,21.58,19.27,100928.30,13.33,44.75,-1876226.75,5.81
12:7,100901.91,21.75,19.87,100927.52,13.13,49.15,-1876024.37,4.61
12:8,100890.16,21.97,20.21,100933.21,12.77,50.56,-1875634.00,4.24
12:9,100894.91,22.20,20.59,100938.10,12.38,54.97,-1875973.37,5.08
12:10,100901.19,22.34,20.65,100938.60,12.33,56.29,-1875068.62,4.63
12:11,100912.05,22.42,21.18,100942.14,11.89,58.79,-1875541.25,5.73
12:12,100914.66,22.50,21.30,100948.36,11.66,59.93,-1875595.62,3.92
12:13,100902.63,22.42,21.58,100939.96,11.41,59.91,-1875884.00,5.55
12:14,100934.55,8.91,49.26,100947.75,11.49,60.73,-1877090.75,1.45
12:15,100929.73,10.19,63.14,100942.46,11.69,60.08,-1876929.62,1.15
12:16,100934.16,11.53,58.09,100950.66,11.70,59.95,-1876863.00,1.14
12:17,100932.86,5.60,70.89,100940.28,11.39,59.41,-1873311.00,1.44
12:18,100940.49,8.57,70.42,100951.96,11.18,60.34,-1874492.75,0.43
12:19,100928.78,10.14,64.29,100948.47,11.03,60.67,-1837253.37,1.17
12:20,100925.85,19.28,29.12,100949.33,11.23,59.69,-1878743.25,5.07
12:21,100915.99,21.91,24.21,100949.47,11.06,59.96,-1878414.37,5.60
12:22,100916.46,22.32,22.31,100951.11,11.12,60.90,-1878615.25,7.04
12:23,100934.92,17.24,29.30,100951.73,11.32,58.77,-1878808.62,1.46
12:24,100937.50,7.09,62.59,100950.35,11.12,60.25,-1877926.37,1.15
12:25,100941.21,9.70,61.71,100953.52,10.59,60.87,-1878269.25,1.13
12:26,100937.41,12.87,44.12,100950.42,10.42,61.64,-1878424.75,5.25
12:27,100920.36,20.65,26.32,100952.01,10.85,61.38,-1878940.37,5.51
12:28,100921.52,21.97,23.17,100953.16,11.02,60.68,-1878472.37,3.90
12:29,100919.50,22.00,21.99,100953.67,11.03,61.48,-1878938.37,4.70
12:30,100933.22,8.58,49.59,100956.46,11.36,59.42,-1878199.62,1.48
12:31,100946.38,8.30,66.44,100957.36,10.87,60.98,-1878458.25,1.15
12:32,100947.71,10.14,64.36,100961.35,10.86,62.37,-1879401.62,1.13
12:33,100936.93,18.36,32.03,100959.57,11.05,60.28,-1880162.00,5.31
12:34,100930.42,21.51,24.51,100959.19,11.40,59.25,-1880198.75,5.99
12:35,100947.85,7.84,58.85,100960.19,11.31,59.47,-1879530.62,1.45
12:36,100949.03,9.05,66.75,100962.09,11.01,60.99,-1879450.25,1.13
12:37,100942.63,10.40,62.94,100964.68,11.03,61.55,-1879571.62,0.64
12:38,100933.36,19.37,28.30,100961.39,10.88,60.73,-1879869.00,5.68
12:39,100929.07,21.85,24.15,100957.38,11.27,59.74,-1880414.00,5.55
12:40,100942.21,9.36,52.52,100956.11,11.35,59.78,-1879393.62,1.48
12:41,100945.83,9.04,66.58,100957.13,11.12,60.54,-1879396.75,1.10
12:42,100944.27,10.41,63.47,100958.57,11.34,60.61,-1880213.62,1.16
12:43,100924.75,18.85,30.20,100955.05,11.59,59.18,-1881533.25,5.08
12:44,100932.96,11.97,50.14,100956.74,11.69,58.18,-1881226.00,1.48
12:45,100944.49,9.98,69.09,100959.38,11.50,60.25,-1881032.00,0.44
12:46,100946.36,10.97,63.61,100956.25,11.66,59.74,-1881634.00,0.47
12:47,100918.97,18.21,32.53,100955.39,12.00,58.49,-1882057.37,5.00
12:48,100945.14,10.26,71.44,100962.11,11.91,59.49,-1881262.37,1.47
12:49,100949.51,11.02,62.29,100968.92,11.69,59.31,-1881715.00,1.14
12:50,100943.19,11.58,59.53,100957.71,11.62,58.89,-1881971.37,0.46
12:51,100931.52,18.93,31.11,100960.42,11.96,57.52,-1882828.00,0.75
12:52,100937.70,10.30,71.83,100954.61,11.68,58.41,-1882116.75,1.17
12:53,100943.77,11.22,62.11,100962.21,11.69,58.72,-1882037.62,1.14
12:54,100934.71,11.75,66.89,100959.21,11.75,58.77,-1882811.62,0.77
12:55,100942.24,10.24,76.03,100961.32,11.64,58.94,-1882419.25,0.47
12:56,100947.86,10.87,66.63,100959.46,11.70,58.79,-1882714.75,1.15
12:57,100942.10,13.10,62.32,100964.53,11.40,56.68,-1882614.00,4.71
12:58,100936.46,19.78,27.41,100973.96,11.51,56.14,-1883510.75,5.52
12:59,100953.02,9.87,57.31,100967.27,11.44,56.24,-1882731.25,1.49
13:0,100955.89,9.79,67.22,100969.13,11.59,57.16,-1883148.37,0.45
13:1,100954.57,10.94,61.40,100977.08,11.82,57.57,-1883807.00,1.14
13:2,100941.53,18.69,29.56,100973.04,11.82,55.96,-1884322.75,4.94
13:3,100957.34,9.76,70.66,100973.35,11.51,56.48,-1883128.00,1.50
13:4,100957.91,10.63,62.03,100972.13,11.69,57.17,-1883907.25,1.14
13:5,100966.67,11.35,57.66,100984.96,11.68,56.00,-1883958.00,0.89
13:6,100944.80,19.09,27.83,100978.31,11.62,54.50,-1884298.75,5.29
13:7,100959.76,12.48,44.80,100981.96,11.97,54.05,-1884288.62,0.75
13:8,100965.22,9.79,68.25,100974.77,11.57,55.86,-1883772.75,1.14
13:9,100962.75,10.92,58.90,100973.91,11.49,56.58,-1883858.75,0.46
13:10,100968.22,9.94,72.17,100981.55,11.25,56.59,-1883998.00,1.48
13:11,100970.03,9.92,72.30,100981.81,11.30,57.07,-1884463.75,0.48
13:12,100965.50,10.74,61.28,100982.22,11.50,56.36,-1884657.37,1.13
13:13,100959.14,17.83,32.17,100981.25,11.57,56.13,-1884614.75,4.90
13:14,100942.50,21.11,25.73,100980.52,11.68,55.32,-1884829.25,3.81
13:15,100958.19,8.66,67.87,100981.20,11.88,54.62,-1884393.62,1.48
13:16,100960.44,10.20,60.89,100976.07,11.82,54.81,-1884650.37,0.45
13:17,100970.61,11.19,55.66,100984.13,11.43,55.04,-1884938.62,0.46
13:18,100961.74,15.71,38.23,100980.92,11.39,54.97,-1885416.62,0.75
13:19,100968.75,9.72,71.08,100982.88,11.19,55.71,-1885238.00,1.14
13:20,100962.35,10.69,59.71,100977.64,11.29,55.24,-1885475.25,1.15
13:21,100952.30,15.20,43.15,100983.58,11.47,55.44,-1885530.00,4.54
13:22,100959.20,20.52,26.64,100984.49,11.63,54.09,-1884940.75,4.45
13:23,100955.64,14.35,35.57,100985.97,11.35,53.31,-1885307.25,1.46
13:24,100973.02,8.37,67.39,100984.36,11.24,54.82,-1885204.75,1.15
13:25,100974.03,10.04,60.24,100982.74,11.41,54.87,-1885922.37,1.15
13:26,100961.89,16.26,34.67,100983.67,11.53,53.95,-1886128.00,4.76
13:27,100963.26,18.06,30.22,100985.82,11.75,53.32,-1886223.62,1.48
13:28,100972.46,9.03,69.59,100981.55,11.33,55.03,-1884951.25,0.43
13:29,100973.27,10.29,60.39,100985.27,11.44,54.89,-1885752.75,0.46
13:30,100971.30,13.96,48.71,100992.63,11.42,55.45,-1885618.75,4.41
13:31,100960.35,20.15,26.72,100991.98,11.95,53.04,-1886071.37,2.17
13:32,100981.12,9.40,71.27,100989.41,11.91,55.36,-1885581.25,1.13
13:33,100975.46,10.50,61.50,100993.72,11.95,54.92,-1885730.37,0.45
13:34,100968.52,11.41,59.33,100988.30,11.91,54.46,-1886492.25,4.68
13:35,100983.11,9.93,75.67,100992.10,11.84,55.98,-1885859.37,0.48
13:36,100980.53,10.74,65.22,100989.66,11.94,54.88,-1886782.37,1.16
13:37,100977.36,11.28,56.81,100993.52,11.54,54.57,-1886317.75,7.24
13:38,100950.97,19.52,27.23,100987.89,11.98,53.11,-1886927.25,5.21
13:39,100975.58,9.67,70.60,100993.64,11.98,54.87,-1886307.62,1.46
13:40,100980.99,10.58,61.60,100997.04,11.83,54.45,-1886301.37,1.15
13:41,100979.00,11.43,57.42,100996.45,11.95,54.81,-1886798.75,1.14
13:42,100983.14,10.00,76.14,100997.75,11.75,56.46,-1886752.00,1.47
13:43,100985.65,10.67,66.55,101002.59,11.74,54.81,-1887089.25,1.14
13:44,100981.02,11.25,57.83,101002.77,11.69,54.39,-1887280.75,1.14
13:45,100973.31,19.18,27.86,101000.58,11.48,53.76,-1887154.37,3.85
13:46,100979.85,11.58,47.42,101005.24,11.58,53.27,-1887582.62,1.46
13:47,100998.42,9.56,63.81,101016.58,11.28,54.92,-1887152.62,0.44
13:48,100997.28,10.92,57.27,101013.87,11.35,54.69,-1887335.37,0.43
13:49,100987.61,17.73,31.11,101008.91,11.42,54.22,-1887834.25,5.50
13:50,101005.28,20.14,26.66,101016.13,11.36,54.37,-1887544.25,1.46
13:51,100996.25,8.37,69.14,101017.85,11.27,55.54,-1887292.25,1.14
13:52,101005.45,9.84,62.10,101017.63,11.40,55.09,-1887786.62,1.13
13:53,100995.21,12.05,62.02,101013.13,11.28,55.42,-1887540.75,4.90
13:54,100993.74,17.38,32.47,101017.77,11.81,52.25,-1888257.37,1.48
13:55,101008.82,9.53,71.18,101015.87,11.55,55.41,-1887560.75,1.15
13:56,101005.74,10.54,60.03,101020.77,11.37,55.61,-1887500.75,0.46
13:57,101016.07,14.16,49.96,101023.64,11.45,56.13,-1887956.62,3.64
13:58,100995.24,20.20,26.54,101026.24,11.41,54.99,-1888007.62,5.60
13:59,101015.10,10.50,50.40,101023.82,11.35,54.81,-1887882.62,1.47
14:0,101018.30,9.23,65.60,101029.64,11.17,56.73,-1887713.62,1.14
14:1,101011.66,10.51,59.63,101024.92,10.88,57.56,-1888018.75,1.14
14:2,101004.06,17.74,31.00,101027.35,10.94,57.07,-1888437.37,5.27
14:3,101014.03,13.71,41.13,101030.35,11.37,55.83,-1888406.00,1.48
14:4,101020.67,9.22,67.76,101033.49,10.98,57.76,-1887653.00,0.45
14:5,101018.03,10.35,60.89,101027.14,10.92,58.07,-1888472.75,1.13
14:6,101001.38,16.78,34.81,101025.83,10.93,57.93,-1888870.75,5.33
14:7,100984.69,20.83,25.87,101024.05,11.05,56.49,-1888312.37,4.52
14:8,100984.96,8.15,62.77,100998.58,10.65,55.90,-1887561.62,0.77
14:9,101030.59,9.42,61.72,101039.02,10.66,55.96,-1888538.37,1.14
14:10,101025.26,10.38,54.28,101041.92,10.64,52.05,-1888459.25,1.15
14:11,100998.95,18.63,28.96,101027.38,10.90,50.64,-1889026.25,4.72
14:12,101000.66,21.36,24.07,101032.11,10.77,49.11,-1888151.62,4.41
14:13,101007.67,21.25,21.19,101039.83,10.79,49.02,-1888488.75,5.36
14:14,101004.07,18.46,25.33,101030.87,11.11,48.07,-1888123.00,0.77
14:15,101021.88,5.81,60.09,101031.88,10.78,48.81,-1887977.37,1.14
14:16,101019.42,8.34,55.73,101027.68,10.70,49.72,-1888746.25,1.13
14:17,101009.30,9.76,51.75,101020.46,10.53,49.41,-1889231.00,4.86
14:18,100995.52,18.91,26.27,101028.05,10.81,49.69,-1889252.00,4.14
14:19,101005.21,19.97,23.17,101030.36,10.55,49.89,-1888744.37,5.61
14:20,100993.16,19.67,21.62,101025.57,10.70,50.26,-1889063.37,5.41
14:21,101001.35,19.06,21.98,101033.42,10.64,51.60,-1889143.37,5.12
14:22,101003.27,18.92,22.03,101027.00,10.38,53.05,-1888625.62,5.31
14:23,100992.05,18.92,22.20,101025.67,10.43,54.22,-1889355.62,4.74
14:24,100994.46,19.10,22.10,101026.66,10.76,53.27,-1889123.25,4.69
14:25,100991.57,19.18,21.93,101022.05,10.59,53.89,-1889246.75,5.21
14:26,100994.30,19.08,21.74,101022.32,10.53,53.74,-1889745.75,5.13
14:27,100985.14,19.00,22.08,101020.77,10.89,52.39,-1889430.37,0.77
14:28,101017.71,5.59,60.65,101020.29,10.65,54.03,-1888591.62,0.46
14:29,101014.11,8.16,62.83,101022.35,10.59,55.53,-1889172.75,0.44
14:30,101021.29,9.10,58.38,101022.13,10.53,56.00,-1889200.37,3.83
14:31,100993.63,18.71,26.93,101021.78,10.66,55.73,-1889714.00,4.42
14:32,100994.19,20.35,23.53,101016.75,10.99,54.72,-1889749.25,4.01
14:33,101007.21,6.57,56.47,101020.87,10.22,56.78,-1889144.00,0.77
14:34,101010.16,7.71,64.55,101020.89,10.34,57.98,-1889676.00,0.44
14:35,101008.65,9.38,62.54,101021.24,10.35,58.43,-1889726.37,0.46
14:36,100992.11,18.46,29.83,101021.62,10.64,57.12,-1890241.75,4.49
14:37,100992.93,20.66,24.14,101021.24,11.07,56.12,-1890034.25,4.20
14:38,100989.69,17.69,28.43,101021.66,11.29,53.67,-1889989.00,0.78
14:39,101001.05,6.46,61.37,101017.05,10.83,56.01,-1889180.37,0.90
14:40,100999.02,8.58,64.50,101018.69,10.85,57.18,-1889974.37,0.47
14:41,100998.86,11.50,49.23,101016.40,10.81,57.02,-1890135.25,3.71
14:42,100982.89,19.96,26.46,101016.30,11.16,54.69,-1890425.00,4.42
14:43,100993.97,14.09,35.16,101013.78,10.85,54.63,-1890280.37,0.79
14:44,101001.50,6.95,62.78,101016.07,10.66,55.98,-1890012.37,1.16
14:45,101002.25,8.88,61.54,101017.64,10.80,56.28,-1890198.75,0.43
14:46,100988.73,14.11,40.77,101009.22,10.77,55.05,-1890428.75,4.54
14:47,100969.06,20.43,25.83,101012.32,11.08,53.63,-1890591.37,4.29
14:48,100977.23,17.85,28.38,101007.42,11.14,53.53,-1890544.37,1.49
14:49,100987.28,6.57,61.41,101000.64,10.74,53.91,-1890530.75,1.14
14:50,100986.58,8.91,60.22,101003.25,10.69,54.82,-1890612.00,0.44
14:51,100976.58,11.84,45.66,101000.92,10.87,54.52,-1890970.75,4.23
14:52,100967.10,20.18,26.43,100997.31,11.22,53.01,-1891114.37,4.66
14:53,100974.93,21.44,22.81,100992.22,11.56,51.73,-1891009.75,4.47
14:54,100989.63,6.14,60.25,100996.34,11.23,52.01,-1890344.62,0.78
14:55,100985.81,8.01,62.61,101000.24,11.15,53.58,-1891137.37,0.46
14:56,100986.66,9.66,59.70,100998.01,11.22,54.43,-1891221.00,0.45
14:57,100973.19,19.57,28.04,100998.07,11.49,52.87,-1892026.00,4.28
14:58,100959.31,21.30,23.42,100994.10,11.60,51.90,-1891656.75,1.52
14:59,100987.17,6.41,62.44,100998.24,11.32,52.07,-1890970.00,0.46
15:0,100985.86,8.68,60.20,101000.85,11.16,52.18,-1890982.75,1.14
15:1,100996.38,9.80,58.91,101003.70,11.24,52.20,-1891654.00,4.78
15:2,100972.09,19.79,27.47,100998.45,11.58,50.72,-1891787.00,4.78
15:3,100979.85,9.17,48.87,100999.28,11.64,50.23,-1891223.25,0.78
15:4,100986.52,8.22,61.66,100996.35,11.44,50.97,-1891632.75,0.46
15:5,100991.49,9.83,56.53,101000.38,11.62,51.09,-1892204.25,1.15
15:6,100967.36,17.56,31.74,101001.74,11.73,50.44,-1892038.00,3.70
15:7,100976.05,10.52,48.35,101002.46,11.61,51.13,-1891708.00,0.77
15:8,100987.85,8.93,66.28,101003.74,11.67,51.27,-1891830.75,0.44
15:9,100982.99,10.38,55.89,101001.00,11.82,50.63,-1892306.37,0.43
15:10,100978.65,17.60,31.46,101005.84,11.98,50.30,-1892467.62,3.94
15:11,100981.35,11.41,49.40,101004.96,12.31,48.81,-1890849.37,0.77
15:12,100991.46,9.51,61.43,101001.88,12.03,51.09,-1890422.75,0.46
15:13,100985.80,10.97,54.06,101002.77,12.17,50.53,-1891192.00,0.43
15:14,100988.72,16.78,33.81,101004.28,11.96,50.35,-1891376.62,0.77
15:15,100991.25,9.39,71.24,101001.44,11.80,52.36,-1891576.37,0.43
15:16,100985.73,10.63,55.70,101003.58,11.79,50.99,-1892091.37,1.12
15:17,100987.63,12.15,60.58,101005.53,11.88,50.50,-1891767.00,4.15
15:18,100986.25,10.19,63.55,101002.58,11.83,51.16,-1891686.75,1.46
15:19,100992.89,10.15,65.37,100998.58,11.90,50.48,-1893088.00,0.45
15:20,100992.43,11.25,53.69,101007.53,12.01,50.53,-1892461.75,1.15
15:21,100973.97,17.76,28.36,101001.22,11.78,50.77,-1892641.00,4.00
15:22,100981.07,10.84,54.24,101000.66,12.08,50.51,-1892387.62,0.77
15:23,100990.67,9.86,63.09,101004.43,12.11,51.39,-1892670.00,1.13
15:24,100984.53,11.17,54.54,100999.66,12.01,52.17,-1892673.25,1.13
15:25,100986.49,17.97,29.73,101008.13,12.08,49.93,-1892539.62,4.78
15:26,100990.95,9.65,71.79,101005.01,12.03,52.13,-1892539.25,0.56
15:27,100990.52,10.72,58.12,101005.46,12.18,51.29,-1892901.62,0.43
15:28,100987.14,11.62,53.88,101009.74,12.39,50.94,-1893333.37,1.14
15:29,100997.63,9.96,73.59,101012.50,12.26,52.83,-1892751.62,0.75
15:30,100992.39,10.87,58.05,101009.58,12.27,51.13,-1892757.62,1.13
15:31,100987.13,11.63,54.05,101007.49,12.39,51.15,-1893133.37,1.14
15:32,100984.75,10.27,72.63,101007.35,12.53,52.75,-1892978.37,0.79
15:33,100988.09,10.87,60.19,101006.10,12.53,51.40,-1893209.62,0.44
15:34,100988.36,11.58,54.46,101011.33,12.42,50.74,-1893124.00,0.46
15:35,101006.39,10.21,73.62,101014.93,12.44,52.60,-1892866.75,0.77
15:36,100996.02,10.97,60.01,101013.66,12.45,50.37,-1892992.37,0.45
15:37,100986.10,11.59,53.58,101011.99,12.53,50.85,-1893044.75,0.46
15:38,100995.08,10.14,72.43,101013.08,12.74,49.84,-1892926.75,0.77
15:39,100987.36,11.02,61.68,101008.27,14.03,47.48,-1892768.75,0.44
15:40,100997.65,11.77,55.23,101013.74,13.13,49.22,-1892714.25,1.14
15:41,100995.16,10.60,67.38,101015.27,12.83,51.31,-1893432.37,0.77
15:42,100992.41,10.90,61.54,101013.41,12.91,51.03,-1893530.75,0.46
15:43,100986.71,11.96,54.94,101006.60,14.05,47.84,-1893346.00,1.14
15:44,100977.07,10.67,71.73,101005.30,15.13,46.10,-1892632.00,0.76
15:45,100997.67,11.29,63.38,101019.96,16.11,43.89,-1890826.25,1.15
15:46,100979.50,12.20,55.10,101004.82,16.13,42.82,-1890368.75,1.14
15:47,100981.78,11.74,63.37,100997.16,15.06,45.34,-1889656.75,1.48
15:48,100989.63,11.06,70.33,101001.33,14.25,48.93,-1888086.37,1.15
15:49,100985.91,12.07,56.07,101001.02,13.94,48.44,-1888324.25,1.17
15:50,100972.74,16.79,33.90,100999.81,13.71,49.02,-1888766.75,5.47
15:51,100968.54,19.44,27.77,101003.55,13.64,47.99,-1888881.25,4.76
15:52,100981.89,21.56,24.75,101009.16,13.66,49.07,-1888763.25,4.38
15:53,100970.96,22.23,22.72,101003.94,13.14,48.74,-1888572.75,4.84
15:54,100975.16,21.79,21.61,101002.82,13.35,48.06,-1889396.37,5.05
15:55,100981.63,21.20,21.63,101012.10,12.92,49.07,-1888893.75,4.37
15:56,100985.39,21.04,21.74,101012.41,12.78,49.50,-1888616.37,5.59
15:57,100967.91,21.01,21.62,101005.34,12.85,49.33,-1889802.75,4.67
15:58,100976.66,21.04,21.53,101004.07,12.83,49.59,-1889514.00,5.21
15:59,100971.17,21.10,21.33,101001.17,12.49,51.95,-1889294.00,5.51
16:0,100971.39,21.20,21.25,100998.71,12.88,49.71,-1889705.00,5.02
16:1,100968.76,21.33,21.16,101001.03,12.73,51.75,-1889683.75,5.46
16:2,100959.86,21.34,20.98,101004.13,13.58,47.96,-1889632.25,5.28
16:3,100967.13,21.38,20.89,101005.57,12.99,49.87,-1889045.75,5.66
16:4,100970.99,21.14,20.59,101002.46,12.16,51.33,-1888687.62,4.71
16:5,100956.49,21.13,20.79,100997.60,12.78,50.19,-1889576.25,5.71
16:6,100963.67,21.35,20.54,100995.82,13.17,49.12,-1889603.62,5.51
16:7,100957.24,21.55,20.76,100989.54,13.20,49.54,-1889485.62,5.10
16:8,100960.39,21.66,20.30,100994.83,13.17,49.58,-1889398.62,5.41
16:9,100962.44,21.72,20.31,100992.77,13.61,48.69,-1888663.25,4.77
16:10,100963.97,21.89,20.05,100988.50,13.74,47.17,-1890349.25,5.70
16:11,100962.85,22.02,20.08,100995.13,13.50,48.79,-1890732.75,5.40
16:12,100967.82,22.10,20.16,100999.15,13.32,50.17,-1890840.25,5.41
16:13,100965.09,22.14,19.90,100992.57,12.91,50.64,-1890787.25,6.95
16:14,100968.35,22.20,19.72,100994.32,13.04,50.18,-1891346.00,5.56
16:15,100964.88,22.13,19.82,101000.00,12.50,52.47,-1891461.62,4.77
16:16,100969.33,22.09,20.04,101002.17,12.22,53.26,-1891404.00,4.58
16:17,100973.85,22.08,20.12,100995.63,12.00,54.86,-1891203.75,5.26
16:18,100969.80,22.14,19.86,101001.59,12.55,51.47,-1891772.00,4.78
16:19,100978.56,22.36,19.86,101007.32,12.57,53.08,-1891575.37,5.68
16:20,100978.72,22.39,20.21,101006.42,12.12,54.44,-1891119.62,5.61
16:21,100993.50,22.37,20.31,101011.96,11.73,56.24,-1891680.75,5.26
16:22,100973.76,22.43,20.11,101005.96,12.06,54.09,-1891841.37,5.77
16:23,100971.65,22.54,20.90,101004.54,12.03,57.04,-1891834.75,5.22
16:24,100977.47,22.44,21.03,101007.96,11.82,56.56,-1892057.25,5.50
16:25,100981.75,22.62,21.20,101008.92,12.06,57.28,-1891993.62,5.77
16:26,100985.76,22.37,21.56,101007.63,11.47,59.09,-1890968.37,5.39
16:27,100978.63,22.50,21.98,101007.17,11.95,58.50,-1890730.00,5.43
16:28,100974.78,22.40,21.77,101011.69,11.20,58.82,-1890028.37,5.71
16:29,100980.82,22.08,22.20,101009.39,11.11,59.36,-1890090.75,5.23
16:30,100984.99,22.06,22.22,101014.55,11.31,58.49,-1889586.62,5.04
16:31,100973.02,19.45,25.98,101001.54,10.81,58.47,-1890280.37,1.44
16:32,100978.75,10.42,47.88,101001.43,11.27,58.34,-1890258.75,1.15
16:33,100982.75,11.45,52.60,101001.71,11.41,59.05,-1890262.37,1.15
16:34,100980.90,9.47,52.41,101002.24,11.37,59.56,-1890025.62,1.48
16:35,100997.07,5.62,66.77,100999.30,11.18,58.91,-1888944.00,1.18
16:36,100990.75,7.94,73.31,100999.89,11.45,58.98,-1889664.75,1.13
16:37,100979.90,11.51,53.28,101001.61,11.52,58.39,-1890305.75,4.71
16:38,100975.52,18.18,27.10,100996.64,11.46,55.76,-1890292.00,5.32
16:39,100975.33,11.07,44.12,100998.36,11.78,56.06,-1890340.37,1.48
16:40,100987.52,7.74,67.62,101000.88,11.59,59.26,-1890135.37,1.13
16:41,100989.38,9.79,64.75,101000.63,11.57,58.93,-1890610.62,1.15
16:42,100971.92,16.04,36.45,100996.07,11.60,56.20,-1890829.62,5.12
16:43,100971.91,20.82,25.99,100997.42,11.63,57.41,-1891094.37,4.61
16:44,100965.88,20.80,24.71,100995.07,11.75,54.18,-1890784.00,1.49
16:45,100982.45,6.95,62.62,100997.82,11.82,54.52,-1890390.75,1.16
16:46,100985.39,9.18,63.77,100996.52,11.87,55.84,-1891333.25,1.13
16:47,100975.17,10.75,55.88,101000.80,12.41,55.73,-1890918.75,4.94
16:48,100970.93,19.23,28.92,100997.02,13.48,51.83,-1892088.25,1.75
16:49,100983.60,9.16,70.62,100999.10,12.50,53.28,-1894236.37,1.17
16:50,100983.85,10.53,61.00,100995.28,12.39,53.38,-1897141.25,0.48
16:51,100970.01,12.34,59.18,101001.57,12.39,51.57,-1897929.75,5.01
16:52,100978.07,9.27,71.64,100993.71,12.15,50.40,-1897604.00,1.51
16:53,100974.50,10.38,57.82,100993.86,12.21,49.71,-1898823.37,1.14
16:54,100978.02,11.30,53.25,100997.41,12.25,49.68,-1899087.37,1.17
16:55,100961.46,13.31,47.01,100996.44,12.52,50.35,-1899420.00,1.45
16:56,100994.30,9.99,68.84,101008.12,14.59,48.38,-1892718.75,1.14
16:57,100974.99,11.44,51.62,100995.38,14.28,43.37,-530965.87,1.15
16:58,100977.65,15.44,38.73,100998.71,14.92,42.26,-1888483.00,1.48
16:59,100983.30,9.73,70.69,100989.15,14.08,43.01,-731214.37,1.14
17:0,100979.92,11.08,56.37,100994.97,14.83,43.74,-80580.10,1.14
17:1,100978.13,12.03,60.16,100997.96,16.73,39.76,-1880097.37,0.77
17:2,100984.67,10.14,72.83,100998.35,17.75,36.75,-1884540.00,0.47
17:3,100990.49,11.74,54.33,101010.13,17.92,36.46,-1873977.62,0.43
17:4,100983.64,13.38,56.29,101002.73,16.71,36.92,-1882159.25,4.85
17:5,100967.64,19.63,26.62,101000.35,16.39,36.42,-1883311.25,4.98
17:6,100961.36,21.46,24.17,100996.64,14.55,40.58,-1892347.25,3.87
17:7,100971.31,22.31,22.22,101002.12,14.62,40.43,-1888216.75,4.72
17:8,100965.45,21.88,20.84,101002.75,14.76,41.23,-1894783.62,5.41
17:9,100965.57,21.19,20.88,101004.81,14.51,41.85,-1898468.00,4.78
17:10,100960.96,21.01,20.91,100993.05,14.43,42.09,-1899128.37,4.62
17:11,100962.97,21.07,20.87,101004.49,16.77,37.31,-1897876.00,5.30
17:12,100973.03,21.13,20.64,101001.42,16.35,36.28,-1890007.75,3.93
17:13,100973.46,21.04,20.81,101004.61,14.72,41.41,-1893750.62,4.00
17:14,100961.99,21.06,20.65,101004.86,14.75,42.02,-1898838.37,5.74
17:15,100977.94,21.11,20.72,101010.75,16.88,37.77,-1890450.00,4.88
17:16,100976.53,21.14,20.32,101005.13,15.95,38.02,-1890510.37,4.07
17:17,100974.22,21.04,20.32,101007.22,14.16,42.56,-1895457.62,5.29
17:18,100976.02,21.05,20.36,101005.60,14.40,42.65,-1895344.00,5.37
17:19,100976.48,21.13,20.46,101006.88,13.83,44.30,-1899491.00,5.62
17:20,100980.39,21.33,20.28,101008.92,13.98,44.89,-1899567.25,5.03
17:21,100977.02,21.37,19.88,101008.88,13.39,44.45,-1901224.75,4.11
17:22,100979.96,21.40,19.96,101014.27,14.23,43.95,-1902465.75,5.75
17:23,100973.58,21.51,19.84,101014.12,17.39,37.05,-1896757.62,4.72
17:24,100973.41,21.66,19.67,101006.74,16.79,36.70,-1891130.75,5.53
17:25,100990.86,21.81,19.80,101020.64,16.88,38.54,-1895490.25,4.57
17:26,100969.86,21.83,19.40,101005.68,17.70,35.38,-1883506.00,4.52
17:27,100974.22,21.72,19.52,101009.75,18.02,35.60,-1877469.25,4.78
17:28,100975.64,21.69,19.33,101004.42,15.49,39.08,-1878188.00,4.62
17:29,100969.16,21.65,19.19,101001.47,14.12,42.38,-1894571.25,5.55
17:30,100983.01,21.58,19.20,101013.94,13.47,44.30,-1902655.25,3.86
17:31,100977.77,21.56,19.01,101008.67,13.18,44.46,-1901771.00,3.80
17:32,100971.88,21.56,18.92,101009.16,13.42,44.01,-1903008.00,3.94
17:33,100989.79,21.89,19.30,101013.22,13.71,44.38,-1903368.25,4.98
17:34,100977.98,22.08,18.88,101015.46,15.50,40.02,-1900091.75,4.25
17:35,100988.75,21.96,18.50,101019.51,16.10,37.03,-1892232.37,4.94
17:36,100986.21,21.97,18.54,101012.47,16.00,37.30,-1893148.00,5.12
17:37,100983.82,22.22,18.68,101014.47,17.06,35.91,-1895775.62,4.69
17:38,100987.69,22.30,18.63,101011.14,14.42,40.99,-1895464.00,4.07
17:39,100988.80,22.23,19.26,101014.62,14.01,43.70,-1901171.62,4.98
17:40,100981.50,22.39,19.21,101013.04,13.91,43.42,-1900164.75,4.41
17:41,100981.89,22.19,19.35,101017.69,12.72,46.41,-1900824.62,5.68
17:42,100996.89,22.01,20.00,101017.75,12.75,47.54,-1903026.25,4.87
17:43,100983.88,22.06,20.23,101012.67,12.97,47.05,-1902517.25,4.67
17:44,100984.42,22.23,19.86,101013.89,13.22,46.40,-1906044.37,5.31
17:45,100985.28,22.54,19.58,101017.32,16.07,40.32,-1908575.25,5.20
17:46,100983.42,22.42,19.72,101007.32,14.24,43.29,-1904170.37,4.70
17:47,100984.00,22.49,19.72,101013.71,13.32,44.47,-1904892.37,4.16
17:48,100971.66,22.43,19.38,101007.37,13.12,44.85,-1905545.25,4.14
17:49,100987.83,16.94,29.31,101009.24,13.28,45.16,-1905149.37,0.90
17:50,100997.09,8.55,50.89,101017.85,12.73,46.70,-1904176.00,1.35
17:51,100991.39,5.06,64.20,101008.75,12.05,48.22,-1904274.62,2.14
17:52,101003.27,5.03,71.55,101009.98,12.00,48.97,-1905248.75,2.11
17:53,100999.80,7.86,78.29,101011.71,12.03,50.38,-1908350.75,1.35
17:54,100996.10,8.90,79.18,101010.00,12.08,51.81,-1908598.25,1.37
17:55,100997.47,9.12,79.22,101013.91,12.12,52.46,-1908936.25,1.49
17:56,101003.28,9.15,78.56,101012.10,11.91,51.36,-1907697.75,1.50
17:57,100999.24,9.19,78.34,101010.49,11.83,53.83,-1906985.62,1.47
17:58,100994.18,9.28,77.25,101013.22,11.76,51.10,-1907987.00,0.77
17:59,100999.08,9.34,77.14,101015.05,11.80,52.46,-1909815.00,1.46
18:0,100996.77,9.50,76.66,101017.46,11.77,52.90,-1909420.37,1.48
18:1,100998.57,9.64,76.86,101014.21,11.82,54.54,-1909588.37,1.49
18:2,101007.92,9.75,75.71,101015.82,11.89,54.03,-1908955.25,0.79
18:3,101002.05,9.74,75.48,101016.08,11.88,54.42,-1909598.37,1.49
18:4,101004.58,9.71,73.92,101016.83,13.12,48.51,-1909929.25,1.48
18:5,100997.50,9.85,74.41,101011.41,13.94,49.24,-1910272.00,0.93
18:6,100982.71,17.87,31.71,101014.53,15.58,42.37,-1910357.62,3.77
18:7,100988.58,10.34,69.25,101008.64,15.34,41.50,-1909949.25,0.77
18:8,100986.69,11.11,58.01,101006.96,15.72,41.11,-1910874.37,0.46
18:9,100991.96,12.23,52.33,101009.97,16.21,40.79,-1910214.00,1.14
18:10,100995.89,10.65,68.54,101010.41,14.18,45.46,-1908700.62,1.48
18:11,100998.28,11.31,59.23,101017.96,13.24,48.37,-1910299.62,0.44
18:12,100990.21,12.01,54.26,101006.07,13.04,49.48,-1911075.75,0.44
18:13,100987.67,19.45,27.02,101008.25,13.02,48.98,-1911411.62,3.96
18:14,100982.44,21.74,24.04,101012.22,13.10,48.52,-1911914.75,4.61
18:15,100973.16,22.28,22.25,101009.25,13.16,48.70,-1912377.25,3.76
18:16,100989.44,21.79,21.36,101018.85,13.49,47.28,-1911961.25,4.59
18:17,100976.41,21.25,21.23,101016.41,12.90,48.79,-1911782.75,4.43
18:18,100973.16,21.11,21.44,101014.48,12.55,51.39,-1911950.37,4.48
18:19,100973.55,21.19,21.17,101009.80,13.06,48.54,-1912664.37,5.54
18:20,100973.38,21.22,20.95,101009.00,13.04,48.99,-1912522.00,3.76
18:21,100978.96,21.14,20.97,101014.07,12.49,50.34,-1912628.75,5.07
18:22,100974.58,20.93,21.01,101013.44,12.38,51.37,-1912849.00,5.01
18:23,100962.58,20.99,20.97,101009.79,13.15,47.92,-1913057.25,5.26
18:24,100978.21,21.14,21.02,101018.89,15.62,42.85,-1911564.00,3.91
18:25,100979.58,21.16,20.67,101010.05,13.63,46.19,-1911054.25,5.60
18:26,100960.57,21.14,20.69,101002.11,13.31,47.47,-1912919.00,4.72
18:27,100971.46,21.17,20.59,101011.84,12.85,48.47,-1912822.37,5.85
18:28,100969.36,21.25,20.38,101006.46,13.34,46.85,-1913288.75,5.10
18:29,100971.19,21.43,20.40,101011.39,13.29,47.96,-1913110.62,5.30
18:30,100970.27,21.55,20.25,101007.17,13.30,47.79,-1913196.75,4.65
18:31,100981.16,21.61,20.05,101015.57,13.23,47.07,-1912972.75,5.13
18:32,100982.35,21.65,19.86,101013.17,13.25,47.18,-1913680.75,5.88
18:33,100975.91,21.69,19.96,101013.16,13.32,47.53,-1913669.62,4.92
18:34,100984.81,21.75,19.78,101010.83,13.39,46.81,-1913915.25,5.83
18:35,100979.17,21.81,19.65,101012.32,13.69,46.23,-1913019.25,5.41
18:36,100977.85,21.83,19.58,101005.45,14.00,45.82,-1911620.75,4.92
18:37,100989.23,22.00,19.66,101012.12,13.79,46.53,-1912236.75,5.12
18:38,100991.71,22.06,19.02,101018.25,14.11,43.61,-1909857.25,5.77
18:39,100983.08,21.83,18.94,101015.14,13.49,44.39,-1907049.37,5.53
18:40,100985.42,21.76,18.80,101013.41,13.65,43.74,-1907750.00,5.50
18:41,100987.15,21.74,18.85,101014.90,13.83,43.66,-1908277.25,4.81
18:42,100986.24,21.99,18.68,101014.19,15.95,38.66,-1908623.75,5.71
18:43,100994.81,22.29,18.60,101026.57,17.20,36.22,-1912212.75,5.22
18:44,100983.42,22.49,18.20,101020.01,17.84,34.42,-1912361.25,5.79
18:45,100980.62,22.67,18.30,101016.12,15.73,38.24,-1905439.25,5.52
18:46,100983.87,22.90,18.00,101017.60,14.90,40.63,-1914789.62,4.81
18:47,100996.48,23.16,18.06,101028.86,15.05,40.66,-1917995.62,4.70
18:48,100987.52,23.11,17.98,101018.75,14.29,42.86,-1913692.00,5.83
18:49,100986.85,23.33,17.85,101022.77,15.62,39.74,-1914772.75,5.31
18:50,100992.89,23.31,18.10,101028.35,14.97,40.80,-1914597.37,4.93
18:51,100995.25,23.05,18.34,101029.16,13.84,43.39,-1912837.62,4.91
18:52,100999.93,22.96,18.38,101030.77,13.77,43.78,-1915109.62,5.61
18:53,100993.70,23.00,18.70,101032.38,13.59,45.11,-1915989.25,5.10
18:54,100997.85,23.04,18.47,101029.10,13.35,44.85,-1914785.37,4.62
18:55,100993.15,23.10,18.24,101034.63,13.61,43.73,-1917759.62,5.26
18:56,100996.78,23.11,18.45,101028.46,13.62,44.18,-1917490.25,4.86
18:57,101004.32,23.25,18.45,101029.24,13.90,44.08,-1917826.75,5.05
18:58,100997.21,23.28,18.24,101032.29,13.74,43.41,-1917299.75,4.91
18:59,100992.96,23.17,18.90,101036.60,15.43,40.65,-1917744.00,5.09
19:0,101022.89,12.73,39.85,101036.74,16.30,38.00,-1913165.37,0.75
19:1,101008.46,6.77,55.82,101030.63,14.65,40.51,-1908125.37,1.49
19:2,101010.42,5.07,66.16,101032.64,14.93,40.45,-1912060.37,1.47
19:3,101017.83,7.36,75.54,101030.07,15.35,40.49,-1910521.62,1.48
19:4,101013.24,9.05,77.64,101032.36,14.73,42.19,-1912488.00,1.51
19:5,101030.32,9.29,77.08,101037.88,13.41,44.83,-1915016.37,0.80
19:6,101022.36,9.49,76.98,101037.53,14.94,43.58,-1914159.75,1.48
19:7,101028.72,9.65,75.38,101032.96,15.42,41.67,-1912474.37,0.77
19:8,101018.62,9.93,74.66,101030.46,16.23,40.32,-1911302.37,0.75
19:9,101025.64,10.19,74.00,101030.17,14.38,44.78,-1917000.00,1.48
19:10,101019.94,10.40,73.00,101035.17,13.87,47.31,-1918120.62,0.77
19:11,101008.46,10.52,72.33,101041.02,13.67,47.66,-1917053.25,0.76
19:12,101018.18,10.60,71.47,101036.65,13.27,46.71,-1914355.25,0.74
19:13,101018.41,10.50,70.66,101040.18,13.00,48.86,-1918975.62,1.44
19:14,101016.21,10.55,70.74,101040.10,13.54,48.00,-1920231.25,1.16
19:15,101016.30,10.57,70.41,101037.57,13.24,48.26,-1919401.62,1.47
19:16,101007.83,10.52,69.69,101035.97,12.87,48.60,-1920135.25,1.46
19:17,101001.80,19.46,26.48,101035.88,13.26,47.01,-1921940.37,5.43
19:18,101002.82,21.82,23.67,101045.19,13.10,47.44,-1922181.62,5.20
19:19,101018.47,22.13,21.65,101052.64,13.14,46.74,-1922149.37,4.77
19:20,101013.58,21.35,21.07,101048.15,12.76,47.70,-1921843.62,4.59
19:21,101019.68,20.99,21.08,101044.88,12.74,47.27,-1922634.00,5.69
19:22,101005.44,20.86,21.00,101045.83,13.11,46.48,-1923000.00,4.61
19:23,101008.55,20.89,20.94,101047.58,12.96,46.75,-1922726.75,4.63
19:24,101011.00,20.92,20.82,101044.71,13.21,46.05,-1923120.00,4.71
19:25,101015.30,21.02,20.68,101049.44,13.36,44.75,-1923095.62,5.12
19:26,101007.61,21.03,20.64,101050.04,12.97,46.82,-1921960.75,4.69
19:27,101010.33,21.01,20.51,101047.42,12.86,47.14,-1920700.75,3.89
19:28,101007.58,21.10,20.34,101048.08,13.23,46.11,-1920732.00,4.25
19:29,101012.02,21.04,20.35,101049.52,12.61,48.21,-1920198.75,4.81
19:30,101017.00,20.99,20.30,101048.86,12.75,46.44,-1920606.37,4.55
19:31,101016.97,21.04,20.29,101052.67,13.02,47.07,-1921108.62,5.07
19:32,101021.03,21.11,20.27,101050.41,13.13,45.75,-1921276.25,4.81
19:33,101019.64,21.13,19.91,101048.13,13.05,46.06,-1921296.62,4.91
19:34,101019.84,21.19,19.96,101051.75,13.21,45.90,-1921225.00,4.52
19:35,101016.32,21.34,19.97,101049.24,13.11,47.22,-1921322.00,4.63
19:36,101013.91,21.40,19.89,101052.37,12.90,48.00,-1921781.25,4.27
19:37,101020.82,21.44,19.84,101054.52,12.95,48.04,-1921794.00,4.85
19:38,101022.80,21.55,19.74,101053.17,13.12,47.16,-1921955.62,4.53
19:39,101018.47,21.66,19.62,101057.13,13.28,46.34,-1922060.37,4.58
19:40,101019.06,21.57,19.31,101051.75,12.80,47.24,-1921753.62,4.61
19:41,101029.57,21.58,19.32,101057.22,13.15,46.47,-1921946.62,4.45
19:42,101022.99,21.59,19.40,101052.77,13.08,45.79,-1921756.75,4.15
19:43,101020.80,21.50,19.26,101053.63,12.45,47.45,-1917888.00,4.23
19:44,101016.14,21.45,19.10,101051.01,12.36,47.33,-1919654.00,4.49
19:45,101019.24,21.48,18.96,101055.61,12.49,46.26,-1920217.75,5.11
19:46,101028.76,21.52,18.61,101054.03,12.47,46.00,-1919779.25,3.88
19:47,101028.03,21.51,18.58,101055.62,12.73,44.61,-1920084.00,5.38
19:48,101016.39,21.70,18.53,101059.69,12.77,45.36,-1920633.00,5.30
19:49,101018.80,21.83,18.36,101053.35,12.60,45.17,-1919645.25,5.48
19:50,101014.10,21.83,18.34,101051.99,12.81,44.50,-1918730.75,5.68
19:51,101025.55,21.93,18.17,101057.24,12.74,44.39,-1916292.25,5.62
19:52,101017.16,21.88,18.50,101057.17,12.55,45.36,-1916862.75,5.39
19:53,101024.66,21.72,18.66,101051.31,12.48,44.75,-1917542.37,5.18
19:54,101024.74,21.77,18.66,101054.02,12.41,45.60,-1917600.75,5.37
19:55,101019.33,21.97,18.73,101057.14,12.56,45.71,-1917496.37,5.56
19:56,101033.73,22.04,18.83,101051.75,12.35,46.23,-1916958.75,5.32
19:57,101026.49,21.90,19.07,101049.25,12.32,46.25,-1916827.25,5.70
19:58,101020.02,21.74,19.39,101055.03,12.10,47.53,-1916605.75,5.56
19:59,101026.60,21.78,19.11,101054.62,12.41,45.98,-1916304.00,5.78
20:0,101028.62,21.99,19.04,101057.78,12.98,44.57,-1916020.00,5.24
20:1,101017.16,21.94,19.41,101055.84,12.59,45.32,-1916074.75,5.92
20:2,101038.15,12.01,41.04,101056.03,12.28,46.80,-1915786.37,1.46
20:3,101051.88,6.08,57.91,101053.92,11.95,47.08,-1913769.37,1.48
20:4,101038.53,4.64,67.94,101052.21,11.71,47.67,-1907800.75,1.51
20:5,101050.96,7.18,77.22,101055.10,11.66,50.07,-1921142.75,1.47
20:6,101051.63,8.56,78.70,101057.96,11.80,52.21,-1926236.62,1.50
20:7,101037.95,8.98,78.79,101057.72,12.00,50.74,-1926720.75,1.48
20:8,101042.88,9.10,78.29,101056.13,12.06,52.60,-1927161.00,1.49
20:9,101044.09,9.36,77.77,101057.05,12.10,53.77,-1927102.75,1.48
20:10,101044.85,9.49,75.71,101056.09,12.49,50.93,-1927866.37,1.49
20:11,101040.54,9.69,73.41,101060.52,13.11,46.79,-1928090.37,1.48
20:12,101045.74,9.85,71.33,101057.92,13.07,45.68,-1927443.25,1.48
20:13,101044.10,9.98,71.69,101059.64,12.94,47.13,-1927537.62,1.50
20:14,101049.71,10.11,70.39,101058.53,12.62,46.93,-1928308.75,1.48
20:15,101052.25,10.15,69.36,101057.14,12.43,47.11,-1928907.25,1.48
20:16,101046.08,10.17,68.20,101060.84,12.39,47.88,-1928949.37,0.77
20:17,101047.75,10.30,68.63,101061.31,12.73,47.78,-1929281.00,1.51
20:18,101040.75,10.37,67.98,101055.94,12.60,47.24,-1929625.62,1.48
20:19,101052.08,10.61,65.72,101057.74,12.50,46.10,-1929414.37,1.48
20:20,101042.33,11.20,53.44,101060.71,12.52,46.55,-1930150.75,1.17
20:21,101036.08,11.72,50.20,101059.99,12.68,46.02,-1930366.37,1.17
20:22,101047.93,10.91,62.57,101063.75,12.46,46.90,-1930046.00,1.48
20:23,101042.91,11.38,52.48,101063.14,12.46,46.48,-1930378.75,1.17
20:24,101042.37,11.95,49.87,101064.39,12.62,46.71,-1930524.75,1.05
20:25,101027.46,18.72,26.75,101064.04,12.81,45.38,-1931080.75,5.57
20:26,101040.44,21.23,23.83,101064.35,13.48,43.67,-1931069.62,5.84
20:27,101022.97,21.11,21.77,101064.66,13.74,43.36,-1931535.37,4.71
20:28,101039.75,20.69,21.45,101071.00,13.55,43.21,-1931024.75,5.55
20:29,101039.60,20.53,21.31,101067.03,13.50,43.11,-1931261.62,5.80
20:30,101031.65,20.59,21.17,101068.42,13.50,42.94,-1930977.62,4.09
20:31,101027.48,20.62,20.94,101067.63,13.38,43.51,-1931444.00,4.69
20:32,101030.75,20.60,20.91,101065.47,13.41,43.57,-1931444.25,4.76
20:33,101035.25,20.69,20.88,101065.10,13.14,44.78,-1930647.62,4.56
20:34,101032.74,20.75,20.64,101070.08,13.15,44.61,-1931388.37,5.46
20:35,101028.74,20.82,20.52,101073.38,13.45,43.35,-1930926.37,4.90
20:36,101033.30,20.83,20.39,101067.03,13.33,43.49,-1930873.62,5.37
20:37,101035.07,20.83,20.52,101075.53,13.11,45.12,-1930971.62,4.83
20:38,101034.69,20.79,20.24,101073.52,13.04,44.20,-1931217.00,5.00
20:39,101041.89,20.65,20.15,101071.80,12.49,45.14,-1930399.62,4.36
20:40,101042.61,20.61,20.10,101073.00,12.93,43.51,-1930877.00,5.35
20:41,101039.74,20.71,20.00,101075.53,13.29,42.35,-1931314.37,5.27
20:42,101051.19,20.77,19.94,101079.75,13.40,43.04,-1931052.37,5.51
20:43,101045.10,20.79,19.89,101079.13,13.29,43.21,-1931396.75,5.70
20:44,101044.42,20.81,19.84,101078.87,13.12,43.85,-1931140.00,5.65
20:45,101047.64,20.83,19.86,101079.75,13.00,44.16,-1931337.37,5.62
20:46,101048.07,20.85,19.72,101084.29,13.14,43.63,-1931432.00,5.19
20:47,101045.85,20.95,19.65,101085.27,13.12,43.51,-1931626.37,5.79
20:48,101048.03,21.03,19.52,101086.03,13.22,43.24,-1931422.62,5.50
20:49,101053.21,21.11,19.36,101089.70,13.37,43.02,-1931299.62,4.13
20:50,101041.00,21.17,19.42,101082.41,13.13,44.35,-1931717.62,4.32
20:51,101050.63,21.27,19.28,101084.02,13.09,44.55,-1931511.00,4.97
20:52,101047.49,21.32,19.32,101080.07,12.78,45.84,-1931724.00,4.78
20:53,101041.73,21.41,19.05,101081.82,12.89,44.90,-1931502.62,5.50
20:54,101051.60,21.45,18.94,101078.18,12.83,44.94,-1931608.25,4.68
20:55,101049.46,21.53,18.67,101082.17,13.06,43.77,-1932312.75,5.05
20:56,101044.63,21.51,18.78,101083.30,12.87,44.82,-1932624.62,4.83
20:57,101049.53,21.56,18.83,101081.08,12.49,46.05,-1932245.62,4.55
20:58,101049.35,21.43,18.75,101081.77,12.42,46.13,-1932927.25,5.64
20:59,101054.19,21.63,18.68,101081.99,12.61,45.92,-1933167.00,5.61
21:0,101057.16,21.84,18.52,101086.95,12.70,45.61,-1933371.62,4.63
21:1,101056.28,22.01,18.33,101082.40,12.67,45.62,-1933311.00,4.97
21:2,101062.46,22.10,18.29,101087.00,12.87,44.99,-1933605.75,5.42
21:3,101056.64,22.12,18.49,101085.61,12.76,46.38,-1933736.75,5.74
21:4,101051.07,22.18,18.60,101084.71,12.63,46.97,-1933757.25,5.36
21:5,101050.40,22.31,18.51,101082.15,12.60,46.42,-1933898.25,5.96
21:6,101057.63,22.30,18.86,101087.60,12.36,48.33,-1933896.00,4.81
21:7,101066.77,22.37,18.74,101083.42,12.31,47.90,-1934061.25,5.34
21:8,101059.89,12.84,38.55,101085.31,12.44,47.51,-1933947.25,1.47
21:9,101063.25,5.48,60.83,101083.94,11.93,48.49,-1932708.00,1.46
21:10,101071.10,5.81,73.07,101082.24,11.42,50.83,-1930398.00,1.46
21:11,101071.35,8.41,78.38,101083.74,11.32,54.63,-1928074.00,1.48
21:12,101074.66,8.91,78.72,101082.07,11.34,53.79,-1928710.00,1.51
21:13,101073.91,9.06,79.07,101084.00,11.41,56.75,-1929093.75,1.48
21:14,101068.17,9.12,78.50,101082.28,11.40,56.43,-1928910.62,1.49
21:15,101073.86,9.25,78.16,101083.32,11.40,56.95,-1927918.75,1.48
21:16,101068.72,9.46,77.53,101086.05,11.40,57.61,-1928072.37,1.48
21:17,101075.46,9.61,76.47,101085.64,11.35,58.23,-1923970.75,1.48
21:18,101068.96,9.75,75.38,101082.82,11.34,58.04,-1921617.37,1.50
21:19,101066.92,9.80,74.79,101090.45,11.36,58.33,-1930358.37,0.75
21:20,101082.50,9.87,74.51,101084.02,11.34,58.79,-1931866.00,0.76
21:21,101071.22,9.88,73.98,101091.64,11.26,58.67,-1933257.25,1.49
21:22,101063.07,9.90,73.80,101094.20,11.17,59.37,-1931027.62,0.76
21:23,101072.78,9.92,73.35,101097.54,11.16,59.65,-1928832.00,1.48
21:24,101091.16,9.94,73.24,101095.47,11.08,59.65,-1926127.62,1.50
21:25,101062.00,18.31,28.38,101093.14,11.08,56.73,-1925267.62,4.97
21:26,101059.93,21.09,24.94,101096.50,11.57,54.01,-1925149.75,5.66
21:27,101083.34,8.47,64.62,101093.69,11.53,54.22,-1923902.75,1.51
21:28,101079.70,9.44,66.73,101097.94,11.27,56.32,-1924078.37,1.18
21:29,101083.85,10.28,61.61,101095.32,11.03,57.28,-1924299.37,1.17
21:30,101070.22,19.30,27.99,101099.52,11.41,54.38,-1925251.25,5.08
21:31,101082.57,9.84,58.37,101095.75,11.39,55.00,-1924624.25,1.48
21:32,101087.72,9.89,69.97,101098.92,11.16,56.85,-1924663.25,1.17
21:33,101087.48,10.45,60.92,101097.81,10.92,57.67,-1925146.37,1.16
21:34,101074.67,18.61,28.77,101101.67,10.97,57.39,-1925771.37,5.23
21:35,101081.36,12.53,45.25,101100.20,11.37,55.03,-1925735.25,1.48
21:36,101089.91,9.75,70.01,101102.53,11.21,57.20,-1934504.37,1.18
21:37,101091.78,10.29,62.09,101100.11,10.91,58.10,-1935413.75,1.17
21:38,101070.12,17.42,31.73,101102.27,10.85,58.53,-1935772.37,4.76
21:39,101080.53,16.74,32.93,101102.82,11.37,54.74,-1936160.00,1.51
21:40,101090.82,9.46,70.53,101105.71,11.13,57.54,-1935323.00,1.17
21:41,101089.80,10.22,64.80,101104.92,10.92,57.94,-1935799.25,1.17
21:42,101077.22,15.14,42.19,101101.04,10.82,59.10,-1935912.62,4.98
21:43,101075.33,20.71,25.85,101104.52,11.07,56.80,-1936630.37,5.39
21:44,101075.58,11.39,44.69,101104.80,11.08,55.74,-1935904.00,1.64
21:45,101088.48,9.00,68.68,101105.86,10.89,57.89,-1935715.37,1.17
21:46,101093.33,9.88,63.23,101105.38,10.66,59.24,-1931300.37,1.18
21:47,101077.14,17.23,31.57,101101.40,10.49,59.89,-1931217.75,4.84
21:48,101070.10,20.98,25.16,101101.08,10.80,58.14,-1931572.75,5.07
21:49,101064.14,20.36,25.06,101105.17,10.76,58.64,-1931106.75,1.52
21:50,101093.92,7.22,65.78,101102.80,10.52,58.14,-1929995.25,1.15
21:51,101094.71,8.72,65.79,101104.62,10.40,61.14,-1930968.00,1.17
21:52,101094.43,11.06,61.57,101105.40,10.32,61.89,-1931056.00,4.49
21:53,101080.35,19.78,27.42,101106.08,10.63,59.23,-1931777.62,5.77
21:54,101071.73,21.74,23.55,101109.72,10.61,60.29,-1931953.62,4.92
21:55,101078.46,21.38,21.76,101114.14,10.49,61.18,-1931472.62,4.57
21:56,101084.71,20.62,21.90,101113.35,10.35,61.25,-1931620.25,5.41
21:57,101083.58,20.33,21.84,101115.05,10.64,59.30,-1931311.62,5.77
21:58,101080.83,20.19,21.87,101111.96,10.77,58.31,-1931256.75,5.27
21:59,101084.78,20.12,21.88,101118.41,10.81,58.70,-1931058.37,5.10
22:0,101084.85,20.13,21.82,101121.69,10.50,60.29,-1931200.00,5.68
22:1,101094.92,20.13,21.59,101121.78,10.67,58.97,-1931300.75,5.56
22:2,101094.67,20.11,21.53,101121.71,10.78,59.08,-1931267.37,5.04
22:3,101113.39,10.12,43.12,101123.24,10.56,58.57,-1930840.00,1.49
22:4,101120.56,6.81,60.48,101125.02,10.38,60.39,-1930094.00,1.17
22:5,101116.46,8.46,66.75,101126.49,10.24,61.84,-1930664.25,1.17
22:6,101105.17,15.99,35.26,101128.67,10.38,60.50,-1932446.25,5.47
22:7,101102.14,20.12,24.93,101126.51,10.70,59.28,-1933338.37,4.88
22:8,101102.89,21.15,22.74,101122.18,10.63,59.39,-1933491.75,5.84
22:9,101093.05,21.02,21.52,101119.60,10.79,58.50,-1933196.75,5.61
22:10,101093.69,19.92,22.93,101122.57,10.84,58.89,-1934635.25,1.51
22:11,101112.75,5.97,61.77,101124.53,10.51,60.22,-1934752.37,1.18
22:12,101111.25,7.86,66.14,101123.47,10.29,61.97,-1935822.37,1.17
22:13,101111.16,8.94,62.97,101126.66,10.24,62.41,-1937312.00,4.79
22:14,101096.36,19.44,27.38,101127.61,10.57,60.32,-1937728.75,5.50
22:15,101100.19,21.01,23.51,101131.52,10.55,61.55,-1938148.37,5.36
22:16,101105.94,21.41,21.83,101128.28,10.50,61.19,-1937699.25,5.19
22:17,101104.19,20.78,21.49,101131.35,10.49,61.04,-1937992.75,5.23
22:18,101104.46,9.18,46.18,101127.05,10.63,59.46,-1937457.37,1.49
22:19,101122.03,7.06,61.30,101130.44,10.40,60.39,-1941854.00,1.17
22:20,101118.96,8.58,67.77,101129.70,10.29,62.94,-1942656.75,1.14
22:21,101107.05,16.86,33.91,101126.14,10.15,62.85,-1942152.75,5.36
22:22,101106.53,20.62,24.65,101127.69,10.43,61.60,-1942398.00,4.87
22:23,101096.46,21.44,22.54,101129.91,10.41,62.04,-1942240.00,5.21
22:24,101099.92,21.12,21.53,101127.21,10.57,60.28,-1942211.25,5.72
22:25,101120.38,5.95,60.70,101131.15,10.46,59.22,-1941454.00,1.35
22:26,101120.57,7.85,66.23,101127.54,10.39,61.96,-1942314.37,1.16
22:27,101117.58,9.27,66.17,101130.03,10.29,63.30,-1942025.25,7.52
22:28,101107.30,19.34,28.11,101128.35,10.45,61.83,-1941117.62,5.48
22:29,101093.11,21.14,23.84,101131.17,10.49,61.92,-1941233.25,5.57
22:30,101096.80,21.60,22.02,101130.21,10.64,61.50,-1940700.37,5.79
22:31,101091.10,17.28,29.06,101129.46,10.89,59.90,-1940318.37,1.48
22:32,101122.53,6.57,61.62,101123.46,10.51,60.36,-1942225.25,1.13
22:33,101115.71,8.23,66.06,101127.89,10.41,63.16,-1942529.62,1.13
22:34,101110.13,11.64,50.36,101129.76,10.37,62.84,-1943051.25,4.87
22:35,101104.10,20.24,26.37,101125.42,10.59,61.64,-1943584.25,5.74
22:36,101086.52,21.53,23.42,101124.70,10.90,61.02,-1943808.00,5.88
22:37,101106.99,7.99,52.30,101129.71,11.12,58.87,-1942840.75,1.48
22:38,101113.35,7.76,65.58,101128.28,10.88,60.76,-1943606.62,1.17
22:39,101115.24,9.26,68.23,101124.99,10.68,63.07,-1944019.25,1.16
22:40,101102.58,18.50,31.24,101130.77,10.85,60.79,-1944476.75,5.24
22:41,101100.20,21.70,24.40,101132.60,11.44,58.95,-1944766.37,4.73
22:42,101111.36,7.51,62.53,101130.85,11.31,58.21,-1943667.25,1.51
22:43,101120.71,8.74,67.27,101130.72,10.98,61.77,-1944033.62,1.15
22:44,101122.91,9.93,65.95,101131.21,10.76,63.81,-1944568.37,1.15
22:45,101099.05,19.71,27.71,101135.58,10.94,61.94,-1945196.37,5.50
22:46,101106.28,13.12,43.05,101137.88,11.49,58.65,-1945180.37,1.48
22:47,101124.25,9.51,69.89,101138.27,11.20,61.09,-1944854.37,1.15
22:48,101120.17,10.28,66.02,101137.66,10.93,63.43,-1945104.75,1.15
22:49,101106.46,17.46,34.11,101137.34,10.98,62.75,-1945239.00,5.51
22:50,101103.82,20.77,25.59,101136.61,11.47,59.70,-1945940.75,0.76
22:51,101119.35,9.31,70.57,101138.93,11.39,60.99,-1944953.25,1.15
22:52,101123.67,10.28,67.83,101137.10,11.12,63.54,-1945641.25,1.14
22:53,101119.44,11.56,72.77,101138.37,11.01,64.05,-1945853.25,4.30
22:54,101103.39,20.64,26.29,101139.17,11.31,60.95,-1946546.37,5.68
22:55,101119.35,9.64,68.78,101138.45,11.50,60.75,-1945826.37,1.49
22:56,101126.03,10.49,69.37,101138.91,11.24,62.96,-1946110.00,1.15
22:57,101130.39,11.01,64.58,101138.97,11.11,64.03,-1946433.25,1.15
22:58,101109.17,20.11,27.85,101142.65,11.46,60.75,-1947120.25,5.14
22:59,101126.17,9.93,73.00,101146.44,11.46,62.68,-1946423.62,1.16
23:0,101129.25,10.71,68.80,101142.47,11.29,63.59,-1946878.00,1.17
23:1,101129.42,11.14,64.70,101143.25,11.18,64.12,-1946997.62,8.21
23:2,101122.28,18.56,32.37,101142.75,11.37,62.08,-1947677.25,1.49
23:3,101124.87,10.30,72.84,101143.11,11.36,64.03,-1946660.75,1.14
23:4,101129.82,10.91,69.14,101140.12,11.20,64.35,-1947448.75,1.15
23:5,101114.66,14.25,54.72,101141.18,11.19,64.79,-1947491.37,4.86
23:6,101107.13,17.35,35.25,101137.08,11.52,61.17,-1948272.75,1.51
23:7,101123.49,10.47,73.26,101135.43,11.46,63.40,-1947808.62,1.15
23:8,101116.39,11.03,67.86,101135.35,11.31,64.21,-1948144.37,1.14
23:9,101112.00,11.46,70.91,101136.53,11.25,64.37,-1948650.00,1.51
23:10,101127.67,10.54,77.91,101135.19,11.28,66.24,-1948250.25,0.44
23:11,101126.78,10.83,71.42,101133.05,11.26,65.36,-1948690.62,0.46
23:12,101106.99,14.96,53.37,101136.14,11.22,65.32,-1948890.00,5.55
23:13,101105.60,16.55,38.60,101132.36,11.73,60.54,-1949661.25,1.48
23:14,101119.64,10.65,73.78,101132.58,11.61,63.65,-1948757.25,1.14
23:15,101113.06,11.13,69.36,101131.58,11.47,64.43,-1949132.37,1.15
23:16,101112.22,14.04,56.36,101131.74,11.43,64.87,-1949305.00,1.48
23:17,101123.74,10.70,76.74,101130.75,11.41,66.18,-1949630.37,1.13
23:18,101121.88,11.07,70.95,101133.57,11.35,65.58,-1949719.25,1.14
23:19,101115.94,13.60,63.00,101137.99,11.34,65.73,-1949935.37,1.86
23:20,101127.27,10.66,77.26,101141.82,11.38,66.88,-1949938.62,1.14
23:21,101125.18,11.06,72.17,101138.49,11.29,66.34,-1950396.75,1.17
23:22,101116.52,11.63,73.13,101141.90,11.28,66.63,-1950194.37,4.98
23:23,101107.08,19.71,28.47,101145.53,11.49,63.40,-1951121.00,4.76
23:24,101122.85,10.63,71.60,101140.13,11.64,64.87,-1950362.00,1.48
23:25,101126.88,11.04,71.57,101142.64,11.50,66.34,-1950558.37,1.15
23:26,101129.61,11.46,67.36,101146.86,11.40,66.94,-1950726.75,1.17
23:27,101139.68,10.78,78.05,101148.56,11.33,68.24,-1950604.75,1.48
23:28,101138.18,11.03,72.62,101149.33,11.34,68.13,-1950919.25,1.17
23:29,101129.54,11.37,68.72,101146.83,11.35,67.97,-1951004.00,0.44
23:30,101114.82,19.40,29.44,101145.44,11.30,67.42,-1951005.25,1.98
23:31,101136.91,10.77,75.70,101145.25,11.28,68.37,-1951508.75,0.46
23:32,101126.57,11.29,69.78,101141.11,11.22,67.74,-1951816.62,1.15
23:33,101132.64,11.81,72.50,101140.01,11.19,67.85,-1952185.37,4.89
23:34,101113.60,19.70,27.98,101144.25,11.49,64.60,-1952829.62,4.90
23:35,101123.17,10.68,72.90,101145.38,11.34,67.24,-1952229.00,1.52
23:36,101132.28,11.10,72.38,101144.07,11.27,68.04,-1952244.37,1.17
23:37,101130.44,11.35,67.91,101145.01,11.08,68.86,-1952482.25,1.18
23:38,101113.58,15.96,44.06,101144.50,11.14,67.31,-1952899.75,1.51
23:39,101134.24,10.89,75.41,101146.99,11.22,69.10,-1952190.25,1.16
23:40,101128.65,11.19,70.21,101151.10,11.17,69.15,-1952681.62,1.17
23:41,101129.67,16.13,45.78,101144.92,11.06,68.89,-1952670.75,4.65
23:42,101119.45,18.03,34.25,101144.63,11.41,66.27,-1953073.00,1.52
23:43,101132.49,10.67,74.44,101141.89,11.23,67.61,-1952877.00,1.17
23:44,101128.26,11.04,68.29,101140.85,11.14,67.59,-1952921.25,1.17
23:45,101118.92,14.82,54.37,101138.30,11.11,68.54,-1953084.75,4.59
23:46,101105.72,17.46,36.00,101139.08,11.36,65.77,-1953530.37,1.52
23:47,101122.91,10.62,74.38,101138.91,11.32,66.66,-1952969.25,0.45
23:48,101124.04,11.11,69.22,101139.85,11.19,66.70,-1953286.37,1.15
23:49,101117.27,15.05,52.29,101139.39,11.13,67.10,-1953582.00,5.46
23:50,101112.63,16.39,39.42,101136.33,11.60,62.37,-1954012.00,1.52
23:51,101120.36,10.66,74.15,101140.96,11.45,65.83,-1953269.25,1.17
23:52,101124.17,11.12,69.83,101139.67,11.31,66.92,-1953669.25,1.17
23:53,101113.64,16.04,46.31,101143.14,11.08,68.12,-1953636.00,4.20
23:54,101116.22,18.67,31.78,101145.98,11.42,64.00,-1954230.37,1.52
23:55,101124.57,10.53,73.89,101140.77,11.37,66.33,-1953659.75,1.17
23:56,101126.10,10.96,68.61,101142.97,11.20,66.85,-1953916.37,1.17
23:57,101117.22,13.24,62.35,101139.32,11.02,67.30,-1954117.62,1.48
23:58,101126.22,10.55,77.90,101138.02,11.03,68.92,-1954178.37,1.17
23:59,101126.90,10.92,73.34,101136.93,11.02,68.66,-1954320.37,1.18
0:0,101119.90,13.13,67.19,101140.39,10.91,68.97,-1954447.62,5.61
0:1,101115.68,20.03,27.56,101144.67,11.26,65.53,-1954906.75,4.98
0:2,101124.53,10.99,61.60,101139.57,11.38,64.98,-1954350.75,1.52
0:3,101129.02,10.67,73.64,101145.75,11.23,67.66,-1954422.75,1.17
0:4,101130.66,10.99,68.88,101142.33,11.05,68.31,-1954408.75,1.17
0:5,101112.33,19.36,29.82,101143.41,10.98,68.46,-1955012.00,5.05
0:6,101119.28,14.76,43.43,101141.38,11.34,66.36,-1955155.62,1.51
0:7,101119.48,10.59,73.82,101135.19,11.10,68.45,-1954111.25,1.16
0:8,101119.80,11.05,70.65,101136.54,10.92,70.30,-1954854.00,1.17
0:9,101120.94,17.59,37.92,101135.16,10.85,70.39,-1954975.62,5.00
0:10,101110.63,13.69,50.92,101138.11,11.14,68.01,-1955304.62,1.51
0:11,101119.92,10.89,74.85,101134.83,11.07,70.45,-1954884.37,1.17
0:12,101119.64,11.21,71.25,101135.13,10.78,71.29,-1954794.25,1.14
0:13,101112.49,18.20,35.39,101131.10,10.75,71.80,-1955433.00,5.45
0:14,101095.75,21.07,26.36,101136.88,11.18,68.21,-1955672.75,5.79
0:15,101118.60,10.23,74.10,101134.55,10.84,70.47,-1954905.00,1.15
0:16,101126.50,10.97,71.67,101136.33,10.81,71.11,-1955445.75,1.17
0:17,101119.16,11.18,70.25,101137.80,10.77,72.92,-1955449.62,10.19
0:18,101105.18,20.45,27.32,101139.99,11.06,69.39,-1956230.62,4.60
0:19,101126.60,14.79,42.23,101146.63,11.27,67.81,-1955880.75,1.49
0:20,101137.88,10.57,73.49,101148.85,11.09,70.27,-1955270.00,1.14
0:21,101141.43,10.98,71.93,101147.45,10.92,71.89,-1955676.75,1.17
0:22,101127.14,17.88,37.38,101148.55,10.85,72.64,-1955848.75,5.61
0:23,101110.61,21.29,26.07,101151.24,11.24,68.44,-1956267.25,5.03
0:24,101116.71,17.13,34.24,101152.07,11.26,68.46,-1956031.62,1.48
0:25,101139.82,10.20,73.09,101152.61,10.72,71.79,-1955831.00,1.17
0:26,101138.99,10.82,71.83,101146.01,10.58,73.68,-1956261.25,1.14
0:27,101118.99,16.47,43.85,101140.52,10.59,74.73,-1956453.25,5.14
0:28,101109.39,21.20,26.27,101140.67,11.04,70.94,-1957306.75,5.75
0:29,101122.19,10.51,71.40,101136.71,10.86,72.87,-1956207.62,1.49
0:30,101120.81,11.09,73.61,101137.86,10.74,74.73,-1956416.00,1.17
0:31,101118.53,11.18,72.65,101132.09,10.58,76.41,-1956612.75,1.18
0:32,101102.86,20.55,27.72,101133.97,10.61,75.08,-1957236.00,4.63
0:33,101102.89,18.68,32.29,101137.52,10.86,73.61,-1957228.75,1.49
0:34,101117.91,10.76,74.08,101129.42,10.79,75.17,-1956682.62,1.17
0:35,101114.24,11.08,74.09,101130.41,10.49,77.63,-1957144.37,1.14
0:36,101097.06,15.48,53.63,101131.80,10.41,78.47,-1957388.00,4.94
0:37,101093.97,20.95,26.85,101128.12,10.57,76.65,-1958047.25,5.73
0:38,101104.73,12.41,55.65,101126.63,10.81,74.51,-1957442.00,1.48
0:39,101108.57,11.12,74.52,101126.14,10.67,77.22,-1957392.62,1.17
0:40,101107.08,11.38,73.56,101128.27,10.47,79.22,-1957650.37,1.16
0:41,101097.24,19.67,31.83,101125.28,10.44,78.37,-1958074.75,4.72
0:42,101082.08,21.77,25.68,101125.13,10.76,76.05,-1958501.25,5.72
0:43,101108.96,10.71,74.37,101124.50,10.83,75.91,-1957983.25,1.50
0:44,101100.41,11.36,74.07,101113.10,10.54,78.91,-1958026.00,1.13
0:45,101093.27,11.61,73.82,101111.83,10.23,81.35,-1958224.75,13.68
0:46,101095.39,20.79,27.54,101112.79,10.48,79.22,-1958866.75,4.98
0:47,101088.21,12.58,58.09,101105.51,10.60,77.85,-1958978.37,1.50
0:48,101090.39,11.40,75.36,101109.50,10.50,80.69,-1958443.25,1.15
0:49,101088.22,11.63,74.99,101101.53,10.34,82.11,-1958832.00,1.15
0:50,101077.78,19.86,32.09,101108.55,10.38,81.36,-1959014.75,5.36
0:51,101075.73,21.86,25.69,101115.99,10.84,77.43,-1959392.37,5.83
0:52,101106.05,14.58,44.91,101123.71,11.06,76.32,-1959254.62,1.52
0:53,101107.21,11.10,74.58,101123.46,10.76,78.68,-1959093.62,1.17
0:54,101107.56,11.26,75.45,101128.32,10.48,80.87,-1959557.25,1.16
0:55,101077.28,18.71,36.55,101097.75,10.23,82.44,-1960046.37,4.65
0:56,101054.57,21.65,26.24,101095.07,10.40,81.08,-1960084.00,5.86
0:57,101074.47,12.19,60.87,101092.13,10.64,79.61,-1960024.00,1.48
0:58,101091.89,11.12,75.52,101113.94,10.43,81.69,-1959918.00,1.17
0:59,101122.85,10.57,78.60,101141.32,10.02,83.52,-1959933.75,1.17
1:0,101111.04,20.19,30.78,101135.60,10.10,82.37,-1957757.62,5.52
1:1,101104.00,21.89,25.83,101138.94,10.22,82.18,-1957964.37,5.84
1:2,101107.69,22.58,24.77,101144.96,10.10,82.34,-1957926.00,5.88
1:3,101091.64,22.98,23.89,101127.10,10.59,79.67,-1957459.00,5.64
1:4,101090.64,9.81,58.93,101111.16,10.71,78.33,-1957277.62,1.53
1:5,101098.02,10.19,75.23,101109.57,10.51,80.81,-1960700.62,1.17
1:6,101098.53,10.78,77.98,101108.07,10.36,82.32,-1961033.62,1.17
1:7,101072.49,20.07,29.58,101105.69,10.49,81.21,-1961654.00,4.87
1:8,101070.86,22.03,25.37,101104.90,10.90,77.37,-1961699.25,4.68
1:9,101082.63,10.85,73.29,101102.07,10.82,77.84,-1961418.37,1.49
1:10,101086.24,11.44,74.26,101102.32,10.60,79.91,-1961856.75,1.17
1:11,101085.46,11.54,73.66,101103.17,10.37,80.99,-1962093.00,1.16
1:12,101079.02,20.79,27.32,101101.75,10.47,78.88,-1962749.25,4.66
1:13,101068.42,21.21,27.05,101100.66,10.46,78.50,-1962990.75,1.51
1:14,101088.90,10.70,74.17,101104.66,10.55,78.28,-1962606.75,1.18
1:15,101086.92,11.32,74.19,101101.07,10.44,80.54,-1963086.37,1.16
1:16,101077.91,13.18,71.41,101107.88,10.35,81.59,-1963372.75,4.60
1:17,101064.57,21.29,26.85,101101.19,10.54,79.40,-1963812.75,5.23
1:18,101067.87,22.44,24.77,101105.31,10.80,77.44,-1964181.75,1.76
1:19,101088.72,10.53,73.99,101100.97,10.69,77.67,-1963557.25,1.17
1:20,101087.38,11.20,74.44,101104.03,10.54,80.01,-1964044.37,1.14
1:21,101083.71,11.73,77.74,101098.97,10.39,81.06,-1964301.62,4.85
1:22,101067.00,21.01,27.25,101099.38,10.51,79.27,-1964720.00,4.69
1:23,101078.05,22.41,24.68,101100.02,10.75,76.84,-1965023.25,5.40
1:24,101085.05,10.65,65.33,101098.59,10.56,76.94,-1965009.25,1.51
1:25,101088.23,11.01,74.23,101104.19,10.47,79.19,-1964756.75,1.15
1:26,101087.58,11.18,73.81,101100.92,10.45,79.43,-1965083.25,1.16
1:27,101070.50,20.41,28.59,101099.05,10.42,79.51,-1965885.00,5.54
1:28,101065.63,22.08,25.19,101103.03,10.73,77.43,-1966150.37,5.83
1:29,101080.91,13.11,49.08,101101.22,10.94,75.43,-1965828.37,1.49
1:30,101082.62,10.99,73.87,101100.80,10.72,77.65,-1965811.75,1.18
1:31,101085.17,11.31,73.09,101102.33,10.37,79.84,-1966064.37,1.16
1:32,101058.33,19.44,32.42,101102.70,10.48,79.14,-1966694.25,4.58
1:33,101061.41,21.75,25.70,101100.27,10.66,78.15,-1967353.62,5.25
1:34,101088.66,11.23,65.38,101102.08,10.75,75.79,-1966913.25,1.49
1:35,101085.52,11.28,73.58,101100.31,10.60,78.60,-1967030.00,1.16
1:36,101086.23,11.40,73.45,101102.89,10.36,79.82,-1967428.00,1.17
1:37,101064.28,20.41,28.85,101102.00,10.37,79.43,-1968257.00,5.50
1:38,101070.92,16.76,38.93,101103.33,10.70,77.11,-1968531.25,1.51
1:39,101083.38,11.10,74.56,101099.15,10.68,77.77,-1967962.00,1.17
1:40,101084.10,11.27,74.00,101101.21,10.41,79.89,-1968309.37,1.15
1:41,101067.83,17.32,43.32,101095.22,10.28,80.68,-1968784.37,4.57
1:42,101059.51,21.51,26.11,101095.59,10.67,76.89,-1969498.75,4.81
1:43,101068.98,19.49,30.17,101096.05,10.73,77.43,-1969249.62,1.51
1:44,101083.41,10.73,73.97,101095.86,10.55,78.06,-1969139.00,1.17
1:45,101078.64,11.27,73.52,101095.18,10.36,79.94,-1969311.62,1.16
1:46,101087.19,15.31,54.92,101093.43,10.21,80.75,-1969777.62,4.58
1:47,101060.47,21.27,26.41,101091.17,10.58,77.41,-1970474.25,5.83
1:48,101067.80,19.58,30.10,101096.65,10.73,76.87,-1970729.62,1.51
1:49,101078.81,10.77,73.92,101091.48,10.72,77.23,-1969809.75,1.15
1:50,101075.58,11.32,73.83,101092.80,10.51,79.79,-1970417.62,1.16
1:51,101072.85,15.10,56.89,101091.61,10.31,80.93,-1970781.62,4.56
1:52,101051.33,21.22,26.45,101092.28,10.59,77.99,-1971334.62,5.75
1:53,101061.44,20.91,27.38,101089.50,10.65,77.73,-1971718.00,1.49
1:54,101075.66,10.66,73.78,101091.13,10.61,77.42,-1971039.37,1.64
1:55,101075.02,11.25,73.28,101083.46,10.42,79.23,-1971580.75,1.67
1:56,101061.69,14.27,61.65,101084.65,10.24,80.72,-1971905.37,5.37
1:57,101055.83,21.03,26.73,101084.17,10.41,79.01,-1972767.00,5.46
1:58,101057.71,13.33,51.13,101083.55,10.51,78.79,-1972740.37,2.00
1:59,101065.02,11.12,74.25,101084.50,10.47,78.75,-1972647.00,1.18
2:0,101067.10,11.22,73.89,101081.47,10.24,80.20,-1973415.37,1.15
2:1,101048.53,19.37,33.08,101084.22,10.24,80.42,-1974017.37,5.77
2:2,101045.36,21.60,25.63,101082.16,10.47,77.71,-1974792.37,5.30
2:3,101054.89,17.47,34.44,101084.27,10.58,77.52,-1974537.25,1.52
2:4,101067.33,10.68,73.71,101080.83,10.61,76.80,-1973940.00,1.17
2:5,101064.99,11.10,73.85,101082.47,10.33,79.70,-1974834.75,1.18
2:6,101059.77,16.74,44.75,101085.67,10.16,80.88,-1974997.75,5.74
2:7,101040.77,21.23,26.38,101082.19,10.46,78.08,-1976225.62,5.89
2:8,101053.27,22.48,24.54,101080.43,10.58,77.66,-1976235.62,5.64
2:9,101081.00,10.02,72.52,101081.10,10.51,76.50,-1975681.00,1.52
2:10,101064.63,10.90,73.99,101079.38,10.31,79.79,-1976158.37,1.17
2:11,101065.32,11.18,74.46,101078.96,10.07,81.36,-1976616.62,1.20
2:12,101037.96,20.70,27.60,101076.32,10.11,80.86,-1977579.75,5.03
2:13,101043.39,22.22,24.84,101075.94,10.45,77.71,-1977602.00,4.81
2:14,101062.42,10.61,61.83,101076.89,10.46,77.56,-1977009.25,1.51
2:15,101060.71,10.87,73.25,101074.39,10.39,79.20,-1977050.37,1.17
2:16,101058.69,11.07,74.17,101073.72,10.12,81.33,-1977984.25,1.19
2:17,101040.32,20.09,29.09,101074.26,10.24,79.71,-1978537.25,5.01
2:18,101038.94,21.72,25.51,101073.14,10.53,77.95,-1979010.75,5.13
2:19,101046.21,22.63,24.24,101073.06,10.55,77.94,-1979568.37,5.53
2:20,101055.22,9.90,72.62,101069.82,10.51,76.47,-1978161.62,1.52
2:21,101056.70,10.77,75.23,101070.33,10.33,80.60,-1978892.37,1.17
2:22,101056.25,11.06,75.31,101072.49,10.15,81.64,-1979311.62,21.52
2:23,101036.38,20.62,27.37,101071.98,10.21,80.90,-1980108.37,5.65
2:24,101045.53,22.12,24.96,101071.08,10.49,78.35,-1980639.62,4.98
2:25,101046.95,10.78,63.58,101067.10,10.53,76.88,-1979875.00,1.53
2:26,101051.96,11.02,73.30,101064.99,10.38,79.08,-1980313.62,1.17
2:27,101050.69,11.21,73.55,101065.82,10.21,81.00,-1980931.62,1.17
2:28,101038.86,20.17,29.24,101064.43,10.27,80.60,-1981361.25,5.59
2:29,101033.39,21.98,25.36,101066.35,10.46,78.54,-1981927.75,5.61
2:30,101040.96,16.28,37.11,101068.51,10.50,78.04,-1981846.37,1.51
2:31,101055.02,10.62,73.65,101063.64,10.52,78.00,-1981436.75,1.15
2:32,101054.42,11.15,74.31,101066.46,10.28,80.66,-1981818.00,1.15
2:33,101035.36,17.54,40.88,101065.35,10.21,81.67,-1982391.37,5.50
2:34,101038.13,21.59,25.91,101065.87,10.35,79.66,-1983345.62,5.74
2:35,101031.61,19.32,30.46,101068.19,10.39,79.91,-1983020.75,1.48
2:36,101055.80,10.64,73.76,101069.71,10.49,78.24,-1982392.75,1.14
2:37,101049.69,11.22,73.65,101070.26,10.29,81.48,-1983445.25,1.19
2:38,101042.58,15.33,54.68,101068.44,10.08,81.49,-1983597.25,5.56
2:39,101028.91,21.22,26.40,101067.34,10.60,77.32,-1984643.00,5.64
2:40,101050.96,14.06,47.46,101067.17,10.73,76.21,-1984231.62,1.48
2:41,101051.11,11.07,74.04,101068.26,10.62,78.00,-1983892.00,1.17
2:42,101048.94,11.28,73.10,101069.86,10.36,79.85,-1984478.37,1.17
2:43,101035.21,18.80,35.20,101067.14,10.26,80.75,-1984928.37,4.94
2:44,101036.31,21.61,25.87,101067.87,10.60,77.88,-1985494.00,4.65
2:45,101050.63,10.85,69.03,101067.24,10.81,75.58,-1984783.37,1.48
2:46,101045.13,11.16,74.10,101066.05,10.49,78.90,-1985099.62,1.15
2:47,101050.57,11.29,73.79,101063.67,10.27,80.58,-1985647.62,1.17
2:48,101027.38,20.61,28.20,101060.44,10.42,79.75,-1986247.00,4.85
2:49,101033.32,22.11,25.18,101063.75,10.56,77.89,-1986779.62,5.18
2:50,101032.32,22.05,25.01,101065.77,10.75,77.00,-1986601.62,1.50
2:51,101047.96,10.11,73.19,101064.07,10.58,77.45,-1986407.62,1.15
2:52,101046.57,10.86,74.67,101064.03,10.42,80.19,-1987047.25,1.17
2:53,101038.98,12.46,76.20,101063.21,10.31,79.97,-1987479.62,4.36
2:54,101022.39,20.95,26.84,101059.97,10.68,76.34,-1987998.62,5.47
2:55,101041.96,12.66,56.58,101062.35,10.75,75.68,-1988125.62,1.52
2:56,101045.08,11.12,73.51,101059.36,10.67,77.39,-1987735.25,1.14
2:57,101044.55,11.13,72.73,101063.69,10.54,77.71,-1988204.37,1.15
2:58,101025.42,19.82,31.51,101052.89,10.64,77.49,-1988804.00,5.53
2:59,101035.90,21.84,25.41,101062.46,10.99,74.74,-1989229.00,5.51
3:0,101032.36,10.80,71.76,101060.91,11.02,74.82,-1988678.62,1.49
3:1,101037.77,11.20,73.23,101060.44,10.82,77.02,-1988998.75,1.13
3:2,101045.60,11.36,72.58,101060.71,10.72,77.42,-1989462.00,1.16
3:3,101020.42,20.93,27.34,101061.72,10.99,75.19,-1990251.37,5.45
3:4,101040.22,12.40,59.48,101053.07,11.25,73.08,-1989783.37,1.51
3:5,101041.16,11.29,73.97,101062.55,11.02,75.65,-1989878.75,1.17
3:6,101040.92,11.31,72.98,101057.53,10.83,76.74,-1990211.00,1.16
3:7,101032.14,19.92,31.09,101060.60,10.86,75.85,-1990844.37,5.58
3:8,101042.32,11.89,67.03,101068.10,11.02,74.89,-1990650.62,1.53
3:9,101046.75,11.41,73.97,101057.50,10.84,76.63,-1990485.75,1.18
3:10,101044.00,11.32,73.20,101059.85,10.76,77.19,-1991235.62,1.15
3:11,101027.25,20.29,29.82,101060.94,10.86,75.32,-1991485.62,4.67
3:12,101026.28,18.76,33.59,101053.76,11.15,74.52,-1991666.00,1.49
3:13,101041.89,11.16,74.76,101063.32,11.05,75.61,-1991601.25,1.14
3:14,101047.64,11.30,73.51,101063.56,10.82,77.38,-1992043.25,1.15
3:15,101032.02,16.21,50.71,101056.94,10.78,77.48,-1992302.62,5.03
3:16,101032.14,19.75,30.97,101053.13,11.29,73.03,-1992860.25,1.49
3:17,101038.99,11.22,75.18,101055.86,11.13,75.67,-1992445.62,1.15
3:18,101039.94,11.28,73.69,101059.29,10.85,77.36,-1992750.75,1.15
3:19,101038.60,13.98,65.46,101057.37,10.77,77.81,-1992894.00,5.30
3:20,101034.42,21.13,26.86,101062.57,11.08,74.90,-1993484.62,5.77
3:21,101043.07,11.24,71.78,101059.62,10.92,76.45,-1993248.25,1.49
3:22,101045.12,11.56,73.88,101053.69,10.75,77.98,-1993884.00,1.14
3:23,101041.83,11.52,73.12,101057.63,10.72,78.48,-1994212.37,1.17
3:24,101022.18,20.70,28.18,101052.55,10.86,76.39,-1994674.75,5.65
3:25,101025.93,12.17,63.55,101050.75,10.99,76.48,-1994500.62,1.50
3:26,101034.75,11.48,75.45,101048.32,10.77,79.13,-1994527.75,1.14
3:27,101041.95,11.49,74.55,101057.90,10.73,79.34,-1994887.25,1.14
3:28,101016.95,20.20,30.85,101057.35,10.77,78.54,-1995202.37,5.79
3:29,101018.68,20.61,28.87,101052.26,11.16,75.72,-1995296.37,1.48
3:30,101037.58,11.18,75.22,101053.26,11.07,77.55,-1995202.37,1.14
3:31,101040.39,11.43,74.94,101055.99,10.91,78.99,-1995456.62,1.14
3:32,101024.35,13.73,68.80,101051.01,10.75,80.07,-1995527.37,4.61
3:33,101024.82,21.29,27.13,101054.47,10.83,78.30,-1996186.25,5.26
3:34,101031.71,11.22,75.76,101056.42,10.84,79.11,-1995923.25,1.42
3:35,101037.89,11.48,75.10,101051.99,10.68,80.12,-1996077.62,1.12
3:36,101034.46,11.40,75.51,101047.03,10.69,80.66,-1996440.37,1.16
3:37,101016.40,21.20,27.50,101050.05,10.84,78.17,-1997050.25,5.01
3:38,101025.07,11.39,73.41,101049.21,10.96,78.20,-1996479.75,1.50
3:39,101029.14,11.59,75.38,101047.35,10.86,79.84,-1996776.62,1.14
3:40,101030.69,11.39,76.14,101047.48,10.82,80.49,-1996873.00,1.14
3:41,101016.47,21.02,27.80,101046.97,10.82,79.62,-1997378.62,4.74
3:42,101022.06,14.00,53.63,101041.28,11.16,75.97,-1997284.25,1.48
3:43,101027.74,11.57,75.63,101045.95,10.91,79.41,-1997383.25,1.14
3:44,101031.44,11.42,75.67,101038.66,10.78,80.30,-1997727.62,1.17
3:45,101009.82,19.34,34.68,101042.77,10.72,80.54,-1998010.37,5.39
3:46,101004.39,21.71,26.16,101044.61,10.92,78.02,-1998196.37,5.64
3:47,101032.75,11.32,70.44,101044.78,10.73,79.93,-1997973.62,1.50
3:48,101027.38,11.46,75.75,101036.49,10.60,81.11,-1998212.25,1.14
3:49,101025.32,11.35,76.25,101043.66,10.57,81.97,-1998445.62,1.17
3:50,101004.94,20.77,29.00,101043.19,10.57,81.47,-1999041.62,5.56
3:51,101004.75,22.14,25.46,101040.32,11.14,76.81,-1999068.75,5.19
3:52,101019.79,11.02,74.40,101040.55,10.96,78.42,-1998876.75,1.51
3:53,101023.83,11.63,74.50,101039.99,10.77,80.33,-1999187.25,1.14
3:54,101021.69,11.56,74.95,101039.51,10.68,81.14,-1999556.75,1.13
3:55,101013.77,21.18,27.33,101039.16,10.97,78.53,-2000122.75,5.05
3:56,101006.38,22.33,25.29,101036.61,10.78,79.65,-1999943.37,5.66
3:57,101004.53,22.20,25.34,101034.64,11.16,76.85,-2000247.00,1.49
3:58,101025.24,10.67,74.34,101040.92,10.80,79.54,-1999263.62,1.17
3:59,101021.98,11.29,75.35,101036.25,10.71,80.87,-2000036.25,1.15
4:0,101020.59,13.18,72.55,101037.74,10.68,81.63,-2000252.25,5.08
4:1,101001.41,21.30,27.02,101036.92,10.83,79.37,-2000609.75,5.10
4:2,101009.02,16.79,41.00,101032.41,11.16,77.11,-2000687.25,1.48
4:3,101015.51,11.50,74.95,101032.05,10.98,79.36,-2000405.62,1.17
4:4,101020.78,11.58,75.06,101036.28,10.64,81.61,-2000621.37,1.16
4:5,101016.28,18.13,40.75,101034.64,10.58,82.35,-2001114.75,4.63
4:6,101003.16,21.59,26.41,101040.35,10.80,80.52,-2001598.37,5.48
4:7,101017.81,11.58,69.74,101036.10,10.77,80.34,-2001088.75,1.50
4:8,101019.71,11.56,75.50,101041.80,10.70,81.98,-2001528.37,1.16
4:9,101020.40,11.28,77.47,101037.54,10.45,83.46,-2001604.62,1.16
4:10,101000.60,21.02,28.86,101030.60,10.52,83.18,-2002341.00,5.64
4:11,101011.55,22.12,25.72,101039.30,10.64,82.64,-2002501.37,1.51
4:12,101016.09,11.17,75.49,101036.59,10.48,83.16,-2002059.37,1.18
4:13,101017.67,11.54,76.17,101036.91,10.40,84.07,-2002408.75,1.15
4:14,101020.64,12.16,81.88,101033.29,10.24,84.81,-2002642.75,4.29
4:15,101009.78,21.37,27.18,101036.26,10.55,82.37,-2003194.00,5.16
4:16,100997.13,22.45,25.02,101033.27,10.91,79.73,-2003264.75,5.10
4:17,101010.28,11.07,74.80,101034.50,10.83,81.19,-2003356.00,1.52
4:18,101019.05,11.39,76.46,101036.55,10.64,82.76,-2003610.75,1.15
4:19,101021.49,11.27,77.64,101035.95,10.57,83.47,-2003671.25,1.15
4:20,101006.49,21.36,27.39,101034.70,10.82,80.78,-2004442.75,4.66
4:21,101017.97,17.58,38.27,101039.66,10.94,79.68,-2004097.25,1.51
4:22,101019.05,11.50,75.53,101031.87,10.52,83.24,-2004113.37,1.14
4:23,101017.79,11.70,75.60,101035.05,10.48,84.00,-2004360.37,1.14
4:24,101006.30,17.39,45.78,101035.05,10.45,84.39,-2004513.25,4.76
4:25,100998.28,21.79,26.22,101036.20,10.59,82.91,-2005046.37,5.24
4:26,101011.03,12.80,60.26,101037.15,10.53,82.78,-2004682.00,1.50
4:27,101018.89,11.58,75.78,101036.63,10.38,84.27,-2004883.00,1.15
4:28,101020.03,11.41,76.65,101036.38,10.40,84.63,-2005102.00,1.16
4:29,101012.08,20.38,31.35,101036.49,10.60,83.06,-2005454.37,5.88
4:30,101004.57,22.12,25.66,101036.57,10.89,80.94,-2005829.00,5.71
4:31,101016.47,11.32,74.29,101035.23,10.93,80.98,-2005531.00,1.48
4:32,101024.84,11.32,76.66,101036.80,10.72,82.78,-2005815.37,1.41
4:33,101020.10,11.27,77.77,101035.64,10.63,83.56,-2006200.25,1.17
4:34,101002.13,21.37,27.45,101035.89,10.89,81.00,-2007097.75,5.73
4:35,101013.74,13.74,55.97,101030.61,11.03,79.67,-2006720.75,1.51
4:36,101019.47,11.72,75.44,101040.86,10.81,81.98,-2006572.37,1.17
4:37,101019.39,11.73,76.21,101038.62,10.63,83.73,-2006971.25,1.17
4:38,101002.50,19.93,33.58,101032.14,10.70,82.56,-2007265.37,4.97
4:39,101002.14,17.11,42.04,101031.77,10.97,80.16,-2007414.62,1.48
4:40,101013.79,11.60,76.05,101031.32,10.86,82.14,-2007707.75,1.16
4:41,101014.92,11.82,75.96,101031.63,10.68,83.60,-2008050.00,1.16
4:42,101010.22,17.64,45.14,101027.91,10.58,84.11,-2008362.25,4.71
4:43,101003.00,21.80,26.35,101034.14,11.00,80.07,-2008834.62,5.88
4:44,101016.07,11.50,72.89,101034.52,10.72,81.66,-2007987.37,1.52
4:45,101026.05,11.53,75.68,101035.53,10.56,82.86,-2008371.62,1.17
4:46,101018.22,11.39,76.91,101033.68,10.62,83.17,-2008958.75,1.16
4:47,100988.35,21.08,28.44,101025.12,10.44,83.44,-2009619.75,5.19
4:48,100998.40,22.28,25.53,101031.52,10.79,81.51,-2009450.37,5.70
4:49,100999.96,15.41,42.96,101025.36,11.20,77.73,-2009698.37,1.48
4:50,101014.36,11.31,75.06,101026.21,10.99,80.02,-2009584.37,1.17
4:51,101016.47,11.43,76.18,101026.88,10.70,82.15,-2009980.25,1.17
4:52,100994.64,18.66,38.34,101024.42,10.73,82.32,-2010396.75,4.72
4:53,100999.50,21.88,26.16,101028.07,10.96,80.34,-2011078.00,2.22
4:54,101009.85,11.28,75.67,101028.86,10.75,81.48,-2010526.00,1.17
4:55,101006.05,11.69,75.29,101025.22,10.69,82.56,-2010973.25,1.18
4:56,101007.78,11.85,78.01,101025.04,10.67,83.05,-2011266.25,4.74
4:57,101004.11,21.42,27.21,101026.44,10.70,82.05,-2011689.62,5.12
4:58,100999.88,12.58,62.70,101023.22,10.99,79.37,-2011769.62,1.52
4:59,101004.16,11.50,76.10,101021.90,10.89,81.44,-2011782.75,1.17
5:0,101006.47,11.45,76.70,101027.26,10.83,82.08,-2012260.75,1.15
5:1,100993.46,20.56,31.13,101022.76,10.71,82.34,-2012680.00,5.65
5:2,100988.40,22.08,25.59,101016.11,10.87,79.86,-2012728.00,5.70
5:3,100987.24,14.38,49.31,101021.63,11.15,77.80,-2012633.62,1.53
5:4,101005.75,11.60,75.17,101024.08,10.89,81.28,-2012929.25,1.17
5:5,101005.67,11.52,75.63,101022.30,10.76,82.17,-2013348.25,1.16
5:6,100995.85,19.39,35.14,101024.70,10.78,81.63,-2013751.25,4.62
5:7,100981.71,21.85,25.98,101017.96,11.09,78.32,-2014093.37,5.81
5:8,100995.99,11.34,75.50,101020.10,10.89,80.82,-2013921.75,1.42
5:9,101007.79,11.79,75.43,101022.69,10.75,82.54,-2013988.75,1.18
5:10,101002.46,11.56,75.97,101019.67,10.67,82.97,-2014440.37,11.22
5:11,100993.61,21.42,27.25,101020.78,10.91,80.27,-2014822.37,5.65
5:12,100990.72,16.66,41.81,101021.52,11.09,79.06,-2015187.25,1.51
5:13,101003.42,11.58,75.34,101022.29,10.95,80.63,-2014893.00,1.19
5:14,101006.99,11.67,75.69,101021.94,10.62,82.77,-2015273.25,1.17
5:15,100982.83,18.55,39.48,101022.19,10.64,82.92,-2015589.25,5.79
5:16,100991.94,21.71,26.30,101021.86,10.79,80.34,-2015942.00,4.68
5:17,100996.58,18.05,36.70,101017.11,11.03,79.31,-2015894.37,1.53
5:18,101005.10,11.54,75.25,101023.41,10.84,81.40,-2015975.25,1.17
5:19,101007.75,11.24,76.78,101019.33,10.56,82.88,-2016368.00,1.18
5:20,101002.42,17.48,44.64,101020.96,10.53,82.96,-2016805.25,5.64
5:21,100995.77,21.54,26.67,101026.51,10.90,80.38,-2017317.37,5.77
5:22,100988.94,14.69,48.61,101021.49,11.29,77.02,-2017129.62,1.52
5:23,101000.63,11.55,75.38,101016.88,10.90,80.49,-2017310.37,1.17
5:24,101004.25,11.65,75.22,101021.63,10.76,81.96,-2017755.00,1.15
5:25,100984.41,19.49,34.93,101022.39,10.79,81.26,-2017881.37,5.84
5:26,100999.08,15.08,50.50,101022.25,11.07,78.53,-2018364.37,1.51
5:27,101007.71,11.68,75.95,101024.49,10.89,81.03,-2018310.37,1.14
5:28,101011.27,11.50,76.11,101033.42,10.71,82.31,-2018525.62,2.33
5:29,100997.43,19.00,37.61,101022.65,10.70,81.59,-2018374.37,5.30
5:30,100997.82,21.88,26.18,101021.32,11.00,79.22,-2018992.00,5.23
5:31,101002.31,11.55,71.63,101022.68,11.02,79.86,-2019271.25,1.49
5:32,101003.92,11.47,75.76,101022.42,10.66,82.21,-2019334.00,1.18
5:33,101008.53,11.31,76.93,101022.17,10.37,83.80,-2019759.62,1.17
5:34,100987.84,21.05,28.61,101027.64,10.52,82.83,-2019687.37,4.95
5:35,100994.82,21.99,25.79,101020.55,10.87,80.47,-2020519.62,1.50
5:36,101007.98,11.25,75.36,101030.69,10.88,80.70,-2020139.62,1.19
5:37,101011.78,11.41,75.53,101027.83,10.61,82.30,-2020433.25,1.17
5:38,100997.17,12.32,82.59,101026.96,10.54,83.66,-2020772.62,4.53
5:39,100994.47,21.34,27.40,101031.46,10.48,82.64,-2021169.62,5.68
5:40,101001.20,22.29,25.32,101028.57,10.96,79.63,-2021000.75,1.59
5:41,101011.06,11.11,75.36,101032.61,10.73,81.71,-2021290.75,1.17
5:42,101019.76,11.42,76.14,101035.71,10.43,83.67,-2021745.37,1.17
5:43,101023.39,12.04,81.84,101032.22,10.46,84.19,-2021466.00,4.73
5:44,101009.61,21.34,27.19,101032.64,10.98,79.83,-2022136.00,5.66
5:45,101003.92,14.65,50.40,101040.44,11.16,78.80,-2022147.75,1.52
5:46,101014.85,11.61,75.81,101037.64,10.89,81.92,-2022056.37,1.14
5:47,101016.91,11.68,75.98,101036.88,10.67,83.44,-2022558.37,1.17
5:48,101002.67,19.35,36.03,101038.13,10.57,83.71,-2022742.75,5.59
5:49,101010.66,21.83,26.12,101037.49,10.82,81.28,-2023026.75,5.22
5:50,100999.89,16.59,41.52,101032.25,11.02,79.80,-2023240.75,1.51
5:51,101021.72,11.51,75.47,101033.24,10.65,82.82,-2023176.37,1.16
5:52,101018.86,11.64,75.75,101034.60,10.64,83.46,-2023711.62,1.17
5:53,101005.66,18.11,41.29,101035.88,10.61,83.50,-2023865.62,5.86
5:54,101003.61,21.61,26.77,101033.60,10.54,83.04,-2024353.62,5.75
5:55,101025.10,13.46,55.64,101034.47,10.95,80.46,-2024330.37,1.52
5:56,101021.57,11.60,75.83,101034.17,10.80,82.39,-2024412.62,1.18
5:57,101022.61,11.41,76.76,101038.30,10.64,83.26,-2024820.62,1.17
5:58,101009.55,19.96,33.49,101029.91,10.54,83.58,-2025361.00,4.92
5:59,101003.28,21.88,25.73,101037.09,10.83,81.13,-2025664.62,5.56
6:0,101012.58,13.52,56.21,101034.26,11.02,80.02,-2025488.00,1.53
6:1,101025.25,11.76,75.50,101040.39,10.81,82.09,-2025638.00,1.16
6:2,101025.64,11.59,81.50,101038.18,10.70,83.24,-2025961.75,1.17
6:3,101012.14,19.88,33.68,101036.42,10.68,83.04,-2026555.25,5.71
6:4,101007.88,21.83,26.08,101037.58,10.63,82.68,-2026597.75,4.67
6:5,101008.57,20.90,28.43,101041.27,10.85,81.21,-2026923.62,1.49
6:6,101022.28,11.29,75.03,101041.79,10.80,81.62,-2026572.00,1.17
6:7,101026.82,11.46,76.29,101044.38,10.65,83.17,-2026912.37,1.21
6:8,101017.89,14.21,66.76,101036.69,10.54,84.02,-2027540.00,4.91
6:9,101018.07,21.48,26.82,101036.97,10.89,81.17,-2028130.37,5.41
6:10,101019.69,13.42,57.60,101035.23,11.02,80.23,-2027811.62,1.51
6:11,101019.39,11.73,75.93,101037.74,10.65,82.91,-2028052.75,1.17
6:12,101024.32,11.55,77.03,101037.29,10.54,84.49,-2028651.25,1.15
6:13,101018.75,20.16,32.80,101034.41,10.68,83.20,-2028834.37,4.73
6:14,101012.00,18.65,36.26,101043.10,10.92,81.15,-2029034.25,1.55
6:15,101026.35,11.57,76.10,101042.41,10.49,83.74,-2028983.25,1.17
6:16,101027.33,11.54,76.54,101037.68,10.50,84.50,-2029651.62,1.15
6:17,101013.94,16.80,50.35,101040.00,10.46,84.72,-2029684.75,4.76
6:18,101003.07,21.72,26.55,101037.68,10.78,82.53,-2030380.37,5.11
6:19,101020.14,13.21,57.92,101042.53,10.95,80.56,-2030240.37,1.52
6:20,101027.81,11.57,76.32,101037.71,10.62,83.72,-2029943.00,1.14
6:21,101023.49,11.59,76.84,101038.30,10.51,84.60,-2030515.62,1.15
6:22,101005.03,20.27,32.21,101037.75,10.63,83.83,-2031245.25,5.59
6:23,101007.07,21.70,26.70,101041.53,10.84,82.20,-2031192.00,1.53
6:24,101021.85,11.41,75.86,101038.50,10.65,83.50,-2030604.37,1.18
6:25,101025.83,11.67,76.01,101038.02,10.50,84.46,-2030928.37,1.17
6:26,101028.93,12.78,81.32,101041.14,10.46,84.97,-2031393.25,5.16
6:27,101004.42,21.56,26.90,101041.74,10.89,80.82,-2031586.00,4.78
6:28,101014.25,11.70,71.66,101040.53,10.85,81.82,-2031594.62,1.53
6:29,101029.66,11.81,75.92,101039.92,10.69,83.41,-2032218.75,1.17
6:30,101024.49,11.36,77.43,101041.65,10.47,84.54,-2032396.75,1.16
6:31,101024.00,21.15,28.77,101041.05,10.71,83.37,-2032845.62,5.68
6:32,101003.04,18.65,35.84,101038.75,11.02,81.11,-2032854.37,1.54
6:33,101025.57,11.57,75.69,101045.87,10.93,81.52,-2032573.00,1.19
6:34,101026.74,11.37,76.76,101040.50,10.73,82.95,-2032951.62,1.22
6:35,101007.29,16.41,53.20,101042.97,10.76,83.32,-2033539.25,5.59
6:36,101011.64,18.72,36.91,101042.17,10.89,81.26,-2033682.62,1.52
6:37,101020.57,11.66,76.56,101042.84,10.81,82.71,-2033787.62,1.18
6:38,101027.82,11.50,77.03,101041.71,10.71,83.37,-2033731.62,1.18
6:39,101017.76,16.43,53.37,101039.05,10.59,84.02,-2034158.00,5.68
6:40,100999.67,21.65,26.73,101033.32,10.86,81.30,-2034076.37,5.56
6:41,101022.82,12.05,67.36,101045.02,10.92,81.10,-2034635.62,1.52
6:42,101026.60,11.65,76.50,101041.64,10.78,82.77,-2034703.37,1.16
6:43,101026.74,11.36,77.43,101046.10,10.74,83.32,-2034889.25,1.14
6:44,101024.54,20.93,29.45,101042.77,10.68,83.18,-2035424.00,5.80
6:45,101016.35,22.12,25.86,101042.19,10.75,82.25,-2035591.75,1.59
6:46,101022.57,11.35,75.58,101043.42,10.82,82.30,-2035264.62,1.16
6:47,101024.24,11.60,76.25,101043.77,10.64,83.80,-2035614.00,1.15
6:48,101024.75,12.07,81.43,101043.32,10.66,83.96,-2036056.75,3.98
6:49,101012.89,21.47,27.01,101044.63,10.85,81.80,-2036474.37,5.12
6:50,101023.72,14.31,53.52,101041.79,11.13,80.15,-2036361.37,0.77
6:51,101030.50,11.71,75.67,101045.70,10.89,82.29,-2036434.37,0.49
6:52,101032.92,11.79,75.59,101046.75,10.80,83.13,-2036810.25,1.18
6:53,101010.82,19.66,34.95,101044.07,10.71,83.39,-2037080.75,5.70
6:54,101014.28,21.97,25.89,101053.79,10.90,81.92,-2037376.00,2.35
6:55,101035.18,11.52,76.01,101050.63,10.92,82.42,-2037209.75,1.18
6:56,101032.02,11.60,76.99,101051.64,10.64,84.44,-2037545.62,1.18
6:57,101031.10,11.84,80.39,101054.80,10.61,85.22,-2037848.00,4.89
6:58,101016.80,21.48,27.42,101053.71,10.70,83.48,-2038343.62,5.08
6:59,101022.57,17.33,41.19,101058.55,11.09,80.96,-2038543.62,1.52
7:0,101040.74,11.74,76.17,101058.60,10.82,83.86,-2038209.75,1.14
7:1,101040.46,11.71,77.09,101054.12,10.56,85.58,-2038568.00,1.17
7:2,101032.85,17.55,45.93,101057.55,10.58,85.95,-2039140.00,4.95
7:3,101029.90,21.89,26.37,101063.08,10.89,83.05,-2039304.75,5.38
7:4,101037.13,13.29,58.54,101058.89,11.14,80.82,-2039360.75,1.49
7:5,101044.21,11.85,76.10,101062.91,10.97,83.13,-2039344.75,1.20
7:6,101045.55,11.76,77.16,101065.72,10.84,84.58,-2039737.00,1.17
7:7,101033.75,20.44,32.47,101061.03,10.81,84.41,-2040308.75,4.95
7:8,101030.64,22.29,25.73,101064.50,10.98,82.71,-2040384.75,5.70
7:9,101041.42,11.70,73.41,101061.30,10.89,83.56,-2040494.75,1.52
7:10,101049.44,11.73,77.10,101067.58,10.74,85.20,-2040728.00,1.17
7:11,101047.19,11.41,78.96,101060.14,10.55,86.39,-2040851.62,1.21
7:12,101037.34,21.47,28.16,101069.39,10.71,84.79,-2041582.37,5.57
7:13,101039.35,18.12,38.46,101067.57,11.07,82.16,-2041457.00,1.52
7:14,101051.19,11.60,76.22,101066.47,10.75,84.42,-2041572.25,1.18
7:15,101051.77,11.56,77.77,101067.11,10.58,85.95,-2041649.62,1.15
7:16,101044.33,17.31,48.39,101068.95,10.67,86.40,-2042062.37,4.75
7:17,101038.42,21.93,26.41,101070.45,10.87,83.50,-2042660.00,4.91
7:18,101052.07,11.82,72.65,101073.82,10.74,84.82,-2042269.62,1.49
7:19,101059.77,11.79,76.79,101071.80,10.60,86.07,-2042418.62,1.17
7:20,101055.08,11.43,78.90,101071.14,10.55,86.50,-2042996.37,1.17
7:21,101035.86,21.41,28.38,101072.67,10.85,84.20,-2043358.25,4.94
7:22,101042.00,22.31,25.31,101070.92,10.91,83.02,-2043477.62,4.77
7:23,101041.02,13.21,59.18,101077.89,11.14,81.26,-2043376.75,1.51
7:24,101057.52,11.83,76.02,101074.97,10.91,84.07,-2043302.37,1.17
7:25,101064.46,11.58,78.46,101074.32,10.77,85.50,-2043989.62,1.17
7:26,101044.70,20.37,32.30,101073.39,10.72,85.23,-2044142.37,5.75
7:27,101043.63,18.31,38.75,101075.39,10.92,83.44,-2044751.25,1.49
7:28,101056.57,11.87,76.37,101076.49,10.83,84.63,-2044642.75,1.17
7:29,101057.58,11.83,77.37,101078.69,10.75,85.84,-2044900.62,1.19
7:30,101047.83,16.92,51.53,101073.69,10.67,86.33,-2045081.25,4.92
7:31,101042.39,21.95,26.43,101081.03,10.95,83.31,-2045369.25,5.56
7:32,101055.92,11.88,72.92,101077.36,10.88,84.17,-2045524.75,1.52
7:33,101062.80,11.89,76.56,101078.60,10.83,85.30,-2045821.37,1.17
7:34,101061.18,11.65,78.31,101079.05,10.71,86.03,-2046062.37,1.17
7:35,101048.58,21.51,28.25,101079.71,10.90,83.98,-2046812.75,4.84
7:36,101046.50,15.30,50.86,101075.89,11.04,82.87,-2046440.75,1.53
7:37,101062.57,12.08,76.49,101078.26,10.90,84.54,-2046491.62,1.17
7:38,101064.53,12.10,76.22,101082.74,10.81,85.81,-2046797.75,1.17
7:39,101049.50,19.78,35.83,101080.44,10.62,86.56,-2047211.62,5.68
7:40,101056.09,13.30,63.53,101083.91,10.91,84.33,-2047337.25,1.49
7:41,101065.61,11.95,77.29,101081.38,10.83,85.41,-2047521.62,1.18
7:42,101070.19,11.57,78.85,101088.89,10.69,86.20,-2047613.00,1.17
7:43,101055.11,20.65,32.29,101088.56,10.82,84.83,-2048042.75,5.70
7:44,101057.19,17.31,43.27,101089.27,10.87,84.57,-2048197.00,1.52
7:45,101073.86,11.90,76.72,101090.14,10.79,85.48,-2048548.37,1.17
7:46,101075.00,11.68,78.17,101088.71,10.61,86.81,-2048830.37,1.17
7:47,101072.11,17.91,45.01,101091.83,10.70,86.92,-2049348.00,4.64
7:48,101057.53,21.92,26.62,101092.10,10.83,85.34,-2049406.75,5.01
7:49,101066.47,12.95,63.05,101095.74,11.05,83.25,-2049305.25,1.52
7:50,101080.25,11.89,76.73,101094.02,10.72,86.10,-2049464.62,1.19
7:51,101078.28,11.53,78.69,101092.39,10.69,86.46,-2050032.37,1.17
7:52,101061.28,20.76,31.55,101092.21,10.92,85.17,-2050205.62,4.66
7:53,101070.94,18.51,38.48,101089.53,11.08,83.99,-2050395.75,1.48
7:54,101075.49,12.03,76.55,101093.21,11.04,84.74,-2050186.75,1.17
7:55,101080.70,11.72,78.16,101095.35,10.73,86.22,-2050390.62,1.17
7:56,101070.03,17.49,48.45,101091.99,10.79,86.41,-2050910.37,4.72
7:57,101058.63,22.04,26.37,101097.70,11.31,81.66,-2051379.62,5.11
7:58,101076.14,12.01,72.97,101096.36,11.40,81.30,-2051289.25,1.51
7:59,101083.73,11.99,77.19,101099.30,11.17,84.27,-2051343.62,1.21
8:0,101080.99,11.89,78.13,101098.45,11.00,85.32,-2051813.00,1.17
8:1,101063.97,21.62,28.28,101096.38,11.12,83.12,-2052052.00,5.90
8:2,101077.30,12.12,73.41,101097.77,11.11,83.93,-2052172.37,1.52
8:3,101083.42,12.08,77.00,101097.61,10.96,85.02,-2052321.62,1.17
8:4,101081.24,12.13,77.11,101096.00,10.93,85.39,-2052572.75,1.17
8:5,101086.64,14.50,60.94,101100.21,10.91,85.22,-2053151.37,1.48
8:6,101078.35,12.10,78.06,101095.92,10.84,85.75,-2052878.75,1.17
8:7,101081.57,11.82,78.79,101097.88,10.78,86.32,-2053212.37,1.18
8:8,101069.33,19.67,36.03,101105.21,10.90,85.28,-2053360.37,5.58
8:9,101065.10,22.00,26.57,101107.10,11.06,83.93,-2053226.37,5.75
8:10,101085.16,12.03,71.37,101105.13,11.11,83.23,-2053674.37,1.53
8:11,101092.00,11.91,77.35,101108.41,10.98,84.73,-2053712.75,1.17
8:12,101088.80,11.68,78.38,101106.22,10.91,85.37,-2054194.00,0.45
8:13,101073.57,21.27,29.41,101102.76,10.94,85.13,-2054262.00,5.62
8:14,101081.08,18.76,37.35,101104.14,11.18,82.68,-2054412.37,1.50
8:15,101088.08,11.97,76.40,101105.57,11.16,83.58,-2055357.62,1.19
8:16,101089.58,11.81,78.10,101106.89,11.02,85.07,-2055761.25,1.19
8:17,101084.14,16.65,54.25,101106.89,10.91,85.69,-2055966.25,4.74
8:18,101084.87,21.95,26.60,101104.09,11.16,82.90,-2056510.25,5.63
8:19,101090.00,11.82,76.04,101106.80,11.19,83.22,-2056101.62,1.52
8:20,101090.94,11.95,77.75,101106.66,11.13,84.68,-2056658.25,1.18
8:21,101092.00,11.84,78.62,101112.74,11.06,85.31,-2056786.00,1.17
8:22,101075.69,21.75,27.84,101112.01,10.93,85.18,-2056935.00,5.74
8:23,101081.07,14.39,55.82,101106.81,11.11,84.08,-2057429.62,1.52
8:24,101092.97,12.12,76.57,101112.82,11.12,84.69,-2057267.00,1.18
8:25,101099.21,12.06,77.68,101112.89,11.12,85.18,-2057446.00,1.17
8:26,101088.17,20.17,34.57,101119.83,11.03,85.17,-2057646.00,5.77
8:27,101088.36,16.59,47.07,101115.65,11.09,83.96,-2057827.25,1.51
8:28,101103.87,12.12,76.93,101120.14,10.93,85.51,-2057922.25,0.46
8:29,101098.54,11.87,77.96,101115.61,10.90,86.07,-2058310.37,0.47
8:30,101092.63,18.74,41.33,101118.47,10.95,86.27,-2058471.25,5.26
8:31,101094.83,18.10,41.12,101120.80,11.10,84.37,-2058964.25,1.48
8:32,101100.49,12.08,77.04,101118.15,11.00,85.35,-2058717.25,1.17
8:33,101099.42,11.94,77.94,101120.78,10.91,85.99,-2059047.00,1.19
8:34,101091.00,17.42,49.42,101122.33,10.95,86.17,-2059552.00,5.66
8:35,101088.00,18.43,40.00,101124.66,11.19,83.61,-2059648.25,0.78
8:36,101106.05,12.07,77.19,101121.13,11.06,85.31,-2059430.37,1.18
8:37,101106.98,11.98,78.23,101124.68,10.98,85.96,-2059864.25,1.18
8:38,101094.77,17.07,52.09,101122.82,10.97,86.21,-2060416.75,4.59
8:39,101092.85,22.00,26.99,101121.24,10.96,85.00,-2060454.37,4.47
8:40,101086.82,22.61,25.28,101127.41,11.39,81.41,-2060335.25,2.24
8:41,101103.71,11.71,75.92,101122.71,11.21,83.38,-2060826.00,0.51
8:42,101112.96,11.97,77.24,101130.67,11.04,84.74,-2060737.25,1.16
8:43,101101.10,12.01,79.73,101127.00,11.02,85.48,-2061426.00,4.78
8:44,101103.02,12.06,78.77,101127.15,11.07,85.38,-2061382.37,1.48
8:45,101113.89,11.94,78.73,101128.99,10.92,85.91,-2061309.25,1.15
8:46,101109.80,11.75,79.51,101131.14,10.96,86.29,-2061844.62,1.14
8:47,101082.00,21.57,28.47,101124.53,11.05,84.99,-2062238.37,5.51
8:48,101109.00,14.43,55.92,101127.00,11.21,83.39,-2061980.37,1.49
8:49,101108.73,11.99,77.23,101127.94,11.02,84.95,-2062226.75,0.45
8:50,101115.50,11.81,78.58,101132.08,11.00,85.71,-2062589.25,1.17
8:51,101102.17,20.01,35.03,101131.38,11.07,85.18,-2063066.00,4.92
8:52,101099.08,16.87,45.74,101133.19,11.47,81.72,-2063485.37,1.48
8:53,101116.01,12.09,76.91,101141.14,11.43,82.82,-2062759.62,0.45
8:54,101116.53,11.78,78.72,101132.50,11.21,84.42,-2063165.75,0.46
8:55,101106.25,18.48,42.75,101132.67,11.13,84.79,-2063611.62,5.79
8:56,101112.55,14.24,59.52,101137.94,11.55,81.73,-2063915.25,1.49
8:57,101114.69,12.27,77.64,101138.91,11.36,83.47,-2063730.00,1.16
8:58,101120.85,12.10,77.78,101137.78,11.26,84.49,-2063558.00,1.17
8:59,101093.72,20.18,34.58,101140.04,11.15,84.76,-2064342.37,5.48
9:0,101107.77,14.80,56.02,101137.13,11.40,82.46,-2064385.62,1.51
9:1,101115.39,12.22,77.26,101139.27,11.22,84.08,-2063840.00,1.17
9:2,101118.91,11.81,78.67,101141.14,11.11,84.98,-2064516.25,1.17
9:3,101110.28,17.07,50.34,101140.64,11.11,84.55,-2064647.25,1.51
9:4,101123.74,12.13,79.23,101142.78,11.10,85.38,-2064653.25,1.25
9:5,101122.83,11.83,79.20,101139.45,10.98,85.87,-2064857.75,1.17
9:6,101117.58,16.09,59.16,101140.00,11.04,86.25,-2065259.37,4.69
9:7,101113.08,19.20,37.23,101144.15,11.20,84.28,-2065292.62,1.52
9:8,101126.05,12.04,77.56,101143.91,11.20,84.54,-2065265.25,1.17
9:9,101135.86,12.11,77.86,101148.21,11.09,85.45,-2064525.62,0.44
9:10,101115.00,16.46,56.07,101146.67,11.03,86.08,-2065245.25,4.77
9:11,101141.69,12.18,77.18,101149.58,11.09,85.55,-2065632.75,0.78
9:12,101129.73,11.93,78.96,101144.57,11.04,85.82,-2065635.75,1.18
9:13,101130.61,11.72,80.07,101149.67,11.07,85.94,-2065845.25,1.17
9:14,101115.06,21.17,29.71,101146.40,11.20,84.98,-2066118.37,5.68
9:15,101141.53,12.21,73.62,101150.22,11.40,82.90,-2066138.37,1.51
9:16,101132.89,12.11,77.92,101146.99,11.19,85.25,-2066027.00,1.17
9:17,101129.72,12.00,79.29,101148.74,11.19,86.16,-2066378.25,1.18
9:18,101123.56,13.78,66.21,101150.33,11.06,85.84,-2066610.00,1.51
9:19,101130.14,12.11,79.27,101147.61,11.10,86.51,-2066811.25,1.17
9:20,101134.33,11.92,79.74,101150.34,11.14,86.39,-2066801.25,1.15
9:21,101115.67,19.79,35.39,101150.47,11.33,84.78,-2067032.37,5.54
9:22,101114.02,20.79,30.84,101148.10,11.80,80.66,-2067279.62,0.78
9:23,101130.62,12.08,77.23,101148.14,11.65,82.31,-2067087.62,1.15
9:24,101134.89,12.39,77.96,101154.60,11.58,84.76,-2066989.00,1.17
9:25,101135.36,13.16,76.99,101153.16,11.41,85.33,-2067047.25,1.51
9:26,101134.61,12.00,82.75,101150.07,11.37,85.86,-2067231.00,0.47
9:27,101133.17,11.97,81.09,101155.97,11.35,85.47,-2067585.25,1.16
9:28,101116.70,13.63,79.87,101154.99,11.39,85.33,-2068011.62,5.16
9:29,101119.38,20.10,34.46,101152.58,11.58,82.92,-2068092.37,1.51
9:30,101139.78,12.20,78.03,101154.14,11.69,83.19,-2067948.00,1.16
9:31,101135.61,12.20,78.05,101153.58,11.56,83.82,-2067599.25,0.46
9:32,101133.67,13.65,73.48,101154.55,11.55,84.60,-2068062.75,1.53
9:33,101140.05,12.10,82.57,101153.31,11.56,84.88,-2068210.00,1.18
9:34,101141.27,12.20,81.33,101150.73,11.67,85.36,-2068336.62,1.17
9:35,101133.83,12.88,81.79,101151.35,11.74,84.97,-2068038.75,0.77
9:36,101141.06,12.12,84.08,101160.21,11.71,85.28,-2068064.00,1.17
9:37,101143.74,12.03,82.05,101159.50,11.58,85.17,-2067906.75,0.46
9:38,101134.91,13.43,78.21,101159.71,11.68,85.44,-2068282.37,0.77
9:39,101142.63,12.16,83.75,101157.78,11.76,85.13,-2068432.00,1.17
9:40,101144.32,12.24,82.48,101161.74,11.84,85.02,-2068405.62,1.18
9:41,101145.36,13.51,80.75,101165.07,11.69,84.49,-2068258.62,5.01
9:42,101144.81,14.02,65.51,101162.41,11.69,83.30,-2068476.00,1.51
9:43,101146.71,12.30,79.17,101163.53,11.63,84.31,-2068340.00,1.18
9:44,101146.27,12.25,79.68,101158.89,11.75,84.06,-2068249.62,1.17
9:45,101131.22,18.43,43.27,101157.91,11.85,83.08,-2068606.37,1.48
9:46,101141.89,12.35,79.98,101158.80,11.99,82.90,-2068332.75,0.45
9:47,101144.93,12.48,78.87,101162.99,11.97,82.91,-2067232.75,1.18
9:48,101131.35,13.27,78.22,101160.77,11.91,83.31,-2067045.37,0.78
9:49,101146.08,12.13,83.68,101160.38,11.87,83.89,-2067100.00,1.18
9:50,101141.92,12.30,82.04,101162.19,11.99,83.69,-2067159.75,0.44
9:51,101146.50,13.14,82.15,101160.78,12.11,84.14,-2066810.37,0.94
9:52,101144.50,12.18,84.55,101156.57,12.10,83.96,-2065560.75,0.45
9:53,101149.88,12.26,82.49,101166.39,12.18,83.87,-2065104.62,0.44
9:54,101144.66,12.82,84.43,101165.76,12.00,83.37,-2061168.75,0.78
9:55,101148.50,12.03,85.07,101165.05,11.99,83.42,-2063139.00,1.14
9:56,101153.89,12.25,83.29,101167.82,12.13,83.25,-2062999.62,1.17
9:57,101142.99,13.20,81.29,101165.57,12.19,82.95,-2062484.25,0.78
9:58,101154.99,12.09,84.66,101170.11,12.08,83.24,-2062833.25,1.66
9:59,101150.10,12.26,82.94,101164.69,12.07,83.48,-2062639.00,0.98
10:0,101150.77,13.27,85.23,101166.77,12.12,83.03,-2063783.62,2.19
10:1,101148.94,12.12,84.62,101166.56,12.10,83.21,-2063303.00,1.00
10:2,101151.46,12.27,82.48,101163.38,12.12,83.46,-2063698.37,1.71
10:3,101148.71,12.56,84.12,101169.22,12.24,83.26,-2063573.00,4.85
10:4,101143.64,12.09,84.10,101167.65,12.00,82.10,-2062367.75,0.78
10:5,101155.74,12.30,83.07,101169.77,12.12,82.92,-2062699.37,0.45
10:6,101152.35,12.09,80.79,101173.08,11.93,82.27,-2062515.62,0.45
10:7,101155.82,11.94,84.81,101173.81,11.91,82.76,-2063007.62,1.16
10:8,101159.07,12.08,82.33,101172.69,11.83,82.49,-2062569.62,0.45
10:9,101159.23,12.09,81.63,101174.17,12.00,82.77,-2063028.75,1.17
10:10,101158.39,11.83,85.20,101173.30,11.84,82.56,-2062858.75,0.79
10:11,101159.64,11.95,83.37,101179.30,11.93,82.90,-2065559.37,0.46
10:12,101159.59,12.05,82.37,101175.53,11.96,82.84,-2065764.75,1.17
10:13,101160.69,11.87,85.42,101180.19,11.95,83.15,-2065783.25,0.77
10:14,101162.38,12.03,83.86,101177.58,12.02,83.27,-2065764.75,0.45
10:15,101165.58,12.00,81.97,101177.17,11.97,82.77,-2065672.25,0.45
10:16,101161.14,11.89,84.39,101181.42,11.94,83.16,-2065030.37,0.77
10:17,101165.45,12.10,83.66,101179.83,12.03,82.57,-2065361.25,0.46
10:18,101162.92,12.12,81.77,101179.46,12.06,82.60,-2065270.75,0.46
10:19,101166.71,11.94,85.17,101176.84,12.14,82.46,-2065074.00,0.78
10:20,101166.57,12.12,84.24,101177.60,12.25,82.44,-2067266.37,0.45
10:21,101163.39,12.10,81.46,101174.46,12.16,81.50,-2066716.37,0.45
10:22,101160.52,12.00,84.79,101178.63,12.28,82.04,-2066690.00,0.77
10:23,101165.92,12.20,84.38,101180.21,12.44,82.11,-2069560.00,1.15
10:24,101163.58,12.32,82.40,101182.00,12.52,81.71,-2068288.75,1.14
10:25,101159.35,12.07,84.03,101174.14,12.27,81.06,-2067562.00,1.48
10:26,101163.80,12.19,83.56,101178.94,12.38,81.75,-2067893.75,1.15
10:27,101162.47,12.25,81.45,101177.69,12.28,81.04,-2067274.25,0.46
10:28,101146.44,12.42,79.99,101176.28,12.43,80.44,-2067526.75,0.79
10:29,101164.16,12.25,81.51,101180.24,12.35,80.74,-2067019.25,1.18
10:30,101161.16,12.42,81.23,101179.56,12.48,80.99,-2067304.37,0.50
10:31,101148.60,18.24,38.88,101175.06,12.59,79.97,-2066934.00,4.56
10:32,101150.13,21.09,29.88,101179.05,12.90,75.78,-2063697.25,4.96
10:33,101148.19,22.79,26.46,101176.35,13.30,73.83,-2058232.37,6.98
10:34,101140.99,23.40,24.90,101177.97,13.42,73.90,-2037343.62,4.25
10:35,101145.17,23.64,24.28,101176.98,13.17,74.17,-2006146.25,4.79
10:36,101144.42,23.87,23.80,101179.82,13.28,74.04,-2009744.75,3.92
10:37,101142.21,24.05,23.61,101177.69,13.21,74.20,-2025060.37,4.74
10:38,101142.96,24.17,23.46,101177.29,13.30,75.13,-2028560.75,5.21
10:39,101143.93,24.30,23.04,101183.20,13.48,73.91,-2013627.25,5.68
10:40,101145.74,24.37,22.69,101184.78,13.40,73.59,-1962067.25,5.09
10:41,101144.56,24.39,22.72,101183.63,13.28,73.87,-1955247.25,5.60
10:42,101140.61,24.51,22.45,101182.83,13.51,71.83,-1951635.25,5.69
10:43,101145.48,24.60,22.33,101181.67,13.57,72.88,-1949451.75,5.83
10:44,101147.28,24.67,22.32,101189.46,13.55,73.20,-1949752.00,5.43
10:45,101152.41,24.71,22.25,101182.34,13.19,75.14,-1906308.75,6.93
10:46,101150.88,24.69,22.10,101186.61,13.17,75.15,-1922872.00,4.22
10:47,101145.00,24.76,22.03,101187.17,13.39,73.28,-1950201.62,4.90
10:48,101148.99,24.79,21.98,101187.27,13.31,73.38,-1937684.75,5.88
10:49,101141.78,24.77,22.01,101178.35,13.35,73.17,-1923222.62,5.62
10:50,101154.73,24.79,21.98,101192.86,13.34,74.47,-1986923.75,5.86
10:51,101157.21,24.87,21.68,101188.85,13.29,72.67,-1980864.37,5.89
10:52,101151.07,24.71,22.00,101183.21,12.70,76.41,-1120266.87,4.70
10:53,101147.39,24.74,21.74,101187.42,13.14,73.60,-1123262.25,5.56
10:54,101142.07,24.84,21.69,101186.97,13.44,74.25,-1129515.87,4.85
10:55,101150.50,24.91,21.78,101192.05,13.68,71.82,-1978658.37,4.81
10:56,101159.74,24.96,21.63,101196.23,13.77,71.50,-1976155.00,5.16
10:57,101147.96,24.90,21.79,101184.94,13.26,74.15,-1976460.25,5.60
10:58,101151.54,24.97,21.47,101189.27,13.58,71.82,-1976050.62,4.65
10:59,101145.36,25.07,21.39,101190.64,13.65,71.52,-1974415.62,5.72
11:0,101149.50,25.12,21.35,101187.80,13.73,72.58,-1973192.62,5.78
11:1,101145.96,25.12,21.30,101186.33,13.34,74.00,-1504000.25,5.22
11:2,101145.57,24.94,21.48,101183.96,13.28,72.59,-1485125.00,5.47
11:3,101155.60,24.97,21.50,101190.30,13.63,71.52,-1427583.00,5.93
11:4,101146.46,24.95,21.55,101187.03,13.27,73.61,-1474424.62,4.67
11:5,101147.96,24.89,21.49,101189.10,12.93,75.24,-1471910.25,5.39
11:6,101149.36,24.81,21.69,101188.16,12.72,76.11,-1457412.37,5.70
11:7,101154.86,24.82,21.75,101190.40,13.05,74.60,-1470758.25,4.69
11:8,101153.05,24.84,21.48,101190.48,13.11,73.86,-1454151.87,5.83
11:9,101152.92,24.83,21.59,101192.71,13.22,73.91,-1480427.12,5.69
11:10,101149.64,24.88,21.45,101186.50,13.39,71.73,-1504749.25,4.81
11:11,101154.53,24.94,21.37,101189.23,13.54,71.60,-1496544.75,5.74
11:12,101151.60,24.90,21.62,101190.69,13.14,74.15,-1481934.00,5.14
11:13,101160.28,24.98,21.31,101197.35,13.65,71.42,-1513065.62,4.72
11:14,101160.30,25.00,21.48,101197.14,13.44,72.98,-1493459.00,5.77
11:15,101159.00,24.93,21.50,101199.21,12.99,75.56,-1469517.37,5.28
11:16,101160.83,24.96,21.29,101197.96,13.48,71.58,-1476295.25,5.25
11:17,101161.21,24.94,21.32,101196.98,13.56,71.34,-1490154.50,5.15
11:18,101161.05,24.99,21.35,101199.47,13.66,71.65,-1503089.87,5.79
11:19,101160.04,25.00,21.28,101198.78,13.85,69.85,-1488542.25,5.49
11:20,101159.62,25.00,21.42,101200.92,13.97,70.31,-1473612.75,5.94
11:21,101156.97,25.04,21.19,101198.70,13.50,71.82,-1476612.25,4.74
11:22,101153.28,25.01,21.30,101198.30,13.94,69.73,-1507571.12,5.61
11:23,101157.03,25.13,21.32,101197.47,14.17,69.79,-1314550.00,4.81
11:24,101152.27,25.21,21.37,101198.55,14.04,71.09,-2012960.00,4.86
11:25,101151.23,25.27,21.10,101194.30,14.20,67.85,-2011964.75,5.19
11:26,101154.14,25.24,21.31,101195.97,13.93,70.52,-2006798.75,6.00
11:27,101164.53,25.22,21.26,101205.77,14.00,69.88,-2006420.75,5.82
11:28,101154.57,25.23,20.89,101196.74,13.78,69.72,-2006017.25,5.27
11:29,101153.89,25.24,21.11,101193.87,13.74,70.17,-2005798.00,4.95
11:30,101155.75,25.30,21.10,101195.55,13.74,72.09,-1996277.62,4.69
11:31,101159.31,25.29,21.05,101194.68,13.71,70.53,-1991714.00,5.41
11:32,101162.86,25.30,21.04,101191.91,13.77,70.48,-1986267.00,4.23
11:33,101153.86,25.34,21.13,101188.12,14.07,70.62,-1979809.00,5.69
11:34,101153.11,25.40,20.93,101192.39,14.35,69.25,-2052332.37,5.17
11:35,101153.04,25.48,20.91,101187.02,14.76,66.72,-2051970.75,4.74
11:36,101148.57,25.57,21.01,101187.82,14.85,66.99,-2018026.00,5.85
11:37,101145.14,25.54,21.01,101187.58,14.30,69.76,-2023573.37,5.12
11:38,101148.82,25.56,20.74,101184.67,14.51,66.83,-2024404.62,5.61
11:39,101145.83,25.61,20.87,101180.17,14.80,66.46,-2013618.75,5.70
11:40,101140.58,25.75,20.99,101177.66,15.06,66.84,-2058223.25,5.45
11:41,101147.55,25.81,20.77,101173.76,15.03,66.27,-2040382.25,5.81
11:42,101140.27,25.90,20.49,101177.47,15.23,64.54,-2036304.00,4.83
11:43,101141.45,25.98,20.57,101175.91,15.54,64.05,-2055041.62,5.77
11:44,101143.42,26.08,20.64,101177.69,15.56,65.24,-2037971.62,5.62
11:45,101141.53,26.25,20.59,101182.30,15.87,63.91,-2065801.62,5.92
11:46,101157.30,26.34,20.37,101189.14,15.68,63.25,-2064117.62,5.79
11:47,101140.07,26.12,20.24,101179.49,15.15,63.83,-2059335.25,4.79
11:48,101142.74,26.17,20.51,101184.36,15.32,64.92,-2060612.37,4.70
11:49,101142.62,26.32,20.41,101177.77,15.54,63.51,-2056446.37,5.80
11:50,101142.65,26.34,20.17,101185.32,15.65,62.76,-2055503.25,4.21
11:51,101155.03,26.44,20.28,101182.32,15.60,63.33,-2055922.37,5.21
11:52,101141.83,26.53,20.09,101185.16,15.63,62.79,-2054982.75,4.43
11:53,101149.33,26.51,20.08,101182.73,15.47,62.71,-2057706.62,4.81
11:54,101147.05,26.48,20.16,101185.35,15.57,62.85,-1986034.37,4.93
11:55,101152.99,26.35,20.02,101187.82,14.96,63.52,-2082517.62,4.94
11:56,101142.17,26.19,20.06,101185.77,15.10,63.15,-2084237.75,5.78
11:57,101154.07,26.22,20.15,101190.40,15.15,63.22,-2085248.37,5.88
11:58,101146.88,26.16,20.11,101188.35,15.09,63.47,-2086767.00,5.92
11:59,101156.85,26.04,20.04,101185.63,14.95,63.25,-2087012.00,4.92
12:0,101140.50,26.05,20.26,101184.81,15.41,60.98,-2088811.25,5.03
12:1,101160.72,26.18,20.32,101188.39,15.57,63.14,-2089454.37,5.97
12:2,101163.42,26.28,20.37,101189.90,15.33,63.94,-2090058.00,6.02
12:3,101154.96,26.21,20.10,101195.85,14.91,64.47,-2099113.25,5.58
12:4,101144.47,26.12,20.28,101193.31,15.04,64.22,-2100860.75,6.64
12:5,101150.49,26.14,20.13,101196.96,15.30,63.63,-2101695.50,5.70
12:6,101152.03,26.23,20.08,101196.90,15.23,64.06,-2101916.50,5.74
12:7,101184.67,26.27,20.20,101211.92,15.10,63.69,-2102375.50,5.72
12:8,101165.57,26.03,19.94,101204.66,14.86,62.25,-2103269.50,5.12
12:9,101163.11,25.81,20.04,101202.49,14.35,64.65,-2102558.00,5.48
12:10,101159.70,25.74,20.30,101202.08,14.68,64.15,-2104686.00,4.96
12:11,101160.20,25.93,20.29,101201.28,15.10,63.31,-2104882.75,3.94
12:12,101153.25,25.99,20.19,101199.80,15.10,62.74,-2105399.50,5.81
12:13,101165.61,25.85,20.10,101197.61,14.85,62.73,-2105319.50,5.42
12:14,101177.46,25.93,20.26,101208.40,15.00,63.31,-2105893.50,4.85
12:15,101158.59,25.84,20.28,101208.78,14.86,64.08,-2107021.50,4.80
12:16,101165.61,25.85,20.18,101212.10,15.08,63.32,-2107448.00,5.60
12:17,101163.92,25.84,20.31,101203.17,14.93,63.90,-2108026.50,4.28
12:18,101180.30,25.98,20.10,101202.87,15.39,61.74,-2108735.50,4.65
12:19,101156.92,26.12,20.17,101201.17,15.54,60.96,-2109272.25,4.51
12:20,101159.40,26.24,20.10,101199.07,15.73,61.16,-2109757.50,3.89
12:21,101158.37,26.31,20.14,101194.52,15.48,62.38,-2110334.75,5.77
12:22,101166.10,26.43,19.82,101203.61,15.39,61.04,-2110371.25,3.83
12:23,101163.10,26.11,19.92,101206.55,14.79,63.87,-2110988.00,5.90
12:24,101161.35,25.91,19.98,101202.38,14.90,62.62,-2111493.25,4.52
12:25,101171.12,25.94,20.20,101203.93,15.18,62.70,-2112808.00,5.10
12:26,101163.87,26.05,19.97,101204.67,15.33,61.43,-2113398.25,4.41
12:27,101176.47,26.11,20.21,101210.59,15.23,62.79,-2113521.50,4.96
12:28,101173.05,26.18,20.05,101206.92,15.49,61.77,-2113758.50,5.80
12:29,101165.02,26.26,20.01,101206.10,15.66,61.83,-2114600.25,5.25
12:30,101167.82,26.28,20.00,101206.80,15.47,61.93,-2115180.50,5.59
12:31,101159.50,26.33,19.90,101198.86,15.54,61.18,-2115362.75,4.90
12:32,101167.47,26.36,20.12,101204.76,15.39,62.70,-2116230.00,4.78
12:33,101162.85,26.46,19.82,101202.75,15.63,62.19,-2116779.25,4.16
12:34,101170.88,26.53,19.85,101203.27,15.49,62.84,-2117075.25,4.91
12:35,101166.67,26.47,19.69,101203.48,15.47,60.64,-2117456.00,5.17
12:36,101176.32,26.47,19.68,101205.62,15.46,62.15,-2118484.75,4.29
12:37,101177.57,26.44,19.63,101212.00,15.64,60.81,-2118918.75,3.85
12:38,101166.94,26.42,19.69,101211.41,15.70,60.84,-2119263.50,4.32
12:39,101164.99,26.42,19.78,101205.44,15.52,61.53,-2120241.75,5.32
12:40,101166.82,26.40,19.71,101212.70,15.15,63.01,-2120313.25,4.77
12:41,101183.60,26.37,19.62,101217.78,15.43,61.14,-2120933.75,5.54
12:42,101170.96,26.26,19.62,101207.86,15.10,62.59,-2121283.50,5.50
12:43,101173.92,26.21,19.78,101218.05,15.43,61.91,-2122322.50,5.91
12:44,101174.30,26.24,19.69,101206.98,15.58,60.39,-2122647.25,5.52
12:45,101160.33,26.22,19.78,101212.84,15.61,60.30,-2122964.50,5.93
12:46,101170.54,26.21,19.73,101214.58,15.58,60.26,-2123221.50,5.83
12:47,101172.39,26.27,19.80,101215.47,15.85,59.99,-2123808.00,5.79
12:48,101170.64,26.39,19.57,101213.74,16.10,58.41,-2124118.50,5.86
12:49,101173.22,26.35,19.59,101215.56,15.90,59.65,-2124592.00,5.42
12:50,101169.83,26.33,19.82,101213.52,15.61,60.99,-2124358.75,5.35
12:51,101167.74,26.26,19.66,101214.24,15.59,60.03,-2125542.50,4.98
12:52,101169.67,26.33,19.74,101220.69,15.83,60.93,-2126287.25,4.76
12:53,101176.36,26.35,19.78,101215.50,15.73,60.55,-2126461.25,3.83
12:54,101168.89,26.42,19.60,101215.61,15.68,60.46,-2127505.25,5.59
12:55,101170.85,26.48,19.69,101212.02,16.06,59.54,-2127892.75,5.56
12:56,101172.44,26.57,19.69,101213.56,16.14,59.26,-2128117.50,5.97
12:57,101180.35,26.62,19.81,101214.57,16.23,60.14,-2128821.50,5.21
12:58,101168.96,26.56,19.56,101211.58,15.65,59.84,-2129070.00,5.83
12:59,101174.32,26.51,19.67,101213.17,15.92,59.24,-2130130.50,4.67
13:0,101181.33,26.55,19.77,101215.67,16.02,59.90,-2130387.25,4.67
13:1,101172.19,26.68,19.57,101215.62,16.30,59.13,-2131067.50,5.95
13:2,101177.61,26.80,19.56,101216.38,16.32,58.91,-2130740.75,5.59
13:3,101178.49,26.71,19.35,101216.91,15.60,60.63,-2131259.50,5.52
13:4,101175.00,26.49,19.69,101212.74,15.57,61.05,-2131561.25,5.69
13:5,101179.08,26.44,19.81,101218.58,15.45,61.99,-2132739.50,5.83
13:6,101176.61,26.49,19.78,101215.49,15.71,61.72,-2133179.50,5.92
13:7,101177.89,26.60,19.85,101217.54,16.05,60.45,-2133654.50,4.03
13:8,101195.17,26.63,19.67,101232.22,15.84,60.21,-2091952.37,5.81
13:9,101174.19,26.38,19.58,101219.03,15.34,62.21,-2096368.25,4.85
13:10,101167.80,26.34,19.78,101215.63,15.78,60.24,-2097270.00,5.32
13:11,101183.42,26.39,19.76,101213.89,15.91,60.42,-2098222.50,4.84
13:12,101176.64,26.40,19.70,101212.23,15.35,61.69,-2098095.25,5.63
13:13,101177.25,26.31,19.80,101227.42,15.55,61.53,-2098896.00,5.07
13:14,101159.23,26.22,19.80,101211.72,15.48,61.99,-2099404.00,5.18
13:15,101172.58,26.39,19.75,101215.29,16.00,59.60,-2100455.75,6.00
13:16,101169.11,26.39,19.64,101217.16,15.82,59.28,-2100959.50,5.51
13:17,101175.64,26.47,19.83,101214.52,16.03,59.92,-2102405.25,5.58
13:18,101177.08,26.46,19.77,101209.84,15.52,62.32,-2101616.75,5.57
13:19,101165.94,26.60,19.78,101212.22,16.12,60.21,-2102583.50,4.54
13:20,101179.64,26.78,19.61,101209.05,16.54,57.50,-2102678.00,5.05
13:21,101167.92,26.86,19.71,101207.99,16.44,59.02,-2102951.25,5.83
13:22,101170.94,26.94,19.53,101210.69,16.49,57.68,-2103299.25,5.88
13:23,101174.03,26.87,19.73,101205.72,16.16,58.98,-2103007.50,5.71
13:24,101162.27,26.90,19.53,101211.08,16.36,58.82,-2104191.50,4.67
13:25,101156.07,27.03,19.62,101206.24,16.36,59.37,-2104718.50,3.95
13:26,101172.46,26.96,19.42,101212.80,16.31,57.83,-2105188.50,5.73
13:27,101162.86,26.91,19.27,101204.50,15.93,59.15,-2106351.25,5.65
13:28,101159.99,26.70,19.33,101204.89,16.01,57.82,-2106607.25,5.90
13:29,101154.45,26.77,19.44,101204.38,16.21,58.73,-2106773.00,4.61
13:30,101162.95,26.58,19.55,101198.94,15.49,61.35,-2113781.00,5.97
13:31,101153.66,26.63,19.58,101197.63,15.90,60.62,-2114668.50,5.02
13:32,101154.53,26.75,19.56,101200.69,16.12,58.94,-2115161.50,4.16
13:33,101163.40,26.84,19.68,101203.24,15.87,60.83,-2115337.50,5.03
13:34,101165.21,26.65,19.32,101210.13,15.31,60.49,-2111351.25,4.29
13:35,101154.71,26.37,19.69,101202.17,15.41,60.77,-2111816.75,5.30
13:36,101165.08,26.42,19.48,101204.88,15.74,59.22,-2110932.00,4.06
13:37,101159.50,26.48,19.87,101201.02,15.71,61.21,-2111470.50,5.86
13:38,101167.78,26.58,19.67,101209.40,15.75,60.76,-2112295.75,4.76
13:39,101169.89,26.58,19.51,101209.61,15.63,59.87,-2112123.25,6.02
13:40,101169.56,26.56,19.49,101211.58,15.65,59.82,-2112886.75,4.47
13:41,101173.71,26.58,19.51,101211.39,15.75,59.29,-2113712.75,4.70
13:42,101171.92,26.55,19.51,101211.18,15.87,58.62,-2113779.50,4.13
13:43,101170.67,26.48,19.46,101208.28,15.67,59.31,-2114071.50,5.00
13:44,101177.28,26.42,19.48,101213.52,15.80,58.53,-2114429.25,4.63
13:45,101165.07,26.24,19.64,101218.27,15.21,60.99,-2114735.25,4.83
13:46,101172.07,26.12,19.81,101219.57,14.91,62.14,-2116696.00,4.15
13:47,101171.19,26.08,19.93,101213.92,15.23,61.17,-2118379.50,4.74
13:48,101162.54,26.15,19.88,101214.08,15.54,60.58,-2118314.50,4.88
13:49,101176.92,26.24,19.75,101217.92,15.51,60.22,-2118932.50,5.80
13:50,101179.22,26.25,19.85,101215.49,15.71,60.68,-2119220.75,5.03
13:51,101171.75,26.32,19.82,101215.98,15.77,60.74,-2119474.75,4.11
13:52,101171.41,26.32,19.89,101217.97,15.80,60.06,-2119817.50,3.91
13:53,101172.29,26.34,19.87,101220.71,15.78,60.31,-2120452.50,5.89
13:54,101167.38,26.34,19.83,101214.85,15.82,59.91,-2121182.75,5.39
13:55,101173.61,26.46,19.63,101223.07,15.94,59.14,-2120950.75,4.46
13:56,101176.07,26.47,19.58,101220.03,16.06,58.71,-2121291.25,5.13
13:57,101176.19,26.50,19.75,101221.32,16.19,59.14,-2122296.50,5.99
13:58,101173.91,26.59,19.68,101222.19,16.33,59.31,-2122775.50,5.05
13:59,101179.02,26.65,19.60,101219.90,15.99,59.18,-2122726.75,5.10
14:0,101182.89,26.59,19.70,101219.85,15.96,58.89,-2123385.00,5.16
14:1,101162.27,26.57,19.51,101211.67,16.13,58.66,-2124340.50,4.50
14:2,101169.96,26.65,19.69,101207.03,16.58,57.48,-2125224.50,5.80
14:3,101155.72,26.77,19.73,101205.14,16.46,58.59,-2125495.50,4.81
14:4,101167.61,26.89,19.44,101212.74,16.64,57.84,-2128001.25,4.85
14:5,101166.22,26.98,19.37,101204.16,16.78,56.16,-2132196.00,4.65
14:6,101189.25,27.05,19.21,101222.48,16.52,56.58,-2133042.50,4.86
14:7,101164.44,26.88,19.47,101222.21,16.28,58.44,-2136031.75,4.30
14:8,101181.85,26.91,19.29,101218.21,16.19,57.90,-2137396.75,5.21
14:9,101176.17,26.89,19.41,101220.16,16.33,58.21,-2137808.75,4.65
14:10,101180.85,26.96,19.49,101216.13,16.36,58.60,-2138516.00,4.50
14:11,101165.48,27.01,19.56,101213.22,16.23,59.19,-2138644.00,4.01
14:12,101183.53,27.03,19.30,101226.27,16.58,57.05,-2139095.25,5.97
14:13,101175.42,27.07,19.11,101215.28,15.96,58.79,-2139798.00,6.00
14:14,101170.55,26.85,19.32,101210.71,15.87,59.79,-2139248.75,4.69
14:15,101166.14,26.87,19.34,101213.18,16.14,58.68,-2140546.75,4.87
14:16,101168.38,26.90,19.52,101217.07,16.14,58.63,-2140836.00,4.22
14:17,101170.26,26.96,19.23,101217.66,16.25,57.72,-2141057.25,5.74
14:18,101173.79,27.00,19.18,101211.88,16.44,57.33,-2141920.00,4.95
14:19,101173.19,27.04,19.44,101216.43,16.36,58.58,-2149710.25,3.88
14:20,101182.35,27.04,19.29,101218.86,16.36,57.70,-2149890.00,4.83
14:21,101168.53,27.02,19.18,101217.83,16.41,57.49,-2150720.50,4.67
14:22,101177.94,27.02,19.23,101216.35,16.61,56.07,-2151134.00,5.85
14:23,101168.16,26.99,19.43,101217.64,16.40,56.67,-2152001.25,4.92
14:24,101173.78,27.03,19.17,101216.55,16.49,57.14,-2153006.25,4.33
14:25,101175.91,27.01,19.33,101223.42,16.16,58.50,-2153217.25,5.18
14:26,101172.92,26.97,19.41,101220.44,16.10,59.64,-2153817.25,5.20
14:27,101179.04,27.02,19.30,101221.75,16.26,58.28,-2154776.00,4.37
14:28,101172.43,27.00,19.19,101216.88,16.13,58.72,-2155404.50,3.85
14:29,101166.30,26.98,19.22,101214.71,15.97,59.85,-2156311.25,4.96
14:30,101166.98,26.98,19.28,101211.20,16.44,57.77,-2156563.75,4.19
14:31,101173.61,27.02,19.36,101214.94,16.27,59.79,-2156979.25,4.73
14:32,101174.51,27.10,19.25,101219.38,16.39,58.30,-2157139.50,5.00
14:33,101170.50,27.05,19.10,101221.75,16.32,56.64,-2157634.50,5.83
14:34,101180.97,26.99,19.13,101223.38,16.20,58.27,-2158419.50,3.82
14:35,101172.02,26.91,19.32,101217.91,16.03,58.68,-2158877.50,4.54
14:36,101182.22,26.84,19.13,101217.71,15.95,57.68,-2159689.25,4.89
14:37,101166.51,26.80,19.41,101215.33,16.03,59.38,-2160578.50,5.48
14:38,101175.21,26.88,19.32,101209.14,16.12,58.94,-2161082.25,5.05
14:39,101161.50,26.92,19.29,101213.41,16.21,59.67,-2161596.50,3.88
14:40,101160.77,26.94,19.26,101211.07,16.19,58.86,-2161596.25,3.93
14:41,101168.00,26.97,19.24,101211.03,16.35,57.52,-2161950.50,4.94
14:42,101170.52,26.84,19.27,101210.07,15.86,60.00,-2162499.25,4.99
14:43,101171.42,26.80,19.26,101208.64,15.65,60.67,-2162435.50,4.16
14:44,101155.10,26.74,19.37,101208.49,15.64,61.69,-2163633.25,4.83
14:45,101171.42,26.78,19.34,101214.03,15.68,60.37,-2164069.75,5.29
14:46,101165.21,26.77,19.40,101214.03,15.79,59.94,-2164656.75,5.50
14:47,101177.61,26.79,19.29,101213.87,15.86,58.83,-2164982.75,4.71
14:48,101176.60,26.80,19.31,101215.75,15.98,58.80,-2166037.25,4.85
14:49,101172.82,26.83,19.37,101215.64,15.88,60.07,-2166685.50,4.79
14:50,101181.97,26.82,19.42,101220.82,15.65,61.68,-2167296.75,4.43
14:51,101189.50,26.72,19.56,101231.17,15.15,63.49,-2166953.25,5.71
14:52,101195.74,26.59,19.63,101241.55,14.75,66.66,-2167522.50,4.72
14:53,101201.57,26.63,19.95,101245.03,14.82,67.86,-2169602.50,5.70
14:54,101209.53,26.74,19.90,101257.30,14.73,71.19,-2169729.50,4.72
14:55,101215.87,26.82,20.17,101261.72,14.29,72.59,-2177370.75,4.65
14:56,101210.35,26.71,20.20,101259.39,14.43,72.46,-2179345.50,4.51
14:57,101208.93,26.63,20.23,101253.19,14.01,73.86,-2177334.50,4.85
14:58,101195.65,26.58,20.43,101243.46,13.82,75.01,-2181039.50,5.03
14:59,101198.22,26.62,20.35,101243.49,13.86,74.91,-2171729.50,4.93
15:0,101207.83,26.64,20.31,101250.87,13.98,76.41,-2171651.25,4.70
15:1,101204.29,26.42,20.01,101248.69,13.70,72.66,-2172376.25,3.83
15:2,101200.77,26.10,20.07,101248.52,13.76,72.15,-2172486.00,5.06
15:3,101201.84,26.01,20.22,101246.60,14.12,69.42,-2173080.50,5.14
15:4,101195.87,25.98,20.50,101248.75,13.75,73.00,-2173692.25,4.93
15:5,101206.57,25.73,20.18,101247.71,12.92,74.13,-2173220.50,4.97
15:6,101208.32,25.51,20.26,101251.22,13.34,72.38,-2173601.75,4.94
15:7,101205.29,25.61,20.40,101251.88,13.50,73.77,-2173459.75,4.51
15:8,101204.39,25.62,20.64,101251.37,13.50,74.39,-2174465.25,5.36
15:9,101199.09,25.73,20.74,101250.91,13.62,75.40,-2174949.50,5.62
15:10,101201.41,25.92,20.73,101251.01,13.67,75.91,-2175901.50,5.66
15:11,101210.97,25.99,20.51,101252.22,13.70,74.93,-2176304.25,5.85
15:12,101209.71,26.03,20.78,101250.91,13.68,76.91,-2176568.50,5.66
15:13,101207.88,26.20,20.50,101252.41,14.08,73.92,-2177227.50,5.78
15:14,101205.41,26.33,20.46,101257.05,14.33,73.42,-2177576.50,4.63
15:15,101196.57,26.30,20.38,101256.05,14.04,73.03,-2178226.00,4.18
15:16,101205.07,26.35,20.65,101253.02,14.02,76.40,-2178835.25,5.14
15:17,101207.10,26.49,20.56,101261.39,13.93,76.66,-2178646.50,3.93
15:18,101202.61,26.50,20.34,101255.36,13.82,74.76,-2179275.50,5.05
15:19,101198.46,26.50,20.53,101257.10,14.03,75.91,-2179688.75,4.73
15:20,101211.66,26.55,20.31,101257.02,14.17,73.93,-2180736.50,4.27
15:21,101200.74,26.58,20.33,101255.75,14.24,74.08,-2181192.75,5.84
15:22,101204.95,26.32,20.35,101253.88,13.71,75.38,-2181781.50,5.54
15:23,101202.66,26.32,20.38,101254.78,14.19,73.02,-2182423.25,4.93
15:24,101202.78,26.25,20.24,101257.49,14.35,70.77,-2183116.50,5.92
15:25,101211.42,26.27,20.26,101254.50,14.24,71.05,-2183855.00,4.85
15:26,101206.25,26.35,20.23,101256.22,14.41,71.50,-2183801.25,4.14
15:27,101202.94,26.43,20.27,101250.25,14.63,70.87,-2185018.75,5.96
15:28,101201.97,26.52,20.34,101253.10,14.60,72.61,-2185746.50,5.92
15:29,101207.87,26.50,20.38,101255.80,14.16,73.88,-2186056.50,5.76
15:30,101203.92,26.55,20.14,101259.17,14.37,72.18,-2186523.50,5.05
15:31,101207.61,26.50,20.50,101255.10,14.16,73.87,-2187322.50,4.76
15:32,101207.09,26.58,20.17,101255.10,14.54,71.43,-2187753.25,4.90
15:33,101203.64,26.45,20.21,101256.89,14.29,71.69,-2187549.50,4.97
15:34,101203.53,26.40,20.47,101254.64,14.48,72.63,-2189488.50,5.21
15:35,101202.26,26.44,20.22,101259.03,14.23,72.42,-2189990.75,5.99
15:36,101213.25,26.31,20.44,101258.50,13.90,73.49,-2190543.50,5.04
15:37,101207.54,26.19,20.37,101260.47,14.24,72.29,-2190886.00,5.09
15:38,101210.24,26.34,20.45,101258.92,14.40,73.53,-2190376.50,5.32
15:39,101210.14,26.55,20.39,101258.98,14.83,70.56,-2190951.50,6.14
15:40,101210.54,26.65,20.17,101261.57,14.95,69.82,-2191365.50,5.06
15:41,101205.71,26.66,20.48,101256.22,14.95,71.13,-2192368.25,5.91
15:42,101202.16,26.89,20.41,101254.11,15.34,70.35,-2192480.75,5.90
15:43,101200.04,26.98,20.32,101252.88,15.19,71.44,-2193234.75,5.43
15:44,101204.88,26.98,20.22,101248.11,15.21,70.28,-2194176.00,5.98
15:45,101199.74,27.23,20.16,101251.79,15.56,69.05,-2194796.75,5.70
15:46,101201.85,27.40,20.11,101249.93,15.64,70.24,-2194821.50,5.16
15:47,101195.68,27.43,19.88,101245.75,15.20,69.78,-2190858.50,6.06
15:48,101204.07,27.38,19.83,101242.78,15.67,68.95,-2190218.50,5.90
15:49,101204.51,27.61,20.07,101247.77,16.21,69.97,-2200229.25,4.93
15:50,101195.06,27.93,19.84,101245.21,16.66,67.30,-2189337.25,6.04
15:51,101189.16,28.02,19.66,101248.88,16.59,65.00,-2181660.00,4.80
15:52,101207.74,27.61,19.55,101249.11,16.81,65.37,-2183925.25,5.14
15:53,101210.36,27.61,19.79,101246.46,17.33,62.43,-2167997.50,6.07
15:54,101211.40,27.65,19.96,101248.03,17.20,62.79,-2166033.25,4.95
15:55,101206.80,27.60,19.36,101246.21,17.06,61.63,-2179514.75,6.07
15:56,101202.63,27.57,19.60,101244.47,17.19,60.35,-2180010.75,5.02
15:57,101205.05,27.52,19.34,101245.03,16.87,61.21,-2180797.50,4.70
15:58,101191.46,27.46,19.50,101248.41,16.99,60.88,-2180113.25,5.17
15:59,101208.77,27.48,19.59,101247.32,16.86,62.61,-2181202.50,4.16
16:0,101200.85,27.58,19.62,101247.96,16.25,64.14,-2181478.50,4.06
16:1,101199.22,27.41,19.29,101242.89,15.81,63.46,-2180776.50,5.48
16:2,101199.99,27.00,19.50,101245.82,16.39,60.01,-2182574.75,5.74
16:3,101191.96,27.06,19.67,101245.67,16.49,61.43,-2182819.50,4.92
16:4,101203.42,27.33,19.35,101247.30,17.20,59.42,-2182794.50,5.70
16:5,101208.27,27.52,19.52,101243.35,17.99,59.53,-2145166.50,4.93
16:6,101200.77,27.63,19.43,101241.52,17.67,59.01,-2189776.00,5.13
16:7,101203.71,27.72,19.24,101247.77,17.66,55.63,-2160044.50,5.84
16:8,101194.58,27.28,19.01,101244.13,17.28,57.85,-2165576.25,5.51
16:9,101196.49,27.35,19.30,101246.37,17.21,58.24,-2165117.25,5.43
16:10,101189.88,27.55,19.28,101245.73,17.50,57.88,-2226605.50,3.96
16:11,101212.78,27.54,19.14,101241.99,16.76,59.51,-2229365.50,5.12
16:12,101189.80,27.40,19.09,101249.88,16.54,59.33,-2230375.25,5.05
16:13,101194.42,27.28,19.28,101244.59,16.63,60.75,-2231953.25,5.32
16:14,101192.43,27.52,19.08,101243.19,17.22,56.64,-2232476.50,5.30
16:15,101203.91,27.42,19.07,101244.92,16.59,59.48,-2232747.50,4.83
16:16,101195.20,27.15,19.47,101241.24,16.85,60.05,-2234170.50,4.96
16:17,101202.50,27.30,19.41,101245.63,16.96,59.01,-2236191.25,5.16
16:18,101200.85,27.38,19.38,101241.50,17.05,59.45,-2239326.75,5.96
16:19,101204.96,27.33,19.13,101241.85,16.66,60.40,-2241540.00,4.86
16:20,101196.09,27.24,19.18,101243.13,16.34,61.27,-2241871.75,5.01
16:21,101189.26,27.17,19.59,101249.92,16.58,62.17,-2242704.00,5.24
16:22,101195.16,27.23,19.15,101244.39,16.42,58.84,-2229881.50,4.58
16:23,101193.92,27.16,19.13,101243.48,16.42,59.62,-2245571.50,5.23
16:24,101195.31,27.19,19.24,101247.24,16.23,61.13,-2246153.50,4.93
16:25,101197.49,27.17,19.30,101236.53,15.79,62.64,-2246708.75,5.74
16:26,101208.10,26.99,19.52,101241.21,15.38,64.52,-2248645.00,4.92
16:27,101191.96,26.62,19.54,101249.42,14.88,64.72,-2248413.25,5.78
16:28,101197.00,26.56,19.65,101242.87,15.42,62.12,-2249416.25,4.75
16:29,101188.88,26.42,19.59,101240.94,15.21,62.44,-2235893.50,5.17
16:30,101189.60,26.52,19.78,101240.55,15.58,62.92,-2243192.00,5.14
16:31,101193.35,26.64,19.65,101238.67,15.38,63.41,-2246968.75,4.23
16:32,101186.88,26.59,19.82,101244.42,15.46,63.16,-2247873.50,5.03
16:33,101207.64,26.53,20.01,101244.67,15.06,65.22,-2250230.00,5.02
16:34,101199.46,26.57,19.78,101239.77,15.31,64.37,-2254121.50,5.49
16:35,101195.45,26.55,19.75,101242.50,15.64,62.36,-2254165.25,5.47
16:36,101197.32,26.54,19.62,101241.46,15.30,61.88,-2255285.50,4.74
16:37,101186.52,26.34,19.70,101240.88,15.21,62.30,-2256247.25,5.39
16:38,101189.86,26.40,19.71,101239.57,15.49,62.39,-2255759.25,4.09
16:39,101191.37,26.45,19.80,101238.03,15.32,63.42,-2256468.50,4.99
16:40,101182.42,26.47,19.67,101245.03,15.46,62.60,-2256417.25,5.92
16:41,101192.33,26.46,19.69,101246.14,15.27,62.62,-2256777.75,5.78
16:42,101191.86,26.36,19.67,101244.35,15.27,62.28,-2256546.75,3.87
16:43,101201.27,26.28,19.67,101244.78,15.44,61.27,-2256255.50,5.79
16:44,101197.21,26.21,19.65,101246.91,15.43,61.05,-2256445.75,5.05
16:45,101195.72,26.22,19.82,101247.83,15.37,61.81,-2258137.25,5.95
16:46,101179.63,26.29,19.78,101242.36,15.61,60.84,-2259065.50,5.26
16:47,101192.62,26.34,19.79,101247.79,15.66,61.60,-2259556.50,5.01
16:48,101187.61,26.41,19.62,101244.98,15.71,60.26,-2259980.00,5.88
16:49,101194.16,26.45,19.77,101248.16,15.49,61.86,-2260214.50,5.14
16:50,101199.92,26.44,19.67,101248.36,15.49,62.50,-2260926.00,4.95
16:51,101200.85,26.45,19.63,101249.16,15.63,60.98,-2262059.25,4.78
16:52,101196.92,26.42,19.75,101247.19,15.47,62.15,-2262864.75,6.01
16:53,101193.92,26.39,19.78,101251.66,15.36,62.34,-2262624.50,5.97
16:54,101202.36,26.27,19.75,101256.35,15.10,62.63,-2263464.00,5.02
16:55,101201.40,26.14,19.65,101255.47,14.96,62.23,-2263619.25,5.17
16:56,101209.50,26.05,19.76,101250.24,15.26,60.72,-2265596.00,4.97
16:57,101197.56,26.03,19.83,101252.31,15.01,61.93,-2256776.00,5.50
16:58,101202.64,25.99,19.84,101256.18,15.09,61.15,-2232667.00,5.70
16:59,101199.92,25.96,19.62,101253.61,14.82,62.01,-2268599.75,4.54
17:0,101201.92,25.79,19.75,101257.26,14.66,61.16,-2267521.25,5.21
17:1,101199.57,25.76,19.95,101251.74,14.78,63.41,-2267188.75,5.03
17:2,101194.47,25.87,19.83,101253.76,14.87,62.11,-2267611.50,5.72
17:3,101193.38,25.92,19.79,101253.24,14.90,63.46,-2268020.50,5.45
17:4,101199.89,26.01,19.92,101248.08,15.19,62.46,-2268549.75,5.12
17:5,101188.97,26.10,19.92,101252.96,15.05,64.56,-2269339.25,5.16
17:6,101204.20,26.14,19.94,101254.10,15.14,63.65,-2269454.00,4.87
17:7,101196.21,26.04,19.88,101256.80,14.62,64.51,-2269599.00,4.73
17:8,101191.51,26.01,19.77,101254.08,14.75,64.28,-2270568.75,3.89
17:9,101198.61,26.08,19.85,101252.47,14.94,63.57,-2271193.50,4.67
17:10,101202.38,26.21,19.84,101255.75,15.13,64.50,-2271600.25,5.95
17:11,101188.68,26.29,19.75,101240.80,15.17,63.87,-2267976.00,5.61
17:12,101186.82,26.30,19.78,101237.46,15.28,63.91,-2255504.25,4.90
17:13,101176.96,26.35,19.83,101233.64,15.21,64.35,-2248826.00,6.03
17:14,101183.17,26.38,19.65,101231.80,15.29,62.38,-1034125.31,5.24
17:15,101177.55,26.36,19.81,101232.67,15.36,63.74,-1057992.75,4.67
17:16,101173.73,26.09,19.53,101238.16,14.93,62.59,-1074826.62,5.17
17:17,101173.02,25.96,19.87,101234.90,15.31,62.28,-1109313.25,5.78
17:18,101170.34,26.07,19.85,101233.33,15.33,62.78,-1082595.00,5.16
17:19,101182.57,26.11,19.90,101232.44,15.30,63.93,-1065173.75,4.91
17:20,101177.87,26.16,19.74,101233.31,15.46,61.12,-1119224.25,5.79
17:21,101181.56,26.12,19.76,101234.00,15.39,62.55,-1133848.25,6.08
17:22,101173.00,26.11,19.88,101233.58,15.36,63.41,-1120108.12,4.76
17:23,101185.11,26.13,19.86,101234.92,15.37,62.16,-1152885.50,6.01
17:24,101177.96,26.14,19.74,101236.02,15.53,60.18,-1156758.87,5.68
17:25,101187.10,26.07,19.74,101245.16,14.98,63.17,-1135793.25,5.19
17:26,101215.59,25.97,19.69,101251.78,15.05,62.30,-1149035.25,5.88
17:27,101200.78,25.90,19.88,101252.67,14.88,62.82,-1155872.62,4.72
17:28,101207.55,25.91,19.87,101256.05,15.21,61.41,-1148557.25,5.71
17:29,101206.46,25.78,19.96,101256.67,14.70,63.16,-1180745.00,3.93
17:30,101205.35,25.77,20.05,101256.09,14.52,65.13,-1182792.87,4.76
17:31,101208.49,25.78,20.24,101259.52,14.75,64.75,-1201074.75,5.84
17:32,101206.46,25.84,20.01,101255.52,15.01,63.63,-1202725.25,4.16
17:33,101203.91,25.98,20.09,101253.86,15.25,64.10,-1241295.25,3.91
17:34,101199.42,26.05,19.97,101250.99,15.30,62.21,-1209980.87,5.08
17:35,101195.70,26.04,19.77,101253.75,15.37,60.84,-1106907.75,4.54
17:36,101199.25,26.04,20.06,101252.25,15.48,62.27,-1142719.87,3.86
17:37,101193.83,26.05,19.79,101252.99,15.45,60.84,-1136144.75,5.74
17:38,101204.85,25.99,19.75,101257.72,15.67,60.76,-1139969.62,4.98
17:39,101203.23,25.89,19.89,101259.32,15.16,61.93,-1136413.87,5.05
17:40,101204.25,25.92,19.93,101257.85,15.31,61.51,-1117642.75,5.16
17:41,101202.05,25.91,20.05,101259.47,15.26,63.25,-1065285.75,5.28
17:42,101205.49,25.95,19.90,101263.17,15.34,61.55,-1124852.50,5.40
17:43,101200.27,26.04,20.02,101258.43,15.54,62.09,-1099169.12,5.74
17:44,101198.95,26.14,19.77,101257.35,15.76,59.85,-1119290.87,5.55
17:45,101208.35,26.22,19.75,101253.77,15.79,60.18,-1131923.12,6.03
17:46,101213.29,26.27,20.02,101257.55,15.59,62.84,-1604544.00,4.83
17:47,101209.60,26.39,19.88,101257.57,15.65,61.68,-1641622.25,4.64
17:48,101198.86,26.24,19.64,101254.22,15.47,60.47,-1296748.75,4.79
17:49,101209.74,26.18,19.89,101259.25,15.28,61.94,-1300583.75,4.04
17:50,101204.53,26.15,19.78,101261.13,15.61,60.44,-1290946.62,4.72
17:51,101200.51,26.18,19.80,101259.72,15.62,60.96,-1279338.62,5.77
17:52,101208.57,26.13,19.74,101258.64,15.53,61.12,-1303575.00,5.25
17:53,101203.36,26.09,19.64,101255.02,15.67,59.90,-1263412.87,5.21
17:54,101198.62,26.10,19.83,101258.83,15.73,59.43,-1269656.25,4.73
17:55,101202.30,26.11,19.75,101256.46,15.60,60.08,-1275903.50,4.32
17:56,101205.39,26.07,19.73,101257.32,15.80,59.15,-1244331.25,4.55
17:57,101201.84,26.10,19.72,101254.63,15.81,60.06,-1256762.25,4.96
17:58,101200.98,26.15,19.77,101256.22,15.61,59.26,-1267840.87,4.62
17:59,101210.17,26.11,19.73,101258.92,15.65,60.66,-1305519.87,4.74
18:0,101212.57,26.22,19.76,101255.32,15.76,60.05,-1273493.25,5.17
18:1,101206.82,26.23,19.57,101257.95,15.60,59.38,-1254081.75,5.01
18:2,101204.67,26.12,19.65,101258.53,15.64,59.49,-1229071.37,4.52
18:3,101197.90,26.04,19.47,101259.48,15.67,58.16,-1261982.25,4.98
18:4,101205.18,25.97,19.74,101257.61,15.46,58.46,-1274081.50,5.10
18:5,101208.82,25.91,19.63,101263.52,15.16,60.03,-1254690.37,5.25
18:6,101206.87,25.89,19.81,101261.19,15.32,59.61,-1261073.37,4.36
18:7,101209.96,25.85,19.63,101263.94,15.45,58.67,-2301080.75,4.42
18:8,101213.14,25.72,19.72,101263.71,15.35,57.67,-2301713.25,3.95
18:9,101208.64,25.70,19.74,101265.00,15.48,58.30,-2302873.25,4.92
18:10,101220.21,25.75,19.83,101263.49,15.82,57.85,-2303057.50,5.54
18:11,101217.96,25.83,19.77,101263.36,15.84,57.70,-2303331.75,5.67
18:12,101213.17,25.85,19.74,101270.55,15.78,58.14,-2304321.50,4.14
18:13,101208.60,25.80,19.64,101270.27,15.49,59.28,-2305310.50,5.81
18:14,101216.72,25.80,19.65,101268.11,15.79,57.74,-2305334.75,4.23
18:15,101220.49,25.82,19.79,101269.57,15.54,59.04,-2306052.00,4.63
18:16,101230.44,25.87,19.74,101271.38,15.89,57.89,-2306275.50,4.47
18:17,101224.55,25.82,19.78,101270.90,15.77,57.55,-2306698.75,4.31
18:18,101227.91,25.94,19.84,101271.80,15.91,58.70,-2307329.75,4.96
18:19,101210.55,25.92,19.63,101273.00,15.39,59.16,-2307559.25,4.72
18:20,101222.10,25.65,19.87,101281.05,14.59,62.39,-2308178.00,5.12
18:21,101226.96,25.68,19.85,101277.99,15.13,60.51,-2309168.50,5.16
18:22,101224.89,25.82,19.76,101273.75,15.34,61.28,-2309288.00,4.59
18:23,101220.85,25.91,19.90,101271.38,15.50,61.38,-2309872.50,5.14
18:24,101203.58,25.98,19.79,101273.12,15.42,60.12,-2309762.00,5.99
18:25,101217.96,25.91,19.83,101274.99,15.40,61.54,-2310436.75,5.04
18:26,101211.86,25.96,19.70,101273.85,15.72,58.76,-2311326.00,4.98
18:27,101219.53,26.02,19.79,101276.28,15.78,59.25,-2311460.75,5.82
18:28,101221.13,26.08,19.65,101277.25,15.90,57.32,-2311936.00,4.02
18:29,101217.83,26.07,19.62,101273.71,15.97,57.69,-2312404.00,5.22
18:30,101219.06,26.03,19.71,101272.97,15.93,58.29,-2312706.25,4.59
18:31,101222.27,26.03,19.60,101271.88,16.10,57.62,-2312840.50,4.97
18:32,101221.60,25.98,19.86,101274.02,16.04,58.20,-2313868.50,4.72
18:33,101208.57,25.99,19.66,101270.69,15.46,59.39,-2314203.50,4.72
18:34,101225.46,26.01,19.72,101269.53,15.57,60.83,-2315162.25,4.84
18:35,101211.24,25.93,19.65,101269.66,15.44,59.16,-2314918.75,5.91
18:36,101221.13,25.68,19.92,101273.86,15.15,61.29,-2315933.75,5.05
18:37,101220.87,25.73,19.72,101268.92,16.00,56.66,-2315704.75,4.62
18:38,101219.82,25.88,19.83,101274.44,16.17,58.70,-2316653.50,5.05
18:39,101220.25,26.04,19.62,101273.14,16.28,56.80,-2317160.00,5.65
18:40,101213.94,26.09,19.57,101272.33,16.25,57.25,-2317396.75,5.10
18:41,101221.27,26.13,19.80,101266.69,16.10,58.76,-2318542.50,4.81
18:42,101212.03,26.21,19.61,101265.71,16.13,57.96,-2318990.50,4.83
18:43,101213.00,26.22,19.56,101268.33,16.12,57.19,-2319132.75,4.56
18:44,101219.22,26.19,19.57,101264.36,15.91,58.76,-2318678.75,5.44
18:45,101216.78,26.04,19.66,101267.54,15.87,58.10,-2320413.25,4.92
18:46,101215.03,26.15,19.64,101270.78,16.02,58.12,-2321076.75,4.69
18:47,101210.63,26.23,19.53,101265.57,16.07,58.74,-2321596.00,5.19
18:48,101228.20,26.18,19.63,101270.05,15.94,58.46,-2321860.00,5.14
18:49,101208.01,26.15,19.60,101266.21,16.44,57.32,-2322971.50,4.15
18:50,101215.21,26.23,19.45,101263.44,17.00,54.77,-2322680.75,3.96
18:51,101207.36,26.28,19.54,101261.82,17.20,54.63,-2322658.50,4.74
18:52,101211.85,26.34,19.38,101267.05,17.23,54.07,-2323083.00,5.12
18:53,101211.46,26.38,19.54,101259.94,17.10,54.90,-2323564.00,4.74
18:54,101211.24,26.41,19.35,101264.57,17.19,53.79,-2322885.00,4.27
18:55,101211.77,26.49,19.45,101261.99,17.28,54.30,-2322594.00,4.39
18:56,101210.92,26.48,19.53,101261.71,17.17,55.21,-2323504.50,5.90
18:57,101214.71,26.55,19.39,101261.11,17.35,54.96,-2324357.25,5.16
18:58,101206.56,26.65,19.33,101261.25,17.44,54.53,-2324731.00,3.98
18:59,101203.40,26.70,19.40,101260.49,17.82,52.94,-2311211.00,4.65
19:0,101206.88,26.74,19.31,101261.08,18.06,52.36,-2330938.50,5.39
19:1,101202.52,26.69,19.29,101260.72,17.65,52.55,-2331650.50,4.49
19:2,101210.32,26.70,19.12,101263.14,17.69,51.94,-2333120.00,4.58
19:3,101206.61,26.62,19.25,101264.46,16.89,55.50,-2333733.25,4.74
19:4,101207.05,26.40,19.30,101263.49,16.20,56.66,-2334600.75,3.93
19:5,101208.03,26.35,19.42,101263.45,15.98,57.91,-2335537.25,4.43
19:6,101208.49,26.39,19.23,101264.04,16.31,56.59,-2336954.75,4.74
19:7,101213.86,26.41,19.33,101260.97,16.34,57.04,-2336818.75,4.46
19:8,101216.57,26.42,19.30,101261.98,16.15,57.68,-2337529.25,4.33
19:9,101214.17,26.39,19.16,101260.82,16.23,55.36,-2338129.75,4.77
19:10,101212.21,26.21,19.21,101261.45,15.63,56.17,-2338302.25,4.81
19:11,101206.14,26.15,19.30,101264.45,16.11,56.69,-2317338.00,4.98
19:12,101208.14,26.20,19.22,101262.03,16.13,55.56,-1404088.37,4.29
19:13,101198.02,26.16,19.36,101262.07,16.43,54.67,-1493389.75,4.81
19:14,101215.96,26.30,19.39,101266.26,16.91,54.62,-1563892.75,4.83
19:15,101204.85,26.37,19.36,101262.92,17.00,54.37,-1575251.25,4.83
19:16,101215.42,26.44,19.30,101263.32,17.06,54.01,-1525867.25,3.98
19:17,101204.82,26.48,19.32,101260.63,17.49,53.12,-1560414.37,4.89
19:18,101202.85,26.42,19.29,101268.22,17.38,53.51,-1714645.75,4.05
19:19,101208.58,26.40,19.29,101265.03,16.84,54.74,-1588619.00,5.05
19:20,101204.80,26.43,19.33,101264.87,17.04,53.76,-1518784.25,4.34
19:21,101207.10,26.50,19.38,101266.47,17.33,53.03,-1525334.75,5.28
19:22,101205.86,26.38,19.26,101261.89,16.37,54.77,-1704835.25,6.03
19:23,101206.93,26.35,19.20,101261.08,16.32,55.37,-1857636.00,4.79
19:24,101209.35,26.33,19.13,101261.53,16.54,54.33,-1548663.25,5.15
19:25,101203.71,26.33,19.20,101258.24,16.33,55.36,-1524403.50,5.06
19:26,101199.51,26.37,19.15,101260.02,16.56,54.68,-1524909.00,6.12
19:27,101197.44,26.34,19.27,101261.07,16.61,54.40,-1539103.37,6.01
19:28,101194.22,26.34,19.29,101255.86,16.37,56.74,-1501275.50,4.74
19:29,101191.30,26.40,19.25,101250.47,16.75,54.40,-1537536.00,5.14
19:30,101198.67,26.53,19.34,101249.85,17.07,55.03,-1540153.25,5.06
19:31,101196.22,26.65,19.03,101250.36,17.47,52.57,-1659985.87,4.75
19:32,101206.14,26.66,19.20,101252.71,17.67,52.66,-2075089.25,5.17
19:33,101197.49,26.66,19.09,101251.09,17.63,52.15,-2327955.25,4.74
19:34,101197.38,26.62,19.12,101248.92,17.39,51.49,-2332101.25,5.06
19:35,101194.21,26.56,18.93,101250.02,17.42,51.39,-2334568.50,4.46
19:36,101199.69,26.52,19.06,101251.01,17.30,51.77,-2335339.25,4.67
19:37,101195.23,26.42,19.17,101248.14,16.69,54.20,-2337770.75,4.62
19:38,101200.30,26.46,19.08,101250.37,17.09,53.22,-2337924.50,5.42
19:39,101194.32,26.51,19.04,101251.92,17.21,51.95,-2336478.75,4.79
19:40,101197.77,26.57,19.07,101250.28,17.22,52.74,-2336167.50,5.48
19:41,101195.58,26.49,18.77,101248.88,16.89,51.67,-2128282.50,5.07
19:42,101190.55,26.30,18.87,101247.90,16.88,52.41,-2266950.50,4.92
19:43,101195.33,26.34,19.01,101247.16,16.98,52.56,-2280360.50,4.51
19:44,101195.00,26.27,18.98,101251.33,17.32,50.79,-2267477.25,5.22
19:45,101195.55,26.31,19.10,101249.02,17.41,51.68,-2274775.50,4.75
19:46,101203.63,26.34,19.09,101247.16,17.41,51.68,-2275083.50,4.77
19:47,101203.52,26.23,19.08,101250.99,16.64,52.14,-2269809.25,5.58
19:48,101192.53,26.01,19.03,101251.02,16.11,53.99,-1162197.25,4.42
19:49,101195.83,25.94,18.98,101256.46,16.56,51.22,-1177344.37,4.92
19:50,101197.64,25.82,19.11,101251.79,16.25,53.13,-1255017.87,5.32
19:51,101211.16,25.56,19.16,101255.04,15.42,54.43,-1353086.25,4.41
19:52,101205.36,25.53,19.27,101255.50,15.62,54.64,-1281472.00,3.83
19:53,101199.13,25.48,19.31,101260.99,15.19,55.39,-1217987.00,5.12
19:54,101199.76,25.45,19.33,101255.30,15.62,53.89,-2340384.75,4.54
19:55,101207.85,25.54,19.37,101251.07,15.83,55.29,-2340825.25,4.29
19:56,101205.11,25.59,19.35,101258.97,15.99,53.53,-2341029.75,5.18
19:57,101208.51,25.62,19.34,101259.38,15.92,53.92,-2341443.50,5.73
19:58,101209.52,25.60,19.40,101261.84,16.00,53.74,-2341520.50,4.86
19:59,101209.35,25.61,19.42,101260.19,15.67,54.59,-2341901.50,4.82
20:0,101207.71,25.65,19.45,101265.03,15.95,55.34,-2342475.50,5.56
20:1,101205.75,25.62,19.47,101262.70,15.76,55.70,-2343265.50,5.60
20:2,101215.27,25.60,19.34,101257.16,15.79,54.92,-2343287.50,5.30
20:3,101213.03,25.64,19.29,101258.14,15.65,54.26,-2343198.50,5.47
20:4,101205.46,25.62,19.30,101259.47,15.72,53.64,-2341293.75,4.27
20:5,101210.32,25.56,19.29,101260.80,15.58,54.69,-1484355.12,5.20
20:6,101200.17,25.56,19.29,101258.47,15.76,53.28,-2027021.75,4.25
20:7,101213.94,25.54,19.29,101260.39,15.76,54.23,-1303083.87,4.05
20:8,101215.39,25.56,19.28,101261.62,15.83,53.70,-1252644.25,4.93
20:9,101203.71,25.55,19.43,101258.72,15.61,55.04,-1260443.00,5.30
20:10,101210.50,25.43,19.45,101259.75,15.34,54.56,-197757.59,4.83
20:11,101206.59,25.50,19.47,101262.03,15.56,56.13,-269087.40,4.68
20:12,101213.49,25.53,19.43,101267.76,15.23,57.25,-196028.09,5.23
20:13,101212.00,25.55,19.25,101263.50,15.51,55.33,-180968.40,5.56
20:14,101214.25,25.53,19.30,101263.08,15.52,54.85,-190946.00,4.69
20:15,101218.53,25.58,19.28,101265.75,15.74,54.72,-249843.40,4.78
20:16,101211.33,25.62,19.47,101265.79,15.60,57.13,-178818.90,4.52
20:17,101218.46,25.70,19.42,101268.82,15.68,56.42,-169999.00,5.97
20:18,101222.39,25.69,19.40,101266.80,15.52,57.80,-178512.00,5.62
20:19,101216.35,25.71,19.36,101268.47,15.39,57.72,-214213.50,5.14
20:20,101216.21,25.73,19.24,101267.74,15.43,56.51,-216803.20,5.79
20:21,101223.46,25.72,19.46,101268.64,15.41,58.37,-213312.79,5.41
20:22,101218.08,25.73,19.48,101267.85,15.38,57.96,-210242.70,3.88
20:23,101221.00,25.71,19.57,101276.33,15.26,57.50,-233316.40,4.77
20:24,101218.79,25.64,19.32,101271.44,15.30,56.61,-211924.50,5.00
20:25,101217.85,25.63,19.35,101268.21,15.43,55.18,-194048.59,4.90
20:26,101215.77,25.58,19.49,101273.64,15.09,57.79,-182856.90,5.61
20:27,101213.65,25.53,19.47,101269.64,15.06,58.49,-170517.79,5.98
20:28,101214.64,25.58,19.40,101268.18,15.38,56.18,-222797.29,5.40
20:29,101213.62,25.62,19.39,101266.08,15.39,56.37,-207777.20,5.97
20:30,101214.04,25.57,19.41,101272.91,15.27,57.71,-214188.20,4.96
20:31,101221.22,25.55,19.46,101275.43,15.29,56.59,-220467.90,5.93
20:32,101218.17,25.50,19.36,101271.19,15.21,56.38,-177777.00,5.52
20:33,101217.71,25.53,19.47,101277.44,15.26,57.67,-151050.00,5.63
20:34,101223.00,25.55,19.58,101274.76,15.10,58.62,-160984.09,5.06
20:35,101223.64,25.59,19.43,101275.74,15.41,56.76,-158226.70,5.40
20:36,101217.72,25.58,19.35,101275.38,15.47,56.04,-166497.50,5.65
20:37,101227.21,25.61,19.51,101278.92,15.28,57.99,-144836.79,3.78
20:38,101227.05,25.68,19.38,101275.74,15.41,57.24,-151656.70,4.67
20:39,101219.85,25.68,19.43,101280.02,15.36,57.82,-142563.59,5.92
20:40,101223.82,25.66,19.43,101280.64,15.16,58.86,-134826.20,5.86
20:41,101231.14,25.64,19.54,101278.73,14.85,59.82,-137505.40,5.58
20:42,101225.89,25.63,19.41,101279.60,14.95,59.06,-164573.59,4.15
20:43,101232.28,25.61,19.47,101282.27,15.09,57.59,-192516.79,4.11
20:44,101226.27,25.60,19.44,101283.24,15.23,57.43,-460887.68,5.03
20:45,101222.14,25.55,19.41,101281.67,15.12,58.49,-822886.31,5.01
20:46,101235.86,25.56,19.57,101283.11,15.09,58.99,-848664.18,5.98
20:47,101231.63,25.55,19.61,101284.07,15.13,58.89,-736440.50,4.61
20:48,101229.39,25.59,19.59,101286.07,15.12,58.51,-793320.18,4.68
20:49,101229.39,25.59,19.52,101283.72,15.08,58.90,-646921.18,5.45
20:50,101237.82,25.64,19.51,101286.82,15.03,60.41,-575645.00,5.40
20:51,101235.63,25.65,19.53,101288.64,15.05,59.65,-561225.18,4.81
20:52,101229.74,25.66,19.44,101287.22,14.90,60.74,-511871.68,4.92
20:53,101238.66,25.63,19.54,101285.85,14.77,61.26,-550281.12,4.78
20:54,101237.32,25.65,19.44,101286.96,14.95,59.56,-573375.18,5.23
20:55,101234.74,25.66,19.56,101285.60,14.73,61.79,-539624.62,4.66
20:56,101226.03,25.68,19.66,101282.97,14.95,60.50,-512711.59,4.67
20:57,101228.74,25.73,19.77,101283.05,14.86,63.68,-543333.68,4.65
20:58,101232.21,25.79,19.77,101281.59,14.95,63.59,-688361.31,4.44
20:59,101233.53,25.84,19.72,101286.41,14.97,63.63,-739628.68,4.56
21:0,101236.07,25.89,19.69,101288.17,14.95,62.63,-801594.50,4.40
21:1,101233.06,25.85,19.94,101284.96,14.72,64.06,-841160.18,5.81
21:2,101233.66,25.86,19.98,101288.93,14.83,64.97,-760483.37,5.62
21:3,101232.05,25.88,20.12,101290.35,14.39,67.20,-746541.12,5.52
21:4,101235.35,25.92,19.92,101284.99,14.73,65.00,-244833.40,5.04
21:5,101230.11,25.95,19.80,101283.64,14.71,65.06,-206033.50,4.27
21:6,101229.89,25.97,19.83,101287.84,14.57,66.14,-231095.00,5.81
21:7,101233.07,26.00,19.89,101282.36,14.79,65.25,-235864.50,3.90
21:8,101233.58,26.03,19.83,101291.19,14.75,65.64,-210622.09,4.24
21:9,101233.28,26.03,19.80,101291.47,14.89,64.06,-231211.09,5.74
21:10,101222.96,26.05,19.88,101286.31,14.81,65.14,-221817.40,4.33
21:11,101233.83,26.07,19.81,101292.80,14.56,66.48,-233050.70,4.67
21:12,101229.44,26.10,19.78,101292.51,14.64,66.71,-217647.20,5.10
21:13,101223.12,26.10,19.82,101290.39,14.60,66.89,-196255.79,5.67
21:14,101231.08,26.11,19.83,101288.89,14.65,65.64,-193592.09,4.77
21:15,101231.80,26.10,19.77,101288.74,14.89,64.95,-200643.00,5.18
21:16,101239.93,26.10,19.87,101288.21,14.70,65.88,-197540.79,5.22
21:17,101228.80,26.13,19.95,101288.74,14.51,66.88,-204830.00,4.56
21:18,101229.60,26.15,19.79,101292.24,14.54,67.34,-193623.40,5.12
21:19,101226.13,26.16,19.87,101291.27,14.63,67.29,-213165.70,4.74
21:20,101229.00,26.15,19.86,101289.58,14.34,68.87,-245424.50,5.23
21:21,101237.47,26.17,19.83,101289.14,14.32,68.57,-211496.90,6.00
21:22,101226.72,26.16,19.82,101287.69,14.35,68.54,-218331.20,5.93
21:23,101233.71,26.20,19.82,101292.52,14.32,69.12,-198626.40,4.81
21:24,101232.52,26.20,19.76,101293.85,14.41,67.37,-198892.29,4.98
21:25,101230.70,26.15,19.99,101294.72,14.26,68.54,-201471.50,6.03
21:26,101237.94,26.20,19.86,101293.22,14.35,68.08,-221876.50,4.61
21:27,101245.72,26.19,19.73,101296.95,14.44,67.15,-224331.90,5.27
21:28,101236.21,26.10,19.84,101294.01,14.45,66.92,-209393.00,5.16
21:29,101238.49,26.08,19.91,101293.61,14.41,66.99,-217138.59,5.06
21:30,101238.24,26.08,19.87,101297.47,14.40,67.77,-215035.20,4.60
21:31,101236.46,26.08,19.94,101295.24,14.18,69.22,-206783.40,5.54
21:32,101234.89,26.13,19.90,101297.47,14.11,69.88,-244844.59,4.84
21:33,101230.10,26.15,19.76,101296.43,14.33,67.42,-283652.00,4.86
21:34,101233.45,26.10,19.86,101299.55,14.28,67.99,-321112.31,5.47
21:35,101243.32,26.07,19.80,101304.71,14.63,65.59,-436822.81,3.92
21:36,101253.94,26.04,19.96,101299.30,14.29,67.62,-244116.59,3.94
21:37,101248.14,26.02,19.98,101302.55,14.22,69.05,-255953.50,5.98
21:38,101240.69,26.02,19.82,101299.75,14.19,68.21,-278781.18,4.97
21:39,101250.00,26.03,19.98,101300.17,14.11,69.27,-275693.09,4.89
21:40,101240.02,26.02,20.00,101302.96,14.25,68.01,-300721.09,5.19
21:41,101244.25,26.03,19.94,101303.50,14.27,68.36,-273027.18,5.16
21:42,101247.46,26.01,19.85,101303.16,14.19,69.07,-260590.29,4.29
21:43,101250.30,25.99,19.93,101301.21,14.23,68.02,-267573.50,5.75
21:44,101251.02,26.02,19.87,101304.57,14.31,66.83,-267339.31,4.23
21:45,101249.15,26.00,20.04,101302.15,14.20,68.66,-276003.81,5.65
21:46,101257.91,25.97,20.02,101306.11,14.07,69.41,-524647.50,5.90
21:47,101250.85,26.00,19.93,101303.10,14.17,68.93,-496664.90,4.78
21:48,101257.53,25.99,19.90,101307.42,14.06,69.11,-485082.09,3.98
21:49,101253.72,25.95,19.91,101305.91,13.91,69.64,-486876.68,5.09
21:50,101256.98,25.96,19.91,101311.32,14.26,68.90,-483097.81,4.60
21:51,101262.39,25.97,20.03,101312.13,14.31,68.86,-463744.90,6.08
21:52,101255.28,25.96,20.13,101311.33,14.10,69.78,-519070.40,5.23
21:53,101254.27,25.96,19.91,101313.58,14.24,68.88,-234797.00,5.84
21:54,101252.49,25.96,19.93,101309.35,14.12,68.79,-234240.79,5.12
21:55,101260.78,25.96,19.99,101310.73,14.01,70.03,-229642.09,5.34
21:56,101257.88,25.95,20.03,101308.13,13.90,70.54,-245575.70,5.29
21:57,101252.54,25.95,19.94,101309.17,14.04,68.90,-273282.09,5.01
21:58,101255.75,25.95,20.05,101308.47,14.13,69.35,-279667.00,5.44
21:59,101258.00,25.97,19.97,101305.57,13.90,70.55,-284858.18,4.98
22:0,101255.63,25.97,20.03,101312.69,13.90,71.09,-332422.00,4.15
22:1,101249.20,25.98,19.95,101309.45,13.98,69.94,-302723.68,5.99
22:2,101256.19,26.03,19.85,101312.99,14.03,69.39,-256101.00,5.80
22:3,101259.82,26.01,19.95,101312.69,13.97,70.76,-287361.00,5.45
22:4,101251.27,26.01,19.83,101317.05,14.30,68.72,-278733.18,4.03
22:5,101256.44,26.02,19.89,101318.08,14.03,70.53,-284400.18,3.82
22:6,101252.29,26.02,19.92,101314.88,14.03,70.14,-231974.40,4.63
22:7,101264.74,26.02,19.85,101315.32,14.01,69.42,-240842.20,4.54
22:8,101266.17,26.01,19.94,101316.25,13.90,70.80,-249951.40,5.08
22:9,101249.36,25.98,19.99,101315.35,13.85,71.43,-249798.90,5.01
22:10,101264.01,25.98,19.99,101318.82,13.81,71.61,-235000.50,5.86
22:11,101261.72,25.97,20.07,101319.50,13.89,71.15,-248047.09,5.39
22:12,101260.96,25.98,19.98,101321.28,13.96,70.39,-233912.40,5.09
22:13,101265.28,25.98,19.98,101319.83,14.19,69.39,-217737.70,5.38
22:14,101260.58,26.00,19.85,101320.91,14.24,68.54,-228271.20,5.00
22:15,101269.85,25.97,19.96,101323.25,14.07,70.26,-221809.29,4.74
22:16,101270.49,25.95,19.92,101322.27,14.03,69.18,-208459.40,5.54
22:17,101258.03,25.94,19.92,101319.22,14.15,68.88,-218309.09,5.71
22:18,101264.39,25.95,20.00,101322.42,14.14,69.89,-214982.79,4.83
22:19,101272.60,25.94,20.02,101321.05,13.98,70.27,-213805.20,5.97
22:20,101268.71,25.95,19.92,101324.11,14.19,68.63,-241784.90,4.81
22:21,101267.60,25.93,20.02,101323.11,13.97,70.52,-238923.00,5.83
22:22,101265.32,25.95,19.98,101324.05,14.20,68.40,-222858.70,4.38
22:23,101273.94,25.93,19.99,101320.42,14.28,68.54,-238438.90,5.27
22:24,101267.94,25.95,19.94,101323.00,14.11,68.50,-249299.50,4.71
22:25,101272.35,25.94,19.94,101324.53,14.36,66.85,-238311.09,5.49
22:26,101268.36,25.93,20.07,101323.64,14.26,68.75,-241926.29,5.41
22:27,101268.24,25.95,19.98,101320.88,14.03,71.00,-267350.81,5.89
22:28,101274.55,25.95,20.09,101325.05,13.81,71.98,-244101.50,5.11
22:29,101265.03,20.45,33.95,101325.77,13.94,70.09,-229902.00,0.74
22:30,101284.31,14.12,69.44,101323.93,13.75,72.51,-240330.40,0.43
22:31,101285.23,14.66,66.32,101325.11,13.40,75.13,-222393.59,0.43
22:32,101275.10,20.49,37.46,101321.67,13.40,75.27,-2418083.25,4.75
22:33,101267.83,24.83,22.67,101322.04,13.72,71.98,-2417992.50,4.45
22:34,101267.67,25.57,21.18,101323.13,13.72,72.44,-2417633.25,5.04
22:35,101275.01,25.68,20.85,101325.00,13.64,72.07,-2418090.00,5.99
22:36,101270.84,25.73,20.54,101324.82,13.77,70.77,-2417999.00,3.93
22:37,101274.55,25.72,20.49,101326.47,13.91,69.74,-2418825.50,5.46
22:38,101269.57,25.71,20.51,101326.24,13.91,70.81,-2419067.25,3.87
22:39,101267.53,25.71,20.60,101326.36,13.78,71.18,-2419804.50,5.52
22:40,101274.63,25.65,20.37,101328.03,13.92,69.10,-2420025.50,4.20
22:41,101270.89,25.62,20.34,101326.28,13.93,69.07,-2401738.50,3.98
22:42,101260.91,25.58,20.25,101321.62,13.86,69.17,-2388118.50,4.79
22:43,101257.64,25.59,20.27,101318.89,13.82,68.92,-2388181.00,5.14
22:44,101265.42,25.58,20.44,101321.29,13.66,70.73,-2389437.00,6.03
22:45,101267.79,25.54,20.38,101320.96,13.48,71.23,-2389680.25,4.34
22:46,101267.18,25.51,20.15,101318.99,13.59,69.89,-2391592.25,5.19
22:47,101281.65,25.52,20.19,101323.57,13.55,70.58,-2392661.25,4.72
22:48,101262.96,25.52,20.26,101320.72,13.69,69.78,-2395422.50,4.81
22:49,101262.32,25.49,20.25,101322.53,13.88,69.46,-2397054.00,4.02
22:50,101268.66,25.49,20.30,101325.52,13.71,69.66,-2398027.50,4.85
22:51,101260.38,25.50,20.33,101320.76,13.72,70.15,-2399350.50,3.84
22:52,101265.58,25.53,20.20,101322.33,13.63,70.33,-2400276.00,4.13
22:53,101259.64,25.45,20.46,101318.56,13.46,71.34,-2401464.00,4.00
22:54,101259.27,25.48,20.17,101320.57,13.58,70.25,-2404251.25,4.91
22:55,101250.08,25.45,20.30,101317.83,13.68,70.67,-2401150.25,5.06
22:56,101253.22,25.46,20.44,101313.14,13.53,71.84,-2359143.50,5.93
22:57,101259.55,25.45,20.50,101316.31,13.36,71.97,-2365167.75,5.14
22:58,101259.05,25.46,20.24,101316.17,13.64,70.90,-2366592.75,4.29
22:59,101254.50,25.40,20.55,101318.10,13.53,71.44,-2370245.50,4.63
23:0,101263.76,25.38,20.62,101323.30,13.57,70.98,-2372012.75,3.91
23:1,101261.50,25.34,20.42,101323.99,13.63,69.98,-2391394.00,4.98
23:2,101268.72,25.30,20.66,101321.74,13.36,71.37,-2393254.75,5.96
23:3,101267.63,25.31,20.66,101323.15,13.36,71.89,-2394408.00,3.97
23:4,101267.03,25.30,20.29,101322.89,13.54,68.96,-2394892.50,4.65
23:5,101269.94,25.26,20.50,101322.03,13.35,71.00,-2395174.75,5.51
23:6,101259.94,25.21,20.45,101321.71,13.42,69.29,-2394796.25,4.65
23:7,101265.45,25.15,20.55,101314.36,13.41,70.11,-2394707.25,5.55
23:8,101260.24,25.13,20.44,101317.34,13.19,71.09,-2391903.50,3.93
23:9,101265.11,25.06,20.46,101317.34,13.01,69.94,-2390436.25,4.88
23:10,101254.36,25.01,20.34,101314.40,13.28,69.28,-2389842.50,5.20
23:11,101255.73,24.96,20.45,101311.49,13.23,69.19,-2388002.25,5.10
23:12,101253.49,24.94,20.39,101309.88,13.25,67.60,-2388076.75,5.86
23:13,101251.27,24.92,20.32,101305.51,13.42,68.37,-2360218.75,5.36
23:14,101253.98,24.92,20.31,101304.97,13.18,68.18,-2357368.00,4.91
23:15,101246.99,24.89,20.26,101299.92,13.63,65.37,-2352286.00,4.86
23:16,101239.77,24.81,20.50,101299.10,13.25,68.11,-2346222.00,5.89
23:17,101237.82,24.80,20.27,101296.60,13.38,66.46,-488231.90,4.83
23:18,101247.24,24.79,20.21,101299.32,13.08,68.10,-492973.18,5.35
23:19,101238.58,24.82,20.26,101297.03,12.99,69.49,-528166.50,5.94
23:20,101235.07,24.78,20.31,101296.38,12.88,69.67,-470963.59,4.71
23:21,101241.81,24.83,20.33,101295.97,12.87,70.49,-476721.31,4.87
23:22,101242.21,24.80,20.35,101301.46,13.04,69.54,-441306.68,4.47
23:23,101248.67,24.79,20.44,101303.32,12.97,70.88,-448784.40,5.82
23:24,101241.42,24.75,20.55,101303.46,12.65,72.87,-479336.50,4.82
23:25,101247.08,24.84,20.35,101307.50,12.93,70.17,-2387850.25,5.05
23:26,101263.80,24.87,20.42,101308.63,12.82,71.72,-706229.68,4.79
23:27,101244.31,24.85,20.33,101312.28,13.08,68.68,-2430614.75,5.86
23:28,101248.91,24.83,20.45,101311.78,12.87,71.55,-2210473.25,5.55
23:29,101249.47,24.80,20.27,101308.16,12.89,70.38,-2250066.50,5.36
23:30,101250.75,24.82,20.48,101317.30,12.66,73.04,-2264373.00,4.56
23:31,101238.77,24.83,20.39,101312.92,12.59,73.25,-2269688.50,5.78
23:32,101247.69,24.85,20.34,101310.02,12.82,72.10,-2268249.50,4.53
23:33,101244.50,24.82,20.34,101308.48,12.78,71.42,-2270056.75,3.82
23:34,101249.49,24.82,20.30,101308.85,13.02,70.02,-2272242.50,4.68
23:35,101248.75,24.87,20.25,101303.98,13.03,70.15,-2270868.75,4.34
23:36,101254.74,24.92,20.12,101302.55,13.08,69.23,-2274767.25,5.45
23:37,101249.92,24.93,20.12,101305.17,13.17,69.19,-2273668.50,4.65
23:38,101261.21,24.85,20.20,101299.25,13.33,67.22,-2399056.00,5.95
23:39,101252.55,24.87,20.26,101303.99,13.40,68.62,-2441565.00,4.87
23:40,101246.38,24.77,20.58,101305.66,12.71,71.36,-2454104.75,4.40
23:41,101241.75,24.79,20.27,101306.42,12.76,69.94,-2446686.50,5.79
23:42,101246.69,24.81,20.33,101304.14,13.02,69.93,-2435633.25,3.85
23:43,101248.35,24.75,20.38,101304.53,12.84,69.66,-2436126.75,5.14
23:44,101249.35,24.78,20.24,101301.35,12.87,69.79,-2437286.50,5.90
23:45,101248.73,24.82,20.24,101306.09,13.00,69.19,-2438505.25,3.90
23:46,101259.67,24.84,20.32,101303.85,13.14,68.41,-2439554.00,4.70
23:47,101250.03,24.89,20.32,101308.22,13.13,69.14,-2439877.25,4.69
23:48,101247.66,24.89,20.33,101303.85,12.98,70.54,-2440647.25,5.52
23:49,101246.39,24.89,20.37,101308.11,12.64,72.96,-2441202.00,5.07
23:50,101247.71,24.87,20.33,101309.89,12.58,72.78,-2441471.50,4.67
23:51,101241.80,24.82,20.44,101305.60,12.29,72.99,-2442488.50,4.72
23:52,101250.58,24.81,20.27,101304.85,12.55,71.69,-2442458.75,5.19
23:53,101253.71,24.81,20.34,101302.52,12.70,71.68,-2437916.75,4.68
23:54,101239.97,24.88,20.23,101301.41,12.77,70.85,-1211133.75,5.06
23:55,101243.91,24.91,20.27,101300.39,12.82,70.96,-906953.31,4.67
23:56,101252.51,24.95,20.23,101298.19,12.82,71.29,-869044.62,3.85
23:57,101238.14,24.95,20.39,101298.92,12.73,71.67,-1034710.12,3.94
23:58,101238.92,24.98,20.18,101299.72,12.52,71.69,-1069660.25,5.67
23:59,101248.39,24.98,20.32,101296.88,12.54,72.98,-1085057.37,5.75
0:0,101245.40,25.01,20.38,101295.75,12.45,72.80,-846299.12,4.30
0:1,101242.63,25.06,20.19,101297.72,12.38,73.70,-915128.68,4.74
0:2,101236.80,25.06,20.11,101293.77,12.40,72.80,-954451.62,4.10
0:3,101240.36,25.08,20.24,101294.94,12.45,72.36,-1030439.50,4.86
0:4,101228.96,25.07,20.33,101298.66,12.38,73.13,-962276.37,4.72
0:5,101239.53,25.09,20.18,101294.00,12.24,74.38,-913367.18,4.52
0:6,101238.16,25.17,20.27,101299.60,12.43,73.63,-894029.12,4.77
0:7,101237.67,25.23,20.18,101295.12,12.72,71.65,-904220.37,5.01
0:8,101237.41,25.22,19.95,101297.11,12.72,70.61,-946540.18,4.69
0:9,101248.38,25.16,20.49,101297.91,12.37,74.18,-1006941.31,5.79
0:10,101243.03,25.25,20.26,101295.80,12.43,71.91,-545680.68,6.13
0:11,101234.39,25.29,20.06,101294.30,12.39,72.13,-975846.00,5.55
0:12,101242.71,25.26,20.14,101296.87,12.47,71.87,-607442.81,5.32
0:13,101244.21,25.31,20.23,101295.07,12.55,71.64,-1038517.31,5.22
0:14,101233.89,25.31,20.34,101295.63,12.42,72.23,-861592.87,4.70
0:15,101239.91,25.36,20.28,101303.05,12.30,73.41,-1005404.62,5.51
0:16,101236.50,25.42,20.49,101300.25,12.49,72.88,-926245.31,5.13
0:17,101246.93,25.50,20.49,101298.75,12.36,73.57,-865693.18,5.94
0:18,101240.31,25.59,20.60,101298.11,12.07,74.57,-784624.37,5.05
0:19,101241.08,25.67,20.81,101303.16,12.08,75.09,-1030113.31,5.64
0:20,101245.24,25.78,20.89,101300.05,12.05,74.89,-1004445.37,5.67
0:21,101243.57,25.87,21.41,101300.82,11.97,75.82,-1401873.75,6.30
0:22,101238.78,25.98,21.55,101304.53,12.03,75.73,-2327515.25,5.50
0:23,101250.68,26.09,22.08,101304.83,12.40,74.39,-2363501.75,4.34
0:24,101249.88,26.11,22.33,101303.22,12.35,74.19,-2365120.50,5.14
0:25,101252.63,26.01,22.63,101304.78,12.32,74.33,-2361194.50,5.88
0:26,101255.44,25.78,23.35,101305.24,12.50,74.02,-2360354.50,5.23
0:27,101249.11,25.62,23.79,101307.67,12.48,73.75,-2359013.75,5.20
0:28,101249.49,25.44,24.20,101308.11,12.38,74.18,-2358215.75,5.45
0:29,101260.74,25.21,25.12,101302.58,12.03,75.71,-2356128.50,5.37
0:30,101252.07,24.99,25.35,101306.67,11.85,75.85,-2357377.50,4.58
0:31,101250.47,24.90,25.61,101305.07,12.20,74.14,-2353521.50,4.74
0:32,101250.67,24.82,26.11,101307.86,12.07,75.29,-2354342.75,5.34
0:33,101272.33,13.01,50.36,101306.06,12.18,74.06,-2363080.00,0.72
0:34,101281.39,6.80,64.95,101307.82,11.81,72.28,-2321242.75,0.74
0:35,101270.39,5.34,71.40,101307.53,11.47,71.50,-2366412.25,0.74
0:36,101283.42,5.89,77.06,101305.23,11.31,72.60,-2374544.75,1.42
0:37,101273.74,7.77,80.71,101308.12,11.25,74.28,-2390787.25,1.44
0:38,101264.03,9.01,82.04,101305.67,11.41,75.17,-2403365.25,0.73
0:39,101263.02,9.93,83.98,101307.23,11.65,75.80,-2403283.50,0.72
0:40,101271.08,10.50,84.96,101302.71,11.79,76.74,-2406161.00,0.75
0:41,101265.03,10.77,85.42,101300.81,11.84,77.22,-2408333.25,0.72
0:42,101263.22,10.94,85.66,101301.49,11.92,77.44,-2411141.50,0.90
0:43,101266.70,11.04,85.99,101300.92,11.88,78.01,-2412651.50,0.74
0:44,101259.55,11.16,86.31,101301.50,11.93,78.35,-2414355.25,0.75
0:45,101261.00,11.21,86.49,101304.66,11.97,78.29,-2416367.00,0.75
0:46,101267.38,11.22,86.59,101304.83,11.94,78.50,-2416960.50,0.74
0:47,101268.49,11.31,86.71,101304.57,11.94,78.84,-2417554.00,0.72
0:48,101267.07,11.27,86.58,101306.74,11.90,78.87,-2418919.25,0.74
0:49,101274.98,11.29,86.75,101305.89,11.88,78.71,-2440345.50,7.42
0:50,101271.53,11.54,84.99,101302.26,11.88,79.00,-2458431.50,0.73
0:51,101265.85,11.85,83.05,101301.39,11.73,77.54,-2494689.25,1.08
0:52,101268.28,11.77,79.76,101299.07,11.62,78.61,-2494674.50,1.09
0:53,101270.46,11.72,83.35,101306.02,11.65,79.87,-2490529.25,1.39
0:54,101263.95,11.95,80.28,101297.71,11.47,78.83,-2490401.00,1.08
0:55,101262.23,11.94,78.92,101297.82,11.45,79.53,-2496475.50,1.06
0:56,101272.78,11.87,82.71,101296.80,11.67,80.32,-2502038.50,1.42
0:57,101264.57,12.13,80.44,101301.00,11.54,79.38,-2501746.00,0.42
0:58,101265.16,12.07,77.83,101299.64,11.49,79.23,-2502051.25,1.09
0:59,101266.07,11.86,81.65,101301.18,11.65,79.11,-2501878.00,0.76
1:0,101263.67,12.20,80.68,101297.35,11.51,79.43,-2502053.50,0.43
1:1,101263.42,12.10,77.37,101306.33,11.43,79.24,-2502432.75,1.10
1:2,101272.10,11.83,81.77,101302.01,11.57,79.48,-2502852.75,0.74
1:3,101266.41,12.08,80.32,101304.10,11.54,78.54,-2503078.50,1.10
1:4,101271.11,12.08,77.41,101305.14,11.51,78.85,-2502722.00,0.42
1:5,101268.88,11.86,81.46,101306.94,11.70,78.91,-2507495.25,1.44
1:6,101271.96,12.17,81.09,101307.25,11.56,78.40,-2507679.50,1.10
1:7,101267.64,12.14,78.36,101306.84,11.43,79.31,-2507477.25,1.10
1:8,101271.92,11.87,80.78,101305.96,11.62,79.42,-2507458.75,1.45
1:9,101273.49,12.10,80.45,101307.21,11.63,79.23,-2507678.00,1.11
1:10,101273.53,11.99,78.04,101308.71,11.54,79.40,-2507427.50,0.73
1:11,101273.53,11.80,81.51,101310.71,11.60,79.47,-2506761.25,0.77
1:12,101270.10,12.06,81.38,101302.31,11.53,79.10,-2507149.50,1.10
1:13,101275.42,11.98,78.13,101309.60,11.37,79.53,-2507386.25,1.10
1:14,101279.08,11.73,81.42,101304.08,11.56,79.91,-2508582.50,0.76
1:15,101269.83,11.99,81.82,101305.40,11.50,79.78,-2508585.00,1.10
1:16,101273.86,11.99,79.14,101304.75,11.39,79.97,-2508196.50,0.42
1:17,101277.94,11.68,82.56,101305.41,11.47,80.41,-2509316.75,1.42
1:18,101270.14,11.94,82.34,101301.96,11.51,80.08,-2509610.50,0.44
1:19,101271.33,11.97,79.96,101306.41,11.37,79.94,-2509166.75,0.43
1:20,101275.28,11.60,82.95,101301.60,11.49,80.39,-2509647.50,0.77
1:21,101279.38,11.87,82.79,101305.52,11.48,80.30,-2509595.50,0.43
1:22,101275.79,11.88,81.03,101302.00,11.36,81.06,-2509118.00,0.43
1:23,101262.75,11.87,79.21,101302.03,11.52,80.31,-2509463.50,1.45
1:24,101276.39,11.87,82.33,101304.63,11.57,80.21,-2514455.50,0.99
1:25,101277.35,11.89,80.51,101305.16,11.46,80.80,-2514338.50,0.42
1:26,101263.32,11.68,83.07,101305.83,11.43,80.85,-2514256.75,0.76
1:27,101279.61,11.74,83.03,101310.32,11.44,80.47,-2514610.00,0.43
1:28,101276.06,11.68,80.82,101309.47,11.40,80.72,-2514794.50,1.10
1:29,101259.27,17.86,36.90,101308.39,11.47,79.34,-2514826.00,4.76
1:30,101264.48,13.00,68.20,101306.30,11.74,76.57,-2515336.75,0.77
1:31,101271.71,12.29,78.26,101309.94,11.71,78.38,-2521444.00,1.10
1:32,101276.15,12.33,75.65,101306.04,11.50,79.53,-2521191.00,0.44
1:33,101263.07,12.33,76.50,101305.57,11.43,79.74,-2521854.75,1.45
1:34,101273.47,11.97,81.32,101304.42,11.53,78.90,-2521590.00,0.45
1:35,101273.01,11.97,78.29,101302.21,11.37,79.08,-2522249.25,1.10
1:36,101260.58,12.08,78.60,101306.86,11.35,79.50,-2522392.00,1.42
1:37,101276.40,11.75,81.92,101308.36,11.37,79.14,-2522956.75,1.09
1:38,101274.30,11.80,79.12,101304.10,11.28,79.46,-2523134.50,0.43
1:39,101268.57,14.30,61.14,101310.25,11.29,78.57,-2523357.50,0.76
1:40,101273.48,11.67,80.50,101304.22,11.50,78.19,-2523246.75,1.10
1:41,101274.66,11.81,78.50,101302.35,11.31,78.89,-2523410.75,1.10
1:42,101265.32,12.78,74.27,101303.18,11.24,79.25,-2523650.00,1.45
1:43,101276.03,11.51,82.53,101301.24,11.37,79.45,-2522572.00,1.10
1:44,101272.37,11.72,80.55,101303.27,11.22,78.74,-2522294.00,0.44
1:45,101263.36,13.00,72.61,101301.07,11.16,79.70,-2522763.25,1.44
1:46,101270.82,11.43,82.70,101300.77,11.34,79.51,-2522633.00,0.44
1:47,101273.52,11.66,81.16,101303.50,11.23,79.15,-2522656.75,1.10
1:48,101256.11,14.50,59.74,101300.53,11.10,79.70,-2522826.00,5.38
1:49,101262.56,16.23,48.38,101299.35,11.56,74.43,-2523256.50,0.76
1:50,101269.28,11.94,77.99,101303.00,11.69,76.40,-2522438.75,0.43
1:51,101268.92,12.16,75.54,101302.15,11.44,76.98,-2522625.50,1.11
1:52,101268.67,13.55,69.35,101303.07,11.29,78.31,-2522706.75,0.77
1:53,101273.35,11.54,81.71,101304.90,11.37,78.76,-2522824.75,1.10
1:54,101275.78,11.70,78.77,101305.08,11.20,78.60,-2522399.25,0.43
1:55,101268.44,12.55,76.61,101309.08,11.06,78.84,-2522734.25,1.44
1:56,101274.28,11.34,82.72,101305.77,11.12,79.78,-2522616.50,0.43
1:57,101276.53,11.63,80.93,101304.27,11.19,79.42,-2522822.50,1.11
1:58,101264.82,13.19,71.93,101309.72,11.09,79.58,-2522514.00,0.77
1:59,101272.42,11.35,82.51,101301.21,11.32,79.50,-2522821.50,0.44
2:0,101273.72,11.62,80.34,101303.02,11.28,79.09,-2522489.25,0.45
2:1,101265.78,12.55,80.61,101307.83,11.11,79.56,-2522817.50,4.30
2:2,101254.14,19.03,31.63,101305.82,11.48,75.92,-2523240.50,5.53
2:3,101273.00,11.73,77.52,101301.94,11.64,76.59,-2522491.75,1.46
2:4,101273.28,12.12,76.68,101308.32,11.46,78.54,-2522744.75,0.75
2:5,101272.67,11.99,75.01,101312.36,11.20,78.98,-2522454.75,0.43
2:6,101277.01,11.58,79.65,101306.47,11.27,79.13,-2522476.50,1.26
2:7,101288.23,11.71,79.19,101315.49,11.32,79.47,-2522325.00,0.88
2:8,101293.01,11.65,78.13,101318.78,11.03,80.18,-2522809.25,1.64
2:9,101272.61,19.38,31.84,101321.21,10.80,79.89,-2523311.00,5.61
2:10,101274.45,18.74,34.90,101316.74,10.75,80.46,-2523109.00,1.35
2:11,101290.38,11.42,77.11,101321.19,11.16,78.85,-2522759.25,0.43
2:12,101289.15,11.73,76.14,101319.23,10.93,80.40,-2522952.25,1.10
2:13,101285.45,15.17,59.80,101317.36,10.94,80.91,-2523089.75,2.74
2:14,101284.54,11.49,80.31,101314.85,11.28,79.54,-2523308.75,1.11
2:15,101288.55,11.65,78.01,101323.68,11.26,79.79,-2523273.50,1.10
2:16,101287.87,11.69,78.26,101324.71,11.16,80.17,-2522880.50,4.59
2:17,101268.88,20.58,28.70,101315.74,11.27,78.04,-2522791.50,4.39
2:18,101285.30,11.50,77.65,101312.00,11.52,77.58,-2524919.50,2.35
2:19,101278.11,11.97,76.79,101305.71,11.28,79.29,-2525061.75,1.12
2:20,101272.61,12.33,78.27,101308.84,11.11,80.15,-2525172.50,2.67
2:21,101278.00,11.42,83.12,101306.67,11.09,81.33,-2523551.50,0.43
2:22,101279.33,11.82,81.50,101311.53,10.98,81.38,-2524420.00,1.10
2:23,101275.53,12.05,82.23,101309.67,10.94,81.59,-2524945.75,4.38
2:24,101252.21,20.64,28.80,101308.95,11.27,78.46,-2525217.00,4.38
2:25,101274.69,11.92,70.81,101305.74,11.43,77.71,-2525162.25,0.75
2:26,101282.47,11.89,77.61,101309.99,11.33,78.89,-2525166.75,1.12
2:27,101282.42,11.95,75.69,101313.86,11.13,80.19,-2524977.25,1.10
2:28,101286.08,11.56,81.64,101309.52,11.09,80.86,-2525170.50,1.46
2:29,101279.32,11.73,82.24,101306.72,11.22,80.40,-2525764.25,1.10
2:30,101279.77,11.78,79.60,101308.35,11.07,81.19,-2525995.50,1.10
2:31,101273.03,11.82,80.43,101307.78,11.12,81.61,-2525723.50,1.45
2:32,101275.24,11.76,82.28,101307.08,10.99,81.07,-2525636.50,1.11
2:33,101274.30,11.68,79.53,101309.85,10.92,81.80,-2525790.00,1.10
2:34,101254.85,19.68,32.89,101308.89,11.10,80.16,-2526245.50,3.93
2:35,101263.51,17.72,39.25,101303.31,11.39,77.09,-2526168.25,0.77
2:36,101274.62,11.62,77.26,101301.84,11.47,77.67,-2525980.75,1.11
2:37,101269.93,11.97,75.76,101300.00,11.28,79.29,-2526122.00,1.10
2:38,101268.50,12.69,74.17,101303.05,11.13,80.54,-2525948.00,0.75
2:39,101271.33,11.55,82.22,101304.57,11.13,81.36,-2526010.75,1.14
2:40,101274.41,11.75,80.24,101305.58,11.06,81.44,-2526247.00,1.10
2:41,101253.47,16.01,56.78,101303.38,10.95,82.06,-2526063.50,4.60
2:42,101263.23,11.74,77.82,101302.07,11.18,80.77,-2526378.25,1.45
2:43,101266.85,11.92,78.58,101301.89,11.11,81.58,-2526212.75,0.44
2:44,101272.28,11.78,77.52,101301.03,10.96,81.71,-2526270.75,1.10
2:45,101260.24,15.88,51.55,101298.50,11.11,79.79,-2526584.50,1.45
2:46,101267.89,11.74,78.64,101295.83,11.22,80.46,-2526679.25,0.43
2:47,101265.74,11.87,76.89,101300.21,11.02,80.91,-2526618.50,1.11
2:48,101264.19,13.61,68.15,101297.31,10.96,81.64,-2526826.00,1.48
2:49,101264.21,11.58,81.48,101298.22,11.02,81.28,-2526462.75,0.43
2:50,101261.60,11.84,79.30,101299.19,10.94,81.32,-2526582.00,1.12
2:51,101257.91,12.25,78.84,101296.55,10.89,81.90,-2526814.00,1.47
2:52,101263.17,11.45,83.08,101295.63,10.96,81.74,-2526568.75,0.44
2:53,101259.52,11.37,79.98,101295.55,10.89,81.70,-2526839.75,0.43
2:54,101245.53,15.57,55.82,101294.82,10.79,82.16,-2526941.25,4.14
2:55,101236.67,17.93,38.68,101289.96,11.10,79.11,-2527771.50,0.77
2:56,101255.58,11.51,77.77,101287.73,11.33,78.34,-2526642.75,1.10
2:57,101254.72,11.83,76.84,101282.15,11.11,80.08,-2526846.50,1.10
2:58,101255.86,15.20,60.62,101286.99,11.00,81.44,-2526694.25,1.18
2:59,101252.44,11.52,80.58,101281.89,11.19,81.34,-2527268.50,1.11
3:0,101251.69,11.80,79.26,101279.32,11.04,82.15,-2527071.00,0.46
3:1,101246.92,12.33,82.74,101285.00,10.88,81.91,-2526949.50,4.00
3:2,101239.27,17.91,40.13,101276.71,11.20,78.81,-2527678.25,1.45
3:3,101249.40,11.61,78.27,101278.17,11.38,79.02,-2526915.25,1.11
3:4,101244.04,11.96,76.86,101276.20,11.16,80.17,-2526778.25,1.10
3:5,101233.69,15.84,56.07,101278.38,11.04,81.26,-2526831.50,4.52
3:6,101243.53,11.53,79.73,101276.35,11.24,80.45,-2527039.00,1.45
3:7,101243.72,11.94,79.25,101277.64,11.16,80.99,-2527203.25,1.11
3:8,101240.03,11.90,77.61,101275.50,11.03,81.52,-2527192.75,1.10
3:9,101228.27,20.40,29.46,101273.16,11.15,79.96,-2527696.50,4.54
3:10,101239.14,11.62,74.89,101268.18,11.36,78.62,-2527072.25,1.47
3:11,101234.87,11.96,77.59,101272.00,11.20,80.72,-2526818.00,1.15
3:12,101237.35,11.96,76.58,101273.41,11.01,81.87,-2527028.50,1.12
3:13,101246.91,11.53,81.47,101266.55,11.06,82.28,-2527466.00,1.47
3:14,101235.37,11.80,81.51,101269.38,11.01,81.98,-2527047.00,1.10
3:15,101242.60,11.68,79.18,101272.10,10.84,82.44,-2527001.25,1.14
3:16,101228.41,20.28,30.83,101268.16,11.09,80.37,-2527345.50,4.68
3:17,101229.63,12.96,62.61,101265.61,11.32,78.28,-2527427.25,0.77
3:18,101231.51,11.85,77.66,101264.38,11.29,79.93,-2526781.50,1.12
3:19,101234.87,11.96,76.12,101263.39,11.04,81.11,-2526815.50,1.10
3:20,101246.58,11.63,80.73,101266.42,11.04,81.94,-2526694.75,0.76
3:21,101241.95,11.63,82.44,101268.67,11.02,82.15,-2527374.00,1.11
3:22,101238.00,11.65,80.03,101271.32,10.89,82.44,-2527351.50,1.11
3:23,101214.98,19.59,34.37,101263.18,10.93,81.24,-2527290.25,4.96
3:24,101234.58,11.48,78.57,101261.72,11.22,80.13,-2527019.50,1.25
3:25,101227.03,11.88,77.93,101261.12,11.07,81.28,-2526919.50,1.14
3:26,101226.14,11.92,76.93,101260.92,10.93,81.70,-2527140.50,9.19
3:27,101230.02,11.49,79.97,101262.22,11.07,81.21,-2527283.50,0.77
3:28,101223.86,11.78,79.97,101257.67,11.02,81.64,-2527183.50,1.10
3:29,101228.21,11.67,78.33,101262.67,10.81,82.45,-2526834.50,1.13
3:30,101222.17,12.45,71.36,101255.97,11.06,80.84,-2527422.50,0.83
3:31,101225.27,11.80,79.96,101256.58,11.09,81.09,-2527183.25,0.45
3:32,101220.64,11.72,78.01,101257.00,10.90,82.03,-2527570.00,1.10
3:33,101210.05,19.20,34.38,101256.23,10.99,80.67,-2527488.50,4.66
3:34,101219.80,14.04,56.55,101250.96,11.52,75.84,-2528081.25,0.78
3:35,101222.03,11.71,77.86,101257.18,11.35,79.04,-2527095.00,1.13
3:36,101224.41,11.87,76.56,101255.68,11.10,80.42,-2527098.50,0.43
3:37,101230.30,11.74,79.77,101260.46,10.98,82.17,-2526878.50,0.77
3:38,101233.94,11.53,82.69,101263.08,10.94,82.69,-2526722.75,0.43
3:39,101237.04,11.56,80.62,101267.19,10.78,83.08,-2526805.50,0.43
3:40,101228.13,18.48,39.55,101263.38,10.77,83.22,-2527100.50,4.74
3:41,101214.68,21.05,27.95,101263.86,11.25,78.54,-2527333.25,3.80
3:42,101222.07,11.80,68.17,101263.08,11.31,78.19,-2527036.75,0.78
3:43,101234.61,11.79,77.00,101263.38,11.17,80.37,-2527253.25,1.13
3:44,101235.10,11.90,76.32,101262.55,11.03,81.39,-2527250.00,1.16
3:45,101242.08,15.56,53.56,101264.35,11.05,80.70,-2527216.50,0.76
3:46,101232.28,11.74,78.73,101263.28,11.11,81.12,-2527461.50,0.46
3:47,101234.84,12.02,76.95,101266.05,10.92,81.97,-2527107.50,0.43
3:48,101218.92,17.69,43.57,101264.71,10.70,82.84,-2527487.50,5.01
3:49,101223.09,15.18,51.19,101262.71,11.23,77.49,-2528066.75,0.77
3:50,101227.85,11.64,77.48,101261.42,11.13,79.60,-2527212.00,1.13
3:51,101231.00,11.86,75.99,101264.53,10.89,81.19,-2527173.50,1.10
3:52,101212.50,18.30,40.34,101264.10,10.87,81.31,-2527473.75,5.43
3:53,101221.08,12.95,64.33,101260.60,11.18,79.10,-2527463.50,1.33
3:54,101228.41,11.89,77.87,101259.47,11.10,81.08,-2527724.00,1.10
3:55,101225.85,11.99,76.45,101266.52,10.87,82.22,-2527411.50,0.43
3:56,101217.67,19.92,33.28,101260.36,10.91,81.36,-2527602.00,4.58
3:57,101205.05,21.54,26.54,101257.56,11.25,78.17,-2527664.75,4.29
3:58,101213.02,11.57,70.50,101256.61,11.38,77.29,-2528086.75,1.46
3:59,101222.42,11.82,75.75,101254.07,11.09,80.12,-2527622.75,1.31
4:0,101222.05,11.92,75.18,101254.94,10.84,81.84,-2527702.00,0.43
4:1,101214.67,12.20,73.81,101250.76,10.93,81.63,-2528262.50,1.45
4:2,101218.60,11.92,79.25,101252.17,10.85,82.09,-2528057.25,0.43
4:3,101217.46,11.87,76.64,101254.59,10.71,82.58,-2528151.25,0.42
4:4,101202.35,20.40,31.43,101252.08,10.83,81.60,-2528762.25,5.14
4:5,101202.67,17.84,38.21,101248.39,11.36,76.72,-2529543.50,1.45
4:6,101216.39,11.48,76.21,101246.07,11.18,78.79,-2527957.00,0.43
4:7,101212.42,11.88,75.28,101248.95,10.88,81.02,-2528386.75,0.43
4:8,101202.69,16.78,49.67,101248.27,10.76,81.91,-2528288.75,4.49
4:9,101215.49,13.04,63.17,101243.71,11.24,77.66,-2529028.00,0.96
4:10,101206.87,11.87,77.06,101238.74,11.08,79.71,-2528724.50,1.10
4:11,101209.49,11.95,75.27,101241.25,10.83,81.24,-2529321.75,1.10
4:12,101201.28,19.89,32.95,101247.55,10.75,81.30,-2529102.75,4.86
4:13,101192.84,17.81,38.44,101244.63,11.06,78.43,-2529175.25,0.75
4:14,101213.03,11.53,76.53,101246.61,11.03,80.15,-2528912.50,1.11
4:15,101209.91,11.96,75.37,101246.33,10.79,81.84,-2528969.50,0.45
4:16,101194.08,16.67,50.88,101247.76,10.59,82.95,-2529338.50,4.52
4:17,101191.14,21.31,26.92,101246.63,10.84,80.56,-2530432.25,3.79
4:18,101201.41,14.73,49.04,101244.88,11.08,77.97,-2530256.00,1.45
4:19,101211.05,11.60,75.56,101246.89,11.13,78.96,-2528857.25,0.43
4:20,101211.51,11.93,74.98,101245.11,10.83,81.75,-2529378.50,0.44
4:21,101209.75,13.02,69.03,101250.82,10.73,82.29,-2529949.00,1.46
4:22,101207.30,11.63,80.16,101240.30,10.91,81.99,-2530359.25,1.12
4:23,101207.47,11.72,78.26,101248.10,10.70,82.75,-2530678.50,0.43
4:24,101197.63,18.17,41.23,101241.78,10.56,83.43,-2530606.00,4.95
4:25,101187.96,21.44,26.56,101239.74,10.92,78.98,-2531631.75,3.71
4:26,101199.80,12.10,64.07,101242.75,11.07,78.06,-2530824.00,0.75
4:27,101203.77,11.59,76.15,101242.60,10.89,81.21,-2530432.50,0.44
4:28,101207.61,11.77,75.61,101247.16,10.60,82.50,-2530624.00,0.45
4:29,101191.31,20.34,30.92,101241.02,10.67,81.31,-2531249.50,4.77
4:30,101208.88,14.93,49.61,101237.03,11.09,77.65,-2531650.50,1.45
4:31,101207.85,11.58,75.93,101235.92,11.11,78.58,-2531186.00,0.44
4:32,101199.46,11.73,74.88,101235.46,10.85,80.37,-2531347.00,1.10
4:33,101196.60,18.83,37.52,101237.27,10.68,81.80,-2531710.00,4.09
4:34,101173.32,21.47,26.04,101235.07,11.06,77.66,-2532066.50,4.16
4:35,101195.21,11.27,74.36,101230.16,11.09,77.57,-2531693.50,1.46
4:36,101196.37,11.73,74.96,101228.21,10.85,79.92,-2529656.50,1.11
4:37,101200.09,11.85,73.93,101235.21,10.62,81.31,-2529946.50,0.44
4:38,101179.41,21.18,27.28,101232.47,10.90,78.53,-2531021.25,4.47
4:39,101196.80,11.73,69.16,101233.14,11.13,76.99,-2530438.75,0.75
4:40,101197.02,11.77,75.29,101232.42,11.05,79.02,-2533482.25,0.43
4:41,101196.14,11.74,74.27,101233.89,10.75,80.45,-2533858.50,0.74
4:42,101181.75,20.86,28.75,101233.82,10.85,79.08,-2534740.50,5.34
4:43,101194.47,15.40,46.89,101233.18,11.19,75.96,-2535444.00,1.42
4:44,101196.25,11.54,75.60,101230.85,10.98,78.47,-2534213.25,0.46
4:45,101194.06,11.73,73.90,101232.39,10.69,80.35,-2534828.00,0.46
4:46,101186.05,18.66,38.01,101232.24,10.70,80.22,-2534643.50,4.47
4:47,101171.75,21.70,26.07,101233.78,11.03,77.12,-2535454.25,4.68
4:48,101185.14,11.50,67.16,101234.00,10.95,78.05,-2535296.25,1.45
4:49,101196.81,11.64,74.78,101227.90,10.84,79.70,-2534939.00,0.43
4:50,101197.33,11.73,74.14,101231.16,10.68,80.94,-2535505.25,0.44
4:51,101182.92,20.70,29.28,101229.25,10.87,78.83,-2536517.50,5.59
4:52,101194.93,12.93,59.99,101227.91,11.06,77.71,-2536141.50,0.77
4:53,101194.92,11.72,75.69,101228.75,11.03,78.52,-2535700.50,1.10
4:54,101197.71,11.79,73.83,101233.92,10.66,80.78,-2536283.50,1.10
4:55,101181.10,20.16,32.14,101232.82,10.68,80.48,-2536557.25,5.43
4:56,101180.58,12.05,67.95,101229.38,10.93,78.12,-2536954.25,1.45
4:57,101200.16,11.77,75.77,101225.66,10.82,80.16,-2536891.00,1.12
4:58,101198.54,11.76,74.43,101225.00,10.69,80.78,-2537344.00,1.11
4:59,101185.50,20.67,29.64,101233.72,10.60,80.73,-2537870.75,5.43
5:0,101175.75,21.93,25.69,101229.80,10.74,78.91,-2537456.00,5.56
5:1,101193.86,11.35,67.01,101229.89,11.00,77.20,-2537354.50,0.77
5:2,101195.92,11.59,74.17,101228.57,10.90,79.37,-2537105.50,0.43
5:3,101196.39,11.69,73.95,101231.69,10.62,81.05,-2537455.50,1.10
5:4,101170.96,20.56,29.34,101229.50,10.70,79.52,-2538489.75,5.08
5:5,101177.50,17.76,36.91,101228.17,11.08,76.76,-2538174.50,0.77
5:6,101201.09,11.40,75.14,101231.85,11.07,77.75,-2537731.50,0.44
5:7,101198.40,11.78,73.95,101230.80,10.85,80.00,-2537910.75,0.43
5:8,101188.82,17.48,44.77,101231.21,10.63,81.01,-2538552.75,3.92
5:9,101188.16,12.93,61.84,101227.10,10.81,79.04,-2538737.25,1.45
5:10,101191.25,11.69,76.37,101226.28,10.76,80.33,-2538965.50,1.15
5:11,101195.42,11.80,74.30,101229.94,10.56,81.44,-2538544.75,1.12
5:12,101181.07,20.02,32.50,101227.71,10.54,81.34,-2539104.00,4.25
5:13,101182.79,16.46,42.70,101226.39,10.87,77.67,-2539738.50,0.77
5:14,101198.17,11.43,75.71,101226.14,10.91,79.07,-2538247.50,0.46
5:15,101190.62,11.71,74.53,101220.14,10.63,80.98,-2538917.50,1.11
5:16,101181.83,17.76,42.63,101224.00,10.56,81.52,-2538963.25,4.73
5:17,101182.18,21.34,26.52,101222.08,10.83,79.34,-2539568.50,4.10
5:18,101176.44,17.01,38.29,101219.60,10.92,77.87,-2539676.75,1.47
5:19,101186.58,11.23,74.93,101216.96,10.81,79.30,-2539205.25,1.11
5:20,101183.58,11.62,74.40,101220.58,10.51,81.54,-2539306.75,0.43
5:21,101180.89,17.52,43.49,101217.99,10.40,82.25,-2539360.75,4.33
5:22,101166.21,21.44,26.35,101213.36,10.72,78.78,-2540881.00,4.61
5:23,101175.29,11.92,63.14,101209.02,10.79,78.29,-2540520.50,1.46
5:24,101180.61,11.57,75.03,101210.55,10.64,80.69,-2539888.25,0.45
5:25,101179.08,11.61,74.84,101217.56,10.45,82.12,-2540117.50,0.46
5:26,101160.24,20.48,30.28,101216.40,10.46,81.88,-2541202.00,5.54
5:27,101165.27,22.00,25.55,101210.39,10.76,79.34,-2541306.50,5.01
5:28,101182.02,11.44,66.12,101215.15,10.78,78.34,-2540925.25,0.77
5:29,101181.75,11.62,74.32,101219.35,10.59,81.36,-2540683.50,0.43
5:30,101186.78,11.79,74.18,101221.41,10.42,82.50,-2541051.50,0.43
5:31,101175.56,20.56,29.77,101219.98,10.21,82.70,-2541958.75,4.76
5:32,101164.78,22.01,25.40,101224.19,10.60,80.30,-2542428.00,5.60
5:33,101185.46,11.92,60.63,101220.21,10.87,77.69,-2541740.50,0.75
5:34,101192.03,11.49,74.35,101217.84,10.73,80.41,-2541057.75,0.42
5:35,101189.14,11.70,74.71,101222.49,10.53,82.43,-2541684.75,0.45
5:36,101175.46,20.36,30.72,101226.10,10.52,81.73,-2541996.50,4.32
5:37,101175.65,21.89,25.48,101221.86,10.78,79.02,-2542226.75,5.76
5:38,101171.88,22.76,24.37,101223.66,11.07,77.07,-2542407.75,4.68
5:39,101197.49,10.64,69.47,101224.42,10.93,77.14,-2542119.25,0.75
5:40,101198.02,11.39,74.54,101226.00,10.66,80.98,-2542834.50,0.64
5:41,101192.64,11.63,75.13,101227.27,10.42,82.77,-2542984.75,0.43
5:42,101175.31,21.00,27.81,101228.13,10.54,81.48,-2544198.25,4.76
5:43,101184.36,22.24,24.92,101229.30,10.77,79.08,-2544975.25,5.56
5:44,101190.05,13.91,48.04,101224.42,10.89,77.61,-2544175.25,0.76
5:45,101199.41,11.36,74.18,101230.49,10.79,79.50,-2544017.50,0.45
5:46,101193.39,11.65,74.01,101231.00,10.63,81.14,-2544336.75,0.46
5:47,101180.80,19.63,33.52,101231.03,10.42,82.13,-2544743.25,4.78
5:48,101179.90,21.85,25.50,101229.53,10.72,79.33,-2546191.50,5.20
5:49,101193.47,12.25,60.07,101229.05,10.93,77.11,-2545333.50,1.48
5:50,101198.72,11.57,74.14,101235.36,10.68,80.71,-2545305.25,1.10
5:51,101198.33,11.64,74.29,101235.16,10.52,81.70,-2545672.25,0.44
5:52,101182.35,20.44,30.48,101241.27,10.63,80.77,-2546091.25,5.59
5:53,101175.39,21.99,25.21,101234.00,10.90,78.04,-2546770.25,5.32
5:54,101203.83,11.12,74.13,101232.96,10.97,77.89,-2546031.50,1.45
5:55,101203.35,11.76,73.88,101240.64,10.72,81.05,-2546413.00,1.11
5:56,101202.94,11.77,74.31,101242.16,10.52,82.38,-2546274.50,0.44
5:57,101190.50,21.42,26.71,101240.72,10.84,79.24,-2547076.50,5.51
5:58,101202.03,15.78,45.01,101241.10,10.97,78.72,-2547231.00,0.75
5:59,101207.25,11.59,74.74,101242.35,10.94,79.13,-2545742.75,0.46
6:0,101211.25,11.84,73.71,101239.94,10.56,82.11,-2546052.75,1.10
6:1,101193.60,18.78,37.85,101243.67,10.44,82.93,-2546866.25,5.19
6:2,101190.91,21.85,25.75,101239.28,10.73,79.98,-2547292.75,5.65
6:3,101210.36,11.19,74.44,101236.93,10.93,78.54,-2547166.50,1.45
6:4,101205.33,11.83,74.11,101241.32,10.75,81.00,-2546954.25,1.12
6:5,101205.13,11.90,73.64,101238.48,10.50,82.41,-2547438.00,1.10
6:6,101205.97,12.74,66.56,101241.10,10.69,81.24,-2547739.75,0.76
6:7,101204.05,11.87,76.78,101247.28,10.71,81.67,-2548012.50,0.43
6:8,101205.38,11.81,75.40,101243.99,10.56,82.87,-2548006.00,1.12
6:9,101185.83,20.21,31.83,101244.81,10.67,81.63,-2547915.25,3.86
6:10,101188.94,21.77,25.89,101241.12,10.81,80.73,-2548545.50,5.60
6:11,101214.92,11.38,70.85,101240.58,10.89,79.50,-2548228.50,0.77
6:12,101209.02,11.74,74.91,101240.96,10.85,80.67,-2548444.50,0.43
6:13,101207.82,11.89,74.48,101244.82,10.63,82.36,-2548712.00,0.90
6:14,101198.73,20.99,28.32,101241.81,10.82,79.69,-2549054.50,5.04
6:15,101186.21,22.21,25.16,101239.75,10.91,79.04,-2549940.50,5.03
6:16,101209.29,11.07,72.47,101245.21,11.06,77.92,-2549280.25,1.46
6:17,101206.44,11.71,74.16,101240.85,10.87,80.42,-2549233.50,0.44
6:18,101208.63,11.78,74.48,101244.42,10.63,82.15,-2549716.00,1.02
6:19,101197.90,21.10,27.62,101244.84,10.81,79.92,-2550790.75,4.78
6:20,101206.97,11.93,67.00,101246.64,10.92,79.06,-2550448.00,1.46
6:21,101211.00,11.75,75.49,101242.69,10.80,80.87,-2549878.25,1.11
6:22,101209.66,11.85,74.54,101248.85,10.57,82.58,-2550250.50,0.45
6:23,101192.92,20.78,29.56,101246.47,10.69,81.36,-2551144.25,4.40
6:24,101204.96,12.32,65.45,101241.08,11.01,78.48,-2551089.50,0.78
6:25,101211.66,11.89,75.43,101243.96,10.88,80.60,-2550886.50,0.44
6:26,101213.86,11.93,74.28,101245.14,10.65,82.34,-2550926.50,1.11
6:27,101198.61,20.62,30.61,101243.40,10.81,80.85,-2551659.50,4.72
6:28,101200.69,13.65,56.77,101241.97,11.06,78.32,-2552291.50,0.75
6:29,101208.92,11.78,75.90,101240.53,10.99,80.53,-2551530.00,1.12
6:30,101208.02,11.89,74.82,101245.21,10.83,81.65,-2551529.50,0.44
6:31,101197.28,19.73,34.38,101246.92,10.70,82.35,-2552305.00,5.19
6:32,101207.63,11.94,70.96,101243.86,11.01,79.92,-2552040.50,0.80
6:33,101214.96,11.85,76.30,101244.36,10.89,81.65,-2552163.00,0.46
6:34,101210.53,11.83,75.53,101245.11,10.70,82.83,-2552642.75,1.12
6:35,101189.28,20.85,29.36,101244.57,10.83,81.29,-2553193.50,5.83
6:36,101190.93,22.03,25.62,101245.41,11.16,78.40,-2553686.00,4.42
6:37,101214.53,11.22,75.12,101244.33,11.16,78.85,-2553032.75,1.38
6:38,101214.96,11.92,74.75,101249.36,11.00,81.16,-2553464.50,1.13
6:39,101215.21,11.95,74.64,101253.06,10.81,82.25,-2553577.75,10.66
6:40,101223.61,12.69,67.47,101250.05,10.87,81.24,-2554040.50,1.46
6:41,101219.57,11.98,77.06,101254.64,10.86,82.27,-2553902.50,1.14
6:42,101215.37,11.96,75.56,101251.63,10.79,82.94,-2553996.50,0.43
6:43,101198.35,20.34,31.69,101249.72,10.87,81.85,-2554557.75,4.84
6:44,101204.52,21.91,25.92,101250.55,11.07,80.03,-2554966.50,2.39
6:45,101223.21,11.35,75.45,101254.78,11.14,79.43,-2554085.50,1.13
6:46,101225.42,11.83,75.55,101255.55,11.07,80.89,-2554571.50,1.11
6:47,101226.39,12.04,77.95,101258.16,10.81,82.69,-2554690.50,4.74
6:48,101210.63,14.50,56.61,101252.73,11.07,80.00,-2555174.50,1.48
6:49,101217.00,11.93,76.99,101253.60,11.19,80.50,-2554883.25,1.15
6:50,101219.62,12.00,75.58,101252.42,10.97,81.97,-2555055.75,1.12
6:51,101213.53,19.36,36.08,101253.71,11.02,81.32,-2555404.50,5.29
6:52,101204.82,16.60,44.88,101251.77,11.18,79.53,-2555710.00,1.47
6:53,101220.36,11.84,76.46,101249.61,11.20,80.25,-2553910.50,1.14
6:54,101223.29,12.07,75.56,101256.11,11.03,82.10,-2554158.75,1.14
6:55,101219.21,13.37,69.54,101255.19,10.96,82.75,-2553974.00,1.48
6:56,101219.46,11.76,80.78,101258.77,11.04,83.17,-2554412.00,1.13
6:57,101224.78,11.85,78.90,101257.42,10.90,83.54,-2554585.25,0.45
6:58,101224.60,17.42,47.28,101257.27,10.79,83.91,-2554811.25,5.68
6:59,101200.66,20.64,29.79,101259.47,11.13,81.06,-2555666.00,1.55
7:0,101220.97,11.64,76.68,101258.09,11.35,79.74,-2554812.00,0.46
7:1,101220.50,12.08,76.47,101256.71,11.22,81.59,-2554908.25,1.13
7:2,101201.76,13.76,73.15,101257.49,11.01,82.91,-2555513.25,4.99
7:3,101205.11,20.18,31.70,101258.75,11.37,79.18,-2556044.00,1.47
7:4,101221.88,11.76,76.69,101258.60,11.42,79.78,-2555446.25,0.45
7:5,101224.88,12.15,76.14,101259.17,11.23,81.92,-2555799.75,1.15
7:6,101223.33,12.68,76.81,101261.21,11.09,82.83,-2555787.75,1.48
7:7,101230.88,11.68,82.08,101262.60,11.13,83.31,-2555832.25,1.16
7:8,101233.45,11.72,80.03,101265.21,11.13,82.86,-2556117.00,1.12
7:9,101219.62,14.14,72.28,101264.41,11.01,83.44,-2556578.75,5.30
7:10,101210.68,21.48,27.66,101263.97,11.35,79.77,-2557064.00,5.98
7:11,101227.82,11.62,76.89,101267.89,11.41,80.30,-2556547.25,1.22
7:12,101224.47,11.97,76.73,101264.33,11.24,81.46,-2556785.50,1.17
7:13,101236.88,11.98,76.68,101264.86,11.15,82.18,-2556972.50,6.90
7:14,101216.60,13.73,62.76,101264.74,11.35,79.83,-2557369.75,1.48
7:15,101232.85,12.10,77.88,101263.66,11.38,80.58,-2556919.00,0.46
7:16,101229.47,12.05,76.76,101267.60,11.28,81.62,-2557309.75,1.13
7:17,101220.07,17.18,47.94,101271.51,11.30,80.97,-2557182.00,0.78
7:18,101232.81,11.91,78.79,101265.22,11.30,81.41,-2556711.50,1.14
7:19,101233.84,12.10,77.68,101263.68,11.20,82.40,-2557394.50,0.43
7:20,101233.30,12.50,77.88,101267.24,11.14,82.77,-2557520.75,1.47
7:21,101239.34,11.72,82.64,101270.91,11.18,83.21,-2557645.50,1.14
7:22,101240.96,11.62,80.43,101271.08,11.18,82.62,-2558029.50,1.12
7:23,101238.19,15.66,61.04,101272.75,11.11,82.91,-2558547.25,4.74
7:24,101226.17,21.02,28.50,101269.10,11.47,78.66,-2558926.75,1.48
7:25,101241.74,11.69,77.34,101269.75,11.57,79.48,-2558518.75,1.13
7:26,101239.78,11.93,76.99,101269.90,11.34,81.17,-2558502.25,1.13
7:27,101237.63,12.38,80.82,101270.89,11.19,81.93,-2559128.50,1.82
7:28,101246.74,11.57,82.82,101269.85,11.22,82.65,-2559135.50,1.14
7:29,101243.13,11.75,80.26,101273.96,11.26,82.56,-2559332.50,1.13
7:30,101232.83,12.42,84.56,101273.36,11.18,82.68,-2559344.50,4.78
7:31,101226.91,20.65,30.25,101272.41,11.53,79.98,-2559858.50,1.45
7:32,101243.02,11.81,77.66,101272.63,11.59,79.87,-2559426.00,1.13
7:33,101242.00,12.20,77.28,101277.19,11.48,81.18,-2559518.50,1.13
7:34,101245.61,13.22,76.90,101281.49,11.41,81.78,-2559536.50,1.46
7:35,101251.39,11.69,82.37,101279.74,11.40,82.37,-2559687.50,1.14
7:36,101248.58,11.96,80.86,101281.39,11.37,82.39,-2559806.00,1.13
7:37,101247.03,12.93,85.50,101282.13,11.31,82.64,-2559758.00,4.61
7:38,101234.92,21.05,28.91,101280.96,11.69,78.00,-2559972.00,5.84
7:39,101244.97,11.89,75.21,101280.42,11.78,78.30,-2559914.00,1.47
7:40,101251.50,12.27,77.27,101280.50,11.63,80.10,-2559819.00,1.11
7:41,101248.64,12.31,76.38,101280.82,11.47,81.64,-2560071.25,1.14
7:42,101257.28,11.81,82.12,101282.56,11.50,81.97,-2560163.00,1.47
7:43,101251.06,11.97,81.22,101282.67,11.42,82.18,-2560349.50,1.13
7:44,101253.44,11.88,79.08,101292.03,11.33,82.22,-2560416.50,1.12
7:45,101233.67,20.84,30.13,101284.28,11.40,81.03,-2560574.00,1.62
7:46,101252.74,11.84,77.85,101284.10,11.53,80.49,-2560548.00,1.13
7:47,101250.21,12.29,77.30,101282.35,11.49,81.55,-2560632.50,1.10
7:48,101248.14,12.65,80.60,101286.03,11.48,81.78,-2560773.25,2.00
7:49,101254.96,11.81,83.02,101286.82,11.50,82.38,-2560648.25,1.14
7:50,101250.02,12.00,80.98,101287.67,11.45,82.43,-2560889.00,1.15
7:51,101254.42,12.53,83.89,101288.07,11.40,82.33,-2561066.00,4.72
7:52,101249.72,13.61,66.24,101292.41,11.58,80.57,-2561459.50,1.45
7:53,101257.12,12.30,79.00,101290.77,11.65,81.05,-2561141.75,1.11
7:54,101258.46,12.29,77.31,101295.05,11.64,81.45,-2561188.50,1.13
7:55,101256.46,12.30,79.70,101294.03,11.62,81.91,-2561294.50,1.48
7:56,101265.57,12.11,82.76,101294.87,11.66,82.23,-2561523.50,1.10
7:57,101265.78,12.08,79.96,101296.92,11.53,82.06,-2561694.75,1.13
7:58,101266.16,12.53,78.47,101296.32,11.55,82.44,-2561822.75,1.47
7:59,101263.00,12.08,82.35,101303.09,11.61,82.63,-2561969.00,1.12
8:0,101267.05,12.07,80.73,101298.72,11.58,82.53,-2562010.00,1.12
8:1,101272.36,12.18,81.87,101297.85,11.50,82.84,-2562126.50,1.45
8:2,101270.58,11.92,82.95,101302.14,11.49,82.87,-2562176.75,1.13
8:3,101278.97,11.88,80.76,101305.19,11.52,82.60,-2562257.25,1.14
8:4,101264.52,13.90,66.71,101306.27,11.59,81.50,-2562448.75,1.46
8:5,101270.69,11.97,81.94,101300.71,11.55,81.96,-2562236.50,1.14
8:6,101272.28,11.98,79.72,101303.91,11.58,81.97,-2562516.75,1.14
8:7,101280.55,12.41,80.23,101306.46,11.58,82.27,-2562528.00,1.45
8:8,101275.71,11.92,83.84,101308.27,11.61,82.77,-2562692.50,1.12
8:9,101282.16,11.97,81.91,101309.31,11.58,82.72,-2562716.25,1.14
8:10,101278.04,12.27,81.83,101312.97,11.65,82.69,-2562478.00,1.46
8:11,101285.22,11.91,84.54,101311.10,11.69,82.74,-2562712.00,1.13
8:12,101285.18,11.93,81.79,101314.61,11.64,82.26,-2562657.50,1.13
8:13,101284.90,14.43,63.00,101316.35,11.66,81.86,-2562838.50,1.45
8:14,101288.85,11.86,82.72,101318.84,11.67,82.34,-2562772.75,1.11
8:15,101285.94,12.03,81.25,101317.39,11.74,81.93,-2562882.50,1.13
8:16,101269.02,14.47,66.49,101319.19,11.68,82.24,-2562937.00,1.44
8:17,101295.08,11.82,82.63,101321.82,11.56,82.38,-2563121.00,1.13
8:18,101288.23,12.01,81.09,101321.39,11.63,82.22,-2563263.50,1.11
8:19,101273.47,12.56,84.37,101318.95,11.68,81.90,-2563139.25,4.23
8:20,101283.07,13.68,67.37,101318.39,11.81,80.12,-2563473.25,1.46
8:21,101288.15,12.44,80.21,101321.97,11.78,81.32,-2563073.25,1.10
8:22,101286.14,12.37,77.98,101320.28,11.70,81.48,-2563248.75,1.10
8:23,101282.21,12.68,78.19,101321.22,11.66,81.42,-2563151.00,1.45
8:24,101285.82,12.08,82.68,101319.30,11.69,81.68,-2563358.75,1.13
8:25,101287.16,12.13,80.73,101320.57,11.69,81.29,-2563434.00,1.12
8:26,101277.08,17.67,41.02,101320.28,11.80,80.10,-2563553.25,5.13
8:27,101287.94,12.58,76.50,101318.37,11.97,79.38,-2563504.00,1.47
8:28,101290.48,12.43,77.78,101321.92,11.72,79.72,-2564059.50,1.14
8:29,101288.94,12.28,76.64,101319.39,11.69,80.38,-2564298.25,1.12
8:30,101304.92,12.07,81.37,101319.89,11.71,80.83,-2564671.25,1.42
8:31,101292.48,12.06,81.37,101321.77,11.67,80.91,-2565353.50,1.13
8:32,101288.92,12.10,79.16,101319.13,11.66,80.94,-2565554.75,1.39
8:33,101289.88,11.92,82.84,101317.25,11.69,81.07,-2565761.50,1.46
8:34,101291.17,11.94,80.79,101322.03,11.67,81.01,-2565885.50,1.10
8:35,101294.18,12.03,79.68,101318.74,11.70,81.04,-2566066.00,1.10
8:36,101301.37,12.11,80.05,101324.10,11.76,81.06,-2566161.50,1.45
8:37,101299.15,12.03,81.01,101322.86,11.72,81.30,-2565937.50,1.10
8:38,101295.42,12.06,79.22,101323.46,11.69,81.18,-2566129.50,1.10
8:39,101291.45,11.90,83.52,101323.36,11.69,81.40,-2566228.00,1.46
8:40,101298.78,11.93,82.06,101324.42,11.71,81.62,-2565906.75,1.10
8:41,101304.71,12.02,80.72,101326.57,11.67,81.54,-2566041.50,1.06
8:42,101290.25,11.91,82.42,101328.39,11.64,81.50,-2566455.00,1.45
8:43,101299.43,11.88,83.13,101325.72,11.60,81.48,-2566249.75,1.08
8:44,101300.99,11.97,80.31,101330.43,11.63,81.42,-2566380.50,1.13
8:45,101301.97,11.92,82.40,101328.00,11.73,81.62,-2566484.00,1.50
8:46,101304.16,12.00,83.76,101330.33,11.78,81.64,-2566343.25,1.12
8:47,101303.83,12.07,80.96,101330.89,11.80,81.57,-2566366.00,1.13
8:48,101298.14,11.99,82.47,101332.33,11.83,81.61,-2566298.50,1.46
8:49,101302.57,12.00,83.46,101330.88,11.78,81.32,-2566116.75,1.11
8:50,101302.30,12.09,81.16,101332.89,11.82,81.27,-2566000.25,1.12
8:51,101297.14,11.91,83.20,101325.08,11.73,81.14,-2566107.25,1.44
