14:57,101381.02,22.06,53.50,101378.69,21.90,53.59,4.02,0.00
14:57,101380.51,22.09,53.00,101380.80,21.92,53.15,2.35,0.00
14:57,101381.18,22.11,52.92,101381.90,21.94,53.03,6.35,0.00
14:57,101379.69,22.17,52.34,101381.10,22.00,52.58,-1.19,0.00
14:57,101379.69,22.17,52.16,101376.33,22.00,52.49,-2.11,0.00
14:57,101380.11,22.17,52.03,101376.39,22.01,52.32,12.31,0.01
14:57,101379.28,22.20,53.79,101381.14,22.05,53.97,-2.43,0.00
14:57,101380.89,22.32,54.88,101382.51,22.18,52.59,-0.80,0.00
14:57,101381.46,22.69,55.71,101379.39,22.58,60.67,1.76,0.00
14:57,101380.30,22.73,54.33,101383.30,22.93,63.58,1.43,0.00
14:57,101379.34,22.71,52.70,101379.72,22.67,54.71,3.86,0.01
14:57,101379.60,22.72,51.99,101379.41,22.62,52.79,2.54,0.01
14:58,101381.61,22.54,51.06,101383.46,22.32,51.42,-5.95,0.01
14:59,101385.56,22.48,51.25,101379.74,22.28,51.51,2.26,0.00
15:0,101385.03,22.47,51.13,101383.33,22.29,51.38,-3.07,0.01
15:1,101385.64,22.48,51.07,101381.98,22.30,51.25,0.29,0.00
15:2,101387.96,22.46,50.94,101385.53,22.25,51.19,-5.15,0.00
15:3,101388.61,22.45,50.92,101385.42,22.25,51.22,-7.28,0.01
15:4,101390.67,22.47,50.84,101383.16,22.29,51.04,-0.69,0.01
SUN 01-01-2000 14:57:00:57,101387.27,22.45,50.92,101384.85,22.27,51.15,0.44,0.00
SUN 01-01-2000 14:57:03:57,101386.85,22.45,50.91,101383.76,22.27,51.15,0.40,0.00
SUN 01-01-2000 14:57:05:57,101384.14,22.45,50.92,101383.03,22.27,51.15,-0.23,0.00
SUN 01-01-2000 14:57:08:57,101387.35,22.45,50.94,101382.24,22.27,51.17,2.08,0.00
SUN 01-01-2000 14:57:00:57,101391.07,22.45,50.92,101384.63,22.28,51.12,0.39,0.01
SUN 01-01-2000 14:57:03:57,101390.80,22.45,50.82,101384.79,22.27,50.98,0.31,0.00
SUN 01-01-2000 14:57:05:57,101388.28,22.45,51.03,101387.07,22.28,51.31,1.69,0.00
SUN 01-01-2000 14:57:08:57,101389.53,22.45,50.88,101383.32,22.28,51.20,0.47,0.00
SUN 01-01-2000 14:58:01:58,101389.71,22.45,50.79,101385.25,22.26,51.03,-0.68,0.00
SUN 01-01-2000 14:59:00:59,101392.34,22.46,50.90,101386.27,22.26,51.19,-8.67,0.00
SUN 01-01-2000 15:00:02:0,101393.71,22.52,52.06,101389.22,22.33,52.37,-6.61,0.00
SUN 01-01-2000 15:01:01:1,101392.98,22.51,50.69,101385.96,22.32,50.91,-7.56,0.00
SUN 01-01-2000 15:02:01:2,101393.89,22.48,50.82,101389.44,22.31,51.01,-6.90,0.00
SUN 01-01-2000 15:03:02:3,101394.50,22.87,50.25,101391.83,23.04,49.18,-5.01,0.00
14:57,101395.28,22.73,50.10,101389.92,22.67,49.87,0.20,0.00
14:57,101398.39,22.72,50.05,101388.78,22.66,49.86,-1.42,0.00
14:57,101396.45,22.72,50.08,101389.63,22.66,49.90,0.29,0.00
14:57,101398.82,22.73,50.09,101390.22,22.66,49.92,-0.62,0.00
14:58,101396.02,23.21,48.69,101396.00,22.60,50.05,1.63,0.00
14:57,101394.16,22.86,49.50,101393.60,22.50,50.22,1.51,0.00
14:57,101395.74,22.86,49.52,101394.46,22.50,50.23,-0.44,0.00
14:57,101393.72,22.86,49.50,101395.21,22.50,50.23,0.31,0.00
14:57,101394.42,22.85,49.52,101392.42,22.51,50.23,-0.61,0.00
14:58,101394.12,22.79,49.68,101392.76,22.51,50.25,-0.43,0.00
14:59,101398.67,22.77,49.80,101395.66,22.52,50.24,-5.00,0.00
15:0,101400.33,22.75,49.78,101397.32,22.52,50.18,-1.57,0.00
15:1,101400.57,22.69,49.98,101399.78,22.44,50.45,-3.07,0.00
15:2,101400.22,22.69,50.12,101398.75,22.47,50.46,-4.74,0.00
15:3,101403.99,22.67,50.19,101403.60,22.47,50.49,-4.48,0.00
15:4,101404.00,22.68,50.13,101403.89,22.48,50.42,-5.65,0.00
15:5,101403.07,22.65,50.08,101402.22,22.44,50.41,-5.45,0.00
15:6,101405.75,22.65,50.00,101403.02,22.44,50.34,-4.98,0.00
14:57,101404.50,22.41,50.90,101402.08,22.21,51.23,-0.43,0.00
14:57,101405.80,22.43,50.80,101405.44,22.23,51.14,-1.03,0.00
14:57,101407.57,22.46,50.75,101401.82,22.24,51.08,0.78,0.00
14:57,101410.12,22.47,50.69,101407.02,22.26,51.04,0.50,0.00
14:57,101407.74,22.55,50.51,101405.96,22.32,50.83,-0.09,0.00
14:57,101407.82,22.55,50.49,101404.21,22.34,50.80,2.57,0.00
14:57,101407.24,22.55,50.45,101405.12,22.34,50.78,2.86,0.00
14:57,101408.05,22.57,50.43,101405.24,22.34,50.76,2.81,0.00
14:58,101406.41,22.61,50.34,101406.81,22.42,50.63,-0.45,0.00
14:57,101409.33,23.70,45.70,101418.20,23.55,45.76,0.82,0.00
14:57,101412.38,23.71,45.66,101414.32,23.55,45.75,0.81,0.00
14:57,101410.52,23.71,45.63,101415.35,23.55,45.71,-0.68,0.00
14:57,101413.72,23.71,45.66,101417.05,23.55,45.73,0.38,0.00
14:57,101412.46,23.70,45.74,101414.50,23.54,45.83,-0.34,0.00
14:57,101413.12,23.70,45.82,101416.21,23.53,45.89,0.69,0.00
14:57,101413.80,23.70,45.83,101414.10,23.53,45.88,0.14,0.00
14:57,101410.68,23.70,45.79,101415.99,23.53,45.84,-0.16,0.00
14:57,101412.94,23.69,45.89,101415.64,23.53,45.97,-3.04,0.00
14:57,101412.77,23.69,45.91,101415.07,23.53,45.99,0.04,0.00
14:57,101412.94,23.69,46.22,101416.78,23.54,46.26,34317.43,0.00
14:57,101411.27,23.70,46.28,101413.57,23.55,46.20,149593.21,0.00
14:58,101413.78,23.68,45.71,101412.71,23.50,45.83,149704.82,0.01
14:59,101412.67,23.72,46.04,101413.80,23.51,46.21,2.84,0.00
15:0,101416.00,23.74,45.78,101415.74,23.55,45.98,5.99,0.00
15:1,101413.72,23.74,45.70,101419.35,23.54,45.87,6.72,0.00
15:2,101416.43,23.75,46.21,101420.88,23.55,46.33,-3.98,0.01
15:3,101415.72,23.75,46.04,101416.48,23.55,46.23,-0.87,0.00
15:4,101416.82,23.76,46.08,101420.95,23.57,46.25,0.59,0.00
14:57,101417.67,23.77,46.04,101419.75,23.54,46.27,-0.99,0.00
14:57,101416.74,23.76,46.02,101419.82,23.54,46.27,1.95,0.00
14:57,101416.33,23.77,46.01,101418.60,23.55,46.26,0.84,0.00
14:57,101418.60,23.76,46.02,101418.50,23.54,46.26,1.34,0.00
14:58,101418.67,23.75,46.29,101417.46,23.52,46.57,149610.42,0.00
14:59,101417.01,23.74,46.70,101418.14,23.52,46.88,23.45,0.00
14:57,101419.52,23.69,46.52,101420.71,23.47,46.76,-2030176.75,0.00
14:57,101416.93,23.67,46.60,101420.80,23.45,46.86,-3433982.75,0.00
14:57,101418.07,23.68,46.65,101419.94,23.45,46.91,-3432588.00,0.00
14:57,101415.64,23.69,46.63,101418.07,23.46,46.91,-3435638.50,0.00
14:58,101418.44,23.70,46.48,101420.53,23.47,46.73,-521874.59,0.00
14:59,101416.98,23.68,46.40,101420.13,23.47,46.63,-521851.68,0.00
14:57,101417.07,23.68,46.40,101418.02,23.48,46.64,0.35,0.00
14:57,101415.63,23.68,46.39,101416.49,23.48,46.61,0.35,0.00
14:57,101414.61,23.68,46.36,101419.63,23.49,46.59,0.35,0.00
14:57,101418.92,23.69,46.34,101418.49,23.49,46.56,0.35,0.00
14:58,101415.53,23.66,46.25,101417.26,23.45,46.54,110.75,0.00
14:59,101411.83,23.64,46.29,101412.55,23.44,46.56,0.35,0.00
15:0,101410.71,23.62,46.30,101414.25,23.40,46.58,0.35,0.00
15:1,101408.88,23.63,46.37,101412.58,23.42,46.69,0.35,0.00
15:2,101406.67,23.59,46.32,101409.83,23.40,46.56,0.34,0.00
15:3,101406.07,23.59,46.64,101411.28,23.39,46.89,0.34,0.00
15:4,101405.81,23.61,46.47,101409.28,23.39,46.74,0.34,0.00
15:5,101406.75,23.59,46.22,101408.14,23.38,46.46,0.34,0.00
15:6,101405.28,23.56,46.44,101406.46,23.36,46.69,0.34,0.00
15:7,101405.89,23.58,46.32,101410.58,23.41,46.51,0.34,0.00
15:8,101405.54,23.57,46.58,101413.14,23.36,46.82,0.34,0.00
15:9,101400.93,23.52,46.59,101408.78,23.31,46.88,0.34,0.00
14:57,101420.63,17.71,67.42,101426.43,20.79,54.15,9.22,0.00
14:57,101422.13,17.74,67.16,101428.92,20.71,54.43,9.33,0.01
14:57,101420.88,17.76,66.99,101431.55,20.60,54.73,9.22,0.01
14:57,101419.51,17.77,66.92,101428.67,20.48,55.00,9.22,0.01
14:57,101423.45,17.78,65.66,101421.43,18.52,60.67,9.25,0.02
14:57,101421.60,17.78,65.47,101423.88,18.50,60.78,9.23,0.01
14:57,101419.44,17.77,65.21,101422.39,18.46,60.85,9.23,0.01
14:57,101417.84,17.77,65.14,101423.14,18.42,61.01,9.23,0.01
14:58,101417.21,17.76,66.17,101428.06,17.77,64.94,9.28,0.01
13:3,101417.63,17.50,66.66,101424.10,17.24,66.33,-685303.31,3.35
13:3,101416.15,17.43,66.72,101422.28,17.05,67.13,-685645.37,0.02
13:3,101417.08,17.44,67.12,101420.74,17.03,68.03,-685741.81,0.03
13:4,101412.83,17.30,68.51,101425.19,17.09,68.67,-690263.62,1.10
13:5,101406.78,17.25,68.37,101422.27,16.96,68.92,-690130.50,1.05
13:6,101414.92,17.32,68.77,101415.61,17.10,69.24,-690526.31,0.46
13:7,101411.20,20.74,53.92,101422.04,17.63,67.50,-690691.87,3.72
13:8,101411.67,23.76,33.92,101415.76,18.28,61.97,-690353.87,3.70
13:9,101402.62,26.49,27.19,101418.66,18.89,58.49,-690404.68,5.07
13:10,101402.18,28.14,24.28,101416.80,19.56,55.34,-690103.62,4.27
13:11,101405.00,28.71,22.71,101416.09,19.52,56.31,-689829.68,4.02
13:12,101396.37,29.09,22.14,101417.37,19.83,54.09,-689855.37,3.89
13:13,101404.72,29.40,21.82,101411.21,19.06,57.70,-690038.81,5.23
13:14,101395.53,29.68,21.51,101416.45,19.79,54.84,-690030.12,4.83
13:15,101390.57,29.92,21.03,101413.49,19.46,56.18,-689742.31,4.61
13:16,101389.67,30.18,20.75,101411.73,19.72,55.80,-689871.31,4.03
13:17,101389.66,30.19,20.52,101408.46,19.38,56.03,-689768.62,5.13
13:18,101388.64,30.07,20.41,101408.25,19.23,56.09,-689890.12,4.95
13:19,101398.71,30.17,20.30,101410.26,19.39,56.01,-690002.50,4.11
13:20,101394.16,30.42,20.36,101405.32,19.92,54.97,-689646.31,4.29
13:21,101389.02,30.50,20.21,101411.38,19.77,53.91,-689973.50,5.25
13:22,101397.18,30.75,20.20,101405.60,20.06,54.27,-689714.81,3.91
13:23,101398.55,30.90,20.03,101405.93,20.93,51.09,-690228.12,5.12
13:24,101384.83,31.38,19.79,101403.61,21.43,50.70,-689800.81,4.83
13:25,101399.48,31.97,19.74,101403.60,21.94,50.18,-689515.68,5.25
13:26,101386.74,32.13,19.12,101407.27,21.79,49.33,-689349.18,5.14
13:27,101388.59,31.74,19.05,101405.22,20.43,53.69,-689145.00,4.32
13:28,101380.35,31.50,18.97,101402.65,20.52,51.27,-689660.87,3.93
13:29,101386.92,31.52,19.45,101402.10,21.06,51.28,-689714.37,4.91
13:30,101398.92,32.01,19.10,101402.87,21.03,52.54,-689792.81,5.35
13:31,101388.56,31.84,18.80,101408.90,20.46,53.54,-689851.50,4.92
13:32,101381.36,31.71,18.97,101408.14,20.26,54.02,-689892.31,4.98
13:33,101380.80,31.26,18.90,101405.37,18.50,59.64,-689856.12,4.47
13:34,101382.36,31.12,19.26,101407.67,19.57,56.31,-689869.81,4.29
13:35,101379.21,31.21,19.12,101402.30,21.04,48.87,-690305.37,5.30
13:36,101379.66,31.17,18.89,101403.39,19.92,52.91,-689976.50,5.34
13:37,101387.46,31.03,18.96,101402.64,18.72,58.63,-689860.68,4.99
13:38,101380.97,30.90,19.09,101401.14,19.83,53.13,-690169.12,4.45
13:39,101374.53,31.06,18.90,101399.50,20.49,51.02,-690147.12,5.07
13:40,101379.64,31.29,19.14,101399.08,21.30,48.79,-690208.62,3.88
13:41,101373.85,31.61,18.82,101401.36,21.55,49.35,-690068.62,5.33
13:42,101381.66,31.99,18.98,101404.60,21.65,50.46,-689912.81,4.24
13:43,101386.13,32.21,18.77,101400.91,21.10,51.67,-690005.00,5.30
13:44,101382.78,31.86,18.46,101406.64,20.09,53.57,-689382.37,4.03
13:45,101384.05,31.67,18.94,101409.41,20.16,57.13,-690123.68,4.03
13:46,101385.18,31.99,19.01,101402.19,21.19,51.59,-689787.62,4.74
13:47,101382.11,32.14,18.63,101403.21,21.87,47.42,-689557.00,5.39
13:48,101382.71,32.06,18.60,101399.75,21.54,49.92,-689407.87,5.17
13:49,101381.77,32.14,18.85,101400.89,21.41,51.00,-689017.00,5.34
13:50,101375.82,32.10,18.46,101401.77,21.37,49.59,-689423.37,4.61
13:51,101384.15,32.01,18.38,101403.52,21.49,48.45,-689983.00,4.27
13:52,101375.42,31.75,18.23,101401.78,21.02,49.07,-690261.37,4.30
13:53,101369.91,31.62,18.58,101397.47,21.24,48.66,-690121.00,4.30
13:54,101380.85,31.70,18.34,101397.74,20.84,49.97,-690036.87,4.15
13:55,101374.72,31.66,18.61,101405.76,20.30,53.91,-690029.00,4.16
13:56,101374.92,31.65,18.60,101400.00,20.87,49.93,-690389.31,4.87
13:57,101378.02,31.54,18.60,101399.57,20.97,49.51,-690123.12,4.25
13:58,101376.46,31.63,18.35,101400.50,20.77,50.52,-690220.18,4.07
13:59,101371.08,31.73,18.65,101392.95,21.20,49.09,-690382.68,5.21
14:0,101379.92,32.03,18.51,101403.21,21.83,47.81,-689778.81,4.52
14:1,101379.19,31.93,18.29,101401.14,21.20,49.18,-689798.37,5.27
14:2,101383.45,31.92,18.29,101399.91,20.95,49.47,-689703.87,4.96
14:3,101376.19,31.92,18.55,101405.56,21.42,49.83,-689911.12,5.45
14:4,101371.12,32.03,18.31,101401.49,20.92,51.33,-689989.68,4.52
14:5,101375.67,32.09,18.53,101398.05,21.31,51.61,-689867.68,4.11
14:6,101366.82,32.20,18.56,101402.42,21.59,50.58,-689661.62,5.32
14:7,101376.71,32.22,18.26,101397.77,20.74,51.77,-689629.62,3.95
14:8,101380.57,32.28,18.45,101400.38,20.90,51.65,-689419.62,4.96
14:9,101384.12,32.38,18.42,101405.88,20.42,55.01,-690322.68,3.90
14:10,101377.42,32.42,18.11,101403.79,21.42,50.12,-693142.31,5.41
14:11,101375.85,32.31,17.96,101400.23,21.37,49.28,-695879.31,5.29
14:12,101378.33,31.92,17.95,101402.28,19.91,53.34,-697782.37,5.09
14:13,101379.14,31.51,18.24,101407.19,19.22,55.08,-699823.87,4.22
14:14,101372.69,31.49,18.39,101404.67,19.53,56.67,-700944.68,5.19
14:15,101372.82,31.63,18.61,101397.77,21.33,48.71,-701727.62,4.34
14:16,101379.21,31.91,18.24,101396.61,21.41,49.08,-702890.37,4.05
14:17,101377.05,31.92,18.27,101396.24,21.42,48.15,-703820.00,4.61
14:18,101379.28,32.01,18.34,101398.69,21.79,48.13,-704753.31,4.05
14:19,101369.81,32.19,18.24,101398.57,21.91,48.03,-705170.00,3.95
14:20,101375.97,32.20,18.23,101396.30,21.72,47.63,-705899.87,4.62
14:21,101366.35,32.24,18.36,101391.85,21.97,48.09,-706886.31,3.96
14:22,101370.67,32.27,18.06,101395.60,21.55,48.93,-707507.31,4.92
14:23,101369.39,31.89,17.98,101399.58,19.64,55.63,-708632.12,5.12
14:24,101367.27,31.71,18.13,101400.94,20.19,52.16,-709552.37,4.66
14:25,101367.16,31.80,18.03,101396.46,21.10,49.00,-710368.18,5.10
14:26,101374.67,31.93,18.09,101397.44,21.92,46.90,-710688.81,3.92
14:27,101369.07,32.17,18.39,101397.35,22.22,47.77,-711045.81,4.47
14:28,101373.95,32.23,18.13,101398.05,22.24,45.60,-711767.18,5.23
14:29,101381.04,32.37,18.04,101395.41,21.81,48.38,-712363.81,5.28
14:30,101365.03,32.27,17.79,101396.77,20.87,49.50,-713149.31,5.20
14:31,101373.78,32.03,17.98,101399.73,21.51,47.21,-713985.12,5.40
14:32,101372.02,32.16,17.76,101396.90,21.96,46.48,-714786.50,3.97
14:33,101375.25,32.22,17.84,101399.75,21.70,47.96,-715437.87,4.17
14:34,101371.53,32.39,18.04,101396.51,22.17,46.86,-715680.18,4.08
14:35,101379.50,32.54,17.89,101398.28,22.18,46.98,-716636.37,3.98
14:36,101367.27,32.30,17.79,101396.85,21.14,50.02,-716889.12,4.14
14:37,101378.11,32.05,17.72,101396.38,20.97,49.23,-718080.68,5.18
14:38,101369.48,31.96,18.18,101397.28,21.83,47.06,-718518.31,5.19
14:39,101370.02,32.31,17.86,101396.94,21.75,47.24,-718911.37,4.29
14:40,101365.39,32.18,17.96,101391.52,21.62,47.05,-719021.18,4.05
14:41,101373.01,32.10,17.77,101391.99,21.56,46.78,-720272.87,5.23
14:42,101368.33,32.01,17.89,101391.57,21.66,48.32,-720879.31,3.88
14:43,101368.93,32.21,18.08,101383.88,22.16,45.62,-721160.00,4.58
14:44,101365.98,32.53,18.01,101388.27,22.34,45.96,-721135.62,5.27
14:45,101365.35,32.62,17.71,101388.17,21.94,47.95,-721366.81,4.01
14:46,101373.66,32.43,17.64,101387.41,21.14,49.39,-722533.68,5.24
14:47,101359.25,32.24,17.68,101394.42,21.74,46.49,-723337.62,4.05
14:48,101361.18,32.26,17.86,101387.19,21.91,46.74,-723758.68,4.16
14:49,101361.79,32.19,18.03,101389.81,21.05,51.14,-723872.31,3.98
14:50,101363.53,32.22,18.01,101394.36,21.68,48.52,-724699.81,4.82
14:51,101365.62,32.13,17.96,101391.13,21.74,46.29,-725395.00,4.70
14:52,101367.65,31.99,17.89,101388.96,21.49,46.75,-726508.62,3.82
14:53,101361.16,32.07,18.11,101388.47,22.30,44.59,-726762.62,5.26
14:54,101372.17,32.29,17.79,101384.47,21.88,46.50,-727204.00,5.31
14:55,101362.20,32.28,17.95,101383.39,22.10,46.91,-728052.18,5.01
14:56,101356.24,32.39,17.76,101386.75,21.61,48.64,-728351.18,4.98
14:57,101362.89,32.27,17.63,101385.63,21.70,46.83,-728922.62,5.37
14:58,101370.32,32.43,17.99,101381.95,22.44,46.23,-729719.50,5.41
14:59,101357.75,32.49,17.72,101388.87,21.51,48.50,-730219.62,5.07
15:0,101362.28,32.35,17.61,101383.58,21.96,45.38,-730894.50,4.96
15:1,101357.99,32.21,17.43,101382.39,21.51,46.90,-731544.50,3.89
15:2,101364.35,32.06,17.79,101384.05,21.77,46.42,-732006.12,5.38
15:3,101357.20,31.95,17.90,101379.60,20.61,50.70,-732313.81,5.13
15:4,101361.64,31.87,17.81,101383.86,20.57,50.52,-733318.50,3.93
15:5,101357.28,31.90,18.12,101385.11,21.58,47.24,-734316.18,5.34
15:6,101356.96,32.21,18.33,101379.22,22.00,49.38,-734328.62,4.03
15:7,101361.74,32.51,17.98,101382.91,22.07,47.43,-734437.18,4.90
15:8,101356.96,32.57,17.91,101385.10,22.30,47.62,-735061.00,4.47
15:9,101364.42,32.55,17.76,101388.34,20.23,53.97,-734515.12,5.14
15:10,101356.30,32.19,17.83,101386.39,21.28,49.65,-736481.50,4.36
15:11,101358.85,32.16,17.87,101380.75,21.23,48.59,-737541.00,3.92
15:12,101351.38,32.17,17.77,101380.29,21.65,47.97,-738263.81,5.39
15:13,101361.39,32.23,18.06,101381.57,22.22,45.73,-738737.87,3.88
15:14,101359.16,32.31,18.07,101384.41,21.61,49.33,-738984.31,5.16
15:15,101358.18,32.20,17.91,101384.64,22.20,45.16,-740366.37,4.96
15:16,101359.44,32.23,17.76,101381.14,22.16,45.44,-740751.62,4.61
15:17,101361.10,32.20,17.91,101379.65,21.26,48.94,-740585.12,5.39
15:18,101354.00,32.19,18.09,101378.49,21.85,46.46,-741448.68,4.89
15:19,101351.82,32.38,18.21,101380.03,22.23,45.87,-742345.87,4.92
15:20,101356.78,32.56,17.94,101379.16,22.12,45.74,-742730.37,5.46
15:21,101357.10,32.53,17.68,101382.57,21.36,48.88,-743201.12,4.26
15:22,101363.19,32.51,17.93,101385.03,21.68,48.76,-743849.31,4.05
15:23,101351.65,32.44,17.73,101383.39,21.80,47.34,-744480.12,5.41
15:24,101363.14,32.60,17.86,101380.97,22.15,46.06,-744799.31,4.16
15:25,101353.40,32.61,17.64,101386.63,22.57,44.60,-745811.37,4.67
15:26,101355.92,32.57,17.48,101387.13,21.85,47.16,-746106.18,4.81
15:27,101358.60,32.49,17.46,101385.50,21.39,48.56,-746823.37,4.65
15:28,101360.36,32.45,17.71,101383.77,21.93,47.35,-747669.00,5.12
15:29,101363.84,32.59,17.75,101386.57,22.35,45.93,-748353.12,3.89
15:30,101359.55,32.50,17.44,101383.68,21.01,49.47,-748488.62,3.82
15:31,101360.15,32.61,17.78,101390.77,21.85,49.41,-748907.12,4.15
15:32,101359.76,32.75,17.60,101384.75,22.82,44.11,-749684.50,5.07
15:33,101363.77,32.65,17.45,101384.69,22.00,46.21,-749816.87,4.92
15:34,101354.03,32.58,17.70,101387.83,21.43,50.04,-750439.37,3.96
15:35,101359.67,32.58,17.62,101386.05,21.31,49.47,-751249.00,4.21
15:36,101357.57,32.68,17.67,101384.96,22.37,47.32,-751988.68,5.33
15:37,101358.57,32.76,17.39,101383.17,21.63,47.47,-752244.00,4.38
15:38,101356.62,32.69,17.41,101385.07,21.78,47.91,-752879.12,5.20
15:39,101352.81,32.71,17.66,101379.04,21.02,51.47,-753092.81,5.13
15:40,101357.64,32.87,17.70,101381.25,22.33,47.69,-753952.12,5.36
15:41,101352.07,33.19,17.27,101385.99,21.17,51.42,-754082.68,4.92
15:42,101367.42,32.68,17.51,101381.86,20.42,54.50,-754505.50,5.21
15:43,101351.20,32.65,17.66,101385.14,21.49,48.70,-755196.87,5.30
15:44,101365.41,32.69,17.57,101390.00,21.50,49.43,-755991.87,5.34
15:45,101361.21,32.38,17.63,101385.56,20.77,51.40,-756857.00,5.16
15:46,101353.06,32.40,17.73,101384.69,21.15,50.13,-757619.81,4.38
15:47,101350.75,32.72,17.76,101381.00,22.10,48.62,-757977.12,5.25
15:48,101362.39,32.82,17.69,101385.25,21.79,48.63,-758035.12,5.43
15:49,101350.30,32.91,17.40,101383.89,21.74,48.63,-758518.18,4.58
15:50,101354.96,32.76,17.55,101378.71,22.48,45.46,-759604.00,3.88
15:51,101347.08,33.01,17.68,101381.30,23.11,45.04,-760384.81,4.85
15:52,101342.67,32.98,17.33,101380.60,21.86,47.36,-760353.31,4.83
15:53,101353.09,32.45,17.48,101382.14,20.12,52.98,-761032.81,5.15
15:54,101358.27,32.42,17.54,101384.58,19.49,56.87,-761492.87,4.88
15:55,101352.07,32.37,17.88,101380.67,21.63,48.59,-762446.81,4.34
15:56,101350.08,32.52,17.63,101376.21,20.80,50.19,-762571.68,5.32
15:57,101354.83,32.55,17.74,101376.25,21.97,47.40,-762850.31,5.17
15:58,101358.80,32.82,17.74,101378.64,22.75,45.80,-763525.50,3.94
15:59,101350.96,32.80,17.41,101374.06,22.01,47.14,-764334.00,4.86
16:0,101355.50,32.80,17.58,101377.10,21.98,47.49,-764728.81,5.23
16:1,101359.78,32.75,17.48,101382.42,21.15,49.98,-764725.18,3.98
16:2,101352.61,32.35,17.58,101375.19,20.36,53.49,-765364.00,4.49
16:3,101363.97,32.57,17.75,101377.91,21.91,47.84,-766769.62,3.95
16:4,101358.94,32.50,17.52,101379.23,21.19,50.95,-767277.50,4.71
16:5,101362.55,32.41,17.62,101380.05,21.21,49.28,-767703.18,5.18
16:6,101359.17,32.38,17.66,101380.87,20.67,52.38,-767948.12,3.93
16:7,101352.97,32.39,17.75,101375.81,21.91,47.03,-769318.62,4.14
16:8,101354.97,32.53,17.48,101381.34,21.37,49.31,-769486.81,4.47
16:9,101354.68,32.42,17.70,101383.31,21.30,50.78,-769687.18,5.03
16:10,101352.30,32.39,17.67,101384.10,21.52,46.93,-770218.62,4.85
16:11,101351.60,32.41,17.56,101385.70,21.76,46.98,-771798.50,4.93
16:12,101351.82,32.46,17.70,101378.67,20.91,52.00,-771985.18,4.00
16:13,101356.56,32.26,17.73,101383.80,20.42,53.13,-772453.37,5.19
16:14,101345.22,31.90,17.52,101382.87,19.93,52.60,-773611.00,5.41
16:15,101353.82,31.91,17.98,101375.12,20.92,51.63,-774594.50,4.32
16:16,101346.94,31.97,17.66,101379.13,19.43,55.73,-774361.87,3.99
16:17,101347.92,31.99,17.85,101379.83,20.78,49.88,-774901.87,3.85
16:18,101348.89,31.96,17.70,101378.34,21.62,46.60,-775807.31,4.26
16:19,101355.63,31.98,17.94,101375.78,21.62,47.18,-776612.31,5.10
16:20,101344.38,32.31,17.89,101375.00,22.08,46.68,-776966.00,4.09
16:21,101348.03,32.40,17.67,101370.69,22.09,47.18,-776864.18,5.33
16:22,101345.32,32.17,17.67,101374.27,20.83,50.45,-777619.68,3.99
16:23,101344.57,31.95,17.48,101376.66,19.19,55.30,-777471.87,3.94
16:24,101341.55,31.22,17.76,101375.03,17.53,61.99,-778548.00,5.25
16:25,101340.92,31.19,17.86,101372.63,18.24,59.61,-779970.87,4.50
16:26,101337.39,31.10,18.31,101369.17,18.68,57.88,-780954.37,5.26
16:27,101337.62,31.38,17.86,101375.00,19.71,54.45,-781233.12,4.24
16:28,101342.76,31.23,17.96,101378.05,19.52,53.72,-781445.12,4.45
16:29,101352.47,31.38,18.18,101370.69,20.75,51.28,-782657.81,5.12
16:30,101345.89,31.72,17.94,101373.02,20.43,53.01,-782550.68,4.99
16:31,101344.75,31.92,17.93,101365.02,20.85,49.52,-782802.00,3.96
16:32,101346.23,31.91,17.82,101372.61,21.35,49.36,-782881.37,5.04
16:33,101350.53,31.71,17.73,101377.66,20.22,51.77,-783860.31,5.02
16:34,101340.82,31.28,17.70,101366.03,18.48,55.63,-784446.12,5.21
16:35,101345.85,31.09,17.98,101369.91,18.71,57.58,-785481.81,5.09
16:36,101334.33,30.98,18.12,101365.03,18.71,57.36,-786530.00,4.87
16:37,101332.57,31.49,18.14,101368.61,19.92,55.01,-786450.37,4.51
16:38,101349.03,31.65,18.07,101367.11,20.34,51.13,-785887.50,4.58
16:39,101341.98,32.05,17.98,101362.64,21.96,47.28,-787883.68,4.00
16:40,101338.05,32.31,17.79,101368.63,21.40,48.74,-787204.50,5.10
16:41,101349.81,32.34,17.76,101367.64,22.10,45.54,-788385.62,4.10
16:42,101339.78,32.34,17.78,101368.19,22.22,45.50,-789025.87,4.23
16:43,101340.54,32.57,17.30,101369.22,20.43,50.45,-788807.50,4.32
16:44,101339.19,32.28,17.61,101371.86,21.70,48.31,-789542.37,5.16
16:45,101350.49,32.34,17.68,101370.74,21.54,48.54,-789859.18,4.07
16:46,101337.67,32.34,17.49,101373.25,20.75,50.52,-789938.50,4.23
16:47,101338.51,32.01,17.71,101374.84,20.20,53.60,-790602.68,4.45
16:48,101342.89,31.92,17.63,101373.25,19.64,54.62,-791336.62,5.24
16:49,101342.28,32.01,17.52,101373.42,20.02,51.64,-793899.81,4.96
16:50,101341.44,32.06,17.52,101364.63,20.51,51.20,-794418.00,5.26
16:51,101340.28,31.85,17.70,101368.63,20.00,53.24,-794205.00,4.11
16:52,101347.50,31.86,17.76,101367.50,20.97,50.58,-795676.81,3.92
16:53,101346.85,32.03,17.79,101369.53,20.35,51.55,-794152.18,5.11
16:54,101348.63,31.80,17.69,101372.33,20.12,52.29,-795697.87,3.88
16:55,101346.79,31.60,17.69,101374.42,19.27,55.64,-796351.31,5.39
16:56,101338.67,31.61,18.12,101373.67,19.82,54.42,-796875.18,4.25
16:57,101351.17,31.81,18.08,101379.67,21.09,50.73,-796665.62,4.07
16:58,101344.87,31.70,17.87,101370.66,19.92,53.61,-796953.87,3.93
16:59,101346.39,31.66,17.86,101375.13,19.84,52.98,-797247.62,5.19
17:0,101344.31,31.78,17.98,101368.35,21.18,47.86,-798431.00,4.77
17:1,101357.57,31.93,17.35,101373.26,18.25,58.85,-798673.18,4.88
17:2,101336.85,31.38,17.85,101373.35,19.30,54.01,-800150.37,4.78
17:3,101342.39,31.56,17.98,101372.84,20.48,50.72,-801915.00,5.16
17:4,101341.38,31.64,17.85,101371.99,19.49,54.79,-801282.87,4.83
17:5,101343.33,31.36,17.83,101371.33,18.62,58.05,-802458.37,4.20
17:6,101342.38,31.27,18.08,101369.56,19.63,54.89,-803727.12,4.65
17:7,101340.82,31.00,18.13,101367.46,18.67,55.73,-804948.12,4.37
17:8,101336.88,31.12,18.14,101370.58,18.67,58.18,-803465.00,4.00
17:9,101339.89,30.88,18.27,101364.05,20.31,49.98,-806440.62,3.88
17:10,101345.96,31.08,18.17,101374.27,19.41,54.74,-806360.37,4.29
17:11,101344.02,31.15,18.14,101375.68,19.04,56.91,-805534.31,4.63
17:12,101340.39,30.98,18.15,101373.58,18.90,56.90,-807096.62,5.27
17:13,101339.46,31.09,18.28,101373.60,20.06,52.26,-808218.12,4.06
17:14,101340.73,31.32,18.19,101369.54,20.68,49.69,-808231.62,4.40
17:15,101335.74,31.24,18.14,101373.03,19.81,52.73,-808776.87,4.05
17:16,101338.86,31.28,18.09,101373.61,19.27,56.85,-808663.00,4.60
17:17,101335.99,31.26,18.20,101369.21,19.93,52.55,-809944.00,5.21
17:18,101334.80,31.26,18.18,101368.57,19.78,53.61,-810357.87,4.00
17:19,101327.05,31.23,18.23,101365.62,19.96,51.53,-811304.87,4.92
17:20,101330.15,31.34,18.30,101364.91,21.15,48.33,-811810.68,4.19
17:21,101343.16,31.62,18.04,101371.50,20.80,49.86,-810544.18,5.36
17:22,101343.55,31.60,17.90,101372.72,19.63,54.70,-809938.12,5.41
17:23,101342.84,31.44,17.99,101368.32,20.67,50.21,-811919.81,5.27
17:24,101339.63,31.32,18.11,101378.37,19.57,53.09,-810945.37,4.84
17:25,101342.58,31.45,18.03,101375.82,20.03,51.46,-812298.81,4.07
17:26,101344.08,31.39,17.98,101374.74,20.32,50.50,-813300.31,4.87
17:27,101345.76,31.45,18.04,101377.80,20.25,52.79,-815646.87,4.12
17:28,101345.60,31.41,17.90,101376.37,18.97,57.08,-816204.50,4.00
17:29,101352.32,31.53,17.98,101377.27,20.89,50.18,-818986.81,4.10
17:30,101345.10,31.49,18.00,101382.41,20.21,52.55,-819783.50,4.63
17:31,101349.27,31.51,17.76,101386.25,20.08,50.82,-820351.50,4.73
17:32,101349.14,31.38,17.74,101378.75,18.72,56.79,-821630.12,4.00
17:33,101351.36,31.15,17.98,101381.25,19.67,52.97,-823735.18,5.30
17:34,101339.14,30.97,18.09,101385.21,19.37,55.90,-823579.81,4.25
17:35,101347.25,30.92,18.04,101380.75,19.42,52.34,-825401.37,4.42
17:36,101342.99,31.03,18.09,101379.52,20.03,51.35,-825894.62,5.12
17:37,101350.83,31.18,18.17,101380.03,20.33,50.10,-824455.37,5.32
17:38,101342.37,31.08,17.84,101376.99,18.88,55.72,-823509.31,4.25
17:39,101352.71,30.64,18.06,101378.89,18.00,57.22,-825144.37,5.15
17:40,101348.58,30.56,18.09,101377.84,17.75,60.54,-826251.62,4.50
17:41,101355.00,30.64,18.40,101384.68,19.58,53.70,-826510.50,4.02
17:42,101349.71,30.65,18.19,101375.26,18.78,56.70,-826542.62,4.69
17:43,101344.71,30.45,18.35,101376.77,19.64,51.42,-828431.68,5.02
17:44,101348.37,30.63,18.37,101383.42,20.21,52.18,-829196.00,3.94
17:45,101346.13,30.50,18.11,101381.22,17.98,57.31,-828753.18,4.95
17:46,101351.22,30.10,18.35,101376.40,17.88,56.66,-831044.12,5.24
17:47,101351.83,30.22,18.36,101383.03,18.15,57.93,-831220.68,4.11
17:48,101350.33,30.03,18.51,101376.83,18.75,54.31,-831443.00,4.98
17:49,101348.32,30.13,18.47,101380.69,18.55,57.14,-831881.62,4.24
17:50,101341.80,29.99,18.60,101383.89,19.54,50.94,-832527.37,4.94
17:51,101343.78,30.25,18.62,101374.27,20.43,48.70,-832417.12,4.40
17:52,101346.73,30.50,18.53,101380.61,20.27,48.82,-832669.18,3.87
17:53,101351.21,30.54,18.38,101380.57,19.25,54.30,-831962.68,5.39
17:54,101340.83,30.51,18.32,101381.59,19.95,51.34,-832878.31,5.30
17:55,101356.44,30.37,18.41,101382.66,19.10,55.32,-835201.50,3.85
17:56,101354.71,30.21,18.37,101379.07,18.81,53.42,-835776.81,3.96
17:57,101353.24,29.93,18.25,101382.77,18.06,57.11,-837890.50,5.21
17:58,101349.58,29.94,18.61,101378.10,18.26,56.63,-838747.37,4.14
17:59,101348.60,29.79,18.54,101384.19,17.99,56.91,-839082.62,3.80
18:0,101342.74,29.74,18.41,101377.88,17.28,60.12,-840789.87,3.95
18:1,101356.11,29.55,18.72,101382.30,18.29,56.65,-841452.87,5.26
18:2,101346.89,29.57,18.68,101385.22,17.95,55.74,-843018.18,3.87
18:3,101357.64,29.72,18.76,101385.80,18.86,54.95,-842994.18,4.70
18:4,101355.26,29.68,18.81,101386.67,18.90,54.46,-843847.68,4.20
18:5,101356.86,29.72,18.64,101387.60,17.54,60.45,-843602.81,4.81
18:6,101356.78,29.71,18.54,101382.75,17.75,58.84,-845273.00,3.99
18:7,101348.63,29.67,18.64,101386.03,18.02,57.69,-845046.12,5.17
18:8,101361.31,29.70,18.70,101388.62,18.80,55.67,-845859.00,4.07
18:9,101364.21,29.73,18.73,101388.17,19.03,52.36,-846789.62,4.92
18:10,101352.15,29.92,18.78,101384.97,20.07,48.77,-846810.62,3.78
18:11,101345.47,29.98,18.47,101380.33,19.83,49.38,-847703.31,4.81
18:12,101348.17,30.02,18.49,101380.52,19.85,49.46,-847915.37,3.87
18:13,101343.99,30.11,18.41,101381.55,19.85,50.02,-848245.18,5.14
18:14,101356.07,29.95,18.20,101381.47,17.78,56.04,-848244.50,4.65
18:15,101353.54,29.84,18.57,101379.99,18.87,53.20,-849687.12,5.16
18:16,101355.83,29.88,18.44,101384.32,19.03,53.09,-850142.12,4.87
18:17,101350.29,29.82,18.60,101383.86,17.86,58.95,-850452.18,4.54
18:18,101350.54,29.86,18.37,101382.32,18.63,54.18,-850688.62,4.47
18:19,101347.76,29.77,18.62,101383.14,18.61,53.56,-852428.81,5.19
18:20,101356.57,29.96,18.49,101383.43,19.99,49.41,-852291.87,4.10
18:21,101347.04,30.12,18.46,101384.02,19.32,52.86,-852014.81,5.14
18:22,101349.03,30.02,18.43,101382.40,18.89,53.26,-852891.87,5.26
18:23,101357.75,29.97,18.48,101384.27,19.36,51.16,-853527.18,4.45
18:24,101352.24,30.13,18.39,101385.41,19.07,53.88,-853903.12,4.98
18:25,101358.82,30.08,18.42,101388.21,19.28,51.46,-854848.81,4.22
18:26,101353.52,29.92,18.44,101389.11,18.55,56.75,-855758.12,5.01
18:27,101359.03,29.97,18.46,101391.75,18.94,53.85,-856714.31,3.81
18:28,101362.59,30.01,18.44,101387.37,18.32,55.25,-856654.31,3.85
18:29,101355.38,29.62,18.43,101390.56,16.80,62.08,-857250.31,4.21
18:30,101366.50,29.49,18.59,101397.16,17.47,59.10,-858953.37,5.15
18:31,101360.97,29.61,18.60,101391.34,18.73,55.68,-860013.37,3.79
18:32,101360.21,29.60,18.59,101398.43,19.11,51.56,-860026.68,3.94
18:33,101363.18,29.74,18.58,101395.29,20.24,47.42,-860731.62,3.94
18:34,101361.05,29.73,18.49,101396.75,18.69,52.30,-860476.50,4.65
18:35,101358.30,29.57,18.50,101389.33,17.76,56.44,-861415.00,3.83
18:36,101363.47,29.58,18.65,101397.69,19.43,49.72,-862054.18,5.21
18:37,101360.55,29.54,18.60,101393.98,18.88,51.28,-862203.87,4.82
18:38,101356.96,29.52,18.62,101398.14,19.25,50.84,-862711.68,4.07
18:39,101359.96,29.47,18.68,101389.02,18.70,54.35,-863407.50,5.07
18:40,101354.40,29.49,18.58,101386.78,18.62,54.91,-863975.18,3.87
18:41,101363.53,29.67,18.82,101390.00,19.95,49.15,-864480.31,4.02
18:42,101359.61,29.73,18.65,101388.11,18.91,53.87,-864353.18,4.23
18:43,101356.36,29.55,18.75,101392.10,18.85,51.94,-864944.87,5.15
18:44,101351.58,29.73,18.57,101386.39,19.67,49.65,-866221.31,5.33
18:45,101362.55,29.79,18.66,101385.50,20.04,48.39,-866688.12,3.77
18:46,101350.29,29.79,18.63,101389.10,20.03,48.99,-866967.81,4.29
18:47,101360.49,29.93,18.48,101387.97,19.54,51.18,-867108.12,4.77
18:48,101347.77,30.03,18.42,101387.00,19.66,50.98,-867029.12,4.74
18:49,101350.66,29.80,18.31,101380.88,18.61,52.82,-867887.18,5.16
18:50,101357.62,29.79,18.51,101383.92,19.08,51.92,-868812.31,4.36
18:51,101355.05,29.83,18.52,101385.73,19.41,50.16,-869528.00,3.84
18:52,101341.78,29.82,18.55,101383.47,19.05,51.79,-869960.00,3.96
18:53,101355.89,29.90,18.70,101385.66,20.00,48.70,-870649.68,5.12
18:54,101351.34,30.02,18.62,101384.53,19.90,49.23,-871644.50,3.73
18:55,101348.42,30.14,18.64,101384.14,20.61,46.95,-871889.62,3.98
18:56,101348.86,30.05,18.32,101387.07,19.56,52.26,-872489.37,4.79
18:57,101347.27,30.03,18.33,101380.00,18.52,54.46,-872259.81,4.38
18:58,101355.17,29.77,18.42,101388.70,19.29,50.60,-873956.37,4.81
18:59,101351.16,29.75,18.48,101385.64,18.54,55.54,-873602.18,4.36
19:0,101357.11,29.57,18.44,101385.63,18.89,51.38,-875868.81,5.15
19:1,101350.40,29.68,18.69,101388.21,19.40,51.07,-875791.62,4.90
19:2,101349.99,29.64,18.59,101381.37,18.25,53.44,-876092.18,3.93
19:3,101356.21,29.63,18.55,101385.28,18.51,56.46,-877513.62,5.44
19:4,101355.52,29.67,18.70,101386.25,18.56,54.34,-877119.12,5.23
19:5,101351.42,29.65,18.69,101389.66,19.00,52.95,-877539.81,5.10
19:6,101358.75,29.73,18.38,101390.68,19.39,50.42,-878055.68,3.85
19:7,101346.92,29.67,18.48,101382.69,18.26,54.33,-878344.62,4.06
19:8,101355.27,29.38,18.75,101386.35,17.18,60.15,-878748.37,4.34
19:9,101356.63,29.38,18.75,101388.05,18.14,57.12,-879629.31,5.34
19:10,101358.14,29.49,18.65,101391.22,18.45,53.13,-880619.62,3.91
19:11,101354.64,29.54,18.61,101391.38,18.15,55.58,-881558.12,3.85
19:12,101359.46,29.36,18.77,101391.49,18.74,51.67,-882243.50,4.27
19:13,101354.17,29.43,18.66,101389.24,19.08,50.82,-882095.68,3.85
19:14,101361.53,29.54,18.64,101391.66,18.93,53.30,-882649.37,5.16
19:15,101350.91,29.53,18.64,101395.24,19.46,49.63,-883407.68,3.97
19:16,101353.75,29.33,18.70,101388.03,18.25,54.71,-883480.00,4.96
19:17,101359.96,29.33,18.76,101389.82,19.23,50.37,-885286.62,4.39
19:18,101347.42,29.42,18.86,101387.81,19.16,51.07,-885651.81,4.03
19:19,101346.16,29.35,18.69,101381.60,18.70,52.80,-886294.12,4.38
19:20,101344.97,29.31,18.65,101384.13,18.55,51.90,-885865.68,4.02
19:21,101352.14,29.25,18.84,101385.46,19.05,51.73,-887551.87,5.19
19:22,101343.28,29.33,18.78,101378.10,18.57,53.81,-887052.50,5.07
19:23,101351.29,29.25,18.89,101380.90,19.17,50.27,-888716.37,5.14
19:24,101343.20,29.36,18.90,101378.92,19.59,49.29,-888921.31,4.24
19:25,101335.69,29.45,18.65,101376.67,17.74,57.58,-888568.31,5.26
19:26,101351.97,29.21,18.73,101370.78,18.15,54.50,-889895.81,3.93
19:27,101345.92,29.36,18.76,101376.03,17.99,56.10,-888838.00,4.38
19:28,101335.63,29.36,18.90,101377.19,19.07,51.53,-888616.37,4.11
19:29,101338.85,29.69,18.60,101375.27,19.68,51.59,-888162.37,4.26
19:30,101336.88,29.67,18.66,101375.24,19.31,52.68,-887985.31,5.04
19:31,101345.14,29.70,18.63,101378.22,19.28,50.88,-889224.62,4.97
19:32,101333.30,29.70,18.50,101373.43,18.25,56.03,-889163.68,3.92
19:33,101336.05,29.59,18.65,101373.10,18.73,53.34,-891828.37,5.19
19:34,101339.85,29.56,18.64,101374.11,18.80,52.01,-892799.18,5.32
19:35,101349.74,29.55,18.50,101371.75,18.86,52.52,-893845.37,4.61
19:36,101343.58,29.54,18.73,101378.53,19.05,51.10,-894925.31,4.83
19:37,101347.29,29.58,18.65,101379.14,18.99,51.16,-895097.81,3.98
19:38,101342.33,29.47,18.74,101379.35,18.92,51.17,-897350.68,4.06
19:39,101345.23,29.60,18.72,101380.75,19.81,48.42,-898545.37,4.36
19:40,101348.28,29.68,18.52,101385.38,19.56,49.63,-899710.81,4.87
19:41,101343.92,29.75,18.74,101377.16,19.38,50.99,-901124.00,5.07
19:42,101346.41,29.64,18.64,101380.85,18.97,50.36,-902169.81,4.23
19:43,101348.28,29.61,18.73,101376.91,18.56,52.19,-903258.31,4.69
19:44,101345.66,29.60,18.73,101381.66,19.50,49.93,-904182.31,4.63
19:45,101346.85,29.66,18.75,101382.33,19.12,50.71,-903443.81,4.38
19:46,101339.03,29.62,18.53,101379.46,19.35,50.78,-903748.31,4.11
19:47,101341.24,29.65,18.58,101374.60,19.70,49.50,-903872.12,3.69
19:48,101338.99,29.75,18.59,101373.26,19.84,49.00,-903884.50,5.30
19:49,101341.98,29.74,18.47,101373.99,18.72,53.26,-902579.00,5.26
19:50,101338.77,29.40,18.44,101378.21,18.38,54.54,-904802.31,5.06
19:51,101343.08,29.52,18.71,101378.88,19.84,49.16,-905379.37,4.44
19:52,101338.92,29.67,18.62,101381.28,19.58,50.20,-905436.87,3.71
19:53,101345.53,29.54,18.35,101383.96,17.74,55.04,-905866.81,4.39
19:54,101345.06,29.23,18.68,101379.07,17.66,57.44,-906199.37,4.91
19:55,101348.55,29.15,18.77,101374.49,18.29,54.32,-907300.37,4.20
19:56,101350.50,29.24,18.89,101381.13,19.17,51.25,-908772.37,4.95
19:57,101344.97,29.27,18.74,101378.88,18.16,54.25,-908895.62,4.73
19:58,101344.38,29.23,18.77,101383.44,18.57,52.69,-909199.81,3.84
19:59,101350.86,29.02,18.94,101378.22,18.31,52.57,-909763.18,3.76
20:0,101341.91,29.00,18.82,101377.94,18.77,50.78,-911285.87,3.69
20:1,101341.66,29.04,18.98,101375.03,18.64,51.88,-911585.12,4.20
20:2,101348.46,29.00,18.97,101377.78,18.60,51.83,-912192.50,4.09
20:3,101342.25,29.00,19.01,101376.43,18.52,52.59,-912395.87,3.98
20:4,101347.17,29.01,18.93,101377.22,18.63,52.16,-913060.12,3.66
20:5,101349.75,28.83,19.14,101377.93,18.24,52.40,-913303.12,3.91
20:6,101352.92,28.89,19.15,101381.46,19.10,50.24,-914853.12,4.96
20:7,101343.63,29.02,18.92,101382.38,19.34,49.59,-915852.12,4.94
20:8,101343.50,28.95,19.07,101378.21,18.09,55.66,-915432.12,4.99
20:9,101347.07,28.88,19.10,101377.27,18.47,53.18,-916168.12,4.17
20:10,101350.03,28.89,19.16,101375.67,19.01,51.08,-917367.00,4.07
20:11,101336.67,28.97,18.92,101379.71,19.19,50.19,-917133.81,4.60
20:12,101343.92,28.88,19.04,101376.71,18.50,52.81,-917428.00,4.71
20:13,101338.03,28.82,19.14,101376.11,18.33,52.87,-918957.50,5.01
20:14,101334.06,28.83,19.28,101384.25,19.14,49.61,-919479.18,4.10
20:15,101348.58,28.93,19.06,101377.64,18.84,52.05,-920084.62,3.69
20:16,101343.24,28.83,19.20,101384.63,18.65,53.67,-920445.62,4.92
20:17,101343.80,28.82,19.08,101381.92,18.25,53.17,-921308.00,4.69
20:18,101341.67,28.79,19.09,101380.89,18.34,52.74,-921604.68,4.07
20:19,101346.36,28.85,18.87,101377.28,18.74,52.38,-922284.12,4.87
20:20,101334.60,28.72,19.04,101376.05,18.18,52.96,-922835.87,4.51
20:21,101346.10,28.73,19.00,101373.06,18.19,52.95,-923748.68,4.71
20:22,101352.25,28.60,19.07,101379.22,17.83,53.49,-924058.37,4.98
20:23,101345.64,28.62,19.23,101375.71,18.60,51.37,-925308.18,4.38
20:24,101345.49,28.66,19.09,101377.38,18.24,53.41,-925062.62,4.93
20:25,101355.32,28.59,19.32,101382.05,17.79,57.42,-925784.00,3.87
20:26,101351.74,28.56,19.07,101374.74,17.78,55.35,-926821.37,3.96
20:27,101356.57,28.48,19.27,101378.30,17.07,58.31,-927147.31,4.91
20:28,101352.92,28.51,19.21,101374.32,18.21,53.90,-928315.18,3.65
20:29,101355.83,28.53,19.23,101380.57,18.77,50.17,-928422.62,3.56
20:30,101354.33,28.65,19.01,101385.27,19.16,49.46,-929094.12,4.49
20:31,101349.75,28.74,18.99,101381.77,18.97,50.98,-929282.31,3.68
20:32,101353.08,28.72,19.05,101379.32,18.88,50.47,-929741.62,3.80
20:33,101354.25,28.74,19.13,101387.77,19.28,48.85,-930097.31,4.19
20:34,101358.27,28.77,19.09,101378.84,18.31,52.94,-931123.81,4.73
20:35,101351.29,28.72,18.99,101379.98,18.49,53.04,-931643.12,4.52
20:36,101356.11,28.65,19.08,101380.13,18.73,50.71,-932467.62,4.74
20:37,101351.85,28.58,19.01,101383.05,17.78,54.84,-932416.18,5.02
20:38,101355.47,28.46,19.25,101378.53,18.20,53.46,-933837.68,4.63
20:39,101346.27,28.39,19.39,101382.01,18.46,51.13,-934483.12,4.83
20:40,101351.72,28.47,19.33,101382.92,19.01,49.26,-935440.62,4.08
20:41,101357.27,28.49,19.32,101384.71,18.86,50.87,-935555.12,3.98
20:42,101349.37,28.54,19.03,101384.46,18.85,50.82,-936351.12,4.11
20:43,101348.50,28.46,19.10,101383.10,18.44,52.09,-936902.18,4.14
20:44,101352.48,28.34,19.38,101383.62,17.72,53.66,-937377.18,4.56
20:45,101355.66,28.35,19.26,101387.89,18.81,49.93,-938390.81,5.19
20:46,101354.51,28.38,19.19,101384.14,18.32,52.27,-939091.00,5.14
20:47,101349.50,28.30,19.22,101385.32,17.90,54.83,-939296.31,4.17
20:48,101350.41,28.22,19.29,101383.77,18.36,50.80,-940259.62,4.87
20:49,101358.54,28.18,19.28,101386.14,17.92,53.63,-940519.18,4.99
20:50,101362.05,28.08,19.32,101386.74,17.40,55.73,-940590.68,3.80
20:51,101359.78,27.97,19.29,101383.42,17.70,52.50,-942012.18,4.23
20:52,101348.26,28.00,19.43,101388.08,17.33,57.32,-942507.68,4.77
20:53,101350.97,28.00,19.45,101385.07,18.26,51.43,-943035.37,3.75
20:54,101355.03,27.96,19.48,101385.31,17.91,52.24,-943496.87,4.24
20:55,101341.88,27.95,19.48,101381.24,17.91,52.24,-944075.12,3.60
20:56,101358.50,27.92,19.56,101383.41,17.28,55.98,-944852.62,4.05
20:57,101357.42,27.94,19.45,101381.92,17.60,53.84,-945696.81,5.03
20:58,101349.64,27.89,19.45,101377.50,18.25,50.91,-945931.37,4.92
20:59,101349.52,27.97,19.28,101379.70,18.36,51.34,-946559.00,3.52
21:0,101353.72,27.89,19.44,101382.31,17.94,52.20,-947267.12,3.85
21:1,101354.34,27.90,19.50,101383.46,17.79,54.01,-948104.31,4.33
21:2,101348.03,27.87,19.59,101384.80,18.51,50.43,-948063.31,4.25
21:3,101345.93,27.92,19.47,101383.78,17.63,54.26,-948643.12,5.16
21:4,101352.88,27.86,19.50,101387.22,17.52,55.83,-949031.81,4.00
21:5,101362.32,27.75,19.49,101389.60,17.33,55.43,-949702.31,5.19
21:6,101361.53,27.65,19.66,101388.02,17.57,53.63,-951048.62,3.78
21:7,101355.98,27.71,19.66,101389.30,17.54,54.29,-950910.00,3.89
21:8,101359.13,27.62,19.59,101388.61,17.00,56.88,-951678.12,5.06
21:9,101359.61,27.60,19.61,101388.03,16.62,58.62,-952457.68,4.90
21:10,101356.67,27.51,19.75,101386.43,16.59,58.19,-952773.37,3.99
21:11,101360.58,27.51,19.77,101389.21,17.70,52.98,-953917.31,4.75
21:12,101362.89,27.54,19.74,101392.41,17.70,52.95,-953983.37,4.41
21:13,101362.61,27.51,19.81,101392.58,16.61,58.32,-954118.12,5.07
21:14,101357.24,27.37,19.75,101392.82,16.94,55.73,-955337.50,3.96
21:15,101367.59,27.45,19.68,101395.14,17.48,54.11,-956156.50,4.07
21:16,101360.07,27.40,19.75,101393.41,16.89,56.07,-956701.87,3.54
21:17,101361.91,27.46,19.76,101395.59,17.89,51.79,-957797.12,4.91
21:18,101361.99,27.48,19.83,101392.82,17.86,51.99,-958096.12,3.73
21:19,101360.32,27.52,19.77,101395.96,18.15,50.54,-958518.87,4.12
21:20,101360.13,27.56,19.60,101394.02,17.64,53.47,-958595.37,4.54
21:21,101358.96,27.52,19.68,101398.40,17.18,55.42,-959103.87,3.56
21:22,101368.75,27.42,19.53,101398.87,16.92,56.38,-960031.18,4.52
21:23,101360.63,27.36,19.57,101398.11,17.02,55.63,-960315.12,4.58
21:24,101372.96,27.37,19.71,101398.96,17.58,53.78,-961454.00,4.38
21:25,101373.19,27.34,19.83,101402.58,17.37,54.41,-961582.12,3.58
21:26,101373.89,27.38,19.78,101402.24,17.21,55.43,-961781.81,3.49
21:27,101368.60,27.36,19.71,101403.35,17.10,55.75,-962391.81,5.02
21:28,101368.69,27.37,19.84,101406.11,17.82,52.76,-963265.18,4.11
21:29,101378.85,27.44,19.75,101411.53,17.50,54.20,-964044.50,4.58
21:30,101372.67,27.35,19.75,101408.21,16.77,57.31,-964370.00,3.87
21:31,101381.64,27.33,19.82,101415.08,17.30,55.01,-965671.50,4.29
21:32,101383.28,27.36,19.84,101421.09,17.32,55.12,-965769.12,4.96
21:33,101380.85,27.38,19.75,101418.77,17.00,56.97,-966521.12,4.91
21:34,101384.71,27.24,19.80,101420.67,16.04,60.25,-966937.12,5.05
21:35,101385.22,27.24,19.70,101422.21,17.34,53.72,-968316.50,3.77
21:36,101394.39,27.37,19.74,101418.50,17.94,51.67,-968445.87,4.08
21:37,101391.62,27.41,19.84,101417.11,17.76,53.65,-968660.00,3.85
21:38,101387.83,27.32,19.90,101422.07,17.41,53.95,-969251.50,3.71
21:39,101390.32,27.36,19.73,101418.71,17.23,55.37,-969487.12,3.80
21:40,101385.85,27.28,19.69,101422.60,16.68,57.35,-970807.31,4.38
21:41,101392.68,27.25,19.81,101423.52,16.96,58.11,-971179.18,4.52
21:42,101381.39,27.12,19.71,101421.29,16.46,57.84,-972579.81,3.91
21:43,101383.11,27.01,19.94,101419.52,16.52,57.88,-973292.37,4.83
21:44,101383.32,27.06,19.91,101421.49,16.94,56.41,-973953.18,3.61
21:45,101388.32,27.05,20.03,101427.77,16.24,58.90,-973985.18,3.87
21:46,101393.36,27.08,19.76,101428.38,16.75,56.36,-974592.31,4.36
21:47,101403.21,27.01,19.91,101426.95,17.06,56.22,-975441.68,4.67
21:48,101391.97,27.06,19.89,101430.31,16.85,56.44,-976004.87,3.82
21:49,101398.11,27.01,20.05,101432.25,16.97,54.95,-975996.31,4.74
21:50,101400.78,27.05,19.93,101432.46,17.28,54.07,-977168.81,5.02
21:51,101406.21,27.06,19.97,101427.88,17.14,55.08,-977423.31,3.58
21:52,101402.10,27.08,19.87,101428.19,17.00,56.50,-977796.87,3.72
21:53,101399.21,27.10,19.77,101434.78,16.93,56.62,-978694.31,3.78
21:54,101398.41,27.07,19.91,101433.66,16.90,55.86,-978839.81,4.99
21:55,101398.02,27.11,19.87,101432.44,16.92,56.42,-979362.68,4.86
21:56,101408.97,27.00,19.87,101436.97,16.80,56.51,-980040.12,4.35
21:57,101400.41,27.00,20.02,101436.02,16.97,55.54,-980633.50,4.74
21:58,101403.60,26.99,20.08,101441.11,17.38,53.56,-981102.87,4.35
21:59,101400.36,27.04,20.10,101437.99,17.52,52.70,-981992.68,4.48
22:0,101406.30,27.05,20.10,101442.46,17.67,52.70,-982967.31,5.14
22:1,101411.97,27.07,20.02,101442.51,17.49,53.92,-982878.37,5.20
22:2,101396.88,27.04,20.10,101438.84,16.69,57.38,-982777.68,4.41
22:3,101404.95,26.99,19.99,101435.99,16.86,56.37,-984444.50,4.79
22:4,101405.71,27.06,19.87,101438.69,17.23,54.78,-985031.87,4.55
22:5,101412.18,27.09,19.96,101441.92,17.69,52.79,-985708.62,4.55
22:6,101407.89,27.11,19.87,101438.80,17.07,55.62,-985892.18,4.38
22:7,101415.94,27.16,19.90,101447.02,17.58,53.40,-986489.62,3.76
22:8,101403.20,27.10,20.04,101440.80,17.13,55.09,-986939.31,3.74
22:9,101412.80,27.17,19.81,101445.88,17.40,53.82,-987679.62,4.87
22:10,101410.89,27.11,19.92,101443.29,16.81,56.50,-988261.68,4.05
22:11,101411.02,27.16,19.84,101447.25,17.42,52.96,-989089.50,4.09
22:12,101421.99,27.19,19.79,101448.50,17.91,51.36,-989416.12,3.98
22:13,101417.91,27.27,19.74,101449.49,17.76,52.64,-989910.68,4.74
22:14,101420.96,27.27,19.81,101451.43,17.62,52.65,-990514.18,4.65
22:15,101415.39,27.30,19.76,101449.37,17.97,50.70,-990871.18,3.78
22:16,101414.55,27.31,19.67,101451.82,17.69,52.42,-991512.62,3.71
22:17,101414.09,27.28,19.79,101450.03,17.84,51.37,-991828.62,4.45
22:18,101419.58,27.34,19.64,101446.94,17.53,53.63,-992247.12,4.09
22:19,101409.22,27.26,19.66,101446.08,17.28,54.63,-993453.50,4.85
22:20,101417.49,27.29,19.71,101445.72,17.30,54.88,-994016.81,3.70
22:21,101408.58,27.29,19.82,101448.03,17.76,51.93,-994560.37,3.65
22:22,101402.72,27.27,19.79,101445.57,17.49,54.04,-995000.12,4.57
22:23,101412.66,27.19,19.85,101444.87,16.83,55.53,-995283.81,4.82
22:24,101405.86,27.26,19.74,101442.39,17.42,54.21,-996376.00,3.91
22:25,101407.92,27.30,19.75,101445.14,17.39,54.72,-996809.31,4.99
22:26,101406.37,27.29,19.73,101440.92,17.57,52.76,-997449.00,4.84
22:27,101413.78,27.32,19.71,101447.01,17.50,53.58,-998067.00,4.00
22:28,101413.50,27.27,19.86,101446.42,17.89,51.46,-998201.62,4.90
22:29,101409.21,27.30,19.74,101444.88,17.83,52.63,-998783.12,4.52
22:30,101413.60,27.20,19.73,101448.91,17.25,53.53,-999378.68,4.49
22:31,101418.97,27.23,19.65,101448.27,17.52,53.32,-1000008.37,4.99
22:32,101413.63,27.23,19.64,101447.25,17.30,53.94,-1000792.62,3.52
22:33,101418.09,27.20,19.70,101451.82,16.85,55.88,-1000991.00,4.52
22:34,101420.57,27.12,19.89,101449.03,17.19,54.34,-1001523.37,3.98
22:35,101418.90,27.15,19.77,101456.78,17.82,51.12,-1002561.37,3.80
22:36,101413.86,27.14,19.95,101455.25,17.74,51.64,-1002869.50,4.87
22:37,101425.89,27.19,19.76,101451.22,18.07,49.81,-1003340.81,3.56
22:38,101416.14,27.20,19.67,101454.96,17.67,51.86,-1004256.81,4.00
22:39,101420.39,27.14,19.77,101452.03,17.73,50.88,-1004391.00,4.05
22:40,101416.74,27.22,19.65,101454.82,17.54,53.39,-1005257.18,3.75
22:41,101419.33,27.16,19.84,101457.69,17.36,54.18,-1005688.62,4.34
22:42,101419.84,27.18,19.69,101454.88,17.76,51.42,-1006310.37,4.43
22:43,101418.60,27.21,19.56,101457.38,17.42,53.21,-1006852.62,3.96
22:44,101423.61,27.14,19.59,101454.85,17.09,54.92,-1007165.12,4.40
22:45,101417.57,27.06,19.99,101459.04,17.39,52.51,-1007720.62,4.16
22:46,101414.30,27.07,19.93,101457.62,17.64,51.35,-1008277.81,3.71
22:47,101431.10,27.11,19.87,101453.84,17.95,50.17,-1009561.50,5.15
22:48,101426.75,27.13,19.73,101451.60,18.09,49.72,-1009836.68,4.91
22:49,101423.03,27.10,19.94,101457.32,18.05,49.78,-1010716.37,3.92
22:50,101427.45,27.11,19.84,101456.80,17.89,50.25,-1011440.50,3.88
22:51,101428.03,27.09,20.00,101455.78,17.74,51.28,-1011774.00,4.25
22:52,101421.75,27.13,19.76,101457.11,17.97,50.06,-1012773.50,3.94
22:53,101420.90,27.12,19.75,101454.38,17.32,54.16,-1012927.81,3.54
22:54,101421.76,27.08,19.67,101455.75,17.64,51.45,-1013550.37,3.82
22:55,101421.85,27.08,19.85,101454.28,17.95,50.19,-1013966.68,3.92
22:56,101428.85,27.04,19.88,101459.71,17.70,51.21,-1014637.18,4.78
22:57,101438.72,27.01,19.88,101462.43,16.28,58.50,-1014841.68,4.53
22:58,101427.92,26.90,19.77,101458.11,16.76,54.79,-1016090.12,4.21
22:59,101428.78,26.90,19.89,101460.67,17.53,51.48,-1016874.18,4.83
23:0,101427.46,26.95,19.88,101455.86,17.66,51.54,-1017500.50,3.69
23:1,101432.46,26.96,19.77,101457.78,17.63,51.56,-1017800.31,4.76
23:2,101421.23,26.89,19.82,101459.73,16.66,54.95,-1017983.31,4.63
23:3,101421.74,26.75,20.07,101456.82,15.79,58.56,-1018397.31,4.25
23:4,101423.52,26.75,19.83,101460.00,16.81,54.50,-1019914.37,4.84
23:5,101425.72,26.69,19.99,101460.92,17.60,50.71,-1020207.87,4.94
23:6,101426.32,26.68,19.99,101453.78,17.23,51.75,-1020833.50,3.54
23:7,101434.57,26.64,19.89,101461.27,16.68,54.81,-1020820.81,3.75
23:8,101426.33,26.33,19.94,101463.53,15.06,60.11,-1021780.50,3.78
23:9,101431.80,26.17,20.20,101467.82,15.34,61.29,-1023522.18,4.27
23:10,101420.64,26.13,20.19,101466.10,15.55,59.99,-1023822.12,4.36
23:11,101427.64,26.15,20.12,101459.99,16.79,52.88,-1024616.81,4.86
23:12,101431.27,26.15,20.21,101469.32,15.49,60.60,-1024507.50,4.68
23:13,101430.83,26.09,20.22,101465.49,15.90,58.49,-1025651.12,3.57
23:14,101432.37,25.98,20.24,101463.42,14.93,61.15,-1026267.37,4.26
23:15,101440.77,26.05,20.28,101465.38,16.18,56.84,-1026667.68,4.99
23:16,101419.63,26.11,20.22,101463.39,16.98,51.43,-1027014.12,4.49
23:17,101426.67,26.20,20.22,101461.28,17.45,50.31,-1027079.12,4.28
23:18,101433.02,26.19,20.25,101468.26,16.12,57.87,-1027623.81,4.54
23:19,101422.62,26.08,20.19,101464.13,15.84,57.18,-1028292.81,4.38
23:20,101425.11,26.06,20.17,101463.15,15.95,55.81,-1029023.50,4.22
23:21,101432.14,26.06,20.25,101463.92,16.33,53.73,-1029550.87,4.96
23:22,101422.71,26.08,20.25,101463.50,15.65,57.91,-1030358.50,4.96
23:23,101430.17,26.04,20.17,101464.02,16.39,53.54,-1030961.50,4.69
23:24,101418.67,26.05,20.14,101461.27,16.21,55.91,-1031690.31,4.84
23:25,101421.42,26.02,20.19,101458.82,16.27,55.00,-1032050.37,4.89
23:26,101421.21,26.04,20.21,101457.90,16.46,54.15,-1032387.62,4.79
23:27,101421.35,26.07,20.24,101454.32,16.93,51.29,-1032589.81,4.92
23:28,101421.92,26.18,19.99,101450.96,17.00,52.04,-1033370.12,4.94
23:29,101431.69,26.27,19.95,101451.63,16.81,52.84,-1033496.62,3.84
23:30,101418.39,26.26,20.06,101453.01,17.24,50.48,-1034190.37,3.54
23:31,101421.71,26.16,20.13,101455.92,15.24,60.76,-1034610.31,4.60
23:32,101416.50,26.00,20.26,101454.04,16.32,53.15,-1035631.81,3.78
23:33,101420.85,26.09,20.10,101450.21,17.11,51.25,-1036903.87,4.08
23:34,101412.44,26.14,20.05,101452.77,17.03,50.95,-1036585.87,3.96
23:35,101418.64,26.09,20.18,101447.31,16.72,53.92,-1036816.81,3.69
23:36,101415.08,26.07,20.01,101450.57,16.67,52.76,-1037409.81,3.70
23:37,101420.35,26.14,19.95,101449.25,16.85,52.79,-1038100.00,3.71
23:38,101414.97,26.12,20.19,101449.44,16.69,52.52,-1038461.87,3.69
23:39,101411.82,26.05,20.14,101449.36,16.38,53.78,-1038825.12,3.71
23:40,101404.97,26.06,20.12,101445.33,17.04,50.85,-1039792.31,4.51
23:41,101411.88,26.09,20.28,101441.76,17.12,51.77,-1039836.18,5.02
23:42,101423.20,26.02,20.21,101447.16,15.55,56.84,-1040897.12,4.54
23:43,101412.57,25.98,20.30,101451.10,15.57,59.65,-1041425.18,4.70
23:44,101409.57,26.01,20.45,101444.82,16.88,51.84,-1042030.81,5.01
23:45,101410.42,26.07,20.29,101441.92,16.61,53.11,-1042986.31,4.65
23:46,101415.63,26.04,20.32,101443.16,16.88,52.09,-1043416.37,4.16
23:47,101409.58,26.07,20.08,101440.70,16.87,52.87,-1043648.18,5.01
23:48,101411.91,26.06,20.11,101441.90,16.78,52.10,-1044067.00,4.84
23:49,101411.10,26.03,20.27,101442.51,16.11,54.84,-1044367.00,4.74
23:50,101407.50,26.04,20.24,101446.91,16.27,56.57,-1045405.00,4.99
23:51,101402.94,26.06,20.08,101437.96,16.73,52.80,-1045718.87,4.36
23:52,101410.16,26.14,20.34,101435.72,16.96,52.79,-1046029.68,4.94
23:53,101399.84,26.21,20.02,101434.71,16.54,54.69,-1046068.12,4.65
23:54,101403.16,26.10,20.19,101439.32,16.32,54.48,-1046559.68,3.74
23:55,101405.44,26.14,20.12,101430.55,16.78,53.64,-1047548.68,3.70
23:56,101407.62,26.19,20.09,101436.55,16.26,56.78,-1048098.68,3.75
23:57,101398.32,26.08,20.36,101434.50,16.24,54.46,-1048461.37,4.23
23:58,101392.47,26.07,20.16,101429.84,16.48,53.37,-1049548.87,3.67
23:59,101402.97,26.03,20.23,101431.52,16.70,52.35,-1050036.12,4.05
0:0,101391.80,26.08,20.22,101430.49,17.14,50.59,-1050563.87,4.81
0:1,101403.23,26.07,20.24,101431.85,16.78,51.96,-1050543.12,3.68
0:2,101405.71,25.98,20.22,101436.03,15.48,57.08,-1051336.12,5.10
0:3,101399.53,25.87,20.23,101431.75,15.91,55.44,-1052327.25,4.03
0:4,101404.11,25.92,20.21,101429.79,16.54,52.78,-1052812.50,4.95
0:5,101387.91,26.08,20.06,101429.58,16.58,53.59,-1053119.62,4.00
0:6,101385.17,26.13,20.23,101427.85,17.17,50.28,-1053437.12,4.40
0:7,101394.51,26.08,20.11,101429.74,16.67,52.31,-1054145.37,3.65
0:8,101391.16,26.03,20.31,101428.91,16.21,54.88,-1054287.75,3.60
0:9,101394.33,26.03,20.23,101428.52,16.61,53.44,-1055344.25,4.72
0:10,101394.14,25.99,20.32,101429.86,15.44,60.05,-1055661.50,3.82
0:11,101402.85,25.94,20.42,101425.64,15.77,56.54,-1056438.37,3.73
0:12,101394.36,25.99,20.13,101425.35,16.63,52.52,-1057093.25,4.43
0:13,101387.13,25.99,20.37,101426.01,16.60,52.56,-1057603.75,3.98
0:14,101387.58,25.96,20.31,101430.49,16.27,54.41,-1057758.25,5.10
0:15,101393.97,25.84,20.47,101428.08,16.13,54.30,-1058792.75,4.61
0:16,101400.25,25.90,20.50,101421.03,16.98,51.02,-1059150.50,4.71
0:17,101393.63,25.82,20.34,101425.74,14.50,62.89,-1059302.62,4.51
0:18,101388.77,25.70,20.49,101427.72,16.26,54.45,-1060540.75,3.71
0:19,101388.94,25.71,20.50,101430.50,16.06,54.82,-1061757.87,4.16
0:20,101392.53,25.78,20.40,101427.72,15.97,56.45,-1061414.00,4.12
0:21,101393.57,25.74,20.37,101420.87,15.83,56.34,-1062108.75,4.58
0:22,101387.90,25.74,20.44,101423.30,15.83,56.63,-1062809.00,4.70
0:23,101389.63,25.73,20.51,101421.94,16.01,55.65,-1063450.62,3.66
0:24,101396.71,25.76,20.41,101428.64,15.43,60.29,-1063555.12,3.78
0:25,101389.33,25.73,20.37,101422.91,16.08,53.99,-1064301.75,3.72
0:26,101387.81,25.73,20.49,101424.78,16.66,52.66,-1064639.50,4.52
0:27,101394.87,25.72,20.53,101428.50,16.07,54.77,-1065445.25,4.32
0:28,101389.57,25.69,20.51,101424.59,16.64,52.48,-1065896.50,3.96
0:29,101399.02,25.73,20.27,101424.21,16.46,53.02,-1066080.62,4.77
0:30,101391.30,25.70,20.43,101429.26,16.09,54.68,-1066836.87,4.34
0:31,101393.34,25.70,20.30,101427.44,16.02,54.92,-1067535.12,4.59
0:32,101390.92,25.69,20.51,101434.28,15.54,57.66,-1067532.62,4.43
0:33,101392.45,25.69,20.28,101427.63,16.11,53.87,-1068342.25,3.81
0:34,101390.63,25.59,20.52,101429.42,15.58,57.17,-1068753.25,4.08
0:35,101386.32,25.60,20.53,101425.27,16.15,54.13,-1069547.87,3.83
0:36,101389.16,25.63,20.49,101426.21,15.58,59.06,-1069957.75,3.88
0:37,101392.63,25.43,20.34,101423.96,14.82,58.39,-1070538.37,4.43
0:38,101388.36,25.35,20.59,101425.83,14.90,58.48,-1071031.75,4.16
0:39,101389.71,25.35,20.59,101427.80,15.16,58.15,-1071649.87,4.11
0:40,101396.61,25.38,20.62,101430.24,15.43,58.69,-1072401.75,4.25
0:41,101398.25,25.30,20.52,101425.80,14.26,63.68,-1072971.75,4.22
0:42,101391.14,25.15,20.56,101427.57,13.62,66.30,-1073521.87,4.36
0:43,101398.83,25.06,20.70,101424.73,14.30,63.28,-1074388.00,4.84
0:44,101395.49,24.99,20.78,101427.23,14.43,62.61,-1074991.00,4.47
0:45,101388.83,24.96,20.79,101431.78,14.02,62.52,-1074410.87,4.62
0:46,101390.70,24.92,20.86,101426.25,14.34,61.06,-1076842.25,4.13
0:47,101389.83,25.00,20.88,101429.67,15.37,57.15,-1076855.37,4.72
0:48,101401.82,25.12,20.63,101426.00,16.25,53.33,-1077585.75,5.00
0:49,101391.28,25.22,20.76,101424.99,16.34,52.06,-1077480.75,4.58
0:50,101396.94,25.28,20.67,101423.83,16.46,51.44,-1077835.50,4.20
0:51,101385.07,25.25,20.65,101426.75,15.70,54.97,-1078499.75,4.36
0:52,101387.02,25.16,20.68,101422.90,14.56,59.19,-1078807.37,4.19
0:53,101390.47,25.16,20.81,101424.66,15.12,58.96,-1079526.75,3.91
0:54,101391.46,25.17,20.81,101430.57,15.46,55.90,-1080334.37,4.76
0:55,101387.78,25.24,20.53,101427.36,16.29,52.65,-1080684.00,4.57
0:56,101395.71,25.29,20.69,101420.48,16.34,54.36,-1080926.87,4.92
0:57,101397.38,25.32,20.63,101422.78,16.17,53.44,-1081290.50,3.68
0:58,101400.00,25.19,20.62,101426.22,14.99,57.46,-1081928.75,3.49
0:59,101386.21,25.18,20.68,101424.33,15.63,57.46,-1082956.25,4.47
1:0,101388.59,25.19,20.54,101429.83,15.33,57.33,-1083097.62,3.89
1:1,101387.99,25.01,20.69,101425.02,14.93,57.07,-1083223.50,3.78
1:2,101395.60,25.02,20.71,101427.69,15.43,54.75,-1084336.25,3.64
1:3,101381.61,25.03,20.71,101421.53,15.52,55.68,-1084631.25,4.16
1:4,101390.82,25.02,20.71,101421.63,14.95,57.60,-1085154.12,3.70
1:5,101388.99,23.83,23.12,101420.62,16.06,53.31,-1085722.75,0.39
1:6,101396.33,13.37,69.71,101416.83,14.19,63.84,-1086496.37,0.12
1:7,101400.62,14.29,63.35,101417.32,13.86,66.12,-1086821.87,0.13
1:8,101400.32,16.60,56.86,101416.74,13.59,68.08,-1087166.37,3.84
1:9,101389.68,23.99,23.56,101415.65,14.45,60.80,-1087967.50,3.73
1:10,101380.74,24.75,21.68,101419.42,15.58,55.16,-1088418.12,4.94
1:11,101378.53,24.91,21.23,101416.36,15.83,53.71,-1088677.25,4.91
1:12,101379.10,24.95,21.14,101415.58,16.33,51.68,-1088951.62,4.23
1:13,101385.53,25.01,20.97,101417.63,16.04,52.29,-1089481.50,3.57
1:14,101380.17,25.03,20.79,101416.00,16.22,51.77,-1089663.12,3.89
1:15,101384.77,25.01,20.93,101422.32,16.16,52.17,-1089614.12,4.12
1:16,101379.78,25.02,20.84,101419.63,15.91,53.74,-1090498.37,3.76
1:17,101386.45,25.00,20.72,101415.74,15.98,53.12,-1090992.37,4.46
1:18,101383.86,24.98,20.79,101419.16,15.11,57.51,-1091111.25,4.94
1:19,101377.93,24.96,20.65,101415.96,15.19,56.87,-1091704.75,4.84
1:20,101376.35,24.93,20.90,101415.62,15.66,53.76,-1092370.62,4.35
1:21,101381.75,24.98,20.72,101411.60,15.78,53.05,-1092848.62,4.52
1:22,101383.50,25.00,20.76,101409.94,15.83,54.48,-1093443.87,4.19
1:23,101382.08,24.97,20.73,101423.19,15.38,55.17,-1093408.75,3.49
1:24,101387.46,24.95,20.66,101415.47,15.97,53.00,-1094701.12,3.69
1:25,101375.62,24.99,20.70,101415.77,15.87,52.68,-1094859.25,4.83
1:26,101384.94,24.96,20.65,101409.25,15.56,56.09,-1095235.75,4.58
1:27,101376.85,24.93,20.66,101412.94,15.67,53.63,-1095699.25,4.35
1:28,101370.82,24.95,20.65,101405.26,15.55,54.67,-1096008.25,3.60
1:29,101368.30,24.96,20.77,101406.63,15.99,53.54,-1096498.75,3.80
1:30,101368.30,24.96,20.55,101399.85,15.79,53.72,-1097082.62,4.75
1:31,101360.08,24.95,20.68,101402.07,15.30,55.38,-1096821.75,4.26
1:32,101360.32,24.90,20.78,101398.84,15.16,55.71,-1098186.75,4.64
1:33,101362.60,24.90,20.74,101398.52,15.65,53.00,-1098459.37,3.79
1:34,101369.21,24.95,20.67,101394.27,16.23,50.92,-1099148.12,3.51
1:35,101364.22,25.00,20.46,101392.46,16.12,51.11,-1099694.62,4.63
1:36,101364.57,25.01,20.53,101389.46,16.10,52.73,-1099844.62,4.51
1:37,101362.63,24.95,20.60,101392.86,15.83,52.30,-1100354.37,4.95
1:38,101357.17,24.94,20.54,101397.08,14.77,58.67,-1100705.75,4.10
1:39,101355.91,24.94,20.65,101394.72,15.78,52.39,-1101040.75,3.76
1:40,101365.86,24.93,20.63,101393.85,15.58,54.15,-1101743.75,4.45
1:41,101360.72,24.88,20.75,101395.11,14.67,59.47,-1102109.25,4.63
1:42,101362.71,24.83,20.77,101391.14,15.52,53.40,-1102671.50,3.81
1:43,101363.10,24.84,20.87,101397.05,15.85,51.63,-1103252.25,4.69
1:44,101361.74,24.84,20.64,101395.64,15.22,55.91,-1104358.75,4.46
1:45,101361.51,24.81,20.74,101394.45,15.14,55.97,-1104666.75,4.56
1:46,101366.28,24.87,20.67,101392.85,15.69,53.05,-1104833.12,3.98
1:47,101355.77,24.87,20.59,101392.32,15.89,52.57,-1104886.00,3.66
1:48,101359.53,24.89,20.54,101390.00,15.46,54.76,-1105352.50,4.58
1:49,101362.19,24.82,20.86,101396.49,15.51,53.23,-1105753.12,3.63
1:50,101366.07,24.90,20.54,101396.30,15.41,54.78,-1106177.75,4.94
1:51,101364.80,24.85,20.62,101395.35,15.63,53.12,-1106538.37,3.60
1:52,101362.30,24.91,20.57,101392.78,15.96,51.97,-1107113.12,4.54
1:53,101359.02,24.92,20.60,101390.67,15.46,54.26,-1106870.25,4.36
1:54,101353.20,24.94,20.63,101391.75,15.70,54.03,-1107954.12,3.72
1:55,101356.24,24.94,20.48,101391.89,15.60,54.39,-1108148.00,5.01
1:56,101358.59,24.97,20.41,101392.19,15.87,52.77,-1108412.00,3.67
1:57,101353.88,24.94,20.66,101388.78,15.43,54.51,-1108747.12,3.78
1:58,101357.32,24.92,20.73,101390.78,15.74,53.21,-1108931.00,4.94
1:59,101358.74,24.95,20.51,101392.36,15.59,53.49,-1109751.25,4.74
2:0,101361.48,24.94,20.62,101394.83,15.97,51.83,-1110248.50,4.69
2:1,101360.91,24.91,20.74,101391.77,15.42,55.13,-1110706.00,4.23
2:2,101355.46,24.91,20.75,101392.85,16.08,51.61,-1110703.12,3.81
2:3,101354.03,24.98,20.44,101388.52,16.09,51.57,-1111476.87,3.62
2:4,101363.88,24.99,20.56,101386.70,15.89,53.62,-1111526.00,4.64
2:5,101349.72,24.87,20.76,101388.27,14.00,59.60,-1111914.25,4.65
2:6,101355.31,24.88,20.70,101386.39,15.28,54.83,-1112621.25,4.47
2:7,101356.42,24.85,20.79,101388.10,15.59,52.59,-1113363.25,4.13
2:8,101348.80,24.93,20.53,101388.42,15.85,52.50,-1114164.50,4.45
2:9,101349.47,24.93,20.69,101381.29,15.98,51.52,-1114299.37,4.63
2:10,101344.89,24.97,20.60,101379.69,15.38,55.10,-1113943.87,4.85
2:11,101348.22,24.90,20.86,101380.69,15.71,52.50,-1114419.37,4.30
2:12,101350.69,24.90,20.79,101382.69,15.91,51.39,-1114646.00,4.13
2:13,101343.49,24.89,20.74,101372.99,14.49,57.51,-1115228.75,4.47
2:14,101346.22,24.87,20.74,101375.17,15.60,52.86,-1116055.75,4.49
2:15,101351.08,24.88,20.66,101371.86,15.48,54.06,-1115724.25,3.91
2:16,101340.63,24.84,20.67,101380.47,15.20,54.16,-1116611.62,4.34
2:17,101340.45,24.84,20.79,101376.89,15.34,54.55,-1116938.75,4.67
2:18,101338.48,24.79,20.76,101374.67,14.53,56.79,-1116856.12,3.82
2:19,101337.56,24.75,20.66,101370.08,13.55,62.71,-1117229.75,4.73
2:20,101337.67,24.67,20.77,101371.25,13.09,65.34,-1117835.12,3.69
2:21,101339.52,24.66,20.92,101373.25,13.87,62.11,-1118779.25,3.87
2:22,101340.19,24.65,20.90,101370.69,13.44,64.05,-1118774.50,4.91
2:23,101334.28,24.67,20.83,101372.09,14.20,60.96,-1119778.75,3.78
2:24,101328.60,24.69,20.77,101368.03,14.04,59.88,-1119396.00,3.98
2:25,101329.32,24.67,20.75,101371.57,15.25,54.39,-1119561.12,4.72
2:26,101319.34,24.66,20.79,101363.78,14.30,57.58,-1119724.37,3.86
2:27,101328.28,24.65,20.75,101360.09,14.49,57.13,-1120150.62,4.40
2:28,101322.13,24.72,20.68,101361.67,15.50,53.82,-1120194.25,4.87
2:29,101327.66,24.73,20.81,101361.66,15.89,51.43,-1120359.62,3.69
2:30,101327.68,24.75,20.73,101362.69,15.30,53.69,-1120735.00,4.76
2:31,101330.32,24.67,20.73,101360.44,13.71,60.82,-1120703.50,3.75
2:32,101324.60,24.63,20.69,101361.15,13.25,62.10,-1121087.25,5.04
2:33,101324.35,24.60,20.79,101362.38,14.75,56.56,-1121099.75,4.37
2:34,101335.33,24.54,20.82,101363.36,13.65,61.19,-1121783.75,3.91
2:35,101326.88,24.54,20.64,101362.33,14.35,57.98,-1122082.75,4.71
2:36,101326.35,24.49,20.73,101354.13,13.23,63.27,-1120928.62,4.67
2:37,101337.74,24.39,20.75,101360.05,13.80,59.19,-1122270.87,4.42
2:38,101338.10,24.46,20.84,101364.39,14.65,57.89,-1122158.62,3.53
2:39,101322.89,24.45,20.89,101357.52,14.69,55.80,-1121786.75,4.45
2:40,101336.14,24.38,20.76,101357.96,12.95,64.36,-1121818.37,4.81
2:41,101324.93,24.31,20.80,101354.36,13.29,62.85,-1122896.12,4.40
2:42,101330.64,24.24,20.87,101359.91,12.89,65.14,-1123053.12,4.97
2:43,101317.25,24.22,20.71,101350.89,13.40,60.17,-1123293.37,4.92
2:44,101322.47,24.30,20.70,101354.42,14.44,56.91,-1123711.25,4.43
2:45,101324.49,24.29,20.67,101356.44,13.49,61.68,-1123075.75,4.67
2:46,101334.82,24.26,21.00,101358.17,15.00,53.50,-1122829.62,4.27
2:47,101332.57,24.42,20.44,101361.69,15.26,52.48,-1122977.25,4.34
2:48,101325.18,24.42,20.63,101357.61,14.56,55.33,-1123030.75,4.72
2:49,101317.23,24.38,20.67,101350.46,13.89,59.66,-1123411.62,5.03
2:50,101321.46,24.30,20.82,101354.33,12.72,64.04,-1122722.25,3.47
2:51,101328.73,24.26,20.93,101357.28,13.37,62.15,-1123743.87,4.45
2:52,101320.35,24.29,20.93,101350.07,14.18,56.84,-1124065.75,4.16
2:53,101325.25,24.45,20.84,101356.08,14.81,54.70,-1123829.50,3.75
2:54,101316.08,24.54,20.58,101349.03,15.09,52.47,-1123660.00,4.32
2:55,101312.60,24.64,20.46,101348.32,15.01,53.68,-1123982.37,5.07
2:56,101314.80,24.64,20.71,101343.71,14.29,56.34,-1123799.25,4.06
2:57,101315.29,24.67,20.84,101350.47,14.80,55.16,-1123567.62,4.74
2:58,101313.91,24.65,21.02,101347.11,13.49,61.39,-1123895.25,4.76
2:59,101316.29,24.61,21.06,101344.71,12.93,63.33,-1124407.87,4.79
3:0,101312.56,24.69,21.13,101345.42,13.52,58.85,-1124175.75,4.36
3:1,101312.45,24.78,21.40,101353.64,13.49,61.58,-1124426.75,4.88
3:2,101321.05,24.95,21.59,101347.79,14.30,58.37,-1124255.62,5.12
3:3,101325.72,25.16,21.54,101354.77,14.75,54.62,-1124375.75,4.85
3:4,101322.61,25.37,21.42,101354.83,15.10,52.74,-1124192.75,4.93
3:5,101321.09,25.27,22.13,101356.57,14.12,57.62,-1124354.87,5.14
3:6,101320.51,25.04,22.79,101351.75,13.58,60.76,-1124099.87,3.72
3:7,101324.25,24.80,23.40,101352.14,13.42,61.48,-1124581.00,3.87
3:8,101311.85,24.63,23.63,101344.86,14.33,57.21,-1124811.75,4.78
3:9,101320.17,24.39,24.14,101347.60,13.31,61.09,-1124485.25,3.74
3:10,101318.39,24.04,25.33,101350.91,12.20,67.16,-1124799.75,5.06
3:11,101319.82,23.80,25.73,101346.20,12.12,67.19,-1124974.75,4.58
3:12,101332.39,14.07,46.40,101344.42,11.62,69.06,-1124987.25,0.37
3:13,101321.97,6.95,62.46,101341.20,11.46,66.67,-1125858.75,0.55
3:14,101331.30,5.18,70.70,101342.00,11.07,68.90,-1125284.87,0.40
3:15,101332.22,5.57,76.33,101343.24,10.74,70.46,-1125946.75,0.41
3:16,101328.75,7.38,80.23,101339.05,10.90,72.25,-1127033.12,0.45
3:17,101320.63,8.67,81.32,101344.11,11.13,71.29,-1129642.75,0.48
3:18,101331.39,9.28,81.96,101343.00,11.20,71.81,-1132491.50,0.45
3:19,101323.85,9.55,82.40,101345.02,11.36,71.63,-1135759.87,0.45
3:20,101324.47,9.81,83.41,101344.71,11.35,72.39,-1138190.75,0.46
3:21,101331.08,10.08,84.25,101344.28,11.21,72.49,-1140439.87,0.44
3:22,101338.53,10.23,84.62,101345.66,11.16,72.82,-1142715.25,0.48
3:23,101336.19,10.29,84.71,101345.00,11.17,72.90,-1144457.75,0.48
3:24,101328.70,10.32,84.74,101340.55,11.10,72.88,-1145906.62,0.41
3:25,101323.00,10.45,85.02,101341.32,11.32,73.59,-1147396.62,0.48
3:26,101325.92,10.50,85.03,101340.27,11.23,73.27,-1147853.87,0.48
3:27,101323.02,10.67,85.12,101338.49,11.41,74.16,-1149073.75,0.39
3:28,101322.41,10.79,84.95,101334.30,11.51,73.94,-1149447.25,0.46
3:29,101328.42,11.38,79.27,101334.85,11.76,72.26,-1150402.37,0.41
3:30,101325.01,11.47,76.64,101335.00,11.59,71.49,-1149999.12,0.14
3:31,101326.15,11.76,74.47,101337.61,11.66,71.17,-1151053.25,0.14
3:32,101319.83,19.89,30.68,101335.19,11.69,69.49,-1151011.75,3.65
3:33,101318.96,11.40,75.69,101334.35,11.73,71.10,-1152489.25,0.47
3:34,101330.71,11.78,71.26,101338.83,11.63,70.90,-1152056.00,0.08
3:35,101328.00,11.89,70.46,101334.93,11.50,71.84,-1152397.87,0.14
3:36,101312.19,20.51,27.94,101338.42,12.47,63.44,-1152780.25,3.65
3:37,101318.44,21.98,25.18,101335.65,13.50,59.11,-1153122.50,3.91
3:38,101317.89,22.60,24.24,101337.83,13.31,61.67,-1152543.75,4.67
3:39,101311.26,22.86,23.59,101337.63,13.82,57.51,-1153294.25,4.58
3:40,101300.24,23.08,23.12,101334.77,14.25,56.06,-1153102.25,4.09
3:41,101311.66,23.21,22.88,101341.41,13.82,58.07,-1153088.87,4.31
3:42,101309.55,23.20,22.71,101337.67,13.68,58.40,-1153626.12,4.17
3:43,101315.96,23.18,22.62,101341.33,12.71,61.22,-1153636.87,4.55
3:44,101314.44,23.24,22.38,101342.00,13.39,59.56,-1154582.75,4.88
3:45,101314.12,23.25,22.19,101339.38,13.81,56.83,-1154016.62,4.74
3:46,101320.42,23.27,22.09,101340.64,13.71,57.54,-1154104.75,3.70
3:47,101310.24,23.32,22.01,101340.41,14.13,56.77,-1154456.00,4.30
3:48,101303.24,23.28,21.92,101338.03,12.98,60.31,-1154118.50,4.58
3:49,101309.21,23.23,21.77,101335.51,13.61,57.48,-1154442.87,3.66
3:50,101318.27,23.30,21.93,101338.30,14.40,53.85,-1154857.37,4.34
3:51,101316.07,23.32,21.74,101341.75,13.38,59.62,-1154487.62,3.46
3:52,101309.24,23.29,21.64,101342.25,13.82,56.11,-1155085.75,4.56
3:53,101321.65,23.34,21.52,101338.52,14.14,55.03,-1155096.37,3.59
3:54,101323.64,23.42,21.43,101343.71,13.99,55.93,-1155349.25,4.66
3:55,101323.16,23.43,21.24,101345.88,14.25,54.39,-1155230.75,4.27
3:56,101322.13,23.38,21.43,101345.77,13.88,56.75,-1155273.87,3.94
3:57,101315.97,23.39,21.22,101345.77,14.00,54.89,-1155418.75,4.61
3:58,101319.10,23.46,21.26,101343.25,13.79,57.53,-1154990.25,4.76
3:59,101322.08,23.41,21.32,101342.46,12.63,63.25,-1155098.50,4.56
4:0,101324.41,23.32,21.41,101342.88,13.21,61.04,-1155391.75,4.39
4:1,101315.03,23.34,21.18,101340.10,11.91,65.69,-1155704.50,4.51
4:2,101312.44,23.32,21.34,101331.36,13.87,55.32,-1156228.87,3.51
4:3,101309.75,23.46,21.14,101332.24,14.26,55.14,-1156528.87,3.59
4:4,101305.53,23.53,21.09,101334.10,13.99,55.42,-1156489.62,3.80
4:5,101305.06,23.63,21.03,101330.49,14.27,54.42,-1155966.62,4.72
4:6,101301.02,23.69,21.04,101332.86,14.86,51.45,-1156071.25,3.93
4:7,101305.92,23.78,21.00,101330.54,14.71,52.33,-1156096.25,4.33
4:8,101302.89,23.85,21.08,101327.52,14.66,52.11,-1155713.12,3.91
4:9,101308.33,23.99,20.96,101326.89,14.63,52.56,-1156354.00,4.90
4:10,101306.19,24.13,20.99,101330.93,14.97,51.45,-1156387.50,3.81
4:11,101298.60,24.22,21.30,101323.07,14.00,57.61,-1156260.12,4.42
4:12,101281.50,24.37,21.09,101323.59,14.81,52.66,-1156460.50,4.60
4:13,101285.56,24.49,21.43,101319.72,13.71,58.83,-1156283.62,3.48
4:14,101286.21,24.52,21.71,101314.75,13.03,61.55,-1156222.00,4.66
4:15,101285.64,24.49,21.84,101311.89,13.20,61.36,-1156832.25,3.68
4:16,101278.08,24.55,22.11,101312.76,14.36,55.58,-1157027.87,4.53
4:17,101279.74,24.37,22.71,101308.71,13.26,59.13,-1157280.12,4.84
4:18,101286.63,24.23,23.16,101301.28,13.75,57.53,-1157331.00,4.90
4:19,101282.50,24.11,23.96,101309.88,12.57,64.15,-1156904.25,4.49
4:20,101285.06,23.87,24.05,101305.96,13.09,60.62,-1157353.75,4.87
4:21,101291.97,23.62,25.11,101305.75,11.92,67.11,-1157119.00,4.56
4:22,101288.61,23.34,25.69,101307.50,11.84,66.27,-1157565.87,4.01
4:23,101281.17,23.19,26.29,101303.97,11.58,69.07,-1157631.62,4.98
4:24,101276.31,22.13,28.11,101304.07,11.25,70.11,-1158190.25,0.37
4:25,101291.85,9.89,53.87,101303.21,11.93,64.24,-1157981.00,0.45
4:26,101292.16,5.24,69.00,101306.71,10.88,67.99,-1158055.75,0.45
4:27,101308.59,4.36,73.78,101300.17,10.48,70.15,-1158967.62,0.38
4:28,101298.08,6.77,82.77,101300.89,10.55,71.71,-1159379.25,0.46
4:29,101297.39,9.44,84.08,101309.21,11.00,73.07,-1160352.87,0.45
4:30,101299.91,10.00,84.40,101311.64,11.12,73.55,-1161986.00,0.46
4:31,101303.44,10.16,84.70,101313.92,11.16,74.13,-1163538.75,0.45
4:32,101296.61,10.26,85.05,101312.38,11.18,74.57,-1165204.75,0.46
4:33,101289.44,10.34,85.22,101305.36,11.33,74.31,-1166220.62,0.45
4:34,101299.77,10.41,85.48,101307.64,11.27,74.46,-1166835.25,0.45
4:35,101295.82,10.48,85.76,101306.52,11.29,74.68,-1167625.00,0.48
4:36,101300.53,10.55,85.86,101311.62,11.16,75.18,-1168255.37,0.40
4:37,101296.24,10.58,85.81,101311.76,11.08,74.78,-1169020.00,0.46
4:38,101297.53,10.46,85.59,101306.35,11.05,75.03,-1169968.00,0.46
4:39,101301.41,10.49,85.55,101309.63,11.07,75.18,-1170196.75,0.48
4:40,101300.00,10.56,85.36,101309.80,11.10,75.16,-1170641.37,0.48
4:41,101294.30,11.66,80.22,101313.32,10.91,75.23,-1170920.75,0.45
4:42,101300.52,10.89,82.52,101312.69,11.10,74.27,-1171395.25,0.13
4:43,101302.44,11.19,76.52,101316.89,11.08,73.32,-1171614.50,0.14
4:44,101298.67,14.12,65.00,101313.44,11.14,73.69,-1171862.12,4.16
4:45,101295.06,11.25,77.27,101312.38,11.30,72.97,-1172358.50,0.46
4:46,101305.82,11.46,74.67,101313.94,11.26,72.81,-1172596.37,0.14
4:47,101307.24,11.53,72.63,101314.58,11.23,72.64,-1172569.25,0.14
4:48,101300.72,11.08,79.46,101315.52,11.08,73.97,-1173259.25,0.47
4:49,101302.33,11.23,75.19,101314.53,11.13,73.18,-1173283.00,0.14
4:50,101310.03,11.43,72.87,101321.15,11.19,72.72,-1173257.62,0.14
4:51,101299.10,11.23,78.44,101310.94,11.19,73.75,-1173648.12,0.48
4:52,101304.46,11.46,77.98,101313.66,11.40,72.80,-1173663.12,0.14
4:53,101304.35,11.54,73.34,101310.36,11.43,72.15,-1173681.25,0.13
4:54,101301.01,11.26,78.99,101309.74,11.31,73.59,-1173966.75,0.46
4:55,101299.04,11.41,75.58,101307.77,11.23,72.71,-1174047.87,0.14
4:56,101297.92,11.59,73.21,101309.23,11.28,72.44,-1174143.87,0.14
4:57,101306.00,11.27,78.72,101309.33,11.31,73.49,-1174449.25,0.48
4:58,101307.74,11.45,78.91,101313.49,11.27,73.25,-1174583.87,0.08
4:59,101310.60,11.61,73.44,101312.35,11.36,72.77,-1174442.75,0.14
5:0,101305.88,11.93,73.00,101311.35,11.54,71.78,-1174715.87,0.48
5:1,101304.50,11.39,77.09,101310.67,11.46,72.19,-1174667.25,0.13
5:2,101301.26,11.61,73.84,101310.92,11.45,72.12,-1174793.62,0.13
5:3,101293.42,17.80,35.12,101310.65,11.95,66.94,-1174783.50,4.27
5:4,101300.92,11.48,75.19,101304.96,11.85,69.68,-1175132.25,0.48
5:5,101306.27,11.74,74.14,101309.69,11.66,70.92,-1175071.87,0.15
5:6,101304.46,11.82,71.14,101306.07,11.67,70.73,-1174929.87,0.14
5:7,101287.80,19.34,30.79,101309.08,12.27,63.83,-1175064.87,4.74
5:8,101293.56,21.21,26.76,101306.50,13.03,60.84,-1175216.62,4.29
5:9,101282.60,22.37,24.91,101303.42,13.32,58.86,-1175201.00,4.69
5:10,101283.67,22.69,24.11,101308.03,12.97,60.42,-1175352.37,4.62
5:11,101280.42,22.79,23.64,101302.57,12.00,66.00,-1175532.25,3.85
5:12,101273.35,22.73,23.25,101302.70,11.48,68.63,-1175806.50,4.59
5:13,101275.78,22.50,22.90,101301.08,11.00,71.46,-1175870.75,3.36
5:14,101276.35,22.18,23.02,101298.96,11.76,67.67,-1176507.75,0.46
5:15,101293.29,6.95,65.28,101301.88,11.10,67.53,-1176773.50,0.12
5:16,101292.38,9.26,74.49,101301.50,11.12,71.47,-1176359.75,0.14
5:17,101286.60,10.48,69.84,101298.82,11.16,72.11,-1176282.25,2.47
5:18,101295.38,9.91,81.30,101300.62,10.74,73.48,-1176539.87,0.14
5:19,101291.21,10.68,76.22,101302.89,10.81,73.67,-1176895.25,0.14
5:20,101298.10,11.23,75.22,101303.92,10.91,73.57,-1176981.87,4.56
5:21,101287.47,10.76,81.49,101298.66,11.05,74.51,-1177385.25,0.08
5:22,101291.66,11.15,75.34,101299.23,10.96,73.12,-1177022.25,0.14
5:23,101286.94,11.57,75.62,101298.23,11.00,73.34,-1176980.75,3.53
5:24,101279.99,10.92,80.78,101291.99,11.15,74.28,-1177234.62,0.40
5:25,101288.17,11.35,74.75,101299.82,11.01,73.37,-1176918.37,0.13
5:26,101288.05,11.50,73.02,101294.85,10.98,73.37,-1177152.37,0.12
5:27,101284.08,11.04,78.98,101293.81,11.01,74.32,-1177535.75,0.48
5:28,101287.32,11.27,74.31,101293.97,11.03,73.40,-1177175.12,0.14
5:29,101285.72,11.33,72.45,101291.77,10.80,73.60,-1177056.62,0.14
5:30,101273.21,19.82,29.30,101292.08,10.75,73.00,-1177590.12,4.49
5:31,101262.29,20.24,28.90,101286.36,12.24,63.69,-1177575.62,0.40
5:32,101273.43,10.39,75.19,101284.58,11.34,70.22,-1177693.75,0.14
5:33,101276.84,11.19,71.77,101282.92,11.23,71.39,-1177401.75,0.08
5:34,101281.00,12.54,69.41,101284.55,11.07,73.00,-1177611.12,0.48
5:35,101282.00,10.82,80.48,101293.55,10.90,73.95,-1177426.87,0.14
5:36,101280.11,11.20,74.38,101287.35,10.88,73.56,-1177530.50,0.14
5:37,101272.39,12.72,76.52,101291.07,10.84,74.04,-1177701.25,4.03
5:38,101296.61,11.20,76.55,101291.33,11.25,73.21,-1178004.12,0.49
5:39,101289.61,11.40,75.17,101297.22,11.05,73.09,-1177527.25,0.12
5:40,101292.82,11.46,71.89,101300.89,10.98,73.27,-1177464.00,0.13
5:41,101284.02,10.89,81.17,101294.85,10.87,74.25,-1177779.50,0.45
5:42,101287.46,11.04,76.02,101293.21,10.76,74.35,-1178065.37,0.14
5:43,101290.03,11.23,73.39,101294.08,10.71,74.33,-1177849.00,0.12
5:44,101278.79,12.69,65.03,101289.42,11.55,70.23,-1178194.25,0.45
5:45,101287.15,11.29,77.96,101290.14,11.20,72.57,-1178077.25,0.14
5:46,101287.86,11.43,72.84,101294.13,11.10,73.08,-1177900.62,0.14
5:47,101283.66,12.03,71.99,101289.70,11.08,73.65,-1178207.75,0.46
5:48,101287.79,11.05,78.68,101294.11,10.98,74.49,-1177849.12,0.13
5:49,101288.74,11.26,73.98,101299.64,10.86,74.09,-1177852.12,0.14
5:50,101273.92,17.25,38.62,101288.24,11.40,69.44,-1178478.75,4.17
5:51,101290.03,11.02,77.31,101293.34,11.30,72.01,-1178238.37,0.46
5:52,101289.63,11.36,75.11,101300.56,10.87,73.61,-1178184.75,0.14
5:53,101286.09,11.33,72.66,101296.40,10.90,74.10,-1178211.00,0.12
5:54,101288.32,10.85,81.07,101296.34,11.04,75.16,-1178770.87,0.48
5:55,101291.63,11.10,78.00,101291.96,10.87,74.99,-1178225.50,0.10
5:56,101280.60,11.35,74.65,101293.93,11.00,74.01,-1178295.00,0.13
5:57,101275.11,10.69,82.21,101292.42,10.86,75.31,-1178025.25,0.48
5:58,101281.38,11.02,78.37,101290.39,10.79,74.37,-1178079.37,0.13
5:59,101279.85,11.17,75.18,101295.24,10.88,74.32,-1178427.25,0.14
6:0,101263.18,14.57,53.23,101285.85,11.92,67.20,-1178688.50,0.46
6:1,101284.38,11.14,78.23,101286.68,11.20,72.87,-1178700.50,0.14
6:2,101277.69,11.31,73.63,101279.77,11.17,72.82,-1178423.25,0.13
6:3,101272.36,11.66,76.68,101284.59,11.07,73.89,-1178234.75,0.46
6:4,101276.08,10.81,81.58,101287.30,10.93,74.73,-1178772.12,0.14
6:5,101279.36,11.01,74.71,101286.22,10.82,73.69,-1178495.75,0.12
6:6,101277.89,12.53,70.01,101282.46,10.78,74.03,-1178535.62,0.47
6:7,101273.25,10.68,81.13,101283.44,10.79,75.02,-1179291.12,0.14
6:8,101275.39,11.05,76.36,101283.49,10.93,74.42,-1178879.87,0.13
6:9,101269.00,13.96,59.12,101286.72,10.95,73.25,-1178380.12,3.60
6:10,101266.82,14.35,53.16,101282.40,11.97,65.93,-1178635.25,0.45
6:11,101279.78,11.04,77.35,101283.94,11.09,71.87,-1178871.00,0.11
6:12,101281.59,11.32,73.94,101291.02,10.84,73.03,-1178607.00,0.08
6:13,101288.29,11.41,76.91,101290.20,10.72,73.86,-1177860.75,0.46
6:14,101278.53,10.62,80.91,101291.13,10.52,74.42,-1179268.37,0.08
6:15,101282.60,10.96,77.57,101287.03,10.58,74.58,-1179224.62,0.08
6:16,101275.16,15.77,45.25,101288.78,10.66,73.07,-1179462.62,4.51
6:17,101263.02,17.82,35.07,101288.31,12.05,64.10,-1179349.37,0.40
6:18,101282.78,10.72,76.82,101293.13,10.97,71.32,-1178847.12,0.13
6:19,101287.82,11.19,74.30,101295.13,10.67,73.08,-1178522.75,0.09
6:20,101283.60,13.39,65.58,101296.16,10.72,74.08,-1178986.62,3.63
6:21,101274.88,19.37,29.91,101290.44,11.38,68.72,-1179389.37,4.72
6:22,101285.41,12.10,56.70,101289.03,11.17,68.37,-1179056.62,0.48
6:23,101282.63,10.62,75.55,101291.47,10.90,71.86,-1179173.75,0.14
6:24,101288.75,11.08,71.75,101299.08,10.85,72.48,-1178861.00,0.13
6:25,101270.13,18.58,34.20,101291.74,11.48,67.45,-1179379.25,4.50
6:26,101280.42,10.94,73.47,101292.14,11.55,69.18,-1179005.62,0.47
6:27,101286.00,11.21,75.55,101290.00,11.14,72.09,-1178758.62,0.08
6:28,101286.39,11.52,72.03,101295.43,11.02,72.46,-1178918.12,0.13
6:29,101288.98,11.00,78.02,101292.11,11.00,73.50,-1179007.75,0.48
6:30,101287.25,11.13,79.02,101295.32,10.87,73.49,-1178951.62,0.13
6:31,101287.46,11.19,73.83,101291.71,10.74,73.52,-1178532.75,0.14
6:32,101291.14,17.04,41.65,101291.22,11.39,69.46,-1179024.25,0.46
6:33,101283.02,10.79,77.69,101292.50,10.78,73.46,-1179409.62,0.08
6:34,101287.75,11.10,73.08,101294.52,10.71,73.59,-1179290.12,0.07
6:35,101282.70,12.48,69.69,101293.35,10.82,74.44,-1179364.75,0.47
6:36,101285.82,10.66,81.18,101293.21,10.81,75.21,-1179282.25,0.21
6:37,101289.47,10.91,74.93,101294.47,10.70,74.19,-1178654.25,0.14
6:38,101285.09,13.56,65.30,101297.87,10.64,75.13,-1179231.25,3.98
6:39,101277.41,15.95,44.44,101294.46,12.14,64.16,-1179542.50,0.46
6:40,101290.76,10.88,77.13,101296.67,11.22,71.34,-1179347.25,0.12
6:41,101288.72,11.38,72.74,101300.14,10.91,72.59,-1179094.87,0.08
6:42,101291.75,11.78,73.40,101297.47,10.76,74.05,-1179393.00,0.50
6:43,101286.17,10.67,80.88,101296.27,10.62,74.71,-1179443.25,0.09
6:44,101288.52,10.92,77.08,101294.19,10.67,74.01,-1179301.87,0.14
6:45,101282.96,15.67,50.19,101296.39,10.89,72.70,-1179301.50,4.54
6:46,101273.96,14.89,48.97,101291.08,11.56,68.13,-1179113.62,0.48
6:47,101286.13,10.85,76.61,101293.92,10.80,72.83,-1179311.50,0.12
6:48,101288.35,11.22,72.08,101291.36,10.81,72.87,-1179600.62,0.10
6:49,101277.72,17.07,41.79,101292.39,11.11,71.32,-1179576.87,4.49
6:50,101295.32,10.90,76.21,101288.86,11.20,72.11,-1179776.50,0.52
6:51,101287.58,11.25,76.31,101293.01,11.07,72.42,-1179455.00,0.12
6:52,101289.52,11.37,71.77,101295.44,10.86,72.93,-1179291.37,0.12
6:53,101284.61,10.64,81.72,101295.97,10.80,74.99,-1179798.75,0.48
6:54,101289.38,10.96,79.74,101297.48,10.85,74.67,-1179650.37,0.08
6:55,101295.99,11.21,75.28,101296.42,10.86,74.34,-1179543.62,0.14
6:56,101304.08,11.30,74.91,101302.14,11.02,73.89,-1179657.75,0.46
6:57,101294.03,11.00,76.51,101299.64,10.84,74.10,-1179519.00,0.13
6:58,101292.71,11.25,73.58,101301.27,10.90,73.84,-1179544.75,0.14
6:59,101289.19,10.73,81.51,101297.50,10.81,75.76,-1179406.25,0.48
7:0,101292.44,10.82,78.45,101295.83,10.74,74.46,-1179771.00,0.12
7:1,101290.03,10.95,74.98,101296.03,10.69,74.59,-1179644.37,0.14
7:2,101276.83,17.97,34.59,101292.13,11.33,70.49,-1180159.75,4.66
7:3,101282.82,10.76,77.11,101294.53,11.14,72.25,-1180155.50,0.48
7:4,101289.21,11.23,75.52,101294.91,11.11,72.95,-1179875.25,0.08
7:5,101289.12,11.40,73.04,101299.24,11.00,73.61,-1179843.62,0.13
7:6,101289.71,10.60,82.23,101299.61,10.81,75.36,-1180044.37,0.48
7:7,101296.05,10.97,77.33,101301.58,10.85,74.37,-1179798.62,0.14
7:8,101292.48,11.22,75.51,101302.63,10.92,74.88,-1179821.87,0.14
7:9,101292.75,12.57,63.99,101296.10,11.18,71.41,-1179727.50,0.47
7:10,101293.80,10.95,75.79,101301.44,10.85,73.50,-1179683.12,0.12
7:11,101293.74,11.17,73.10,101300.03,10.77,73.89,-1180049.12,0.13
7:12,101275.83,17.43,38.01,101300.91,11.05,70.39,-1180001.25,4.65
7:13,101278.85,19.98,29.47,101299.92,12.08,64.02,-1180319.62,0.48
7:14,101289.83,10.44,76.83,101301.72,10.91,72.49,-1180196.25,0.13
7:15,101295.33,11.02,72.91,101298.61,10.79,73.66,-1180106.12,0.14
7:16,101299.82,11.84,78.44,101296.29,10.69,74.27,-1180290.25,3.75
7:17,101283.12,17.22,39.02,101297.83,12.06,65.00,-1180295.50,0.50
7:18,101293.83,10.82,77.13,101298.42,11.19,71.90,-1180057.37,0.14
7:19,101295.39,11.09,72.54,101299.67,10.92,72.94,-1179928.75,0.14
7:20,101289.34,11.48,75.67,101304.10,10.89,74.29,-1180366.00,0.48
7:21,101295.50,10.74,81.58,101301.96,10.90,74.70,-1180590.00,0.08
7:22,101302.04,11.07,76.91,101306.56,10.87,74.23,-1180376.00,0.14
7:23,101290.08,15.22,56.41,101308.47,11.00,74.10,-1180254.75,1.79
7:24,101299.11,10.77,80.12,101311.56,11.00,74.59,-1180466.12,0.12
7:25,101309.08,11.08,74.65,101313.28,10.88,74.03,-1180398.00,0.14
7:26,101309.74,11.33,75.68,101308.97,10.76,74.49,-1180398.62,3.63
7:27,101289.25,17.67,37.25,101311.46,12.03,65.16,-1180333.00,0.49
7:28,101310.42,10.88,77.31,101319.74,11.19,72.18,-1180352.12,0.14
7:29,101312.99,11.23,73.00,101320.58,10.94,73.52,-1180293.12,0.12
7:30,101308.36,14.73,57.42,101318.90,10.73,73.83,-1180077.00,4.52
7:31,101304.28,16.56,41.32,101317.55,12.03,65.09,-1180862.62,0.48
7:32,101311.25,10.89,76.94,101320.35,11.34,71.60,-1180664.87,0.13
7:33,101313.58,11.32,72.96,101325.11,11.14,72.62,-1180530.62,0.14
7:34,101309.75,11.52,75.56,101319.61,10.76,73.86,-1180731.62,0.47
7:35,101310.57,10.74,81.32,101321.93,10.77,75.22,-1181075.50,0.13
7:36,101315.86,11.02,75.35,101325.11,10.81,74.73,-1180593.12,0.15
7:37,101309.99,11.49,77.66,101323.75,10.91,74.96,-1180711.00,0.42
7:38,101310.25,10.80,82.14,101320.42,10.90,75.50,-1180881.37,0.14
7:39,101314.61,11.13,78.51,101320.11,10.96,74.36,-1180867.25,0.14
7:40,101303.78,12.41,72.24,101318.35,10.82,74.24,-1180555.25,0.49
7:41,101309.97,10.72,81.23,101321.00,10.68,74.70,-1181113.75,0.14
7:42,101315.36,11.06,76.98,101318.98,10.79,75.26,-1180891.12,0.13
7:43,101307.50,14.69,56.68,101320.76,10.84,73.89,-1180771.25,3.84
7:44,101315.46,12.74,61.73,101320.08,11.35,69.95,-1180908.62,0.48
7:45,101312.32,11.00,76.94,101324.85,10.94,73.03,-1180910.25,0.13
7:46,101318.17,11.23,72.75,101321.77,10.88,73.60,-1181079.12,0.15
7:47,101320.47,13.17,63.12,101323.00,11.17,72.07,-1181155.25,0.49
7:48,101317.44,10.95,79.34,101325.13,11.01,73.58,-1181330.75,0.14
7:49,101326.11,11.24,74.42,101327.53,11.03,74.28,-1181249.37,0.14
7:50,101312.02,14.93,54.03,101332.33,11.14,72.27,-1180759.50,0.52
7:51,101316.86,10.78,79.68,101328.50,10.89,74.09,-1181378.12,0.12
7:52,101321.42,11.09,74.73,101333.66,10.81,75.01,-1181068.75,0.12
7:53,101307.67,13.60,63.96,101323.46,10.78,74.71,-1181072.37,4.06
7:54,101312.60,13.76,56.30,101321.99,11.87,67.15,-1181437.37,0.41
7:55,101316.39,11.07,77.90,101322.26,11.08,73.06,-1181300.75,0.14
7:56,101315.27,11.18,72.90,101323.25,10.83,73.79,-1180915.87,0.14
7:57,101301.78,17.37,39.77,101323.32,11.21,70.76,-1181502.75,3.62
7:58,101300.02,11.30,72.31,101315.44,11.33,71.46,-1181555.12,0.49
7:59,101313.55,11.19,74.89,101321.38,11.02,73.68,-1181270.75,0.14
8:0,101310.71,11.23,72.96,101318.14,10.74,74.47,-1181097.75,0.13
8:1,101303.47,10.80,80.64,101316.14,10.75,75.69,-1181501.87,0.52
8:2,101311.10,10.94,80.22,101312.78,10.77,75.17,-1181442.75,0.14
8:3,101312.59,11.19,74.75,101317.91,10.93,74.88,-1181552.25,0.14
8:4,101296.34,15.43,50.28,101313.89,11.63,69.63,-1181496.25,0.48
8:5,101307.89,11.04,78.20,101317.55,11.05,74.05,-1180645.25,0.14
8:6,101305.42,11.44,75.10,101315.35,10.89,74.74,-1181297.87,0.14
8:7,101303.75,14.37,58.34,101314.50,10.76,75.30,-1181352.25,0.50
8:8,101308.67,10.85,80.17,101317.66,10.91,75.42,-1181655.50,0.14
8:9,101307.57,11.14,74.95,101318.31,10.79,74.88,-1181420.87,0.09
8:10,101307.84,13.59,64.15,101318.50,10.84,75.64,-1181563.25,4.32
8:11,101304.60,10.83,80.00,101320.21,10.91,74.58,-1181364.50,0.48
8:12,101316.33,11.20,76.99,101322.67,10.87,74.67,-1181513.25,0.13
8:13,101315.07,11.34,74.16,101326.65,10.78,74.96,-1181416.87,0.14
8:14,101306.03,10.63,82.63,101322.91,10.74,76.54,-1182042.75,0.47
8:15,101318.04,11.04,79.67,101323.51,10.79,75.88,-1181802.25,0.14
8:16,101322.17,11.23,75.32,101324.53,10.82,75.52,-1181703.75,0.14
8:17,101307.85,11.72,70.65,101324.19,11.15,72.70,-1181443.12,0.47
8:18,101319.07,11.03,76.12,101325.66,10.89,73.89,-1181166.25,0.14
8:19,101316.56,11.17,73.58,101320.15,10.74,74.43,-1181412.00,0.12
8:20,101304.59,17.38,36.74,101320.25,11.20,69.10,-1181856.75,0.48
8:21,101310.92,10.80,78.89,101319.17,11.02,73.78,-1181873.00,0.14
8:22,101313.82,11.29,75.55,101321.19,11.06,73.56,-1181605.37,0.13
8:23,101314.91,11.83,79.23,101321.88,10.98,74.05,-1181614.00,0.52
8:24,101313.04,10.69,82.60,101321.39,10.92,75.53,-1181768.25,0.14
8:25,101312.72,10.99,76.37,101317.82,10.88,75.17,-1181848.25,0.08
8:26,101317.92,11.67,82.55,101318.49,10.95,75.41,-1181619.75,3.65
8:27,101298.83,13.60,59.18,101308.60,11.79,68.93,-1181935.37,0.47
8:28,101304.35,11.29,78.25,101309.77,11.34,73.05,-1181608.75,0.14
8:29,101307.86,11.55,74.62,101311.08,11.19,73.93,-1181398.87,0.14
8:30,101300.74,11.36,78.89,101307.70,10.95,75.51,-1181623.50,0.47
8:31,101302.50,10.95,80.05,101312.03,11.01,74.84,-1181611.25,0.12
8:32,101305.55,11.15,74.62,101304.85,10.89,74.27,-1181315.87,0.08
8:33,101296.49,14.51,55.09,101305.13,11.27,71.29,-1181823.75,0.48
8:34,101299.16,10.90,80.18,101301.43,11.15,74.15,-1182040.12,0.16
8:35,101302.89,11.25,75.02,101308.41,11.08,74.14,-1181547.50,0.14
8:36,101295.57,13.04,66.91,101303.67,11.12,74.00,-1181672.87,0.47
8:37,101299.65,10.86,81.19,101302.17,11.10,74.81,-1181859.75,0.14
8:38,101293.57,11.23,76.02,101302.26,11.03,74.19,-1181794.25,0.13
8:39,101295.84,12.33,72.85,101300.53,11.07,75.10,-1181723.75,0.49
8:40,101289.07,10.83,82.10,101295.63,11.07,75.06,-1181944.25,0.13
8:41,101290.43,11.19,77.34,101294.78,11.17,74.34,-1181728.50,0.13
8:42,101290.82,11.68,78.56,101295.89,11.10,74.54,-1181620.25,0.48
8:43,101287.97,10.79,82.90,101297.18,11.16,74.94,-1182116.75,0.14
8:44,101289.60,11.21,78.46,101294.38,11.36,74.14,-1181843.25,0.13
8:45,101276.79,12.49,72.85,101299.05,11.30,74.06,-1181427.87,0.50
8:46,101292.63,10.72,82.27,101301.18,11.08,74.67,-1181667.50,0.08
8:47,101297.78,11.14,75.82,101303.03,11.08,73.75,-1181674.75,0.14
8:48,101294.22,11.57,79.18,101301.85,11.05,73.58,-1181836.37,3.11
8:49,101295.10,10.72,82.07,101301.69,11.11,73.85,-1182020.25,0.48
8:50,101296.13,11.14,78.44,101302.42,11.14,73.80,-1181760.50,0.09
8:51,101292.67,11.35,73.95,101298.35,11.10,73.54,-1181795.12,0.12
8:52,101285.58,10.68,82.84,101296.63,11.07,75.21,-1182079.87,0.41
8:53,101295.42,11.04,77.07,101300.88,11.07,73.82,-1182126.25,0.14
8:54,101291.28,11.32,74.66,101296.39,11.17,73.51,-1181907.37,0.13
8:55,101284.59,13.78,57.30,101292.49,11.85,67.80,-1181872.25,0.48
8:56,101291.22,11.27,78.81,101292.89,11.29,71.87,-1181657.75,0.13
8:57,101288.13,11.59,73.12,101293.08,11.29,72.56,-1181891.37,0.14
8:58,101289.78,11.72,77.95,101290.64,11.23,73.81,-1181840.00,0.48
8:59,101289.55,11.03,81.97,101291.07,11.25,74.40,-1182002.75,0.12
9:0,101291.32,11.36,76.78,101293.78,11.33,73.63,-1181935.25,0.13
9:1,101286.27,11.43,79.26,101289.15,11.31,74.37,-1181995.00,0.48
9:2,101290.13,10.85,82.47,101289.44,11.08,73.94,-1181824.37,0.14
9:3,101287.49,11.24,77.64,101280.13,11.13,73.97,-1182105.75,0.14
9:4,101282.06,11.27,79.44,101285.59,11.22,74.26,-1182110.87,0.48
9:5,101280.74,10.83,82.71,101285.42,11.06,73.35,-1181949.62,0.13
9:6,101280.58,11.16,75.94,101282.50,11.13,73.21,-1182275.75,0.14
9:7,101270.63,12.69,67.54,101283.00,11.21,72.91,-1181972.50,0.49
9:8,101280.85,10.86,81.65,101282.71,11.26,73.89,-1182333.75,0.13
9:9,101279.38,11.26,75.77,101280.49,11.25,73.03,-1182110.75,0.13
9:10,101267.35,12.69,67.48,101280.25,11.21,72.82,-1181948.75,0.48
9:11,101281.50,10.77,81.91,101284.09,11.16,73.67,-1182085.50,0.15
9:12,101282.83,11.17,77.08,101281.96,11.21,73.15,-1182248.25,0.14
9:13,101275.94,11.63,78.12,101285.55,11.30,74.47,-1182103.62,0.49
9:14,101283.78,10.80,82.97,101280.16,11.23,73.74,-1182127.00,0.13
9:15,101278.86,11.20,78.72,101284.66,11.38,72.81,-1182046.00,0.08
9:16,101285.69,11.56,78.60,101284.54,11.33,73.48,-1181936.50,0.48
9:17,101279.21,10.76,82.94,101278.05,11.23,74.13,-1182168.50,0.13
9:18,101276.91,11.18,79.01,101284.15,11.38,73.56,-1182088.62,0.14
9:19,101283.88,11.49,78.99,101279.39,11.39,73.59,-1182000.75,0.48
9:20,101278.13,10.79,82.93,101277.99,11.26,73.03,-1182011.75,0.12
9:21,101274.82,11.14,74.98,101279.97,11.18,72.15,-1181825.87,0.13
9:22,101267.15,12.98,65.23,101279.34,11.24,72.38,-1182210.75,2.46
9:23,101270.01,10.63,82.02,101273.89,11.33,72.41,-1182468.37,0.14
9:24,101275.19,11.13,78.07,101276.27,11.42,71.70,-1182446.87,0.12
9:25,101267.72,11.52,74.62,101275.05,11.45,71.58,-1182179.62,5.25
9:26,101270.38,10.66,82.39,101274.55,11.22,71.94,-1181997.87,0.48
9:27,101272.81,11.14,75.36,101271.64,11.27,71.53,-1182185.75,0.14
9:28,101267.92,11.53,72.43,101271.28,11.35,70.98,-1182154.75,0.14
9:29,101264.86,10.63,82.27,101268.75,11.23,71.26,-1182185.00,0.50
9:30,101274.07,11.09,75.06,101269.46,11.36,70.66,-1182287.87,0.13
9:31,101263.08,11.40,71.17,101266.02,11.22,69.55,-1182439.75,0.12
9:32,101258.16,10.47,81.67,101267.45,11.11,70.45,-1182396.75,0.40
9:33,101266.53,10.94,74.69,101266.16,11.22,69.86,-1182558.75,0.14
9:34,101262.72,11.40,73.05,101268.55,11.36,69.93,-1182349.62,0.14
9:35,101257.88,10.58,82.56,101268.32,11.39,71.76,-1182410.25,0.48
9:36,101261.90,11.05,75.74,101268.27,11.45,70.41,-1182328.75,0.14
9:37,101261.67,11.50,70.87,101260.75,11.35,69.14,-1182243.75,0.12
9:38,101257.14,10.47,81.19,101254.40,11.16,69.22,-1182233.62,0.46
9:39,101252.94,10.95,73.55,101257.46,11.19,69.37,-1182172.37,0.14
9:40,101252.92,11.39,72.91,101259.86,11.31,69.27,-1182673.75,0.12
9:41,101249.67,10.53,80.79,101259.91,11.46,70.54,-1182624.75,0.46
9:42,101255.25,11.02,75.11,101257.75,11.42,68.50,-1182393.12,0.14
9:43,101260.89,11.47,70.53,101258.33,11.32,67.64,-1182064.75,0.13
9:44,101249.28,10.38,80.04,101257.04,11.11,68.59,-1182359.12,0.51
9:45,101260.35,10.85,74.53,101256.86,11.17,67.63,-1182677.50,0.14
9:46,101255.46,11.31,71.48,101260.20,11.21,67.62,-1182709.50,0.12
9:47,101250.83,10.33,79.96,101253.57,11.10,69.07,-1182576.50,0.43
9:48,101254.99,10.82,75.51,101254.96,11.30,68.11,-1182741.25,0.13
9:49,101249.63,11.36,72.11,101254.97,11.49,68.48,-1182591.37,0.13
9:50,101246.52,10.45,80.32,101253.57,11.40,68.68,-1182524.25,0.48
9:51,101250.73,10.90,76.64,101248.23,11.57,68.35,-1182608.12,0.14
9:52,101249.15,11.43,72.39,101248.07,11.66,67.99,-1182431.87,0.08
9:53,101246.10,10.65,77.74,101248.06,11.43,67.89,-1182239.00,0.48
9:54,101251.89,10.89,75.23,101253.42,11.41,67.82,-1182170.75,0.14
9:55,101249.22,11.41,69.47,101254.11,11.37,67.49,-1182166.87,0.13
9:56,101254.73,10.85,76.46,101254.13,11.49,68.15,-1182482.12,0.50
9:57,101251.29,10.89,77.72,101253.52,11.41,67.24,-1182654.75,0.13
9:58,101253.49,11.40,71.35,101250.54,11.50,67.52,-1182637.50,0.13
9:59,101262.00,10.91,79.16,101256.58,11.57,69.33,-1182477.25,0.46
10:0,101258.10,11.07,78.41,101255.42,11.65,67.30,-1182633.50,0.13
10:1,101257.67,11.61,70.12,101257.40,11.69,67.27,-1182463.87,0.06
10:2,101260.05,11.01,77.76,101260.10,11.70,68.27,-1182311.62,0.45
10:3,101260.11,11.11,77.95,101259.42,11.62,67.63,-1182355.00,0.13
10:4,101260.65,11.62,71.18,101260.52,11.75,67.98,-1182271.87,0.13
10:5,101260.85,11.49,72.71,101261.32,11.75,67.36,-1182240.50,0.45
10:6,101262.83,11.05,78.60,101264.32,11.60,66.97,-1182447.87,0.14
10:7,101264.32,11.64,69.99,101267.35,11.65,66.60,-1182306.62,0.14
10:8,101274.70,11.80,71.29,101270.38,11.82,66.44,-1182625.00,0.46
10:9,101263.88,11.12,78.60,101266.85,11.90,66.61,-1182513.50,0.08
10:10,101268.36,11.73,69.46,101266.24,11.98,65.81,-1182432.00,0.09
10:11,101263.89,15.51,42.51,101271.13,12.20,63.03,-1182237.87,4.76
10:12,101246.71,18.58,31.09,101268.07,12.80,58.50,-1182088.50,4.54
10:13,101259.05,21.00,27.08,101273.41,12.34,61.60,-1181664.00,3.75
10:14,101243.80,21.96,25.30,101269.09,12.43,60.13,-1182294.00,4.24
10:15,101253.25,22.38,24.14,101269.59,13.93,54.12,-1182057.25,4.40
10:16,101245.75,22.41,23.54,101271.08,14.36,51.80,-1181548.37,4.80
10:17,101250.63,22.32,23.15,101269.69,14.28,52.52,-1181713.50,4.45
10:18,101251.87,22.34,23.00,101268.72,14.16,52.41,-1181451.75,4.39
10:19,101242.19,22.50,22.86,101267.21,14.19,53.66,-1181274.12,3.51
10:20,101248.12,22.58,22.72,101269.49,13.98,54.07,-1181252.62,3.96
10:21,101246.99,22.82,22.24,101275.87,14.39,53.41,-1181068.12,3.88
10:22,101245.97,22.82,22.17,101279.63,14.50,51.06,-1181389.62,3.67
10:23,101252.99,22.86,22.08,101275.25,14.43,52.63,-1181101.25,4.85
10:24,101253.89,22.98,21.87,101275.72,14.46,52.11,-1181187.25,4.26
10:25,101244.92,23.07,21.87,101265.55,14.18,52.96,-1181432.75,4.78
10:26,101260.36,23.01,21.90,101272.18,13.98,54.85,-1181285.25,4.09
10:27,101248.24,22.97,21.74,101270.58,14.37,51.14,-1181622.75,4.44
10:28,101248.10,22.89,21.81,101263.14,12.96,57.70,-1181669.00,4.76
10:29,101242.68,22.94,21.67,101264.30,14.17,52.58,-1180618.50,3.78
10:30,101244.04,22.85,21.42,101263.82,13.96,51.64,-1182016.50,4.07
10:31,101241.67,22.92,21.49,101264.52,14.05,52.55,-1181737.87,4.42
10:32,101238.47,22.98,21.54,101265.53,14.27,52.26,-1181832.75,3.69
10:33,101241.03,23.24,21.31,101262.56,14.83,49.94,-1181378.00,3.60
10:34,101242.65,23.32,21.11,101257.11,13.78,53.31,-1181330.62,3.73
10:35,101237.78,23.30,21.30,101261.27,14.20,53.69,-1181745.62,3.58
10:36,101241.96,23.50,21.20,101262.32,14.98,49.54,-1181478.12,4.98
10:37,101239.64,23.75,20.76,101256.25,15.26,49.19,-1181459.12,3.79
10:38,101244.60,23.86,20.79,101258.13,15.45,48.58,-1181264.50,4.09
10:39,101243.72,24.16,20.80,101261.96,15.87,49.16,-1181014.25,4.71
10:40,101239.00,24.22,20.72,101271.89,14.81,53.36,-1181228.62,3.72
10:41,101239.11,24.14,20.50,101268.58,13.96,55.29,-1180972.12,4.87
10:42,101247.60,24.00,20.47,101264.36,14.61,50.62,-1181518.50,5.04
10:43,101241.14,24.06,20.47,101266.80,14.48,52.80,-1181479.50,3.59
10:44,101231.76,24.14,20.27,101262.42,15.34,49.19,-1181663.25,4.40
10:45,101237.72,24.31,20.22,101266.89,15.17,49.70,-1181622.62,3.64
10:46,101239.04,24.38,20.37,101269.96,14.53,52.99,-1181081.75,3.87
10:47,101239.27,24.53,20.23,101264.72,15.39,50.11,-1181162.37,4.07
10:48,101239.78,24.63,20.03,101262.71,14.89,50.56,-1180808.25,3.60
10:49,101236.33,24.58,20.34,101262.35,14.10,55.50,-1181481.87,4.64
10:50,101238.49,24.65,20.07,101268.32,14.96,52.68,-1181685.75,3.69
10:51,101245.05,24.88,20.11,101265.32,15.41,50.93,-1181708.25,4.37
10:52,101241.21,24.98,19.70,101264.96,14.27,52.78,-1181106.75,4.83
10:53,101242.07,24.68,19.88,101264.78,13.28,56.18,-1181503.00,3.68
10:54,101241.64,24.68,19.92,101267.58,14.69,50.83,-1182248.75,4.59
10:55,101236.66,24.92,19.80,101263.37,15.63,47.69,-1181900.37,4.40
10:56,101242.13,25.10,20.23,101264.83,14.81,50.90,-1181661.62,3.88
10:57,101244.50,25.11,20.00,101267.21,14.12,53.04,-1181868.25,4.14
10:58,101229.85,25.37,20.61,101263.49,14.49,54.34,-1181978.62,3.91
10:59,101247.34,25.47,20.67,101266.60,14.50,52.87,-1181885.75,4.54
11:0,101240.24,25.49,20.56,101262.32,15.35,49.92,-1181693.25,5.15
11:1,101243.25,25.51,20.54,101267.45,15.25,50.39,-1181927.25,4.70
11:2,101261.50,25.45,21.32,101271.22,14.49,53.43,-1181456.50,4.56
11:3,101257.88,25.24,21.62,101276.64,14.38,54.61,-1181917.75,3.66
11:4,101249.75,25.09,21.06,101274.50,14.09,53.79,-1181973.00,4.81
11:5,101261.58,24.63,21.59,101273.66,13.25,55.90,-1181990.50,3.85
11:6,101248.77,24.29,22.05,101274.75,13.89,53.74,-1182434.87,3.80
11:7,101255.25,24.28,22.72,101273.36,13.82,54.68,-1182541.50,4.87
11:8,101268.10,13.74,42.72,101274.57,13.36,55.04,-1182309.87,0.37
11:9,101270.36,6.58,61.43,101270.04,12.51,55.86,-1182323.25,0.45
11:10,101270.99,5.11,68.74,101271.26,12.14,58.92,-1182235.75,0.48
11:11,101260.75,7.09,79.45,101270.46,12.13,60.57,-1183035.25,0.39
11:12,101262.52,9.87,81.46,101269.91,12.57,62.54,-1184242.37,0.46
11:13,101265.77,10.79,82.02,101269.39,13.00,63.49,-1184651.00,0.48
11:14,101264.93,11.23,82.50,101265.96,13.46,63.35,-1185140.87,0.40
11:15,101266.09,11.21,81.47,101268.02,13.18,60.17,-1185529.25,0.39
11:16,101267.32,11.14,81.37,101265.42,13.12,61.31,-1186223.75,0.45
11:17,101267.22,11.13,80.68,101266.36,13.03,60.07,-1186343.75,0.45
11:18,101261.75,11.21,80.93,101266.50,12.96,62.74,-1187080.00,0.42
11:19,101263.72,11.31,79.94,101269.92,12.98,61.15,-1187595.87,0.41
11:20,101251.77,11.57,80.05,101262.87,13.18,62.27,-1188455.50,0.39
11:21,101262.00,11.65,79.88,101262.03,13.08,63.59,-1188856.25,0.45
11:22,101258.24,11.83,79.82,101264.88,13.45,62.57,-1189418.62,0.47
11:23,101251.42,11.81,79.18,101263.74,13.28,62.11,-1189694.37,0.51
11:24,101256.30,11.86,78.65,101264.07,13.03,62.10,-1190144.37,0.39
11:25,101232.10,20.93,28.30,101259.03,13.60,56.94,-1190493.12,4.57
11:26,101235.65,22.38,24.70,101261.26,14.70,51.84,-1190890.62,3.55
11:27,101234.35,23.12,23.32,101261.52,14.83,50.71,-1190741.12,4.61
11:28,101229.82,23.39,22.79,101264.05,14.89,50.53,-1190640.87,4.15
11:29,101244.69,23.60,22.21,101265.72,15.06,48.64,-1191107.00,4.27
11:30,101233.72,23.77,22.03,101264.85,15.19,51.51,-1191351.75,4.35
11:31,101245.12,23.79,21.61,101266.07,14.99,49.14,-1191965.75,3.59
11:32,101234.63,23.89,21.46,101266.46,15.16,49.29,-1192220.62,4.10
11:33,101237.91,23.88,21.10,101261.91,14.57,50.94,-1192192.37,4.80
11:34,101245.28,23.78,21.40,101267.55,15.19,49.23,-1192867.87,4.40
11:35,101231.49,23.87,20.84,101259.96,15.17,49.04,-1193143.62,3.58
11:36,101240.48,23.78,20.59,101260.07,14.24,50.50,-1192974.25,4.72
11:37,101240.11,23.51,20.71,101263.89,13.70,53.01,-1193645.50,4.17
11:38,101248.44,23.56,20.62,101257.00,15.52,45.76,-1194115.87,3.94
11:39,101232.44,23.77,20.58,101252.98,15.51,47.10,-1194236.37,4.00
11:40,101224.67,23.93,20.49,101258.25,16.07,44.39,-1194251.37,4.51
11:41,101231.25,24.08,20.51,101259.17,16.15,44.92,-1193900.87,4.87
11:42,101231.97,24.12,20.43,101257.62,15.50,46.49,-1194345.62,3.97
11:43,101236.97,24.21,20.49,101263.35,16.19,46.14,-1194794.50,4.83
11:44,101232.09,24.22,20.08,101264.00,14.99,48.11,-1194350.25,4.77
11:45,101228.78,23.96,20.07,101264.42,14.80,47.90,-1195111.25,3.76
11:46,101229.94,24.12,20.13,101255.69,16.14,44.14,-1194844.75,3.84
11:47,101230.42,24.05,19.86,101260.72,14.62,48.29,-1194955.62,4.10
11:48,101233.25,23.95,19.98,101261.53,14.49,50.52,-1195027.87,3.58
11:49,101229.57,23.97,20.05,101250.80,15.78,45.64,-1195466.25,4.97
11:50,101228.53,24.16,19.96,101252.38,15.99,44.12,-1195232.87,3.57
11:51,101227.13,24.32,20.17,101252.23,15.65,47.71,-1195670.87,3.87
11:52,101229.05,24.48,19.82,101252.76,16.26,43.72,-1195698.62,4.03
11:53,101217.64,24.52,19.72,101250.41,16.58,43.17,-1195856.75,4.84
11:54,101229.82,24.63,20.02,101251.46,16.43,46.21,-1195668.25,3.80
11:55,101225.04,24.76,19.69,101252.21,16.61,43.32,-1195922.37,4.94
11:56,101218.42,24.79,19.36,101246.15,15.68,45.99,-1195265.25,4.03
11:57,101221.96,24.48,19.25,101244.91,15.14,46.38,-1196135.75,4.18
11:58,101226.78,24.37,19.53,101247.73,15.48,45.54,-1196490.75,4.42
11:59,101224.05,24.65,19.49,101245.83,16.81,42.44,-1196026.25,3.92
12:0,101226.94,24.92,19.39,101243.25,17.34,41.24,-1196224.00,4.18
12:1,101224.59,25.19,19.43,101250.84,16.84,43.87,-1196251.50,4.30
12:2,101222.03,25.28,19.51,101242.72,16.77,44.75,-1196143.12,4.26
12:3,101218.41,25.43,19.15,101240.55,17.27,41.76,-1196000.75,4.68
12:4,101214.11,25.50,19.03,101238.42,17.40,41.66,-1195775.75,4.89
12:5,101212.22,25.60,19.06,101236.60,17.57,41.50,-1196132.00,4.80
12:6,101206.49,25.68,18.98,101241.74,16.67,45.32,-1196186.75,4.98
12:7,101214.99,25.70,18.86,101238.98,17.44,41.07,-1196162.50,4.68
12:8,101215.44,25.60,18.82,101233.00,16.61,43.16,-1196345.00,3.96
12:9,101215.66,25.64,19.00,101235.60,16.72,43.96,-1196560.87,4.16
12:10,101225.36,25.87,18.87,101245.24,17.57,41.50,-1196361.25,4.00
12:11,101216.88,25.61,18.30,101246.77,14.88,47.20,-1196570.75,4.09
12:12,101221.27,25.24,18.46,101243.15,15.83,44.32,-1197669.12,4.31
12:13,101212.11,25.45,18.74,101237.46,17.41,41.80,-1197530.50,4.08
12:14,101211.53,25.73,18.84,101239.55,17.67,40.77,-1197347.37,3.85
12:15,101221.09,25.83,18.52,101238.21,17.56,39.82,-1197141.50,3.82
12:16,101197.69,25.92,18.51,101234.21,17.70,40.15,-1197081.62,5.09
12:17,101213.86,26.00,18.51,101232.27,17.75,40.37,-1197055.50,4.98
12:18,101217.91,26.31,18.97,101234.58,17.45,44.13,-1196667.62,4.70
12:19,101210.66,26.34,18.56,101234.67,16.97,44.42,-1197045.12,3.71
12:20,101225.38,26.43,18.37,101240.36,17.82,42.81,-1196736.25,4.97
12:21,101215.60,26.39,18.03,101234.49,16.70,44.32,-1196704.75,4.78
12:22,101221.64,26.15,17.88,101240.80,15.85,44.81,-1197639.25,4.52
12:23,101209.20,25.94,18.25,101239.07,15.13,48.89,-1197675.50,4.11
12:24,101215.71,26.00,18.25,101247.91,16.55,45.74,-1197729.25,4.56
12:25,101221.46,26.22,18.39,101237.58,17.02,44.44,-1197571.50,4.27
12:26,101214.07,26.45,18.25,101238.39,16.43,45.80,-1197716.75,4.41
12:27,101212.89,26.72,18.07,101230.30,17.77,41.66,-1198057.75,4.19
12:28,101210.64,26.99,17.80,101225.69,18.17,39.63,-1197670.62,3.87
12:29,101201.66,27.22,17.70,101226.18,17.18,43.56,-1197600.12,4.98
12:30,101206.92,27.21,17.67,101229.78,16.47,45.11,-1197328.37,5.03
12:31,101214.08,26.84,17.30,101229.75,14.72,47.85,-1197459.37,3.84
12:32,101204.32,26.29,17.72,101226.61,14.19,49.65,-1197951.37,4.49
12:33,101188.55,25.92,18.74,101227.71,14.26,51.44,-1198359.75,4.69
12:34,101201.71,25.73,18.90,101225.14,14.51,49.67,-1198798.62,4.27
12:35,101196.29,25.83,19.02,101216.72,15.03,48.50,-1198890.12,4.36
12:36,101197.60,25.73,19.97,101223.23,14.56,51.99,-1198604.00,3.77
12:37,101196.92,25.79,19.67,101217.06,15.58,46.99,-1198965.75,4.02
12:38,101194.97,26.08,19.59,101220.49,16.68,43.94,-1199015.75,5.11
12:39,101198.21,26.33,20.51,101220.92,16.31,48.32,-1198702.50,4.67
12:40,101201.00,26.50,19.56,101223.17,16.42,45.89,-1198609.37,4.65
12:41,101200.77,26.61,19.12,101218.19,17.42,41.98,-1198450.00,5.18
12:42,101199.99,26.78,19.84,101217.07,17.26,44.54,-1198061.12,4.41
12:43,101200.41,26.48,19.99,101218.10,15.46,49.04,-1198405.25,4.03
12:44,101197.11,26.49,19.92,101212.67,16.72,44.82,-1198948.75,3.82
12:45,101196.97,18.31,33.65,101219.55,16.32,45.58,-1198672.75,0.45
12:46,101213.31,9.24,52.46,101213.63,15.08,49.56,-1198346.75,0.44
12:47,101213.21,6.60,63.21,101213.54,14.79,51.13,-1198649.12,0.48
12:48,101218.49,6.42,70.97,101219.66,14.70,50.46,-1198743.75,0.38
12:49,101209.98,10.05,79.08,101220.75,14.77,52.55,-1200672.75,0.45
12:50,101227.19,11.38,79.20,101220.53,14.94,53.44,-1203205.75,0.44
12:51,101217.25,11.83,78.37,101221.00,14.87,53.34,-1205203.50,0.39
12:52,101203.71,11.96,77.49,101216.94,14.81,53.97,-1206802.75,0.36
12:53,101189.74,12.34,78.09,101213.32,15.20,55.21,-1208463.87,0.45
12:54,101204.03,12.56,76.33,101216.89,15.19,53.56,-1209756.62,0.43
12:55,101194.89,12.76,76.66,101216.17,15.36,53.84,-1210814.75,0.45
12:56,101195.95,19.07,44.19,101214.35,15.82,53.67,-1211370.37,4.74
12:57,101188.96,23.48,23.79,101212.08,16.63,46.30,-1212236.50,3.77
12:58,101185.64,24.26,21.62,101205.85,16.91,42.33,-1212860.00,4.83
12:59,101186.53,24.55,21.39,101202.88,17.17,42.80,-1213346.87,4.34
13:0,101180.92,24.83,20.85,101211.78,17.37,42.57,-1213585.00,4.67
13:1,101186.12,24.91,20.26,101205.72,16.62,43.60,-1214025.25,4.28
13:2,101189.69,25.05,20.46,101209.14,17.30,42.87,-1214790.87,3.59
13:3,101184.30,25.16,20.13,101219.08,17.64,43.18,-1214321.37,4.23
13:4,101191.60,25.08,19.91,101211.14,17.28,40.68,-1215150.25,4.16
13:5,101178.32,25.07,19.69,101207.66,16.11,43.49,-1215838.12,3.63
13:6,101188.77,24.99,19.73,101204.46,15.61,45.44,-1216655.00,4.47
13:7,101172.82,24.83,19.93,101203.92,16.00,43.56,-1217541.00,3.69
13:8,101173.67,25.06,19.76,101196.46,17.81,39.35,-1217305.87,4.47
13:9,101178.24,25.23,19.78,101203.20,17.92,40.28,-1217357.00,4.53
13:10,101187.24,25.38,19.75,101205.43,17.94,41.19,-1217380.37,4.09
13:11,101172.20,25.27,19.41,101198.60,15.94,44.27,-1216906.12,4.76
13:12,101181.53,25.09,19.62,101199.60,15.56,46.51,-1218165.50,4.67
13:13,101174.01,25.11,19.76,101197.29,16.34,44.20,-1218720.62,4.62
13:14,101185.53,25.18,19.63,101203.27,15.87,47.61,-1218997.25,4.23
13:15,101187.69,25.35,19.86,101202.47,17.51,42.74,-1219357.75,4.09
13:16,101185.22,25.45,19.46,101202.85,17.73,40.74,-1219189.62,4.96
13:17,101186.03,25.49,19.48,101200.55,17.59,42.12,-1219061.50,3.81
13:18,101165.61,25.54,19.49,101198.50,17.85,40.70,-1219002.87,4.27
13:19,101183.50,25.57,19.40,101202.03,18.25,38.76,-1219195.25,3.44
13:20,101174.63,25.64,19.36,101204.07,17.99,41.88,-1219502.25,4.87
13:21,101164.85,25.51,19.27,101188.55,16.78,42.46,-1219215.75,4.63
13:22,101164.72,25.57,19.25,101194.46,17.83,40.56,-1219838.50,4.78
13:23,101158.51,25.67,19.22,101190.14,18.28,39.92,-1219987.37,4.96
13:24,101165.58,25.77,19.02,101193.58,18.33,39.03,-1219798.87,4.36
13:25,101157.08,25.80,19.12,101187.78,18.31,40.53,-1220265.12,4.16
13:26,101160.58,25.91,19.25,101186.28,18.48,40.58,-1220080.75,4.62
13:27,101164.22,25.82,19.06,101186.96,16.73,44.37,-1220047.12,4.38
13:28,101157.67,25.74,19.12,101186.36,16.67,44.46,-1220740.25,4.68
13:29,101159.61,25.67,19.03,101182.10,17.34,40.88,-1221461.37,4.87
13:30,101153.70,25.69,19.16,101183.41,17.77,40.06,-1221169.37,4.54
13:31,101141.35,25.76,19.03,101178.11,17.71,40.84,-1221572.37,4.74
13:32,101149.42,25.72,19.02,101176.82,16.34,44.90,-1221354.62,4.29
13:33,101156.86,25.56,19.01,101176.78,15.59,46.60,-1221839.50,4.09
13:34,101147.28,25.35,19.16,101173.01,14.99,48.85,-1222409.75,4.43
13:35,101155.74,25.41,19.16,101170.05,16.90,42.39,-1223103.25,4.57
13:36,101140.23,25.46,19.12,101168.52,15.82,46.59,-1223030.12,4.78
13:37,101150.42,25.50,19.42,101179.00,16.70,47.86,-1222663.00,3.80
13:38,101139.73,25.73,19.27,101172.21,18.01,42.36,-1222546.75,4.68
13:39,101146.88,25.77,19.14,101171.71,18.37,40.07,-1222498.25,4.73
13:40,101144.42,25.81,19.24,101178.72,17.77,43.84,-1222911.62,4.47
13:41,101141.07,25.92,18.94,101179.78,18.30,39.97,-1222896.87,3.52
13:42,101146.07,25.88,18.89,101177.03,17.94,40.51,-1222896.87,3.52
13:43,101143.99,25.96,19.03,101177.03,18.73,39.11,-1222986.62,4.16
13:44,101142.59,26.02,19.14,101177.35,18.20,42.10,-1222860.37,3.55
13:45,101149.28,25.93,18.87,101176.49,18.13,39.10,-1223730.75,4.14
13:46,101137.80,26.03,18.87,101169.14,18.64,38.67,-1224035.37,4.81
13:47,101137.50,26.10,18.85,101169.00,18.59,40.23,-1223715.75,3.71
13:48,101141.14,26.10,18.94,101174.52,17.86,41.26,-1223740.12,3.62
13:49,101144.09,26.17,18.94,101171.10,18.61,40.35,-1224013.25,4.73
13:50,101148.63,26.13,18.84,101171.03,17.58,42.30,-1224173.25,4.95
13:51,101139.52,26.14,18.76,101167.25,16.99,43.87,-1224721.12,4.03
13:52,101132.35,26.03,18.91,101165.77,17.48,42.63,-1225524.12,3.98
13:53,101133.17,26.07,19.03,101171.26,17.58,44.53,-1225775.12,3.91
13:54,101126.19,26.13,18.93,101169.74,18.15,40.84,-1225682.37,4.23
13:55,101132.99,25.98,18.87,101165.91,16.63,43.97,-1226296.37,4.27
13:56,101132.92,26.09,18.85,101168.58,17.65,43.73,-1226868.87,3.77
13:57,101139.59,25.99,18.80,101161.61,16.34,45.45,-1226989.50,4.67
13:58,101136.78,26.05,18.91,101160.82,18.33,41.05,-1227758.75,4.92
13:59,101136.05,26.17,18.94,101160.30,17.66,44.90,-1227427.62,4.82
14:0,101136.24,26.02,19.10,101157.10,16.97,45.54,-1227765.87,4.33
14:1,101123.94,26.16,18.99,101158.82,18.18,41.99,-1228184.00,4.48
14:2,101115.86,26.32,18.68,101151.60,18.81,39.06,-1228241.50,4.98
14:3,101130.86,26.23,18.62,101147.22,17.23,43.53,-1228267.25,3.82
14:4,101126.28,26.14,18.71,101145.49,16.71,44.42,-1228444.75,4.39
14:5,101121.46,26.06,18.85,101144.00,16.73,44.35,-1229009.87,4.81
14:6,101120.04,26.15,18.78,101150.66,17.57,43.20,-1229359.37,3.70
14:7,101120.16,26.20,18.77,101152.12,17.72,42.76,-1228951.25,4.52
14:8,101127.36,26.20,18.91,101155.61,17.64,43.98,-1229636.37,3.72
14:9,101135.53,26.36,18.74,101154.92,18.96,39.05,-1229632.25,4.98
14:10,101133.94,26.44,18.65,101155.57,19.11,38.56,-1229711.37,3.89
14:11,101136.48,26.44,18.58,101162.69,17.95,41.39,-1229400.25,3.85
14:12,101148.78,26.37,18.67,101169.05,18.01,41.22,-1230574.25,4.54
14:13,101144.86,26.45,18.76,101167.53,18.79,40.77,-1230983.75,4.97
14:14,101138.88,26.39,18.61,101161.61,17.02,44.74,-1230343.75,3.96
14:15,101141.50,26.21,18.65,101168.66,16.58,44.40,-1231844.62,4.03
14:16,101145.17,26.25,18.81,101169.80,17.81,41.13,-1232094.50,4.70
14:17,101127.86,26.37,18.86,101164.89,18.51,41.47,-1231962.75,3.66
14:18,101132.96,26.46,18.82,101161.13,18.38,42.21,-1232314.12,3.98
14:19,101137.33,26.54,18.82,101168.89,18.55,42.44,-1232482.62,4.68
14:20,101138.69,26.54,18.51,101165.82,18.31,41.22,-1232843.62,4.66
14:21,101138.80,26.58,18.50,101167.50,17.65,42.53,-1232435.87,5.00
14:22,101141.23,26.27,18.51,101164.35,16.11,46.79,-1233543.12,4.08
14:23,101140.21,26.07,18.62,101172.96,15.87,46.69,-1234177.87,4.18
14:24,101145.21,26.02,19.01,101168.08,16.82,45.03,-1235212.12,3.87
14:25,101131.61,26.13,18.82,101167.11,17.72,42.36,-1235408.37,4.63
14:26,101134.13,26.20,18.70,101163.05,17.63,41.51,-1235315.25,3.66
14:27,101135.60,26.05,18.69,101160.78,16.18,46.07,-1235367.62,3.52
14:28,101131.91,26.10,19.03,101164.88,18.07,41.13,-1236078.75,3.89
14:29,101130.02,26.25,18.76,101156.30,18.27,40.90,-1235963.62,4.47
14:30,101139.97,26.40,18.77,101165.34,18.90,41.79,-1235707.37,3.67
14:31,101132.38,26.44,18.62,101160.05,18.69,39.61,-1235903.62,4.65
14:32,101139.96,26.26,18.57,101164.22,16.28,45.53,-1235927.50,3.55
14:33,101138.86,26.28,18.92,101165.60,17.65,43.82,-1237190.75,5.02
14:34,101130.28,26.33,18.62,101163.51,17.49,42.14,-1236742.62,3.86
14:35,101135.08,26.10,18.56,101165.11,16.57,42.89,-1237002.12,4.78
14:36,101121.29,26.04,18.52,101156.39,17.24,41.12,-1238081.37,4.64
14:37,101126.83,26.10,18.60,101154.64,18.42,39.70,-1238179.87,3.97
14:38,101129.55,26.26,18.45,101158.39,18.72,38.23,-1238245.12,5.10
14:39,101130.57,26.29,18.74,101161.53,17.56,43.43,-1237748.37,3.94
14:40,101135.78,26.24,18.76,101157.60,17.44,42.86,-1238331.37,4.74
14:41,101131.27,26.32,18.63,101158.98,18.01,41.04,-1238707.75,4.32
14:42,101131.69,26.30,18.45,101162.99,18.23,39.66,-1238669.25,4.64
14:43,101125.83,26.40,18.70,101158.69,18.68,40.23,-1238941.25,4.95
14:44,101122.11,26.55,18.64,101149.71,18.94,40.26,-1239029.25,4.75
14:45,101137.61,26.58,18.62,101157.67,18.65,41.24,-1238952.25,5.03
14:46,101125.85,26.66,18.49,101156.80,19.00,40.36,-1239032.25,4.95
14:47,101132.64,26.72,18.50,101161.22,18.68,41.07,-1238879.87,3.79
14:48,101130.24,26.80,18.46,101155.00,19.42,38.91,-1239348.37,4.30
14:49,101124.08,26.73,18.32,101157.96,17.67,42.75,-1239220.37,4.82
14:50,101126.94,26.67,18.57,101158.43,18.13,41.97,-1240334.25,3.96
14:51,101133.10,26.75,18.47,101155.10,18.58,40.73,-1240484.75,4.81
14:52,101122.16,26.75,18.32,101153.30,19.19,38.90,-1240649.25,3.54
14:53,101125.95,26.72,18.55,101156.03,18.85,40.17,-1241081.37,3.96
14:54,101122.38,26.84,18.35,101151.55,19.02,38.84,-1241207.75,5.00
14:55,101136.52,26.68,18.19,101160.35,16.94,43.95,-1241286.25,3.94
14:56,101126.24,26.54,18.46,101158.26,17.77,41.40,-1242349.25,3.96
14:57,101132.25,26.45,18.40,101155.60,17.31,42.64,-1242431.00,4.72
14:58,101124.40,26.57,18.51,101161.47,18.79,39.37,-1242862.00,3.80
14:59,101122.88,26.57,18.61,101154.45,17.74,43.15,-1243264.50,4.03
15:0,101121.27,26.55,18.41,101147.21,17.30,43.83,-1243357.87,4.82
15:1,101124.19,26.36,18.44,101152.29,16.54,45.95,-1243579.75,4.42
15:2,101119.60,26.44,18.60,101156.17,17.69,43.82,-1244072.75,4.47
15:3,101129.61,26.44,18.50,101156.80,18.27,40.31,-1244391.12,4.00
15:4,101131.21,26.48,18.64,101161.53,17.85,43.00,-1244592.75,4.40
15:5,101134.36,26.55,18.54,101155.49,17.94,43.12,-1244546.00,3.84
15:6,101123.69,26.64,18.60,101155.78,18.72,40.10,-1244751.62,4.42
15:7,101121.29,26.70,18.42,101157.35,19.22,38.26,-1244826.62,4.28
15:8,101135.46,26.77,18.28,101151.32,19.15,38.21,-1245096.75,4.27
15:9,101123.57,26.84,18.36,101151.39,19.43,37.64,-1245328.12,4.83
15:10,101125.58,26.80,18.10,101155.96,18.67,37.89,-1245001.50,4.11
15:11,101128.35,26.76,18.24,101151.14,19.08,37.71,-1245825.50,4.96
15:12,101126.56,26.87,18.39,101147.71,19.10,39.06,-1245919.37,4.72
15:13,101117.39,26.97,18.21,101151.58,19.26,38.81,-1246219.75,4.82
15:14,101126.66,27.13,18.25,101153.28,19.82,38.25,-1246273.37,4.80
15:15,101128.71,27.18,18.40,101155.07,19.61,38.53,-1245832.00,4.52
15:16,101133.39,27.22,18.31,101159.68,18.36,42.94,-1246073.25,4.73
15:17,101124.05,27.17,18.01,101152.61,19.67,37.87,-1247029.37,4.98
15:18,101127.50,27.27,18.19,101156.52,20.11,37.06,-1246865.75,3.55
15:19,101124.14,27.36,17.89,101154.20,20.26,35.55,-1247687.62,4.11
15:20,101125.64,27.32,17.97,101153.60,19.28,38.03,-1247475.00,4.34
15:21,101128.47,27.21,17.96,101157.39,18.89,38.89,-1248153.62,3.95
15:22,101132.46,27.21,17.89,101162.42,17.87,40.82,-1248506.75,4.40
15:23,101113.77,27.01,18.06,101154.19,18.76,39.47,-1249517.75,3.71
15:24,101122.11,27.08,17.93,101150.10,18.96,37.99,-1249973.00,3.54
15:25,101116.83,27.07,18.13,101155.61,18.56,39.80,-1250108.75,4.56
15:26,101142.83,26.86,17.89,101159.39,17.66,41.46,-1250603.62,3.74
15:27,101128.94,26.85,18.23,101154.03,18.74,39.43,-1251753.75,3.78
15:28,101117.58,27.00,18.12,101149.44,19.27,38.02,-1251875.12,4.69
15:29,101119.80,26.90,18.03,101154.49,17.66,42.02,-1251569.50,4.93
15:30,101134.57,26.68,18.22,101156.52,17.76,42.13,-1252713.25,4.85
15:31,101120.80,26.87,18.09,101146.49,19.04,37.96,-1253075.50,3.99
15:32,101124.60,26.70,18.10,101152.99,17.87,40.65,-1252980.75,3.82
15:33,101109.57,26.69,18.15,101138.02,18.97,37.90,-1253629.37,4.20
15:34,101109.66,26.68,18.22,101138.96,18.33,40.13,-1253452.87,4.84
15:35,101107.09,26.54,18.23,101131.63,17.68,42.16,-1254227.62,4.30
15:36,101112.57,26.71,18.36,101138.63,19.13,38.62,-1253994.62,4.23
15:37,101105.24,26.81,18.24,101135.27,18.98,38.57,-1254362.62,4.90
15:38,101101.21,26.72,18.31,101133.94,18.12,40.44,-1254504.87,4.09
15:39,101113.41,26.72,18.10,101132.97,18.69,38.31,-1254957.75,3.82
15:40,101100.59,26.70,18.27,101129.50,18.35,39.38,-1255324.75,4.31
15:41,101100.79,26.62,18.31,101125.82,18.06,40.25,-1255289.75,3.76
15:42,101089.58,26.83,18.45,101118.75,19.48,38.01,-1255379.00,4.85
15:43,101101.60,26.96,18.36,101134.58,18.76,41.79,-1255214.00,3.89
15:44,101105.33,27.08,18.35,101125.75,19.15,40.65,-1255636.75,4.78
15:45,101097.96,27.20,18.18,101130.11,19.46,40.39,-1255794.00,5.05
15:46,101088.38,27.25,18.07,101123.47,19.53,37.81,-1256261.25,5.05
15:47,101085.27,27.27,18.04,101120.02,20.20,35.53,-1256341.25,3.79
15:48,101105.00,27.24,18.04,101120.39,19.36,37.55,-1256594.50,4.13
15:49,101096.47,27.14,17.90,101120.66,18.70,40.29,-1257034.00,4.73
15:50,101096.10,26.99,18.01,101116.42,18.02,41.38,-1257477.25,4.60
15:51,101093.33,27.02,18.01,101126.57,17.93,41.71,-1257865.62,3.66
15:52,101096.96,26.67,17.96,101120.01,16.65,44.21,-1257811.75,3.80
15:53,101083.09,26.40,18.25,101119.16,16.93,42.72,-1259511.37,4.80
15:54,101090.57,26.65,18.48,101116.34,18.13,43.18,-1259984.25,3.67
15:55,101098.49,26.83,18.29,101117.58,19.00,39.52,-1259635.62,4.75
15:56,101086.15,26.74,18.28,101118.13,18.44,39.96,-1259713.25,4.11
15:57,101097.74,26.61,18.11,101116.96,18.04,39.99,-1260116.75,4.16
15:58,101092.97,26.56,18.39,101121.69,18.09,41.30,-1260646.75,4.00
15:59,101094.35,26.72,18.23,101121.89,18.65,38.90,-1260186.37,4.96
16:0,101091.78,26.47,18.49,101117.80,16.82,46.56,-1260608.37,4.33
16:1,101089.10,26.43,18.68,101118.14,17.14,45.56,-1261035.75,3.93
16:2,101088.25,26.51,18.36,101121.37,18.24,40.50,-1260946.87,4.79
16:3,101087.65,26.72,18.30,101119.17,19.25,38.40,-1260423.00,4.27
16:4,101096.21,26.88,18.22,101121.09,19.25,38.11,-1260292.87,4.07
16:5,101087.69,26.95,18.22,101113.92,19.31,37.57,-1260238.25,4.43
16:6,101081.85,27.08,18.16,101114.78,19.93,36.92,-1260387.25,4.34
16:7,101093.46,27.08,18.33,101112.57,18.82,40.71,-1260349.12,4.68
16:8,101091.85,27.08,18.11,101115.86,19.32,38.02,-1261394.25,4.34
16:9,101078.22,26.99,17.99,101110.46,18.27,40.20,-1261121.75,4.56
16:10,101072.27,26.95,18.11,101107.71,19.37,37.39,-1262422.00,4.85
16:11,101082.72,26.96,18.03,101105.60,19.24,37.53,-1262671.50,3.89
16:12,101080.13,26.77,17.97,101113.08,17.64,42.34,-1262495.00,3.54
16:13,101077.31,26.73,18.00,101113.08,17.75,40.99,-1262988.00,4.74
16:14,101085.69,26.57,18.14,101114.09,17.40,41.96,-1263574.25,4.61
16:15,101080.55,26.59,18.11,101106.47,17.78,40.17,-1264182.25,4.62
16:16,101071.17,26.54,18.19,101106.14,17.98,40.19,-1264102.62,3.62
16:17,101074.75,26.67,18.25,101106.07,18.92,37.67,-1264233.00,4.42
16:18,101077.37,26.69,18.16,101108.11,18.00,40.01,-1263945.75,4.14
16:19,101070.17,26.68,18.12,101109.37,19.12,37.06,-1264856.87,4.00
16:20,101081.17,26.78,18.23,101105.88,19.52,36.56,-1264814.37,3.56
16:21,101076.17,26.94,18.44,101105.49,19.63,38.13,-1264852.37,3.56
16:22,101080.61,27.02,18.07,101112.22,18.88,39.12,-1264164.12,4.92
16:23,101085.82,26.64,18.09,101109.36,17.16,41.81,-1264731.62,4.63
16:24,101075.02,26.46,18.19,101107.07,17.14,43.08,-1266179.87,4.63
16:25,101087.58,26.59,18.34,101107.13,18.92,38.95,-1266951.87,4.99
16:26,101072.63,26.67,18.24,101106.61,17.90,40.82,-1265879.00,4.34
16:27,101085.49,26.54,18.12,101110.82,18.20,38.54,-1267029.50,4.03
16:28,101079.25,26.57,18.09,101113.17,17.95,40.21,-1266689.87,4.98
16:29,101070.52,26.57,18.13,101106.92,18.85,37.61,-1267435.25,3.85
16:30,101081.28,26.55,18.24,101115.59,17.64,41.68,-1267098.62,4.79
16:31,101077.44,26.52,18.31,101109.26,18.59,39.73,-1268030.75,3.73
16:32,101076.88,26.57,18.40,101110.08,18.54,39.84,-1268376.00,4.83
16:33,101079.39,26.78,18.11,101106.20,18.51,38.71,-1268225.00,4.13
16:34,101082.74,26.70,18.30,101112.58,17.58,43.71,-1268301.25,4.57
16:35,101083.65,26.58,18.21,101116.53,17.84,41.12,-1269204.50,4.43
16:36,101082.61,26.44,18.15,101107.96,16.47,45.18,-1268911.75,4.94
16:37,101080.32,26.24,18.41,101109.42,16.44,45.33,-1270099.87,4.64
16:38,101071.96,26.27,18.30,101108.57,17.51,41.47,-1270949.25,4.35
16:39,101063.49,26.40,18.32,101105.46,17.69,42.37,-1270575.37,4.78
16:40,101072.19,26.54,18.32,101106.82,18.35,41.23,-1270406.87,4.42
16:41,101083.42,26.43,18.27,101111.05,17.75,42.22,-1269871.50,4.16
16:42,101073.49,26.28,18.29,101104.16,16.55,44.55,-1270267.75,3.58
16:43,101083.84,26.19,18.41,101105.38,16.47,44.26,-1271140.37,4.58
16:44,101073.52,26.33,18.42,101101.96,18.17,40.44,-1271661.87,4.16
16:45,101079.53,26.32,18.35,101105.50,17.67,42.17,-1271361.12,4.40
16:46,101066.12,26.39,18.53,101106.48,17.78,42.19,-1271269.50,4.46
16:47,101064.88,26.51,18.41,101099.83,18.47,40.60,-1271800.37,4.11
16:48,101079.61,26.61,18.40,101099.32,19.25,38.51,-1271785.25,4.87
16:49,101080.91,26.63,18.42,101103.82,18.02,41.82,-1271528.25,4.69
16:50,101065.21,26.77,18.31,101096.85,19.19,38.73,-1272341.62,4.20
16:51,101072.94,26.89,18.09,101096.89,19.49,38.21,-1271426.00,4.61
16:52,101068.24,26.89,18.01,101095.39,19.12,38.02,-1271655.37,3.73
16:53,101062.92,26.90,18.33,101095.50,18.86,40.45,-1271386.12,3.67
16:54,101067.28,26.98,18.27,101098.64,19.36,39.85,-1271865.25,4.65
16:55,101077.42,26.91,18.10,101107.90,17.58,43.76,-1271508.12,4.60
16:56,101062.86,26.93,18.07,101101.00,19.01,38.73,-1272931.75,4.05
16:57,101068.35,26.89,17.93,101104.14,18.38,39.60,-1273118.37,4.95
16:58,101066.21,26.73,18.26,101102.33,17.62,42.55,-1273457.37,4.52
16:59,101071.97,26.71,18.10,101103.63,18.54,38.89,-1274369.50,4.67
17:0,101071.78,26.66,18.03,101096.72,17.08,42.64,-1274218.25,4.72
17:1,101060.93,26.69,18.08,101099.61,18.48,39.39,-1275284.75,4.87
17:2,101062.93,26.75,18.18,101099.64,19.28,37.44,-1274842.12,4.76
17:3,101070.28,26.88,18.08,101100.00,19.53,36.68,-1274144.37,4.77
17:4,101065.74,26.95,18.27,101098.53,19.61,37.61,-1273857.50,4.65
17:5,101068.73,26.98,18.18,101104.24,19.28,38.75,-1273805.62,3.69
17:6,101075.83,26.93,18.00,101101.75,18.16,41.31,-1274087.75,4.16
17:7,101070.27,26.89,18.00,101100.35,18.41,39.61,-1274381.00,4.96
17:8,101063.21,26.93,18.27,101098.87,18.99,39.33,-1274921.75,4.11
17:9,101065.67,26.99,17.95,101101.12,18.36,40.22,-1274308.75,3.71
17:10,101065.36,27.01,18.12,101094.03,18.98,38.96,-1274814.37,4.86
17:11,101072.08,27.04,18.19,101104.92,18.25,41.94,-1273792.25,4.60
17:12,101074.19,26.86,17.99,101111.83,17.63,42.50,-1274481.75,4.61
17:13,101065.92,26.79,18.10,101105.46,17.81,41.28,-1275551.25,3.82
17:14,101078.10,26.92,18.08,101100.71,18.61,40.54,-1275995.00,4.20
17:15,101066.74,26.91,17.93,101100.36,17.47,43.11,-1274819.00,4.27
17:16,101065.16,26.80,17.99,101100.28,18.08,41.20,-1276218.00,3.99
17:17,101061.80,26.72,17.90,101093.52,16.79,44.60,-1276320.25,3.65
17:18,101077.29,26.84,17.90,101098.41,19.10,37.80,-1276929.50,4.34
17:19,101060.11,26.86,18.15,101095.14,18.60,39.56,-1276877.00,4.19
17:20,101072.97,26.97,18.04,101096.95,19.21,38.84,-1276912.12,4.43
17:21,101061.85,26.94,17.87,101092.46,18.55,38.64,-1276949.75,3.67
17:22,101065.62,26.70,17.92,101098.57,16.68,44.25,-1276789.37,4.17
17:23,101073.63,26.54,18.16,101104.33,16.32,46.13,-1277847.50,3.88
17:24,101066.85,26.53,18.05,101090.39,16.42,44.93,-1278738.50,4.88
17:25,101061.57,26.44,18.19,101094.78,16.50,45.44,-1278981.75,4.65
17:26,101059.71,26.50,18.19,101096.20,17.49,41.54,-1278948.12,4.35
17:27,101060.11,26.47,18.22,101094.41,16.62,45.64,-1278516.75,4.68
17:28,101061.38,26.57,18.22,101094.16,17.87,42.18,-1279595.12,3.90
17:29,101075.58,26.45,18.23,101091.58,16.44,45.92,-1279171.75,3.91
17:30,101061.13,26.47,18.35,101093.55,17.53,43.04,-1280288.75,4.23
17:31,101059.71,26.61,18.23,101088.60,18.80,38.95,-1280248.62,4.54
17:32,101057.49,26.73,18.15,101090.64,18.88,40.00,-1280801.37,3.71
17:33,101074.74,26.78,18.11,101093.38,18.91,38.39,-1280336.62,4.05
17:34,101065.85,26.82,17.98,101092.69,18.92,38.51,-1280593.87,4.38
17:35,101061.03,26.88,18.05,101091.91,19.07,39.87,-1280474.00,3.71
17:36,101058.71,26.95,17.93,101091.52,19.12,38.14,-1281182.75,4.38
17:37,101071.97,26.89,17.88,101094.35,18.29,40.55,-1280859.12,3.87
17:38,101064.21,26.74,18.07,101097.68,16.88,44.56,-1281148.62,4.79
17:39,101059.80,26.74,18.03,101099.52,17.52,41.82,-1280635.25,3.95
17:40,101064.17,26.71,17.92,101095.39,17.25,42.63,-1281199.87,3.65
17:41,101060.60,26.67,18.01,101100.63,17.70,41.64,-1282557.75,3.69
17:42,101065.34,26.69,18.08,101088.46,18.75,38.67,-1282253.25,4.70
17:43,101068.74,26.82,18.02,101097.25,18.51,40.45,-1282035.12,4.06
17:44,101070.85,26.82,18.15,101092.25,19.07,38.00,-1281754.50,4.83
17:45,101075.71,26.87,18.12,101101.47,18.38,40.55,-1281979.50,4.09
17:46,101062.94,26.65,18.05,101097.79,16.25,46.20,-1281428.00,3.87
17:47,101071.77,26.54,18.12,101098.83,16.88,43.42,-1283403.25,4.99
17:48,101063.60,26.60,18.05,101099.63,17.52,42.60,-1283047.12,4.72
17:49,101068.86,26.51,18.17,101099.68,17.78,40.91,-1283450.12,3.54
17:50,101067.70,26.55,18.09,101096.66,18.01,40.81,-1283910.25,3.79
17:51,101068.66,26.59,18.09,101098.11,17.84,41.68,-1282906.25,3.47
17:52,101066.33,26.65,18.20,101092.96,18.92,38.38,-1283079.25,4.75
17:53,101058.74,26.82,18.07,101097.17,18.81,39.57,-1282802.37,3.62
17:54,101063.35,26.77,18.08,101097.28,16.99,44.79,-1282719.75,4.09
17:55,101071.97,26.72,17.95,101104.05,17.64,41.80,-1283357.25,4.58
17:56,101060.24,26.80,17.93,101096.49,17.99,41.86,-1282870.87,4.82
17:57,101062.71,26.69,18.05,101097.50,17.74,41.59,-1283008.00,3.99
17:58,101062.38,26.68,18.02,101089.96,16.79,44.60,-1283001.37,4.66
17:59,101056.75,26.50,18.06,101089.81,17.06,42.83,-1284617.62,3.67
18:0,101061.84,26.66,18.09,101092.27,18.33,40.52,-1284982.75,4.20
18:1,101062.14,26.89,17.88,101089.33,19.09,37.86,-1284492.00,4.02
18:2,101065.45,26.87,17.95,101089.10,17.44,43.29,-1284131.75,4.50
18:3,101070.19,26.73,17.90,101095.75,16.99,45.00,-1284984.37,4.75
18:4,101062.44,26.63,17.87,101090.67,16.36,45.98,-1284352.50,3.73
18:5,101057.82,26.57,17.91,101090.58,17.27,42.12,-1285287.75,3.54
18:6,101064.17,26.57,17.93,101087.61,17.43,41.71,-1285087.37,4.63
18:7,101066.79,26.58,17.95,101091.85,18.04,40.83,-1285415.75,4.72
18:8,101062.24,26.62,18.05,101091.47,18.41,39.39,-1285948.25,4.53
18:9,101063.75,26.74,17.96,101094.14,17.40,43.41,-1286291.25,3.56
18:10,101059.88,26.60,17.88,101092.92,16.16,46.08,-1286683.00,3.74
18:11,101062.48,26.46,17.95,101093.85,16.64,45.50,-1285526.75,4.36
18:12,101057.49,26.28,17.87,101092.07,15.64,47.72,-1285098.75,4.63
18:13,101054.43,26.27,18.04,101093.81,17.42,41.43,-1286701.75,4.11
18:14,101070.92,26.54,17.95,101095.42,18.05,40.77,-1287357.62,4.27
18:15,101066.95,26.70,17.87,101091.95,18.04,40.18,-1286272.75,4.16
18:16,101074.07,26.83,17.78,101099.19,18.18,41.64,-1285323.75,4.11
18:17,101061.89,26.70,17.60,101095.97,16.84,43.82,-1285801.37,4.28
18:18,101063.46,26.64,17.62,101094.88,16.25,45.83,-1285331.25,5.07
18:19,101058.92,26.70,17.71,101097.75,17.71,42.08,-1285686.50,5.05
18:20,101065.74,26.95,17.75,101091.66,18.59,39.55,-1286071.25,3.94
18:21,101058.69,27.19,17.68,101096.10,18.20,41.55,-1285097.50,3.56
18:22,101061.45,27.36,17.67,101092.87,18.93,39.40,-1285044.12,3.76
18:23,101063.46,27.53,17.02,101093.25,18.43,38.98,-1284267.25,4.36
18:24,101060.83,27.54,17.11,101091.22,18.81,38.63,-1284408.50,4.10
18:25,101065.51,27.57,16.93,101090.98,17.98,39.79,-1284198.50,4.82
18:26,101055.17,27.65,17.28,101089.72,18.69,39.71,-1285007.37,4.36
18:27,101055.83,27.87,16.82,101088.08,18.33,40.26,-1284265.87,4.89
18:28,101064.91,27.63,16.66,101088.02,17.09,41.72,-1284813.25,3.80
18:29,101063.28,27.51,16.69,101093.58,17.45,40.99,-1285536.00,3.48
18:30,101065.41,27.59,16.53,101087.10,18.60,37.91,-1285788.37,5.08
18:31,101068.63,27.77,16.92,101096.50,18.25,41.50,-1285720.25,4.00
18:32,101065.74,27.86,16.76,101099.53,17.83,41.73,-1285208.00,3.67
18:33,101062.38,27.98,16.52,101098.41,18.10,39.94,-1284804.37,4.65
18:34,101064.16,28.07,16.80,101098.72,18.00,42.30,-1285419.25,4.57
18:35,101064.67,28.14,16.42,101104.31,17.73,41.70,-1285584.62,3.84
18:36,101071.38,28.14,16.62,101103.66,17.51,43.21,-1285759.75,4.17
18:37,101065.96,28.31,16.85,101101.13,17.48,43.41,-1285651.75,5.10
18:38,101073.19,28.50,16.71,101094.16,18.65,38.64,-1285509.12,4.71
18:39,101056.74,28.73,16.65,101095.66,18.05,41.01,-1285484.25,4.07
18:40,101060.07,28.93,16.86,101100.85,17.85,41.88,-1285730.12,5.05
18:41,101073.41,28.93,17.37,101104.13,17.73,43.51,-1285455.00,5.23
18:42,101070.46,28.99,16.93,101099.66,18.22,41.42,-1285696.87,4.87
18:43,101064.32,28.68,16.92,101100.39,17.34,42.71,-1285668.75,5.28
18:44,101069.32,28.34,17.17,101100.72,16.31,44.97,-1285753.25,3.67
18:45,101067.11,27.97,17.86,101099.14,16.33,45.70,-1286396.87,5.07
18:46,101066.17,27.81,18.10,101095.23,16.02,45.47,-1286929.87,3.74
18:47,101075.92,27.76,18.70,101107.08,17.75,42.46,-1287044.87,3.83
18:48,101061.75,27.55,18.59,101098.16,15.92,46.84,-1286697.37,4.59
18:49,101068.60,25.81,20.81,101093.94,16.66,45.00,-1286894.75,0.39
18:50,101077.10,13.90,42.63,101095.08,16.00,46.39,-1286861.62,0.32
18:51,101071.61,8.77,54.92,101096.34,15.07,47.25,-1286934.37,0.42
18:52,101079.99,7.20,63.09,101097.77,14.61,49.81,-1287238.62,0.41
18:53,101088.53,8.33,70.46,101096.94,14.40,50.60,-1288114.25,0.35
18:54,101078.57,9.65,73.42,101095.83,14.33,51.59,-1289334.87,0.41
18:55,101084.85,10.25,74.13,101095.77,14.38,52.56,-1290995.00,0.45
18:56,101083.27,10.60,74.74,101091.35,14.56,52.63,-1293919.75,0.37
18:57,101076.76,10.77,75.02,101092.02,14.51,53.26,-1296737.25,0.42
18:58,101082.63,10.82,75.48,101093.97,14.57,53.58,-1299729.75,0.45
18:59,101078.96,11.05,75.71,101094.52,14.50,54.11,-1302194.62,0.45
19:0,101081.08,11.22,75.52,101092.29,14.51,54.23,-1305336.00,0.45
19:1,101080.61,11.33,75.95,101092.59,14.58,55.06,-1308233.25,0.45
19:2,101064.82,11.28,74.78,101088.36,14.27,53.18,-1310047.25,0.45
19:3,101080.67,11.34,74.29,101093.25,14.20,52.88,-1312963.25,0.45
19:4,101073.39,11.40,73.73,101089.71,14.06,52.89,-1315317.37,0.46
19:5,101065.05,11.53,73.67,101086.32,14.11,52.94,-1317366.75,0.45
19:6,101062.74,17.10,44.44,101083.97,14.41,52.99,-1319801.75,4.19
19:7,101054.40,22.47,24.83,101080.03,15.82,46.02,-1321445.25,3.99
19:8,101042.03,23.70,22.31,101083.00,15.26,47.63,-1321468.00,4.65
19:9,101059.49,24.02,21.50,101077.42,15.70,47.11,-1322978.00,4.56
19:10,101044.14,24.13,21.21,101077.49,16.38,43.61,-1324299.87,3.92
19:11,101048.86,24.28,20.96,101081.85,16.22,44.17,-1324699.12,4.63
19:12,101055.07,24.40,20.68,101077.60,16.53,44.26,-1325105.00,4.52
19:13,101047.28,24.45,20.48,101076.39,16.18,43.93,-1325954.50,4.83
19:14,101049.86,24.46,20.35,101080.40,15.02,48.91,-1326509.87,4.49
19:15,101048.61,24.49,20.24,101084.64,15.94,45.89,-1327350.50,4.65
19:16,101048.96,24.54,20.24,101077.35,16.30,44.40,-1328003.62,4.63
19:17,101055.39,24.68,20.02,101085.39,17.17,41.86,-1327973.75,4.15
19:18,101053.17,24.77,20.07,101084.09,16.40,46.72,-1327103.75,4.93
19:19,101053.17,24.76,19.89,101077.40,17.16,41.12,-1328177.37,3.89
19:20,101055.55,24.79,19.76,101079.80,16.47,43.97,-1328271.12,4.80
19:21,101042.46,24.84,19.82,101077.28,16.73,43.13,-1328413.75,4.39
19:22,101049.14,24.85,19.75,101081.82,16.68,43.60,-1328884.50,4.09
19:23,101065.38,24.92,19.82,101080.82,16.51,44.54,-1329403.25,4.37
19:24,101053.71,24.86,19.56,101084.79,15.95,44.97,-1328762.87,4.92
19:25,101046.47,24.87,19.75,101080.55,16.43,44.81,-1329461.00,3.78
19:26,101047.35,24.97,19.60,101084.50,16.61,43.97,-1329204.25,3.80
19:27,101059.44,25.04,19.56,101083.57,16.72,44.35,-1328927.25,4.43
19:28,101060.53,24.97,19.47,101086.72,16.20,46.05,-1329204.25,4.16
19:29,101058.06,24.89,19.33,101084.03,15.78,45.79,-1329262.25,4.78
19:30,101057.82,24.95,19.47,101084.02,17.10,41.79,-1329817.75,4.81
19:31,101057.16,25.05,19.50,101084.86,16.99,42.69,-1329370.75,4.76
19:32,101042.53,25.14,19.54,101080.64,16.74,43.75,-1329602.75,4.47
19:33,101052.95,25.23,19.64,101082.99,17.38,42.28,-1328757.75,4.02
19:34,101053.20,25.29,19.22,101087.07,17.16,42.83,-1329138.75,4.58
19:35,101050.75,25.24,19.24,101084.00,16.96,42.50,-1329722.00,4.72
19:36,101047.57,25.25,19.23,101081.69,16.80,43.77,-1329997.50,4.03
19:37,101045.29,25.25,19.25,101082.82,16.18,46.11,-1330197.37,4.78
19:38,101053.66,25.13,19.21,101083.74,15.55,48.09,-1331197.62,4.78
19:39,101054.33,25.12,19.25,101077.91,16.31,45.48,-1331727.62,3.69
19:40,101050.35,25.10,19.15,101082.78,15.94,46.15,-1332255.75,3.67
19:41,101059.22,25.10,19.14,101086.72,15.98,46.06,-1332290.25,4.65
19:42,101054.58,25.12,19.23,101083.17,16.30,44.41,-1333058.75,4.85
19:43,101054.46,25.04,19.16,101082.74,15.05,48.40,-1333054.37,4.32
19:44,101060.57,24.81,19.21,101081.95,14.53,50.75,-1333374.25,4.30
19:45,101049.94,24.88,19.28,101080.42,16.69,42.52,-1334143.25,3.89
19:46,101046.08,24.97,19.31,101081.24,16.69,43.16,-1334093.87,4.36
19:47,101042.91,24.94,19.29,101085.03,15.54,47.44,-1333478.12,4.07
19:48,101048.39,24.91,19.24,101081.00,15.67,47.94,-1334195.87,4.06
19:49,101046.38,25.00,19.43,101085.97,16.03,47.16,-1334214.75,4.56
19:50,101040.81,25.07,19.09,101078.78,16.77,43.34,-1333855.62,4.05
19:51,101049.77,25.13,19.23,101084.11,16.50,45.00,-1333292.37,4.46
19:52,101040.42,25.04,19.16,101074.93,15.63,46.38,-1333480.75,4.65
19:53,101046.72,25.01,19.17,101079.64,16.01,45.30,-1334085.50,4.43
19:54,101043.01,25.08,19.13,101081.33,16.80,42.81,-1333464.75,4.98
19:55,101044.57,25.06,19.10,101080.50,15.29,47.74,-1333750.25,3.84
19:56,101043.91,24.92,19.06,101076.92,14.52,50.72,-1333899.37,4.95
19:57,101048.53,24.79,19.07,101084.07,15.20,48.48,-1334322.50,3.78
19:58,101040.58,24.77,19.13,101078.78,15.78,47.12,-1334871.25,4.12
19:59,101044.32,24.86,19.00,101072.78,16.27,44.04,-1334952.25,3.54
20:0,101041.74,25.02,19.08,101074.49,16.74,43.15,-1334821.25,4.65
20:1,101040.42,25.10,18.82,101074.92,16.59,43.31,-1334135.87,4.45
20:2,101037.34,25.17,19.03,101082.13,16.75,45.02,-1334484.75,4.49
20:3,101036.08,25.19,18.94,101074.45,16.70,42.82,-1334366.00,4.85
20:4,101045.25,25.15,18.88,101077.02,16.05,44.21,-1333798.50,4.59
20:5,101044.22,25.02,18.80,101082.00,15.39,47.22,-1334892.50,3.82
20:6,101043.67,25.11,18.79,101076.19,16.75,42.54,-1334743.12,5.01
20:7,101038.94,25.06,18.76,101073.83,14.76,49.73,-1334238.62,3.85
20:8,101030.74,25.00,18.87,101075.81,15.50,46.28,-1335271.62,5.06
20:9,101041.72,24.99,18.79,101073.40,15.57,46.24,-1335561.25,4.63
20:10,101045.96,25.06,18.92,101075.96,15.52,46.47,-1335354.25,4.52
20:11,101041.35,25.04,19.07,101074.88,15.31,46.91,-1335080.25,4.49
20:12,101050.45,25.08,18.92,101083.57,15.31,46.75,-1335602.25,3.80
20:13,101051.63,25.19,18.81,101084.55,14.89,49.45,-1335025.50,4.59
20:14,101045.80,25.09,18.74,101080.71,15.01,47.74,-1336177.37,4.47
20:15,101052.64,25.06,19.07,101076.69,14.20,52.14,-1335041.25,5.12
20:16,101048.50,25.08,19.41,101079.36,13.85,53.83,-1335869.25,4.06
20:17,101052.68,25.15,19.40,101084.21,13.84,53.36,-1336401.62,4.62
20:18,101057.22,25.40,19.10,101083.28,15.36,47.20,-1336559.75,3.60
20:19,101056.89,25.50,19.60,101080.71,14.28,52.39,-1336001.25,5.13
20:20,101057.69,25.39,19.91,101079.91,14.18,51.40,-1336129.00,4.18
20:21,101053.67,25.40,19.97,101083.69,15.17,49.83,-1336368.12,4.87
20:22,101058.06,25.25,20.48,101085.00,14.44,51.98,-1336141.25,3.91
20:23,101054.80,25.22,20.71,101083.16,14.23,52.57,-1335993.87,4.16
20:24,101052.67,24.98,21.17,101085.94,13.82,54.29,-1336402.87,4.94
20:25,101055.89,25.04,21.06,101085.14,15.82,46.62,-1336367.50,4.72
20:26,101052.35,25.04,21.42,101086.27,15.03,50.52,-1336160.62,5.04
20:27,101051.32,24.98,21.80,101082.82,14.49,51.46,-1336236.75,4.63
20:28,101054.71,25.04,21.63,101084.61,15.81,46.85,-1335907.12,4.82
20:29,101054.83,25.10,21.77,101085.92,16.45,45.41,-1336143.87,4.53
20:30,101069.50,16.35,38.28,101087.42,14.88,49.98,-1336009.12,0.37
20:31,101073.07,7.58,57.51,101093.35,13.27,53.75,-1336213.75,0.45
20:32,101084.77,5.56,66.38,101093.80,12.78,56.02,-1336662.25,0.45
20:33,101083.47,5.40,72.93,101093.89,12.44,56.76,-1337936.25,0.41
20:34,101083.74,8.39,80.28,101088.80,12.40,58.97,-1339224.37,0.45
20:35,101084.52,10.15,80.95,101091.10,12.81,59.86,-1341780.25,0.55
20:36,101088.13,10.53,80.93,101084.88,12.84,60.19,-1343909.75,0.46
20:37,101090.10,10.69,81.12,101095.96,12.86,61.12,-1345737.75,0.46
20:38,101095.83,10.75,80.85,101092.96,12.85,60.13,-1346640.62,0.45
20:39,101089.07,10.67,80.33,101094.17,12.62,59.76,-1349092.37,0.46
20:40,101086.75,10.88,80.04,101095.94,12.74,61.01,-1349988.62,0.45
20:41,101075.85,10.99,79.40,101091.04,12.81,60.85,-1351045.00,0.45
20:42,101075.75,11.05,79.25,101094.08,12.69,61.45,-1351191.25,0.46
20:43,101085.80,11.17,78.87,101098.43,12.74,60.59,-1352273.25,0.38
20:44,101084.52,11.13,77.86,101100.47,12.51,59.99,-1352770.37,0.37
20:45,101085.42,11.21,77.74,101099.69,12.49,60.33,-1353604.50,0.45
20:46,101093.30,11.18,77.24,101104.46,12.49,60.95,-1354168.00,0.45
20:47,101079.07,20.19,29.09,101104.19,13.09,55.41,-1354917.75,4.43
20:48,101073.53,21.32,25.26,101104.25,13.69,53.25,-1355189.62,3.84
20:49,101079.60,22.66,23.45,101102.42,14.97,47.80,-1355910.37,3.83
20:50,101069.30,23.13,22.68,101101.90,14.46,50.82,-1355710.37,4.40
20:51,101079.76,23.42,22.00,101098.86,14.90,48.50,-1356120.12,4.44
20:52,101065.82,23.53,21.72,101109.41,15.51,45.82,-1355546.62,4.23
20:53,101070.10,23.61,21.34,101105.42,15.28,46.61,-1355997.50,4.47
20:54,101068.26,23.53,21.22,101105.33,14.87,48.60,-1356143.50,4.64
20:55,101076.49,23.38,21.14,101108.89,14.06,51.70,-1356289.00,4.38
20:56,101075.49,23.35,20.99,101109.09,14.96,48.12,-1356460.25,4.69
20:57,101072.64,23.23,20.93,101104.70,14.27,51.20,-1357295.37,4.96
20:58,101078.89,23.29,21.03,101103.96,14.69,49.22,-1357809.75,4.38
20:59,101074.97,23.15,20.92,101108.52,13.85,51.82,-1357944.25,4.98
21:0,101081.93,23.13,20.91,101114.81,13.93,52.66,-1357761.25,3.86
21:1,101080.52,23.09,20.83,101119.20,13.56,53.75,-1357478.25,4.74
21:2,101089.28,23.01,20.99,101109.99,14.49,49.18,-1358446.25,4.05
21:3,101077.86,23.23,20.77,101116.21,14.15,52.42,-1358557.50,3.90
21:4,101081.00,23.25,20.60,101112.30,14.91,48.03,-1358079.75,4.10
21:5,101086.03,23.23,20.76,101120.89,14.33,50.48,-1358170.00,4.75
21:6,101084.35,23.28,20.53,101115.91,14.64,49.28,-1358454.37,4.63
21:7,101094.89,23.33,20.49,101123.42,14.06,52.01,-1358142.25,3.66
21:8,101086.46,23.27,20.46,101120.74,14.70,47.84,-1358362.62,4.00
21:9,101094.91,23.29,20.37,101129.35,14.12,51.42,-1358734.25,4.61
21:10,101094.56,23.28,20.33,101119.41,14.60,48.91,-1358978.87,4.36
21:11,101095.49,23.24,20.30,101124.70,14.11,50.62,-1358814.75,4.35
21:12,101091.79,23.29,20.27,101120.92,14.88,47.61,-1359342.12,4.50
21:13,101095.99,23.32,20.16,101126.11,14.50,48.68,-1359329.37,4.22
21:14,101095.65,23.28,20.28,101136.34,13.65,52.75,-1359479.50,4.25
21:15,101092.36,23.32,20.18,101130.67,13.64,52.93,-1359021.12,5.16
21:16,101098.94,23.33,19.91,101129.96,14.76,47.68,-1360146.62,5.20
21:17,101096.98,23.48,19.86,101128.97,15.01,47.97,-1359925.12,4.90
21:18,101105.82,23.51,19.90,101124.25,14.76,47.34,-1359648.37,3.95
21:19,101106.66,23.56,20.03,101138.01,13.89,51.85,-1359969.12,4.43
21:20,101093.41,23.50,19.85,101138.36,13.82,50.84,-1359745.62,3.92
21:21,101108.52,23.51,19.81,101142.01,13.57,52.12,-1360340.62,4.83
21:22,101102.93,23.55,20.09,101137.21,13.46,51.91,-1360262.12,3.82
21:23,101117.42,23.64,19.79,101135.77,14.51,47.91,-1360625.75,4.04
21:24,101107.63,23.78,20.02,101142.36,14.32,50.15,-1360178.87,4.98
21:25,101110.46,23.89,20.25,101137.35,14.19,49.67,-1360093.50,4.96
21:26,101112.77,23.95,20.14,101142.89,13.06,54.37,-1360082.37,4.57
21:27,101124.66,24.00,20.00,101146.97,14.06,49.75,-1360906.25,3.72
21:28,101117.78,24.07,20.45,101147.21,14.35,48.46,-1360572.62,3.80
21:29,101127.94,24.04,20.77,101151.02,13.20,54.54,-1360475.12,3.97
21:30,101125.28,23.92,21.30,101149.69,13.10,55.38,-1360706.25,4.94
21:31,101122.42,23.93,21.12,101148.35,14.43,49.98,-1360911.25,4.37
21:32,101119.44,23.69,21.72,101151.10,12.59,56.72,-1360644.75,3.68
21:33,101109.21,23.44,22.06,101148.14,12.87,54.51,-1361494.25,4.77
21:34,101124.91,23.41,22.30,101156.53,12.76,56.27,-1361381.62,4.61
21:35,101122.62,23.36,22.53,101152.41,13.01,55.46,-1361297.87,4.69
21:36,101133.35,15.40,38.41,101159.60,13.62,51.94,-1361454.75,0.45
21:37,101146.82,6.72,59.00,101156.93,12.28,55.13,-1360980.75,0.45
21:38,101143.07,4.83,68.55,101157.60,11.38,58.72,-1361099.25,0.43
21:39,101151.21,6.15,77.74,101158.08,11.44,60.04,-1361792.25,0.47
21:40,101148.63,9.12,81.27,101160.83,11.55,61.33,-1362753.87,0.37
21:41,101149.48,9.81,81.44,101162.16,11.82,62.62,-1364185.50,0.45
21:42,101152.07,10.00,81.73,101159.44,11.77,64.04,-1364437.62,0.45
21:43,101152.44,10.07,81.84,101169.11,11.71,63.33,-1364747.12,0.40
21:44,101151.32,10.06,81.69,101163.19,11.66,61.88,-1365398.12,0.46
21:45,101150.88,10.17,81.88,101163.29,11.76,63.71,-1366741.00,0.40
21:46,101154.85,10.29,81.53,101169.43,11.69,63.93,-1367571.00,0.41
21:47,101147.76,10.39,80.91,101168.63,11.60,62.73,-1367653.37,0.39
21:48,101151.52,10.36,80.17,101170.13,11.54,62.27,-1367941.75,0.45
21:49,101165.46,10.41,80.43,101176.75,11.68,64.02,-1368840.75,0.45
21:50,101157.47,10.43,80.10,101178.27,11.64,63.38,-1369413.87,0.45
21:51,101168.24,10.43,79.72,101176.57,11.61,63.85,-1369607.25,0.45
21:52,101162.60,10.58,79.99,101179.35,11.80,64.06,-1369989.75,0.39
21:53,101148.33,19.42,30.44,101174.98,12.67,56.53,-1370369.75,3.79
21:54,101138.78,20.73,25.95,101176.50,12.51,55.10,-1370146.75,4.41
21:55,101150.50,22.14,24.21,101179.50,12.44,55.38,-1370868.25,4.23
21:56,101163.59,22.61,23.09,101182.35,12.46,56.94,-1371150.25,3.66
21:57,101152.00,22.73,22.28,101178.96,14.05,50.02,-1371146.75,4.13
21:58,101153.16,22.59,21.74,101182.60,14.04,50.26,-1371329.12,4.83
21:59,101161.55,22.30,21.69,101187.46,13.01,53.96,-1370774.00,4.74
22:0,101159.95,22.09,21.75,101182.18,13.64,50.47,-1371891.00,4.24
22:1,101152.95,22.08,21.69,101186.35,14.16,47.90,-1371630.25,3.63
22:2,101161.78,22.17,21.58,101188.38,13.70,51.75,-1371628.75,4.72
22:3,101153.71,22.11,21.52,101188.14,13.71,50.72,-1372069.75,4.45
22:4,101147.84,22.10,21.46,101185.58,13.96,48.81,-1371958.62,3.89
22:5,101152.35,22.08,21.32,101179.24,12.52,55.19,-1371643.50,3.60
22:6,101152.75,21.98,21.20,101180.85,12.09,56.98,-1372392.87,4.94
22:7,101152.50,21.83,21.21,101189.26,11.74,58.24,-1372994.25,4.89
22:8,101149.66,21.74,21.37,101184.32,12.52,53.79,-1373057.25,4.49
22:9,101150.11,21.78,21.13,101175.43,12.22,55.43,-1373255.37,4.77
22:10,101153.42,21.80,21.16,101177.36,12.64,53.14,-1373766.25,4.65
22:11,101144.67,21.82,21.12,101183.46,12.41,55.26,-1373685.75,4.53
22:12,101150.12,22.10,21.07,101185.82,13.71,50.86,-1374055.12,3.64
22:13,101152.26,22.22,20.92,101188.52,13.66,51.37,-1373245.25,4.55
22:14,101148.94,22.13,20.91,101177.63,13.23,50.80,-1373624.87,4.92
22:15,101152.78,22.23,20.86,101182.26,14.16,47.58,-1373792.50,4.10
22:16,101156.97,22.36,20.75,101189.39,13.76,50.32,-1373558.37,4.92
22:17,101151.14,22.37,20.59,101189.63,13.63,49.13,-1373453.87,4.60
22:18,101160.19,22.43,20.61,101184.02,13.23,50.82,-1373104.62,4.25
22:19,101162.88,22.46,20.42,101185.37,12.85,53.04,-1374021.50,4.32
22:20,101154.99,22.54,20.62,101185.75,13.41,52.13,-1373982.37,4.85
22:21,101159.78,22.54,20.71,101188.23,12.38,53.93,-1373726.75,4.23
22:22,101163.64,22.56,20.72,101188.94,12.20,54.59,-1374661.50,3.62
22:23,101160.91,22.59,20.83,101191.77,11.98,56.54,-1373991.25,4.63
22:24,101160.31,22.55,21.16,101192.03,11.71,58.08,-1374531.37,4.40
22:25,101158.04,22.65,20.90,101189.07,13.13,50.80,-1374879.00,4.05
22:26,101164.78,22.62,21.41,101189.10,12.11,54.53,-1374513.50,4.73
22:27,101179.74,22.57,21.61,101187.74,12.88,54.00,-1374751.25,4.14
22:28,101166.38,22.62,21.69,101187.96,12.96,51.22,-1374632.25,4.78
22:29,101173.19,22.61,22.00,101185.74,12.99,51.36,-1374759.25,4.62
22:30,101170.12,22.74,22.07,101187.13,12.90,52.39,-1374490.50,4.25
22:31,101161.97,22.56,22.56,101190.74,12.15,55.15,-1374518.87,4.94
22:32,101165.73,22.36,22.78,101189.31,12.74,53.43,-1375067.25,0.45
22:33,101181.91,9.69,49.63,101189.07,11.90,56.80,-1374823.37,0.45
22:34,101195.33,5.02,66.46,101190.02,11.01,59.08,-1375264.75,0.45
22:35,101178.84,4.66,73.14,101192.42,10.52,61.67,-1376056.25,0.45
22:36,101179.58,7.74,80.93,101194.78,10.64,62.72,-1376483.87,0.47
22:37,101174.57,9.02,81.61,101190.71,11.09,63.15,-1378155.25,0.52
22:38,101176.72,9.39,81.98,101196.17,11.05,64.39,-1377897.50,0.47
22:39,101182.57,9.47,82.11,101191.27,11.04,64.56,-1378323.37,0.48
22:40,101198.55,9.51,82.20,101190.99,11.06,64.56,-1378999.87,0.46
22:41,101177.32,9.60,82.18,101190.14,10.96,64.56,-1379198.50,0.48
22:42,101184.17,9.68,81.96,101193.53,10.87,63.96,-1379291.25,0.46
22:43,101181.85,9.70,81.54,101190.23,10.98,64.69,-1380542.25,0.45
22:44,101182.34,9.79,81.22,101183.97,10.90,63.49,-1380818.00,0.46
22:45,101171.17,9.84,80.97,101186.66,10.90,64.95,-1381337.75,0.46
22:46,101179.21,9.89,81.06,101188.05,11.01,65.56,-1381868.25,0.41
22:47,101176.55,9.94,80.54,101189.30,10.96,64.99,-1381871.62,0.48
22:48,101178.92,9.96,80.38,101186.57,11.01,65.49,-1381791.75,0.39
22:49,101172.92,11.03,79.37,101186.02,10.96,65.26,-1382501.37,4.01
22:50,101170.68,11.02,69.88,101186.68,11.54,61.97,-1382744.75,0.48
22:51,101175.91,10.74,70.07,101185.41,11.38,61.47,-1382317.50,0.14
22:52,101177.00,11.17,64.23,101191.21,11.32,61.65,-1382663.12,0.14
22:53,101175.45,10.60,75.17,101190.39,11.29,64.31,-1383019.62,0.46
22:54,101178.28,10.86,74.69,101186.35,11.26,62.11,-1382943.25,0.14
22:55,101178.58,11.19,65.42,101188.72,11.22,62.00,-1382901.37,0.13
22:56,101178.32,10.65,74.76,101182.74,11.07,64.29,-1383697.62,0.48
22:57,101176.85,10.84,69.75,101182.71,11.11,62.60,-1383823.25,0.13
22:58,101177.21,11.14,63.94,101183.71,11.10,62.94,-1383620.00,0.12
22:59,101182.35,13.21,57.61,101185.32,11.67,60.37,-1384350.87,0.48
23:0,101173.19,10.75,73.70,101186.52,11.24,61.83,-1383946.12,0.13
23:1,101179.99,11.15,64.52,101183.42,11.19,61.88,-1384110.37,0.13
23:2,101164.21,11.71,67.31,101180.61,11.31,62.22,-1384588.87,0.45
23:3,101172.38,10.67,70.72,101178.69,11.09,61.83,-1384413.37,0.14
23:4,101172.33,11.08,64.24,101179.53,11.09,61.79,-1384516.87,0.13
23:5,101176.28,12.20,64.70,101178.90,11.17,62.93,-1384982.62,0.47
23:6,101173.03,10.73,74.28,101181.41,11.19,62.83,-1385579.12,0.15
23:7,101176.05,11.14,65.15,101184.08,11.17,61.54,-1384945.75,0.08
23:8,101163.45,12.08,65.36,101177.04,11.02,62.27,-1384617.37,0.48
23:9,101171.91,10.63,74.39,101177.07,11.18,63.46,-1385339.37,0.08
23:10,101167.70,11.06,66.15,101173.22,11.23,61.55,-1385141.12,0.14
23:11,101168.35,11.46,70.02,101178.17,11.31,62.72,-1384993.25,0.46
23:12,101168.91,10.64,75.00,101172.53,10.91,62.75,-1385043.75,0.14
23:13,101167.97,11.01,65.62,101176.61,10.95,62.90,-1385410.75,0.14
23:14,101154.42,14.34,47.71,101174.67,11.14,62.03,-1385248.75,0.48
23:15,101165.41,10.26,75.00,101178.77,11.06,63.67,-1385659.12,0.09
23:16,101167.38,10.81,66.03,101175.00,11.06,61.84,-1385249.25,0.09
23:17,101160.38,11.69,70.12,101175.91,11.06,62.37,-1385235.75,0.84
23:18,101163.47,10.27,75.41,101172.53,10.96,64.36,-1386002.75,0.14
23:19,101167.88,10.77,66.11,101172.62,10.89,62.64,-1385893.87,0.13
23:20,101164.67,11.46,71.77,101173.91,10.93,62.67,-1385445.75,3.16
23:21,101144.35,15.33,42.00,101173.46,11.60,57.54,-1385899.87,0.41
23:22,101169.23,10.39,74.54,101170.46,11.22,62.53,-1386295.25,0.12
23:23,101165.25,10.88,64.78,101171.96,11.18,61.46,-1385830.25,0.13
23:24,101160.90,11.96,65.86,101170.74,10.99,62.87,-1385514.75,0.41
23:25,101162.85,10.07,76.78,101174.02,10.85,63.68,-1386582.50,0.11
23:26,101166.66,10.61,67.58,101168.89,10.98,62.79,-1386474.12,0.14
23:27,101168.38,11.13,70.87,101169.80,11.02,63.36,-1385933.12,0.48
23:28,101165.67,10.24,75.74,101171.42,10.93,64.26,-1386069.87,0.08
23:29,101169.30,10.64,65.27,101174.28,10.79,62.15,-1385383.50,0.08
23:30,101160.85,12.20,63.00,101170.21,10.87,62.67,-1386243.75,0.48
23:31,101164.85,10.23,74.47,101169.86,10.79,63.22,-1386460.25,0.12
23:32,101165.39,10.75,69.90,101168.69,10.96,62.10,-1386302.75,0.12
23:33,101154.74,12.69,58.97,101170.34,10.93,63.05,-1386282.25,4.09
23:34,101165.32,10.88,69.37,101170.38,11.28,61.11,-1386299.50,0.41
23:35,101167.75,10.50,68.92,101174.46,10.95,62.63,-1386602.62,0.14
23:36,101167.36,10.88,65.15,101171.22,11.04,62.32,-1386039.37,0.12
23:37,101160.25,10.44,73.58,101166.89,10.96,63.64,-1386350.00,0.48
23:38,101164.94,10.46,74.19,101171.39,10.87,62.93,-1386806.37,0.13
23:39,101166.21,10.86,66.76,101170.17,11.03,62.43,-1386393.12,0.12
23:40,101148.69,16.56,35.44,101172.57,11.53,57.01,-1386489.75,3.81
23:41,101158.73,10.95,63.52,101172.03,11.41,59.67,-1386800.62,0.48
23:42,101168.41,10.46,73.39,101174.03,11.10,62.26,-1386311.00,0.12
23:43,101167.28,10.79,64.56,101172.25,10.95,62.20,-1386207.87,0.13
23:44,101159.56,11.23,66.90,101167.80,11.10,62.16,-1386813.62,0.44
23:45,101162.97,10.28,75.53,101164.75,10.91,62.99,-1386640.00,0.12
23:46,101160.84,10.71,67.72,101167.27,10.94,62.42,-1386225.75,0.13
23:47,101161.14,10.92,70.28,101164.27,10.87,63.42,-1386397.12,0.46
23:48,101158.67,10.19,75.90,101164.02,10.76,63.80,-1386781.75,0.13
23:49,101159.13,10.58,66.38,101163.96,10.76,63.14,-1386745.50,0.13
23:50,101141.80,15.81,37.52,101159.73,11.06,60.08,-1386725.25,3.65
23:51,101159.34,11.04,63.59,101163.49,11.31,59.95,-1386930.62,0.47
23:52,101157.96,10.35,73.79,101161.96,10.90,62.38,-1386706.12,0.14
23:53,101156.39,10.85,65.52,101162.12,10.96,62.42,-1386506.75,0.13
23:54,101137.92,16.99,32.78,101157.02,11.33,57.96,-1386933.12,3.85
23:55,101150.83,9.91,75.87,101160.50,10.92,63.37,-1386877.62,0.14
23:56,101154.92,10.56,66.94,101162.11,10.82,62.05,-1386616.62,0.14
23:57,101155.24,10.87,64.17,101161.35,10.67,62.64,-1386306.75,5.59
23:58,101143.34,16.44,35.99,101153.60,11.78,55.57,-1386979.37,0.48
23:59,101148.22,9.93,75.19,101157.98,11.02,62.09,-1387150.00,0.14
0:0,101148.85,10.60,66.53,101156.13,10.98,61.71,-1386648.12,0.12
0:1,101138.08,13.07,58.08,101156.00,10.89,62.96,-1386448.00,3.47
0:2,101139.25,11.21,64.67,101154.98,11.19,60.60,-1387450.62,0.49
0:3,101146.03,10.23,73.66,101152.24,10.82,62.85,-1387377.87,0.09
0:4,101145.47,10.74,65.91,101152.35,10.70,63.27,-1387034.00,0.07
0:5,101126.83,17.15,32.73,101148.85,10.98,59.16,-1387032.25,3.42
0:6,101140.28,12.28,53.25,101151.30,11.66,57.34,-1387584.75,0.48
0:7,101144.64,9.99,73.95,101148.51,10.88,62.20,-1387163.00,0.08
0:8,101145.58,10.59,65.32,101150.50,10.89,61.96,-1386832.25,0.14
0:9,101125.13,16.86,34.96,101145.57,10.89,59.92,-1386959.25,4.49
0:10,101130.61,15.38,39.89,101144.28,11.78,55.65,-1387314.25,0.45
0:11,101136.88,9.83,74.24,101144.24,10.93,61.96,-1387207.12,0.14
0:12,101137.65,10.49,65.24,101143.59,10.82,61.92,-1386871.12,0.13
0:13,101128.05,14.96,45.60,101144.57,10.86,62.08,-1386752.75,4.25
0:14,101139.08,9.80,76.42,101145.94,10.67,64.22,-1387560.75,0.48
0:15,101139.96,10.33,66.33,101141.89,10.58,62.73,-1387235.25,0.13
0:16,101134.47,10.64,63.48,101142.46,10.52,62.61,-1387039.62,0.14
0:17,101116.30,18.41,29.36,101138.10,11.48,57.17,-1387507.37,3.65
0:18,101131.02,20.59,26.43,101138.07,12.02,54.91,-1387804.87,0.42
0:19,101131.05,8.56,72.69,101141.42,10.80,60.87,-1387648.12,0.14
0:20,101131.50,9.87,67.14,101138.52,10.57,62.92,-1387413.75,0.14
0:21,101132.08,10.78,72.37,101138.92,10.40,63.24,-1387004.12,3.67
0:22,101122.33,18.16,29.20,101138.85,11.40,57.60,-1387229.87,0.48
0:23,101128.22,9.66,74.76,101134.87,10.70,63.79,-1387539.50,0.14
0:24,101130.78,10.45,68.07,101132.27,10.65,62.82,-1386990.37,0.08
0:25,101119.83,12.08,67.85,101131.79,10.68,63.58,-1387018.37,3.76
0:26,101114.71,17.53,31.28,101129.39,11.53,55.84,-1387138.50,0.48
0:27,101118.19,9.76,74.75,101127.94,10.78,63.22,-1387689.25,0.12
0:28,101119.28,10.42,66.02,101127.93,10.65,62.66,-1387274.12,0.08
0:29,101119.78,12.51,63.48,101130.31,10.64,64.21,-1387078.62,3.98
0:30,101114.08,16.77,34.72,101128.25,12.01,53.90,-1387334.00,0.48
0:31,101124.31,9.84,74.15,101131.11,10.83,62.47,-1387508.62,0.09
0:32,101123.91,10.37,65.23,101131.18,10.73,62.26,-1386881.12,0.07
0:33,101114.16,13.51,55.28,101131.34,10.51,63.82,-1387339.62,4.23
0:34,101099.39,17.80,29.89,101127.14,11.60,55.56,-1387500.75,0.47
0:35,101121.95,9.77,74.48,101128.39,10.69,63.18,-1387623.75,0.14
0:36,101122.63,10.40,65.73,101128.89,10.69,62.58,-1387085.25,0.08
0:37,101120.00,12.21,66.31,101132.40,10.62,64.03,-1387260.25,3.40
0:38,101115.50,11.85,58.62,101129.67,11.24,59.59,-1387658.50,0.46
0:39,101126.28,10.16,73.87,101129.35,10.65,62.81,-1387321.50,0.13
0:40,101126.64,10.63,64.63,101130.96,10.56,63.05,-1387275.50,0.14
0:41,101113.84,17.41,33.29,101128.89,10.82,59.40,-1387671.25,3.54
0:42,101112.10,14.92,41.21,101133.03,11.73,55.57,-1387880.62,0.48
0:43,101123.89,9.89,73.81,101131.10,10.79,62.65,-1387452.75,0.14
0:44,101131.02,10.47,64.99,101135.36,10.56,62.74,-1387053.50,0.14
0:45,101118.64,15.35,44.27,101132.20,10.56,62.67,-1387384.87,4.25
0:46,101110.14,19.03,27.75,101134.92,11.64,55.28,-1387760.00,3.67
0:47,101128.33,9.43,74.30,101134.86,10.82,62.12,-1387541.75,0.41
0:48,101132.83,10.33,66.79,101137.32,10.52,62.81,-1387181.25,0.08
0:49,101132.57,10.53,62.86,101134.61,10.28,62.93,-1386982.25,0.14
0:50,101118.57,18.59,27.16,101132.49,11.72,53.67,-1388144.87,3.45
0:51,101127.37,9.68,70.62,101139.48,10.94,60.47,-1387635.25,0.41
0:52,101134.42,10.08,68.10,101139.75,10.63,62.36,-1387749.87,0.14
0:53,101131.73,10.68,63.76,101137.57,10.54,62.83,-1387471.25,0.08
0:54,101114.34,18.51,28.29,101138.39,11.51,55.77,-1387568.87,4.00
0:55,101118.75,9.64,73.60,101130.40,10.76,62.33,-1387414.37,0.41
0:56,101126.19,10.25,67.90,101130.91,10.51,62.49,-1387263.37,0.12
0:57,101129.19,10.64,63.48,101134.64,10.36,63.35,-1387337.75,0.08
0:58,101114.33,18.59,27.40,101130.57,10.93,58.59,-1387839.75,3.40
0:59,101105.67,20.35,26.92,101124.50,12.20,53.40,-1387490.87,0.48
1:0,101121.72,8.77,72.23,101130.71,10.64,61.03,-1387592.75,0.13
1:1,101120.58,9.86,65.86,101129.00,10.40,62.51,-1387603.12,0.08
1:2,101118.46,11.01,73.59,101129.57,10.26,63.33,-1387343.25,3.40
1:3,101108.21,18.54,27.57,101131.08,11.23,57.42,-1387914.87,4.16
1:4,101134.61,10.40,57.47,101133.59,11.30,57.28,-1388171.62,0.43
1:5,101120.57,9.67,71.14,101128.17,10.61,61.64,-1387787.25,0.08
1:6,101121.72,10.20,64.26,101126.63,10.27,62.78,-1387419.87,0.12
1:7,101104.94,17.90,30.50,101130.19,10.95,57.61,-1387706.12,4.49
1:8,101114.92,14.41,41.04,101123.50,11.74,54.73,-1387950.25,0.42
1:9,101124.31,9.51,72.89,101124.42,10.57,61.88,-1387698.75,0.12
1:10,101121.50,10.23,64.45,101122.47,10.35,62.41,-1387480.37,0.08
1:11,101099.52,16.03,39.49,101120.10,10.44,61.44,-1387716.62,3.82
1:12,101104.34,19.22,28.12,101126.22,11.70,54.36,-1387626.75,4.32
1:13,101108.92,12.92,41.81,101118.92,11.26,56.75,-1387632.75,0.48
1:14,101114.08,8.88,70.65,101115.82,10.22,62.89,-1387501.87,0.14
1:15,101112.02,9.93,64.70,101116.15,10.15,63.31,-1387663.00,0.08
1:16,101102.55,16.65,35.34,101114.00,10.73,59.75,-1387672.62,3.76
1:17,101105.67,19.97,27.02,101118.37,11.95,54.62,-1387991.12,4.07
1:18,101110.79,8.73,72.01,101122.20,10.53,61.67,-1387948.75,0.48
1:19,101112.25,9.76,67.99,101121.33,10.36,63.36,-1387565.62,0.14
1:20,101116.68,10.38,63.85,101119.86,10.19,63.68,-1387249.75,0.08
1:21,101101.35,18.92,28.33,101124.57,11.35,56.90,-1387853.50,4.45
1:22,101098.08,21.26,25.71,101120.11,11.83,55.30,-1387858.25,3.76
1:23,101116.10,7.85,67.40,101117.94,10.56,59.71,-1387567.25,0.48
1:24,101111.35,9.12,67.74,101118.48,10.27,62.75,-1387690.62,0.13
1:25,101113.88,10.03,64.87,101118.46,10.26,63.42,-1387283.25,0.08
1:26,101101.19,18.92,29.08,101118.53,11.17,57.35,-1387652.75,3.82
1:27,101104.45,18.55,29.44,101114.97,12.22,53.64,-1387687.12,0.46
1:28,101113.41,8.39,70.50,101116.75,10.46,61.88,-1387745.25,0.08
1:29,101112.88,9.64,66.46,101121.55,10.40,62.94,-1387552.62,0.08
1:30,101102.88,13.19,52.25,101109.67,10.25,63.93,-1388190.25,3.38
1:31,101097.67,19.09,28.15,101119.03,11.12,57.12,-1387928.75,4.42
1:32,101098.78,11.50,47.78,101114.80,11.23,57.40,-1387806.12,0.48
1:33,101104.50,9.13,70.73,101112.97,10.10,63.93,-1387983.25,0.08
1:34,101108.60,9.98,65.91,101115.72,10.02,65.27,-1387961.25,0.08
1:35,101095.24,17.27,32.94,101111.27,10.21,62.47,-1388185.75,3.54
1:36,101086.39,20.47,26.89,101107.73,11.52,57.10,-1388245.75,3.40
1:37,101105.52,10.36,49.15,101109.53,11.19,57.72,-1388300.25,0.41
1:38,101104.25,8.76,69.49,101108.39,10.18,63.87,-1388352.87,0.13
1:39,101104.44,9.69,66.64,101107.07,10.20,64.31,-1387964.62,0.08
1:40,101087.01,17.50,31.47,101105.03,10.59,60.46,-1388053.37,4.60
1:41,101093.28,20.62,26.88,101107.14,11.27,58.27,-1388164.00,4.61
1:42,101085.80,21.79,24.62,101109.33,11.28,58.29,-1388109.87,4.73
1:43,101094.11,11.58,41.96,101104.60,11.39,56.08,-1388001.75,0.48
1:44,101099.20,7.58,64.30,101101.85,10.13,63.54,-1387714.75,0.12
1:45,101103.17,9.25,67.18,101107.53,10.22,64.25,-1387983.37,0.12
1:46,101101.45,16.27,36.25,101107.71,10.61,60.08,-1388355.25,4.22
1:47,101073.96,20.89,26.47,101104.16,11.77,56.64,-1388139.37,3.65
1:48,101095.60,7.71,60.96,101101.04,10.53,59.56,-1388114.25,0.41
1:49,101100.21,8.77,68.77,101104.78,10.11,64.76,-1388404.12,0.13
1:50,101103.57,9.88,65.97,101105.86,10.15,65.01,-1388368.62,0.14
1:51,101096.96,18.53,30.25,101104.46,10.18,64.15,-1388314.25,4.43
1:52,101081.85,21.33,25.62,101101.63,11.71,57.23,-1388503.25,4.31
1:53,101069.72,21.94,24.09,101100.52,12.16,54.76,-1388426.12,4.60
1:54,101094.88,6.72,60.90,101098.84,10.54,60.02,-1388241.12,0.48
1:55,101099.35,8.22,68.87,101101.14,10.15,64.41,-1388589.62,0.13
1:56,101096.57,9.73,66.10,101104.92,10.20,65.33,-1388478.25,0.12
1:57,101073.97,19.12,30.24,101101.93,10.95,60.79,-1388398.62,4.38
1:58,101085.17,21.07,25.78,101095.75,12.03,56.51,-1388766.25,0.41
1:59,101090.50,7.42,68.92,101095.64,10.31,63.40,-1388772.12,0.14
2:0,101091.66,9.03,68.58,101097.21,10.28,64.46,-1388380.12,0.08
2:1,101080.85,10.91,67.20,101095.13,10.14,65.62,-1388239.75,3.85
2:2,101080.83,19.77,28.29,101098.17,10.75,61.21,-1388969.62,4.21
2:3,101073.00,21.78,24.91,101095.57,12.43,54.63,-1388734.50,4.47
2:4,101080.69,7.38,66.74,101091.44,10.52,61.46,-1388139.87,0.48
2:5,101086.21,9.02,68.64,101096.42,10.32,64.83,-1388561.62,0.07
2:6,101091.91,10.21,65.58,101090.64,10.35,65.15,-1388624.62,0.08
2:7,101071.18,18.84,29.07,101092.13,11.46,57.36,-1388768.12,3.91
2:8,101069.87,12.99,42.83,101090.81,11.65,57.21,-1388630.87,0.48
2:9,101086.67,9.23,71.62,101088.84,10.44,64.27,-1388631.62,0.07
2:10,101087.32,10.10,66.33,101091.67,10.42,64.89,-1388575.62,0.13
2:11,101077.85,17.28,34.76,101093.00,10.77,62.33,-1388547.12,4.48
2:12,101075.35,20.80,26.62,101089.94,10.90,60.88,-1388994.00,4.42
2:13,101061.11,19.44,27.76,101084.75,12.01,56.75,-1388742.75,0.42
2:14,101081.44,8.00,69.08,101091.21,10.47,63.33,-1388899.25,0.14
2:15,101077.55,9.43,68.46,101088.10,10.42,65.44,-1388823.00,0.14
2:16,101076.10,12.94,53.43,101087.96,10.31,65.76,-1388751.00,3.98
2:17,101060.20,20.13,27.60,101086.57,11.75,58.09,-1389698.25,3.87
2:18,101053.96,21.92,24.79,101081.15,11.56,58.70,-1388916.00,4.53
2:19,101064.50,13.37,38.09,101080.97,11.13,61.15,-1389041.62,0.48
2:20,101075.49,7.73,66.03,101083.42,10.26,64.56,-1389339.12,0.07
2:21,101073.72,9.41,68.25,101083.91,10.20,65.65,-1389270.75,0.14
2:22,101066.38,15.74,36.32,101083.46,10.49,63.28,-1389437.87,3.55
2:23,101059.73,20.80,26.74,101082.69,11.78,57.55,-1389558.12,4.29
2:24,101063.66,8.69,59.51,101082.47,10.88,60.52,-1389325.75,0.48
2:25,101072.76,9.14,69.75,101079.19,10.30,65.65,-1389367.62,0.12
2:26,101070.08,10.29,65.96,101077.46,10.34,66.10,-1389455.75,0.14
2:27,101059.79,18.52,28.90,101080.39,11.00,60.78,-1389699.75,4.36
2:28,101052.50,20.95,26.19,101077.02,11.94,57.20,-1389646.75,0.48
2:29,101070.33,8.89,72.31,101080.05,10.51,64.51,-1389945.62,0.08
2:30,101072.28,9.92,68.15,101077.10,10.47,65.57,-1389552.12,0.08
2:31,101063.14,11.45,72.85,101074.10,10.30,66.90,-1389481.75,3.12
2:32,101050.96,19.19,27.03,101073.53,11.69,57.11,-1390244.25,3.63
2:33,101071.27,10.38,61.06,101073.57,11.23,60.76,-1389823.50,0.42
2:34,101064.92,9.97,71.02,101073.82,10.23,66.52,-1390207.00,0.10
2:35,101065.22,10.61,66.09,101068.74,10.25,66.92,-1389953.75,0.14
2:36,101047.55,18.77,29.62,101070.62,10.95,62.68,-1390181.50,3.85
2:37,101050.99,20.63,26.73,101066.69,12.16,56.01,-1390454.50,0.48
2:38,101060.46,9.29,73.02,101066.99,10.69,64.07,-1389845.75,0.08
2:39,101062.82,10.15,67.84,101066.97,10.38,66.41,-1389722.62,0.11
2:40,101046.14,11.39,75.53,101066.05,10.10,67.91,-1390050.75,3.48
2:41,101046.24,19.87,27.74,101062.18,10.86,62.41,-1390643.12,4.47
2:42,101052.84,13.09,43.58,101059.24,11.86,57.88,-1390609.00,0.48
2:43,101058.93,9.49,70.71,101067.39,10.59,65.05,-1390417.12,0.11
2:44,101057.83,10.29,67.06,101061.36,10.22,67.17,-1390187.50,0.14
2:45,101048.78,17.48,34.75,101061.75,10.71,63.70,-1390833.50,3.95
2:46,101038.89,17.23,33.87,101061.42,11.72,58.81,-1390595.25,0.48
2:47,101057.14,9.74,73.36,101060.86,10.47,66.24,-1390899.87,0.14
2:48,101055.28,10.43,67.36,101053.65,10.22,67.52,-1390864.00,0.14
2:49,101036.82,14.87,49.46,101061.18,10.42,67.40,-1390835.75,3.77
2:50,101040.01,20.28,27.08,101054.10,11.87,57.71,-1390963.25,4.20
2:51,101038.99,9.37,72.48,101053.46,10.65,64.50,-1390601.25,0.48
2:52,101051.00,10.16,68.00,101054.16,10.35,66.60,-1390886.75,0.14
2:53,101047.80,10.79,66.40,101055.00,10.26,67.50,-1390956.62,0.14
2:54,101027.20,19.21,27.35,101055.50,11.14,62.82,-1391218.37,4.54
2:55,101026.25,21.26,25.91,101052.42,11.25,60.84,-1391512.25,3.73
2:56,101032.52,19.88,26.93,101055.32,12.24,56.11,-1391766.75,0.42
2:57,101044.99,8.04,68.32,101048.32,10.40,64.45,-1391308.12,0.14
2:58,101046.03,9.46,68.49,101051.64,10.22,66.68,-1391173.25,0.14
2:59,101027.67,13.11,52.42,101048.55,10.24,67.18,-1391399.37,3.56
3:0,101021.47,20.19,27.86,101046.48,11.62,59.28,-1391547.25,4.38
3:1,101045.75,12.02,45.61,101046.24,11.73,57.36,-1391843.62,0.48
3:2,101043.73,9.01,70.36,101049.67,10.44,64.92,-1391865.50,0.14
3:3,101042.98,10.09,67.61,101048.19,10.25,66.67,-1391871.37,0.14
3:4,101023.52,17.57,33.18,101043.10,10.72,62.83,-1392159.25,4.47
3:5,101042.21,18.37,31.05,101043.07,11.86,57.81,-1392382.50,0.48
3:6,101040.00,9.24,72.85,101045.99,10.48,65.10,-1392056.12,0.12
3:7,101040.80,10.05,68.31,101048.14,10.32,66.70,-1392152.37,0.14
3:8,101042.23,13.85,53.61,101049.17,10.36,67.41,-1392189.25,4.43
3:9,101034.57,20.30,27.28,101042.23,11.32,60.03,-1392232.75,3.62
3:10,101026.72,21.86,24.83,101039.10,11.21,61.14,-1392656.12,4.54
3:11,101040.41,10.42,48.46,101051.13,11.04,59.85,-1392446.37,0.48
3:12,101040.30,8.46,67.76,101045.85,10.17,66.38,-1392494.75,0.08
3:13,101038.85,9.68,68.86,101043.52,10.20,67.39,-1392868.25,0.13
3:14,101028.27,17.44,32.90,101046.29,10.83,61.17,-1392548.25,4.26
3:15,101016.52,21.12,26.04,101040.33,12.17,56.48,-1393274.25,4.48
3:16,101036.32,8.36,70.40,101043.26,10.82,62.23,-1392933.87,0.48
3:17,101035.94,9.62,68.82,101039.77,10.56,65.06,-1393021.75,0.08
3:18,101039.37,10.34,66.49,101045.63,10.40,66.47,-1392997.62,0.13
3:19,101015.32,19.65,28.54,101038.36,11.12,60.63,-1393107.12,3.89
3:20,101023.81,20.31,27.04,101037.75,11.51,59.06,-1393643.87,0.42
3:21,101031.57,8.40,70.79,101039.00,10.38,64.72,-1393753.87,0.08
3:22,101034.00,9.63,68.96,101036.64,10.18,66.88,-1393641.62,0.14
3:23,101022.55,12.67,57.85,101038.94,10.14,67.82,-1393766.75,3.96
3:24,101012.91,20.21,27.51,101037.36,11.36,60.09,-1394248.25,4.51
3:25,101020.35,17.19,32.19,101040.44,12.01,56.99,-1394141.62,0.42
3:26,101027.82,8.63,70.71,101040.88,10.37,65.00,-1393631.25,0.14
3:27,101034.39,9.80,68.49,101039.17,10.13,67.33,-1394139.00,0.12
3:28,101019.21,15.39,42.67,101042.44,10.36,66.46,-1394521.12,3.99
3:29,101009.98,20.53,27.00,101037.57,11.81,59.55,-1394521.62,3.59
3:30,101028.61,13.79,40.14,101039.78,12.07,56.58,-1394466.62,0.47
3:31,101031.46,8.92,70.76,101041.08,10.43,65.45,-1394252.25,0.14
3:32,101033.21,10.05,67.71,101039.00,10.18,67.17,-1394584.25,0.08
3:33,101028.03,17.15,35.29,101036.75,10.50,64.45,-1394914.62,4.27
3:34,101014.67,20.98,26.51,101038.74,11.54,60.30,-1395168.50,3.96
3:35,101017.27,15.74,34.88,101040.36,12.17,57.03,-1395112.50,0.48
3:36,101029.75,8.59,70.08,101041.44,10.46,65.07,-1395186.37,0.14
3:37,101036.39,9.78,68.84,101037.71,10.35,66.89,-1395004.75,0.13
3:38,101017.28,16.17,39.16,101041.55,10.54,65.02,-1395283.75,3.49
3:39,101011.65,20.72,26.91,101042.36,11.21,62.43,-1395271.25,3.35
3:40,101015.25,22.09,24.60,101042.26,12.11,57.96,-1395707.75,3.89
3:41,101029.95,7.74,69.13,101040.48,10.54,64.11,-1395575.75,0.13
3:42,101032.66,9.38,69.54,101046.78,10.34,67.59,-1395605.75,0.14
3:43,101037.49,10.28,69.75,101042.94,10.36,67.63,-1395751.37,3.78
3:44,101021.08,19.52,28.55,101041.49,11.17,61.79,-1395837.00,3.47
3:45,101017.64,21.86,25.04,101038.03,11.71,59.83,-1396255.75,4.19
3:46,101028.78,9.86,50.48,101045.37,10.98,61.07,-1396293.25,0.48
3:47,101033.95,8.69,71.07,101047.21,10.18,67.47,-1396599.25,0.12
3:48,101032.49,10.04,68.11,101046.93,10.26,67.94,-1396691.87,0.12
3:49,101025.28,18.06,31.49,101048.00,10.85,62.78,-1396837.50,4.16
3:50,101012.13,21.36,25.95,101042.16,11.77,59.65,-1397138.00,4.58
3:51,101029.19,8.91,59.03,101040.63,10.73,63.48,-1396952.25,0.48
3:52,101034.83,9.37,69.73,101042.21,10.27,67.56,-1397524.50,0.13
3:53,101035.28,10.32,67.65,101041.23,10.29,68.25,-1397324.87,0.08
3:54,101012.08,18.88,29.63,101035.28,11.04,62.85,-1397829.37,3.85
3:55,101014.49,21.47,25.75,101037.59,12.37,57.24,-1397688.37,1.69
3:56,101025.60,8.92,72.35,101039.00,10.67,65.17,-1397642.25,0.12
3:57,101029.94,10.03,69.27,101038.66,10.46,67.60,-1397826.87,0.12
3:58,101019.53,10.73,68.32,101036.29,10.31,68.30,-1398186.87,3.61
3:59,101008.46,19.94,27.87,101027.83,11.68,59.52,-1398364.25,4.12
4:0,101015.32,13.25,43.95,101029.46,11.11,62.33,-1398250.62,0.42
4:1,101022.82,9.62,72.13,101028.24,10.40,67.39,-1398841.25,0.13
4:2,101027.61,10.30,68.72,101033.72,10.29,68.73,-1398915.37,0.07
4:3,101006.96,17.68,34.94,101028.50,10.64,65.76,-1398776.12,4.23
4:4,101005.47,21.07,26.44,101027.33,11.34,61.81,-1399500.50,4.68
4:5,101019.34,14.22,39.56,101030.66,11.69,60.85,-1398968.87,0.42
4:6,101019.07,9.06,71.04,101030.10,10.33,67.63,-1399618.25,0.14
4:7,101020.56,10.24,68.37,101031.17,10.33,69.00,-1399631.62,0.13
4:8,101011.50,17.10,35.97,101028.47,10.44,66.84,-1399781.12,3.47
4:9,101010.05,20.88,26.75,101024.22,11.67,60.16,-1400331.37,4.45
4:10,101003.13,14.50,37.96,101022.49,11.92,59.05,-1400050.12,0.42
4:11,101016.03,8.96,70.81,101021.41,10.35,67.01,-1400385.37,0.13
4:12,101020.07,10.07,68.48,101022.74,10.24,68.19,-1400218.75,0.08
4:13,101004.21,17.03,36.40,101024.83,10.63,65.60,-1400715.00,4.22
4:14,100992.36,20.99,26.34,101023.08,12.07,58.09,-1401188.87,3.72
4:15,101010.78,9.04,67.62,101018.72,11.07,62.91,-1400944.75,0.48
4:16,101019.87,9.90,69.98,101026.00,10.69,66.51,-1401073.25,0.08
4:17,101014.41,10.63,67.44,101023.08,10.45,68.03,-1401110.75,0.14
4:18,100994.62,19.71,28.50,101021.57,11.46,61.19,-1401574.25,3.32
4:19,101018.14,9.75,71.44,101026.97,10.81,65.51,-1401682.25,0.39
4:20,101015.28,10.40,69.35,101021.53,10.47,67.67,-1401743.87,0.08
4:21,101013.96,10.80,66.85,101021.05,10.33,68.17,-1402016.50,0.12
4:22,100994.30,19.48,28.32,101022.53,11.28,62.45,-1402526.12,4.13
4:23,100987.11,19.01,29.83,101019.57,12.13,58.54,-1402718.25,0.41
4:24,101009.27,9.33,72.71,101022.85,10.39,67.17,-1402417.50,0.12
4:25,101012.73,10.27,68.47,101022.78,10.35,67.73,-1402294.50,0.14
4:26,100998.39,14.41,50.76,101022.11,10.22,68.47,-1402720.37,4.16
4:27,100987.73,20.48,27.08,101014.68,11.66,60.04,-1403033.37,4.26
4:28,101009.83,9.48,65.19,101016.97,11.02,63.20,-1403153.12,0.47
4:29,101009.67,10.04,70.77,101017.29,10.53,67.72,-1403241.12,0.08
4:30,101007.54,10.60,67.53,101017.61,10.52,67.57,-1403207.12,0.08
4:31,100998.16,19.31,29.21,101021.89,11.15,61.95,-1403636.75,4.05
4:32,100996.17,21.56,25.59,101017.74,11.81,60.09,-1403616.50,2.13
4:33,101007.03,8.79,72.39,101020.63,10.58,65.37,-1403697.75,0.14
4:34,101011.85,9.92,69.15,101018.76,10.32,67.67,-1403888.12,0.08
4:35,101005.14,10.69,68.34,101017.14,10.27,68.25,-1403949.87,3.09
4:36,100987.65,19.72,28.43,101019.13,11.76,59.55,-1404320.75,3.29
4:37,101011.07,9.94,64.55,101013.91,11.05,63.56,-1403996.87,0.40
4:38,101017.12,10.25,71.34,101019.21,10.43,67.35,-1404440.25,0.14
4:39,101009.47,10.79,66.85,101023.61,10.41,67.98,-1404760.25,0.14
4:40,101002.60,19.29,29.49,101017.22,10.91,63.62,-1405050.75,4.09
4:41,100990.04,20.33,27.58,101015.71,11.58,60.75,-1405315.75,0.41
4:42,101008.94,9.13,72.49,101020.27,10.49,66.41,-1405299.25,0.08
4:43,101014.42,10.13,68.53,101021.85,10.42,67.49,-1405248.12,0.08
4:44,101006.46,12.41,64.66,101023.67,10.37,68.82,-1405338.25,3.22
4:45,100993.33,20.42,27.11,101017.30,11.82,59.25,-1406038.37,4.40
4:46,101012.22,9.41,73.21,101017.46,10.75,65.33,-1405692.25,0.38
4:47,101015.39,10.31,69.62,101020.80,10.58,67.24,-1405624.37,0.13
4:48,101006.21,10.74,66.66,101019.28,10.37,67.75,-1405729.75,0.14
4:49,101000.49,19.93,28.06,101016.48,11.33,61.31,-1406222.37,4.51
4:50,101001.39,10.52,59.03,101009.06,11.57,60.55,-1406412.37,0.48
4:51,101007.30,10.08,72.12,101016.57,10.69,66.46,-1406369.25,0.10
4:52,101001.00,10.71,67.29,101015.19,10.62,67.27,-1406487.25,0.13
4:53,100985.08,17.84,33.69,101008.08,11.12,63.18,-1406932.25,0.41
4:54,101006.47,10.02,75.08,101010.39,10.30,69.11,-1407176.50,0.09
4:55,100998.97,10.64,69.28,101009.64,10.31,69.03,-1407217.50,0.13
4:56,100993.91,12.56,66.93,101012.05,10.35,70.37,-1407367.87,3.82
4:57,100995.67,19.74,27.94,101009.15,11.77,59.05,-1407671.25,3.71
4:58,100997.46,9.76,69.38,101009.47,10.92,64.46,-1407392.25,0.40
4:59,101001.49,10.35,71.65,101011.19,10.50,68.16,-1407648.50,0.14
5:0,100998.60,10.77,67.37,101010.09,10.46,68.34,-1407621.37,0.14
5:1,100982.80,19.28,28.62,101009.14,11.47,60.89,-1408066.75,3.42
5:2,100997.46,13.56,45.15,101003.22,11.66,60.73,-1408061.50,0.43
5:3,101005.05,10.03,73.12,101008.85,10.54,67.23,-1408155.25,0.14
5:4,100997.64,10.76,67.50,101008.49,10.48,68.03,-1408252.00,0.14
5:5,100987.11,17.65,35.67,101007.28,10.95,64.65,-1408519.62,4.55
5:6,100975.74,20.80,26.83,101006.28,11.90,59.25,-1408696.00,4.59
5:7,100996.25,9.37,69.45,101002.92,10.99,64.42,-1408811.25,0.48
5:8,101001.50,10.19,70.59,101000.30,10.54,67.73,-1408807.25,0.13
5:9,100992.50,10.76,66.91,101005.43,10.47,67.80,-1408941.75,0.14
5:10,100972.02,19.48,28.91,101001.32,11.77,59.49,-1409385.25,3.54
5:11,100992.71,9.96,68.78,100998.88,11.02,64.31,-1409152.00,0.43
5:12,100994.00,10.26,69.68,101003.13,10.51,67.30,-1409691.50,0.14
5:13,100987.02,10.82,66.75,101000.49,10.45,67.75,-1409546.00,0.08
5:14,100978.16,19.31,28.94,100990.67,11.49,60.80,-1410107.62,4.16
5:15,100986.14,12.60,49.43,100996.28,11.60,60.38,-1409583.25,0.41
5:16,100992.71,10.06,73.30,100991.99,10.70,65.99,-1409888.37,0.14
5:17,100987.24,10.66,67.16,100997.66,10.55,67.14,-1409847.00,0.12
5:18,100983.84,18.12,33.14,100989.75,10.80,64.11,-1410570.12,4.35
5:19,100984.22,13.48,47.52,100994.19,11.74,60.33,-1410578.12,0.43
5:20,100987.14,10.21,72.78,100989.50,10.82,66.15,-1410725.62,0.62
5:21,100988.64,10.63,67.44,100995.14,10.40,67.98,-1410812.50,0.63
5:22,100970.55,17.61,36.47,100990.17,10.77,65.43,-1411620.00,4.67
5:23,100978.60,13.75,47.04,100989.30,11.70,60.53,-1412114.25,0.95
5:24,100980.70,10.26,73.61,100993.19,10.82,66.52,-1412252.00,0.62
5:25,100982.67,10.79,68.19,100992.55,10.58,67.65,-1412753.50,0.13
5:26,100972.69,17.77,35.78,100993.24,10.97,64.93,-1413129.25,3.84
5:27,100976.08,10.38,71.72,100989.71,10.88,66.18,-1413382.37,0.48
5:28,100988.50,10.66,72.94,100992.83,10.66,67.44,-1413727.25,0.08
5:29,100984.13,10.86,67.03,100993.50,10.44,67.60,-1414020.37,0.13
5:30,100965.46,19.11,29.30,100990.68,11.38,62.05,-1414880.00,3.93
5:31,100975.35,10.40,68.71,100994.61,11.02,65.29,-1414903.37,0.41
5:32,100982.25,10.44,70.42,100994.85,10.64,67.31,-1415213.00,0.12
5:33,100980.69,10.86,66.63,100993.40,10.51,67.78,-1415622.25,0.08
5:34,100969.58,19.16,29.39,100988.55,11.35,61.92,-1415865.75,3.40
5:35,100980.16,10.78,62.77,100987.78,11.48,61.88,-1415970.62,0.47
5:36,100977.58,10.31,69.82,100989.28,10.68,66.49,-1416105.25,0.07
5:37,100979.42,10.71,67.17,100989.28,10.63,67.18,-1416545.62,0.14
5:38,100963.35,18.86,30.54,100988.89,11.00,64.47,-1416854.75,4.39
5:39,100976.10,15.36,39.65,100984.39,11.89,59.60,-1417389.12,0.47
5:40,100983.50,9.92,73.82,100991.14,10.65,66.67,-1417263.50,0.14
5:41,100978.92,10.71,67.87,100988.25,10.61,67.61,-1417442.12,0.12
5:42,100963.30,16.65,40.90,100986.40,10.94,65.38,-1417755.12,4.03
5:43,100966.78,10.65,69.17,100984.44,11.10,65.29,-1418045.25,0.48
5:44,100976.92,10.69,72.38,100984.44,10.66,67.99,-1418177.75,0.14
5:45,100977.21,11.01,67.12,100987.23,10.59,68.08,-1418282.75,0.14
5:46,100964.89,18.98,30.17,100985.77,11.31,63.06,-1418746.62,4.38
5:47,100967.67,10.19,73.42,100981.23,10.80,67.15,-1418829.00,0.46
5:48,100974.50,10.62,70.97,100983.72,10.69,67.74,-1418990.37,0.14
5:49,100970.96,10.97,67.45,100981.72,10.62,68.26,-1419219.62,0.14
5:50,100957.75,19.30,28.77,100978.46,11.51,62.16,-1419593.75,4.00
5:51,100964.13,10.70,64.79,100980.61,11.44,62.94,-1419516.50,0.48
5:52,100969.60,10.44,70.94,100978.66,10.77,67.34,-1419635.75,0.14
5:53,100972.08,11.02,67.71,100980.58,10.70,68.33,-1419841.87,0.12
5:54,100948.50,19.17,30.10,100978.89,11.31,63.10,-1420015.50,4.19
5:55,100964.03,10.78,64.65,100976.82,11.40,63.67,-1420023.25,0.47
5:56,100972.83,10.56,73.80,100976.09,10.83,67.27,-1420316.00,0.08
5:57,100974.30,11.03,67.92,100981.62,10.62,69.10,-1420415.50,0.14
5:58,100962.42,19.11,30.30,100975.17,11.33,63.70,-1420766.75,4.25
5:59,100966.85,10.32,73.50,100975.17,10.91,67.54,-1420795.75,0.46
6:0,100970.26,10.90,70.58,100979.60,10.69,68.90,-1420918.37,0.09
6:1,100970.52,11.16,67.48,100980.27,10.57,69.20,-1420900.50,0.14
6:2,100955.75,19.12,29.92,100979.05,11.70,61.11,-1421259.75,0.46
6:3,100967.52,10.29,75.39,100983.71,10.88,67.86,-1421235.62,0.08
6:4,100970.53,10.82,68.88,100978.92,10.69,68.66,-1421101.25,0.14
6:5,100964.94,12.53,69.48,100976.41,10.69,69.74,-1421523.37,3.96
6:6,100967.34,13.03,55.76,100973.67,11.62,63.63,-1421904.12,0.41
6:7,100968.88,10.62,75.25,100976.96,10.92,68.41,-1421927.75,0.08
6:8,100969.77,11.09,70.14,100975.24,10.77,69.12,-1421986.62,0.14
6:9,100964.92,17.83,36.04,100978.38,11.14,66.33,-1422103.00,3.42
6:10,100967.85,11.87,61.92,100974.72,11.30,65.78,-1422154.25,0.41
6:11,100970.39,10.64,74.11,100979.96,10.80,69.15,-1422212.75,0.14
6:12,100972.03,10.99,68.75,100977.57,10.71,69.46,-1422244.75,0.12
6:13,100971.13,12.95,60.75,100974.89,10.67,69.41,-1422354.25,0.42
6:14,100969.35,10.59,76.80,100980.99,10.55,70.44,-1422742.87,0.07
6:15,100967.27,10.87,70.67,100973.71,10.58,70.39,-1422876.50,0.13
6:16,100960.14,17.20,39.05,100975.47,10.86,67.48,-1423021.75,4.28
6:17,100960.48,13.47,51.33,100974.45,11.35,65.53,-1422961.62,0.42
6:18,100966.87,10.51,75.32,100971.25,10.65,70.15,-1423002.75,0.13
6:19,100971.58,10.98,70.45,100972.46,10.62,71.36,-1423236.12,0.12
6:20,100961.11,17.40,38.00,100975.07,10.95,67.99,-1423484.75,0.48
6:21,100967.10,10.39,77.41,100973.78,10.66,71.34,-1423784.12,0.13
6:22,100964.28,10.81,72.08,100976.67,10.45,71.56,-1423756.37,0.08
6:23,100962.38,11.39,78.19,100979.67,10.50,71.87,-1423586.12,3.93
6:24,100959.75,19.37,28.82,100977.29,11.53,65.24,-1423600.25,4.18
6:25,100957.99,10.38,71.94,100974.10,10.78,69.80,-1423774.87,0.42
6:26,100968.96,10.84,73.94,100980.85,10.54,71.92,-1423810.25,0.10
6:27,100966.24,11.07,70.12,100976.06,10.55,71.85,-1423808.25,0.10
6:28,100951.36,19.30,29.80,100976.22,11.47,65.11,-1424142.75,4.38
6:29,100964.03,10.33,74.26,100978.82,11.04,68.75,-1424181.12,0.41
6:30,100967.57,10.76,71.57,100976.82,10.72,70.44,-1424040.75,0.10
6:31,100968.27,11.12,69.61,100979.43,10.69,71.18,-1424187.12,0.08
6:32,100958.59,19.47,29.14,100973.98,11.72,63.16,-1424628.75,4.20
6:33,100964.64,10.45,72.65,100973.27,10.92,69.59,-1424280.25,0.40
6:34,100968.10,10.70,71.79,100979.80,10.50,71.67,-1424336.25,0.15
6:35,100968.64,11.15,70.10,100980.50,10.50,71.68,-1424667.37,0.10
6:36,100958.98,19.77,29.57,100977.61,11.64,63.72,-1424821.25,3.44
6:37,100967.66,10.22,75.90,100982.02,10.82,70.38,-1424651.25,0.39
6:38,100972.00,10.84,72.26,100979.05,10.68,71.48,-1424802.25,0.07
6:39,100969.15,11.13,70.57,100979.39,10.68,71.54,-1424991.87,0.08
6:40,100944.69,18.46,33.11,100976.82,11.97,61.95,-1425151.25,0.48
6:41,100968.86,10.46,75.79,100981.75,10.87,70.19,-1424955.00,0.09
6:42,100968.10,11.01,70.80,100979.17,10.82,70.99,-1425086.50,0.14
6:43,100968.16,12.38,68.39,100977.40,10.71,72.08,-1425118.50,0.40
6:44,100968.14,10.43,79.78,100981.96,10.54,73.44,-1425627.62,0.13
6:45,100964.08,10.82,74.79,100975.95,10.62,72.78,-1425663.50,0.07
6:46,100962.23,12.61,72.32,100977.85,10.53,72.61,-1425401.62,3.46
6:47,100958.52,19.07,30.12,100975.41,12.10,61.34,-1425602.37,0.42
6:48,100964.28,10.30,76.26,100975.82,10.79,70.12,-1425871.37,0.14
6:49,100965.72,10.92,71.60,100975.27,10.68,71.02,-1425780.12,0.12
6:50,100973.39,12.29,73.72,100971.86,10.55,71.49,-1425875.87,4.06
6:51,100953.35,19.82,28.51,100972.77,11.79,62.81,-1426240.25,4.54
6:52,100964.14,10.36,68.03,100969.97,11.33,66.13,-1426235.87,0.45
6:53,100961.53,10.65,72.95,100967.94,10.79,70.01,-1426244.50,0.14
6:54,100962.00,11.02,69.82,100971.40,10.63,71.14,-1426254.75,0.08
6:55,100948.67,19.38,29.82,100963.61,11.09,66.56,-1426704.75,4.00
6:56,100950.73,16.40,37.82,100975.11,12.12,61.12,-1426737.75,0.48
6:57,100959.61,10.21,74.45,100973.41,10.98,68.56,-1426519.75,0.08
6:58,100961.94,10.72,70.31,100970.69,10.76,70.22,-1426436.75,0.08
6:59,100947.53,16.34,44.33,100969.30,10.77,69.01,-1426710.37,4.60
7:0,100950.16,15.31,43.06,100971.90,11.64,64.26,-1426911.50,0.48
7:1,100959.67,10.49,75.20,100971.19,10.84,69.74,-1426654.12,0.14
7:2,100961.99,10.99,70.41,100970.28,10.79,70.60,-1426944.25,0.08
7:3,100950.67,16.89,42.16,100973.82,11.03,68.35,-1426938.37,4.42
7:4,100960.58,11.65,64.07,100973.17,11.25,67.05,-1426886.50,0.48
7:5,100962.64,10.70,73.14,100970.37,10.72,70.10,-1427356.87,0.10
7:6,100963.92,11.13,69.57,100974.53,10.65,70.74,-1427420.50,0.10
7:7,100949.32,19.00,32.11,100971.99,11.27,67.50,-1427590.12,4.43
7:8,100953.50,11.27,65.55,100970.21,11.54,65.19,-1427519.62,0.48
7:9,100959.34,10.61,71.12,100972.88,10.71,69.91,-1427541.50,0.07
7:10,100964.64,11.02,69.41,100975.67,10.69,70.49,-1427567.00,0.08
7:11,100941.46,19.21,31.06,100969.25,11.51,65.26,-1427953.75,4.46
7:12,100964.08,10.43,75.86,100971.88,10.85,70.22,-1427646.62,0.42
7:13,100959.52,11.02,71.36,100972.10,10.71,70.36,-1427861.50,0.14
7:14,100958.03,11.32,68.82,100967.32,10.73,71.02,-1427960.75,0.14
7:15,100942.00,18.35,33.44,100966.85,12.03,62.13,-1428441.75,0.48
7:16,100959.40,10.61,75.90,100970.67,10.99,69.18,-1428059.25,0.08
7:17,100956.44,10.98,70.18,100967.16,10.70,70.39,-1427857.62,0.09
7:18,100954.28,14.19,58.61,100965.53,10.81,71.33,-1428207.00,3.96
7:19,100960.33,12.09,63.19,100963.54,11.43,66.74,-1428567.00,0.48
7:20,100958.88,10.78,73.17,100967.19,10.87,70.04,-1428353.25,0.09
7:21,100959.85,11.09,70.00,100971.91,10.72,71.12,-1428376.37,0.10
7:22,100936.77,18.62,33.22,100966.25,11.24,66.27,-1428949.37,4.74
7:23,100962.00,11.73,63.26,100970.17,11.46,66.44,-1428612.25,0.42
7:24,100961.39,10.91,74.67,100968.14,10.90,70.48,-1428895.37,0.13
7:25,100963.18,11.11,70.31,100968.75,10.75,71.00,-1428784.25,0.09
7:26,100963.17,10.94,75.81,100970.52,10.66,72.28,-1428955.75,0.41
7:27,100965.04,10.64,75.88,100976.68,10.53,71.77,-1429147.00,0.09
7:28,100964.14,10.91,72.60,100969.49,10.63,71.68,-1429304.12,0.08
7:29,100948.69,18.48,33.57,100967.53,11.35,67.06,-1429457.75,3.70
7:30,100947.06,12.74,56.36,100969.83,11.51,65.43,-1429217.37,0.48
7:31,100956.62,10.72,75.60,100972.02,10.82,70.31,-1429390.62,0.08
7:32,100964.64,11.08,70.68,100974.32,10.79,71.25,-1429487.00,0.08
7:33,100935.92,18.21,35.16,100970.27,11.15,67.28,-1429662.12,3.67
7:34,100953.82,11.52,64.97,100970.61,11.47,66.61,-1429662.25,0.41
7:35,100963.75,10.81,73.56,100970.96,10.94,70.27,-1429577.75,0.12
7:36,100962.57,11.30,69.77,100978.96,10.95,70.55,-1429730.12,0.08
7:37,100973.02,10.69,78.85,100976.86,10.75,72.36,-1429684.25,0.39
7:38,100966.46,10.64,75.95,100975.81,10.61,72.02,-1430096.37,0.14
7:39,100964.65,10.95,72.36,100973.88,10.75,71.79,-1429986.75,0.08
7:40,100953.11,18.67,33.07,100970.35,11.11,68.79,-1430234.75,4.65
7:41,100946.54,18.88,31.69,100971.75,12.12,61.76,-1429980.75,0.39
7:42,100961.69,10.37,75.47,100973.50,11.11,69.11,-1430063.00,0.13
7:43,100961.82,11.07,70.74,100972.85,10.99,70.24,-1430302.75,0.14
7:44,100966.10,13.22,62.82,100971.77,10.94,71.66,-1430053.25,0.48
7:45,100959.89,10.55,79.32,100968.00,10.78,72.34,-1430424.00,0.13
7:46,100959.36,11.01,73.10,100968.14,10.85,72.12,-1430474.87,0.14
7:47,100961.57,11.65,76.73,100971.85,10.86,72.55,-1430784.50,0.48
7:48,100963.03,10.60,81.32,100970.46,10.83,73.19,-1430811.50,0.14
7:49,100960.78,11.00,76.45,100972.38,10.84,72.71,-1430718.50,0.14
7:50,100953.38,12.69,73.53,100969.88,10.92,73.52,-1430828.37,4.00
7:51,100952.33,18.64,32.92,100971.77,12.22,62.32,-1430774.25,0.39
7:52,100961.68,10.78,76.42,100971.38,11.27,70.00,-1430482.37,0.08
7:53,100962.14,11.36,71.27,100973.93,11.06,70.62,-1430838.62,0.08
7:54,100963.57,11.84,74.52,100974.89,10.93,72.04,-1430893.50,0.42
7:55,100964.54,10.65,80.59,100972.07,10.84,72.51,-1430997.12,0.13
7:56,100965.31,11.02,73.34,100973.75,10.95,71.80,-1431146.25,0.08
7:57,100961.83,13.06,70.06,100973.71,11.02,72.90,-1431156.25,3.58
7:58,100962.86,10.97,76.26,100974.67,11.28,70.75,-1430826.37,0.48
7:59,100963.11,11.16,75.09,100973.46,11.15,71.66,-1431141.62,0.14
8:0,100958.85,11.43,71.10,100968.83,11.05,71.96,-1431192.25,0.08
8:1,100958.89,11.04,77.27,100969.58,11.13,72.03,-1431271.50,0.41
8:2,100960.66,11.12,76.22,100972.67,11.02,71.94,-1431545.37,0.12
8:3,100953.21,11.31,71.64,100964.75,11.03,71.91,-1431501.87,0.09
8:4,100951.00,18.51,32.73,100964.45,11.84,64.52,-1431611.75,3.84
8:5,100949.30,10.89,76.27,100969.02,11.44,70.14,-1431561.87,0.47
8:6,100957.89,11.38,73.91,100968.15,11.32,70.34,-1431599.37,0.12
8:7,100958.04,11.68,70.29,100966.00,11.30,70.78,-1431634.87,0.08
8:8,100961.71,10.89,79.68,100967.30,11.30,72.19,-1431712.12,0.48
8:9,100960.33,11.18,74.16,100973.63,11.10,71.00,-1431782.75,0.14
8:10,100959.74,11.38,70.62,100974.00,11.11,70.63,-1431687.75,0.08
8:11,100963.50,10.69,80.92,100966.25,10.97,72.05,-1431737.00,0.40
8:12,100964.81,11.03,77.27,100972.83,11.01,70.98,-1432036.00,0.14
8:13,100962.86,11.32,71.73,100971.54,11.10,71.19,-1432299.50,0.14
8:14,100949.55,17.77,36.53,100970.66,11.93,65.07,-1431873.12,0.47
8:15,100964.97,10.89,77.33,100971.62,11.40,70.10,-1432256.50,0.14
8:16,100961.07,11.48,74.56,100971.19,11.49,70.18,-1432118.12,0.14
8:17,100954.96,12.61,71.27,100975.05,11.41,71.31,-1432108.25,0.48
8:18,100962.08,10.85,80.89,100973.03,11.35,72.46,-1432055.00,0.14
8:19,100963.78,11.27,74.07,100972.80,11.22,70.39,-1432268.75,0.12
8:20,100958.94,11.87,78.86,100965.50,11.26,70.48,-1432095.25,0.45
8:21,100965.47,10.80,81.58,100970.38,11.33,72.56,-1432481.00,0.07
8:22,100959.22,11.26,75.53,100973.17,11.41,70.76,-1432484.62,0.17
8:23,100968.11,12.45,74.78,100970.77,11.45,70.89,-1432226.37,0.48
8:24,100964.91,10.88,80.79,100972.15,11.39,71.17,-1432341.37,0.14
8:25,100965.36,11.33,76.53,100970.96,11.50,70.95,-1432570.75,0.08
8:26,100959.74,11.98,79.04,100966.89,11.57,71.28,-1432420.75,3.79
8:27,100960.49,10.94,81.44,100973.57,11.52,72.37,-1432439.50,0.47
8:28,100967.18,11.43,73.95,100970.83,11.50,70.21,-1432313.25,0.12
8:29,100961.92,11.71,72.77,100971.73,11.49,70.06,-1432565.75,0.12
8:30,100956.96,10.84,81.13,100968.94,11.30,70.96,-1432545.50,0.41
8:31,100960.71,11.26,74.29,100973.17,11.42,69.76,-1432672.25,0.08
8:32,100962.86,11.73,72.29,100977.35,11.45,70.33,-1432781.75,0.09
8:33,100959.30,10.86,81.21,100970.86,11.43,71.69,-1432710.00,0.40
8:34,100962.44,11.25,73.66,100970.91,11.45,69.75,-1432841.62,0.13
8:35,100962.53,11.64,71.70,100971.80,11.55,70.09,-1432759.75,0.14
8:36,100960.64,10.73,80.55,100965.54,11.28,70.67,-1432469.62,0.50
8:37,100965.32,11.18,73.89,100971.75,11.40,70.01,-1432688.75,0.08
8:38,100970.00,11.65,72.91,100974.57,11.54,69.97,-1432922.37,0.13
8:39,100961.27,10.74,80.53,100973.63,11.46,70.53,-1433241.75,0.48
8:40,100969.82,11.13,74.28,100975.20,11.44,69.52,-1433017.37,0.14
8:41,100967.49,11.74,72.31,100975.80,11.72,70.33,-1433098.25,0.14
8:42,100972.42,10.78,80.78,100976.30,11.56,70.84,-1433003.25,0.46
8:43,100972.53,11.24,74.26,100985.60,11.69,69.28,-1432969.25,0.14
8:44,100973.63,11.76,70.41,100979.16,11.72,68.99,-1432986.75,0.14
8:45,100964.97,11.43,73.61,100978.05,11.82,68.18,-1432886.62,0.46
8:46,100972.50,11.18,76.21,100979.33,11.65,68.54,-1432882.37,0.14
8:47,100972.74,11.76,71.27,100978.96,11.79,69.21,-1433167.87,0.14
8:48,100954.55,16.98,37.45,100974.93,12.06,64.63,-1433065.87,4.27
8:49,100952.46,19.20,29.27,100978.10,12.97,58.63,-1433029.25,4.52
8:50,100952.38,20.89,26.98,100982.24,13.30,59.04,-1432801.25,4.07
8:51,100954.07,22.28,25.14,100974.27,13.97,54.89,-1432780.25,4.43
8:52,100952.39,22.93,24.03,100976.61,14.28,54.79,-1432429.00,4.58
8:53,100956.72,23.12,23.75,100981.50,13.94,56.01,-1432580.12,4.87
8:54,100951.02,23.31,23.21,100979.92,14.44,54.75,-1432379.75,4.19
8:55,100954.21,23.36,22.85,100981.57,14.41,54.17,-1432211.37,4.91
8:56,100950.50,23.36,22.56,100984.74,13.95,56.28,-1432183.25,3.96
8:57,100963.14,23.35,22.40,100983.19,14.07,55.76,-1432669.12,3.76
8:58,100966.46,23.34,22.17,100986.66,14.40,53.59,-1432707.37,4.87
8:59,100954.82,23.28,22.38,100988.64,13.31,60.65,-1432133.50,4.54
9:0,100961.08,23.20,22.07,100984.22,13.81,55.43,-1432720.75,5.12
9:1,100966.23,23.26,22.06,100985.40,14.60,52.25,-1432574.75,3.99
9:2,100969.97,23.41,21.91,100988.00,14.85,52.35,-1432881.25,4.98
9:3,100953.83,23.48,21.91,100985.78,14.67,53.33,-1432317.25,4.76
9:4,100965.92,23.49,21.91,100994.14,14.02,56.88,-1431834.50,4.10
9:5,100968.91,23.61,21.71,100995.46,14.86,52.47,-1431854.75,3.78
9:6,100960.94,23.60,21.42,100989.54,14.22,53.59,-1432312.12,4.42
9:7,100961.69,23.53,21.50,100991.38,14.46,53.53,-1432315.62,3.96
9:8,100965.12,23.61,21.45,100993.07,14.41,54.25,-1431922.87,4.48
9:9,100964.91,23.55,21.31,100991.32,14.63,52.29,-1432627.87,3.78
9:10,100968.72,23.50,21.34,100990.00,13.85,54.73,-1432436.75,3.72
9:11,100968.22,23.51,21.38,100991.99,14.77,50.83,-1432933.25,3.77
9:12,100962.69,23.64,21.32,100989.82,14.10,54.19,-1432788.00,3.99
9:13,100970.74,23.73,21.21,100990.66,14.47,53.70,-1432739.62,4.23
9:14,100968.65,23.83,21.35,100989.33,14.62,54.27,-1432404.25,4.40
9:15,100958.64,23.91,21.04,100984.99,14.12,55.08,-1432415.75,4.30
9:16,100964.02,23.94,20.82,100985.67,14.50,55.66,-1432355.00,4.19
9:17,100965.79,23.94,20.89,100987.46,14.25,54.19,-1432957.50,4.92
9:18,100959.81,23.95,20.77,100988.73,14.38,55.11,-1432794.25,3.90
9:19,100964.38,23.97,20.66,100988.89,14.82,51.06,-1432728.12,4.81
9:20,100968.38,24.04,20.68,100983.71,14.99,50.61,-1432784.87,4.61
9:21,100963.74,23.98,20.73,100987.24,14.29,53.00,-1432804.62,5.01
9:22,100968.78,24.01,20.76,100987.22,14.16,53.12,-1432587.12,3.79
9:23,100964.96,24.06,20.51,100988.72,14.24,53.75,-1432770.25,3.74
9:24,100973.16,24.08,20.73,100986.73,13.62,55.12,-1432607.75,4.14
9:25,100959.60,24.15,20.87,100984.21,14.00,55.41,-1433014.75,3.71
9:26,100955.64,24.31,20.98,100994.19,14.87,51.91,-1433247.75,4.37
9:27,100968.87,24.57,20.77,100990.57,15.39,49.88,-1433218.75,4.78
9:28,100960.28,24.68,20.90,100992.39,14.40,53.19,-1432970.75,3.91
9:29,100965.82,24.77,20.89,100996.48,14.06,53.86,-1432963.50,4.08
9:30,100971.61,24.82,21.11,100993.37,13.72,55.44,-1433350.37,4.26
9:31,100980.28,24.86,21.04,100992.66,14.51,52.16,-1433154.87,4.53
9:32,100975.98,24.94,21.55,100994.17,15.15,52.27,-1433215.75,4.40
9:33,100972.37,24.74,21.65,100999.32,13.67,55.23,-1433197.75,5.10
9:34,100977.92,24.60,22.34,100998.69,13.73,57.01,-1433355.50,3.78
9:35,100973.32,24.29,22.85,100999.00,13.22,57.74,-1433190.12,5.07
9:36,100972.97,24.06,23.13,100997.46,12.92,59.71,-1433430.62,4.22
9:37,100975.66,23.94,23.36,100997.48,13.52,56.62,-1433932.75,4.81
9:38,100980.25,24.02,23.94,100999.18,14.49,54.71,-1433581.62,5.12
9:39,100975.42,24.05,23.97,100996.77,14.26,54.84,-1433635.50,3.79
9:40,100975.41,24.11,24.43,100998.52,14.43,54.64,-1433671.62,5.23
9:41,100980.83,24.18,24.18,100999.08,14.63,53.88,-1433500.50,5.06
9:42,100982.88,18.89,33.61,100997.74,13.89,56.17,-1433660.25,0.42
9:43,100989.89,8.36,56.28,100998.64,12.90,58.05,-1433127.75,0.45
9:44,100992.33,5.37,67.88,101000.88,11.94,60.34,-1433187.25,0.45
9:45,101000.66,4.74,73.33,101001.61,11.75,63.01,-1433695.75,0.45
9:46,100994.71,8.13,82.03,101006.22,11.61,65.05,-1434788.37,0.45
9:47,100996.64,9.81,82.39,101007.71,11.87,65.62,-1436613.50,0.45
9:48,100996.13,10.22,82.65,101003.05,11.97,65.82,-1438214.25,0.45
9:49,101001.33,10.32,82.73,101005.38,12.01,66.06,-1439758.87,0.48
9:50,101003.07,10.38,82.90,101002.72,12.00,66.37,-1440932.00,0.48
9:51,101006.34,10.52,83.02,101007.96,12.07,66.38,-1442108.75,0.45
9:52,101006.52,10.61,83.22,101004.53,12.21,66.09,-1443100.25,0.45
9:53,101002.99,10.78,83.15,101007.24,12.18,66.96,-1443860.25,0.45
9:54,100999.77,11.00,83.18,101009.13,12.35,67.46,-1444610.12,0.45
9:55,101002.86,11.10,82.50,101011.03,12.31,67.79,-1445103.25,0.48
9:56,100993.30,11.04,81.43,101010.60,12.15,67.01,-1445691.00,0.48
9:57,101010.41,11.16,81.83,101011.50,12.29,66.86,-1446230.12,0.45
9:58,100989.80,11.22,81.71,101011.52,12.34,67.70,-1446777.25,0.50
9:59,100981.67,19.29,35.06,101007.58,13.10,61.18,-1447389.00,4.72
10:0,100986.46,21.41,26.07,101001.17,13.91,55.82,-1447317.37,4.21
10:1,100977.27,22.57,24.47,101000.67,14.58,52.95,-1447512.25,4.84
10:2,100981.28,23.23,23.34,100999.73,14.62,52.85,-1447470.75,4.72
10:3,100976.74,23.46,22.83,101003.08,14.51,53.87,-1448050.25,4.38
10:4,100979.10,23.47,22.61,101006.33,13.65,55.95,-1448233.62,4.58
10:5,100981.58,23.64,22.23,101008.58,14.51,51.90,-1448791.37,4.63
10:6,100971.07,23.72,22.02,101003.82,14.47,52.54,-1448501.25,3.75
10:7,100982.90,23.75,21.77,101011.00,14.88,52.04,-1448747.25,4.93
10:8,100976.83,23.74,21.60,101004.87,14.82,50.35,-1448937.00,3.85
10:9,100971.39,23.76,21.47,101001.75,14.79,52.12,-1449284.12,5.02
10:10,100980.03,23.74,21.43,101006.78,14.28,53.11,-1449654.25,4.03
10:11,100976.21,23.77,21.29,101008.35,14.66,53.37,-1449994.50,4.98
10:12,100988.46,23.78,21.13,101008.77,14.09,54.26,-1449858.50,3.85
10:13,100975.82,23.89,21.27,101008.84,15.04,51.77,-1449998.87,4.77
10:14,100987.35,23.86,20.88,101014.10,14.63,50.67,-1449741.25,4.37
10:15,100983.39,23.78,20.91,101005.88,14.15,54.97,-1450160.75,4.67
10:16,100984.66,23.79,20.93,101011.38,14.01,53.16,-1450333.75,4.85
10:17,100987.35,23.78,20.82,101006.30,14.29,51.78,-1450425.12,4.26
10:18,100979.57,23.81,20.80,101007.91,14.56,52.08,-1450482.00,5.05
10:19,100980.07,23.80,20.69,101008.21,14.83,50.05,-1450981.75,3.78
10:20,100981.93,23.82,20.67,101006.58,15.03,49.60,-1450993.62,4.33
10:21,100983.92,23.94,20.70,101008.86,14.90,51.52,-1451251.62,3.81
10:22,100975.37,24.14,20.65,101008.74,15.70,48.90,-1450877.25,4.57
10:23,100983.97,24.23,20.45,101008.39,14.76,50.87,-1450968.25,3.68
10:24,100975.53,24.02,20.44,100999.53,14.33,51.99,-1451129.75,4.44
10:25,100974.51,24.08,20.49,101005.61,15.36,49.86,-1450911.25,4.72
10:26,100980.00,23.93,20.18,101001.05,14.10,51.66,-1451646.37,4.06
10:27,100982.96,23.77,20.20,101007.95,13.45,54.71,-1451739.00,5.00
10:28,100985.38,23.63,20.24,101010.03,13.16,56.80,-1451930.75,4.61
10:29,100980.57,23.58,20.20,101009.82,13.37,55.73,-1452237.50,4.34
10:30,100976.99,23.65,20.32,101003.02,14.81,49.84,-1452447.87,4.38
10:31,100966.58,23.67,20.31,101001.00,13.56,53.20,-1452193.00,4.66
10:32,100980.69,23.64,20.32,101002.41,14.25,52.96,-1452065.87,4.06
10:33,100970.91,23.72,20.35,101002.96,14.00,54.33,-1452366.62,4.55
10:34,100975.49,23.84,20.14,101003.68,14.79,49.99,-1452360.75,5.04
10:35,100977.21,24.08,20.20,101003.00,15.02,50.39,-1452204.87,4.53
10:36,100973.32,24.18,19.94,101002.77,15.23,48.77,-1452151.87,5.05
10:37,100983.52,24.23,19.88,101004.74,15.08,47.94,-1452433.37,4.38
10:38,100979.63,24.33,19.97,101010.96,14.64,49.84,-1452582.50,5.03
10:39,100984.71,24.55,20.22,101010.57,15.41,50.94,-1451921.75,4.95
10:40,100980.39,24.74,19.66,101008.88,15.46,48.49,-1452099.87,4.51
10:41,100984.77,25.00,19.64,101014.07,16.31,45.94,-1452511.75,4.98
10:42,100981.71,25.33,19.84,101010.92,16.21,45.93,-1452362.50,4.66
10:43,100982.97,25.41,19.56,101014.74,14.45,51.83,-1452323.50,3.91
10:44,100998.02,25.48,19.49,101016.97,15.39,48.19,-1452437.12,5.14
10:45,100993.11,25.74,19.84,101013.83,16.31,46.15,-1452471.25,3.85
10:46,100990.09,25.92,19.71,101015.10,15.97,48.02,-1452687.75,4.54
10:47,101002.42,25.99,20.84,101014.71,15.26,53.02,-1452767.87,3.85
10:48,100997.02,25.84,20.19,101013.72,15.01,50.09,-1452651.87,4.44
10:49,100990.40,25.75,20.53,101017.26,15.71,49.04,-1452684.62,4.61
10:50,100996.05,25.79,20.84,101024.02,14.98,51.76,-1452432.75,4.89
10:51,100988.32,25.61,21.01,101021.14,14.95,50.97,-1452785.75,5.08
10:52,100995.98,25.58,21.15,101014.82,15.42,50.38,-1452929.75,5.04
10:53,100990.02,25.53,21.34,101018.99,16.08,48.09,-1452692.25,4.36
10:54,100996.57,25.57,21.65,101014.63,15.43,50.63,-1452848.62,3.96
10:55,100995.78,25.44,21.98,101017.00,14.44,54.07,-1452399.62,5.27
10:56,101003.13,21.20,29.39,101017.01,14.84,53.85,-1452762.00,0.41
10:57,101013.14,9.57,52.14,101019.07,14.08,54.05,-1452539.75,0.48
10:58,101023.60,6.05,65.27,101025.05,13.39,55.61,-1452887.75,0.45
10:59,101022.75,5.69,73.18,101028.28,13.06,57.55,-1452958.25,0.45
11:0,101015.57,9.73,80.89,101024.35,13.13,59.94,-1454271.50,0.45
11:1,101012.67,11.11,81.27,101026.02,13.37,59.60,-1456087.37,0.44
11:2,101013.30,11.20,81.07,101022.62,13.36,61.05,-1457601.75,0.45
11:3,101004.66,11.26,81.22,101021.58,13.49,60.98,-1458982.75,0.45
11:4,101005.57,11.67,81.81,101016.98,13.85,61.83,-1459894.50,0.39
11:5,101002.15,11.59,80.68,101018.20,13.54,61.16,-1460904.50,0.45
11:6,101002.10,11.71,80.35,101015.15,13.70,60.53,-1462064.75,0.45
11:7,101008.92,11.92,79.10,101022.14,13.66,58.89,-1462608.37,0.45
11:8,101012.42,11.92,79.06,101019.55,13.75,60.15,-1463210.87,0.45
11:9,101012.89,11.96,77.61,101020.21,13.60,57.88,-1464106.12,0.47
11:10,101006.15,11.82,77.31,101021.77,13.42,59.25,-1464523.75,0.45
11:11,101005.18,11.92,77.62,101024.43,13.55,59.58,-1465301.12,0.45
11:12,101006.55,11.90,76.87,101021.89,13.47,59.17,-1465598.75,0.45
11:13,100997.94,19.67,35.40,101019.74,14.20,55.10,-1466155.75,4.93
11:14,100990.99,22.24,24.80,101022.01,14.96,51.29,-1466113.25,4.36
11:15,100991.38,23.01,23.23,101020.02,15.29,48.95,-1466217.12,3.90
11:16,100993.06,23.66,22.58,101015.85,15.95,47.09,-1466417.75,4.99
11:17,100989.30,23.89,21.97,101024.94,16.09,46.40,-1466816.12,5.01
11:18,101000.21,24.10,21.79,101022.46,15.94,48.49,-1467049.25,3.90
11:19,100990.67,24.21,21.41,101027.28,15.58,48.91,-1467154.50,4.63
11:20,100994.33,24.28,21.40,101029.47,15.76,48.28,-1467491.37,3.97
11:21,101000.58,24.42,21.02,101027.77,16.27,46.45,-1467453.75,3.78
11:22,101004.42,24.41,20.95,101029.78,14.91,51.60,-1467459.25,3.86
11:23,101002.02,24.44,20.88,101028.27,15.38,49.83,-1468098.50,4.33
11:24,101008.30,24.40,20.89,101027.41,15.07,49.71,-1468287.50,4.94
11:25,101005.47,24.54,20.66,101027.32,16.33,45.26,-1468082.37,4.57
11:26,101002.42,24.49,20.65,101028.44,16.18,45.08,-1468720.25,4.61
11:27,100997.64,24.46,20.65,101028.82,15.44,48.04,-1468682.62,4.58
11:28,101011.15,24.46,20.40,101032.83,15.60,46.64,-1468500.62,4.95
11:29,101007.10,24.46,20.40,101026.38,15.99,45.77,-1469086.75,3.92
11:30,101010.96,24.55,20.52,101031.50,16.21,47.13,-1469091.25,4.02
11:31,100999.05,24.39,20.20,101030.77,14.86,49.65,-1469234.62,3.74
11:32,101000.10,24.36,20.32,101026.25,15.99,45.22,-1469831.00,4.24
11:33,100998.58,24.51,20.48,101029.40,16.80,44.25,-1469634.62,4.89
11:34,100996.25,24.60,20.56,101027.25,16.60,45.68,-1469403.50,5.12
11:35,100989.11,24.63,20.29,101024.88,16.13,46.04,-1469564.12,4.38
11:36,100995.37,24.69,20.24,101027.53,16.39,44.55,-1469624.75,3.69
11:37,100991.25,24.71,20.20,101031.42,16.74,43.84,-1469754.12,5.03
11:38,100995.50,24.66,20.12,101029.71,15.62,48.00,-1469518.37,4.64
11:39,100999.38,24.48,20.06,101031.10,14.28,52.39,-1470096.62,3.66
11:40,101008.28,24.35,20.16,101036.85,14.99,49.55,-1470706.75,3.95
11:41,101006.19,24.40,20.14,101033.42,15.46,48.97,-1470879.25,4.54
11:42,100999.28,24.38,20.08,101032.58,16.17,44.44,-1471265.75,4.71
11:43,101004.17,24.42,20.07,101036.74,16.20,45.67,-1470912.25,4.89
11:44,101009.83,24.42,20.14,101029.74,15.43,46.96,-1470783.75,4.95
11:45,101012.10,24.40,20.02,101036.04,16.23,44.57,-1471338.87,4.49
11:46,101011.06,24.45,20.02,101031.09,16.53,43.48,-1471064.87,3.69
11:47,101008.78,24.44,20.08,101034.91,15.85,45.64,-1471049.62,3.98
11:48,101009.22,24.50,19.94,101036.14,16.23,44.80,-1471464.62,3.58
11:49,101005.55,24.50,19.82,101029.19,16.02,44.68,-1471523.25,4.18
11:50,101004.57,24.50,19.88,101029.96,15.86,46.17,-1471195.75,3.89
11:51,101002.97,24.69,19.74,101025.73,16.37,44.74,-1471118.37,4.88
11:52,100993.19,24.77,19.80,101023.28,16.72,43.66,-1471012.25,4.75
11:53,101004.42,24.97,19.73,101029.10,17.03,44.38,-1470910.62,4.01
11:54,101001.42,25.06,19.82,101029.72,16.84,44.48,-1471012.12,4.01
11:55,101001.85,25.01,19.40,101030.21,15.68,46.72,-1471012.50,4.85
11:56,101000.25,24.81,19.58,101029.43,15.40,48.35,-1471296.75,3.90
11:57,101005.67,24.89,19.51,101031.44,16.29,45.26,-1471812.50,3.85
11:58,101006.22,24.92,19.55,101032.03,16.34,46.55,-1471538.37,4.83
11:59,101008.89,24.95,19.37,101028.64,16.30,44.43,-1471660.62,4.34
12:0,101005.52,24.98,19.31,101029.42,16.54,42.72,-1471791.12,4.76
12:1,101006.86,24.96,19.30,101034.76,16.33,44.84,-1471869.62,4.89
12:2,100996.75,24.85,19.20,101037.15,15.25,47.15,-1471576.75,4.67
12:3,101013.63,24.71,19.06,101038.58,15.84,43.89,-1472165.37,4.34
12:4,101003.16,24.77,18.98,101037.97,16.28,43.87,-1472447.75,4.87
12:5,101002.91,24.77,19.12,101034.70,16.42,42.67,-1472465.75,4.61
12:6,101007.40,24.86,19.16,101037.25,16.79,42.11,-1472495.75,4.74
12:7,101009.02,25.00,18.92,101032.26,16.13,43.36,-1472325.75,3.74
12:8,100999.72,24.99,18.83,101035.52,16.20,44.30,-1472391.75,4.76
12:9,100996.00,24.87,18.81,101033.18,14.88,46.59,-1472171.62,3.82
12:10,100995.49,24.85,18.78,101026.33,16.04,43.84,-1472300.75,4.61
12:11,101006.92,25.02,19.24,101036.50,16.77,45.00,-1472309.75,4.59
12:12,101007.12,25.13,18.98,101032.05,15.86,45.48,-1472352.00,3.80
12:13,101010.85,25.14,18.54,101028.10,15.97,43.36,-1472517.87,4.19
12:14,101003.62,25.20,18.57,101034.96,17.01,40.44,-1472687.00,3.96
12:15,101008.73,25.22,18.71,101038.00,16.29,43.04,-1472655.37,4.44
12:16,101006.15,25.27,18.47,101036.59,16.63,42.13,-1472881.75,3.61
12:17,101011.77,25.38,18.51,101036.10,15.85,43.80,-1472897.62,4.83
12:18,101010.34,25.39,18.28,101034.53,16.12,42.67,-1472528.25,4.63
12:19,101014.02,25.43,18.46,101037.75,16.20,42.98,-1472645.50,4.15
12:20,101008.21,25.51,18.12,101038.93,16.35,41.49,-1472615.50,4.45
12:21,101008.88,25.62,18.21,101038.52,16.52,42.50,-1472639.62,3.56
12:22,101018.82,25.57,18.12,101037.92,15.99,43.58,-1473034.25,4.06
12:23,101013.33,25.50,18.30,101043.92,14.71,47.00,-1472922.00,4.53
12:24,101021.49,25.46,18.54,101043.43,14.95,46.81,-1472851.12,4.04
12:25,101002.42,25.32,18.34,101041.60,15.69,42.50,-1473517.75,4.83
12:26,101011.30,25.40,18.61,101039.54,16.37,40.98,-1473279.00,4.74
12:27,101012.28,25.46,18.83,101040.97,16.09,43.58,-1473313.25,4.72
12:28,101016.53,25.55,18.79,101036.67,16.19,43.05,-1473152.50,5.12
12:29,101018.88,25.29,18.14,101036.38,14.53,44.48,-1472998.25,4.08
12:30,101014.05,24.96,18.54,101037.01,14.74,44.86,-1473373.12,3.84
12:31,101013.75,24.99,18.81,101036.44,15.42,43.51,-1473626.12,4.68
12:32,101000.57,24.91,18.79,101036.22,14.88,44.22,-1473175.75,3.59
12:33,101016.03,15.49,36.38,101035.33,14.44,45.80,-1473205.75,0.41
12:34,101032.34,8.19,53.12,101032.76,13.85,46.79,-1472925.75,0.42
12:35,101026.20,5.88,63.25,101037.08,13.47,47.76,-1472728.50,0.45
12:36,101031.71,5.44,69.23,101043.31,13.11,49.61,-1472986.37,0.39
12:37,101029.83,7.89,76.78,101040.91,13.16,50.71,-1474782.87,0.44
12:38,101034.19,9.84,78.99,101042.71,13.34,52.91,-1477145.50,0.45
12:39,101043.28,10.51,79.14,101045.90,13.39,54.79,-1479107.25,0.43
12:40,101033.85,10.81,79.13,101050.69,13.54,55.60,-1480841.87,0.45
12:41,101029.50,11.04,79.44,101045.85,13.31,58.48,-1481964.25,0.45
12:42,101035.32,11.26,79.24,101048.21,13.29,59.28,-1483546.12,0.38
12:43,101031.05,11.45,79.35,101048.83,13.40,59.93,-1484773.25,0.45
12:44,101028.96,11.68,78.77,101049.08,13.31,59.17,-1485857.25,0.48
12:45,101023.33,11.74,78.54,101049.25,13.31,61.22,-1486512.62,0.45
12:46,101031.05,11.86,78.61,101048.93,13.39,62.08,-1487116.25,0.45
12:47,101028.58,11.96,78.11,101047.03,13.46,61.31,-1487871.37,0.45
12:48,101023.89,12.07,78.37,101050.99,13.57,61.67,-1488299.25,0.45
12:49,101037.22,12.13,78.12,101051.49,13.57,61.79,-1488789.75,0.48
12:50,101011.71,21.72,27.12,101047.12,14.77,52.50,-1489260.00,4.81
12:51,101012.27,22.83,23.78,101050.49,15.23,49.63,-1489215.75,3.74
12:52,101019.67,23.38,22.61,101045.71,15.99,45.96,-1489705.37,5.00
12:53,101017.60,23.80,22.32,101048.05,16.50,45.78,-1489259.25,4.54
12:54,101021.42,23.91,21.64,101050.13,15.99,44.85,-1489749.37,4.68
12:55,101031.14,24.08,21.32,101053.69,16.28,45.15,-1490227.75,3.85
12:56,101021.14,24.20,21.11,101046.82,16.45,43.25,-1490067.12,3.44
12:57,101029.71,24.18,20.78,101051.05,15.55,44.61,-1490563.37,4.56
12:58,101027.85,24.29,20.62,101048.08,16.12,44.35,-1490997.62,4.83
12:59,101023.63,24.43,20.47,101045.79,16.81,41.88,-1490921.62,3.85
13:0,101027.66,24.48,20.30,101051.64,15.99,43.86,-1491194.87,3.88
13:1,101025.10,24.39,20.19,101051.57,15.37,46.10,-1490846.37,4.71
13:2,101023.83,24.36,20.27,101048.48,15.85,44.53,-1491566.62,4.66
13:3,101029.50,24.42,20.08,101043.38,16.66,41.68,-1491371.12,4.56
13:4,101026.11,24.37,20.06,101045.25,15.59,45.63,-1491911.25,4.72
13:5,101021.69,24.30,19.91,101041.67,15.43,45.24,-1491806.00,3.91
13:6,101021.32,24.32,20.15,101048.89,16.19,44.83,-1492475.12,4.79
13:7,101030.74,24.35,20.23,101049.97,15.82,46.01,-1492434.87,4.06
13:8,101026.03,24.38,20.01,101055.03,15.94,45.56,-1492286.62,4.65
13:9,101025.58,24.20,19.77,101051.99,14.77,47.79,-1492122.75,3.82
13:10,101030.25,24.01,19.93,101056.38,14.90,46.74,-1492978.75,3.87
13:11,101028.35,24.02,19.82,101052.90,15.85,44.03,-1493348.75,3.58
13:12,101019.50,24.13,19.84,101049.10,16.44,42.13,-1493308.25,3.96
13:13,101022.82,24.16,19.70,101048.71,15.96,44.14,-1493265.50,3.66
13:14,101027.41,24.17,19.94,101049.85,16.32,42.98,-1493375.00,3.52
13:15,101018.18,24.27,19.63,101046.28,16.17,43.38,-1493323.25,4.63
13:16,101020.67,24.28,19.50,101049.83,16.39,42.49,-1493463.25,4.85
13:17,101016.47,24.31,19.46,101047.38,16.52,41.84,-1493534.12,3.63
13:18,101021.71,24.35,19.52,101047.30,16.20,43.63,-1493468.75,4.07
13:19,101023.66,24.40,19.68,101045.26,16.20,45.21,-1493680.50,4.79
13:20,101018.07,24.57,19.63,101046.83,16.69,42.85,-1493582.37,3.76
13:21,101017.46,24.54,19.56,101047.42,15.99,43.76,-1493518.25,4.87
13:22,101012.68,24.51,19.52,101042.91,16.66,41.70,-1493780.00,4.61
13:23,101029.14,24.51,19.38,101051.64,16.36,42.21,-1493890.75,3.93
13:24,101027.58,24.49,19.13,101049.39,16.29,42.09,-1493958.37,4.98
13:25,101016.81,24.46,19.25,101047.37,16.86,39.92,-1494066.12,5.26
13:26,101028.66,24.46,19.21,101051.33,16.86,39.67,-1494188.75,4.30
13:27,101027.88,24.36,19.20,101052.81,15.24,47.06,-1493982.00,4.12
13:28,101025.71,24.32,19.13,101049.17,15.65,43.28,-1494390.25,5.17
13:29,101023.14,24.24,18.85,101051.86,14.45,47.09,-1494220.25,3.80
13:30,101030.57,24.13,18.94,101054.63,15.58,42.63,-1494839.12,4.88
13:31,101024.72,24.18,18.88,101049.33,16.49,40.23,-1495170.37,4.84
13:32,101020.60,24.29,19.09,101054.85,16.51,41.24,-1495058.12,4.78
13:33,101028.38,24.45,18.83,101053.28,15.88,42.15,-1494676.25,3.79
13:34,101021.41,24.34,18.55,101046.36,15.19,43.41,-1494791.12,3.91
13:35,101018.92,24.24,18.56,101051.19,14.69,46.06,-1494972.87,4.18
13:36,101028.57,24.21,18.74,101058.75,15.35,43.55,-1495171.25,5.03
13:37,101017.86,24.32,18.71,101045.19,16.28,41.35,-1495134.75,4.57
13:38,101023.49,24.39,18.89,101044.57,16.19,41.74,-1494873.00,4.67
13:39,101016.08,24.58,18.43,101046.66,16.42,40.81,-1494748.75,3.98
13:40,101017.92,24.70,18.46,101043.14,16.46,40.87,-1494910.00,4.27
13:41,101011.61,24.78,18.33,101041.97,15.59,43.85,-1494805.25,4.65
13:42,101017.35,24.77,18.00,101044.17,16.00,40.58,-1494721.75,3.94
13:43,101005.69,24.77,18.35,101040.83,15.59,43.57,-1494975.12,4.00
13:44,101018.82,24.86,18.09,101045.69,15.78,42.29,-1494972.37,4.40
13:45,101012.14,24.87,17.72,101042.43,15.78,40.55,-1495107.00,4.25
13:46,101018.82,24.93,17.97,101046.32,15.25,43.94,-1495116.25,3.58
13:47,101019.03,24.96,18.02,101046.47,15.26,44.79,-1495497.62,5.03
13:48,101007.85,25.09,17.77,101037.50,15.69,41.23,-1495482.75,3.65
13:49,101014.48,25.22,17.85,101040.57,15.78,41.15,-1495544.25,4.83
13:50,101019.13,25.29,17.43,101037.10,15.60,40.47,-1495573.62,3.67
13:51,101017.73,25.32,17.65,101041.09,15.89,40.81,-1495701.25,4.20
13:52,101015.41,25.38,17.60,101040.89,16.57,39.48,-1495344.25,4.21
13:53,101010.21,25.49,18.41,101038.72,16.56,41.77,-1495270.37,4.35
13:54,101011.33,25.60,17.67,101036.86,16.94,37.82,-1495283.87,3.59
13:55,101017.53,25.71,17.83,101041.21,17.40,37.28,-1495317.25,3.62
13:56,101014.06,25.71,17.90,101041.50,16.61,39.16,-1495313.50,3.99
13:57,101011.35,25.70,17.29,101033.26,16.66,37.65,-1495332.25,3.96
13:58,101019.30,25.69,18.14,101043.31,17.10,38.88,-1495077.75,3.92
13:59,101024.72,25.85,18.52,101041.36,16.82,40.55,-1495078.37,3.71
14:0,101015.22,25.77,16.96,101040.71,15.79,38.86,-1494616.75,3.52
14:1,101015.42,25.62,17.20,101038.80,16.86,35.75,-1495323.12,4.04
14:2,101021.14,15.85,34.01,101038.71,16.39,37.64,-1495158.75,0.35
14:3,101026.24,8.35,51.48,101038.50,14.96,41.52,-1495112.00,0.44
14:4,101046.78,5.95,62.16,101038.78,14.24,44.06,-1495209.37,0.42
14:5,101038.38,6.03,69.39,101044.96,13.89,43.96,-1495311.12,0.39
14:6,101045.58,9.51,77.23,101045.11,14.21,46.40,-1496199.25,0.45
14:7,101044.07,10.64,77.35,101044.58,14.43,48.08,-1497465.25,0.43
14:8,101047.14,11.00,76.04,101054.14,14.43,47.01,-1498782.75,0.48
14:9,101054.17,10.67,72.41,101052.35,14.17,41.63,-1499803.75,0.42
14:10,101043.25,10.66,71.79,101047.28,14.11,41.79,-1501136.25,0.45
14:11,101034.30,10.95,71.02,101047.60,14.10,44.12,-1502165.37,0.48
14:12,101030.74,11.31,71.80,101051.33,14.25,45.87,-1503260.37,0.45
14:13,101036.97,11.51,71.04,101044.80,14.57,44.68,-1504013.25,0.46
14:14,101028.99,11.92,70.71,101046.95,14.82,45.47,-1504598.00,0.45
14:15,101045.90,12.21,70.06,101045.80,15.15,44.88,-1505192.75,0.45
14:16,101036.00,12.39,70.09,101047.64,15.24,46.72,-1505309.25,0.39
14:17,101028.82,12.28,66.44,101038.52,14.77,42.28,-1505724.50,0.37
14:18,101029.21,12.35,66.86,101039.32,14.91,44.34,-1506173.25,0.41
14:19,101017.25,21.68,24.97,101037.92,16.42,39.12,-1506775.37,4.31
14:20,101008.99,22.91,22.29,101041.07,17.31,36.29,-1506649.37,4.36
14:21,101009.11,23.65,21.50,101040.10,17.31,37.00,-1506549.00,4.77
14:22,101008.38,23.84,20.78,101042.16,16.69,37.28,-1507080.25,3.78
14:23,101020.66,24.06,20.75,101047.97,16.97,38.86,-1506881.50,3.91
14:24,101013.46,24.20,20.19,101043.83,17.21,36.33,-1506786.37,4.34
14:25,101014.42,24.19,19.90,101043.64,16.76,36.62,-1507027.75,4.60
14:26,101032.17,24.24,19.89,101048.97,17.55,35.81,-1507544.87,3.91
14:27,101018.27,24.27,19.62,101048.61,16.91,37.38,-1507717.75,4.69
14:28,101017.96,24.06,19.55,101047.69,16.40,38.43,-1508039.75,4.02
14:29,101020.78,24.04,19.45,101047.92,17.35,35.17,-1508488.75,4.51
14:30,101018.02,24.00,19.27,101046.47,16.25,38.27,-1508001.87,4.12
14:31,101024.04,23.78,19.34,101050.77,16.33,38.17,-1507976.62,4.25
14:32,101030.63,23.93,19.54,101049.53,16.32,39.42,-1508444.25,4.90
14:33,101028.17,23.78,19.44,101051.36,15.69,40.87,-1508685.75,4.67
14:34,101037.21,23.74,19.56,101062.97,16.31,39.74,-1509645.37,4.07
14:35,101032.79,23.82,19.51,101060.86,15.66,41.49,-1509442.50,3.79
14:36,101039.72,23.64,19.30,101064.29,15.05,42.26,-1509636.75,4.05
14:37,101037.71,23.61,19.66,101060.64,16.16,40.76,-1510211.25,4.18
14:38,101028.23,23.55,19.27,101059.92,16.09,38.36,-1510190.50,3.74
14:39,101040.32,23.60,19.41,101061.93,16.46,38.05,-1510286.62,4.09
14:40,101033.14,23.64,19.17,101060.42,16.01,37.95,-1510127.62,4.00
14:41,101039.15,23.49,19.08,101062.16,15.43,40.11,-1510114.12,4.33
14:42,101032.01,23.53,19.35,101056.10,16.47,37.65,-1510535.00,4.07
14:43,101041.63,23.71,19.35,101060.69,17.00,36.61,-1510496.12,4.80
14:44,101035.81,23.85,18.87,101057.36,16.90,35.17,-1510404.25,3.70
14:45,101032.00,23.84,18.89,101055.67,17.30,34.72,-1510044.25,4.85
14:46,101028.28,23.98,18.91,101059.98,17.38,35.01,-1510186.12,4.46
14:47,101026.98,23.97,18.94,101053.86,17.14,35.99,-1510274.87,4.38
14:48,101025.36,24.20,18.93,101052.19,17.62,35.23,-1510566.50,4.60
14:49,101026.47,24.33,18.85,101052.19,17.90,34.27,-1510029.25,4.70
14:50,101019.28,24.38,18.46,101053.68,17.00,35.25,-1509729.25,3.83
14:51,101027.39,24.42,18.51,101055.89,17.82,33.92,-1509875.75,4.92
14:52,101017.75,24.63,18.65,101052.86,18.29,33.93,-1509776.87,3.66
14:53,101020.78,24.82,18.59,101055.38,18.18,34.60,-1509328.87,4.16
14:54,101023.42,24.95,18.23,101050.98,18.18,32.96,-1509241.75,4.11
14:55,101037.50,24.94,18.31,101059.06,18.36,33.13,-1509448.75,4.13
14:56,101025.80,24.98,18.13,101057.05,18.22,32.47,-1509195.37,4.86
14:57,101032.47,24.90,18.13,101056.82,17.71,34.02,-1509523.37,4.61
14:58,101033.18,24.93,18.12,101063.00,18.10,33.65,-1509541.87,4.23
14:59,101040.55,25.01,18.07,101064.53,18.07,33.17,-1509751.50,4.40
15:0,101023.10,24.83,17.88,101060.81,18.02,32.14,-1509846.62,4.94
15:1,101038.08,24.74,17.89,101064.73,17.89,32.54,-1510109.75,4.77
15:2,101032.72,24.76,17.88,101066.21,17.86,33.07,-1510265.87,4.40
15:3,101035.86,24.65,17.36,101065.83,17.05,32.60,-1510358.25,4.85
15:4,101032.07,24.50,17.68,101060.22,17.78,32.72,-1510358.87,4.07
15:5,101044.82,24.54,17.73,101071.89,17.37,34.28,-1510154.50,4.17
15:6,101045.94,24.57,17.86,101071.35,18.02,32.61,-1510043.87,4.85
15:7,101051.63,24.53,17.47,101071.24,16.36,34.59,-1510070.37,4.23
15:8,101044.89,24.18,17.22,101069.25,17.03,31.82,-1510847.25,4.05
15:9,101037.59,23.94,17.39,101064.67,15.96,35.27,-1510307.25,4.87
15:10,101040.20,23.86,17.56,101064.08,16.57,34.13,-1510948.50,3.78
15:11,101041.96,24.13,17.77,101072.46,17.56,33.07,-1511241.87,4.08
15:12,101031.95,24.38,17.42,101064.46,16.79,33.51,-1510890.37,5.01
15:13,101049.57,24.31,17.33,101074.28,16.80,34.31,-1510602.50,4.00
15:14,101046.17,24.20,17.04,101073.66,16.19,34.58,-1510767.75,5.01
15:15,101048.42,24.22,17.35,101069.66,16.73,35.08,-1510960.75,4.97
15:16,101038.32,24.18,17.08,101066.17,16.88,32.96,-1511239.00,3.79
15:17,101045.41,24.43,17.29,101071.60,18.08,31.32,-1511006.00,4.72
15:18,101047.80,24.75,17.03,101070.00,18.48,30.64,-1510734.12,4.55
15:19,101051.05,24.90,16.98,101075.30,18.15,31.67,-1510263.37,4.00
15:20,101051.91,24.97,16.85,101077.80,18.00,31.73,-1510582.25,4.38
15:21,101045.64,24.90,16.39,101076.49,16.58,33.35,-1510228.25,3.94
15:22,101048.49,24.64,16.72,101068.83,17.04,32.83,-1510655.50,4.38
15:23,101048.13,24.57,16.42,101071.24,16.80,32.41,-1510802.12,4.79
15:24,101047.64,24.62,16.71,101080.41,17.63,31.94,-1511055.25,4.36
15:25,101049.94,24.88,16.61,101077.46,17.75,32.03,-1511147.37,3.90
15:26,101052.30,25.13,16.91,101082.16,18.49,31.63,-1510884.75,4.43
15:27,101052.27,25.51,16.69,101080.05,18.80,31.39,-1510600.75,4.92
15:28,101054.64,25.54,16.26,101083.94,17.85,32.94,-1510280.25,4.32
15:29,101039.80,25.42,15.66,101083.16,17.83,30.61,-1510981.25,4.05
15:30,101055.91,25.31,16.02,101084.67,18.29,30.21,-1510754.25,4.26
15:31,101054.13,25.36,15.73,101079.53,18.42,29.52,-1511120.37,4.69
15:32,101051.13,25.20,15.58,101077.20,17.32,31.39,-1510647.50,4.26
15:33,101056.67,25.29,16.59,101089.32,17.43,35.23,-1510857.75,4.61
15:34,101051.82,25.27,15.29,101079.35,16.14,33.90,-1510130.37,3.84
15:35,101046.50,24.79,15.36,101082.63,15.47,34.95,-1511091.25,4.70
15:36,101048.69,24.59,15.72,101079.99,15.34,35.82,-1511680.75,4.85
15:37,101062.00,24.93,15.79,101085.64,17.18,33.19,-1512058.75,3.85
15:38,101057.39,25.33,16.17,101077.84,17.21,33.18,-1511880.25,4.54
15:39,101042.11,25.59,15.95,101074.64,17.09,33.88,-1511561.25,4.98
15:40,101053.24,25.65,15.76,101084.89,16.96,34.17,-1511625.62,5.15
15:41,101050.19,25.85,15.59,101085.66,17.81,33.36,-1511484.75,4.73
15:42,101047.68,26.07,15.32,101079.89,18.21,30.95,-1511555.75,4.18
15:43,101049.41,26.22,15.20,101077.91,18.26,30.98,-1511224.00,4.92
15:44,101056.89,26.17,15.00,101083.17,17.63,31.26,-1511371.87,4.93
15:45,101052.46,26.14,16.04,101078.79,18.05,33.06,-1511294.00,4.67
15:46,101055.99,26.29,16.12,101080.46,16.95,36.43,-1511279.25,3.87
15:47,101062.86,26.11,15.78,101087.59,16.26,36.36,-1511236.87,4.58
15:48,101060.74,26.02,15.61,101084.11,16.31,35.89,-1511376.62,4.87
15:49,101061.49,25.59,15.66,101088.71,15.30,37.25,-1511353.62,4.07
15:50,101059.50,25.42,16.42,101083.24,15.61,38.10,-1512011.25,5.13
15:51,101065.00,25.33,15.96,101083.16,15.42,36.83,-1511959.62,4.27
15:52,101053.58,25.41,16.11,101084.19,17.14,33.38,-1512000.50,4.27
15:53,101062.63,25.48,16.29,101084.49,16.80,34.95,-1511427.12,3.85
15:54,101065.47,25.47,16.17,101085.94,15.86,36.24,-1511303.12,5.07
15:55,101065.42,25.41,16.34,101087.12,16.76,33.96,-1511734.25,5.07
15:56,101065.21,25.66,16.17,101090.62,17.28,33.19,-1511737.37,4.95
15:57,101068.08,25.91,16.18,101089.85,17.97,32.64,-1511491.37,4.81
15:58,101068.47,26.06,16.88,101088.10,18.06,33.62,-1511360.00,4.56
15:59,101071.65,22.22,22.09,101085.68,17.81,34.17,-1511096.62,0.41
16:0,101071.36,12.30,41.07,101092.25,16.50,36.09,-1510807.87,0.45
16:1,101078.85,7.54,54.04,101086.22,15.39,37.52,-1510508.87,0.43
16:2,101086.21,6.35,64.08,101088.11,14.86,39.93,-1511215.50,0.42
16:3,101075.64,9.33,74.31,101085.88,15.26,40.81,-1510977.75,0.36
16:4,101073.99,10.87,74.61,101087.98,15.39,41.90,-1510620.62,0.45
16:5,101073.90,11.68,74.70,101092.50,15.64,43.88,-1510517.75,0.38
16:6,101084.06,11.58,69.79,101087.79,15.19,38.69,-1510034.75,0.37
16:7,101069.21,11.61,68.99,101088.16,15.23,38.88,-1510411.62,0.37
