9:18,102915.80,29.39,24.58,102947.40,28.00,27.46,-675924.81,3.65
9:18,102916.44,29.46,24.88,102950.28,28.00,27.60,-671983.12,3.19
9:19,102915.46,29.61,24.40,102946.63,27.72,28.05,-676980.12,3.12
9:20,102915.52,25.81,50.23,102948.96,27.94,30.05,-676877.68,4.00
9:21,102918.13,21.68,60.62,102949.35,27.90,29.67,-675436.62,4.56
9:18,102900.67,36.14,14.06,102941.88,28.66,26.36,-414285.90,7.26
9:18,102907.10,36.33,13.97,102946.10,28.89,26.38,-423164.59,5.98
9:19,102904.21,36.72,13.81,102952.65,29.27,26.65,-332619.68,5.38
12:6,102904.48,36.80,13.50,102950.83,29.12,25.91,-331083.18,5.15
12:6,102912.11,36.82,13.52,102950.39,29.15,25.96,-331666.50,5.88
12:6,102907.02,36.62,13.69,102946.50,28.90,26.25,-675420.12,6.36
12:6,102908.43,36.80,13.59,102949.36,29.15,26.23,-675524.81,6.02
12:7,102916.69,36.95,13.24,102953.93,29.25,25.57,-697684.31,4.75
12:8,102912.14,37.03,13.26,102951.80,29.29,25.70,-697858.50,5.04
12:9,102922.48,37.29,13.20,102951.35,29.48,25.90,-696598.87,4.40
12:10,102909.14,37.20,12.88,102946.28,28.91,25.67,-696598.62,4.47
12:11,102917.08,37.00,12.96,102946.53,28.97,25.46,-697744.81,5.21
12:12,102900.24,37.06,13.10,102946.35,29.04,26.35,-696469.81,6.79
12:13,102908.14,37.59,13.45,102942.99,29.55,27.58,-698118.31,4.15
12:14,102901.96,38.13,12.97,102942.92,29.69,27.01,-698389.81,6.70
12:15,102898.64,38.46,12.91,102944.53,29.85,27.68,-698569.31,5.83
12:16,102900.96,38.57,12.63,102944.42,30.11,25.76,-698880.87,5.74
12:17,102899.07,38.34,12.66,102942.92,30.07,25.90,-698472.18,5.94
12:18,102894.32,38.47,12.78,102944.66,30.06,26.47,-698064.00,5.71
12:19,102902.78,38.46,12.47,102940.82,29.97,25.87,-698789.50,5.77
12:20,102905.07,38.38,12.66,102940.80,30.02,25.95,-698464.68,5.58
12:21,102892.52,38.61,12.63,102933.24,30.15,27.43,-698160.62,7.15
12:22,102900.53,39.14,12.68,102935.19,30.20,27.18,-698255.31,5.88
12:23,102892.13,39.15,12.25,102939.88,30.51,25.75,-698139.87,4.54
12:24,102891.49,38.77,12.01,102934.41,30.32,24.72,-698346.00,5.39
12:25,102900.35,38.28,12.06,102937.32,29.88,24.71,-697756.87,7.01
12:26,102894.78,38.00,12.24,102938.42,29.64,24.76,-697926.81,4.31
12:27,102898.75,37.80,12.30,102942.13,29.32,25.13,-697283.50,4.69
12:28,102900.61,37.60,12.47,102939.22,29.18,26.06,-696919.12,4.43
12:29,102888.57,37.66,12.61,102936.50,29.08,26.02,-696387.68,5.53
12:30,102894.13,37.63,12.58,102937.29,29.26,26.24,-688999.31,4.45
12:31,102896.53,37.77,12.42,102934.47,29.48,25.53,-694530.81,5.84
12:32,102882.35,38.08,12.70,102933.38,29.99,26.57,-695835.62,4.79
12:33,102886.21,38.47,12.44,102929.39,30.13,25.47,-696186.12,7.39
12:34,102889.30,38.68,12.41,102929.27,30.08,25.77,-696719.00,4.54
12:35,102895.17,38.79,12.38,102932.01,30.28,25.63,-696637.87,5.41
12:36,102888.11,38.98,12.04,102923.11,30.14,24.16,-696951.87,4.43
12:37,102889.25,38.49,11.96,102929.93,29.80,24.97,-695386.18,4.40
12:38,102886.33,38.30,12.04,102924.30,30.06,23.90,-696093.37,6.69
12:39,102885.82,38.25,11.98,102927.17,29.84,23.51,-696316.62,5.27
12:40,102888.91,38.08,12.03,102927.35,29.78,23.96,-697267.87,6.00
12:41,102888.42,38.05,12.27,102927.74,29.86,24.77,-696692.31,7.48
12:42,102889.85,38.40,12.14,102928.32,30.29,24.06,-696349.12,6.99
12:43,102884.71,38.29,11.93,102924.63,30.26,23.36,-695786.50,7.39
12:44,102879.14,38.10,12.01,102922.67,30.11,23.57,-695486.68,5.57
12:45,102893.88,38.35,12.19,102925.66,30.28,24.97,-696544.81,6.46
12:46,102885.77,39.00,12.63,102924.69,30.29,27.07,-696244.87,7.30
12:47,102875.25,39.12,11.85,102919.39,30.15,24.62,-696676.37,7.55
12:48,102888.42,38.92,11.84,102921.47,30.50,23.67,-697390.18,7.30
12:49,102883.77,38.81,11.84,102922.67,30.64,23.22,-696816.87,7.21
12:50,102889.50,38.93,11.76,102923.21,30.81,22.67,-696250.18,8.19
12:51,102879.90,38.78,11.83,102920.69,30.89,22.80,-696371.00,7.83
12:52,102876.07,38.70,11.80,102918.44,30.70,22.80,-696403.12,7.33
12:53,102878.49,38.59,11.88,102918.47,30.72,22.87,-696010.37,5.53
12:54,102882.17,38.71,11.96,102917.32,30.82,23.11,-696383.50,6.50
12:55,102886.99,38.89,11.88,102914.50,31.06,23.07,-696015.87,5.72
12:56,102876.08,38.81,11.79,102916.63,30.91,23.00,-696219.62,4.38
12:57,102873.62,38.75,12.11,102916.03,31.02,23.54,-694547.87,5.09
12:58,102869.63,39.12,11.90,102914.89,31.26,22.96,-692530.00,5.61
12:59,102878.60,39.18,11.80,102913.77,31.20,22.75,-693961.62,5.20
13:0,102879.22,39.35,11.74,102913.03,31.25,22.86,-694274.87,4.34
13:1,102874.10,39.17,11.65,102912.90,31.19,22.79,-694284.68,5.41
13:2,102876.89,39.08,11.67,102910.08,31.12,22.56,-695347.68,5.16
13:3,102868.14,38.98,11.70,102912.28,31.11,22.50,-695672.62,6.17
13:4,102868.16,39.03,11.82,102909.59,31.14,23.14,-695541.37,5.63
13:5,102863.63,39.18,11.88,102911.17,31.21,23.19,-695580.12,7.19
13:6,102873.26,39.61,12.20,102908.27,31.06,25.88,-695982.81,8.05
13:7,102871.30,40.13,11.85,102907.99,31.23,24.94,-694538.31,5.55
13:8,102865.39,40.21,11.53,102903.67,31.49,23.68,-693994.00,5.65
13:9,102862.03,39.82,11.29,102903.96,31.45,22.19,-695862.68,5.66
13:10,102866.11,39.52,11.52,102902.78,31.39,22.47,-693930.00,5.32
13:11,102875.80,39.56,11.55,102898.49,31.48,22.32,-693775.37,6.83
13:12,102856.90,39.45,11.35,102896.85,31.45,21.70,-694101.50,4.13
13:13,102866.91,39.18,11.39,102898.55,31.35,21.62,-694546.81,4.07
13:14,102857.72,38.93,11.53,102898.78,31.16,21.92,-694180.00,5.36
13:15,102852.13,39.19,11.84,102893.46,31.36,22.70,-693440.00,4.44
13:16,102856.72,39.62,11.74,102893.62,31.74,22.69,-693242.50,4.80
13:17,102852.98,39.50,11.41,102892.41,31.57,21.67,-694840.18,4.87
13:18,102852.49,39.29,11.46,102891.37,31.48,21.65,-695361.62,4.69
13:19,102842.25,39.25,11.45,102885.78,31.53,21.18,-695456.00,5.27
13:20,102855.70,39.65,11.97,102885.74,31.47,24.31,-694672.62,4.11
13:21,102851.60,40.03,11.62,102889.63,31.29,23.61,-695199.00,6.21
13:22,102837.25,39.83,11.42,102885.65,31.48,22.61,-695546.81,4.92
13:23,102843.52,39.82,11.46,102882.30,31.78,22.13,-695607.87,4.52
13:24,102845.03,39.76,11.47,102880.30,31.66,22.06,-695319.18,5.36
13:25,102839.14,39.63,11.49,102879.44,31.63,22.31,-695418.18,6.86
13:26,102841.53,39.77,11.79,102880.83,31.75,23.38,-694898.87,6.27
13:27,102836.03,40.28,11.58,102876.89,32.00,22.80,-695196.00,6.72
13:28,102841.55,40.30,11.32,102877.68,32.31,22.01,-693702.87,4.99
13:29,102850.87,40.01,11.26,102876.53,32.12,21.62,-692771.87,5.55
13:30,102843.75,39.75,11.33,102876.49,31.77,21.30,-692606.31,7.24
13:31,102834.14,39.46,11.40,102875.63,31.39,22.07,-694020.31,4.39
13:32,102829.22,39.23,11.38,102874.64,30.83,22.50,-693358.12,4.13
13:33,102830.09,39.01,11.60,102879.52,30.50,23.40,-693424.50,5.56
13:34,102831.41,38.60,11.72,102871.66,30.14,23.62,-690386.31,5.79
13:35,102828.86,38.37,11.84,102873.03,30.16,23.80,-692897.68,6.46
13:36,102829.13,38.46,11.88,102873.26,30.31,23.46,-692985.37,5.85
13:37,102832.04,38.78,11.90,102874.16,31.11,22.77,-693438.18,6.30
13:38,102841.39,38.91,11.84,102874.94,30.68,23.84,-692469.18,4.27
13:39,102838.42,39.16,11.97,102872.42,30.88,24.08,-693095.50,6.03
13:40,102826.22,39.47,11.91,102867.39,31.28,23.89,-693689.68,5.60
13:41,102825.92,39.65,11.83,102868.62,31.41,23.97,-694172.12,5.68
13:42,102824.60,39.72,11.84,102866.53,31.62,23.84,-694514.00,5.38
13:43,102827.25,39.96,12.04,102867.60,31.81,25.89,-693954.81,4.06
13:44,102825.61,40.29,11.85,102870.66,31.22,25.89,-693589.31,6.28
13:45,102824.21,40.17,11.74,102869.47,31.12,25.66,-692912.18,4.85
13:46,102829.38,40.09,11.71,102865.30,31.05,25.57,-693677.81,4.45
13:47,102824.28,40.13,11.70,102868.33,30.76,25.54,-694405.81,4.08
13:48,102824.25,40.22,11.74,102866.41,31.12,25.63,-694388.00,6.08
13:49,102822.43,40.39,11.99,102865.60,31.12,28.04,-694257.87,4.37
13:50,102828.08,40.85,11.78,102862.44,31.42,26.53,-694162.18,4.25
13:51,102820.05,40.85,11.56,102859.86,30.92,25.50,-694237.87,5.14
13:52,102815.89,40.56,11.64,102861.11,31.03,26.50,-693322.12,5.64
13:53,102824.91,40.68,11.58,102859.28,30.91,25.28,-694447.18,5.94
13:54,102816.99,40.60,11.56,102857.74,31.30,25.24,-694923.18,5.52
13:55,102810.89,40.23,11.54,102855.90,31.10,24.98,-694155.12,5.36
13:56,102817.61,40.45,11.71,102850.66,31.18,25.60,-693401.62,6.56
13:57,102817.50,40.92,11.92,102851.46,31.76,26.39,-694899.62,6.57
13:58,102814.24,41.04,11.21,102851.02,31.49,24.55,-694059.62,5.68
13:59,102806.83,40.30,11.43,102845.21,31.59,24.18,-693949.50,5.27
14:0,102810.50,40.55,11.80,102846.92,32.10,25.00,-694203.31,5.64
14:1,102809.88,40.73,11.40,102844.27,31.91,24.00,-694813.87,4.65
14:2,102804.19,40.41,11.36,102844.30,31.68,24.04,-694149.62,6.44
14:3,102801.25,40.31,11.69,102842.84,31.77,24.69,-694699.12,4.98
14:4,102798.89,40.35,11.53,102843.85,31.78,24.32,-694583.37,5.39
14:5,102796.67,40.17,11.58,102836.61,31.41,25.08,-691178.37,6.07
14:6,102804.83,40.46,11.65,102835.92,31.45,24.79,-693466.87,5.52
14:7,102800.71,40.57,11.54,102835.69,31.28,24.99,-693750.87,6.55
14:8,102799.19,40.93,11.63,102836.59,31.60,25.57,-693613.50,4.58
14:9,102795.97,41.07,11.52,102834.10,32.04,25.33,-694231.12,5.36
14:10,102792.21,41.11,11.47,102830.16,32.05,24.65,-694532.62,5.52
14:11,102796.86,41.12,11.45,102829.66,31.76,25.62,-694859.37,4.06
14:12,102798.33,41.24,11.58,102834.08,31.45,25.77,-696055.50,6.79
14:13,102798.10,41.20,11.28,102830.83,31.47,25.04,-695796.68,4.49
14:14,102791.36,41.07,11.26,102829.67,31.78,24.14,-693774.12,5.25
14:15,102806.13,40.80,11.49,102834.10,31.94,24.96,-693379.00,5.10
14:16,102791.35,40.52,10.90,102832.26,30.90,24.15,-692562.37,5.48
14:17,102784.41,39.97,11.58,102829.28,31.17,25.06,-694180.50,4.91
14:18,102807.14,40.45,11.81,102829.11,31.50,25.77,-694240.87,5.06
14:19,102785.85,40.74,11.57,102831.72,31.61,24.88,-692849.62,5.34
14:20,102791.55,40.75,11.44,102825.63,31.47,24.61,-689844.62,5.06
14:21,102787.66,40.72,11.37,102826.00,31.60,24.26,-689908.87,5.61
14:22,102786.35,40.48,11.51,102821.89,31.56,24.80,-688817.12,6.39
14:23,102789.54,40.79,11.83,102824.13,31.46,26.43,-689435.62,6.70
14:24,102790.50,40.91,11.27,102823.47,31.30,25.13,-688932.18,8.22
14:25,102782.31,40.74,11.27,102823.99,31.37,24.07,-690425.87,4.87
14:26,102785.14,40.41,11.27,102819.94,31.71,23.51,-689577.50,5.14
14:27,102790.72,40.29,11.37,102819.92,32.09,23.11,-687112.87,4.92
14:28,102785.13,40.45,11.58,102817.91,32.41,23.66,-688636.81,5.63
14:29,102772.68,40.38,11.11,102817.22,31.83,23.15,-692739.81,5.44
14:30,102775.03,39.90,11.37,102813.51,31.50,23.23,-697839.37,5.21
14:31,102769.61,39.99,11.71,102812.82,31.85,24.41,-699626.37,4.11
14:32,102776.94,40.40,11.67,102810.82,31.65,24.78,-699012.68,6.50
14:33,102775.31,40.29,11.22,102812.24,31.89,22.79,-699934.18,4.20
14:34,102776.05,40.24,11.65,102812.59,31.94,24.64,-699509.62,4.15
14:35,102767.00,40.64,11.49,102807.58,31.64,24.06,-699751.00,6.56
14:36,102775.61,40.65,11.36,102807.41,31.63,23.87,-695898.81,5.81
14:37,102771.27,40.65,11.19,102807.58,31.74,22.73,-688996.62,6.69
14:38,102768.05,40.46,11.61,102812.42,31.60,25.68,-691381.62,5.34
14:39,102768.42,40.68,11.20,102805.55,31.60,23.48,-693437.87,4.99
14:40,102758.62,39.97,11.28,102806.57,31.24,23.11,-698552.68,5.79
14:41,102763.39,39.81,11.41,102803.39,31.53,22.51,-698038.81,5.27
14:42,102767.80,39.81,11.53,102799.55,31.97,22.42,-699068.81,5.32
14:43,102760.27,40.07,11.55,102800.63,32.55,21.96,-698934.12,5.31
14:44,102764.24,40.26,11.38,102802.85,32.72,21.48,-699609.31,5.43
14:45,102758.77,40.20,11.40,102800.00,32.84,21.33,-699644.00,5.56
14:46,102764.03,40.41,11.62,102799.30,33.13,21.68,-698989.81,4.07
14:47,102757.53,40.70,11.53,102800.61,33.28,21.67,-703078.37,6.23
14:48,102759.82,40.85,11.47,102799.63,33.30,21.88,-703372.37,4.89
14:49,102761.29,40.85,11.29,102796.86,33.27,21.24,-702283.62,4.43
14:50,102758.21,40.75,11.29,102797.88,33.31,21.06,-702858.37,8.12
14:51,102768.14,40.78,11.39,102793.95,33.50,21.30,-699639.62,5.36
14:52,102747.88,40.65,11.24,102793.25,33.21,20.81,-699474.68,4.28
14:53,102763.13,40.60,11.16,102788.61,33.34,20.64,-699647.50,4.06
14:54,102753.50,40.69,11.30,102788.72,33.38,21.32,-696302.31,5.47
14:55,102747.15,41.07,11.29,102784.23,33.73,21.22,-696650.18,5.64
14:56,102738.79,41.29,11.29,102786.06,32.86,22.27,-697285.37,5.52
14:57,102752.78,40.98,10.91,102783.83,32.34,22.14,-696798.87,4.38
14:58,102739.02,40.91,11.23,102783.19,32.44,23.07,-697976.68,5.62
14:59,102736.43,41.18,11.31,102785.86,32.59,23.58,-697466.62,4.36
15:0,102735.88,41.36,11.22,102782.20,32.31,23.08,-697683.87,4.90
15:1,102743.32,40.95,11.11,102782.91,32.40,23.64,-697643.00,5.46
15:2,102737.99,40.60,10.81,102774.40,31.82,22.51,-697404.18,6.03
15:3,102733.61,40.31,11.29,102773.98,32.48,22.32,-698134.37,5.07
15:4,102739.32,40.49,11.28,102777.52,31.65,24.03,-698239.18,5.18
15:5,102741.41,40.74,11.40,102777.96,32.36,23.57,-697721.37,5.64
15:6,102735.69,40.65,11.41,102771.00,32.07,24.48,-698339.50,4.14
15:7,102730.24,40.71,11.21,102772.46,32.54,22.93,-698781.62,5.08
15:8,102732.51,40.91,11.57,102775.16,32.29,25.48,-699281.50,4.54
15:9,102720.08,41.08,11.11,102769.01,32.33,22.76,-699812.37,5.67
15:10,102740.22,40.94,11.18,102771.49,32.52,22.94,-700291.62,4.25
15:11,102726.91,40.93,11.08,102766.82,32.00,22.61,-699379.68,4.58
15:12,102725.75,40.67,11.20,102761.85,31.74,23.07,-698920.50,5.21
15:13,102723.08,40.76,11.38,102763.91,32.31,23.12,-700696.87,4.75
15:14,102726.16,40.86,11.19,102759.46,33.00,21.91,-700126.87,4.22
15:15,102733.75,40.66,11.14,102763.22,32.44,22.00,-699063.18,6.57
15:16,102716.97,40.10,11.15,102758.60,32.08,22.01,-699583.87,4.78
15:17,102718.12,39.90,11.34,102757.80,32.07,22.30,-699369.81,5.98
15:18,102720.46,39.99,11.41,102758.02,32.40,22.11,-699969.12,5.00
15:19,102719.02,40.05,11.62,102758.16,32.64,22.53,-699335.68,5.00
15:20,102713.82,40.34,11.38,102760.89,32.74,22.17,-700929.37,5.12
15:21,102715.85,40.12,11.28,102754.64,32.45,22.10,-699541.37,5.00
15:22,102713.16,40.13,11.61,102756.55,32.77,23.63,-700402.62,5.33
15:23,102722.35,40.86,11.83,102757.15,33.27,23.47,-701753.18,5.72
15:24,102712.78,41.23,11.44,102759.19,32.71,23.50,-700203.18,5.49
15:25,102709.32,41.20,11.35,102759.53,32.26,24.20,-701779.62,6.28
15:26,102717.47,41.37,11.49,102756.67,32.90,24.15,-701597.12,4.23
15:27,102727.92,41.36,10.99,102758.21,33.24,22.29,-700145.62,6.75
15:28,102718.92,41.00,11.25,102755.99,33.01,22.48,-700399.68,5.67
15:29,102715.46,41.06,11.34,102754.89,33.09,22.56,-700558.81,4.83
15:30,102715.94,41.10,11.42,102751.83,33.05,23.27,-701150.50,6.12
15:31,102713.20,41.03,11.16,102747.14,33.52,21.37,-701346.87,5.63
15:32,102710.80,41.05,11.46,102750.49,33.36,22.86,-701569.50,4.89
15:33,102702.02,41.15,11.14,102741.70,33.38,21.83,-701775.18,6.51
15:34,102710.39,40.65,11.20,102741.82,33.45,21.78,-701031.37,4.23
15:35,102708.21,40.92,11.73,102745.60,33.76,23.00,-701863.12,5.45
15:36,102702.75,41.30,11.30,102741.85,33.84,22.53,-702637.00,4.24
15:37,102711.85,40.99,11.17,102744.26,34.22,21.24,-701483.31,4.74
15:38,102716.86,41.03,11.36,102744.91,34.64,20.88,-703052.12,4.18
15:39,102701.57,41.15,11.19,102741.71,33.56,21.18,-701152.50,4.68
15:40,102700.14,40.77,11.00,102742.69,33.16,21.02,-701747.12,5.12
15:41,102693.44,40.41,11.53,102741.71,33.71,22.97,-703738.31,8.69
15:42,102695.94,40.97,11.48,102741.14,34.29,20.77,-702836.37,4.25
15:43,102701.21,40.91,11.12,102737.53,34.69,20.50,-702535.81,4.52
15:44,102703.14,40.81,11.59,102734.95,35.60,20.41,-702967.50,4.38
15:45,102701.78,41.11,11.59,102739.25,35.85,19.42,-702119.81,5.67
15:46,102688.25,41.31,11.29,102741.69,36.46,18.43,-703118.18,4.26
15:47,102693.52,41.24,11.07,102735.69,36.53,18.65,-702507.62,4.32
15:48,102695.24,40.85,11.26,102733.44,36.14,18.73,-702897.37,4.69
15:49,102689.21,41.19,11.50,102735.82,36.56,18.42,-706906.00,5.07
15:50,102695.42,40.88,11.26,102735.67,36.10,19.05,-705703.68,5.28
15:51,102693.39,40.80,11.43,102735.61,36.39,18.53,-706658.68,5.51
15:52,102689.16,40.98,11.08,102736.11,36.61,18.05,-706928.37,6.48
15:53,102678.06,40.99,11.35,102727.96,37.62,17.32,-709678.68,4.90
15:54,102692.80,41.21,11.34,102732.52,37.24,18.23,-710895.00,5.57
15:55,102681.94,41.33,11.08,102732.44,37.24,17.35,-710893.50,5.81
15:56,102678.56,40.93,11.13,102727.71,37.27,17.25,-710177.31,4.41
15:57,102688.29,40.70,11.37,102725.89,37.35,17.15,-710471.62,5.32
15:58,102677.27,41.05,11.57,102726.75,37.28,17.63,-712264.68,5.05
15:59,102675.81,41.38,11.34,102722.86,37.38,17.82,-712641.81,5.26
16:0,102671.88,41.52,11.38,102725.83,36.57,18.47,-713217.00,5.70
16:1,102679.23,41.59,11.42,102722.50,37.56,17.98,-714863.31,5.56
16:2,102669.76,41.75,11.25,102721.42,39.18,16.42,-713623.62,5.75
16:3,102673.89,41.81,11.03,102719.33,37.19,17.57,-713184.87,5.38
16:4,102661.60,41.75,11.22,102716.25,37.18,18.13,-713801.81,5.56
16:5,102671.03,41.89,11.16,102710.94,37.90,17.19,-715903.68,5.83
16:6,102674.67,41.87,11.16,102713.55,38.43,16.83,-714823.68,4.18
16:7,102673.40,41.87,11.32,102712.32,38.52,17.51,-712023.31,6.37
16:8,102667.08,41.82,10.94,102708.35,37.71,16.54,-712755.50,5.16
16:9,102667.37,41.30,11.13,102713.50,37.17,17.41,-712841.81,5.72
16:10,102660.17,41.17,11.26,102711.73,37.68,17.30,-715666.31,6.23
16:11,102670.83,41.00,11.07,102714.76,36.86,17.84,-714040.18,4.18
16:12,102661.11,41.14,11.45,102706.83,37.73,17.29,-714165.50,6.21
16:13,102662.55,41.50,11.37,102711.05,37.68,18.01,-717071.50,5.45
16:14,102662.20,41.50,11.11,102706.96,38.03,16.97,-717630.87,5.24
16:15,102658.99,41.62,11.41,102713.35,37.55,17.77,-717638.31,4.77
16:16,102655.08,41.67,11.10,102709.78,36.78,18.04,-718258.87,6.67
16:17,102660.10,41.63,11.09,102705.77,36.35,18.11,-717292.50,5.85
16:18,102656.45,41.71,11.31,102710.14,36.95,19.31,-717454.50,4.77
16:19,102663.71,41.82,10.94,102701.77,38.38,16.64,-716730.87,4.18
16:20,102662.75,41.74,11.23,102701.19,38.13,17.38,-716149.37,5.05
16:21,102657.68,41.84,11.27,102700.21,37.76,17.90,-715139.50,5.04
16:22,102655.35,41.47,11.00,102706.13,36.83,17.59,-713411.00,6.31
16:23,102653.83,41.53,11.32,102707.07,36.73,18.78,-715609.68,4.75
16:24,102654.19,41.76,11.30,102701.94,38.13,17.12,-715479.68,5.21
16:25,102657.44,41.96,11.15,102698.55,38.44,16.67,-716004.50,4.29
16:26,102653.08,42.02,11.11,102698.67,38.71,16.71,-714741.12,5.04
16:27,102666.73,42.01,10.96,102700.24,38.95,16.07,-715564.31,5.17
16:28,102658.30,41.75,11.00,102698.03,37.91,17.29,-714421.87,6.08
16:29,102647.88,41.68,11.10,102700.50,37.36,18.10,-715887.68,5.54
16:30,102648.11,41.66,11.15,102698.38,37.73,17.29,-715869.87,4.17
16:31,102654.83,41.82,11.23,102691.14,38.91,16.41,-716107.81,5.72
16:32,102660.42,41.98,11.04,102693.52,39.09,15.72,-715952.31,4.52
16:33,102655.24,41.76,10.90,102692.13,38.62,16.23,-716250.81,5.59
16:34,102644.77,41.37,11.02,102692.50,38.29,16.10,-715648.50,4.75
16:35,102636.55,41.18,11.01,102687.21,38.65,15.54,-715765.18,6.63
16:36,102646.21,41.25,11.10,102684.39,37.92,16.40,-715782.31,4.43
16:37,102641.39,41.44,11.43,102688.38,39.05,16.21,-716535.50,5.67
16:38,102648.29,41.76,11.17,102687.63,38.53,16.44,-717808.81,5.15
16:39,102643.61,41.86,11.24,102684.44,38.31,17.15,-718764.31,5.03
16:40,102636.39,42.10,11.12,102686.35,38.80,16.27,-718055.62,5.72
16:41,102630.37,42.05,11.12,102685.59,38.98,16.62,-720762.31,4.39
16:42,102640.61,42.20,11.15,102681.81,39.31,16.51,-720520.37,5.34
16:43,102648.25,42.11,10.95,102685.44,38.05,16.86,-719662.00,5.57
16:44,102645.92,42.05,11.10,102683.42,38.51,17.48,-719633.31,5.32
16:45,102640.85,42.02,10.82,102682.16,39.03,15.73,-718548.37,4.33
16:46,102641.85,42.05,11.17,102679.52,39.40,16.27,-719213.00,6.17
16:47,102637.83,42.03,10.88,102680.02,39.06,15.57,-719877.50,5.20
16:48,102638.23,42.24,11.09,102683.47,38.71,16.82,-720743.81,5.88
16:49,102645.42,42.27,11.04,102679.82,39.59,16.14,-721701.00,6.55
16:50,102639.46,42.09,10.85,102676.00,39.72,15.08,-720722.87,4.43
16:51,102641.47,41.91,10.87,102678.69,39.11,16.41,-719930.37,5.70
16:52,102635.39,41.87,10.80,102677.31,38.62,15.88,-717240.12,5.70
16:53,102633.83,41.75,11.07,102679.44,39.21,15.73,-720482.62,4.52
16:54,102629.19,41.81,10.98,102677.71,38.73,15.90,-720245.62,6.28
16:55,102631.70,41.54,11.00,102678.50,38.58,15.99,-719992.12,4.67
16:56,102632.00,41.52,11.02,102672.26,38.59,16.26,-721452.62,4.54
16:57,102630.20,41.74,11.21,102672.84,37.94,17.04,-719397.81,4.42
16:58,102629.50,41.57,11.10,102673.14,37.51,17.79,-721138.31,4.79
16:59,102632.22,41.88,11.36,102673.74,37.93,18.12,-722473.12,6.36
17:0,102632.71,42.22,11.23,102674.53,37.82,17.92,-722656.87,5.25
17:1,102631.47,42.18,10.90,102672.69,37.15,17.79,-721109.18,6.57
17:2,102633.05,42.01,10.93,102670.08,38.97,16.13,-724036.37,5.78
17:3,102628.17,41.96,10.96,102672.96,38.72,16.42,-721649.62,6.50
17:4,102631.11,41.94,10.96,102668.45,38.02,16.78,-722561.12,6.40
17:5,102628.02,41.75,10.93,102671.80,38.00,16.83,-722629.68,5.01
17:6,102624.02,41.93,11.38,102670.46,38.71,17.20,-722899.31,4.65
17:7,102622.53,42.29,11.05,102669.57,38.33,16.88,-722543.00,5.72
17:8,102624.07,42.17,11.05,102668.64,38.07,17.27,-724029.87,5.28
17:9,102627.67,42.28,11.03,102668.80,37.48,17.29,-723782.81,4.52
17:10,102628.80,42.03,10.98,102665.03,37.94,17.04,-723392.68,5.58
17:11,102615.67,42.04,11.03,102664.19,38.54,16.71,-720868.00,4.96
17:12,102614.50,42.10,11.14,102662.08,39.07,16.42,-719346.12,5.53
17:13,102616.75,42.25,11.34,102662.88,39.53,16.74,-719219.62,5.70
17:14,102613.41,42.47,10.89,102659.16,37.73,17.53,-717703.18,4.90
17:15,102628.16,42.34,11.02,102666.39,38.79,16.63,-723686.12,5.65
17:16,102623.07,42.36,11.15,102661.29,39.79,16.12,-727076.81,5.86
17:17,102623.37,42.57,11.15,102664.10,39.71,16.94,-726229.87,5.46
17:18,102618.17,42.80,10.88,102661.56,39.27,16.25,-726781.68,5.54
17:19,102623.10,42.57,10.80,102659.77,39.72,15.67,-726941.62,5.18
17:20,102617.74,42.52,11.07,102661.08,40.10,15.94,-726450.12,6.07
17:21,102613.66,42.80,11.12,102659.63,39.56,16.64,-727241.62,6.88
17:22,102618.74,42.79,10.94,102659.41,38.66,16.95,-724939.50,4.05
17:23,102608.42,42.76,11.00,102653.97,39.13,17.11,-726894.37,6.19
17:24,102615.78,42.90,10.92,102650.21,39.37,16.44,-726605.37,5.12
17:25,102606.28,42.75,10.74,102651.16,37.53,17.61,-726446.68,4.32
17:26,102615.71,42.40,10.87,102655.96,37.21,17.90,-726047.68,5.62
17:27,102611.44,42.42,11.13,102649.75,38.65,17.45,-729015.00,5.81
17:28,102609.99,42.46,10.82,102650.46,39.39,15.96,-728483.37,5.34
17:29,102615.25,42.56,10.96,102651.32,40.08,15.52,-728388.12,4.98
17:30,102609.97,42.63,10.97,102647.03,40.33,15.08,-729109.18,4.52
17:31,102609.10,42.56,11.16,102645.71,38.76,17.62,-728183.62,4.95
17:32,102614.08,42.61,10.86,102644.82,37.22,18.00,-726315.18,4.25
17:33,102607.65,42.27,10.98,102640.08,37.79,17.68,-729835.31,5.69
17:34,102606.57,42.33,11.04,102636.57,39.02,16.73,-730832.81,4.22
17:35,102596.07,42.58,11.10,102637.71,39.04,16.83,-731565.62,6.64
17:36,102601.56,42.70,11.09,102642.91,38.54,18.45,-730260.18,6.32
17:37,102605.62,42.85,10.97,102640.50,37.79,18.23,-730265.87,4.98
17:38,102600.36,42.80,10.96,102640.02,38.16,18.23,-729535.81,5.68
17:39,102594.37,42.86,10.83,102636.13,37.97,17.76,-730342.12,5.25
17:40,102598.98,42.82,10.92,102638.40,38.14,17.83,-733265.00,6.94
17:41,102582.36,42.71,10.72,102633.99,37.30,18.16,-737190.62,4.06
17:42,102591.72,42.22,10.80,102635.66,37.64,17.85,-737096.50,5.35
17:43,102598.57,42.37,11.29,102631.14,38.84,18.27,-738112.12,4.90
17:44,102589.10,42.73,10.86,102628.92,38.83,16.80,-736218.81,5.16
17:45,102592.21,42.47,10.96,102634.14,39.17,16.77,-734566.62,5.54
17:46,102589.57,42.76,10.98,102628.74,39.46,16.57,-733799.18,4.11
17:47,102585.92,42.85,11.17,102629.30,38.90,18.21,-733287.18,5.10
17:48,102580.03,43.17,10.97,102628.25,38.17,18.31,-733402.81,5.54
17:49,102586.85,43.02,10.72,102628.25,37.81,18.08,-733048.81,6.39
17:50,102594.65,42.88,10.85,102629.80,37.48,18.62,-733929.31,5.22
17:51,102585.25,42.95,10.83,102629.16,37.58,18.39,-733724.00,5.79
17:52,102584.89,42.93,10.97,102627.60,38.19,18.39,-734965.81,4.14
17:53,102581.51,42.89,10.79,102625.64,37.12,18.50,-733424.37,4.48
17:54,102584.64,42.67,10.70,102627.50,36.86,18.93,-733987.81,5.83
17:55,102583.41,42.51,10.98,102626.58,38.47,18.25,-735286.18,6.37
17:56,102582.67,43.01,11.09,102626.45,38.55,18.12,-733971.87,4.25
17:57,102573.71,43.05,10.77,102621.47,38.43,17.68,-734058.00,5.50
17:58,102584.58,43.10,10.96,102614.25,39.01,17.87,-735498.31,5.72
17:59,102577.03,43.24,10.81,102615.59,37.97,18.21,-734556.81,6.85
18:0,102574.78,43.07,10.84,102615.65,38.22,18.01,-736528.00,4.67
18:1,102576.64,43.19,11.05,102617.53,38.60,18.53,-737194.62,5.57
18:2,102581.05,42.97,10.93,102615.10,38.04,18.48,-736266.18,5.66
18:3,102572.92,43.08,11.03,102614.92,37.94,19.34,-735980.18,4.33
18:4,102578.60,43.14,10.85,102615.96,38.17,18.40,-735161.12,4.66
18:5,102586.00,43.26,10.81,102615.27,38.63,18.05,-734847.12,6.70
18:6,102570.94,42.81,10.41,102616.62,38.46,16.87,-734549.31,5.48
18:7,102578.68,42.29,11.13,102613.96,37.53,18.66,-735685.62,5.76
18:8,102566.02,42.82,11.00,102614.65,38.31,17.59,-736535.00,5.21
18:9,102586.07,42.85,10.76,102613.50,38.24,17.27,-736469.37,6.96
18:10,102564.53,42.71,10.47,102613.06,38.35,16.44,-735513.50,5.49
18:11,102578.14,42.31,10.71,102610.60,38.66,16.13,-736599.37,6.59
18:12,102571.50,42.19,10.77,102612.51,38.18,16.92,-737717.62,5.59
18:13,102575.42,42.24,10.80,102608.83,37.82,17.15,-736801.62,6.79
18:14,102571.21,41.95,10.74,102608.21,37.83,17.07,-737248.18,6.38
18:15,102574.53,41.81,10.70,102608.80,37.37,17.05,-736670.18,5.90
18:16,102572.39,41.80,11.05,102609.33,38.10,17.02,-737159.00,5.30
18:17,102569.03,42.07,11.01,102609.64,38.32,17.55,-736786.37,5.41
18:18,102566.67,42.29,11.05,102606.92,37.35,18.83,-735448.81,5.48
18:19,102573.85,42.06,10.90,102605.33,37.00,18.76,-733453.37,6.48
18:20,102573.32,42.13,10.96,102606.36,37.40,17.96,-735223.18,5.43
18:21,102571.84,42.06,10.73,102603.72,36.97,17.81,-733125.87,6.97
18:22,102569.22,41.95,10.93,102609.09,36.55,19.25,-732911.00,4.40
18:23,102569.14,42.13,11.05,102610.47,36.18,19.73,-731768.62,6.26
18:24,102570.39,42.03,10.98,102602.68,36.36,19.18,-730339.50,5.83
18:25,102573.36,41.95,10.93,102606.10,37.57,17.72,-732284.62,4.87
18:26,102579.82,41.96,11.18,102609.64,36.71,19.24,-730383.12,4.14
18:27,102573.25,42.12,11.01,102607.47,36.73,18.51,-727743.62,5.40
18:28,102573.04,42.04,11.18,102606.74,36.50,19.61,-724151.68,6.78
18:29,102570.73,42.08,11.07,102606.42,36.89,18.48,-728902.31,5.29
18:30,102571.91,41.92,11.04,102603.07,37.19,18.30,-731232.00,5.35
18:31,102570.94,42.01,10.96,102606.11,37.00,17.78,-730757.68,5.59
18:32,102575.80,41.83,11.30,102606.13,36.96,18.32,-730854.18,5.79
18:33,102563.06,41.81,10.93,102602.64,37.63,17.15,-732959.18,4.10
18:34,102573.05,41.63,10.85,102602.75,37.62,17.17,-733302.68,4.94
18:35,102569.92,41.62,11.15,102603.73,37.54,17.72,-735240.37,5.44
18:36,102569.47,41.54,11.31,102611.27,36.17,18.90,-732969.18,7.15
18:37,102569.71,41.50,11.10,102602.90,36.51,18.30,-735096.50,5.35
18:38,102559.89,41.46,11.27,102603.64,36.79,18.21,-735599.00,5.46
18:39,102568.39,41.36,11.23,102609.05,36.17,18.68,-735374.87,5.25
18:40,102564.17,41.12,10.90,102599.27,36.68,17.77,-736144.62,5.19
18:41,102558.92,41.21,11.26,102597.20,37.32,17.98,-737741.81,6.38
18:42,102555.46,41.51,11.32,102598.69,37.16,19.29,-735952.68,5.70
18:43,102555.79,41.84,11.29,102598.24,37.17,19.12,-736815.37,5.97
18:44,102563.55,41.88,11.12,102594.69,37.01,18.58,-736056.00,5.23
18:45,102560.02,41.79,11.03,102597.44,36.67,18.79,-735668.00,5.59
18:46,102557.52,41.51,11.00,102593.19,35.67,19.18,-734327.50,6.58
18:47,102559.75,41.36,11.09,102596.71,35.88,19.52,-736334.12,5.19
18:48,102555.15,41.31,11.22,102594.75,35.96,18.82,-736870.62,5.47
18:49,102556.42,41.08,11.22,102591.90,35.29,19.98,-736617.68,6.74
18:50,102550.88,41.18,11.06,102588.87,36.45,18.31,-738356.31,4.95
18:51,102559.14,41.12,11.14,102590.22,36.23,18.39,-737689.18,5.33
18:52,102556.92,41.19,11.13,102593.17,36.11,18.32,-738894.62,5.60
18:53,102553.77,41.15,11.31,102586.50,36.84,18.60,-738724.68,6.17
18:54,102547.52,41.42,11.34,102587.50,37.06,19.03,-739808.18,5.88
18:55,102562.18,41.65,11.03,102590.79,36.15,18.40,-739942.31,6.26
18:56,102551.03,41.06,10.99,102586.15,36.20,18.38,-740065.81,6.17
18:57,102545.92,41.27,11.44,102585.83,36.45,19.61,-740509.62,6.74
18:58,102547.52,41.57,11.25,102583.83,36.58,18.92,-740042.18,4.20
18:59,102547.18,41.76,11.43,102586.87,36.63,20.25,-738951.68,6.24
19:0,102557.49,41.50,10.97,102587.72,36.09,18.95,-739057.12,5.84
19:1,102557.62,41.06,10.95,102586.62,35.75,18.47,-740041.62,6.59
19:2,102547.71,40.70,11.00,102583.64,35.33,18.62,-740388.12,5.38
19:3,102542.99,40.63,11.18,102586.22,35.78,18.49,-741586.31,6.42
19:4,102538.96,40.73,11.27,102586.09,35.99,18.83,-740230.37,4.96
19:5,102548.40,40.98,11.22,102579.75,35.22,18.77,-738427.87,5.32
19:6,102547.92,40.77,11.20,102580.88,34.93,19.74,-739733.00,6.52
19:7,102535.28,40.83,11.23,102578.57,34.77,19.82,-739332.81,5.56
19:8,102548.42,40.88,11.41,102582.92,35.17,19.86,-740119.68,4.91
19:9,102542.80,40.97,11.17,102581.36,35.49,19.27,-740898.00,5.18
19:10,102550.10,41.05,11.32,102585.00,34.42,21.00,-739523.00,5.13
19:11,102544.85,40.89,11.38,102581.89,34.49,20.83,-739555.37,5.36
19:12,102546.80,40.94,11.38,102580.28,34.62,20.95,-740412.00,5.72
19:13,102548.17,41.03,11.36,102584.11,35.60,19.67,-742745.87,4.74
19:14,102542.82,41.07,11.40,102582.69,35.17,20.00,-740742.18,4.27
19:15,102546.28,41.08,11.19,102581.27,34.61,19.70,-742759.81,5.29
19:16,102543.17,40.57,11.12,102579.06,33.82,20.47,-743360.62,3.97
19:17,102540.64,40.36,11.48,102576.13,34.60,20.39,-742890.50,4.09
19:18,102547.29,40.56,11.42,102577.36,34.81,20.24,-743481.12,6.47
19:19,102537.88,40.72,11.53,102578.19,35.58,19.23,-743685.00,6.52
19:20,102545.59,40.94,11.71,102570.17,35.15,21.25,-740470.87,3.97
19:21,102534.30,41.29,11.52,102576.61,35.73,20.42,-741950.62,6.48
19:22,102531.89,41.45,11.47,102575.67,35.32,21.08,-742664.68,4.85
19:23,102537.43,41.46,11.42,102573.78,34.72,21.50,-740946.31,6.25
19:24,102537.69,41.39,11.29,102570.83,34.24,21.84,-741682.81,5.39
19:25,102544.16,41.38,11.18,102569.35,35.23,20.43,-743405.37,5.01
19:26,102531.58,41.37,11.26,102572.77,34.89,21.23,-743497.62,3.91
19:27,102537.84,41.32,11.34,102573.03,34.07,22.41,-743214.87,4.83
19:28,102556.22,41.29,11.33,102571.91,33.34,22.16,-741697.81,4.76
19:29,102540.25,41.10,11.25,102575.77,33.20,23.35,-741231.50,5.03
19:30,102545.22,41.06,11.27,102576.82,34.36,21.50,-742539.37,5.27
19:31,102542.67,41.10,11.46,102575.79,33.96,21.47,-741808.00,6.53
19:32,102547.30,40.94,11.32,102575.89,33.91,21.42,-742633.00,5.47
19:33,102537.14,40.92,11.31,102573.08,34.12,21.33,-744002.18,6.06
19:34,102543.92,40.83,11.32,102577.11,33.54,21.77,-741482.87,5.14
19:35,102546.92,40.68,11.49,102575.51,34.17,21.61,-743340.18,4.46
19:36,102548.32,40.56,11.55,102577.84,33.77,21.58,-744036.37,4.94
19:37,102546.83,40.62,11.29,102572.53,34.38,20.47,-742659.37,5.14
19:38,102543.61,40.59,11.41,102575.16,34.47,20.62,-743971.18,4.97
19:39,102542.10,40.16,11.34,102574.95,34.23,20.28,-744090.87,6.61
19:40,102538.32,40.34,11.63,102578.49,34.46,20.57,-745008.87,5.92
19:41,102556.05,40.08,11.44,102579.22,34.55,20.01,-745539.12,5.39
19:42,102552.05,40.06,11.50,102578.30,34.28,20.51,-742306.68,5.44
19:43,102552.17,40.15,11.69,102579.32,34.39,20.77,-743604.37,3.83
19:44,102546.50,40.37,11.59,102581.05,33.71,21.41,-743537.81,5.25
19:45,102540.79,40.37,11.42,102579.74,34.37,20.49,-744907.12,6.61
19:46,102544.30,40.21,11.38,102581.78,33.47,20.69,-743638.12,5.10
19:47,102552.29,40.00,11.50,102580.03,33.27,21.32,-745519.68,5.54
19:48,102549.00,39.91,11.53,102581.80,33.19,21.76,-746000.31,6.55
19:49,102553.99,39.88,11.58,102579.03,33.17,21.34,-745002.37,5.45
19:50,102546.66,39.85,11.68,102584.55,33.41,21.94,-744994.37,4.99
19:51,102549.35,40.01,11.73,102583.87,33.02,21.53,-742906.12,4.58
19:52,102551.96,39.78,11.37,102585.05,32.09,21.63,-703966.00,6.55
19:53,102541.38,39.47,11.50,102586.19,31.84,21.97,-738459.31,4.00
19:54,102553.46,39.32,11.58,102577.39,32.56,21.33,-743369.50,6.21
19:55,102548.07,39.06,11.51,102583.34,31.90,21.85,-730095.68,5.02
19:56,102555.09,39.06,11.77,102577.33,32.82,20.92,-734193.37,6.08
19:57,102554.07,39.16,11.63,102573.10,32.36,21.72,-735398.18,5.70
19:58,102548.67,39.18,11.81,102574.10,32.48,21.75,-747866.68,4.14
19:59,102539.59,39.11,11.61,102569.74,32.62,21.35,-747913.37,4.94
20:0,102538.77,39.01,11.82,102570.29,32.91,21.62,-745804.50,6.68
20:1,102551.21,39.09,11.89,102569.60,32.78,22.54,-750043.18,3.73
20:2,102542.72,39.32,11.72,102565.30,32.48,21.43,-757032.81,4.52
20:3,102536.89,39.08,11.60,102565.86,32.50,21.67,-757658.37,4.69
20:4,102532.63,39.03,11.85,102566.66,32.54,22.11,-754958.37,5.23
20:5,102539.39,39.19,11.78,102563.39,32.85,21.26,-753303.87,5.38
20:6,102541.07,38.96,11.78,102563.42,32.41,22.21,-753118.00,4.83
20:7,102525.78,39.13,11.89,102568.49,32.88,21.64,-750981.00,5.31
20:8,102534.79,39.12,11.85,102562.59,32.85,21.50,-748578.31,3.69
20:9,102528.80,39.39,11.94,102560.92,32.47,22.99,-746988.31,4.32
20:10,102534.10,39.49,11.88,102560.22,32.47,23.43,-747096.12,4.63
20:11,102535.72,39.53,11.88,102564.80,31.87,24.24,-745409.62,4.97
20:12,102533.92,39.25,11.49,102561.67,32.02,22.77,-747061.68,3.87
20:13,102533.92,39.25,12.14,102564.66,31.86,24.58,-747120.62,4.00
20:14,102529.96,39.45,11.79,102557.15,31.64,23.76,-747670.18,5.03
20:15,102529.36,39.31,11.70,102555.08,31.59,23.16,-749749.87,6.83
20:16,102524.64,39.15,11.66,102556.96,31.82,22.84,-751244.37,5.48
20:17,102528.89,38.96,11.87,102552.38,32.18,22.78,-753093.81,3.65
20:18,102530.27,39.11,11.82,102554.44,31.60,23.43,-742661.81,4.52
20:19,102525.96,39.06,11.55,102556.54,30.95,23.08,-746191.50,4.27
20:20,102526.53,38.74,11.93,102558.49,31.11,24.37,-756333.31,3.69
20:21,102523.34,38.72,11.88,102560.25,31.72,23.33,-755605.31,4.40
20:22,102525.90,38.90,11.92,102558.25,30.81,24.29,-754943.31,4.72
20:23,102533.78,38.97,11.81,102557.97,31.02,24.06,-756259.62,5.63
20:24,102526.63,38.76,11.94,102562.07,31.35,23.54,-756742.81,4.41
20:25,102529.75,38.85,11.93,102558.94,31.13,24.03,-756294.31,4.24
20:26,102533.71,38.89,11.81,102555.07,30.40,24.41,-756004.87,4.79
20:27,102519.82,38.85,11.97,102553.61,30.05,25.62,-756256.00,5.13
20:28,102527.53,38.84,11.99,102556.10,30.48,25.50,-757151.31,4.71
20:29,102523.34,38.61,12.00,102557.97,30.92,24.15,-757736.68,4.92
20:30,102526.36,38.45,11.89,102557.67,31.15,22.86,-757820.68,4.87
20:31,102532.17,38.36,12.12,102557.35,30.74,24.43,-757105.37,4.47
20:32,102527.41,38.32,12.04,102559.83,30.90,23.92,-758224.50,5.92
20:33,102528.50,38.33,11.95,102554.21,29.96,24.07,-756095.00,4.37
20:34,102523.29,37.95,12.07,102554.71,30.05,24.90,-755128.50,3.76
20:35,102525.67,38.01,12.17,102553.14,29.58,24.94,-757038.12,5.70
20:36,102527.58,37.96,12.20,102555.14,29.55,25.58,-756540.31,5.05
20:37,102528.85,37.89,12.20,102555.36,29.96,24.62,-757371.68,4.78
20:38,102533.58,37.59,12.27,102552.89,29.48,24.87,-759805.68,5.84
20:39,102521.89,37.67,12.30,102553.35,28.84,25.79,-761062.87,5.31
20:40,102525.12,37.39,12.47,102554.45,28.84,27.09,-760352.62,4.23
20:41,102532.96,37.61,12.44,102557.22,28.32,27.18,-759353.62,4.49
20:42,102528.72,37.62,12.42,102557.07,28.37,27.35,-760561.37,5.65
20:43,102522.02,37.49,12.38,102553.39,28.98,25.84,-760693.87,5.79
20:44,102532.42,37.34,12.60,102552.03,28.18,27.76,-760865.81,4.15
20:45,102518.47,37.38,12.51,102554.28,28.05,27.17,-761098.00,5.94
20:46,102527.78,37.28,12.55,102559.55,27.93,27.90,-760922.37,4.50
20:47,102530.10,37.42,12.70,102556.28,27.91,28.46,-761426.81,6.08
20:48,102534.53,37.31,12.37,102551.91,28.08,26.99,-762715.87,4.21
20:49,102523.08,37.10,12.52,102554.30,28.92,25.82,-763235.18,4.67
20:50,102526.35,36.85,12.75,102552.11,28.40,27.10,-762139.87,5.83
20:51,102536.78,36.97,12.60,102552.39,28.49,26.24,-762029.50,4.02
20:52,102525.03,36.94,12.56,102553.24,28.04,26.72,-763301.50,6.46
20:53,102529.25,36.75,12.74,102554.16,28.09,27.38,-762786.81,5.87
20:54,102526.14,36.87,12.75,102552.95,28.09,27.18,-763805.37,4.43
20:55,102530.61,36.96,12.81,102558.37,27.64,28.25,-762973.00,6.07
20:56,102529.96,36.85,12.66,102550.07,27.82,27.40,-764146.50,4.61
20:57,102525.97,36.69,12.93,102553.31,27.98,28.37,-763777.68,5.81
20:58,102528.63,36.71,12.72,102554.44,27.94,27.11,-764703.81,6.04
20:59,102531.22,36.64,12.83,102552.54,27.91,27.16,-765208.62,5.59
21:0,102528.08,36.38,12.88,102553.96,27.76,27.55,-765355.00,4.58
21:1,102523.24,36.45,12.76,102553.23,27.91,27.05,-765104.62,5.43
21:2,102523.36,36.43,12.98,102556.66,27.49,28.06,-765292.18,6.17
21:3,102524.53,36.44,12.81,102553.73,27.69,27.33,-765376.37,5.73
21:4,102523.13,36.40,12.94,102555.72,27.74,27.53,-765895.50,5.25
21:5,102530.64,36.29,12.89,102555.90,27.71,27.26,-766876.18,7.04
21:6,102529.39,36.28,13.00,102559.80,27.37,28.15,-765823.31,5.81
21:7,102539.57,36.25,13.01,102562.99,27.29,28.46,-765753.87,5.18
21:8,102523.42,36.15,13.00,102563.55,27.12,28.32,-767441.31,5.84
21:9,102527.32,35.94,13.23,102567.24,26.88,29.13,-768070.62,5.64
21:10,102535.28,35.99,13.14,102563.71,27.37,28.06,-767480.37,5.58
21:11,102536.57,36.02,13.07,102562.00,27.48,27.93,-768245.00,3.91
21:12,102540.63,36.07,13.24,102565.80,27.31,28.98,-768681.37,5.45
21:13,102533.88,36.13,13.19,102567.10,27.29,29.04,-768480.12,5.94
21:14,102532.80,36.16,13.20,102566.71,27.23,29.32,-768086.87,4.53
21:15,102539.42,36.23,13.14,102566.72,27.20,29.08,-767436.18,5.22
21:16,102538.61,36.12,13.11,102571.14,27.01,29.43,-768321.31,5.37
21:17,102537.71,36.14,13.27,102573.99,26.77,30.43,-768430.68,4.76
21:18,102537.80,36.31,13.24,102569.91,26.74,30.87,-768751.81,5.83
21:19,102541.02,36.10,13.24,102569.74,26.86,30.31,-769849.12,6.12
21:20,102542.63,36.15,13.26,102569.82,26.08,31.58,-768950.50,4.55
21:21,102542.61,36.14,13.24,102566.66,26.08,32.13,-770121.37,5.33
21:22,102547.26,35.79,13.33,102566.38,26.08,31.84,-770772.31,4.50
21:23,102539.75,35.90,13.34,102564.81,26.13,31.66,-769988.12,4.92
21:24,102536.64,35.91,13.31,102566.46,26.30,31.33,-770062.50,5.03
21:25,102534.91,35.84,13.42,102568.27,26.34,31.50,-770461.00,4.55
21:26,102538.95,35.92,13.40,102568.63,26.35,31.19,-770525.81,4.90
21:27,102532.94,35.84,13.33,102562.30,26.19,31.31,-772208.50,4.56
21:28,102534.89,35.78,13.57,102567.42,25.66,33.08,-770900.50,5.03
21:29,102538.77,35.86,13.47,102565.28,25.95,32.53,-770719.31,4.32
21:30,102551.53,35.80,13.32,102564.94,26.14,31.93,-772404.62,4.01
21:31,102542.74,35.74,13.41,102567.15,25.99,32.13,-772006.68,5.56
21:32,102533.25,35.79,13.43,102564.16,25.80,32.75,-772374.12,4.54
21:33,102542.36,35.79,13.47,102568.93,25.99,32.13,-772025.81,5.15
21:34,102551.63,35.71,13.48,102567.82,26.14,31.69,-772783.62,4.94
21:35,102547.27,35.77,13.60,102569.65,25.47,34.05,-771840.87,4.49
21:36,102545.60,35.63,13.44,102571.15,25.82,32.41,-773255.37,6.21
21:37,102553.33,35.51,13.45,102573.21,26.15,31.98,-773749.81,4.83
21:38,102549.11,35.56,13.56,102574.71,26.06,32.71,-773980.37,5.21
21:39,102546.72,35.47,13.67,102572.51,25.84,33.07,-773720.18,3.94
21:40,102543.85,35.56,13.61,102571.16,26.12,32.10,-774321.37,6.26
21:41,102549.60,35.59,13.71,102573.46,25.58,33.71,-773924.37,4.61
21:42,102552.03,35.62,13.55,102572.11,25.79,33.39,-774676.62,4.58
21:43,102544.99,35.62,13.64,102574.10,25.35,33.80,-774583.31,4.64
21:44,102542.32,35.73,13.55,102568.33,25.50,33.54,-774936.62,5.82
21:45,102554.81,35.72,13.62,102573.03,25.53,34.02,-775449.62,5.82
21:46,102550.66,35.73,13.60,102567.82,25.57,33.71,-775766.18,6.27
21:47,102546.43,35.65,13.63,102566.60,25.72,33.23,-775797.50,5.95
21:48,102542.46,35.57,13.67,102569.19,25.72,33.64,-775733.00,4.72
21:49,102557.77,35.66,13.60,102566.39,25.76,33.37,-775688.00,5.97
21:50,102543.50,35.67,13.64,102568.32,25.25,34.14,-775657.87,5.90
21:51,102548.22,35.68,13.60,102564.59,25.44,33.90,-776318.18,5.78
21:52,102542.96,35.60,13.69,102569.00,25.40,34.45,-776497.31,5.10
21:53,102555.97,35.67,13.65,102567.07,25.35,34.38,-776715.12,4.87
21:54,102546.58,35.58,13.73,102565.00,25.27,34.72,-777263.81,5.23
21:55,102550.07,35.49,13.63,102567.55,25.42,34.23,-777757.62,6.21
21:56,102544.50,35.46,13.72,102566.27,25.36,33.95,-777716.12,5.40
21:57,102553.51,35.38,13.72,102565.69,25.35,34.67,-778254.18,5.08
21:58,102551.78,35.40,13.83,102566.26,25.14,35.46,-778697.62,4.64
21:59,102548.23,35.42,13.74,102571.61,25.39,34.56,-779931.87,4.77
22:0,102553.00,35.46,13.85,102569.17,25.18,35.27,-778495.37,6.08
22:1,102547.50,35.48,13.76,102574.39,25.37,34.44,-779280.18,4.15
22:2,102547.24,35.47,13.82,102571.50,25.29,34.84,-780647.31,3.99
22:3,102544.72,35.54,13.68,102568.92,25.05,35.69,-779628.37,6.17
22:4,102545.27,35.52,13.68,102566.90,24.95,35.62,-780168.31,4.49
22:5,102543.89,35.50,13.62,102569.96,24.93,35.90,-780889.68,5.27
22:6,102545.47,35.45,13.68,102568.75,24.89,35.82,-781092.31,4.75
22:7,102550.69,35.46,13.69,102572.43,24.81,35.78,-780583.31,4.15
22:8,102547.21,35.42,13.66,102569.91,24.74,36.10,-781824.31,4.55
22:9,102548.22,35.33,13.73,102568.39,24.95,35.39,-781705.87,5.71
22:10,102555.69,35.32,13.75,102571.38,24.73,36.07,-782248.31,4.64
22:11,102547.80,35.33,13.78,102573.12,24.86,35.73,-782724.81,4.25
22:12,102547.92,35.36,13.72,102566.86,24.93,35.20,-782123.12,4.25
22:13,102556.19,35.34,13.74,102573.27,24.73,35.99,-781873.37,3.98
22:14,102555.25,35.35,13.70,102575.01,24.62,36.00,-782030.12,4.03
22:15,102550.46,35.31,13.76,102573.32,24.71,36.17,-784033.62,6.08
22:16,102551.78,35.29,13.79,102577.64,24.68,36.15,-783870.00,4.70
22:17,102557.17,35.30,13.81,102578.47,24.65,36.51,-784196.37,4.36
22:18,102553.39,35.30,13.80,102575.80,24.59,36.41,-783905.68,5.52
22:19,102546.38,35.25,13.77,102572.57,24.60,36.52,-784478.12,4.63
22:20,102545.90,35.20,13.83,102573.57,24.51,36.80,-784577.62,4.58
22:21,102552.71,35.17,13.80,102576.11,24.69,36.21,-783959.62,4.95
22:22,102547.52,35.09,13.92,102575.75,24.48,36.92,-785194.62,4.49
22:23,102560.02,35.16,13.91,102572.90,24.39,37.20,-784998.62,5.40
22:24,102547.47,35.16,13.87,102575.07,24.45,36.69,-785612.68,4.17
22:25,102546.80,35.15,13.86,102573.94,24.33,37.41,-786428.31,4.57
22:26,102549.89,35.15,13.89,102574.67,24.32,37.43,-786278.87,5.96
22:27,102548.28,35.10,13.91,102577.29,24.26,37.62,-786586.62,5.89
22:28,102555.10,35.05,13.97,102576.74,24.33,37.22,-786019.62,6.05
22:29,102550.12,35.05,13.88,102575.21,24.31,37.19,-787503.00,5.93
22:30,102550.71,35.08,13.99,102572.52,24.20,37.73,-785873.18,4.98
22:31,102545.52,35.13,13.89,102570.77,24.29,37.12,-786198.62,5.76
22:32,102543.58,35.06,13.93,102572.20,24.28,37.30,-786972.18,5.42
22:33,102552.63,35.04,14.03,102574.58,24.29,37.69,-786578.31,5.94
22:34,102549.92,35.07,13.92,102576.79,24.24,37.17,-787300.62,5.99
22:35,102557.41,35.06,13.97,102578.46,24.20,37.40,-788451.62,5.74
22:36,102563.69,35.08,13.97,102576.19,24.28,37.42,-788014.68,5.34
22:37,102551.50,35.03,13.99,102582.12,24.43,37.21,-789156.81,4.20
22:38,102554.86,35.04,13.88,102581.24,24.52,36.54,-789521.87,5.24
22:39,102562.25,34.97,14.00,102580.82,24.17,37.74,-789489.00,4.72
22:40,102565.64,34.90,13.97,102578.89,24.28,36.82,-790568.81,5.26
22:41,102559.91,34.85,14.07,102586.09,24.37,36.94,-790610.87,4.91
22:42,102557.62,34.94,14.01,102585.14,24.17,38.08,-791808.62,4.67
22:43,102562.61,34.94,14.06,102580.32,24.06,38.33,-791404.62,4.25
22:44,102557.80,34.92,14.02,102580.07,24.15,38.11,-791889.31,4.96
22:45,102562.60,34.94,14.04,102583.44,24.31,37.55,-792158.12,5.02
22:46,102556.35,34.93,14.10,102585.63,23.90,38.85,-791454.68,4.96
22:47,102560.94,34.85,14.07,102591.08,23.92,38.85,-790965.12,5.93
22:48,102562.89,34.90,14.04,102583.79,24.19,37.92,-792409.31,5.83
22:49,102569.10,34.85,14.11,102587.14,24.01,38.65,-794147.87,4.71
22:50,102566.66,34.77,14.22,102590.35,24.08,38.59,-793745.81,4.71
22:51,102560.88,34.82,14.23,102590.69,24.04,38.23,-793092.68,6.17
22:52,102562.64,34.84,14.23,102589.99,23.95,39.40,-793382.87,5.94
22:53,102556.28,34.72,14.24,102586.49,23.97,39.64,-795353.12,5.35
22:54,102562.35,34.81,14.21,102587.25,23.89,38.79,-794715.68,4.69
22:55,102569.36,34.82,14.25,102585.02,24.04,38.12,-793648.18,4.38
22:56,102564.32,34.79,14.22,102584.51,23.88,39.26,-794541.68,6.14
22:57,102560.10,34.77,14.28,102582.38,23.72,40.10,-794809.50,6.03
22:58,102556.09,34.76,14.34,102585.55,23.71,39.57,-794673.31,4.66
22:59,102561.07,34.78,14.24,102586.75,23.71,39.68,-795899.62,5.50
23:0,102563.89,34.59,14.25,102587.48,23.82,39.14,-796989.50,5.90
23:1,102568.16,34.62,14.29,102589.39,23.99,38.65,-795658.31,5.79
23:2,102566.42,34.51,14.31,102591.67,23.74,39.87,-796475.87,5.78
23:3,102566.38,34.57,14.22,102591.46,23.67,39.23,-796042.18,5.02
23:4,102561.36,34.37,14.20,102589.97,23.70,38.86,-797686.81,4.87
23:5,102558.38,34.33,14.31,102593.82,23.86,38.67,-797025.81,6.27
23:6,102566.41,34.38,14.33,102590.67,23.77,38.98,-798684.00,5.04
23:7,102566.75,34.39,14.30,102587.63,23.63,39.28,-797325.81,6.04
23:8,102563.78,34.33,14.41,102594.19,23.51,39.90,-798029.31,4.86
23:9,102568.92,34.37,14.35,102596.84,23.55,39.65,-798663.18,5.21
23:10,102566.62,34.33,14.41,102591.66,23.66,38.51,-798801.62,4.61
23:11,102565.39,34.41,14.39,102598.25,23.53,39.36,-798128.81,5.25
23:12,102564.52,34.44,14.34,102592.85,23.61,39.23,-799435.18,5.12
23:13,102569.08,34.40,14.33,102592.17,23.56,39.57,-799881.37,4.09
23:14,102564.36,34.41,14.22,102595.05,23.78,38.68,-800259.12,6.18
23:15,102566.86,34.32,14.31,102590.32,23.63,39.34,-799932.81,3.93
23:16,102582.58,34.32,14.41,102594.87,23.70,38.95,-800115.87,4.78
23:17,102568.81,34.39,14.33,102598.02,23.83,38.53,-800377.62,5.49
23:18,102568.07,34.31,14.40,102600.53,23.40,39.80,-801152.12,4.18
23:19,102571.71,34.21,14.42,102597.09,23.62,39.12,-801804.00,3.98
23:20,102571.68,34.30,14.42,102600.41,23.39,40.07,-801676.81,5.34
23:21,102565.44,34.19,14.47,102603.13,23.44,39.86,-802523.31,4.95
23:22,102570.75,34.26,14.43,102603.32,23.77,38.71,-802016.81,5.74
23:23,102572.88,34.27,14.43,102602.97,23.92,37.89,-802660.37,5.88
23:24,102573.24,34.23,14.45,102601.39,23.60,39.01,-802427.62,5.46
23:25,102569.03,34.21,14.51,102603.95,23.66,39.32,-803889.31,6.07
23:26,102587.05,34.16,14.42,102602.57,23.74,39.24,-804116.18,5.42
23:27,102575.73,34.20,14.49,102608.74,23.42,39.95,-803933.50,4.42
23:28,102583.74,34.14,14.48,102607.11,23.49,39.74,-804280.81,4.25
23:29,102575.91,34.16,14.46,102604.69,23.68,38.93,-805195.31,5.96
23:30,102569.14,34.19,14.55,102607.02,23.44,40.16,-804824.00,5.36
23:31,102575.13,34.17,14.52,102610.32,23.56,39.56,-805952.31,5.19
23:32,102585.86,34.19,14.53,102607.97,23.50,40.15,-806135.50,5.36
23:33,102580.64,34.21,14.57,102613.03,23.40,39.92,-805858.81,5.80
23:34,102586.19,34.17,14.55,102611.39,23.49,39.80,-805808.12,5.50
23:35,102575.82,34.23,14.53,102610.07,23.43,39.67,-806349.31,4.80
23:36,102572.71,34.26,14.56,102611.24,23.44,40.17,-806100.50,6.31
23:37,102587.04,34.29,14.46,102609.92,23.61,39.53,-807010.12,6.32
23:38,102584.30,34.23,14.48,102612.76,23.30,40.89,-807278.50,5.45
23:39,102591.35,34.21,14.53,102613.89,23.38,39.98,-808077.18,6.23
23:40,102586.96,34.24,14.54,102614.21,23.32,41.02,-808983.50,5.09
23:41,102583.21,34.21,14.53,102615.17,23.31,40.72,-809253.31,4.74
23:42,102582.08,34.20,14.53,102615.82,23.32,40.50,-809337.81,4.87
23:43,102588.00,34.22,14.58,102612.49,23.23,40.70,-809256.87,5.16
23:44,102583.20,34.19,14.65,102615.14,23.24,40.92,-810335.68,3.94
23:45,102583.21,34.18,14.52,102615.00,23.09,41.26,-810759.81,5.91
23:46,102578.32,34.08,14.55,102614.65,23.07,41.68,-810315.50,6.35
23:47,102583.82,34.11,14.55,102613.65,23.27,40.80,-810784.00,3.96
23:48,102586.71,34.13,14.60,102614.28,23.11,41.32,-810873.37,4.32
23:49,102589.14,34.03,14.61,102613.08,23.32,41.07,-811166.87,6.28
23:50,102585.10,34.06,14.65,102615.39,23.17,40.97,-812272.31,4.73
23:51,102579.53,34.11,14.65,102614.08,23.12,41.56,-811972.31,6.09
23:52,102584.58,34.15,14.54,102615.67,23.02,41.90,-811919.00,5.63
23:53,102586.64,34.18,14.43,102615.75,23.05,41.17,-812749.50,5.72
23:54,102592.36,34.17,14.43,102619.85,22.98,41.61,-813548.87,5.02
23:55,102613.16,21.49,55.06,102622.99,22.77,43.48,-814318.50,1.19
23:56,102602.88,21.63,49.97,102620.85,22.62,43.64,-813401.68,0.32
23:57,102602.99,22.60,42.86,102620.31,22.34,44.23,-814220.68,0.31
23:58,102593.69,32.02,18.72,102622.64,22.65,43.30,-815433.37,3.96
23:59,102584.44,33.36,15.83,102626.26,22.89,42.08,-816355.68,4.76
0:0,102593.74,33.76,15.13,102618.33,23.24,41.28,-816208.12,4.96
0:1,102588.17,33.82,15.04,102617.21,23.14,40.93,-816392.12,5.94
0:2,102591.71,33.84,14.96,102621.49,22.92,41.79,-816002.37,5.18
0:3,102595.30,33.82,14.91,102621.83,22.82,42.36,-815829.37,5.96
0:4,102586.28,33.83,14.89,102618.03,22.82,41.91,-816673.68,5.61
0:5,102593.49,33.86,14.85,102624.03,22.76,41.85,-816490.62,5.30
0:6,102589.71,33.87,14.80,102621.61,22.63,42.56,-816920.31,5.58
0:7,102599.76,33.84,14.83,102622.13,22.63,42.67,-817243.50,5.18
0:8,102597.79,33.73,14.79,102622.64,22.77,41.97,-817389.31,6.05
0:9,102593.49,33.75,14.84,102623.05,22.91,41.84,-817668.81,6.01
0:10,102584.57,33.75,14.89,102622.82,22.56,42.79,-817749.18,5.52
0:11,102605.08,33.76,14.84,102623.22,22.70,42.11,-818001.31,5.25
0:12,102590.05,33.76,14.87,102621.50,22.74,41.93,-818694.31,5.11
0:13,102592.55,33.79,14.86,102617.71,22.78,41.89,-818628.31,6.12
0:14,102587.66,33.79,14.74,102616.60,23.00,41.04,-819218.50,5.39
0:15,102589.64,33.74,14.82,102618.91,22.86,40.86,-819754.37,4.37
0:16,102585.78,33.71,14.90,102621.49,22.82,41.67,-819695.37,3.98
0:17,102591.25,33.68,14.83,102616.49,22.49,42.86,-820045.00,6.38
0:18,102592.55,33.58,14.86,102616.91,22.66,42.36,-820786.37,4.27
0:19,102601.30,33.65,14.94,102619.77,22.67,42.33,-820455.18,4.85
0:20,102589.21,33.75,14.86,102620.89,22.78,41.69,-820751.50,5.92
0:21,102592.38,33.75,14.97,102622.58,22.58,43.14,-821933.50,4.92
0:22,102596.49,33.79,14.76,102619.94,22.62,42.87,-823046.81,5.06
0:23,102599.32,33.79,14.87,102620.75,22.63,42.84,-823134.50,6.32
0:24,102586.64,33.86,14.86,102619.24,22.73,42.51,-823693.37,5.27
0:25,102591.86,33.86,14.83,102618.64,22.63,43.31,-823917.68,4.98
0:26,102589.28,33.87,14.85,102624.13,22.51,43.74,-823447.18,5.99
0:27,102594.27,33.82,14.71,102620.30,22.60,42.90,-824784.62,4.67
0:28,102593.24,33.78,14.87,102624.22,22.67,43.05,-824469.37,4.94
0:29,102591.43,33.86,14.77,102619.66,23.09,41.88,-825546.18,5.97
0:30,102591.88,33.87,14.86,102627.26,22.82,42.94,-825357.12,4.63
0:31,102583.46,33.96,14.76,102627.21,22.79,42.93,-825558.12,5.11
0:32,102588.96,33.88,14.80,102627.47,22.47,43.93,-825307.37,5.59
0:33,102600.34,33.87,14.69,102619.17,22.31,43.80,-824757.68,5.59
0:34,102589.72,33.79,14.89,102618.09,22.31,43.55,-826162.81,4.57
0:35,102598.28,33.83,14.94,102621.42,22.27,45.31,-826361.12,5.26
0:36,102598.62,33.87,14.88,102621.24,22.36,45.47,-826523.87,6.08
0:37,102588.50,33.91,14.77,102619.90,22.33,44.71,-827028.37,6.21
0:38,102589.03,33.92,14.74,102617.15,22.44,44.28,-827274.68,5.45
0:39,102587.85,33.92,14.77,102618.61,22.28,44.81,-827221.31,4.91
0:40,102595.99,33.81,14.91,102622.96,21.97,46.03,-827798.50,4.72
0:41,102598.46,33.87,14.91,102623.96,22.12,44.47,-828249.37,5.98
0:42,102595.54,33.93,14.85,102619.74,22.20,45.13,-829056.18,6.75
0:43,102598.99,33.95,14.87,102624.19,22.07,45.37,-829256.87,5.88
0:44,102602.33,33.95,14.88,102627.61,21.90,46.07,-829467.62,5.73
0:45,102601.97,33.97,14.92,102625.42,22.02,45.99,-830427.00,4.72
0:46,102601.46,33.93,14.82,102632.53,22.46,44.76,-830671.81,5.70
0:47,102603.02,33.85,14.94,102629.85,22.08,45.85,-831136.68,6.13
0:48,102607.21,33.79,15.01,102633.42,22.41,44.58,-830759.18,4.67
0:49,102613.29,33.86,14.99,102628.97,22.20,45.48,-830901.87,6.00
0:50,102612.53,33.92,14.90,102631.93,22.00,46.49,-832083.68,6.18
0:51,102607.72,33.85,14.96,102630.27,22.23,45.62,-832639.50,4.71
0:52,102607.46,33.90,14.92,102632.17,22.23,45.47,-832706.50,5.99
0:53,102609.61,33.88,14.88,102629.21,22.21,45.55,-833056.31,4.66
0:54,102597.01,33.89,14.93,102626.24,22.11,45.90,-833089.81,6.11
0:55,102600.08,33.95,14.96,102625.29,22.19,45.91,-833960.31,5.10
0:56,102600.50,33.94,15.06,102621.75,22.01,47.02,-833551.68,5.81
0:57,102597.60,33.93,15.03,102623.22,21.90,47.72,-834573.00,5.79
0:58,102592.89,33.79,15.11,102622.96,21.86,47.62,-835170.31,6.03
0:59,102595.31,33.80,15.10,102622.06,21.98,47.33,-835651.81,5.04
1:0,102589.20,33.90,15.16,102624.23,21.71,48.39,-835537.00,4.81
1:1,102601.32,34.00,15.11,102626.89,21.47,49.58,-836344.31,4.61
1:2,102598.39,34.02,15.14,102619.18,21.62,48.92,-838111.50,5.85
1:3,102596.16,34.05,15.29,102621.17,21.64,49.28,-839326.12,4.54
1:4,102611.42,34.11,15.21,102621.30,21.64,49.31,-839746.68,6.17
1:5,102603.53,34.14,15.21,102626.23,21.78,49.05,-839975.50,4.87
1:6,102602.14,34.17,15.21,102630.92,21.73,49.41,-838797.00,6.12
1:7,102606.28,34.21,15.15,102630.78,21.74,49.46,-839839.12,5.32
1:8,102608.14,34.20,15.29,102629.58,21.69,49.90,-840083.62,5.97
1:9,102601.96,34.28,15.26,102630.56,21.52,50.14,-840457.50,5.67
1:10,102593.30,34.30,15.22,102630.66,21.68,50.44,-840973.31,4.72
1:11,102608.49,34.32,15.29,102635.27,21.55,50.79,-841485.31,6.01
1:12,102612.57,34.38,15.16,102630.42,21.67,50.25,-842586.37,5.98
1:13,102604.69,34.35,15.29,102631.03,21.73,49.77,-843324.31,4.61
1:14,102605.10,34.39,15.25,102633.49,21.25,52.50,-842598.62,5.85
1:15,102598.07,34.45,15.24,102632.03,21.58,50.94,-843765.62,6.18
1:16,102601.49,34.48,15.27,102639.46,21.53,52.05,-843896.37,5.10
1:17,102604.00,34.52,15.29,102635.02,21.43,52.36,-844684.18,4.96
1:18,102600.55,34.54,15.35,102635.75,21.34,52.89,-845432.87,5.36
1:19,102599.25,34.57,15.28,102635.42,21.51,52.56,-846263.68,4.69
1:20,102610.75,34.59,15.20,102633.03,21.59,51.94,-846849.12,5.10
1:21,102610.56,34.61,15.36,102634.71,21.33,53.25,-846626.00,5.15
1:22,102615.64,34.63,15.32,102638.57,21.14,54.33,-847189.00,6.19
1:23,102615.71,34.64,15.33,102638.36,21.25,53.95,-847611.31,5.26
1:24,102612.61,34.67,15.27,102640.15,21.24,54.21,-847690.37,5.63
1:25,102620.67,34.70,15.21,102641.41,21.10,54.69,-843495.37,4.61
1:26,102624.10,34.71,15.22,102641.85,20.98,55.25,-846044.18,4.62
1:27,102608.03,34.73,15.29,102641.17,20.98,55.39,-846268.18,5.01
1:28,102611.47,34.72,15.34,102636.25,21.14,54.84,-847848.62,6.14
1:29,102602.19,34.75,15.08,102638.36,21.49,53.66,-850463.12,5.93
1:30,102601.02,34.70,15.19,102633.64,21.54,53.93,-850565.12,5.11
1:31,102597.74,34.69,15.27,102632.49,21.36,54.82,-850728.12,4.81
1:32,102610.77,34.73,15.15,102626.46,21.36,54.55,-851553.68,4.95
1:33,102591.79,34.59,15.20,102626.25,21.10,55.70,-852372.87,5.81
1:34,102605.42,34.49,15.29,102626.10,21.59,52.18,-853334.62,4.62
1:35,102599.87,34.44,15.41,102631.27,21.40,54.51,-853698.37,5.61
1:36,102602.50,34.60,15.34,102632.85,21.01,56.06,-854005.50,6.09
1:37,102598.77,34.72,15.36,102632.14,21.13,56.25,-855557.81,4.98
1:38,102604.75,34.79,15.44,102633.17,20.95,57.13,-855419.12,6.17
1:39,102601.22,34.85,15.28,102628.07,21.10,56.14,-855766.62,4.58
1:40,102602.75,34.88,15.30,102630.88,21.20,56.45,-856896.68,5.88
1:41,102604.25,34.91,15.33,102638.25,20.88,57.40,-857263.50,6.11
1:42,102605.09,34.95,15.32,102639.14,20.88,57.10,-857664.87,5.69
1:43,102607.86,34.91,15.39,102632.82,20.93,57.51,-857871.31,5.45
1:44,102601.67,34.94,15.44,102637.92,20.82,58.71,-859015.12,4.61
1:45,102604.10,34.92,15.38,102631.57,20.91,58.03,-859853.68,4.74
1:46,102604.50,34.97,15.20,102629.13,21.02,57.15,-860220.37,4.45
1:47,102596.35,34.94,15.38,102632.31,20.93,58.01,-860562.37,4.63
1:48,102599.26,34.97,15.20,102629.71,21.02,57.75,-861518.87,4.69
1:49,102600.63,34.95,15.28,102628.12,21.08,57.57,-861987.12,5.45
1:50,102597.49,34.90,15.22,102626.27,21.05,57.92,-863035.68,5.96
1:51,102600.92,34.91,15.18,102625.66,21.43,55.97,-863460.12,4.98
1:52,102595.88,34.89,15.19,102624.74,21.16,57.32,-863932.31,4.63
1:53,102595.38,34.85,15.25,102625.25,21.30,56.11,-864108.31,5.42
1:54,102599.35,34.76,15.36,102621.29,21.01,57.89,-859575.37,4.80
1:55,102587.56,34.83,15.33,102622.87,20.91,58.35,-860245.12,5.80
1:56,102590.57,34.82,15.29,102622.14,21.08,57.20,-859366.62,3.92
1:57,102591.96,34.79,15.42,102622.50,21.18,57.77,-859987.00,5.72
1:58,102593.83,34.85,15.29,102616.63,21.22,57.54,-860555.18,6.16
1:59,102588.42,34.80,15.26,102621.14,20.89,58.31,-860807.37,4.92
2:0,102578.69,34.74,15.27,102622.36,20.73,59.12,-861525.68,4.61
2:1,102586.85,34.71,15.50,102621.03,20.73,59.53,-861752.87,4.58
2:2,102586.19,34.83,15.39,102624.39,20.85,59.24,-862641.37,4.83
2:3,102589.33,34.88,15.27,102624.10,21.12,57.73,-863225.31,4.67
2:4,102593.19,34.88,15.45,102626.31,20.84,58.98,-863742.00,5.90
2:5,102600.65,34.96,15.38,102626.35,20.74,59.95,-864225.31,5.83
2:6,102602.88,35.01,15.26,102622.99,21.02,58.09,-864649.18,5.86
2:7,102605.99,35.00,15.30,102628.02,21.12,57.73,-865269.18,4.62
2:8,102595.82,35.02,15.31,102623.55,20.96,58.88,-865526.18,6.17
2:9,102600.63,35.05,15.36,102629.63,20.91,59.18,-866111.87,5.88
2:10,102614.27,35.07,15.29,102627.19,20.97,58.38,-866519.68,4.62
2:11,102605.52,35.07,15.36,102633.50,20.56,60.48,-867369.31,4.65
2:12,102602.14,35.07,15.35,102637.55,20.46,61.06,-867354.31,5.53
2:13,102600.45,35.05,15.46,102633.22,20.46,60.93,-866231.87,5.79
2:14,102599.76,35.07,15.42,102633.42,20.51,60.93,-858954.87,5.56
2:15,102605.86,35.07,15.37,102635.22,20.48,60.97,-861502.68,4.54
2:16,102610.05,35.06,15.42,102632.61,20.46,61.25,-862656.50,4.60
2:17,102614.91,35.03,15.42,102636.64,20.45,61.09,-858774.87,6.08
2:18,102608.35,35.03,15.37,102636.21,20.54,60.62,-858239.12,5.78
2:19,102600.72,35.02,15.43,102636.74,20.67,60.21,-858834.81,4.92
2:20,102603.31,35.03,15.45,102631.16,20.55,60.37,-859138.87,5.76
2:21,102591.94,35.03,15.33,102626.53,20.71,59.68,-860498.81,6.01
2:22,102597.86,35.06,15.31,102625.02,20.99,59.00,-860315.37,4.57
2:23,102598.84,34.94,15.32,102626.97,20.99,58.85,-871372.37,5.85
2:24,102594.85,34.89,15.43,102630.10,20.83,60.03,-873011.37,5.05
2:25,102604.25,34.91,15.56,102629.89,20.51,61.13,-874188.37,5.75
2:26,102600.55,34.95,15.54,102628.75,20.35,62.21,-875259.50,4.51
2:27,102604.77,35.01,15.52,102632.28,20.45,61.59,-876241.37,5.93
2:28,102598.49,35.04,15.42,102625.71,20.60,60.99,-877038.31,4.84
2:29,102591.19,34.97,15.32,102621.97,20.93,59.44,-878179.62,5.88
2:30,102598.67,34.91,15.47,102622.87,20.74,60.79,-879973.37,5.83
2:31,102592.51,34.88,15.42,102628.41,20.85,60.13,-879757.62,4.56
2:32,102593.91,34.86,15.59,102627.45,20.64,60.93,-879951.50,4.56
2:33,102597.39,34.91,15.44,102633.71,20.55,61.27,-881049.12,5.53
2:34,102612.42,34.93,15.44,102632.75,20.55,61.36,-881870.62,5.90
2:35,102596.42,34.98,15.38,102628.24,20.64,60.63,-882253.18,5.38
2:36,102593.21,34.89,15.46,102627.89,20.64,60.36,-882429.31,4.84
2:37,102596.36,34.90,15.48,102628.99,20.59,61.38,-884155.68,4.82
2:38,102597.89,34.95,15.42,102626.49,20.59,61.61,-884385.81,5.90
2:39,102599.45,34.93,15.48,102622.97,20.55,61.34,-885681.31,6.06
2:40,102601.85,34.96,15.42,102621.02,20.41,62.48,-886055.50,4.72
2:41,102592.67,34.91,15.45,102627.67,20.46,62.14,-886965.81,5.41
2:42,102596.52,34.76,15.42,102628.52,20.28,62.52,-888523.62,5.56
2:43,102585.13,34.74,15.52,102626.25,20.33,62.29,-888332.00,5.04
2:44,102599.78,34.73,15.43,102628.89,20.51,61.14,-889297.81,5.13
2:45,102587.55,34.69,15.53,102628.00,20.53,61.81,-889578.00,5.85
2:46,102585.39,34.69,15.51,102625.37,20.37,61.53,-891895.18,4.80
2:47,102590.30,34.64,15.48,102623.23,20.36,62.29,-894427.68,5.23
2:48,102590.80,34.65,15.68,102623.20,20.35,62.33,-894910.18,6.12
2:49,102588.11,34.73,15.51,102624.02,20.50,61.95,-896406.87,5.20
2:50,102582.55,34.69,15.66,102622.16,20.44,61.63,-896772.81,4.92
2:51,102582.36,34.73,15.51,102617.41,20.28,62.63,-897737.18,5.36
2:52,102590.30,34.64,15.64,102617.72,20.29,62.43,-898322.87,5.86
2:53,102590.68,34.53,15.59,102622.48,20.17,63.05,-898760.12,4.76
2:54,102597.46,34.53,15.59,102622.42,20.27,62.14,-899354.62,5.79
2:55,102596.67,34.58,15.70,102630.25,20.29,62.95,-899671.87,4.80
2:56,102602.83,34.67,15.77,102628.92,20.10,63.28,-901000.81,6.03
2:57,102588.60,34.79,15.51,102624.95,20.15,63.29,-901892.68,5.89
2:58,102590.84,34.77,15.58,102622.32,20.22,62.91,-902134.50,5.94
2:59,102589.58,34.77,15.55,102623.77,20.25,63.12,-902653.31,5.87
3:0,102591.53,34.78,15.55,102623.27,20.22,63.40,-903229.31,4.62
3:1,102590.17,34.77,15.47,102626.30,20.02,64.37,-904040.68,5.25
3:2,102594.74,34.69,15.51,102626.50,20.17,62.85,-904985.62,5.79
3:3,102606.62,34.63,15.53,102621.41,20.20,63.31,-906710.12,5.14
3:4,102590.64,34.65,15.54,102621.14,20.13,63.77,-907046.68,5.89
3:5,102596.63,34.68,15.45,102625.30,20.25,62.49,-908740.68,4.11
3:6,102597.08,34.64,15.76,102626.24,20.01,63.64,-908669.87,4.67
3:7,102595.78,34.70,15.63,102630.28,19.86,64.50,-908574.37,5.57
3:8,102606.76,34.73,15.53,102633.94,19.99,63.76,-909985.37,4.52
3:9,102606.15,34.74,15.62,102633.78,20.05,63.22,-910657.12,5.42
3:10,102606.57,34.72,15.66,102633.10,19.77,64.74,-911179.62,6.09
3:11,102602.97,34.74,15.55,102631.83,19.99,63.45,-911198.81,4.23
3:12,102596.46,34.69,15.64,102630.39,19.75,64.78,-912380.31,6.06
3:13,102604.80,34.64,15.64,102630.50,19.83,63.81,-912248.62,5.56
3:14,102599.39,34.62,15.73,102633.05,19.84,63.72,-913091.18,4.89
3:15,102603.11,34.62,15.55,102632.92,19.78,64.17,-914395.31,5.39
3:16,102597.52,34.61,15.55,102628.88,19.95,63.15,-915104.12,5.63
3:17,102604.15,34.59,15.69,102632.17,19.88,63.59,-916033.62,4.90
3:18,102592.28,34.58,15.53,102632.41,20.27,62.35,-916819.62,5.59
3:19,102595.58,34.50,15.67,102625.96,20.04,63.21,-917176.18,6.10
3:20,102598.06,34.48,15.67,102627.27,20.28,62.01,-918241.50,5.83
3:21,102606.66,34.52,15.63,102632.03,19.81,64.01,-918132.87,6.01
3:22,102600.53,34.49,15.69,102629.89,19.79,64.03,-919149.87,5.57
3:23,102602.11,34.51,15.58,102629.46,19.88,63.51,-918534.62,5.55
3:24,102594.53,34.46,15.58,102630.16,19.92,63.18,-917676.18,4.63
3:25,102603.14,34.41,15.72,102630.21,19.98,63.07,-917508.31,5.74
3:26,102608.10,34.43,15.51,102635.46,20.17,62.20,-918528.87,5.83
3:27,102600.32,34.38,15.61,102629.05,20.04,62.31,-919227.18,5.57
3:28,102600.77,34.32,15.61,102633.19,20.20,62.19,-918860.68,5.82
3:29,102595.80,34.23,15.70,102631.38,19.93,63.26,-917415.12,4.55
3:30,102591.66,34.27,15.63,102628.63,20.00,62.82,-918670.18,4.70
3:31,102596.58,34.21,15.65,102630.80,20.01,62.85,-919190.31,6.28
3:32,102593.91,34.23,15.57,102629.89,20.27,61.08,-920223.31,5.39
3:33,102593.14,34.20,15.64,102631.46,20.06,61.84,-919886.37,5.32
3:34,102601.56,34.12,15.72,102630.35,19.97,63.43,-920609.62,4.03
3:35,102591.02,34.11,15.66,102631.89,20.07,62.10,-921652.18,5.87
3:36,102596.49,34.17,15.75,102628.67,20.03,62.59,-922487.00,5.43
3:37,102595.22,34.14,15.51,102626.24,20.21,60.95,-922394.00,4.49
3:38,102604.39,34.01,15.71,102634.28,19.98,62.29,-923696.50,5.90
3:39,102595.40,34.04,15.68,102632.13,19.84,63.14,-923727.62,5.36
3:40,102602.10,34.00,15.84,102629.21,19.99,62.58,-916494.31,4.49
3:41,102597.82,34.06,15.74,102631.66,20.20,60.28,-917641.00,5.27
3:42,102606.44,34.09,15.70,102630.18,20.23,61.13,-918025.31,5.52
3:43,102585.38,34.03,15.72,102630.81,20.07,62.03,-918635.18,5.49
3:44,102602.61,34.03,15.69,102630.92,20.32,60.14,-918980.12,4.85
3:45,102594.71,34.01,15.83,102632.32,19.86,63.32,-919480.62,5.63
3:46,102593.94,34.10,15.73,102629.69,19.79,63.04,-920548.31,5.72
3:47,102601.83,34.10,15.71,102628.60,20.06,62.51,-920749.18,5.73
3:48,102588.18,33.95,15.69,102630.44,20.12,61.40,-921595.31,4.82
3:49,102592.38,33.85,15.71,102628.28,20.00,61.69,-922676.31,5.81
3:50,102597.79,33.91,15.73,102628.25,20.22,60.16,-922901.31,5.63
3:51,102595.71,33.95,15.88,102628.33,20.11,61.82,-923855.87,5.21
3:52,102590.74,33.97,15.77,102626.77,20.12,61.62,-924256.12,5.48
3:53,102587.10,33.99,15.83,102625.27,20.19,60.29,-924982.37,4.00
3:54,102578.67,34.01,15.67,102624.24,20.60,59.09,-925882.00,5.14
3:55,102584.78,33.99,15.67,102620.74,20.81,58.45,-926413.18,5.07
3:56,102574.50,33.99,15.64,102618.30,20.54,59.06,-928443.18,4.92
3:57,102582.70,33.95,15.70,102619.11,20.28,60.69,-928936.87,6.07
3:58,102584.50,34.05,15.69,102620.13,20.23,61.08,-929503.37,4.67
3:59,102587.86,33.99,15.83,102623.55,20.09,60.52,-929507.00,5.54
4:0,102585.37,34.00,15.87,102622.57,20.33,60.00,-929786.81,5.88
4:1,102585.96,33.95,15.73,102620.40,20.18,60.84,-934178.62,4.98
4:2,102592.30,33.82,15.97,102621.23,19.85,62.56,-934186.37,5.45
4:3,102591.19,33.84,15.79,102622.34,19.96,61.57,-934921.62,5.79
4:4,102591.17,33.86,15.82,102624.82,19.98,62.01,-934749.62,4.94
4:5,102590.58,33.92,15.73,102623.41,20.28,60.38,-935649.62,4.95
4:6,102589.19,33.87,15.74,102626.13,20.24,59.87,-936121.68,5.55
4:7,102598.36,33.87,15.90,102628.21,19.93,61.74,-935900.62,5.01
4:8,102606.35,33.96,15.70,102629.19,20.24,60.52,-937458.81,5.88
4:9,102589.64,33.92,15.75,102625.16,20.39,59.54,-937691.37,5.33
4:10,102591.61,33.88,15.75,102632.86,20.27,60.23,-938162.00,5.33
4:11,102602.92,33.86,15.93,102638.61,20.13,60.29,-938173.81,4.38
4:12,102605.49,33.93,15.75,102640.72,20.08,61.64,-938768.18,5.59
4:13,102606.27,33.92,15.64,102639.46,20.16,59.89,-937502.62,5.70
4:14,102602.14,33.86,15.74,102635.93,20.19,61.15,-935703.81,5.14
4:15,102590.22,33.83,15.81,102637.34,20.09,61.21,-936097.31,5.88
4:16,102610.04,33.85,15.83,102642.59,19.81,61.54,-936567.62,5.57
4:17,102616.89,33.89,15.85,102645.53,19.75,62.20,-936848.50,5.07
4:18,102615.52,33.89,15.86,102648.42,19.79,62.19,-937781.81,6.01
4:19,102617.75,33.90,15.85,102645.00,19.61,62.78,-938540.62,4.56
4:20,102618.96,33.93,15.80,102649.49,19.85,61.99,-938904.37,5.59
4:21,102611.67,33.93,15.88,102644.44,19.66,62.54,-939370.87,4.83
4:22,102613.11,33.95,15.80,102648.21,19.55,63.02,-939734.87,3.91
4:23,102614.91,33.94,15.74,102649.07,19.77,62.32,-940657.50,5.91
4:24,102607.28,33.90,15.89,102648.62,19.69,62.91,-940174.37,4.37
4:25,102627.86,33.90,15.92,102654.58,19.52,63.20,-940402.62,4.49
4:26,102619.05,33.92,15.83,102655.32,19.34,64.37,-940596.81,5.55
4:27,102624.08,33.90,15.85,102657.74,19.35,63.93,-941795.37,5.85
4:28,102624.11,33.87,15.84,102661.58,19.38,64.05,-941818.12,4.14
4:29,102632.25,33.85,15.93,102661.21,19.39,63.99,-942615.62,4.82
4:30,102625.97,33.83,16.01,102663.25,19.33,64.17,-945475.50,5.76
4:31,102619.90,33.85,15.88,102661.60,19.52,63.65,-954405.68,5.64
4:32,102619.82,33.84,15.92,102650.64,19.64,62.72,-954584.12,4.59
4:33,102620.14,33.83,15.86,102647.85,19.75,62.47,-955376.50,5.27
4:34,102618.80,33.84,15.87,102658.07,19.47,63.70,-955777.37,5.03
4:35,102624.19,33.85,15.77,102658.75,19.59,63.08,-956454.50,5.48
4:36,102623.16,33.81,16.02,102656.25,19.30,64.24,-957472.00,4.54
4:37,102626.25,33.76,15.93,102660.83,19.32,64.43,-959853.50,6.03
4:38,102632.85,33.76,15.94,102662.20,19.27,64.38,-960159.31,4.49
4:39,102619.97,33.75,15.94,102662.55,19.20,64.50,-959980.68,5.13
4:40,102623.31,33.72,15.95,102662.47,19.18,64.48,-957641.50,5.85
4:41,102625.13,33.70,16.00,102660.09,19.28,64.31,-958836.31,5.70
4:42,102619.89,33.70,15.90,102661.08,19.11,65.30,-959350.31,4.55
4:43,102622.64,33.69,16.01,102664.04,19.08,65.22,-955535.50,5.88
4:44,102626.57,33.67,16.00,102659.04,19.07,65.11,-955503.31,5.90
4:45,102621.88,33.65,16.05,102660.27,19.16,64.35,-955922.50,5.43
4:46,102630.33,33.64,15.95,102657.42,19.38,62.83,-956717.81,6.35
4:47,102618.42,33.64,15.93,102660.59,19.40,63.79,-956848.12,3.91
4:48,102611.74,33.63,15.89,102653.82,19.44,63.53,-957499.62,5.36
4:49,102625.78,33.64,15.95,102651.23,19.42,63.11,-958231.31,5.56
4:50,102616.64,33.62,15.83,102647.27,19.65,62.30,-958160.18,5.88
4:51,102611.82,33.60,15.89,102647.16,19.54,61.85,-958785.37,6.03
4:52,102617.22,33.55,15.83,102649.01,19.75,61.42,-959543.87,5.87
4:53,102616.80,33.50,15.82,102652.30,19.52,63.23,-960305.12,5.01
4:54,102616.97,33.34,15.90,102649.50,19.53,62.77,-960847.81,5.40
4:55,102628.11,33.32,16.12,102651.61,19.58,62.60,-960965.31,5.75
4:56,102627.44,33.41,15.84,102653.28,19.68,62.08,-944989.18,4.11
4:57,102629.07,33.37,16.10,102661.62,19.29,63.38,-955023.37,5.26
4:58,102621.78,33.38,16.10,102662.13,19.28,63.36,-956408.68,5.54
4:59,102617.10,33.43,15.98,102658.24,19.41,62.15,-957892.37,4.41
5:0,102616.75,33.43,15.88,102653.16,19.48,62.90,-959283.12,4.39
5:1,102609.97,33.31,16.11,102652.00,19.47,62.31,-958893.12,5.37
5:2,102607.89,33.35,16.05,102646.08,19.49,62.74,-960334.81,5.47
5:3,102604.31,33.37,15.84,102643.13,19.61,61.18,-961295.50,5.61
5:4,102612.25,33.35,15.93,102648.91,19.47,63.30,-961722.37,5.36
5:5,102609.02,33.28,16.00,102650.08,19.37,62.95,-962238.37,5.34
5:6,102608.75,33.33,15.90,102649.75,19.51,62.45,-963300.37,5.72
5:7,102619.10,33.21,16.03,102652.39,19.32,63.19,-963361.87,5.74
5:8,102622.08,33.17,16.16,102653.08,19.23,64.34,-963714.62,5.92
5:9,102617.79,33.19,16.11,102646.80,19.62,61.12,-964868.12,3.98
5:10,102616.92,33.16,16.14,102649.86,19.74,61.21,-965089.00,5.59
5:11,102611.73,33.22,16.10,102651.13,19.71,61.53,-965925.00,5.73
5:12,102605.65,33.21,16.17,102654.28,19.43,63.39,-965790.00,5.86
5:13,102614.97,33.18,16.05,102647.82,19.74,61.45,-966653.50,4.43
5:14,102614.47,33.21,16.06,102654.08,19.48,62.86,-967320.81,5.51
5:15,102607.54,33.25,16.06,102650.86,19.70,62.07,-967536.31,4.74
5:16,102620.81,33.27,16.08,102646.11,19.76,61.24,-968402.87,5.17
5:17,102621.49,33.23,15.99,102654.46,19.48,63.04,-968728.62,4.64
5:18,102614.37,33.18,16.08,102644.60,19.82,59.88,-969791.81,5.21
5:19,102610.53,33.22,16.13,102651.18,19.49,63.55,-970059.31,4.87
5:20,102603.86,33.24,16.10,102646.83,19.47,62.45,-970362.62,5.81
5:21,102604.02,33.26,16.02,102644.80,19.38,63.25,-970837.37,5.81
5:22,102600.69,33.25,16.05,102640.50,19.24,64.53,-971478.62,5.53
5:23,102606.17,33.24,16.05,102641.99,19.29,63.99,-972139.81,4.06
5:24,102609.10,33.24,15.99,102642.19,19.32,63.60,-972629.81,5.28
5:25,102613.35,33.22,16.00,102641.41,19.28,63.98,-973181.00,4.67
5:26,102608.39,33.25,16.05,102648.14,19.29,63.42,-973543.68,4.50
5:27,102610.52,33.23,16.10,102652.74,19.37,64.02,-974373.00,5.23
5:28,102633.29,33.13,16.09,102661.03,19.36,63.94,-975080.62,5.72
5:29,102622.92,33.09,16.29,102665.33,19.23,64.11,-975720.12,5.56
5:30,102629.44,33.18,16.18,102667.22,19.36,63.18,-976038.00,5.84
5:31,102629.97,33.22,16.28,102673.91,19.24,64.52,-976595.18,4.58
5:32,102632.20,33.27,16.22,102672.35,19.15,65.31,-977291.87,4.51
5:33,102633.42,33.33,16.03,102670.19,19.39,63.82,-978040.12,5.75
5:34,102638.67,33.35,16.05,102670.65,19.48,63.56,-978431.18,4.95
5:35,102620.86,33.39,16.14,102667.21,19.52,63.00,-979523.37,5.84
5:36,102624.89,33.43,15.98,102666.00,19.61,62.71,-980007.81,5.30
5:37,102623.07,33.41,16.05,102658.94,19.65,62.50,-980370.50,4.40
5:38,102625.91,33.39,16.04,102665.06,19.27,63.96,-980812.62,5.56
5:39,102623.75,33.32,15.95,102665.75,19.61,61.65,-981546.37,5.52
5:40,102619.11,33.29,16.01,102667.59,19.47,63.59,-981961.68,5.86
5:41,102638.31,33.33,16.06,102669.04,19.52,63.06,-981995.00,4.78
5:42,102624.09,33.33,15.99,102663.39,19.67,60.93,-975574.50,5.59
5:43,102623.07,33.28,16.07,102668.03,19.45,63.70,-978820.37,4.80
5:44,102630.76,33.29,16.15,102665.16,19.33,64.02,-978988.00,5.52
5:45,102624.26,33.33,16.06,102666.96,19.32,64.08,-980007.12,5.91
5:46,102629.83,33.37,16.15,102669.41,19.28,63.71,-980944.37,5.11
5:47,102624.46,33.40,16.07,102673.60,19.35,64.04,-982063.37,4.47
5:48,102620.07,33.41,16.02,102674.02,19.48,64.02,-982845.50,5.81
5:49,102636.78,33.36,16.14,102676.02,19.16,65.31,-983385.87,4.48
5:50,102624.53,33.36,16.12,102669.24,19.28,64.49,-984120.00,5.19
5:51,102620.52,33.39,15.98,102668.07,19.52,63.45,-984939.18,4.64
5:52,102626.74,33.34,16.12,102668.39,19.34,64.98,-985668.87,5.74
5:53,102637.28,33.33,15.99,102672.11,19.69,61.39,-986464.62,5.62
5:54,102643.93,33.26,16.13,102681.22,19.55,63.31,-987283.87,4.47
5:55,102646.76,33.26,16.13,102685.87,19.40,63.34,-988187.12,4.45
5:56,102647.70,33.27,16.07,102687.41,19.33,64.41,-989154.62,5.98
5:57,102649.67,33.26,16.01,102688.53,19.38,63.03,-989994.81,4.45
5:58,102657.03,33.26,16.05,102691.77,19.30,64.24,-990518.68,4.56
5:59,102652.64,33.18,15.97,102691.88,19.73,62.05,-991345.00,5.71
6:0,102656.66,33.15,15.92,102692.05,19.49,62.83,-992022.12,5.33
6:1,102652.97,33.16,16.06,102690.44,19.27,63.85,-992401.00,4.72
6:2,102651.69,33.09,16.17,102691.53,19.28,63.85,-993604.00,5.03
6:3,102647.81,33.08,16.19,102688.25,19.33,63.85,-994010.62,5.70
6:4,102645.25,33.05,16.16,102690.16,19.65,61.89,-994674.62,5.93
6:5,102649.08,33.04,16.30,102687.13,19.63,62.17,-995181.00,4.79
6:6,102652.07,33.04,16.33,102690.57,19.22,64.12,-995668.37,4.57
6:7,102652.16,33.05,16.35,102689.49,19.19,63.98,-996624.18,5.12
6:8,102644.55,33.02,16.36,102692.21,19.08,63.73,-997360.68,5.70
6:9,102637.08,33.00,16.32,102676.05,19.11,62.68,-998061.18,5.80
6:10,102632.82,32.93,16.11,102678.53,19.14,63.08,-998839.31,4.72
6:11,102633.05,32.84,16.12,102676.00,19.47,60.59,-999147.00,5.13
6:12,102631.08,32.84,16.14,102671.49,19.13,62.26,-999607.18,4.47
6:13,102638.05,32.73,16.21,102672.67,19.05,60.79,-999900.18,5.32
6:14,102633.30,32.65,16.06,102675.87,18.95,61.96,-1001197.37,4.83
6:15,102635.03,32.56,16.15,102675.74,19.03,61.50,-1001780.50,3.86
6:16,102626.11,32.49,16.16,102678.94,19.13,61.06,-1002310.37,5.41
6:17,102648.33,32.39,16.10,102683.19,19.08,60.57,-1002651.00,5.52
6:18,102656.41,32.30,16.21,102685.50,19.09,60.48,-1003819.18,5.96
6:19,102662.25,32.23,16.11,102693.52,19.00,60.20,-1005062.12,4.90
6:20,102662.64,32.10,16.24,102698.00,18.97,59.29,-1014805.50,5.16
6:21,102674.96,32.10,16.24,102699.86,19.23,58.82,-1015890.68,4.80
6:22,102662.50,32.12,16.18,102701.83,19.05,59.75,-1016469.62,5.88
6:23,102659.19,32.06,16.19,102695.07,19.32,58.10,-1017282.00,5.55
6:24,102657.63,32.01,16.27,102696.42,19.22,59.04,-1017845.37,5.68
6:25,102658.99,32.04,16.23,102694.86,19.18,58.96,-1018895.81,5.81
6:26,102660.05,32.06,16.24,102702.21,19.09,60.01,-1018717.31,4.91
6:27,102660.72,31.97,16.17,102700.78,19.10,59.48,-1019422.62,5.61
6:28,102658.67,31.93,16.31,102697.71,19.14,59.09,-1019989.37,5.61
6:29,102666.22,31.97,16.27,102701.12,19.30,58.00,-1020892.12,4.48
6:30,102663.63,31.94,16.28,102697.65,19.19,58.23,-1020996.87,4.18
6:31,102656.59,31.91,16.25,102695.27,19.23,57.46,-1022072.62,5.27
6:32,102663.60,31.90,16.36,102701.62,19.07,59.25,-1023720.00,4.54
6:33,102660.86,31.92,16.41,102701.66,19.11,58.82,-1023915.62,4.40
6:34,102662.28,31.88,16.23,102701.92,19.06,59.12,-1024337.18,5.71
6:35,102658.67,31.78,16.31,102703.01,19.01,58.96,-1024720.31,4.91
6:36,102667.27,31.77,16.45,102704.50,18.95,59.15,-1025030.68,4.87
6:37,102666.23,31.82,16.29,102708.27,18.95,59.33,-1025705.87,5.27
6:38,102681.53,31.77,16.36,102704.39,18.89,59.29,-1026377.00,4.95
6:39,102674.53,31.78,16.33,102713.89,18.95,58.04,-1026331.68,5.03
6:40,102673.30,31.71,16.35,102710.53,19.03,58.44,-1027393.68,5.41
6:41,102674.46,31.63,16.26,102715.67,19.15,57.31,-1027690.68,4.69
6:42,102682.67,31.62,16.38,102709.69,19.39,57.40,-1028179.68,4.53
6:43,102679.50,31.62,16.31,102707.82,19.33,57.43,-1029073.68,4.61
6:44,102681.39,31.55,16.39,102711.05,19.37,56.12,-1029393.87,4.64
6:45,102686.33,31.60,16.42,102718.94,19.44,56.85,-1029905.68,4.46
6:46,102684.03,31.62,16.43,102721.12,19.51,55.30,-1029992.37,4.83
6:47,102686.38,31.64,16.29,102724.16,19.40,56.77,-1030649.31,4.74
6:48,102687.71,31.63,16.33,102727.46,19.49,55.98,-1030880.31,5.65
6:49,102693.17,31.62,16.53,102732.02,19.34,57.03,-1031494.62,5.77
6:50,102696.16,31.67,16.29,102737.28,19.30,56.83,-1032327.87,4.59
6:51,102696.85,31.62,16.43,102738.75,19.27,57.15,-1032682.50,4.97
6:52,102708.28,31.61,16.28,102739.83,19.18,56.49,-1033548.31,4.64
6:53,102702.58,31.56,16.37,102736.40,19.77,53.36,-1034251.18,5.64
6:54,102702.61,31.57,16.44,102737.00,19.58,55.56,-1033894.81,5.35
6:55,102711.96,31.59,16.31,102741.17,19.40,56.36,-1034167.62,5.54
6:56,102700.30,31.57,16.44,102737.42,19.29,57.02,-1034916.12,5.76
6:57,102695.95,31.57,16.43,102741.02,19.21,56.50,-1035379.18,5.83
6:58,102697.53,31.48,16.71,102739.71,19.01,57.75,-1036122.31,6.03
6:59,102705.99,31.53,16.40,102739.24,19.08,56.08,-1037168.18,4.08
7:0,102715.17,31.43,16.42,102744.74,19.01,56.47,-1037851.62,4.93
7:1,102702.24,31.29,16.38,102739.21,18.94,57.15,-1040309.31,5.19
7:2,102696.25,31.30,16.50,102737.14,18.91,58.24,-1040279.62,5.04
7:3,102703.33,31.31,16.52,102739.03,18.89,57.13,-1040653.50,5.64
7:4,102699.32,31.27,16.50,102735.16,18.88,57.61,-1043895.18,5.07
7:5,102687.85,31.25,16.61,102732.65,18.94,57.07,-1045082.81,5.41
7:6,102686.21,31.23,16.54,102729.53,18.96,56.99,-1046219.68,5.39
7:7,102681.83,31.28,16.58,102725.10,18.92,58.36,-1047481.50,5.39
7:8,102686.51,31.31,16.51,102727.58,19.14,56.09,-1047810.50,5.83
7:9,102667.99,31.32,16.49,102720.77,19.01,56.34,-1041615.68,5.19
7:10,102678.53,31.33,16.52,102723.74,19.15,57.36,-1042093.68,4.81
7:11,102678.70,31.35,16.46,102721.49,19.12,56.82,-1042318.00,5.70
7:12,102677.38,31.32,16.46,102719.42,19.23,55.62,-1042861.81,5.33
7:13,102674.17,31.30,16.47,102725.58,19.23,55.40,-1043535.31,5.83
7:14,102687.46,31.33,16.54,102729.94,19.01,57.23,-1044291.18,5.02
7:15,102693.00,31.26,16.66,102734.67,19.07,57.50,-1044863.31,4.25
7:16,102698.51,31.18,16.59,102737.50,19.02,56.71,-1045330.68,4.46
7:17,102703.25,31.21,16.55,102744.36,18.83,57.81,-1045692.18,5.91
7:18,102703.46,31.23,16.56,102744.16,18.59,58.81,-1046571.50,5.50
7:19,102701.71,31.20,16.57,102744.36,18.71,58.50,-1050995.62,4.59
7:20,102711.58,31.24,16.54,102750.39,19.06,57.46,-1052137.87,5.77
7:21,102718.49,31.18,16.55,102757.85,18.97,56.75,-1053649.25,5.23
7:22,102717.83,31.12,16.49,102757.42,19.05,56.55,-1054265.37,4.47
7:23,102714.16,31.11,16.58,102752.57,18.76,57.88,-1055012.12,5.30
7:24,102722.78,31.11,16.56,102760.57,18.92,57.12,-1055513.75,4.64
7:25,102719.75,31.16,16.61,102758.60,18.82,56.26,-1055877.25,5.48
7:26,102723.15,31.07,16.63,102765.30,18.60,57.52,-1056578.50,5.47
7:27,102727.23,31.00,16.63,102766.74,18.48,58.33,-1057887.37,4.47
7:28,102735.89,30.98,16.65,102770.57,18.84,57.54,-1058293.37,4.46
7:29,102734.08,30.91,16.66,102768.83,18.52,57.24,-1058733.37,5.39
7:30,102749.68,30.74,16.61,102771.57,18.64,56.90,-1059554.87,5.73
7:31,102739.69,30.68,16.75,102773.57,18.48,57.59,-1060117.50,5.91
7:32,102734.96,30.60,16.69,102773.86,18.36,57.56,-1063256.87,4.38
7:33,102739.07,30.55,16.71,102777.28,18.40,57.20,-1066308.25,5.90
7:34,102748.64,30.58,16.70,102784.92,18.64,56.49,-1067596.75,5.81
7:35,102745.61,30.60,16.70,102780.87,18.94,55.04,-1068276.00,4.57
7:36,102747.77,30.66,16.65,102785.10,19.10,54.53,-1068728.25,4.43
7:37,102730.96,30.72,16.81,102774.21,18.61,57.11,-1069230.75,5.75
7:38,102731.92,30.69,16.69,102769.17,18.71,56.80,-1070025.87,4.72
7:39,102732.24,30.75,16.77,102774.47,18.79,56.58,-1070541.25,5.22
7:40,102746.48,30.72,16.79,102777.66,18.50,58.51,-1071592.62,5.06
7:41,102742.13,30.72,16.84,102776.53,18.40,58.62,-1072491.50,5.77
7:42,102747.42,30.74,16.80,102781.07,18.80,57.37,-1073219.87,5.79
7:43,102745.97,30.75,16.81,102777.87,18.51,57.43,-1072400.87,4.87
7:44,102742.87,30.65,16.77,102778.66,18.53,57.26,-1074488.87,5.28
7:45,102739.48,30.75,16.70,102776.14,18.72,57.55,-1074728.37,4.93
7:46,102741.19,30.74,16.70,102779.44,18.81,56.69,-1075506.12,5.61
7:47,102738.42,30.78,16.86,102777.91,18.95,57.35,-1073685.62,5.30
7:48,102732.39,30.86,16.76,102772.99,18.84,57.34,-1073478.62,5.90
7:49,102747.67,30.85,16.79,102782.05,18.80,57.31,-1073956.25,5.28
7:50,102742.11,30.92,16.69,102782.83,18.80,57.57,-1074390.62,5.77
7:51,102736.14,30.98,16.73,102782.11,18.66,58.75,-1074794.25,5.84
7:52,102744.36,31.06,16.61,102781.22,18.96,57.32,-1075367.25,4.49
7:53,102743.05,31.09,16.72,102783.80,18.85,58.15,-1075744.37,4.80
7:54,102741.40,31.19,16.72,102782.34,18.98,57.43,-1076345.50,4.76
7:55,102747.21,31.18,16.66,102784.02,19.04,57.95,-1077098.62,5.63
7:56,102737.92,31.29,16.59,102782.80,19.22,56.72,-1077523.62,5.19
7:57,102734.11,31.35,16.45,102780.91,19.35,56.40,-1077640.87,5.28
7:58,102742.96,31.38,16.52,102782.66,19.19,57.40,-1078373.37,5.89
7:59,102739.60,31.44,16.61,102777.99,19.34,56.20,-1079208.12,4.54
8:0,102734.09,31.47,16.55,102777.54,19.12,56.80,-1079365.12,4.78
8:1,102738.55,31.34,16.64,102781.57,18.90,59.01,-1080162.87,4.43
8:2,102751.92,31.37,16.54,102786.47,18.79,59.12,-1080543.25,4.48
8:3,102742.52,31.30,16.72,102781.74,18.66,60.12,-1080742.37,5.70
8:4,102739.12,31.39,16.76,102774.85,18.71,60.06,-1082236.25,5.11
8:5,102734.93,31.45,16.62,102772.79,18.76,59.68,-1082937.75,5.93
8:6,102728.91,31.42,16.66,102770.69,18.67,60.23,-1083373.00,4.47
8:7,102734.25,31.47,16.54,102770.60,18.90,59.27,-1083974.37,5.43
8:8,102733.14,31.47,16.52,102774.51,18.93,59.09,-1084364.12,4.49
8:9,102734.89,31.43,16.66,102778.57,18.58,60.68,-1084305.12,5.81
8:10,102743.05,31.46,16.57,102780.61,18.66,60.45,-1085262.50,5.30
8:11,102745.46,31.56,16.47,102780.32,19.06,59.22,-1086332.50,5.92
8:12,102741.27,31.62,16.41,102782.40,19.08,58.02,-1086736.25,5.10
8:13,102742.38,31.56,16.48,102780.99,19.00,58.66,-1087199.75,5.74
8:14,102734.05,31.57,16.59,102779.13,18.93,59.41,-1088153.50,5.31
8:15,102738.06,31.64,16.48,102783.02,19.10,59.15,-1088795.75,4.91
8:16,102745.41,31.63,16.42,102781.77,18.98,59.29,-1089444.25,5.55
8:17,102735.63,31.69,16.52,102786.92,19.24,57.72,-1090066.37,5.01
8:18,102744.08,31.68,16.52,102783.53,18.95,59.63,-1090161.25,5.05
8:19,102744.56,31.66,16.51,102781.82,18.93,58.67,-1091633.25,4.63
8:20,102750.24,31.62,16.39,102782.97,18.91,59.39,-1091811.37,5.86
8:21,102738.53,31.60,16.53,102780.28,18.68,59.98,-1092002.75,5.62
8:22,102739.94,31.56,16.45,102780.34,19.00,58.79,-1093131.75,4.72
8:23,102738.45,31.62,16.53,102782.47,18.95,59.72,-1093845.25,5.56
8:24,102741.78,31.70,16.50,102785.61,19.15,59.69,-1094284.37,5.88
8:25,102752.97,31.76,16.47,102788.29,18.98,59.97,-1094715.75,5.00
8:26,102757.37,31.73,16.34,102788.67,19.13,58.60,-1095686.37,5.58
8:27,102743.70,31.72,16.52,102788.35,19.05,59.24,-1096225.25,4.90
8:28,102757.16,31.77,16.49,102790.53,19.08,59.16,-1096975.75,5.12
8:29,102744.97,31.71,16.26,102785.53,19.27,56.88,-1097490.25,5.59
8:30,102739.68,31.65,16.49,102784.46,19.20,58.07,-1098059.75,4.78
8:31,102743.49,31.76,16.51,102785.16,19.31,58.83,-1098951.50,4.56
8:32,102740.49,31.82,16.28,102781.08,19.46,56.17,-1099356.00,4.58
8:33,102745.44,31.84,16.34,102784.07,19.37,58.04,-1099983.37,4.60
8:34,102740.35,31.93,16.29,102786.60,19.63,56.53,-1100912.25,5.47
8:35,102746.10,31.94,16.27,102780.10,19.38,56.00,-1100941.00,4.45
8:36,102742.94,31.96,16.25,102784.83,19.46,57.00,-1102264.37,5.31
8:37,102739.31,31.97,16.15,102776.49,19.70,55.21,-1102808.25,5.73
8:38,102740.80,32.02,16.29,102780.23,19.97,55.80,-1103548.25,5.54
8:39,102728.71,31.98,16.19,102785.47,19.44,55.85,-1103341.12,5.90
8:40,102744.91,31.93,16.14,102785.03,19.52,56.77,-1104631.37,5.53
8:41,102745.33,32.03,16.14,102783.80,19.76,54.97,-1105632.12,5.92
8:42,102747.64,31.95,16.21,102791.67,19.56,56.09,-1106189.62,5.27
8:43,102751.30,32.09,16.08,102789.96,20.06,54.18,-1106831.87,4.92
8:44,102746.63,32.15,16.12,102789.54,19.85,55.24,-1106788.00,5.69
8:45,102747.85,32.24,16.11,102788.98,20.00,54.31,-1107748.25,4.61
8:46,102745.49,32.29,15.93,102786.97,19.98,55.04,-1108369.37,5.61
8:47,102749.39,32.34,15.97,102786.69,20.04,54.87,-1108626.87,5.72
8:48,102751.79,32.37,15.81,102786.47,20.44,53.10,-1109069.00,5.40
8:49,102742.58,32.30,15.94,102788.67,20.16,54.35,-1109494.62,5.36
8:50,102740.72,32.30,15.86,102786.76,20.16,53.56,-1110247.50,4.47
8:51,102747.25,32.23,15.84,102787.67,19.85,53.06,-1110948.50,4.53
8:52,102746.85,32.10,16.02,102784.35,20.01,52.59,-1111800.25,5.18
8:53,102752.58,32.10,16.00,102792.11,20.04,54.55,-1112641.87,5.92
8:54,102750.38,32.20,16.00,102784.82,20.31,52.40,-1112965.37,5.05
8:55,102750.78,32.30,15.93,102788.92,20.53,52.66,-1113715.75,5.22
8:56,102750.42,32.35,15.92,102791.60,20.30,52.91,-1114102.12,4.51
8:57,102749.53,32.32,15.97,102790.68,20.16,53.22,-1114250.75,5.39
8:58,102751.67,32.32,15.86,102790.39,19.89,53.78,-1114922.37,4.80
8:59,102751.50,32.30,15.95,102790.41,19.97,54.14,-1115559.87,5.64
9:0,102755.13,32.37,16.03,102786.00,20.41,52.31,-1116223.37,4.71
9:1,102752.71,32.41,15.83,102788.96,20.08,54.90,-1116757.87,5.81
9:2,102751.71,32.35,15.71,102788.85,20.10,52.41,-1117012.87,4.54
9:3,102753.66,32.26,15.80,102796.49,20.26,53.05,-1118098.62,5.81
9:4,102754.67,32.33,15.88,102792.89,20.40,51.77,-1118729.62,5.99
9:5,102755.10,32.33,15.92,102795.58,20.20,54.19,-1119130.25,5.70
9:6,102761.38,32.42,15.75,102793.87,20.53,51.32,-1119906.50,5.84
9:7,102766.51,32.44,15.73,102795.10,20.52,52.05,-1120367.50,4.47
9:8,102761.07,32.46,15.80,102794.67,20.46,52.44,-1120762.25,4.60
9:9,102766.38,32.57,15.69,102796.37,20.59,51.97,-1121473.75,5.43
9:10,102765.96,32.57,15.79,102800.81,20.73,52.46,-1122047.37,5.78
9:11,102768.46,32.64,15.65,102803.21,20.64,51.38,-1122067.25,4.40
9:12,102770.85,32.50,15.85,102806.35,20.01,53.23,-1122941.62,5.92
9:13,102774.64,32.30,15.82,102812.10,20.07,53.69,-1123539.00,5.78
9:14,102765.86,32.59,15.87,102807.71,20.70,52.90,-1124121.50,5.41
9:15,102776.99,32.80,15.79,102814.04,20.86,52.33,-1124566.62,5.56
9:16,102770.85,32.62,15.58,102813.78,20.31,52.93,-1124955.87,5.16
9:17,102779.18,32.66,15.83,102816.49,20.38,53.91,-1125276.12,5.15
9:18,102776.22,32.69,15.70,102808.03,20.65,51.54,-1125798.50,5.87
9:19,102773.39,32.58,15.80,102814.00,20.36,53.37,-1126139.12,4.94
9:20,102775.67,32.67,15.83,102816.79,20.48,52.79,-1127136.50,5.82
9:21,102779.60,32.78,15.64,102816.14,20.95,50.48,-1127535.00,4.49
9:22,102775.64,32.73,15.58,102810.57,20.70,51.60,-1127631.87,4.74
9:23,102786.07,32.41,15.65,102816.27,20.14,52.33,-1127460.75,5.21
9:24,102785.82,32.41,15.65,102822.34,20.51,51.92,-1128948.75,5.04
9:25,102771.67,32.46,15.79,102811.00,20.65,50.48,-1129504.12,4.69
9:26,102782.67,32.44,15.81,102821.19,20.39,52.79,-1129792.37,4.84
9:27,102783.74,32.45,15.92,102822.08,20.36,52.65,-1130459.50,4.49
9:28,102782.94,32.44,15.75,102817.61,20.26,51.73,-1130460.62,5.39
9:29,102789.97,32.38,15.81,102822.36,20.31,52.22,-1131324.25,4.63
9:30,102787.42,32.33,15.87,102827.99,20.43,52.02,-1131943.87,5.66
9:31,102779.55,32.49,15.89,102820.47,20.58,52.64,-1132801.75,5.35
9:32,102780.15,32.59,15.71,102823.92,20.57,51.27,-1132879.25,5.92
9:33,102788.75,32.44,15.73,102824.85,20.32,51.72,-1132994.12,5.63
9:34,102787.07,32.46,16.03,102828.85,20.25,54.73,-1134526.75,5.17
9:35,102789.53,32.67,15.88,102829.22,20.31,53.20,-1134662.62,5.90
9:36,102787.68,32.79,15.82,102829.33,20.62,52.20,-1135251.12,5.01
9:37,102792.78,32.88,15.73,102827.83,20.70,51.67,-1135694.25,5.78
9:38,102790.35,32.94,15.72,102825.97,20.64,52.39,-1135982.37,5.85
9:39,102796.78,32.83,15.69,102829.25,20.14,53.52,-1136314.12,4.49
9:40,102791.41,32.88,15.81,102832.84,20.62,53.79,-1137389.25,5.70
9:41,102788.05,33.23,15.73,102830.27,21.19,51.75,-1137618.00,5.70
9:42,102783.11,33.24,15.61,102830.30,20.83,51.63,-1137301.25,5.01
9:43,102795.31,33.05,15.65,102833.42,20.67,51.63,-1137980.12,5.05
9:44,102795.74,33.02,15.67,102833.83,20.86,51.03,-1139020.37,4.86
9:45,102784.00,33.19,15.69,102833.03,21.02,51.11,-1139325.00,4.65
9:46,102796.73,33.10,15.71,102833.63,20.79,53.35,-1139873.25,5.59
9:47,102799.64,33.24,15.58,102835.35,21.15,51.16,-1141066.25,5.82
9:48,102801.21,33.35,15.49,102833.16,21.51,49.50,-1141475.25,4.64
9:49,102791.75,33.46,15.47,102837.22,21.76,49.33,-1141535.25,5.95
9:50,102794.81,33.38,15.24,102838.78,21.37,48.40,-1142040.50,5.39
9:51,102794.71,33.33,15.21,102841.58,21.11,49.97,-1142521.75,5.41
9:52,102804.50,33.20,15.43,102838.66,20.87,51.80,-1143155.00,5.33
9:53,102808.96,33.41,15.42,102843.50,21.15,49.97,-1144178.87,5.55
9:54,102798.07,33.48,15.26,102838.24,21.10,51.28,-1144191.00,5.77
9:55,102793.48,33.54,15.21,102842.08,21.63,49.19,-1144950.75,5.91
9:56,102807.33,33.53,15.22,102841.21,21.22,50.83,-1145132.25,5.73
9:57,102794.34,33.54,15.27,102841.94,21.64,48.63,-1145946.75,5.50
9:58,102795.46,33.60,15.03,102845.46,21.64,48.28,-1146240.25,5.80
9:59,102798.28,33.60,15.09,102839.96,21.88,47.17,-1147103.00,5.59
10:0,102804.01,33.56,15.09,102848.53,22.03,46.56,-1147267.25,6.01
10:1,102804.52,33.56,14.99,102850.19,21.90,47.40,-1148060.50,5.90
10:2,102801.09,33.50,15.05,102844.71,22.03,46.48,-1148745.50,5.35
10:3,102805.42,33.66,15.20,102851.35,21.95,48.98,-1148767.50,4.52
10:4,102809.16,33.82,14.99,102848.70,22.27,47.01,-1149110.62,5.93
10:5,102799.33,33.87,14.96,102850.03,22.20,46.97,-1149421.75,4.73
10:6,102806.21,33.71,14.71,102848.70,21.93,46.61,-1149936.75,5.77
10:7,102811.00,33.50,15.01,102851.05,21.64,46.46,-1149972.75,4.48
10:8,102810.10,33.24,15.03,102852.93,21.45,47.14,-1150702.87,4.56
10:9,102807.24,33.21,15.17,102853.58,21.51,46.70,-1151489.50,4.76
10:10,102812.99,33.12,15.21,102853.30,21.36,46.93,-1151847.87,4.47
10:11,102811.66,33.04,15.27,102851.41,21.28,47.11,-1152625.75,5.64
10:12,102809.74,33.11,15.42,102851.69,21.47,48.57,-1153312.12,5.57
10:13,102812.75,33.16,15.19,102848.36,21.54,47.35,-1153661.75,5.92
10:14,102801.25,33.21,15.21,102844.28,21.31,47.83,-1154018.12,4.75
10:15,102813.02,33.14,15.27,102845.16,21.23,48.61,-1154742.25,5.74
10:16,102809.50,33.16,15.23,102846.10,21.36,48.36,-1155219.25,5.61
10:17,102798.74,33.18,15.17,102845.82,21.38,47.79,-1155480.37,5.30
10:18,102819.22,33.08,15.15,102854.21,21.53,46.35,-1155654.87,5.22
10:19,102816.32,33.07,15.35,102855.22,21.54,48.49,-1156684.25,4.68
10:20,102807.18,33.24,15.15,102854.89,21.37,46.99,-1156167.87,5.44
10:21,102808.22,33.15,15.20,102854.72,21.23,49.36,-1157371.75,5.61
10:22,102813.77,33.40,15.23,102853.86,21.63,47.80,-1157809.00,5.90
10:23,102812.07,33.54,15.19,102853.07,22.07,46.68,-1158230.00,5.94
10:24,102812.07,33.56,14.93,102853.35,22.10,45.69,-1158704.62,4.60
10:25,102811.36,33.53,15.17,102855.89,21.82,47.81,-1158787.25,5.84
10:26,102821.08,33.60,15.06,102859.94,21.80,48.17,-1159456.87,5.41
10:27,102809.42,33.59,15.06,102859.77,22.08,46.06,-1159805.12,5.39
10:28,102815.75,33.44,14.84,102858.85,21.96,46.50,-1160278.37,5.52
10:29,102807.94,33.39,15.01,102858.71,22.28,44.37,-1160941.37,5.70
10:30,102810.53,33.55,15.03,102860.20,22.12,45.65,-1161243.75,4.81
10:31,102812.63,33.48,14.95,102861.17,21.75,45.09,-1160935.12,5.05
10:32,102812.66,33.24,14.87,102858.27,21.43,45.93,-1162036.25,5.78
10:33,102823.14,33.17,14.99,102858.48,21.75,45.60,-1163017.37,4.98
10:34,102821.41,33.31,15.02,102859.72,21.82,45.18,-1163298.12,5.65
10:35,102818.42,33.34,14.93,102863.28,22.15,43.70,-1163466.75,5.91
10:36,102822.35,33.30,15.03,102858.53,21.88,45.69,-1163970.75,5.15
10:37,102829.42,33.21,14.92,102859.19,22.00,44.19,-1164664.25,4.90
10:38,102815.90,33.41,14.91,102855.92,22.40,44.31,-1165184.75,4.45
10:39,102819.32,33.42,15.01,102859.96,21.90,45.63,-1165005.25,5.92
10:40,102823.82,33.28,14.86,102859.48,21.70,45.62,-1165705.75,4.39
10:41,102826.67,33.23,15.10,102859.85,22.20,44.33,-1166497.75,5.88
10:42,102818.57,33.25,15.15,102859.03,22.02,45.31,-1166622.75,6.00
10:43,102816.96,33.30,15.09,102856.67,21.92,44.56,-1167037.50,4.50
10:44,102821.31,33.25,15.04,102857.50,21.97,44.61,-1167301.12,5.58
10:45,102829.17,33.12,15.11,102856.94,22.03,44.33,-1167748.37,4.55
10:46,102825.08,32.91,15.04,102862.78,21.66,43.95,-1168094.00,5.80
10:47,102822.82,32.98,15.18,102858.50,22.04,43.26,-1169210.12,4.51
10:48,102837.32,33.11,15.40,102866.44,22.20,45.21,-1169379.37,5.72
10:49,102822.86,33.16,15.20,102865.19,22.01,45.33,-1169485.37,5.41
10:50,102835.11,33.15,15.01,102863.65,21.82,43.53,-1169474.25,5.18
10:51,102825.71,33.04,15.14,102862.03,22.14,42.78,-1170657.62,5.16
10:52,102830.67,33.02,15.06,102859.93,21.89,44.21,-1171014.75,4.47
10:53,102828.71,33.19,15.15,102863.24,22.43,43.17,-1171257.37,5.90
10:54,102824.57,33.46,15.17,102865.36,22.86,43.09,-1171973.12,5.27
10:55,102818.89,33.42,14.95,102858.90,22.54,42.32,-1171814.25,5.46
10:56,102817.25,33.37,15.01,102859.61,22.17,43.50,-1168922.12,5.12
10:57,102817.80,33.24,14.99,102860.58,21.97,44.16,-1170144.87,5.32
10:58,102829.69,33.10,14.90,102863.21,22.09,42.91,-1171013.00,5.23
10:59,102822.30,33.09,15.06,102863.28,22.19,43.80,-1171411.00,5.03
11:0,102833.85,33.17,15.23,102865.14,22.10,44.70,-1171612.87,4.57
11:1,102839.78,33.23,15.02,102863.00,22.01,43.29,-1172046.12,5.88
11:2,102832.08,33.22,14.95,102865.53,22.32,43.02,-1172187.37,4.56
11:3,102836.86,33.24,14.81,102869.60,22.36,42.22,-1174841.50,4.49
11:4,102832.07,33.08,14.91,102864.35,22.24,42.16,-1175433.37,4.60
11:5,102834.58,32.98,15.08,102860.42,22.30,43.65,-1176260.12,4.50
11:6,102817.24,33.32,15.29,102862.20,22.50,43.83,-1174806.87,5.16
11:7,102820.19,33.40,15.03,102865.52,22.33,44.59,-1169938.00,5.83
11:8,102830.68,33.34,15.06,102861.44,22.07,43.99,-1169595.50,4.88
11:9,102830.02,33.22,14.84,102862.14,22.36,42.05,-1170246.25,5.03
11:10,102825.75,33.11,14.94,102867.50,22.12,41.38,-1170900.62,4.46
11:11,102834.66,33.11,14.95,102864.22,22.43,41.46,-1171886.75,4.53
11:12,102837.32,32.98,14.96,102864.00,22.72,39.50,-1171339.62,6.03
11:13,102835.69,33.11,14.83,102867.99,22.89,39.74,-1172009.75,5.71
11:14,102825.85,33.26,14.86,102864.88,23.07,40.34,-1173471.87,4.50
11:15,102819.69,33.44,14.79,102860.08,23.47,38.94,-1177790.75,6.01
11:16,102822.22,33.38,14.59,102860.74,22.94,39.72,-1177732.75,5.68
11:17,102825.76,33.24,14.67,102862.82,22.46,40.50,-1177816.00,4.49
11:18,102831.03,33.06,14.84,102860.39,22.47,40.30,-1177766.75,4.40
11:19,102828.64,32.96,14.91,102865.45,22.56,41.39,-1178681.50,4.64
11:20,102815.50,33.44,14.89,102865.08,23.02,40.80,-1182246.25,4.79
11:21,102817.35,33.53,14.57,102864.75,22.80,40.60,-1182624.37,5.61
11:22,102833.10,33.38,14.53,102868.08,22.92,40.18,-1183112.37,4.78
11:23,102836.78,33.23,14.82,102862.94,22.83,40.83,-1183777.25,5.29
11:24,102823.79,33.39,14.68,102866.03,22.50,41.05,-1183940.25,4.43
11:25,102828.27,33.03,14.44,102864.64,22.27,39.86,-1184488.25,5.27
11:26,102829.42,32.94,14.64,102864.75,22.45,39.78,-1184982.75,5.44
11:27,102823.72,33.14,14.69,102863.30,22.31,40.49,-1185229.25,5.54
11:28,102832.69,33.09,14.80,102862.05,22.54,41.62,-1185611.50,5.12
11:29,102822.78,33.28,14.78,102866.78,22.73,40.80,-1185837.25,5.30
11:30,102832.57,33.34,14.52,102862.19,22.65,38.79,-1186210.37,5.43
11:31,102829.02,32.80,14.47,102867.44,22.43,38.36,-1184816.00,5.20
11:32,102822.55,32.56,14.52,102862.77,22.44,38.08,-1186396.25,5.56
11:33,102823.91,32.29,14.54,102862.97,22.53,37.37,-1186906.12,5.42
11:34,102825.53,32.43,14.69,102869.14,22.87,37.67,-1187466.62,4.47
11:35,102834.07,32.49,14.59,102867.98,22.65,37.53,-1187697.75,5.78
11:36,102842.92,32.53,14.78,102867.36,22.95,37.41,-1188363.12,4.88
11:37,102829.64,32.85,14.95,102864.57,23.21,38.67,-1188661.00,5.10
11:38,102831.86,33.14,14.62,102866.81,23.46,37.11,-1189280.25,4.48
11:39,102817.67,33.09,14.65,102869.25,23.08,38.49,-1189135.25,4.44
11:40,102824.79,33.05,14.37,102863.50,22.70,37.89,-1189374.87,5.83
11:41,102829.94,32.94,14.48,102866.46,22.72,38.13,-1190734.75,5.01
11:42,102818.14,33.09,14.72,102865.49,22.86,37.94,-1190848.12,5.86
11:43,102825.16,32.69,14.37,102858.53,22.48,37.10,-1191152.25,4.54
11:44,102830.50,32.75,14.59,102860.71,23.28,35.80,-1191799.25,4.78
11:45,102825.25,32.93,14.58,102862.85,23.20,37.09,-1191219.37,5.94
11:46,102817.92,32.86,14.37,102860.17,22.88,36.44,-1192036.12,4.70
11:47,102822.14,32.87,14.54,102858.28,22.77,37.83,-1192613.25,5.51
11:48,102825.17,32.81,14.34,102855.96,22.69,37.15,-1192157.12,4.92
11:49,102816.49,32.66,14.43,102857.39,22.66,36.52,-1193300.50,5.28
11:50,102817.77,32.65,14.54,102850.71,22.82,36.61,-1193977.25,5.79
11:51,102830.13,32.82,14.61,102854.38,23.04,36.93,-1193958.25,4.45
11:52,102813.67,32.88,14.56,102854.57,22.87,37.51,-1194354.12,5.83
11:53,102820.97,32.99,14.52,102851.91,22.99,38.17,-1194483.12,4.73
11:54,102821.77,33.19,14.54,102851.38,23.48,36.58,-1194796.62,4.45
11:55,102824.53,33.08,14.22,102849.91,23.08,36.12,-1194903.12,4.85
11:56,102821.95,19.54,60.81,102849.92,22.91,40.09,-1195234.75,0.91
11:57,102826.77,21.53,40.42,102851.94,22.73,37.93,-1195678.12,0.66
11:58,102826.32,22.94,36.30,102852.85,22.80,38.04,-1196219.62,0.66
11:59,102816.42,31.81,16.87,102850.85,23.25,36.77,-1196513.75,4.58
12:0,102828.64,32.90,15.15,102852.06,23.46,35.95,-1196343.37,5.37
12:1,102809.55,33.08,14.80,102848.88,23.34,35.96,-1196517.25,4.95
12:2,102813.41,32.94,14.79,102852.04,23.38,36.93,-1196720.75,4.65
12:3,102817.44,33.12,14.68,102851.77,23.57,36.12,-1196584.37,5.92
12:4,102819.25,33.25,14.64,102851.94,23.44,35.63,-1196133.12,5.72
12:5,102821.21,33.11,14.48,102855.60,23.71,34.89,-1196550.62,5.37
12:6,102825.60,33.16,14.50,102856.03,23.67,35.47,-1196297.75,5.32
12:7,102824.87,33.09,14.35,102863.38,24.12,33.04,-1196639.12,4.74
12:8,102825.50,32.99,14.26,102858.25,24.36,32.65,-1197351.37,5.67
12:9,102823.89,32.98,14.37,102858.31,24.06,33.72,-1195654.25,4.39
12:10,102824.89,33.12,14.48,102859.64,24.06,34.34,-1196016.50,6.02
12:11,102823.29,33.16,14.55,102861.22,24.13,34.62,-1195108.37,5.87
12:12,102820.60,33.49,14.32,102858.46,24.57,33.08,-1185598.37,4.52
12:13,102815.32,33.45,14.32,102857.53,24.31,33.49,-1185852.12,4.58
12:14,102825.69,33.31,14.22,102862.55,24.36,33.34,-1185342.12,5.69
12:15,102817.81,33.45,14.33,102856.56,24.56,33.38,-1186166.62,5.33
12:16,102822.76,33.51,13.97,102861.07,24.04,33.28,-1191523.25,4.63
12:17,102827.82,33.27,14.29,102859.78,23.51,34.91,-1192420.00,4.71
12:18,102834.67,33.00,14.32,102861.29,23.44,35.79,-1193472.00,5.90
12:19,102821.50,33.28,14.64,102864.25,23.88,35.88,-1193978.87,4.92
12:20,102817.75,33.35,14.32,102867.59,23.99,34.55,-1194282.37,5.88
12:21,102828.57,33.37,14.20,102863.07,23.69,34.42,-1194440.00,5.80
12:22,102836.49,33.04,13.99,102867.88,23.27,33.68,-1193109.25,5.44
12:23,102834.75,32.37,14.19,102865.36,22.85,34.59,-1193459.25,5.79
12:24,102829.14,32.06,14.41,102865.58,22.93,34.25,-1187096.00,5.61
12:25,102834.33,32.28,14.58,102864.97,23.48,33.90,-1186850.00,5.44
12:26,102828.70,32.43,14.52,102868.27,23.54,34.77,-1187259.37,5.82
12:27,102822.57,32.32,14.37,102864.41,23.33,33.91,-1187741.62,4.38
12:28,102836.52,32.64,14.87,102869.86,23.57,36.34,-1188563.50,4.88
12:29,102841.97,32.73,14.37,102869.07,23.30,34.13,-1188133.37,5.26
12:30,102836.14,32.61,14.27,102870.13,22.98,34.16,-1187601.25,5.48
12:31,102829.35,32.59,14.65,102864.47,23.64,35.10,-1166850.25,5.27
12:32,102834.21,32.96,14.54,102872.39,24.27,34.63,-1190536.50,4.87
12:33,102836.14,33.14,14.25,102870.24,24.21,33.20,-1195813.75,4.89
12:34,102836.21,32.80,14.15,102868.95,23.52,33.63,-1195770.25,5.37
12:35,102834.98,32.78,14.23,102868.14,23.33,33.35,-872796.00,5.70
12:36,102835.69,32.82,14.34,102871.10,24.06,33.51,-855301.31,5.30
12:37,102838.91,33.17,14.23,102875.17,24.39,32.49,-839803.31,4.53
12:38,102831.88,33.35,14.28,102872.21,24.20,33.53,-836399.87,5.23
12:39,102827.53,33.38,14.34,102868.92,24.38,34.03,-865758.00,5.27
12:40,102835.92,33.23,14.19,102873.89,24.46,33.38,-856759.81,5.82
12:41,102825.63,33.58,14.41,102871.60,24.33,33.81,-878166.18,4.67
12:42,102831.75,33.69,14.07,102869.02,23.94,34.69,-893185.50,4.38
12:43,102830.19,33.67,14.12,102867.63,24.25,33.98,-867921.12,5.09
12:44,102828.63,33.64,13.93,102865.89,23.76,33.13,-871863.50,5.36
12:45,102821.90,33.11,14.02,102865.32,23.29,33.96,-861985.87,5.72
12:46,102840.60,32.84,14.33,102867.68,23.45,35.40,-866975.37,5.52
12:47,102824.03,33.21,14.34,102870.25,24.26,34.47,-862565.12,5.63
12:48,102829.16,33.23,13.91,102864.71,23.64,33.96,-851148.00,5.20
12:49,102831.83,33.12,14.02,102862.79,23.97,32.76,-844227.12,4.61
12:50,102830.67,33.04,14.04,102868.67,24.05,32.06,-837690.68,4.32
12:51,102830.13,33.10,14.23,102862.78,24.40,32.40,-735841.00,5.59
12:52,102834.60,33.16,14.03,102863.64,24.22,31.66,-677438.18,5.01
12:53,102827.42,33.19,14.12,102861.61,24.11,32.45,-664482.31,4.41
12:54,102831.16,33.25,14.27,102862.67,24.04,33.93,-637707.50,4.98
12:55,102821.75,33.43,14.11,102867.64,24.48,32.25,-643357.62,5.27
12:56,102827.92,33.28,14.02,102866.78,24.02,33.28,-658348.37,5.82
12:57,102821.01,33.32,14.29,102867.86,24.27,34.16,-673583.50,4.98
12:58,102827.83,33.45,14.17,102864.49,23.96,34.50,-658750.31,5.84
12:59,102827.82,33.57,14.14,102871.04,24.31,34.32,-584055.31,4.43
13:0,102828.10,33.60,14.04,102866.46,24.28,33.96,-535869.50,5.80
13:1,102821.24,33.55,14.02,102867.42,24.57,32.90,-681103.50,5.62
13:2,102819.67,33.52,14.00,102864.03,24.14,33.41,-481265.00,5.74
13:3,102831.89,33.16,13.94,102861.46,23.91,33.16,-538998.00,5.52
13:4,102822.35,33.13,14.00,102858.07,24.26,32.36,-505683.50,5.19
13:5,102826.66,33.18,14.24,102857.57,24.59,32.28,-512522.31,4.43
13:6,102815.73,33.42,14.14,102853.90,24.72,33.04,-504329.31,5.63
13:7,102819.22,33.67,14.16,102853.90,24.88,32.80,-739383.50,4.40
13:8,102812.50,33.78,13.98,102856.77,24.76,33.10,-1186252.75,5.50
13:9,102813.39,33.62,13.98,102855.97,24.74,32.76,-1186521.75,4.58
13:10,102812.41,33.83,14.17,102857.00,24.74,34.16,-1181438.62,5.78
13:11,102811.36,33.95,13.92,102858.75,24.43,34.01,-1183258.25,5.63
13:12,102811.54,33.73,13.86,102856.13,24.76,32.60,-1183156.75,5.87
13:13,102817.89,33.73,14.08,102860.38,24.17,34.66,-1184717.62,4.53
13:14,102815.17,33.85,13.94,102852.78,24.54,33.20,-1185358.50,5.34
13:15,102817.32,33.85,14.02,102855.00,24.76,33.07,-1185315.12,5.94
13:16,102814.02,33.69,13.81,102854.81,24.41,31.92,-1185581.12,4.68
13:17,102808.73,33.43,13.97,102850.14,24.60,32.28,-1186311.62,5.44
13:18,102815.88,33.49,13.97,102852.67,23.93,33.12,-1186481.00,5.31
13:19,102805.37,33.50,14.02,102853.42,23.87,33.44,-1187079.25,5.70
13:20,102809.49,33.50,13.93,102853.63,24.50,31.86,-1187401.00,4.80
13:21,102799.86,33.48,13.92,102849.60,25.06,30.51,-1187231.62,5.77
13:22,102811.08,33.68,13.89,102846.24,25.53,29.89,-1176703.75,4.67
13:23,102813.92,33.72,14.15,102841.82,25.24,32.50,-1177555.12,5.81
13:24,102811.40,34.08,14.11,102844.84,25.17,32.62,-1177422.50,5.47
13:25,102812.36,34.11,13.68,102846.67,25.30,30.66,-1171201.62,5.43
13:26,102816.05,34.06,13.96,102846.50,25.38,31.59,-1164747.00,5.73
13:27,102815.61,34.16,13.98,102853.61,24.87,33.26,-1175004.50,5.65
13:28,102819.30,34.16,14.15,102850.97,24.63,35.36,-1176904.75,5.54
13:29,102810.33,34.34,14.01,102851.81,24.82,34.12,-1175405.50,5.70
13:30,102808.92,34.51,13.91,102844.47,25.35,33.13,-1171792.62,4.51
13:31,102803.57,34.33,13.68,102837.49,25.25,31.98,-1168987.25,5.65
13:32,102805.24,34.11,13.79,102841.91,25.37,31.57,-1171893.87,5.92
13:33,102805.26,33.96,13.83,102841.50,25.31,31.86,-1171394.00,5.08
13:34,102805.69,34.22,14.05,102845.00,25.47,31.87,-1185123.87,4.51
13:35,102813.00,34.41,13.76,102843.86,24.86,32.49,-1184091.00,5.24
13:36,102802.77,33.93,13.78,102846.46,24.38,33.64,-1183549.25,5.30
13:37,102813.66,33.96,13.90,102845.41,24.14,33.83,-1184679.25,5.79
13:38,102807.30,34.06,13.85,102843.78,24.50,33.68,-1185879.75,5.52
13:39,102804.82,34.16,13.93,102843.73,24.58,33.33,-1185701.25,4.51
13:40,102808.32,34.13,14.15,102847.31,24.77,34.15,-1186006.75,5.90
13:41,102801.05,34.14,13.85,102845.21,24.91,33.30,-1184534.62,5.79
13:42,102807.77,34.40,14.08,102843.11,25.36,32.98,-1185542.62,5.77
13:43,102812.09,34.70,13.98,102849.83,24.72,34.38,-1185688.50,5.54
13:44,102807.63,34.60,13.80,102849.33,24.87,34.41,-1186781.62,5.92
13:45,102804.88,34.53,13.76,102851.41,24.62,34.45,-1186731.75,4.52
13:46,102800.27,34.28,13.67,102844.00,24.55,34.03,-1186400.87,4.83
13:47,102804.13,34.24,13.66,102846.71,24.22,34.26,-1186469.00,5.75
13:48,102803.84,33.83,13.88,102848.91,24.37,33.77,-1187118.25,4.40
13:49,102808.17,33.72,13.96,102850.50,24.20,34.33,-1187676.50,5.94
13:50,102810.60,33.75,14.12,102849.84,24.23,34.69,-1188456.12,4.43
13:51,102808.74,34.04,13.96,102847.44,24.26,34.52,-1188484.25,4.65
13:52,102799.92,34.10,13.91,102844.07,24.50,34.05,-1188845.25,5.77
13:53,102801.67,34.21,13.85,102844.93,24.76,33.54,-1189060.00,4.46
13:54,102806.71,34.32,13.91,102841.44,25.56,33.12,-1189403.62,5.68
13:55,102810.19,34.58,13.84,102838.63,25.31,33.22,-1189286.00,4.43
13:56,102798.93,34.79,13.87,102839.92,25.52,32.93,-1189012.50,5.71
13:57,102808.89,34.73,13.66,102844.16,25.34,33.08,-1189262.00,5.58
13:58,102794.49,34.57,13.59,102843.56,24.79,33.18,-1189883.25,4.43
13:59,102794.03,34.30,13.68,102845.07,24.14,34.33,-1190348.75,4.93
14:0,102801.75,34.21,13.71,102840.65,24.19,33.94,-1190695.75,5.86
14:1,102795.64,34.14,13.74,102839.44,23.97,35.02,-1190914.12,5.07
14:2,102796.21,34.01,13.85,102838.38,23.99,34.78,-1190888.62,5.38
14:3,102790.39,34.00,13.80,102838.00,24.02,34.61,-1191677.37,5.39
14:4,102796.49,34.11,13.92,102831.91,24.47,34.12,-1191820.00,4.64
14:5,102798.46,34.07,13.87,102836.97,24.50,33.82,-1190698.37,5.92
14:6,102789.60,33.78,14.03,102834.79,24.64,33.41,-1191087.37,4.46
14:7,102791.95,34.24,14.03,102835.62,25.05,32.38,-1191201.25,5.81
14:8,102799.69,34.34,13.83,102831.38,25.23,32.32,-1191901.25,6.04
14:9,102801.99,34.16,13.94,102835.64,24.79,33.05,-1192081.12,5.70
14:10,102791.53,34.23,14.09,102831.46,25.20,33.18,-1192341.25,4.72
14:11,102807.83,34.35,14.10,102839.41,25.37,33.65,-1192642.75,4.89
14:12,102800.13,34.42,13.88,102837.22,25.48,31.67,-1192908.75,4.50
14:13,102799.14,34.52,14.01,102839.37,25.68,32.61,-1193119.12,5.87
14:14,102806.74,34.44,13.70,102841.53,24.78,32.10,-1193699.25,5.97
14:15,102796.83,34.06,13.81,102843.01,24.30,32.92,-1194065.25,5.33
14:16,102788.80,33.72,13.83,102841.07,24.33,32.90,-1194753.00,4.49
14:17,102791.07,33.51,13.78,102838.38,24.03,32.32,-1194478.00,4.67
14:18,102798.11,33.30,13.95,102838.19,24.11,32.44,-1193596.12,5.36
14:19,102792.33,33.35,14.11,102837.10,24.24,32.83,-1194157.37,5.23
14:20,102793.46,33.51,14.20,102839.57,24.22,33.79,-1194230.25,5.47
14:21,102796.86,33.66,14.14,102838.27,24.09,33.95,-1194234.25,4.56
14:22,102793.80,33.73,14.21,102838.67,24.31,33.88,-1195155.25,4.54
14:23,102791.27,33.88,14.21,102835.16,24.67,33.28,-1194855.25,4.71
14:24,102792.68,33.74,13.97,102833.21,24.59,32.04,-1195360.37,4.47
14:25,102797.41,33.78,14.03,102837.25,24.66,32.26,-1195378.37,4.64
14:26,102796.78,33.71,13.89,102834.94,24.71,31.22,-1195513.62,4.60
14:27,102800.82,33.69,14.11,102828.78,25.06,31.81,-1196598.25,5.14
14:28,102788.33,33.81,14.13,102832.00,25.01,32.04,-1196824.12,5.97
14:29,102788.69,33.65,13.97,102833.47,24.51,31.91,-1196723.62,5.36
14:30,102785.14,33.53,13.91,102833.52,24.77,31.39,-1196790.62,4.50
14:31,102792.42,33.53,14.24,102829.71,25.04,31.94,-1197395.50,5.88
14:32,102789.35,33.73,14.44,102824.19,25.02,34.85,-1197472.87,4.90
14:33,102797.33,34.05,13.96,102824.79,25.13,31.73,-1198715.62,5.54
14:34,102783.27,33.78,13.93,102822.80,25.13,31.35,-1198961.87,4.94
14:35,102777.77,33.79,14.06,102825.82,24.95,31.68,-1199116.12,4.87
14:36,102786.71,33.82,14.05,102827.67,25.03,32.06,-1199280.25,5.20
14:37,102790.32,33.94,14.05,102824.53,25.27,31.25,-1199788.50,5.06
14:38,102788.27,34.14,14.11,102825.98,25.56,31.67,-1199311.75,5.71
14:39,102784.89,34.05,13.71,102830.14,24.81,31.15,-1199790.62,4.63
14:40,102790.66,33.58,13.69,102829.24,24.49,30.86,-1200571.50,5.54
14:41,102796.27,33.08,13.96,102834.09,24.16,31.75,-1202800.87,5.77
14:42,102790.91,33.09,14.23,102830.25,24.80,31.03,-1203666.25,5.07
14:43,102782.49,33.51,14.03,102831.71,24.75,31.77,-1203943.50,5.62
14:44,102781.40,33.54,13.82,102820.61,25.01,30.54,-1203873.87,5.61
14:45,102782.85,33.60,14.14,102825.87,24.85,31.36,-1203753.00,5.48
14:46,102770.35,33.27,13.73,102829.33,24.30,30.61,-1203992.00,5.09
14:47,102792.77,33.06,13.91,102828.21,24.30,30.96,-1204544.25,5.77
14:48,102776.71,33.29,14.07,102828.97,24.86,31.54,-1205378.87,5.87
14:49,102781.35,33.71,14.21,102825.34,25.07,31.66,-1205296.62,4.61
14:50,102785.72,33.95,13.94,102828.19,25.20,31.78,-1205419.25,4.51
14:51,102795.89,34.12,13.91,102830.11,25.47,31.19,-1205262.75,5.50
14:52,102792.82,34.18,13.79,102827.50,26.04,29.35,-1203304.75,4.77
14:53,102788.88,34.26,13.76,102824.53,25.94,29.67,-1154199.12,4.59
14:54,102793.51,34.30,13.92,102831.82,25.41,31.84,-1160827.37,4.45
14:55,102798.50,34.47,13.90,102827.94,25.13,32.99,-1166573.75,4.46
14:56,102790.00,34.41,13.85,102833.44,25.44,32.51,-1146233.25,6.09
14:57,102793.30,34.55,13.84,102829.00,25.49,32.38,-1098440.25,4.54
14:58,102791.15,34.59,13.93,102828.67,25.21,33.93,-1119968.37,5.68
14:59,102793.45,34.65,13.37,102835.52,25.02,31.36,-1226197.25,5.87
15:0,102786.88,33.99,13.39,102832.18,24.70,31.13,-901869.31,5.92
15:1,102793.77,33.67,13.86,102834.89,24.96,31.81,-1225509.50,5.57
15:2,102792.03,33.90,14.02,102833.77,25.43,31.84,-1226118.25,5.53
15:3,102800.02,34.11,13.75,102833.58,25.25,31.30,-1225843.37,4.52
15:4,102790.35,33.96,13.82,102828.92,25.16,31.64,-1226445.62,5.86
15:5,102793.67,34.10,13.86,102837.07,25.03,32.25,-1226687.87,5.10
15:6,102803.71,34.19,13.85,102833.83,25.23,31.94,-1226469.25,4.93
15:7,102792.99,34.36,13.80,102832.28,25.21,31.82,-1226811.87,4.50
15:8,102790.00,34.25,13.70,102825.51,25.07,31.16,-1226978.62,5.99
15:9,102784.92,34.16,13.74,102831.28,25.53,31.01,-1227808.37,4.47
15:10,102791.60,34.20,13.84,102831.71,25.81,30.44,-970511.37,5.39
15:11,102784.57,34.12,13.81,102833.28,26.09,29.74,-948350.68,4.88
15:12,102793.27,34.44,13.98,102832.47,26.39,30.51,-952933.87,5.70
15:13,102788.04,34.65,13.71,102828.24,26.73,29.13,-881383.81,5.96
15:14,102800.39,34.93,13.83,102829.25,26.96,30.02,-908529.31,5.04
15:15,102788.57,34.81,13.27,102825.71,26.01,29.13,-1020413.18,5.00
15:16,102785.72,34.44,13.69,102826.49,25.82,30.17,-1027000.31,4.88
15:17,102792.91,34.42,13.60,102828.31,25.57,31.14,-1047106.68,4.39
15:18,102788.49,34.56,13.70,102830.50,26.16,30.13,-1061347.12,4.45
15:19,102787.27,34.58,13.75,102829.13,26.20,30.83,-1056885.25,5.55
15:20,102784.86,34.75,13.48,102830.89,25.70,30.33,-1055587.25,4.54
15:21,102783.13,34.26,13.66,102833.55,25.33,31.44,-1071236.75,5.81
15:22,102784.75,34.39,13.75,102833.30,25.94,30.73,-1071060.12,5.97
15:23,102792.30,34.35,13.55,102828.94,25.20,30.76,-638346.87,4.80
15:24,102789.46,33.91,13.68,102833.56,24.80,31.41,-851772.18,5.65
15:25,102792.62,34.09,13.97,102829.25,25.19,32.32,-884133.31,6.01
15:26,102790.58,34.24,13.72,102830.46,25.86,30.11,-777204.62,4.65
15:27,102793.08,34.22,13.73,102829.66,25.75,30.18,-621329.68,5.79
15:28,102787.07,34.24,13.72,102824.98,25.07,30.92,-680703.68,5.23
15:29,102788.25,33.91,13.75,102828.21,25.60,30.43,-555267.50,4.45
15:30,102776.94,34.15,13.94,102824.42,25.17,31.43,-553042.18,4.98
15:31,102794.21,34.17,13.89,102824.17,25.36,31.38,-561885.00,5.86
15:32,102788.18,34.19,13.79,102829.69,25.82,30.34,-570913.18,4.45
15:33,102784.25,34.22,13.92,102824.46,26.69,29.43,-625768.81,4.44
15:34,102787.24,34.43,13.81,102819.74,27.26,28.30,-1216289.75,5.37
15:35,102777.38,34.39,13.75,102820.22,27.43,27.69,-1193623.00,5.47
15:36,102785.05,34.61,14.04,102820.96,27.75,29.05,-1242996.00,4.43
15:37,102776.70,34.73,13.62,102816.69,27.35,28.82,-1197947.50,5.96
15:38,102785.40,34.66,13.86,102819.78,26.96,30.49,-1204512.87,5.56
15:39,102768.21,34.75,13.81,102819.57,27.03,28.66,-1206232.12,5.88
15:40,102782.44,34.77,13.74,102820.50,27.00,29.66,-1205990.87,4.54
15:41,102773.18,34.76,13.60,102812.00,27.14,28.00,-1205383.00,4.69
15:42,102784.28,34.56,13.70,102816.37,27.28,28.62,-1205857.12,5.15
15:43,102777.60,34.52,13.70,102821.85,27.38,27.47,-1206212.00,4.61
15:44,102782.43,34.11,13.70,102818.54,27.05,27.90,-1206303.75,5.70
15:45,102776.64,33.95,13.83,102813.71,27.33,27.52,-1207085.50,4.44
15:46,102780.24,33.71,13.75,102816.38,27.37,26.64,-1206979.25,5.80
15:47,102767.11,33.67,13.87,102815.95,27.83,26.00,-1207158.75,4.35
15:48,102769.21,33.77,14.18,102818.32,28.69,26.14,-1207496.62,5.99
15:49,102767.96,34.29,13.98,102815.41,29.91,23.69,-1207687.87,5.97
15:50,102770.55,34.53,13.85,102816.14,29.84,23.60,-1207577.25,5.48
15:51,102775.67,34.40,13.61,102818.24,29.14,23.91,-1207455.62,4.54
15:52,102773.27,34.30,13.77,102811.35,29.63,24.04,-1208045.37,5.84
15:53,102774.14,34.48,13.87,102817.88,29.98,24.17,-1207581.75,5.85
15:54,102769.91,34.23,13.58,102815.20,28.91,23.69,-1208273.75,5.68
15:55,102779.71,34.30,13.70,102812.57,30.42,22.64,-1209131.62,5.76
15:56,102764.43,34.66,13.42,102810.82,31.31,21.21,-1208884.50,4.58
15:57,102768.07,34.66,13.33,102814.93,31.41,20.30,-1208770.50,5.23
15:58,102774.85,34.62,13.39,102816.40,30.72,22.07,-1207744.37,5.81
15:59,102763.78,34.59,13.58,102813.03,30.60,22.26,-1206609.75,5.36
16:0,102762.28,34.79,13.59,102810.85,31.56,21.83,-1192274.12,4.92
16:1,102762.17,35.02,13.29,102812.21,31.37,21.29,-1224086.62,5.76
16:2,102767.47,34.95,13.42,102809.24,31.09,21.86,-1235584.37,4.46
16:3,102764.38,34.98,13.40,102809.08,30.88,22.04,-1236600.12,4.43
16:4,102765.28,34.76,13.29,102807.67,30.16,22.86,-1236781.25,4.44
16:5,102766.41,34.78,13.50,102810.17,30.38,22.33,-1237815.75,5.90
16:6,102757.32,34.37,13.11,102805.83,29.85,21.90,-1236792.50,5.50
16:7,102761.25,34.07,13.46,102806.96,30.23,22.29,-1238311.75,5.82
16:8,102755.69,34.29,13.71,102801.27,30.10,22.94,-1238590.37,5.61
16:9,102748.20,34.47,13.38,102798.35,31.40,20.50,-1237163.25,5.67
16:10,102762.12,34.58,13.54,102803.80,30.53,22.85,-1245457.25,6.01
16:11,102751.42,34.55,13.26,102792.42,29.88,22.27,-1245564.50,6.10
16:12,102744.02,34.22,13.36,102798.31,29.26,22.64,-1246009.25,5.83
16:13,102746.11,33.63,13.46,102796.64,28.74,23.54,-1246307.25,5.16
16:14,102754.91,33.56,14.02,102795.19,29.23,23.83,-1228995.75,5.71
16:15,102740.08,33.80,13.64,102789.12,29.59,22.65,-1162998.12,5.19
16:16,102744.21,33.41,13.51,102792.17,28.77,23.58,-1230738.25,5.62
16:17,102758.41,33.36,13.95,102801.53,29.01,24.31,-1248789.75,4.58
16:18,102750.41,33.29,13.45,102793.74,28.55,22.65,-1230934.75,4.96
16:19,102747.30,33.07,13.71,102798.42,28.99,22.27,-1249118.75,4.38
16:20,102746.46,33.25,13.75,102790.27,30.07,21.40,-1257434.12,5.64
16:21,102748.33,33.59,13.79,102795.67,30.69,21.09,-1261513.37,5.24
16:22,102753.66,33.67,13.60,102789.55,30.01,21.29,-1259676.87,5.07
16:23,102749.28,33.24,13.53,102794.61,29.30,22.24,-1260057.00,5.55
16:24,102750.60,33.32,13.91,102793.99,30.00,21.48,-1259060.12,4.33
16:25,102744.64,33.60,13.95,102788.97,30.30,21.48,-1260151.25,5.05
16:26,102743.14,33.69,13.67,102790.41,30.43,21.06,-1260004.50,5.56
16:27,102747.92,33.66,13.68,102791.32,30.05,21.40,-1261043.75,5.64
16:28,102744.96,33.78,13.72,102789.36,31.28,20.38,-1263876.25,5.74
16:29,102740.00,33.85,13.52,102794.74,30.44,20.53,-1262503.87,4.64
16:30,102744.22,33.59,13.79,102790.50,30.48,21.42,-1261452.75,4.74
16:31,102739.38,33.73,13.38,102789.80,29.97,21.19,-1260556.50,5.78
16:32,102740.36,33.59,13.72,102787.21,29.97,21.88,-1263187.75,5.61
16:33,102740.67,33.53,13.56,102785.69,29.66,21.86,-1261120.00,5.81
16:34,102741.82,33.45,13.90,102787.77,29.67,22.53,-1263201.75,4.41
16:35,102738.35,33.78,14.06,102789.05,31.24,21.28,-1263803.25,5.08
16:36,102749.91,34.00,13.50,102787.03,30.78,20.66,-1262256.25,5.23
16:37,102757.22,33.81,13.57,102795.55,30.96,20.00,-1262989.37,5.83
16:38,102743.83,33.79,13.62,102784.62,31.49,19.64,-1263709.25,5.84
16:39,102747.04,33.87,13.70,102788.80,30.33,20.89,-1264264.50,5.03
16:40,102748.47,34.03,13.58,102786.13,30.83,20.37,-1265802.25,4.82
16:41,102745.80,34.04,13.55,102788.14,31.12,20.59,-1266305.37,5.26
16:42,102742.14,34.18,13.67,102787.82,30.22,22.02,-1266599.50,5.42
16:43,102742.21,34.23,13.67,102784.50,30.00,22.68,-1266768.37,5.16
16:44,102738.97,34.32,13.73,102782.34,29.88,23.21,-1266098.00,5.22
16:45,102738.44,34.47,13.64,102783.36,30.60,22.32,-1267875.62,4.90
16:46,102736.74,34.66,13.69,102780.10,30.67,22.50,-1266428.25,5.88
16:47,102739.76,34.90,13.69,102782.69,30.74,22.79,-1265635.75,4.55
16:48,102743.64,34.83,13.49,102781.58,30.50,22.79,-1265644.87,5.59
16:49,102743.97,34.84,13.56,102781.64,29.74,24.17,-1266057.25,5.77
16:50,102758.30,34.90,13.63,102783.00,30.74,23.33,-1267138.00,4.48
16:51,102742.52,35.03,13.55,102781.61,31.13,22.01,-1267814.00,4.47
16:52,102738.70,34.98,13.50,102777.13,31.36,22.07,-1267715.25,4.74
16:53,102737.36,35.04,13.48,102783.21,31.94,21.28,-1268684.12,5.05
16:54,102737.75,35.10,13.50,102781.02,31.53,21.35,-1268210.75,4.43
16:55,102725.71,35.14,13.38,102781.27,32.52,19.50,-1268106.00,4.49
16:56,102744.37,35.12,13.30,102780.30,32.12,20.38,-1267720.37,4.48
16:57,102733.32,35.07,13.50,102779.96,30.95,22.02,-1268240.87,5.56
16:58,102728.60,34.96,13.33,102777.26,30.34,22.43,-1267750.62,5.25
16:59,102743.92,34.69,13.33,102773.41,30.12,22.43,-1268976.75,5.83
17:0,102744.21,34.55,13.72,102771.92,30.83,22.54,-1270541.50,4.60
17:1,102737.57,34.69,13.42,102776.74,30.51,22.29,-1269786.75,5.69
17:2,102723.52,34.57,13.37,102769.39,30.35,22.35,-1269941.87,5.96
17:3,102741.38,34.56,13.52,102772.89,30.18,22.66,-1270395.00,5.10
17:4,102725.11,34.72,13.55,102771.30,31.14,22.32,-1271530.25,5.86
17:5,102722.20,34.81,13.77,102773.82,30.91,23.33,-1271214.50,4.81
17:6,102744.99,35.05,13.34,102779.77,30.56,22.54,-1271320.00,4.44
17:7,102727.66,35.00,13.63,102775.99,31.28,22.47,-1271584.12,5.09
17:8,102723.10,34.96,13.37,102776.45,30.74,22.36,-1271226.37,4.50
17:9,102733.94,34.83,13.29,102770.82,29.66,23.21,-1270543.50,4.50
17:10,102722.05,34.61,13.50,102770.61,30.05,23.27,-1271820.12,4.98
17:11,102726.32,34.81,13.59,102772.22,31.22,21.81,-1271270.75,5.65
17:12,102721.53,34.98,13.66,102767.57,31.44,21.82,-1269014.75,5.64
17:13,102718.57,35.00,13.46,102767.38,31.26,22.07,-1267672.75,4.74
17:14,102722.59,35.04,13.59,102774.77,32.16,21.50,-1267202.00,4.63
17:15,102721.30,35.42,13.25,102769.17,32.67,19.80,-1268264.50,5.97
17:16,102726.69,35.30,13.68,102768.19,31.39,22.63,-1269690.00,4.82
17:17,102726.24,35.37,13.40,102771.57,30.78,22.92,-1270715.75,4.52
17:18,102726.99,35.22,13.39,102769.33,30.97,23.03,-1272579.25,5.88
17:19,102728.43,35.42,13.52,102767.64,31.81,21.87,-1274371.50,5.56
17:20,102727.50,35.63,13.44,102766.97,31.57,22.81,-1273618.87,5.61
17:21,102715.04,35.75,13.27,102768.10,31.73,22.47,-1274168.12,4.47
17:22,102724.07,35.72,13.29,102762.13,31.55,22.45,-1272850.25,5.92
17:23,102723.19,35.64,13.23,102765.96,31.96,21.62,-1274069.12,5.70
17:24,102718.14,35.75,13.23,102763.14,32.15,20.71,-1274228.62,4.61
17:25,102715.42,35.68,13.23,102764.11,31.73,22.05,-1274314.37,4.77
17:26,102708.69,35.38,13.12,102765.31,31.60,21.58,-1275369.12,4.83
17:27,102718.43,35.33,13.04,102765.21,32.55,18.95,-1276615.12,5.49
17:28,102720.61,35.04,13.02,102760.45,31.39,20.15,-1276041.00,4.43
17:29,102708.00,34.92,13.20,102762.47,32.02,20.41,-1276413.87,5.01
17:30,102727.74,35.07,13.28,102761.72,31.71,20.82,-1275345.37,6.08
17:31,102715.51,35.09,13.13,102763.86,32.33,19.65,-1276104.25,5.50
17:32,102723.57,35.10,13.24,102755.52,31.83,19.80,-1275587.87,4.44
17:33,102721.92,34.88,13.16,102763.33,32.10,19.56,-1276047.25,5.23
17:34,102702.43,34.85,13.22,102765.03,32.51,19.31,-1276268.75,5.81
17:35,102716.73,35.03,13.35,102759.67,32.27,20.04,-1277653.87,4.85
17:36,102712.36,35.04,13.22,102756.30,32.25,19.42,-1277100.75,5.50
17:37,102716.67,35.01,13.24,102755.78,32.57,19.26,-1279346.62,5.36
17:38,102712.70,34.94,13.15,102756.94,32.56,19.04,-1281567.12,4.44
17:39,102722.94,34.86,13.27,102755.08,32.42,19.31,-1282309.50,5.19
17:40,102701.28,35.07,13.29,102755.10,32.23,19.97,-1282599.37,5.68
17:41,102712.78,35.03,13.25,102757.38,32.01,20.04,-1276041.75,5.81
17:42,102706.50,35.28,13.32,102753.30,32.75,19.93,-1274234.25,5.74
17:43,102713.39,35.42,13.20,102756.83,32.94,19.59,-1273862.87,5.03
17:44,102707.07,35.55,13.28,102754.25,33.08,20.17,-1272882.25,5.98
17:45,102706.44,35.58,13.20,102755.24,32.58,20.57,-1272066.50,5.14
17:46,102710.85,35.34,13.11,102752.99,31.57,20.98,-1271560.37,4.50
17:47,102706.27,35.21,13.17,102747.00,31.27,21.22,-1277535.75,4.60
17:48,102703.30,35.16,13.13,102746.77,31.68,20.67,-1277473.25,5.60
17:49,102699.19,35.12,13.19,102740.28,31.82,20.01,-1277781.12,4.40
17:50,102698.78,35.11,13.39,102737.13,30.99,21.66,-1275518.25,4.74
17:51,102697.07,35.24,13.34,102743.64,32.03,20.52,-1275733.25,4.45
17:52,102696.35,35.31,13.22,102737.03,31.75,20.43,-1275680.25,4.56
17:53,102689.19,35.17,13.20,102736.85,31.32,21.23,-1273483.37,5.30
17:54,102692.91,35.15,13.36,102741.13,31.43,22.28,-1273007.00,4.43
17:55,102697.13,35.45,13.37,102741.59,32.10,21.20,-1273245.87,5.94
17:56,102694.88,35.56,13.29,102739.23,31.71,21.89,-1274120.62,5.30
17:57,102692.03,35.37,13.11,102734.19,31.37,21.51,-1274419.12,5.00
17:58,102693.40,35.22,13.17,102738.59,31.36,21.25,-1274510.00,5.76
17:59,102682.68,34.80,13.12,102733.36,31.25,21.38,-1275007.62,5.35
18:0,102685.49,34.60,13.15,102729.77,29.99,21.97,-1273187.37,4.39
18:1,102688.26,34.12,13.46,102733.05,29.59,22.62,-1270652.25,4.65
18:2,102693.66,34.34,13.51,102732.78,30.32,21.79,-1271324.12,5.57
18:3,102695.63,34.54,13.41,102731.71,31.27,20.76,-1272556.75,5.89
18:4,102686.57,34.76,13.56,102730.34,31.78,20.64,-1272016.25,4.43
18:5,102689.45,34.87,13.23,102726.69,30.92,20.69,-1271070.25,5.96
18:6,102690.75,34.55,13.20,102728.00,31.77,19.90,-1270914.37,4.74
18:7,102678.16,34.72,13.65,102728.80,31.24,21.35,-1277429.25,4.43
18:8,102673.60,34.84,13.34,102717.20,31.27,21.29,-1278011.12,4.79
18:9,102677.49,34.77,13.29,102715.97,30.95,20.63,-1276724.25,5.42
18:10,102670.45,34.71,13.18,102718.56,30.71,21.20,-1277919.37,3.93
18:11,102676.72,34.73,13.43,102716.88,31.49,20.98,-1278456.25,5.78
18:12,102679.38,35.02,13.51,102723.73,32.04,20.77,-1278909.50,4.72
18:13,102670.08,35.09,13.28,102722.77,32.46,19.72,-1280114.37,4.76
18:14,102672.05,35.27,13.20,102721.96,32.47,19.01,-1277592.00,4.67
18:15,102678.58,35.29,13.12,102718.80,32.99,18.74,-1276217.75,5.77
18:16,102683.50,35.36,13.15,102719.67,32.83,19.26,-1276173.00,5.74
18:17,102671.00,35.33,12.97,102720.72,31.76,19.71,-1275326.75,5.37
18:18,102669.28,34.86,13.01,102719.89,30.65,21.11,-1275954.00,5.72
18:19,102671.08,34.57,13.08,102718.46,30.17,21.05,-1276356.00,4.10
18:20,102663.02,34.59,13.35,102717.13,30.12,21.59,-1276877.25,4.38
18:21,102662.27,34.84,13.31,102715.26,31.21,20.87,-1277362.87,4.65
18:22,102669.31,34.76,13.19,102715.68,30.77,20.93,-1275899.75,4.93
18:23,102670.21,34.64,13.34,102714.30,30.27,20.80,-1276076.25,4.93
18:24,102673.83,34.59,13.40,102710.16,30.81,21.07,-1276727.25,4.70
18:25,102666.75,34.72,13.22,102711.69,30.96,20.18,-1272572.62,5.13
18:26,102662.04,34.71,13.34,102709.36,31.64,20.29,-1278426.87,5.34
18:27,102661.64,34.84,13.27,102705.84,31.16,20.56,-1277846.25,3.94
18:28,102663.83,34.74,13.17,102708.27,30.86,20.95,-1277788.25,4.88
18:29,102653.69,34.55,13.22,102705.14,30.69,20.71,-1278764.75,5.32
18:30,102667.13,34.45,13.36,102706.11,30.16,21.18,-1280376.12,5.84
18:31,102662.52,34.55,13.33,102710.89,30.17,20.92,-1280993.25,5.87
18:32,102668.78,34.52,13.12,102704.44,30.57,20.47,-1282448.75,4.98
18:33,102667.42,34.29,13.17,102705.51,29.51,21.64,-1282148.75,4.73
18:34,102657.72,34.05,13.38,102701.17,30.31,20.81,-1283581.50,5.45
18:35,102657.47,34.18,13.45,102698.46,30.21,21.32,-1282928.25,5.27
18:36,102660.21,34.19,13.37,102700.83,30.07,21.05,-1282836.12,4.93
18:37,102663.89,34.26,13.34,102702.54,29.80,21.45,-1285353.37,4.94
18:38,102655.83,34.24,13.50,102699.32,30.40,21.28,-1286058.87,4.20
18:39,102658.39,34.37,13.44,102697.10,31.02,20.48,-1286355.75,4.85
18:40,102648.79,34.30,13.27,102691.32,31.32,19.59,-1287973.62,4.45
18:41,102656.79,34.11,13.44,102691.86,30.70,20.73,-1287285.75,4.20
18:42,102647.77,34.10,13.27,102689.19,29.72,21.12,-1286794.12,4.81
18:43,102652.25,34.04,13.48,102690.21,30.49,20.65,-1288012.00,6.04
18:44,102648.31,34.14,13.27,102692.41,30.46,19.98,-1288579.75,5.97
18:45,102648.53,34.33,13.41,102689.56,31.14,19.98,-1289017.00,4.97
18:46,102654.01,34.35,13.25,102690.58,30.29,20.37,-1287924.25,4.88
18:47,102650.16,34.40,13.27,102690.23,30.36,20.73,-1288578.75,4.11
18:48,102649.07,34.29,13.04,102686.93,30.67,19.97,-1288470.12,5.25
18:49,102645.22,34.14,13.08,102688.32,29.86,20.78,-1287778.62,4.47
18:50,102653.08,34.24,13.30,102691.13,29.77,21.46,-1288088.12,4.85
18:51,102644.82,34.48,13.28,102694.28,30.49,21.08,-1287422.75,4.63
18:52,102639.68,34.50,13.04,102688.00,30.69,19.80,-1287342.12,4.70
18:53,102649.29,34.35,13.32,102691.21,29.74,21.88,-1286493.12,5.70
18:54,102643.28,34.32,12.87,102690.49,29.42,20.83,-1286313.50,5.22
18:55,102643.55,33.78,13.13,102686.83,29.16,21.64,-1289187.00,3.81
18:56,102645.93,33.68,13.26,102685.10,29.16,21.19,-1289965.25,5.48
18:57,102646.85,33.48,13.44,102684.36,28.64,22.22,-1291697.75,5.65
18:58,102653.99,33.72,13.42,102685.90,28.78,22.25,-1291257.25,5.09
18:59,102646.03,33.87,13.34,102684.71,28.97,22.19,-1291515.62,4.63
19:0,102642.78,33.81,13.20,102682.08,30.24,20.28,-1292600.00,4.74
19:1,102644.55,34.03,13.28,102685.38,30.34,20.55,-1291904.00,3.89
19:2,102643.58,34.16,13.43,102686.03,29.60,21.37,-1290832.00,5.11
19:3,102641.02,34.14,13.29,102686.86,29.62,21.77,-1293205.37,3.96
19:4,102645.47,34.15,13.29,102687.13,29.47,21.85,-1290904.25,3.85
19:5,102657.13,34.22,13.23,102684.85,29.98,21.20,-1292463.87,3.80
19:6,102643.03,34.32,13.34,102687.58,29.71,21.97,-1291621.37,4.40
19:7,102654.46,34.26,13.19,102684.10,29.44,21.86,-1291686.75,4.90
19:8,102647.16,33.96,13.14,102684.57,30.22,20.09,-1293833.25,3.80
19:9,102639.66,34.07,13.18,102686.75,29.98,20.50,-1291313.75,5.12
19:10,102644.44,34.15,13.14,102684.67,30.62,19.86,-1293128.50,5.65
19:11,102646.49,34.16,13.06,102685.48,29.79,20.41,-1291941.25,4.59
19:12,102644.25,34.13,13.30,102688.35,29.44,21.99,-1293472.00,4.38
19:13,102643.67,34.22,13.13,102683.28,29.77,21.04,-1292999.25,5.33
19:14,102650.35,33.95,13.03,102688.32,29.61,20.38,-1293378.75,5.17
19:15,102653.42,33.84,13.10,102689.21,29.70,20.39,-1292405.00,3.77
19:16,102651.27,33.86,13.22,102685.46,29.31,21.29,-1292205.12,4.26
19:17,102649.04,33.81,13.29,102688.70,29.55,21.30,-1292475.50,4.34
19:18,102647.87,34.05,13.12,102688.15,29.72,20.75,-1293405.50,5.77
19:19,102648.69,33.83,13.23,102687.57,29.65,21.45,-1294469.12,3.74
19:20,102654.03,33.91,13.21,102689.28,29.76,20.84,-1294545.25,5.68
19:21,102637.21,33.94,13.29,102686.33,29.31,21.92,-1293503.75,4.27
19:22,102646.85,34.03,13.27,102684.82,29.15,22.00,-1293101.25,5.69
19:23,102648.80,34.09,13.30,102683.83,29.08,22.12,-1293100.75,3.73
19:24,102646.67,34.15,13.29,102685.20,29.37,22.56,-1293784.12,3.74
19:25,102645.46,34.30,13.23,102684.45,29.37,22.34,-1293562.87,4.33
19:26,102641.58,34.24,13.36,102686.72,29.60,22.16,-1295172.12,4.78
19:27,102650.88,34.25,13.44,102681.82,29.16,23.49,-1294579.12,3.65
19:28,102643.99,34.36,13.27,102684.88,29.35,22.07,-1294549.87,3.93
19:29,102648.46,34.23,13.20,102683.85,28.86,22.24,-1294699.00,4.87
19:30,102651.97,34.17,13.24,102684.71,28.85,22.54,-1294908.50,4.28
19:31,102653.77,33.95,13.28,102684.58,28.68,22.65,-1293671.87,4.92
19:32,102647.07,33.90,13.49,102682.75,28.54,23.15,-1294268.12,3.67
19:33,102645.44,33.82,13.34,102685.48,28.14,23.54,-1293074.75,4.49
19:34,102643.21,33.74,13.36,102676.18,28.53,22.87,-1293259.00,4.94
19:35,102634.72,33.86,13.44,102678.78,29.49,21.93,-1293883.75,5.68
19:36,102635.07,33.86,13.38,102679.69,28.73,22.88,-1293179.75,3.68
19:37,102642.94,33.83,13.40,102684.01,28.41,23.30,-1293959.75,5.01
19:38,102646.97,33.87,13.35,102680.66,28.48,22.72,-1293512.00,4.64
19:39,102646.11,33.87,13.35,102683.66,28.28,23.37,-1293467.12,4.25
19:40,102643.05,33.92,13.40,102691.49,28.01,23.90,-1292529.50,4.99
19:41,102642.52,33.86,13.29,102691.13,28.12,23.96,-1295297.00,4.92
19:42,102647.99,33.72,13.73,102691.60,28.49,24.40,-1295174.75,5.23
19:43,102650.58,33.77,13.31,102695.56,27.58,23.60,-1294198.25,3.62
19:44,102651.30,33.31,13.30,102692.47,27.65,23.51,-1295886.00,4.06
19:45,102649.48,33.18,13.45,102695.21,28.13,22.95,-1294008.62,4.58
19:46,102648.49,33.29,13.54,102694.69,28.19,23.26,-1295236.75,4.26
19:47,102647.75,33.45,13.47,102692.35,27.97,23.22,-1296479.62,3.76
19:48,102647.42,33.43,13.42,102694.32,27.72,23.03,-1295137.62,4.62
19:49,102642.29,32.95,13.42,102692.05,26.74,23.82,-1292478.87,3.62
19:50,102652.17,33.03,13.58,102690.56,27.11,23.89,-1293521.50,4.86
19:51,102661.22,32.99,13.51,102690.99,26.84,24.38,-1294576.25,4.99
19:52,102657.13,33.03,13.54,102685.30,26.44,24.56,-1284825.00,5.41
19:53,102652.50,32.98,13.57,102688.87,27.05,24.23,-1288124.25,3.54
19:54,102644.64,33.08,13.65,102687.83,27.25,23.79,-1288568.62,3.92
19:55,102646.78,33.06,13.65,102691.03,27.09,24.67,-1296752.62,3.67
19:56,102638.52,32.97,13.58,102688.12,27.72,23.43,-1297458.12,3.89
19:57,102644.94,32.96,13.71,102686.00,27.94,23.56,-1297974.75,5.29
19:58,102651.04,33.21,13.72,102684.99,27.81,24.26,-1299296.37,3.73
19:59,102657.03,33.22,13.54,102687.58,27.04,24.71,-1299111.75,4.83
20:0,102651.44,33.20,13.60,102688.70,27.35,24.10,-1300940.12,4.47
20:1,102646.35,33.24,13.62,102689.33,27.43,24.43,-1302518.75,3.60
20:2,102653.35,33.21,13.38,102687.64,26.85,23.87,-1299119.75,4.27
20:3,102668.05,32.85,13.54,102687.52,26.89,24.34,-1308213.50,4.32
20:4,102646.23,32.95,13.54,102692.78,27.26,23.77,-1308507.50,4.65
20:5,102655.05,32.94,13.40,102693.33,27.38,23.48,-1308052.25,4.90
20:6,102656.28,32.90,13.67,102694.35,26.62,24.19,-1306747.62,4.69
20:7,102654.21,32.75,13.60,102691.68,26.05,24.95,-1302929.87,5.68
20:8,102653.67,32.65,13.70,102685.27,26.23,24.81,-1303333.00,4.90
20:9,102648.00,32.52,13.70,102686.11,26.66,24.30,-1294844.62,4.90
20:10,102654.50,32.60,13.76,102687.57,26.56,24.20,-1296018.25,4.45
20:11,102646.84,32.54,13.63,102687.10,26.55,24.01,-1293467.00,4.99
20:12,102647.11,32.44,13.65,102683.85,26.99,22.88,-1295447.25,3.76
20:13,102656.55,32.27,13.66,102683.41,25.94,23.54,-1294606.75,3.95
20:14,102652.39,32.09,13.68,102686.16,26.21,23.70,-841191.00,4.47
20:15,102658.36,31.98,13.58,102684.07,26.02,23.74,-891305.68,4.44
20:16,102652.00,31.95,13.79,102691.30,25.38,24.64,-1056647.25,4.07
20:17,102648.47,31.90,13.72,102688.74,25.47,24.09,-1287038.37,4.85
20:18,102658.01,31.88,13.82,102685.77,25.26,24.67,-1288492.25,4.32
20:19,102652.71,31.89,13.78,102681.97,25.38,24.32,-1290560.50,4.94
20:20,102650.43,31.91,13.72,102689.58,25.42,24.53,-1294131.75,3.55
20:21,102647.22,31.79,13.84,102685.32,25.52,24.77,-1295442.75,4.75
20:22,102647.99,31.95,13.82,102681.78,25.62,24.25,-1295534.00,5.05
20:23,102651.36,31.85,13.70,102687.27,25.44,24.56,-1293332.62,3.60
20:24,102651.44,31.82,13.98,102683.60,25.47,25.05,-1293722.25,4.37
20:25,102647.42,31.84,13.95,102681.27,25.48,24.90,-1290423.37,4.38
20:26,102649.72,31.88,14.03,102687.49,25.60,25.60,-1291404.87,4.22
20:27,102651.73,32.01,13.85,102683.11,25.33,25.18,-1291712.50,3.85
20:28,102645.97,31.84,13.83,102684.05,24.44,25.48,-1297792.12,4.09
20:29,102648.13,31.49,13.91,102685.82,25.17,25.22,-1292356.50,4.44
20:30,102649.42,31.68,14.07,102681.74,25.00,25.62,-1292015.25,4.89
20:31,102644.60,31.73,14.01,102683.54,24.95,26.25,-1291967.62,3.65
20:32,102656.66,31.56,13.98,102683.46,24.92,25.91,-1290649.25,3.59
20:33,102653.57,31.64,14.05,102685.06,24.61,26.73,-1290137.25,4.85
20:34,102654.21,31.70,14.11,102685.04,24.48,26.76,-1289917.25,5.19
20:35,102648.67,31.79,14.09,102685.00,24.29,27.30,-1289247.75,4.62
20:36,102648.04,31.76,14.12,102686.00,24.27,28.00,-1291251.37,5.02
20:37,102650.99,31.79,14.12,102682.48,24.78,27.07,-1290982.50,4.65
20:38,102644.35,31.64,14.13,102684.08,24.55,27.54,-1294500.25,4.90
20:39,102651.47,31.68,14.21,102685.88,24.32,27.50,-1293260.87,4.94
20:40,102654.08,31.66,14.13,102685.63,24.39,27.39,-1292026.12,4.72
20:41,102665.28,31.57,14.17,102689.67,23.92,28.23,-1286743.87,4.43
20:42,102658.89,31.51,14.21,102690.36,23.81,28.52,-1278307.37,4.34
20:43,102662.44,31.40,14.10,102692.57,23.70,28.13,-1279661.62,5.05
20:44,102658.03,31.35,14.21,102692.18,23.84,27.91,-1282564.75,3.82
20:45,102655.86,31.26,14.31,102687.89,23.35,29.30,-1289204.12,4.61
20:46,102659.92,31.24,14.31,102694.03,23.21,29.45,-1291141.62,3.97
20:47,102658.05,31.24,14.35,102693.60,23.22,29.25,-1288302.25,4.54
20:48,102660.86,31.23,14.38,102691.39,23.23,29.64,-1290065.75,5.32
20:49,102647.36,31.15,14.41,102695.21,23.06,29.69,-1271812.62,4.58
20:50,102650.27,31.15,14.45,102692.36,23.40,29.69,-1275215.00,3.74
20:51,102660.14,31.14,14.38,102692.80,23.39,29.83,-1280266.75,3.88
20:52,102660.78,31.17,14.50,102694.96,23.39,30.32,-1280879.12,4.40
20:53,102661.93,31.21,14.55,102697.14,23.15,30.45,-1281244.50,4.80
20:54,102665.85,31.14,14.56,102694.35,22.76,30.90,-1280783.25,4.73
20:55,102657.77,31.07,14.63,102692.07,22.43,31.37,-1282782.00,5.08
20:56,102649.13,30.93,14.60,102688.97,22.32,31.77,-1297861.00,5.05
20:57,102651.17,30.93,14.66,102687.96,22.72,31.04,-1302249.75,4.43
20:58,102652.16,30.90,14.78,102691.10,22.61,31.42,-1301455.50,5.12
20:59,102645.89,30.93,14.77,102690.21,22.66,32.21,-1301049.25,4.48
21:0,102655.94,31.06,14.76,102687.86,22.84,31.59,-1301282.00,4.42
21:1,102658.80,31.09,14.82,102691.64,22.51,32.38,-1300848.00,4.92
21:2,102652.63,31.21,14.84,102688.47,22.56,32.87,-1292898.00,4.30
21:3,102651.56,31.25,14.80,102686.91,22.25,33.21,-1265328.25,4.66
21:4,102652.66,31.17,14.84,102689.66,21.98,33.74,-1305973.50,5.14
21:5,102652.32,31.18,14.80,102686.77,21.95,33.99,-1305665.87,4.28
21:6,102655.18,31.20,14.74,102688.05,21.99,33.54,-1300670.25,5.15
21:7,102656.37,31.12,14.70,102692.64,22.31,33.12,-1290365.50,4.72
21:8,102650.21,30.98,14.88,102689.44,22.60,32.49,-1259828.75,4.07
21:9,102650.57,31.07,14.77,102691.92,22.82,31.55,-1299733.87,4.90
21:10,102657.65,31.06,14.98,102688.55,22.14,34.38,-1302327.25,3.98
21:11,102653.77,31.10,14.91,102685.99,22.12,33.67,-1303176.12,4.20
21:12,102663.49,31.08,14.76,102689.21,22.30,33.06,-1304249.75,4.74
21:13,102654.66,30.99,14.84,102685.88,22.17,33.42,-1305675.12,4.79
21:14,102646.75,30.95,14.71,102687.25,22.31,32.40,-1306820.25,4.14
21:15,102643.53,30.82,14.69,102680.53,22.42,31.76,-1308654.87,5.07
21:16,102650.19,30.66,14.78,102680.78,22.58,31.16,-1296669.75,5.12
21:17,102651.92,30.62,14.89,102679.42,22.45,31.67,-1294004.75,5.64
21:18,102648.36,30.66,14.83,102678.32,22.38,31.57,-850553.37,4.66
21:19,102640.64,30.62,14.81,102679.21,22.44,31.42,-1293977.75,4.97
21:20,102642.25,30.48,14.85,102675.42,22.48,31.26,-1310149.75,3.89
21:21,102642.77,30.50,14.90,102676.92,22.37,31.87,-1311261.87,4.42
21:22,102644.66,30.40,15.07,102678.93,21.82,32.83,-1308198.25,3.89
21:23,102639.44,30.37,15.07,102673.72,21.80,32.59,-1308069.25,4.55
21:24,102638.18,30.33,15.12,102674.88,21.86,33.18,-1305172.87,4.12
21:25,102642.05,30.40,15.07,102675.50,22.00,33.30,-1307351.12,3.97
21:26,102645.48,30.32,15.20,102673.57,21.87,33.55,-1307770.62,4.53
21:27,102650.99,30.46,15.07,102675.36,21.98,33.00,-1308182.25,3.69
21:28,102652.68,30.56,15.10,102677.05,21.91,33.05,-1308154.25,5.21
21:29,102639.61,30.49,15.10,102674.42,21.85,33.70,-1308205.75,5.21
21:30,102639.97,30.55,15.12,102675.30,21.80,34.13,-1308531.00,4.87
21:31,102636.39,30.56,15.04,102672.14,21.68,34.53,-1308713.50,4.36
21:32,102631.92,30.61,15.16,102672.00,21.34,35.57,-1308819.87,4.90
21:33,102644.78,30.66,15.20,102676.06,21.12,36.32,-1308938.50,4.40
21:34,102640.35,30.71,15.18,102672.89,21.18,36.73,-1308570.00,5.54
21:35,102641.46,30.75,15.25,102676.06,21.11,37.19,-1302978.50,4.76
21:36,102632.89,30.77,15.17,102672.61,21.66,35.88,-1306001.12,4.87
21:37,102628.29,30.79,15.22,102679.78,21.66,36.05,-1306467.87,4.99
21:38,102641.25,30.79,15.38,102678.38,21.11,37.51,-1241349.62,5.08
21:39,102636.83,30.81,15.25,102675.44,21.08,37.42,-1266235.87,3.89
21:40,102634.83,30.83,15.27,102672.96,21.37,36.52,-1299497.25,4.54
21:41,102643.07,30.88,15.12,102674.71,21.61,35.74,-1271169.75,4.26
21:42,102634.33,30.66,15.20,102677.35,21.70,36.38,-1259895.75,5.65
21:43,102643.13,30.69,15.40,102678.67,21.25,37.70,-1299194.62,4.95
21:44,102648.25,30.74,15.24,102679.10,21.42,36.56,-1300994.25,4.53
21:45,102649.22,30.74,15.15,102684.70,21.45,36.06,-1299842.37,5.01
21:46,102650.82,30.63,15.11,102684.00,21.53,35.47,-1254132.75,4.97
21:47,102642.38,30.58,15.27,102684.76,21.66,35.89,-1255589.62,5.11
21:48,102650.99,30.58,15.26,102686.14,21.72,35.58,-1242858.25,4.88
21:49,102646.88,30.56,15.33,102685.97,21.48,36.61,-1258611.37,5.72
21:50,102652.16,30.51,15.32,102684.71,21.65,35.62,-1232099.25,5.73
21:51,102654.10,30.48,15.35,102681.83,21.34,36.71,-1236850.00,4.81
21:52,102653.62,30.23,15.27,102688.59,21.15,36.99,-1272455.75,5.13
21:53,102658.41,30.16,15.28,102690.83,21.60,35.26,-1312922.25,4.59
21:54,102654.89,30.23,15.44,102687.10,21.26,36.16,-1310703.12,4.00
21:55,102645.36,30.35,15.47,102686.89,21.34,36.13,-1310183.12,5.26
21:56,102656.27,30.45,15.38,102692.86,21.41,36.70,-1310267.87,4.54
21:57,102647.11,30.38,15.48,102693.75,21.25,37.15,-1311107.00,4.70
21:58,102652.55,30.42,15.57,102687.99,21.05,37.96,-1310901.37,4.75
21:59,102656.05,30.42,15.53,102688.67,21.03,37.74,-1311071.87,5.20
22:0,102652.89,30.42,15.56,102686.72,20.97,38.06,-1272067.00,5.64
22:1,102656.92,30.39,15.61,102691.93,20.72,38.51,-1264059.25,4.50
22:2,102654.42,30.42,15.52,102690.16,20.82,39.17,-1250813.00,4.79
22:3,102657.96,30.40,15.63,102692.12,20.95,39.08,-1239419.37,4.99
22:4,102664.27,30.33,15.51,102688.53,21.33,37.17,-1238531.75,5.03
22:5,102663.04,30.32,15.64,102685.96,21.26,37.56,-1224431.00,5.07
22:6,102652.17,30.34,15.65,102692.84,21.17,38.21,-1225977.87,4.49
22:7,102658.22,30.44,15.46,102696.91,21.50,37.13,-1226967.50,3.88
22:8,102659.85,30.33,15.60,102691.23,21.05,38.48,-1318176.75,5.26
22:9,102652.28,30.40,15.70,102692.05,20.64,40.03,-1318912.00,4.59
22:10,102663.46,30.42,15.66,102694.20,20.64,39.78,-1319280.25,3.74
22:11,102663.67,30.44,15.53,102698.47,20.79,39.15,-1320782.75,4.76
22:12,102662.72,30.38,15.54,102698.22,21.22,37.46,-1321190.50,4.81
22:13,102656.50,30.38,15.62,102697.86,21.07,38.75,-1322556.00,4.23
22:14,102662.71,30.37,15.65,102697.47,20.80,39.11,-1322144.75,3.71
22:15,102657.88,30.33,15.74,102702.28,20.74,39.54,-1321245.62,5.25
22:16,102659.32,30.39,15.65,102695.46,20.90,38.41,-1320829.75,4.44
22:17,102658.64,30.33,15.60,102694.96,21.16,38.72,-1320537.25,4.04
22:18,102652.52,30.34,15.71,102695.92,20.88,39.32,-1322126.87,5.56
22:19,102655.18,30.41,15.66,102694.42,21.01,39.33,-1321848.00,4.72
22:20,102661.16,30.31,15.72,102696.18,20.63,40.07,-1321819.50,3.80
22:21,102666.59,30.35,15.76,102692.89,20.91,39.76,-1321635.12,3.82
22:22,102653.63,30.35,15.77,102693.11,20.84,40.27,-1322260.25,5.43
22:23,102658.96,30.37,15.76,102687.38,20.69,40.49,-1312877.75,4.63
22:24,102655.03,30.37,15.78,102692.43,20.30,41.54,-1312380.50,5.02
22:25,102652.17,30.34,15.74,102692.13,20.44,41.35,-1273243.12,4.65
22:26,102652.83,30.27,15.83,102690.01,20.51,41.08,-1248162.37,5.48
22:27,102650.63,30.33,15.87,102691.03,20.16,41.95,-1320101.50,4.58
22:28,102656.22,30.43,15.68,102690.05,20.57,41.14,-1322777.12,5.12
22:29,102661.66,30.40,15.61,102688.00,20.57,41.25,-1323251.25,5.01
22:30,102655.17,30.30,15.72,102694.83,20.35,41.69,-1317175.87,5.31
22:31,102659.02,30.30,15.77,102693.00,20.33,42.19,-1294817.62,4.93
22:32,102658.75,30.29,15.87,102694.17,20.31,41.56,-1151455.12,5.10
22:33,102655.75,30.33,15.77,102691.21,20.37,41.88,-1128518.37,5.10
22:34,102653.00,30.39,15.80,102693.36,20.22,42.41,-1089544.62,3.82
22:35,102667.96,30.46,15.71,102694.13,20.47,41.83,-1089598.12,4.18
22:36,102663.03,30.42,15.83,102691.03,20.37,42.21,-1092452.87,5.42
22:37,102661.32,30.47,15.74,102690.71,20.56,41.55,-1083331.00,4.67
22:38,102660.54,30.47,15.82,102692.88,20.52,41.64,-1125765.12,4.85
22:39,102661.99,30.46,15.73,102697.58,20.51,42.00,-1136551.00,3.78
22:40,102666.53,30.41,15.94,102695.36,19.95,44.44,-1129583.75,4.25
22:41,102664.80,30.45,15.85,102694.00,20.58,42.24,-1127903.37,5.56
22:42,102671.46,30.47,15.84,102696.64,20.28,43.34,-1126524.25,4.72
22:43,102662.46,30.48,15.93,102695.48,20.20,43.65,-1112414.75,4.61
22:44,102653.08,30.50,15.90,102697.78,19.79,45.02,-1120614.75,4.08
22:45,102653.10,30.55,15.88,102693.42,20.37,42.95,-1138038.12,3.69
22:46,102661.17,30.59,15.86,102693.92,20.47,42.69,-1148415.62,5.02
22:47,102658.88,30.49,15.85,102697.46,20.29,43.71,-1176625.75,4.94
22:48,102655.49,30.51,15.94,102696.46,20.22,43.90,-1182712.25,4.12
22:49,102655.24,30.55,15.93,102698.38,20.29,43.54,-1238585.25,4.81
22:50,102658.11,30.62,15.96,102697.62,20.21,44.12,-1247064.50,3.82
22:51,102664.35,30.66,15.86,102703.06,20.33,43.63,-1248981.25,4.76
22:52,102667.42,30.62,15.89,102701.17,20.19,44.55,-1252769.75,4.10
22:53,102666.38,30.59,15.93,102699.66,20.14,44.50,-1322919.12,4.48
22:54,102668.10,30.61,16.03,102698.17,19.89,45.42,-1329910.00,5.22
22:55,102661.35,30.59,15.92,102698.03,19.93,45.10,-1330962.62,4.61
22:56,102664.34,30.60,15.99,102703.38,19.76,45.62,-1320930.00,4.96
22:57,102671.46,30.63,15.97,102698.44,20.02,45.12,-1199029.50,4.34
22:58,102662.69,30.64,15.98,102697.97,19.71,46.35,-1183912.12,5.40
22:59,102655.81,30.60,15.93,102693.92,19.87,45.07,-1192446.87,5.11
23:0,102661.38,30.56,15.97,102696.04,20.15,45.06,-1201085.62,5.19
23:1,102658.89,30.61,16.00,102698.96,20.00,45.15,-1225632.50,4.76
23:2,102667.25,30.66,15.92,102695.58,20.01,45.82,-1212965.00,5.12
23:3,102656.03,30.63,15.96,102696.30,20.09,45.36,-1164974.37,4.78
23:4,102657.55,30.57,15.93,102697.28,20.04,45.47,-1233339.50,4.01
23:5,102656.10,30.57,16.05,102698.80,20.15,45.30,-1220018.62,4.56
23:6,102667.16,30.61,16.03,102703.13,19.84,46.48,-1195613.00,4.95
23:7,102675.34,30.60,15.92,102695.60,19.97,45.87,-1202641.37,3.71
23:8,102675.92,30.43,15.92,102698.78,20.11,45.78,-1262459.50,5.41
23:9,102669.91,30.45,16.02,102699.05,19.94,46.35,-1278585.25,5.65
23:10,102666.27,30.52,16.10,102704.19,19.58,47.74,-1275280.75,3.89
23:11,102667.28,30.52,16.06,102701.52,19.87,46.03,-1273714.37,5.04
23:12,102667.10,30.57,15.99,102708.83,19.74,46.68,-1274375.25,5.81
23:13,102670.10,30.51,15.94,102704.96,19.97,46.00,-1274610.37,5.22
23:14,102675.89,30.47,16.00,102708.49,19.78,46.44,-1272107.75,5.11
23:15,102670.62,30.52,16.03,102707.82,20.19,44.94,-1269973.00,4.33
23:16,102688.37,30.54,15.95,102708.64,19.95,45.77,-1274634.25,4.90
23:17,102673.08,30.47,15.96,102711.98,19.96,45.66,-1272780.37,4.89
23:18,102673.33,30.47,16.08,102714.42,19.70,47.24,-1279222.37,5.64
23:19,102679.13,30.46,16.00,102713.13,19.90,45.98,-1281900.50,5.73
23:20,102671.44,30.45,15.91,102707.36,20.03,44.94,-1285494.50,5.80
23:21,102672.36,30.39,16.04,102713.64,19.86,45.45,-1275231.25,4.51
23:22,102680.89,30.39,15.96,102706.27,20.04,44.54,-1278995.25,5.52
23:23,102672.78,30.38,16.04,102712.52,19.86,46.12,-1271529.75,4.29
23:24,102678.21,30.31,16.08,102710.39,19.75,46.26,-1284755.37,5.37
23:25,102673.27,30.25,16.16,102716.32,19.22,47.89,-1289400.37,4.96
23:26,102683.13,30.19,16.15,102711.39,19.32,47.48,-1278551.12,5.22
23:27,102678.17,30.24,16.10,102714.61,19.55,47.13,-1284665.12,5.36
23:28,102672.87,30.21,16.12,102710.71,19.47,46.77,-1286987.75,5.42
23:29,102674.69,30.18,16.12,102709.60,19.63,46.57,-1293509.87,4.44
23:30,102677.50,30.16,16.15,102711.70,19.43,47.24,-1297253.75,4.68
23:31,102680.74,30.15,16.07,102713.02,19.46,47.01,-1296590.25,5.35
23:32,102682.86,30.18,16.10,102713.40,19.69,46.38,-1292511.12,4.87
23:33,102685.40,30.22,16.25,102717.85,19.27,48.41,-1298938.87,5.32
23:34,102679.97,30.18,16.17,102719.04,19.16,48.71,-1296211.75,5.49
23:35,102679.41,30.13,16.18,102714.11,19.42,46.84,-1297601.50,4.96
23:36,102674.94,30.16,16.29,102717.42,18.95,48.50,-1295558.12,5.02
23:37,102671.74,30.06,16.16,102715.36,18.66,49.56,-1304839.37,4.69
23:38,102676.69,30.08,16.24,102715.07,18.73,49.62,-1301726.37,4.53
23:39,102667.72,30.12,16.11,102712.78,19.19,48.04,-1301218.62,4.81
23:40,102682.72,30.12,16.33,102716.10,18.97,49.44,-1300394.50,4.25
23:41,102677.66,30.14,16.18,102711.39,19.34,47.50,-1295140.75,4.77
23:42,102671.64,30.12,16.24,102718.19,19.22,48.04,-1276848.50,5.24
23:43,102678.07,30.04,16.29,102715.92,18.89,48.76,-1280249.12,5.51
23:44,102676.59,29.98,16.36,102718.00,18.99,48.79,-1298296.50,4.78
23:45,102680.35,30.07,16.33,102717.92,19.26,48.02,-1312739.50,4.82
23:46,102675.67,30.03,16.36,102718.08,19.08,49.36,-1301432.62,5.56
23:47,102676.11,30.04,16.31,102719.00,18.85,49.33,-1288572.25,5.03
23:48,102684.14,30.00,16.18,102717.75,19.26,47.90,-1310210.75,5.32
23:49,102693.69,30.01,16.25,102714.92,19.53,47.08,-1314075.37,4.47
23:50,102686.19,30.01,16.41,102724.31,19.07,49.32,-1320659.25,4.23
23:51,102679.86,30.05,16.36,102721.35,19.05,48.96,-1321682.62,5.54
23:52,102684.46,30.04,16.28,102717.63,18.99,49.21,-1322625.50,5.46
23:53,102690.39,29.97,16.35,102719.17,19.06,48.96,-1324432.00,5.23
23:54,102677.44,29.92,16.34,102715.82,19.20,48.40,-1324426.00,4.44
23:55,102680.67,30.02,16.30,102714.05,19.40,47.80,-1324258.25,5.29
23:56,102690.01,19.34,50.94,102712.41,18.58,51.43,-1319684.37,0.93
23:57,102692.42,18.29,60.18,102712.48,18.59,51.92,-1345891.25,0.64
23:58,102696.16,18.94,51.26,102713.60,18.40,52.29,-1346056.25,0.66
23:59,102678.25,27.81,21.97,102711.36,18.30,52.30,-1350052.37,5.48
0:0,102680.48,29.52,17.69,102709.89,18.55,51.13,-1351604.37,5.56
0:1,102671.82,29.74,17.03,102714.88,18.78,50.33,-1312953.12,5.49
0:2,102674.60,29.68,16.82,102712.93,18.97,49.73,-1300729.87,5.35
0:3,102674.78,29.76,16.69,102713.02,19.12,48.75,-1313292.00,5.04
0:4,102670.32,29.70,16.70,102714.58,19.04,49.71,-1314292.50,5.23
0:5,102667.67,29.76,16.77,102713.78,18.98,49.76,-1316124.00,4.26
0:6,102676.14,29.82,16.68,102710.61,18.91,50.01,-1318032.25,4.99
0:7,102673.32,29.91,16.60,102711.45,18.82,49.97,-1296845.25,5.41
0:8,102676.15,29.96,16.65,102709.94,18.91,50.30,-1305978.37,4.87
0:9,102669.28,29.94,16.53,102710.25,18.79,49.91,-1303302.75,5.63
0:10,102672.42,29.93,16.46,102710.19,19.03,48.15,-1304092.75,4.88
0:11,102675.42,29.90,16.55,102714.91,19.01,49.63,-1303624.12,4.13
0:12,102667.94,29.85,16.53,102711.66,18.84,50.69,-1295269.75,5.36
0:13,102669.88,29.80,16.61,102708.11,18.80,49.53,-1312360.50,5.68
0:14,102677.02,29.84,16.61,102706.60,18.50,52.62,-1335740.50,4.12
0:15,102672.17,29.88,16.49,102712.11,18.74,50.24,-1334868.37,4.09
0:16,102667.68,29.90,16.48,102711.14,18.99,49.51,-1335733.12,5.67
0:17,102669.85,29.83,16.45,102709.30,18.78,50.70,-1335784.62,3.73
0:18,102672.08,29.79,16.69,102707.28,18.59,51.55,-1336074.12,4.00
0:19,102667.61,29.87,16.51,102706.56,18.67,50.89,-1335184.62,4.57
0:20,102677.88,29.93,16.41,102709.28,18.89,49.48,-1335281.12,5.54
0:21,102670.22,29.88,16.40,102714.00,18.83,50.49,-1335048.62,5.28
0:22,102677.85,29.83,16.62,102708.94,18.69,49.94,-1320024.87,4.31
0:23,102675.64,29.83,16.56,102714.64,18.84,50.43,-1311519.75,3.95
0:24,102681.07,29.85,16.45,102715.80,19.04,48.82,-1317168.37,5.59
0:25,102677.02,29.78,16.55,102709.85,18.80,50.26,-1324329.12,4.92
0:26,102671.08,29.76,16.60,102711.05,18.71,51.03,-1325055.75,5.51
0:27,102669.07,29.81,16.67,102705.96,18.37,50.93,-1325152.75,4.15
0:28,102671.82,29.79,16.66,102709.21,18.69,50.39,-1325161.75,4.72
0:29,102673.86,29.79,16.52,102712.94,18.69,50.76,-1324624.62,3.71
0:30,102671.19,29.80,16.56,102709.92,18.87,50.43,-1323417.75,4.28
0:31,102678.35,29.76,16.53,102712.16,18.67,50.25,-1324224.87,4.29
0:32,102673.06,29.73,16.68,102712.07,18.37,51.92,-1324002.50,4.82
0:33,102676.08,29.73,16.62,102707.00,18.38,51.96,-1337423.25,3.91
0:34,102680.51,29.73,16.59,102709.58,18.57,51.37,-1339038.12,3.83
0:35,102662.08,29.68,16.50,102712.11,18.73,51.06,-1350095.75,4.66
0:36,102668.74,29.65,16.57,102709.96,18.72,50.79,-1353493.75,4.78
0:37,102666.93,29.62,16.55,102709.70,18.74,51.00,-1311493.75,4.69
0:38,102670.10,29.56,16.72,102702.90,18.49,51.76,-1303503.87,5.36
0:39,102669.24,29.56,16.60,102703.30,18.86,50.09,-1307572.75,3.68
0:40,102655.69,29.56,16.76,102701.42,18.35,51.93,-1312130.00,5.26
0:41,102666.86,29.57,16.66,102697.26,18.39,51.81,-1328648.62,3.76
0:42,102664.21,29.58,16.60,102704.10,18.64,50.37,-1331101.25,4.20
0:43,102663.11,29.52,16.56,102696.34,18.39,50.59,-1332701.62,5.45
0:44,102666.11,29.48,16.57,102702.44,18.66,50.49,-1333599.87,4.72
0:45,102671.32,29.44,16.74,102699.50,18.39,51.73,-1335712.25,4.36
0:46,102651.72,29.43,16.75,102695.27,18.44,51.41,-1326611.00,4.49
0:47,102661.32,29.46,16.66,102700.00,18.56,49.87,-1323546.75,4.15
0:48,102649.77,29.48,16.82,102694.16,18.28,51.91,-1318504.25,5.12
0:49,102667.94,29.54,16.62,102700.95,18.26,51.52,-1331665.75,5.32
0:50,102657.86,29.50,16.57,102699.50,18.50,50.51,-1332204.00,5.06
0:51,102667.39,29.43,16.72,102698.05,18.25,51.95,-1331384.12,4.37
0:52,102667.13,29.43,16.62,102701.05,18.53,50.46,-1335426.00,4.23
0:53,102655.85,29.37,16.86,102698.62,18.22,51.85,-1335374.75,5.14
0:54,102675.25,29.41,16.68,102698.13,18.19,51.91,-1333296.75,5.50
0:55,102669.23,29.34,16.69,102696.71,18.20,51.33,-1297298.25,5.27
0:56,102663.67,29.32,16.79,102695.27,18.33,51.21,-1351264.12,4.74
0:57,102661.03,29.37,16.78,102694.07,18.23,51.08,-1352819.50,5.58
0:58,102667.21,29.31,16.71,102698.71,18.21,51.83,-1352287.25,5.38
0:59,102664.91,29.27,16.94,102698.80,18.04,52.93,-1356741.00,4.98
1:0,102658.92,29.29,16.81,102693.81,17.73,53.73,-1357497.25,4.07
1:1,102656.71,29.30,16.81,102699.35,17.92,52.81,-1359270.62,5.14
1:2,102661.21,29.28,16.85,102690.36,17.76,53.69,-1360241.25,5.52
1:3,102663.78,29.30,16.81,102696.87,17.97,52.13,-1360169.37,4.37
1:4,102665.46,29.32,16.85,102695.77,17.94,53.27,-1360778.50,4.79
1:5,102663.10,29.30,16.86,102697.18,17.93,53.04,-1361188.12,5.68
1:6,102660.69,29.32,16.74,102696.19,18.03,51.71,-1361553.25,5.07
1:7,102666.23,29.28,16.75,102692.75,17.89,52.79,-1361701.75,5.48
1:8,102656.64,29.22,16.77,102690.69,17.84,52.07,-1362652.87,4.91
1:9,102656.64,29.17,16.83,102688.37,17.71,53.49,-1363054.87,5.30
1:10,102653.50,29.18,16.82,102687.07,17.93,52.45,-1366474.87,5.52
1:11,102661.60,29.11,16.92,102688.26,17.82,53.14,-1372889.25,5.18
1:12,102653.78,29.16,16.83,102684.44,17.85,52.91,-1372303.75,5.10
1:13,102659.80,29.13,16.91,102689.55,17.65,53.55,-1373032.75,4.54
1:14,102646.14,29.08,16.95,102689.10,17.69,52.02,-1373394.37,4.18
1:15,102660.35,29.08,16.81,102687.46,17.73,53.05,-1374723.87,5.18
1:16,102658.55,29.03,16.97,102686.41,17.85,53.01,-1376175.25,4.19
1:17,102657.42,28.95,17.03,102690.54,17.61,53.54,-1374416.75,5.41
1:18,102662.00,28.95,16.97,102689.07,17.63,53.20,-1369689.00,3.94
1:19,102658.60,28.95,17.04,102687.02,17.73,52.32,-1370482.00,3.98
1:20,102661.75,28.95,17.02,102692.28,17.44,53.34,-1369365.00,5.32
1:21,102656.14,28.92,17.01,102692.53,17.32,54.33,-1369933.25,4.78
1:22,102652.39,28.91,16.94,102690.76,17.63,53.11,-1371122.87,4.82
1:23,102656.82,28.91,17.04,102692.66,17.62,52.89,-1370463.50,5.32
1:24,102649.46,28.93,16.89,102693.50,17.95,51.37,-1368157.62,5.46
1:25,102656.75,28.88,16.85,102694.77,17.92,51.72,-1359790.50,4.38
1:26,102659.29,28.83,16.89,102695.10,17.84,52.42,-1369055.00,5.08
1:27,102667.73,28.81,16.88,102698.07,17.92,51.46,-1369112.50,4.16
1:28,102662.99,28.75,17.04,102693.80,17.60,53.14,-1369402.37,4.84
1:29,102656.27,28.75,17.07,102696.28,17.73,52.20,-1369274.25,5.16
1:30,102663.64,28.72,16.95,102697.96,17.64,52.67,-1369296.00,4.51
1:31,102660.33,28.69,17.10,102699.52,17.32,54.04,-1363271.00,5.53
1:32,102663.97,28.69,17.10,102700.66,17.35,54.18,-1338954.87,5.48
1:33,102664.57,28.72,17.06,102703.25,17.58,53.18,-1324881.62,5.34
1:34,102667.64,28.69,17.10,102701.72,17.27,54.54,-1353782.37,4.65
1:35,102667.21,28.69,17.18,102699.49,17.27,54.58,-1356344.00,5.32
1:36,102664.57,28.68,17.04,102703.86,17.54,53.45,-1358647.37,5.48
1:37,102670.52,28.68,17.22,102707.71,17.34,54.02,-1359330.25,3.86
1:38,102661.60,28.69,17.15,102704.62,17.46,53.64,-1358071.12,4.32
1:39,102669.33,28.65,17.09,102701.46,17.37,53.81,-1358792.75,4.41
1:40,102672.41,28.58,17.10,102701.03,17.47,53.44,-1359733.25,4.96
1:41,102669.86,28.55,17.12,102700.24,17.25,54.19,-1360639.12,5.49
1:42,102664.33,28.51,17.22,102701.53,17.47,53.03,-1365396.37,5.55
1:43,102670.03,28.52,17.18,102701.60,17.46,53.28,-1362686.62,4.82
1:44,102662.89,28.52,17.15,102706.00,17.33,53.95,-1362778.87,5.04
1:45,102674.61,28.47,17.26,102707.83,17.17,54.32,-1361884.37,4.50
1:46,102672.85,28.45,17.18,102705.46,17.20,53.59,-1357125.75,5.51
1:47,102678.96,28.35,17.24,102712.02,17.04,55.03,-1362483.75,5.44
1:48,102673.54,28.33,17.16,102709.09,17.45,53.13,-1363068.00,4.89
1:49,102689.02,28.30,17.28,102710.41,17.28,53.29,-1363651.37,4.27
1:50,102680.23,28.35,17.19,102707.94,17.33,52.72,-1380274.37,5.18
1:51,102678.22,28.37,17.32,102706.87,17.31,53.89,-1380022.37,4.22
1:52,102682.02,28.32,17.22,102707.93,17.05,53.87,-1382068.25,5.36
1:53,102683.71,28.31,17.31,102713.32,17.04,53.55,-1380703.87,4.87
1:54,102688.00,28.30,17.23,102710.27,17.19,53.22,-1374404.87,3.76
1:55,102676.16,28.28,17.26,102713.35,16.97,54.47,-1359199.62,5.01
1:56,102689.57,28.24,17.32,102711.60,17.09,53.56,-1338013.25,5.51
1:57,102678.78,28.24,17.22,102715.22,17.05,54.54,-1352596.25,4.95
1:58,102682.35,28.15,17.23,102714.57,17.05,53.86,-1364207.00,5.13
1:59,102684.36,28.16,17.30,102719.19,17.02,53.89,-1365020.37,5.55
2:0,102690.69,28.19,17.27,102716.05,16.89,53.80,-1364404.25,4.29
2:1,102677.42,28.18,17.24,102712.92,16.92,54.26,-1365626.37,4.78
2:2,102687.70,28.15,17.33,102716.32,17.03,52.49,-1366773.12,4.81
2:3,102676.89,28.07,17.31,102719.40,16.99,53.89,-1368370.50,4.57
2:4,102687.08,28.07,17.26,102713.61,16.86,54.83,-1368858.62,4.96
2:5,102680.83,28.01,17.38,102715.94,16.80,54.46,-1368292.87,4.18
2:6,102686.94,27.98,17.27,102711.02,17.12,53.26,-1368865.87,4.78
2:7,102680.74,27.98,17.35,102709.49,17.16,52.25,-1369664.37,5.34
2:8,102691.02,27.89,17.38,102712.78,16.98,53.71,-1369112.12,4.97
2:9,102680.39,27.89,17.49,102713.66,16.78,54.73,-1369597.75,5.29
2:10,102679.17,27.87,17.42,102711.58,16.89,54.28,-1370544.75,3.93
2:11,102684.96,27.84,17.39,102710.58,16.95,52.55,-1371379.50,5.29
2:12,102693.28,27.73,17.58,102712.69,16.64,54.59,-1374553.00,5.33
2:13,102682.30,27.77,17.40,102710.98,16.78,54.58,-1378765.87,4.09
2:14,102678.41,27.81,17.49,102713.71,16.86,54.40,-1378296.75,4.56
2:15,102689.49,27.76,17.39,102711.46,16.92,53.17,-1378350.75,4.17
2:16,102670.42,27.69,17.46,102708.69,16.83,54.24,-1379725.12,5.06
2:17,102682.75,27.73,17.45,102709.96,16.58,54.86,-1380217.75,5.10
2:18,102680.02,27.72,17.53,102707.47,16.63,55.11,-1380721.62,5.40
2:19,102669.85,27.74,17.60,102708.70,16.43,55.39,-1379974.62,5.51
2:20,102683.57,27.74,17.52,102711.05,16.65,54.91,-1381222.12,5.54
2:21,102675.62,27.70,17.49,102710.46,16.83,54.32,-1381248.25,4.67
2:22,102666.60,27.66,17.46,102711.17,16.64,55.27,-1379376.12,4.81
2:23,102673.10,27.64,17.51,102712.33,16.64,53.39,-1379435.87,4.63
2:24,102676.86,27.68,17.43,102710.25,16.64,53.91,-1380356.25,5.34
2:25,102684.99,27.67,17.42,102711.91,16.89,53.23,-1380524.62,5.31
2:26,102682.92,27.60,17.46,102714.19,16.89,52.96,-1379531.25,4.69
2:27,102689.72,27.55,17.56,102715.44,16.76,54.28,-1379996.87,5.48
2:28,102688.22,27.52,17.70,102716.56,16.44,55.01,-1380192.12,5.39
2:29,102681.07,27.56,17.58,102712.56,16.35,55.68,-1374096.25,4.85
2:30,102691.07,27.55,17.56,102715.29,16.40,55.68,-1373891.37,3.61
2:31,102694.88,27.54,17.52,102713.77,16.79,53.47,-1373848.12,4.50
2:32,102682.86,27.49,17.66,102714.45,16.49,55.22,-1373626.87,5.37
2:33,102687.11,27.49,17.49,102716.16,16.81,53.30,-1373203.75,5.49
2:34,102683.88,27.43,17.56,102713.48,16.58,54.68,-1373606.37,5.55
2:35,102672.78,27.38,17.59,102712.60,16.42,54.91,-1372487.75,4.20
2:36,102681.86,27.35,17.66,102712.49,16.35,55.00,-1365418.37,5.29
2:37,102674.66,27.36,17.69,102710.86,16.27,55.50,-1389133.37,3.91
2:38,102674.14,27.33,17.55,102709.35,16.68,52.75,-1344841.25,5.51
2:39,102680.44,27.24,17.69,102707.83,16.38,55.05,-1351873.50,4.43
2:40,102681.89,27.27,17.71,102710.62,15.98,56.36,-1347200.87,4.94
2:41,102679.91,27.23,17.79,102706.22,16.19,56.33,-1333216.12,4.93
2:42,102672.46,27.26,17.84,102709.09,16.03,54.68,-1352154.75,4.20
2:43,102682.44,27.20,17.72,102706.42,16.38,55.24,-1350258.37,4.55
2:44,102676.40,27.16,17.75,102708.25,16.35,55.21,-1335726.12,5.50
2:45,102667.53,27.23,17.70,102709.71,16.34,54.49,-1365894.62,5.40
2:46,102674.66,27.23,17.69,102707.53,16.34,54.46,-1392997.75,4.65
2:47,102684.55,27.26,17.75,102713.41,16.28,55.80,-1393608.00,4.83
2:48,102685.21,27.22,17.80,102715.28,16.51,54.81,-1392641.25,5.30
2:49,102682.28,27.21,17.80,102712.41,16.26,55.86,-1390891.87,5.23
2:50,102694.78,27.22,17.77,102717.01,16.18,56.29,-1389779.75,5.27
2:51,102683.14,27.12,17.89,102713.71,16.09,55.78,-1389800.25,4.44
2:52,102686.78,27.18,17.69,102714.37,16.31,54.53,-1383682.75,4.22
2:53,102683.05,27.21,17.71,102714.88,16.42,54.77,-1360820.25,4.20
2:54,102688.28,27.19,17.69,102713.91,16.51,54.08,-1374251.25,5.39
2:55,102679.61,27.08,17.83,102717.28,16.10,56.26,-1373658.62,4.20
2:56,102677.53,27.04,17.83,102713.66,16.06,56.44,-1397301.00,4.20
2:57,102672.25,27.00,17.95,102713.56,16.15,54.66,-1400093.12,4.68
2:58,102673.17,27.00,18.00,102711.97,16.19,55.66,-1400830.00,5.12
2:59,102677.83,27.04,17.90,102713.37,16.38,53.78,-1402067.75,4.30
3:0,102681.79,27.02,17.80,102709.50,16.13,56.18,-1401139.62,5.33
3:1,102680.50,26.99,17.96,102714.25,15.92,57.06,-1399270.25,3.82
3:2,102680.11,27.03,17.86,102715.26,16.13,55.36,-1399584.12,4.86
3:3,102673.75,27.03,17.95,102712.75,15.98,56.54,-1400034.00,4.39
3:4,102675.93,27.04,17.91,102711.17,15.94,56.60,-1399965.12,4.70
3:5,102678.17,27.09,17.85,102707.14,15.73,57.64,-1406546.00,4.78
3:6,102673.52,27.00,17.87,102712.60,15.99,57.04,-1418154.00,4.29
3:7,102682.80,27.02,17.87,102718.14,16.01,56.45,-1419648.62,4.00
3:8,102681.32,26.95,17.96,102712.72,15.84,56.64,-1419778.37,4.19
3:9,102681.71,26.94,18.00,102715.96,15.91,56.97,-1419540.25,5.24
3:10,102676.58,26.98,17.83,102710.46,15.85,55.62,-1419359.25,5.08
3:11,102674.27,26.92,17.90,102713.11,15.81,57.45,-1419352.87,5.52
3:12,102678.58,26.93,17.92,102712.08,15.79,57.17,-1420983.62,4.49
3:13,102680.42,26.93,17.83,102709.67,15.69,58.18,-1420982.37,4.82
3:14,102683.92,26.94,17.87,102715.67,15.73,56.66,-1421453.25,4.91
3:15,102671.64,26.84,17.95,102713.41,15.58,58.33,-1421600.62,5.01
3:16,102671.14,26.87,17.91,102708.60,15.78,57.67,-1422285.25,4.67
3:17,102671.52,26.88,18.00,102712.19,15.97,55.81,-1423549.75,5.50
3:18,102676.43,26.88,17.99,102709.82,15.81,57.23,-1424553.12,5.18
3:19,102666.60,26.82,17.93,102708.47,15.69,57.55,-1425653.62,4.76
3:20,102688.01,26.84,18.08,102711.92,15.65,57.14,-1425290.50,5.51
3:21,102673.97,26.82,18.02,102715.62,15.52,58.22,-1429059.12,4.94
3:22,102688.56,26.79,17.96,102710.13,15.83,55.68,-1428798.25,4.63
3:23,102679.27,26.73,18.02,102709.82,15.75,56.43,-1429004.00,4.75
3:24,102679.27,26.73,18.10,102711.22,15.48,58.23,-1424136.25,4.18
3:25,102685.53,26.66,18.11,102709.36,15.48,58.47,-1421626.62,5.43
3:26,102687.17,26.68,18.10,102715.10,15.45,58.32,-1419266.37,5.52
3:27,102684.41,26.71,18.09,102713.64,15.49,57.34,-1420471.37,4.32
3:28,102674.94,26.67,18.09,102714.57,15.60,57.18,-1415947.25,4.79
3:29,102679.10,26.65,18.11,102709.22,15.61,56.93,-1418771.62,4.16
3:30,102672.08,26.65,18.07,102715.97,15.34,59.24,-1383986.75,5.40
3:31,102676.47,26.64,18.05,102704.00,15.71,57.24,-1405611.25,5.36
3:32,102673.86,26.59,18.15,102702.55,15.69,56.85,-1412877.00,4.68
3:33,102678.99,26.55,18.06,102702.89,15.65,57.13,-1416419.62,4.92
3:34,102683.27,26.57,18.27,102708.00,15.17,59.24,-1417108.12,5.39
3:35,102668.23,26.64,18.09,102710.46,15.25,59.79,-1400595.25,4.21
3:36,102675.92,26.61,18.20,102707.88,15.42,58.63,-1405113.37,3.78
3:37,102682.13,26.61,18.15,102711.35,15.25,58.52,-1413651.12,5.01
3:38,102673.00,26.62,18.10,102711.02,15.38,58.59,-1425145.75,5.30
3:39,102673.14,26.63,18.13,102707.66,15.23,59.65,-1429220.00,5.32
3:40,102677.78,26.58,18.17,102710.13,15.30,58.71,-1433665.75,4.29
3:41,102683.47,26.58,18.21,102710.92,15.20,59.59,-1437974.75,3.67
3:42,102667.71,26.58,18.12,102706.82,15.60,57.30,-1444928.75,5.44
3:43,102674.50,26.55,18.24,102706.00,15.30,59.44,-1445698.62,5.25
3:44,102673.10,26.55,18.19,102707.44,15.40,58.04,-1446821.50,5.44
3:45,102672.25,26.55,18.29,102710.34,15.43,57.78,-1446875.50,5.36
3:46,102662.04,26.51,18.25,102709.39,15.40,58.87,-1446695.50,4.44
3:47,102673.55,26.52,18.24,102709.07,15.24,58.85,-1448088.12,4.95
3:48,102666.41,26.57,18.18,102703.87,15.29,58.21,-1448949.62,4.53
3:49,102665.14,26.47,18.24,102704.03,15.30,57.67,-1448227.62,4.45
3:50,102667.92,26.49,18.16,102705.34,15.42,56.99,-1449463.25,4.29
3:51,102669.25,26.48,18.17,102696.55,15.64,57.84,-1454985.62,5.43
3:52,102665.39,26.47,18.28,102700.27,15.59,57.10,-1456662.75,4.94
3:53,102663.17,26.44,18.17,102703.57,15.47,58.38,-1459913.00,5.32
3:54,102667.49,26.39,18.14,102706.25,15.44,57.92,-1461076.75,5.36
3:55,102664.61,26.42,18.23,102701.49,15.44,58.12,-1464100.50,4.80
3:56,102673.03,26.35,18.27,102699.97,15.64,58.03,-1464344.37,5.41
3:57,102667.94,26.33,18.28,102702.73,15.35,57.84,-1464759.37,5.45
3:58,102671.48,26.34,18.31,102706.19,15.32,58.95,-1464818.25,4.37
3:59,102665.65,26.37,18.36,102704.91,15.30,59.52,-1465485.62,4.24
4:0,102661.93,26.43,18.14,102704.38,15.58,56.98,-1465852.87,5.52
4:1,102668.25,26.40,18.22,102704.91,15.32,59.49,-1466982.50,4.54
4:2,102665.92,26.35,18.37,102705.32,15.38,58.93,-1465594.50,5.30
4:3,102659.97,26.37,18.31,102704.13,15.06,60.07,-1465672.75,5.38
4:4,102664.19,26.40,18.33,102703.80,15.13,60.15,-1466323.37,4.96
4:5,102665.61,26.39,18.26,102707.25,15.29,58.00,-1466968.50,4.87
4:6,102666.03,26.41,18.21,102707.83,15.36,58.58,-1466770.25,4.65
4:7,102672.86,26.37,18.21,102708.65,15.25,59.77,-1466480.25,5.13
4:8,102672.35,26.33,18.35,102705.42,14.97,60.20,-1465319.12,5.72
4:9,102662.19,26.35,18.22,102706.49,15.02,59.86,-1460193.87,4.00
4:10,102661.36,26.36,18.16,102706.38,15.21,58.96,-1457738.12,3.96
4:11,102673.64,26.28,18.32,102704.27,15.07,60.20,-1457325.12,5.38
4:12,102663.18,26.32,18.31,102702.07,15.14,59.92,-1390670.75,4.23
4:13,102664.67,26.33,18.38,102700.22,14.99,60.51,-1379959.00,5.45
4:14,102664.94,26.31,18.34,102706.21,15.07,59.98,-1391122.25,4.92
4:15,102661.39,26.34,18.26,102708.10,15.20,58.60,-1391933.25,4.51
4:16,102668.10,26.37,18.26,102704.87,14.96,60.64,-1392541.25,5.43
4:17,102670.43,26.33,18.21,102705.85,15.18,59.91,-1394624.50,4.72
4:18,102668.94,26.24,18.35,102706.27,15.22,59.56,-1397186.37,4.58
4:19,102681.03,26.25,18.33,102706.21,14.98,60.94,-1421707.25,5.27
4:20,102669.63,26.25,18.39,102706.48,15.23,58.60,-1421956.12,4.32
4:21,102671.10,26.22,18.25,102706.14,15.19,59.79,-1422085.87,5.53
4:22,102671.34,26.20,18.36,102705.61,14.97,60.58,-1421401.00,5.48
4:23,102676.66,26.17,18.42,102705.58,15.20,58.95,-1422443.75,5.02
4:24,102670.57,26.10,18.50,102708.42,14.93,60.22,-1419926.25,5.59
4:25,102671.55,26.14,18.41,102709.08,14.85,59.92,-1424884.50,4.16
4:26,102667.52,26.25,18.51,102703.61,14.94,60.30,-1414331.50,5.16
4:27,102663.28,26.27,18.39,102707.11,14.66,61.51,-1417956.25,4.77
4:28,102661.63,26.31,18.37,102705.62,14.80,61.58,-1420649.25,5.45
4:29,102663.60,26.26,18.46,102705.74,14.76,61.55,-1420234.87,4.38
4:30,102668.78,26.12,18.44,102706.53,14.73,61.43,-1421173.62,5.42
4:31,102662.13,26.13,18.47,102706.94,14.73,61.43,-1421861.75,3.60
4:32,102664.97,26.11,18.42,102700.64,14.83,61.07,-1423060.12,4.05
4:33,102665.71,26.11,18.44,102702.42,14.90,61.04,-1423242.37,4.88
4:34,102663.42,26.10,18.33,102697.13,15.12,59.43,-1423813.87,5.30
4:35,102665.52,26.08,18.43,102700.42,15.03,60.34,-1423428.25,5.04
4:36,102671.63,26.06,18.51,102698.69,14.75,60.82,-1423331.25,5.50
4:37,102664.85,26.06,18.57,102701.33,14.59,61.48,-1424535.37,5.43
4:38,102662.24,26.01,18.66,102702.67,14.53,62.54,-1424706.25,4.23
4:39,102655.38,26.01,18.46,102702.14,14.82,59.94,-1425600.75,4.57
4:40,102673.22,25.98,18.52,102700.50,14.77,60.75,-1425968.75,4.97
4:41,102662.92,26.01,18.52,102702.08,14.68,61.64,-1438674.75,5.50
4:42,102661.78,25.99,18.52,102703.63,14.63,61.98,-1449673.25,5.47
4:43,102664.16,26.00,18.50,102705.22,14.63,62.28,-1450567.25,5.16
4:44,102655.21,25.96,18.59,102699.32,14.56,62.48,-1451615.50,4.91
4:45,102669.38,25.95,18.70,102701.50,14.47,62.18,-1451510.37,4.68
4:46,102663.51,25.96,18.59,102697.50,14.64,62.14,-1454237.12,5.00
4:47,102659.44,25.94,18.54,102700.24,14.80,61.02,-1454507.75,4.85
4:48,102667.44,25.95,18.57,102702.35,14.68,61.98,-1454621.62,5.36
4:49,102657.82,25.91,18.65,102700.05,14.60,62.18,-1455037.75,4.74
4:50,102654.97,25.94,18.58,102695.91,14.53,62.18,-1464557.25,5.33
4:51,102660.91,25.97,18.44,102695.77,14.94,59.54,-1465685.87,3.62
4:52,102654.41,25.90,18.58,102699.40,14.71,61.68,-1458833.62,4.72
4:53,102658.38,25.90,18.53,102698.17,14.76,61.09,-1450023.00,4.23
4:54,102651.97,25.91,18.54,102694.50,14.78,60.54,-1453965.25,4.58
4:55,102653.10,25.86,18.70,102694.64,14.49,62.72,-1454769.87,5.52
4:56,102647.17,25.86,18.60,102691.28,14.64,61.64,-1456654.75,4.91
4:57,102657.57,25.84,18.64,102689.52,14.45,63.00,-1471434.87,5.30
4:58,102649.92,25.85,18.62,102691.75,14.49,62.72,-1472815.37,5.42
4:59,102662.10,25.87,18.59,102688.88,14.66,61.73,-1473033.25,5.44
5:0,102642.28,25.82,18.71,102686.30,14.51,62.55,-1472834.37,5.39
5:1,102654.31,25.84,18.62,102684.46,14.56,62.06,-1486016.50,4.43
5:2,102649.54,25.86,18.60,102686.88,14.68,60.59,-1492180.25,3.93
5:3,102656.19,25.83,18.73,102689.66,14.51,61.77,-1492567.75,4.63
5:4,102652.53,25.84,18.56,102685.94,14.46,62.62,-1493652.12,4.65
5:5,102647.52,25.81,18.65,102687.89,14.37,62.89,-1494572.62,5.29
5:6,102652.75,25.81,18.58,102691.69,14.40,62.69,-1494795.87,4.39
5:7,102650.14,25.82,18.55,102688.55,14.60,61.91,-1495851.87,4.76
5:8,102652.35,25.80,18.71,102685.27,14.60,62.24,-1497055.37,4.38
5:9,102647.36,25.82,18.66,102685.45,14.53,62.32,-1498082.50,4.43
5:10,102648.41,25.83,18.64,102685.88,14.57,62.44,-1497522.75,5.11
5:11,102648.41,25.85,18.56,102683.14,14.58,62.36,-1498477.12,4.42
5:12,102655.89,25.81,18.73,102684.86,14.53,62.09,-1498770.87,3.81
5:13,102644.42,25.83,18.70,102685.21,14.32,63.43,-1499547.75,4.96
5:14,102651.26,25.84,18.64,102689.72,14.42,62.89,-1499828.50,4.87
5:15,102651.69,25.84,18.59,102688.44,14.56,62.67,-1499635.37,4.60
5:16,102639.46,25.81,18.88,102683.28,14.21,63.57,-1500810.37,4.82
5:17,102647.19,25.80,18.59,102687.21,14.42,62.79,-1501143.62,5.06
5:18,102650.08,25.76,18.74,102688.28,14.16,64.11,-1501374.00,5.36
5:19,102653.54,25.78,18.61,102689.22,14.38,63.15,-1501166.87,5.48
5:20,102646.44,25.76,18.83,102689.46,14.27,63.53,-1501580.50,4.65
5:21,102654.95,25.81,18.73,102690.28,14.52,62.11,-1501792.62,5.34
5:22,102651.93,25.80,18.78,102687.34,14.43,62.66,-1504524.25,5.41
5:23,102641.70,25.76,18.83,102689.77,14.22,64.47,-1504593.37,5.38
5:24,102651.94,25.73,18.68,102688.16,14.47,62.63,-1505086.00,5.39
5:25,102647.66,25.73,18.70,102689.67,14.44,63.15,-1506670.00,5.33
5:26,102648.66,25.74,18.72,102692.83,14.23,63.54,-1507569.12,5.39
5:27,102652.95,25.71,18.68,102696.66,14.22,63.46,-1507653.12,5.18
5:28,102654.14,25.73,18.64,102693.20,14.37,63.15,-1508916.75,4.23
5:29,102653.61,25.70,18.68,102696.52,14.43,63.06,-1508401.25,4.31
5:30,102658.02,25.69,18.86,102696.97,14.21,64.21,-1509611.75,5.34
5:31,102664.27,25.63,18.80,102694.64,14.35,61.39,-1509996.37,5.31
5:32,102661.09,25.66,18.77,102699.24,14.41,62.58,-1511202.00,5.23
5:33,102665.57,25.66,18.82,102698.71,14.48,62.29,-1511756.87,4.23
5:34,102666.10,25.67,18.68,102702.35,14.65,61.93,-1512198.12,4.22
5:35,102651.17,25.66,18.77,102699.76,14.38,63.08,-1513076.25,5.34
5:36,102667.64,25.69,18.69,102700.50,14.30,63.37,-1513598.37,5.41
5:37,102660.60,25.67,18.80,102699.50,14.24,64.40,-1513538.00,5.36
5:38,102659.94,25.68,18.69,102700.74,14.41,61.63,-1514336.25,4.30
5:39,102654.07,25.67,18.92,102695.10,14.12,64.89,-1514163.25,4.18
5:40,102660.27,25.62,18.91,102697.41,14.05,64.39,-1513883.00,5.37
5:41,102664.85,25.60,18.76,102703.46,14.47,63.15,-1515109.75,5.05
5:42,102664.28,25.58,18.76,102702.17,14.24,63.32,-1514059.00,4.78
5:43,102662.80,25.55,18.72,102706.12,14.57,61.91,-1512561.75,5.41
5:44,102662.17,25.57,18.71,102706.65,14.57,61.56,-1513304.12,5.41
5:45,102673.50,25.56,18.84,102708.14,14.35,63.16,-1513263.50,4.38
5:46,102668.38,25.55,18.82,102707.21,14.18,63.61,-1513179.25,5.23
5:47,102671.00,25.55,18.75,102703.53,14.19,63.72,-1514184.25,5.37
5:48,102672.61,25.53,18.88,102706.86,14.02,64.20,-1514131.62,3.94
5:49,102673.50,25.51,18.77,102708.52,14.26,63.39,-1514831.50,4.45
5:50,102663.11,25.50,18.94,102710.31,13.93,64.73,-1514443.25,5.26
5:51,102670.88,25.51,18.85,102708.46,14.07,64.14,-1515239.37,5.01
5:52,102679.03,25.46,18.92,102707.44,14.14,63.81,-1515941.37,5.43
5:53,102667.78,25.48,18.87,102707.16,14.12,63.59,-1516537.50,4.93
5:54,102669.82,25.48,18.84,102705.22,14.17,63.86,-1517200.75,5.34
5:55,102671.50,25.50,18.80,102707.50,14.15,64.03,-1518073.50,3.71
5:56,102678.85,25.52,18.89,102705.75,14.16,63.86,-1518737.37,5.41
5:57,102667.67,25.57,18.64,102712.28,14.53,61.82,-1519043.62,5.10
5:58,102675.67,25.51,18.91,102711.71,14.26,63.67,-1518432.37,5.30
5:59,102674.28,25.54,18.77,102708.16,14.11,64.00,-1519524.75,4.84
6:0,102666.60,25.55,18.88,102712.89,14.30,63.73,-1519709.00,5.23
6:1,102669.83,25.55,18.76,102705.99,14.27,61.85,-1520136.37,5.07
6:2,102678.85,25.52,18.78,102709.63,14.47,62.63,-1519978.25,4.91
6:3,102672.10,25.53,18.78,102710.67,14.42,62.55,-1520779.37,5.25
6:4,102678.80,25.53,18.79,102711.67,14.36,62.55,-1520907.50,4.36
6:5,102675.67,25.55,18.84,102714.24,14.33,63.55,-1522314.00,4.53
6:6,102668.94,25.57,18.85,102712.61,14.33,63.51,-1521721.87,4.39
6:7,102678.35,25.58,18.67,102712.60,14.40,62.83,-1523398.87,5.26
6:8,102679.36,25.54,18.85,102709.71,14.23,63.02,-1523886.25,4.88
6:9,102666.52,25.53,18.73,102712.21,14.17,63.93,-1523803.25,5.48
6:10,102675.32,25.55,18.62,102708.17,14.24,62.98,-1523455.50,3.94
6:11,102671.83,25.52,18.84,102711.25,14.05,64.23,-1524567.87,3.98
6:12,102679.61,25.50,18.84,102710.61,14.04,63.33,-1524176.12,4.47
6:13,102671.08,25.53,18.74,102708.91,14.17,63.62,-1524775.62,5.48
6:14,102675.05,25.52,18.82,102712.57,14.26,63.40,-1526282.75,5.32
6:15,102678.08,25.50,18.79,102715.11,14.18,63.38,-1526440.75,4.90
6:16,102670.07,25.48,18.65,102714.55,14.40,61.85,-1527249.25,5.04
6:17,102676.03,25.49,18.83,102714.75,14.24,63.36,-1527262.75,4.29
6:18,102679.85,25.51,18.94,102718.48,14.03,65.02,-1527406.50,4.92
6:19,102687.24,25.55,18.75,102717.75,14.09,63.42,-1527629.00,4.30
6:20,102683.36,25.53,18.73,102719.58,14.14,63.72,-1529122.37,4.69
6:21,102677.50,25.53,18.87,102721.44,14.27,63.59,-1528746.50,4.22
6:22,102695.36,25.55,18.75,102730.49,14.34,62.90,-1529492.50,4.63
6:23,102689.75,25.56,18.72,102725.05,14.41,63.07,-1529291.50,5.18
6:24,102695.28,25.55,18.90,102729.55,14.18,64.11,-1529941.12,5.06
6:25,102683.83,25.59,18.73,102735.93,14.44,62.66,-1530488.12,5.39
6:26,102692.07,25.58,18.77,102733.44,14.41,61.87,-1530893.25,4.96
6:27,102699.61,25.55,18.88,102732.30,14.23,62.92,-1531438.25,5.47
6:28,102693.22,25.58,18.81,102729.79,14.14,63.14,-1531025.25,5.36
6:29,102701.09,25.61,18.72,102735.87,14.34,63.05,-1532246.00,5.19
6:30,102698.28,25.63,18.66,102730.60,14.32,63.51,-1533511.25,5.14
6:31,102693.42,25.67,18.63,102731.13,14.35,62.34,-1532855.00,5.07
6:32,102693.53,25.68,18.65,102733.36,14.34,62.98,-1533809.25,5.49
6:33,102688.78,25.60,18.75,102731.21,14.57,61.95,-1533824.25,4.61
6:34,102694.69,25.60,18.76,102728.31,14.31,63.02,-1534269.12,4.58
6:35,102689.12,25.62,18.71,102729.19,14.45,61.41,-1534924.00,4.65
6:36,102680.94,25.63,18.80,102726.60,14.50,63.28,-1535573.62,4.50
6:37,102694.36,25.62,18.88,102728.03,14.36,63.91,-1535609.25,4.78
6:38,102695.54,25.65,18.86,102726.33,14.30,64.53,-1536496.12,4.60
6:39,102687.30,25.63,18.77,102728.96,14.56,62.19,-1537655.12,4.90
6:40,102695.80,25.67,18.80,102729.03,14.43,63.71,-1537309.75,4.92
6:41,102687.90,25.69,18.70,102724.72,14.21,64.19,-1537877.87,5.10
6:42,102692.78,25.68,18.64,102724.57,14.38,63.33,-1538403.00,4.87
6:43,102692.86,25.68,18.75,102728.52,14.30,63.11,-1538204.37,4.31
6:44,102691.36,25.69,18.71,102727.71,14.25,63.99,-1538315.12,5.21
6:45,102679.07,25.70,18.67,102724.99,14.25,64.01,-1539407.75,4.57
6:46,102687.10,25.69,18.75,102726.51,14.40,63.01,-1539891.00,4.90
6:47,102690.50,25.70,18.66,102724.30,14.41,63.00,-1541076.25,4.57
6:48,102682.58,25.71,18.69,102728.13,14.40,63.31,-1540320.62,5.12
6:49,102689.78,25.72,18.68,102727.50,14.43,62.15,-1541378.62,4.19
6:50,102682.55,25.68,18.68,102728.36,14.56,61.87,-1541296.87,5.23
6:51,102684.46,25.72,18.55,102732.17,14.65,61.77,-1541797.25,4.29
6:52,102686.10,25.70,18.69,102731.47,14.76,61.91,-1542532.62,5.41
6:53,102699.19,25.74,18.67,102729.35,14.51,62.49,-1542457.75,5.16
6:54,102697.17,25.72,18.69,102731.41,14.76,61.77,-1544033.87,5.37
6:55,102685.46,25.76,18.56,102734.53,14.71,61.47,-1543491.75,4.36
6:56,102690.92,25.77,18.56,102733.78,14.96,59.24,-1544732.87,4.87
6:57,102693.38,25.79,18.55,102737.02,14.73,61.74,-1545628.87,5.08
6:58,102688.94,25.80,18.54,102738.45,14.75,61.68,-1545632.75,4.67
6:59,102695.17,25.81,18.54,102737.79,14.64,62.30,-1545758.12,5.10
7:0,102696.87,25.78,18.51,102736.36,14.70,61.73,-1546379.75,4.38
7:1,102699.55,25.83,18.46,102737.05,14.84,61.53,-1547032.12,5.34
7:2,102693.00,25.84,18.44,102741.11,14.89,60.75,-1547502.62,4.85
7:3,102701.82,25.83,18.64,102740.72,14.75,61.91,-1547369.75,4.85
7:4,102690.24,25.83,18.54,102735.53,14.78,60.90,-1548130.37,4.20
7:5,102698.53,25.81,18.54,102736.92,14.83,60.93,-1548725.62,5.05
7:6,102696.13,25.80,18.53,102737.49,14.84,59.96,-1549180.62,4.74
7:7,102700.38,25.83,18.54,102741.78,14.89,60.96,-1549743.12,4.98
7:8,102704.03,25.84,18.49,102740.55,14.75,61.06,-1549579.37,4.22
7:9,102698.50,25.82,18.41,102740.09,14.74,61.42,-1550964.75,4.40
7:10,102697.34,25.85,18.36,102745.70,14.79,61.13,-1550937.75,4.49
7:11,102701.48,25.85,18.47,102747.18,14.83,61.31,-1550930.75,4.89
7:12,102704.28,25.83,18.38,102746.32,14.87,60.03,-1551750.50,4.54
7:13,102704.44,25.85,18.31,102745.82,15.07,59.69,-1551970.75,5.41
7:14,102693.46,25.84,18.55,102743.52,14.87,61.77,-1553081.75,5.43
7:15,102708.04,25.89,18.28,102744.14,14.93,59.44,-1553009.75,5.37
7:16,102703.19,25.91,18.29,102744.94,15.00,60.54,-1553434.37,4.52
7:17,102704.60,25.95,18.40,102750.97,14.98,60.89,-1553926.12,4.87
7:18,102713.11,25.88,18.54,102748.20,14.84,61.35,-1554637.37,4.72
7:19,102701.96,25.87,18.64,102744.24,14.95,61.24,-1555024.37,5.37
7:20,102712.74,25.92,18.40,102750.19,15.10,60.39,-1555118.75,5.36
7:21,102707.22,25.95,18.59,102744.57,15.09,61.16,-1555402.75,5.18
7:22,102700.97,25.97,18.41,102739.00,15.13,61.02,-1556149.87,5.12
7:23,102696.28,25.99,18.49,102738.60,15.17,60.16,-1556567.12,4.29
7:24,102696.94,25.98,18.56,102744.85,14.92,60.98,-1556603.75,4.46
7:25,102699.60,25.96,18.45,102736.13,14.82,61.29,-1557605.12,5.09
7:26,102700.61,25.96,18.52,102738.39,14.82,61.17,-1557489.00,5.01
7:27,102693.24,25.96,18.39,102741.69,15.05,60.20,-1558911.37,5.51
7:28,102705.54,25.95,18.42,102739.53,15.19,58.39,-1558656.25,4.24
7:29,102695.50,25.95,18.32,102743.17,15.20,59.17,-1559578.25,4.40
7:30,102702.57,25.95,18.30,102737.66,15.35,56.74,-1559864.25,5.47
7:31,102713.56,25.96,18.26,102741.66,15.22,58.21,-1560233.37,5.28
7:32,102704.21,25.98,18.26,102743.16,15.23,57.90,-1561003.87,4.24
7:33,102704.95,26.02,18.25,102744.58,15.37,56.86,-1561802.25,4.52
7:34,102701.18,26.01,18.17,102743.39,15.69,56.16,-1561902.25,4.38
7:35,102708.36,26.00,18.17,102745.25,15.57,56.70,-1562397.87,5.36
7:36,102705.13,26.03,18.09,102737.82,15.86,55.33,-1562743.37,4.94
7:37,102701.36,26.03,18.11,102743.33,15.73,55.02,-1562873.50,5.38
7:38,102697.71,26.01,18.17,102736.85,15.64,56.06,-1563621.12,4.41
7:39,102693.16,26.04,18.27,102738.53,15.66,56.64,-1563920.25,3.97
7:40,102709.27,26.04,18.14,102740.79,15.53,56.19,-1563685.00,4.11
7:41,102698.76,26.02,18.19,102743.97,15.68,56.99,-1564868.75,5.17
7:42,102703.57,26.06,18.16,102740.55,15.77,55.63,-1565387.75,5.25
7:43,102702.92,26.12,18.15,102740.38,15.99,55.13,-1565873.12,5.39
7:44,102710.07,26.13,18.14,102742.35,15.97,55.53,-1565801.75,5.50
7:45,102707.25,26.07,18.30,102740.52,15.61,55.96,-1566174.37,4.68
7:46,102701.93,26.06,18.21,102747.49,15.74,55.68,-1566911.37,4.97
7:47,102700.03,26.10,18.10,102742.07,15.74,55.34,-1567357.25,4.67
7:48,102706.25,26.13,18.06,102742.50,15.99,54.06,-1567684.00,5.24
7:49,102702.24,26.11,18.26,102745.11,15.76,56.08,-1568255.12,5.05
7:50,102705.93,26.14,18.30,102742.67,15.58,57.13,-1568183.50,5.52
7:51,102705.52,26.11,18.14,102745.52,15.53,56.06,-1568711.25,5.10
7:52,102711.02,26.10,18.29,102746.91,15.32,57.66,-1568554.75,4.67
7:53,102703.46,26.07,18.43,102743.96,15.44,57.96,-1570041.87,5.53
7:54,102706.60,26.16,18.26,102745.05,15.74,56.46,-1570228.62,5.21
7:55,102699.51,26.18,18.18,102738.94,15.86,55.95,-1570814.87,4.24
7:56,102713.50,26.17,18.20,102739.37,15.85,55.87,-1570886.62,5.27
7:57,102706.09,26.13,18.31,102743.03,15.66,56.80,-1571453.62,4.94
7:58,102706.42,26.15,18.31,102737.17,15.88,56.47,-1572053.37,5.35
7:59,102710.38,26.14,18.37,102738.22,15.81,56.22,-1572377.75,4.94
8:0,102710.38,26.22,18.21,102737.55,15.93,55.93,-1572924.87,5.30
8:1,102700.64,26.25,18.09,102739.53,15.76,55.90,-1573024.25,4.90
8:2,102702.54,26.29,17.95,102733.87,15.82,55.80,-1573586.50,5.20
8:3,102694.44,26.24,18.04,102741.32,15.54,56.62,-1573483.00,4.65
8:4,102711.54,26.17,18.17,102736.00,15.64,56.18,-1574654.37,4.41
8:5,102697.83,26.17,18.17,102740.03,15.69,56.58,-1575303.62,5.10
8:6,102696.94,26.21,18.08,102732.82,15.96,55.02,-1575703.37,3.68
8:7,102691.67,26.20,18.10,102738.58,15.71,56.16,-1575836.12,4.29
8:8,102703.53,26.22,18.22,102739.89,15.66,56.57,-1576289.25,5.39
8:9,102697.00,26.19,18.08,102729.71,15.84,55.15,-1576835.37,4.96
8:10,102706.61,26.18,18.14,102732.64,15.98,54.23,-1577223.62,4.45
8:11,102704.84,26.18,18.08,102734.42,15.83,55.76,-1577906.75,5.32
8:12,102696.53,26.21,17.99,102736.28,16.11,53.34,-1578036.37,4.93
8:13,102708.88,26.28,18.04,102736.91,16.30,53.58,-1578709.75,5.41
8:14,102700.30,26.33,17.99,102737.50,16.07,54.78,-1578917.25,4.56
8:15,102700.86,26.34,18.15,102733.28,16.04,55.40,-1579393.75,4.66
8:16,102693.25,26.39,17.95,102737.46,16.26,53.81,-1579936.87,5.33
8:17,102701.21,26.42,18.02,102740.86,16.20,54.60,-1580648.12,5.45
8:18,102701.53,26.41,18.01,102739.58,16.20,53.91,-1580682.25,5.25
8:19,102696.53,26.36,17.87,102737.05,15.84,54.33,-1580772.75,4.78
8:20,102699.46,26.35,17.87,102740.64,15.82,54.86,-1581752.75,4.14
8:21,102697.28,26.38,17.98,102738.89,15.94,54.96,-1582546.25,5.54
8:22,102697.75,26.46,17.97,102742.63,16.22,55.14,-1582827.75,4.65
8:23,102709.32,26.50,18.01,102746.24,16.16,54.84,-1582650.75,4.94
8:24,102700.33,26.50,17.94,102737.71,15.97,55.12,-1582957.37,5.06
8:25,102706.16,26.47,17.83,102739.66,15.98,54.31,-1583939.75,4.74
8:26,102700.64,26.49,17.81,102738.47,16.38,52.03,-1584329.25,4.92
8:27,102695.11,26.56,17.74,102736.60,16.75,51.84,-1584827.75,4.35
8:28,102706.53,26.51,17.73,102740.21,16.39,52.56,-1584827.75,4.36
8:29,102696.13,26.46,17.80,102735.11,16.40,51.64,-1585243.87,4.78
8:30,102692.19,26.52,17.86,102736.27,16.46,52.34,-1586119.50,5.40
8:31,102700.97,26.57,17.84,102735.10,16.45,52.93,-1586633.37,4.91
8:32,102702.08,26.59,17.70,102730.60,16.42,52.32,-1586294.75,4.33
8:33,102695.79,26.62,17.74,102734.75,16.33,53.37,-1587004.12,4.39
8:34,102695.36,26.56,17.67,102734.47,16.46,51.42,-1587453.00,5.03
8:35,102694.96,26.49,17.61,102736.60,16.60,50.41,-1588030.62,4.73
8:36,102697.21,26.53,17.75,102739.03,16.54,52.07,-1588774.50,4.58
8:37,102692.80,26.61,17.60,102734.30,16.75,50.77,-1588981.50,4.36
8:38,102692.47,26.64,17.69,102736.26,16.66,52.06,-1589565.00,4.32
8:39,102682.89,26.61,17.85,102730.89,16.42,53.29,-1589882.75,5.28
8:40,102700.60,26.63,17.64,102738.24,16.53,51.29,-1590330.87,5.62
8:41,102704.30,26.65,17.63,102734.43,16.49,51.48,-1590244.25,4.83
8:42,102696.22,26.62,17.68,102739.86,16.47,52.24,-1591231.75,5.63
8:43,102692.73,26.62,17.59,102735.13,16.45,51.97,-1591679.87,5.48
8:44,102695.86,26.70,17.49,102737.36,16.73,50.92,-1592087.25,5.53
8:45,102702.86,26.76,17.44,102737.75,17.13,48.96,-1592650.25,5.14
8:46,102694.27,26.81,17.55,102738.57,17.26,48.46,-1592594.87,5.00
8:47,102697.85,26.95,17.61,102738.97,17.50,50.24,-1593028.37,4.45
8:48,102702.80,26.99,17.66,102742.66,16.90,51.54,-1593502.75,5.04
8:49,102703.87,26.95,17.47,102743.92,16.88,50.74,-1593803.75,4.64
8:50,102699.29,26.89,17.47,102740.28,16.80,49.61,-1594408.75,4.54
8:51,102699.71,26.95,17.35,102739.96,17.10,49.50,-1594955.62,5.35
8:52,102707.71,27.01,17.52,102745.25,17.08,51.61,-1595610.37,4.54
8:53,102708.50,27.11,17.46,102742.63,17.18,50.10,-1596010.25,4.20
8:54,102702.58,27.21,17.43,102741.01,17.15,51.57,-1596160.12,4.83
8:55,102701.58,27.22,17.25,102746.05,17.17,50.54,-1596423.37,4.54
8:56,102704.46,27.25,17.36,102745.47,17.07,51.39,-1596798.87,4.29
8:57,102699.08,27.21,17.30,102739.07,17.06,50.56,-1597229.37,4.34
8:58,102701.38,27.18,17.46,102741.41,16.90,51.66,-1597959.25,4.48
8:59,102704.88,27.22,17.29,102738.20,17.30,49.02,-1598515.75,4.38
9:0,102694.44,27.22,17.45,102738.85,16.92,50.64,-1598522.37,5.24
9:1,102700.79,27.21,17.40,102742.10,16.86,51.27,-1599500.50,4.53
9:2,102704.56,27.28,17.28,102745.96,17.37,49.57,-1600039.12,4.22
9:3,102714.19,27.37,17.32,102744.27,17.19,50.31,-1600104.87,5.57
9:4,102711.28,27.49,17.21,102748.72,17.23,49.95,-1601117.00,4.25
9:5,102713.94,27.59,17.24,102748.72,17.73,49.30,-1601329.75,4.53
9:6,102716.35,27.66,17.09,102747.00,17.84,49.58,-1601530.62,4.16
9:7,102701.55,27.76,17.00,102743.20,17.70,49.50,-1601632.75,4.60
9:8,102703.38,27.73,17.20,102745.74,17.88,49.30,-1602502.25,5.51
9:9,102714.52,27.74,17.09,102743.94,17.68,48.70,-1602585.62,5.31
9:10,102699.69,27.68,17.10,102739.82,17.66,48.19,-1603223.75,4.65
9:11,102703.24,27.76,17.07,102739.92,17.94,48.15,-1603607.87,4.66
9:12,102705.92,27.90,16.99,102737.58,18.23,47.95,-1604127.37,5.54
9:13,102702.23,27.98,16.98,102739.14,18.16,48.02,-1604017.12,5.57
9:14,102701.53,28.14,16.96,102733.53,18.37,47.88,-1604398.75,4.21
9:15,102702.28,28.07,16.82,102739.22,17.84,47.66,-1604865.87,5.57
9:16,102707.10,28.05,16.97,102737.94,18.19,48.16,-1605815.62,4.81
9:17,102697.13,28.15,17.12,102738.67,18.30,47.96,-1605946.25,5.46
9:18,102698.94,28.22,17.00,102739.05,17.73,49.10,-1606828.00,4.80
9:19,102703.37,28.03,16.88,102741.15,17.88,48.80,-1606987.75,4.67
9:20,102704.99,28.06,17.07,102737.02,18.06,47.51,-1607549.75,5.61
9:21,102703.75,28.17,17.06,102739.77,18.20,48.26,-1608005.62,5.30
9:22,102715.23,28.18,16.87,102738.07,18.00,48.29,-1608319.25,5.42
9:23,102704.38,28.05,16.93,102740.63,17.85,48.65,-1608711.12,5.03
9:24,102698.51,28.05,16.80,102736.46,18.02,48.24,-1609529.25,5.27
9:25,102699.17,28.18,16.97,102738.07,18.01,49.82,-1610026.25,5.53
9:26,102698.46,28.34,16.82,102735.32,18.42,46.68,-1610256.25,4.64
9:27,102700.11,28.41,16.74,102735.55,18.31,48.00,-1610697.25,4.25
9:28,102701.21,28.43,16.72,102730.64,18.35,47.37,-1610620.25,5.62
9:29,102696.86,28.43,16.92,102736.71,18.58,47.22,-1611103.75,5.59
9:30,102687.58,28.38,16.76,102729.05,18.03,48.61,-1611672.75,4.87
9:31,102701.12,28.24,16.65,102734.69,17.66,48.61,-1612014.00,5.35
9:32,102691.71,28.15,16.83,102733.61,17.76,48.38,-1613072.50,5.00
9:33,102702.25,28.25,16.87,102738.53,17.78,49.27,-1613603.12,5.60
9:34,102691.60,28.47,16.89,102738.92,18.20,48.85,-1614131.75,5.57
9:35,102709.21,28.44,16.79,102746.21,18.15,48.22,-1614307.87,4.96
9:36,102704.25,28.42,16.67,102744.10,18.16,48.01,-1614477.00,5.65
9:37,102715.91,28.46,16.68,102743.57,18.32,47.60,-1615194.75,4.27
9:38,102701.55,28.57,16.54,102750.25,18.65,45.78,-1615777.50,4.40
9:39,102703.60,28.68,16.59,102748.38,18.72,46.26,-1615988.25,5.01
9:40,102705.97,28.68,16.63,102746.50,18.73,46.51,-1616482.25,5.63
9:41,102709.17,28.82,16.63,102752.47,18.94,46.27,-1616814.50,4.22
9:42,102703.31,28.72,16.45,102745.22,18.54,46.67,-1616884.50,4.25
9:43,102710.02,28.86,16.71,102749.04,18.69,47.70,-1617907.87,4.32
9:44,102721.69,29.12,16.50,102754.61,18.89,47.24,-1618318.37,4.67
9:45,102715.27,29.17,16.52,102752.22,19.03,46.06,-1618283.50,5.64
9:46,102713.70,29.04,16.28,102751.39,18.98,45.72,-1618938.25,5.61
9:47,102709.66,28.85,16.26,102752.13,18.78,45.29,-1618969.00,4.70
9:48,102716.39,28.82,16.69,102754.86,18.83,47.64,-1619542.62,4.42
9:49,102715.03,29.03,16.67,102758.55,18.89,46.82,-1619775.50,4.56
9:50,102713.17,28.90,16.34,102752.50,18.77,46.28,-1620454.75,4.94
9:51,102708.74,28.85,16.42,102751.97,18.71,45.76,-1620798.50,4.36
9:52,102707.27,28.62,16.52,102751.24,18.86,45.11,-1621206.12,4.60
9:53,102714.86,28.82,16.57,102756.63,18.97,46.30,-1621671.25,4.96
9:54,102714.71,28.94,16.43,102753.30,18.72,46.06,-1621859.37,5.09
9:55,102718.96,28.94,16.43,102751.89,19.05,45.42,-1622548.25,4.28
9:56,102701.93,28.93,16.49,102756.10,18.87,45.84,-1622997.87,4.35
9:57,102709.94,28.72,16.27,102752.28,18.95,43.96,-1623199.75,4.44
9:58,102712.54,28.80,16.45,102756.67,19.27,42.88,-1623966.50,4.77
9:59,102720.91,29.14,16.50,102757.88,19.54,44.26,-1624411.00,5.69
10:0,102710.34,29.25,16.24,102756.50,19.71,43.11,-1624024.87,5.69
10:1,102721.50,29.26,16.30,102764.21,19.54,43.65,-1623784.50,5.63
10:2,102723.94,29.32,16.20,102767.95,19.42,43.91,-1623959.37,5.27
10:3,102727.42,29.41,16.17,102770.06,19.51,43.93,-1624582.25,5.31
10:4,102739.46,29.30,16.03,102771.58,19.30,43.26,-1624859.25,4.67
10:5,102735.05,29.16,16.09,102773.49,19.08,44.38,-1625301.12,4.90
10:6,102735.40,29.16,16.28,102773.84,19.13,45.46,-1626086.25,4.79
10:7,102731.74,29.16,16.10,102775.03,19.13,43.23,-1625989.62,4.50
10:8,102729.16,29.06,16.07,102772.75,19.14,43.62,-1626518.87,5.45
10:9,102737.25,29.07,16.13,102777.03,19.49,42.52,-1626633.50,5.36
10:10,102733.30,29.29,16.20,102774.58,19.65,43.07,-1623832.62,4.76
10:11,102732.35,29.40,16.14,102772.40,19.94,42.52,-1617852.75,5.02
10:12,102727.55,29.22,16.03,102775.33,19.55,43.09,-1617087.37,4.55
10:13,102737.32,29.14,16.12,102777.09,19.28,43.07,-1617474.25,5.12
10:14,102729.07,29.33,16.17,102776.17,19.28,43.95,-1618077.25,4.29
10:15,102732.50,29.55,16.12,102771.96,19.72,43.20,-1618837.75,5.02
10:16,102734.67,29.78,16.05,102773.38,20.03,42.55,-1618540.50,5.16
10:17,102734.85,29.73,16.00,102777.18,20.19,42.13,-1618796.75,5.54
10:18,102731.05,29.94,16.02,102770.75,20.45,41.20,-1609347.87,5.70
10:19,102736.90,30.02,15.80,102776.41,20.02,42.05,-1605733.25,4.94
10:20,102737.96,29.85,15.78,102772.02,19.78,41.88,-1607271.62,5.27
10:21,102739.19,29.78,15.85,102779.14,19.58,43.71,-1607484.87,5.49
10:22,102743.06,29.71,15.72,102776.86,19.55,42.79,-1608000.00,4.36
10:23,102740.00,29.52,15.81,102777.46,19.77,42.40,-1608747.62,5.70
10:24,102733.38,29.65,15.90,102781.25,19.67,42.48,-1608505.37,4.54
10:25,102740.13,29.61,15.91,102779.07,19.78,42.59,-1609447.25,4.85
10:26,102728.69,29.57,16.02,102780.03,19.97,42.82,-1609376.25,4.26
10:27,102740.91,29.74,16.09,102774.85,19.70,42.50,-1609970.12,5.74
10:28,102736.13,29.83,16.05,102771.64,20.37,41.52,-1610298.75,5.68
10:29,102738.26,29.83,15.93,102767.43,20.42,40.81,-1610737.25,4.43
10:30,102737.24,30.15,15.89,102770.41,20.82,40.63,-1610874.25,4.34
10:31,102731.02,30.15,15.67,102768.53,20.62,40.00,-1610981.37,5.37
10:32,102719.00,30.01,15.79,102766.80,20.55,40.55,-1610768.25,5.34
10:33,102728.61,30.28,15.81,102767.27,20.95,39.60,-1587156.75,5.57
10:34,102737.00,30.35,15.87,102763.73,20.61,41.25,-1585467.75,4.93
10:35,102728.58,30.46,15.92,102762.39,20.41,42.36,-1585876.50,4.54
10:36,102724.62,30.48,15.72,102762.49,20.57,41.10,-1586651.25,5.36
10:37,102723.38,30.46,15.73,102762.46,20.94,40.01,-1586397.37,5.59
10:38,102725.14,30.48,15.68,102763.13,20.90,41.30,-1584933.75,4.85
10:39,102720.64,30.55,15.53,102761.41,21.09,39.46,-1609199.62,4.63
10:40,102720.17,30.64,15.71,102759.47,20.93,40.86,-1609603.00,5.68
10:41,102732.91,30.74,15.47,102759.07,21.52,38.00,-1618540.12,4.69
10:42,102726.46,30.68,15.48,102757.06,21.21,39.11,-1615890.87,5.72
10:43,102723.21,30.77,15.52,102762.24,21.26,39.80,-1550878.25,5.68
10:44,102719.97,30.67,15.15,102757.64,20.90,39.41,-1572756.25,5.68
10:45,102728.85,30.57,15.62,102759.41,20.66,41.35,-1570237.62,4.54
10:46,102727.20,30.74,15.64,102759.85,20.85,40.85,-1556525.37,5.59
10:47,102727.72,31.06,15.47,102760.64,21.26,40.07,-1591960.37,5.59
10:48,102720.42,31.10,15.24,102758.29,21.46,38.88,-1602309.00,4.36
10:49,102726.38,30.84,15.13,102758.30,21.37,38.06,-1603862.75,4.47
10:50,102728.32,30.87,15.30,102761.35,21.64,38.14,-1603500.62,5.74
10:51,102717.46,30.97,15.10,102757.02,21.73,36.76,-1598373.50,5.03
10:52,102716.92,30.74,14.98,102756.36,21.57,36.25,-1607479.62,5.15
10:53,102714.22,30.59,15.42,102751.75,21.72,36.58,-1581326.00,5.36
10:54,102703.19,30.90,15.35,102754.21,21.72,37.70,-1539427.37,5.72
10:55,102710.07,30.95,15.18,102755.05,21.24,39.23,-1556110.25,5.58
10:56,102710.05,30.74,15.29,102754.86,20.76,39.89,-1557532.00,4.87
10:57,102712.13,30.46,15.34,102753.99,20.44,40.60,-1559633.50,5.59
10:58,102708.44,30.50,15.37,102752.25,20.90,38.68,-1560599.00,4.58
10:59,102720.80,30.61,15.53,102749.77,20.84,39.76,-1562891.75,4.36
11:0,102711.60,30.61,15.45,102752.97,21.11,38.82,-1564101.62,4.90
11:1,102718.74,30.66,15.30,102755.26,21.15,37.26,-1563325.75,4.36
11:2,102713.46,30.49,15.25,102755.03,21.27,37.20,-1563229.25,4.89
11:3,102711.67,30.40,15.09,102749.66,21.49,35.75,-1564162.12,5.69
11:4,102711.54,30.31,15.42,102747.71,21.58,35.90,-1570155.75,4.28
11:5,102703.39,30.71,15.59,102744.28,21.24,38.64,-1570365.87,4.47
11:6,102703.13,30.99,15.33,102737.39,21.75,37.68,-1570018.75,5.60
11:7,102694.34,31.04,15.09,102734.69,21.69,37.06,-1571268.25,5.68
11:8,102687.49,31.10,15.19,102736.49,22.00,36.44,-1612399.25,4.79
11:9,102691.38,30.94,15.08,102735.57,21.53,37.58,-1616421.37,5.54
11:10,102696.90,31.04,15.36,102729.97,21.80,37.51,-1617398.75,5.72
11:11,102693.86,31.32,15.18,102734.44,22.12,36.73,-1617625.00,5.62
11:12,102686.03,31.16,14.94,102729.57,21.98,35.63,-1618970.62,4.98
11:13,102697.25,31.05,15.02,102731.01,21.62,36.90,-1619273.25,5.52
11:14,102688.06,30.95,14.93,102732.22,21.81,35.60,-1619032.25,4.76
11:15,102694.53,30.94,15.03,102731.92,21.59,36.81,-1619049.25,4.30
11:16,102692.77,31.09,15.10,102731.96,21.76,36.26,-1620042.00,5.36
11:17,102694.52,31.06,14.92,102735.41,21.70,35.96,-1620147.37,4.32
11:18,102696.16,30.95,15.09,102736.00,21.79,36.61,-1620127.87,5.59
11:19,102694.17,30.99,15.13,102734.33,21.85,36.70,-1620480.75,5.61
11:20,102695.21,31.19,15.07,102736.74,22.26,35.70,-1625708.62,4.43
11:21,102692.78,31.16,15.08,102733.65,22.07,36.28,-1634641.50,4.77
11:22,102686.88,31.03,14.94,102728.89,21.86,36.21,-1635552.00,5.72
11:23,102692.50,30.96,14.95,102727.83,21.62,36.36,-1635782.00,5.63
11:24,102692.20,30.98,15.01,102727.85,22.07,35.67,-1638226.75,5.28
11:25,102691.35,31.04,15.19,102726.32,21.84,37.19,-1640536.50,5.63
11:26,102679.09,31.21,15.11,102720.13,21.84,37.14,-1640627.12,5.32
11:27,102676.78,31.31,14.88,102714.35,22.20,35.29,-1640780.37,5.57
11:28,102675.80,31.30,15.01,102718.35,22.42,35.90,-1641114.37,5.57
11:29,102678.92,31.55,14.92,102712.28,22.66,35.08,-1641435.87,4.41
11:30,102680.19,31.53,14.85,102713.10,22.13,35.72,-1639383.50,5.57
11:31,102673.71,31.37,14.92,102717.50,21.84,35.76,-1639921.62,5.50
11:32,102677.39,31.28,14.89,102710.82,21.66,37.32,-1640932.75,5.43
11:33,102670.28,31.46,14.81,102706.56,22.14,35.39,-1640758.00,5.58
11:34,102681.57,31.55,14.83,102714.58,22.45,35.07,-1649045.87,4.99
11:35,102680.28,31.47,14.74,102712.05,21.95,35.93,-1654277.25,5.48
11:36,102671.57,31.46,14.81,102708.60,22.20,34.91,-1654683.75,5.30
11:37,102667.17,31.15,14.64,102705.11,22.07,34.54,-1654811.62,5.23
11:38,102672.60,31.26,15.00,102703.10,22.62,34.30,-1654969.25,4.91
11:39,102668.66,31.62,14.86,102705.91,22.80,34.65,-1655398.25,4.39
11:40,102670.32,31.89,14.76,102709.57,22.96,34.11,-1650638.50,4.41
11:41,102664.23,31.80,14.55,102703.75,22.52,34.11,-1651251.75,4.84
11:42,102665.21,31.44,14.63,102703.21,22.51,34.36,-1652138.00,5.33
11:43,102667.44,31.30,14.60,102700.93,22.43,33.71,-1652115.25,5.56
11:44,102660.43,31.30,14.88,102700.28,22.45,34.77,-1652336.75,5.62
11:45,102665.47,31.43,14.71,102704.12,22.47,34.19,-1652978.12,4.35
11:46,102662.86,31.46,14.47,102707.32,22.58,32.68,-1653172.25,4.43
11:47,102669.18,31.26,14.52,102704.36,22.60,32.56,-1653496.25,5.63
11:48,102653.94,31.16,14.54,102695.79,22.17,32.96,-1654116.62,4.88
11:49,102661.37,31.22,14.86,102694.24,22.48,32.93,-1654373.12,5.56
11:50,102660.30,31.13,14.53,102687.48,22.31,31.95,-1653960.12,5.36
11:51,102648.13,31.01,14.71,102692.14,22.62,32.60,-1654612.00,4.78
11:52,102650.49,31.27,14.68,102691.24,22.87,32.23,-1654328.50,4.80
11:53,102652.74,31.48,14.64,102691.79,23.20,32.05,-1649469.37,5.61
11:54,102651.94,31.74,14.45,102688.13,23.30,31.30,-1652707.87,4.36
11:55,102647.66,31.47,14.30,102686.82,22.83,31.37,-1653259.12,4.68
11:56,102646.03,31.31,14.52,102683.46,22.98,31.63,-1653414.00,5.05
11:57,102653.99,22.00,42.41,102685.39,23.03,33.27,-1653174.75,0.90
11:58,102665.72,19.70,55.43,102687.07,22.61,33.48,-1660354.75,0.66
11:59,102661.11,21.51,35.27,102687.13,22.39,34.20,-1660832.25,0.66
12:0,102662.03,28.81,19.79,102688.39,22.16,34.39,-1661788.62,5.39
12:1,102660.75,30.76,15.62,102694.75,22.61,32.46,-1662400.50,5.56
12:2,102663.63,31.13,15.08,102699.64,22.76,32.04,-1662297.00,4.44
12:3,102658.85,31.07,14.71,102702.96,23.11,29.94,-1661400.87,4.37
12:4,102661.67,30.88,14.60,102703.51,22.85,29.98,-1661906.00,4.33
12:5,102660.27,30.56,14.43,102699.67,22.40,30.30,-1662178.87,5.34
12:6,102660.41,30.59,14.75,102700.32,22.62,30.87,-1662473.87,5.58
12:7,102658.94,30.65,14.80,102695.46,22.50,30.79,-1663071.12,4.72
12:8,102648.75,30.69,14.74,102693.86,22.73,31.01,-1662597.75,4.65
12:9,102646.33,30.75,14.67,102689.03,22.80,30.22,-1662927.00,4.94
12:10,102651.07,30.98,14.78,102689.11,23.23,30.17,-1640895.37,5.71
12:11,102649.33,31.30,14.89,102691.72,23.10,32.91,-1629057.37,5.15
12:12,102649.91,31.58,14.54,102688.57,22.97,30.76,-1627928.12,4.61
12:13,102641.10,31.26,14.45,102686.19,22.96,30.63,-1624708.25,5.43
12:14,102644.89,31.25,14.55,102692.37,23.18,30.52,-1604981.50,5.38
12:15,102651.38,31.44,14.82,102697.72,23.43,31.34,-1662229.25,5.14
12:16,102646.36,31.62,14.49,102694.48,23.31,30.47,-1662721.12,4.49
12:17,102653.55,31.46,14.48,102687.90,23.56,29.60,-1662725.12,5.27
12:18,102647.10,31.33,14.12,102690.89,23.38,28.77,-1662205.62,4.40
12:19,102644.46,31.07,14.35,102694.07,23.33,29.15,-1662110.50,4.50
12:20,102653.35,31.25,14.39,102689.46,23.87,28.11,-1641590.00,4.91
12:21,102644.36,31.49,14.25,102687.30,23.94,27.97,-1634467.37,5.52
12:22,102653.73,31.32,14.35,102690.75,23.65,28.45,-1637440.87,5.10
12:23,102652.78,31.39,14.40,102695.35,23.41,29.51,-1638919.75,5.37
12:24,102649.88,31.31,14.24,102692.19,22.86,29.59,-1639139.37,4.69
12:25,102645.57,31.02,14.16,102690.50,23.23,28.24,-1639657.37,4.56
12:26,102652.88,31.13,14.27,102688.74,23.32,28.02,-1639339.50,5.59
12:27,102650.49,31.19,14.28,102683.19,23.51,27.88,-1639438.75,5.34
12:28,102644.92,31.37,14.27,102688.21,23.93,27.71,-1639410.25,5.59
12:29,102648.57,31.69,14.34,102682.83,24.28,28.75,-1638991.87,5.33
12:30,102653.47,31.72,14.06,102684.92,23.74,26.77,-1639622.75,4.63
12:31,102643.35,31.35,13.91,102685.22,23.78,26.58,-1639779.75,5.52
12:32,102645.53,31.05,13.87,102689.33,23.45,26.21,-1639772.87,5.64
12:33,102645.75,30.82,14.18,102687.03,23.47,26.97,-1640228.00,5.23
12:34,102643.38,30.91,14.34,102685.92,23.33,27.85,-1640573.12,5.45
12:35,102634.04,31.01,14.14,102678.17,23.68,26.63,-1640766.25,5.13
12:36,102645.91,30.82,14.01,102679.21,23.55,26.23,-1640864.00,4.85
12:37,102643.25,31.01,14.42,102677.83,23.75,27.67,-1641545.75,5.60
12:38,102654.24,31.33,14.27,102674.53,24.18,27.38,-1642862.25,4.72
12:39,102654.37,31.36,13.89,102690.71,23.90,26.23,-1643179.00,5.66
12:40,102652.19,31.31,13.99,102683.96,24.19,25.79,-1643625.37,4.89
12:41,102654.58,31.33,14.04,102688.86,24.15,25.95,-1645241.37,5.66
12:42,102648.98,31.50,14.21,102682.24,24.54,26.22,-1643549.75,5.32
12:43,102646.74,31.64,14.09,102679.61,24.38,27.06,-1632948.12,4.51
12:44,102648.10,31.63,14.03,102680.69,24.37,26.25,-1630880.25,5.52
12:45,102640.99,31.55,13.63,102677.62,23.67,24.93,-1636669.50,4.40
12:46,102637.46,31.15,13.97,102675.57,23.84,26.24,-1637722.50,5.40
12:47,102634.52,31.19,13.82,102675.27,23.75,25.44,-1637903.62,4.58
12:48,102640.88,31.23,13.93,102675.49,23.80,25.87,-1637993.37,4.30
12:49,102632.38,31.39,13.90,102673.54,24.08,25.35,-1637785.25,4.74
12:50,102642.02,31.47,13.92,102670.56,24.14,26.16,-1637909.12,4.55
12:51,102639.60,31.30,13.96,102679.27,23.95,26.14,-1637850.37,5.45
12:52,102636.60,31.36,13.89,102676.60,23.61,25.77,-1638590.37,4.81
12:53,102643.00,31.34,13.96,102679.66,23.62,25.93,-1638889.25,5.14
12:54,102635.38,31.28,13.88,102679.04,24.01,26.35,-1638538.00,5.52
12:55,102651.60,31.32,14.15,102680.38,23.99,26.68,-1639160.87,4.45
12:56,102639.88,31.54,13.88,102673.11,24.18,25.55,-1638577.37,5.50
12:57,102646.29,31.38,13.74,102676.35,24.06,25.21,-1622763.75,5.57
12:58,102641.64,31.15,13.86,102676.22,23.72,25.30,-1626241.25,5.39
12:59,102646.09,31.30,13.95,102673.50,24.21,25.21,-1626639.50,4.91
13:0,102639.95,31.25,13.81,102675.76,24.17,24.71,-1627072.87,5.63
13:1,102637.55,31.30,13.94,102676.53,24.51,24.91,-1627632.12,5.54
13:2,102644.36,31.58,14.03,102676.85,24.40,25.96,-1620566.75,4.94
13:3,102642.99,31.67,14.08,102678.42,24.71,26.16,-1634438.25,4.26
13:4,102647.53,31.90,13.82,102679.57,25.04,24.72,-1632495.62,4.44
13:5,102650.39,31.80,13.99,102678.16,24.28,27.06,-1630023.87,4.43
13:6,102650.14,32.06,14.03,102678.03,24.42,27.11,-1629398.87,5.32
13:7,102645.83,32.26,13.86,102681.00,24.45,27.29,-1629682.62,5.63
13:8,102644.03,32.25,13.78,102679.74,24.49,26.79,-1628628.00,5.63
13:9,102645.49,32.25,13.77,102680.75,24.78,26.12,-1579962.87,5.68
13:10,102649.77,32.23,13.72,102684.30,24.67,26.53,-1577311.25,5.03
13:11,102647.57,31.95,13.58,102679.57,24.16,25.74,-1579723.25,4.91
13:12,102650.40,31.72,13.68,102683.14,24.11,25.87,-1575039.62,5.70
13:13,102645.89,31.57,13.80,102685.80,23.90,26.44,-1572426.25,4.42
13:14,102642.05,31.84,14.04,102678.42,24.62,26.35,-1577898.25,5.19
13:15,102640.47,31.93,13.74,102675.11,24.58,25.58,-1562525.75,5.68
13:16,102642.40,31.91,13.76,102672.56,24.76,24.92,-1581752.25,4.86
13:17,102636.28,31.81,13.78,102670.25,24.92,24.46,-1586412.25,4.84
13:18,102639.58,31.75,13.58,102661.69,24.70,24.05,-1587985.50,4.78
13:19,102630.05,31.62,13.86,102670.03,24.70,24.78,-1589729.50,4.44
13:20,102640.53,31.77,13.83,102665.76,24.44,26.02,-1609457.37,5.46
13:21,102630.72,31.70,13.92,102660.66,24.04,27.23,-1610764.00,4.79
13:22,102624.50,31.53,13.97,102664.60,23.98,26.49,-1611001.12,4.37
13:23,102616.28,31.68,14.19,102653.05,24.06,27.36,-1610582.25,5.72
13:24,102622.41,31.76,13.90,102658.30,24.12,26.60,-1611440.62,4.97
13:25,102617.74,31.61,13.85,102655.56,24.25,25.62,-1610938.25,4.27
13:26,102635.75,31.68,13.95,102659.72,24.27,26.15,-1611238.25,5.54
13:27,102618.44,31.54,13.90,102656.71,23.83,26.04,-1611167.75,5.54
13:28,102613.89,31.44,14.06,102655.91,24.29,26.06,-1610734.12,5.70
13:29,102626.94,31.90,14.02,102654.66,24.95,25.49,-1610867.37,5.48
13:30,102623.18,32.13,13.89,102653.64,24.78,26.56,-1610145.25,5.42
13:31,102626.39,31.89,13.72,102648.73,24.14,26.46,-1609520.25,4.98
13:32,102620.96,31.78,13.98,102652.00,24.43,26.42,-1608430.12,4.39
13:33,102613.09,32.14,14.27,102650.93,24.91,27.30,-1593929.75,5.12
13:34,102610.42,32.35,13.80,102649.55,25.15,25.50,-1587016.37,4.48
13:35,102609.67,32.39,13.71,102647.71,25.26,25.13,-1628710.87,5.56
13:36,102613.92,32.42,13.80,102650.71,25.36,25.19,-1622640.25,5.86
13:37,102616.32,32.59,13.68,102646.33,25.04,24.31,-1623091.37,5.64
13:38,102600.52,32.25,13.46,102642.08,24.42,25.05,-1632389.50,4.94
13:39,102605.79,32.20,13.72,102645.47,24.96,25.10,-1632337.25,5.51
13:40,102607.97,32.39,13.68,102641.67,24.99,25.97,-1632870.25,5.59
13:41,102599.96,32.32,13.56,102641.40,24.85,25.11,-1632902.12,5.72
13:42,102602.35,31.95,13.47,102639.53,24.79,24.09,-1632886.25,5.02
13:43,102605.32,31.57,13.48,102634.57,24.30,24.22,-1632947.50,5.20
13:44,102596.16,31.47,13.56,102635.62,24.18,23.82,-1633247.62,5.56
13:45,102601.96,31.71,13.86,102630.64,24.60,25.20,-1632879.25,5.47
13:46,102591.35,31.99,13.69,102632.89,25.19,23.74,-1632432.62,4.42
13:47,102587.26,32.26,13.75,102628.03,25.44,23.77,-1632240.50,4.52
13:48,102579.05,32.25,13.50,102623.14,25.26,23.84,-1632548.75,5.84
13:49,102581.29,32.13,13.62,102619.19,25.30,24.22,-1633139.75,4.63
13:50,102578.80,32.24,13.72,102616.45,25.26,24.60,-1633457.37,5.32
13:51,102580.33,32.45,13.67,102617.36,25.44,24.39,-1633462.37,5.12
13:52,102590.44,32.51,13.48,102616.08,25.55,23.72,-1633333.25,4.50
13:53,102571.44,32.27,13.23,102606.00,25.42,22.82,-1633398.50,5.04
13:54,102559.72,32.11,13.52,102608.88,25.46,23.51,-1633058.25,5.26
13:55,102572.34,32.33,13.51,102612.48,25.43,23.83,-1645774.00,5.50
13:56,102575.44,32.37,13.28,102607.84,25.50,23.09,-1647030.75,5.10
13:57,102579.12,32.35,13.41,102611.13,25.85,22.92,-1642258.87,4.98
13:58,102584.28,32.51,13.57,102612.30,25.78,24.13,-1641265.87,4.32
13:59,102578.05,32.56,13.44,102609.47,25.40,23.90,-1641622.25,4.35
14:0,102570.11,32.59,13.60,102612.38,25.13,25.55,-1642505.75,4.81
14:1,102570.13,32.64,13.34,102603.97,25.63,23.55,-1642232.25,5.64
14:2,102572.94,32.77,13.45,102604.82,25.62,23.29,-1641597.25,5.16
14:3,102587.03,32.75,13.47,102602.12,25.51,25.34,-1642492.00,4.67
14:4,102569.79,32.63,12.98,102607.55,25.51,22.60,-1642260.75,5.15
14:5,102558.30,32.55,13.47,102606.67,25.77,23.61,-1642982.75,4.43
14:6,102568.25,32.42,12.85,102607.13,25.68,21.28,-1641801.12,5.72
14:7,102565.55,32.14,13.24,102604.75,26.05,21.36,-1618240.25,5.61
14:8,102566.42,32.30,13.33,102606.60,26.02,21.11,-1658386.87,5.68
14:9,102569.51,32.19,13.18,102605.55,26.05,21.13,-1652934.25,4.85
14:10,102564.64,32.31,13.42,102599.82,25.94,22.17,-1571478.00,4.53
14:11,102565.52,32.21,12.86,102602.96,25.65,20.82,-1615223.50,4.95
14:12,102569.30,31.79,13.23,102596.88,25.23,22.08,-1619688.87,5.56
14:13,102565.82,31.73,13.51,102601.33,25.21,22.64,-1621375.37,5.43
14:14,102568.44,32.00,13.42,102593.55,25.85,21.66,-1620463.12,4.38
14:15,102558.89,32.12,13.21,102598.14,26.10,20.64,-1622310.00,4.75
14:16,102562.45,32.35,13.43,102603.38,26.24,21.55,-1638609.00,5.68
14:17,102555.64,32.30,13.00,102599.27,26.02,20.60,-1637965.75,4.34
14:18,102562.09,32.06,13.18,102600.17,26.01,20.54,-1637690.50,4.23
14:19,102569.58,32.12,13.20,102599.43,25.95,20.99,-1637150.25,5.74
14:20,102569.25,32.18,13.26,102600.00,25.91,21.04,-1636063.87,5.56
14:21,102565.96,32.09,13.26,102593.49,25.90,21.38,-1635231.50,4.29
14:22,102554.46,32.27,13.28,102596.08,26.15,21.32,-1613710.12,4.36
14:23,102565.13,32.15,13.38,102597.39,26.22,21.48,-1595107.87,4.29
14:24,102557.30,32.43,13.43,102595.66,26.27,21.86,-1596632.87,5.59
14:25,102559.84,32.54,13.30,102594.67,25.94,22.40,-1598693.00,5.54
14:26,102557.82,32.44,13.15,102598.32,25.81,21.11,-1599548.12,5.77
14:27,102560.21,32.43,13.27,102599.98,26.35,21.31,-1598073.00,5.08
14:28,102556.04,32.46,13.14,102597.96,26.35,20.35,-1598655.12,4.60
14:29,102561.96,32.38,13.12,102595.32,26.44,20.37,-1630749.75,4.38
14:30,102549.42,32.44,13.22,102591.53,26.43,20.80,-1625193.25,4.73
14:31,102553.21,32.61,13.18,102595.19,26.24,21.20,-1639575.37,5.61
14:32,102560.77,32.55,13.20,102598.52,26.02,21.20,-1641504.50,4.40
14:33,102551.09,32.39,13.08,102591.14,25.80,20.91,-1641744.00,5.69
14:34,102553.57,32.10,13.32,102598.46,25.55,21.89,-1642775.12,4.98
14:35,102556.16,32.12,13.18,102592.02,25.88,21.13,-1642393.75,5.57
14:36,102547.97,32.17,13.28,102592.33,26.20,20.77,-1642321.25,5.62
14:37,102550.89,32.44,13.46,102594.84,26.32,22.48,-1642688.87,5.64
14:38,102559.13,32.40,13.16,102592.19,26.48,20.38,-1642411.75,4.52
14:39,102561.97,32.30,12.97,102592.24,26.04,19.94,-1642964.25,5.03
14:40,102562.02,32.36,13.14,102591.62,26.47,19.90,-1643263.50,4.29
14:41,102550.97,32.43,13.20,102594.46,26.52,20.12,-1642861.25,5.28
14:42,102552.03,32.51,13.30,102598.10,26.80,20.74,-1644795.75,4.96
14:43,102560.78,32.77,13.28,102601.07,26.74,21.42,-1651185.12,4.45
14:44,102558.15,32.86,12.99,102603.28,26.75,20.43,-1615617.12,5.39
14:45,102569.26,32.77,13.00,102597.85,27.03,19.79,-1634047.25,5.37
14:46,102565.51,32.63,12.97,102601.44,27.16,19.24,-1640982.00,5.77
14:47,102574.83,19.77,53.70,102601.75,26.86,20.16,-1615783.62,0.90
14:48,102571.35,22.29,27.54,102599.17,26.86,19.25,-1681439.75,0.66
14:49,102564.86,24.51,22.51,102594.89,26.62,19.89,-1682409.00,0.66
14:50,102559.22,28.82,20.58,102597.02,26.70,20.48,-1682160.75,4.95
14:51,102559.78,31.94,13.98,102598.11,26.82,19.15,-1681259.37,5.57
14:52,102546.42,32.17,13.31,102587.71,26.69,19.60,-1681112.00,5.83
14:53,102562.03,32.27,13.45,102593.09,27.06,19.33,-1681432.62,5.65
14:54,102561.46,32.54,13.54,102594.92,27.10,20.74,-1681506.37,5.83
14:55,102556.67,32.54,13.21,102593.39,26.77,20.12,-1680272.00,5.30
14:56,102566.52,31.65,14.55,102592.21,26.80,18.99,-1680735.37,0.88
14:57,102562.57,19.68,53.09,102587.35,26.45,22.49,-1680794.62,0.68
14:58,102560.92,22.48,28.34,102587.25,26.80,20.07,-1682004.75,0.76
14:59,102553.46,24.85,24.96,102582.17,26.57,20.47,-1682096.00,0.66
15:0,102552.28,31.18,14.85,102582.69,26.32,19.94,-1682220.00,4.32
15:1,102549.39,31.88,13.82,102584.82,26.93,19.30,-1680584.00,4.81
15:2,102561.11,32.13,13.46,102590.17,27.15,18.69,-1681150.00,4.63
15:3,102551.69,32.24,13.44,102585.65,27.41,18.63,-1680780.00,4.53
15:4,102543.54,32.36,13.27,102587.59,27.25,18.83,-1680505.62,4.24
15:5,102556.55,19.84,53.03,102590.64,26.98,22.09,-1680139.25,0.88
15:6,102555.10,22.18,29.49,102588.46,27.36,19.38,-1683870.25,0.66
15:7,102555.38,24.46,21.51,102587.02,27.52,18.15,-1684228.00,0.66
15:8,102554.38,25.74,20.66,102586.68,27.16,18.78,-1684240.37,0.66
15:9,102547.80,31.11,15.86,102581.32,27.18,18.49,-1683930.75,4.34
15:10,102550.32,32.10,13.64,102574.52,27.44,18.18,-1683131.62,5.81
15:11,102527.32,32.26,13.56,102573.76,27.73,18.68,-1683712.37,5.66
15:12,102543.11,32.48,13.56,102575.49,27.74,18.58,-1683438.75,5.30
15:13,102531.39,32.42,13.22,102572.71,27.81,17.59,-1682962.75,5.27
15:14,102547.88,20.07,51.88,102573.51,27.68,21.51,-1679555.75,0.86
15:15,102545.28,22.69,31.56,102566.69,27.56,17.95,-1682074.75,0.66
15:16,102534.07,25.00,22.21,102562.98,27.80,18.86,-1682988.62,0.66
15:17,102530.63,26.18,20.63,102566.41,27.59,18.10,-1683469.37,0.66
15:18,102529.71,30.98,16.21,102565.10,27.45,19.21,-1682951.25,5.88
15:19,102515.81,32.12,13.90,102564.42,27.63,18.44,-1682533.00,4.29
15:20,102521.55,32.30,13.73,102559.96,28.08,18.36,-1681575.62,4.96
15:21,102518.75,32.34,13.50,102559.55,27.50,18.67,-1682048.25,4.29
15:22,102519.11,32.27,13.64,102564.02,27.63,19.06,-1679795.62,5.75
15:23,102515.52,32.72,13.71,102551.42,27.76,19.30,-1679970.37,4.43
15:24,102520.00,32.84,13.43,102554.05,28.16,18.94,-1680453.62,5.70
15:25,102532.64,32.95,13.79,102551.07,28.43,19.52,-1681878.75,5.75
15:26,102531.50,33.25,13.37,102555.39,28.91,18.81,-1618475.00,5.50
15:27,102512.66,33.29,13.36,102551.77,28.92,18.51,-1599962.37,4.65
15:28,102515.88,33.06,13.03,102553.96,27.61,19.40,-1595287.75,5.74
15:29,102519.99,33.08,13.22,102548.16,27.69,19.53,-1595762.00,5.67
15:30,102527.10,32.88,13.32,102556.00,27.59,19.90,-1595166.87,4.87
15:31,102512.69,33.01,13.23,102545.63,27.65,19.38,-1593689.50,5.69
15:32,102504.42,33.27,13.27,102546.30,28.38,19.45,-1596180.25,5.78
15:33,102508.80,33.38,13.17,102546.03,29.13,18.57,-1615073.75,5.95
15:34,102520.50,33.58,13.18,102543.82,29.57,18.50,-1622316.00,4.77
15:35,102512.50,33.61,12.99,102542.88,29.36,17.54,-1620373.12,5.63
15:36,102518.86,33.56,13.02,102543.69,29.92,17.63,-1616802.25,5.77
15:37,102514.55,33.76,13.18,102547.17,30.45,17.59,-1607751.62,4.86
15:38,102508.82,33.88,12.82,102549.00,29.84,17.80,-1612806.12,5.01
15:39,102523.03,33.76,13.15,102547.36,29.80,18.47,-1611360.87,5.10
15:40,102512.97,33.95,13.02,102547.11,29.81,18.03,-1614466.75,5.01
15:41,102505.97,34.01,13.07,102547.17,30.72,17.70,-1621428.00,5.68
15:42,102509.46,34.06,12.80,102548.60,31.03,16.61,-1620034.37,4.87
15:43,102505.96,34.08,12.93,102541.40,31.50,16.47,-1630039.62,5.28
15:44,102510.50,33.93,12.95,102547.01,30.90,16.99,-1626165.75,5.49
15:45,102507.85,34.01,12.83,102547.47,31.73,16.28,-1605227.00,4.78
15:46,102513.60,33.92,12.85,102544.77,31.68,16.03,-1630801.87,4.65
15:47,102505.39,34.03,12.81,102545.55,32.28,15.51,-1629760.62,5.29
15:48,102505.38,34.24,12.98,102548.86,33.21,15.33,-1623817.62,4.74
15:49,102512.27,34.39,12.55,102546.65,32.98,14.59,-1614717.25,5.63
15:50,102506.69,34.16,12.66,102544.42,33.05,14.48,-1637147.50,4.36
15:51,102505.78,34.35,12.96,102547.59,33.52,14.68,-1611636.50,5.47
15:52,102513.63,34.56,12.79,102549.16,33.32,15.00,-1649358.75,4.37
15:53,102506.27,34.44,12.80,102544.55,32.53,15.54,-1650495.00,4.56
15:54,102507.57,34.51,12.75,102539.89,32.15,14.90,-1651474.75,5.43
15:55,102503.46,34.18,12.46,102541.42,32.44,14.97,-1651236.25,4.51
15:56,102501.57,34.13,12.73,102542.08,32.97,14.84,-1650788.50,5.68
15:57,102493.08,34.14,12.55,102548.17,32.01,15.62,-1651203.25,4.40
15:58,102512.92,34.03,12.78,102545.72,33.04,14.78,-1651441.37,4.76
15:59,102506.69,34.16,12.68,102539.47,34.08,13.70,-1606489.25,5.56
16:0,102497.75,34.26,12.87,102538.55,33.98,14.22,-1591204.37,4.50
16:1,102502.13,34.45,12.76,102538.67,34.19,14.05,-1599145.75,5.21
16:2,102512.51,34.48,12.74,102535.75,34.10,14.13,-1604566.25,4.38
16:3,102507.16,34.58,12.57,102537.08,34.65,13.08,-1597445.62,4.43
16:4,102510.75,34.37,12.55,102539.96,34.60,13.09,-1612328.25,4.36
16:5,102512.17,33.59,14.11,102542.66,33.59,13.80,-1593857.00,0.86
16:6,102513.52,21.51,54.01,102543.79,33.36,17.23,-1659915.62,0.66
16:7,102511.35,24.43,26.22,102543.03,34.74,14.05,-1657711.50,0.66
16:8,102512.96,26.49,26.20,102545.80,35.29,12.55,-1659710.87,0.66
16:9,102511.71,31.81,17.04,102550.36,35.50,13.29,-1677292.75,5.59
16:10,102515.50,34.03,13.57,102552.07,34.45,13.72,-1676296.62,4.40
16:11,102510.78,34.33,13.07,102546.17,34.27,13.97,-1675907.37,5.67
16:12,102500.94,34.20,12.96,102545.24,34.49,13.48,-1667713.75,4.36
16:13,102506.08,34.43,12.79,102545.64,34.45,13.24,-1640711.00,5.67
16:14,102513.61,34.57,12.99,102543.32,35.23,13.17,-1619887.12,4.85
16:15,102495.61,34.71,12.75,102543.85,35.19,13.08,-1621492.25,5.49
16:16,102495.44,34.66,12.67,102545.20,34.86,13.17,-1584714.87,5.77
16:17,102504.31,34.64,12.51,102538.94,35.04,12.68,-1666878.75,5.51
16:18,102495.66,34.76,12.72,102541.97,35.81,12.74,-1672767.12,5.77
16:19,102494.44,34.91,12.67,102538.78,35.96,12.42,-1678675.25,4.74
16:20,102494.28,34.93,12.59,102537.86,35.52,12.81,-1670774.37,6.08
16:21,102492.57,35.22,12.61,102535.23,35.82,12.98,-1678416.75,5.78
16:22,102508.52,35.32,12.67,102536.50,35.77,13.27,-1676069.75,6.13
16:23,102488.17,35.42,12.22,102533.50,35.55,13.00,-1681386.37,5.36
16:24,102489.37,35.20,12.25,102532.12,35.83,12.48,-1684291.25,5.94
16:25,102488.68,30.49,24.58,102529.27,35.94,13.09,-1684745.25,0.83
16:26,102497.46,22.70,49.97,102528.25,33.60,15.10,-1683004.37,0.66
16:27,102496.16,25.04,26.88,102532.12,34.62,14.40,-1683504.75,0.66
16:28,102488.13,29.56,24.21,102533.36,35.87,13.87,-1682588.62,5.14
16:29,102478.78,34.48,13.60,102533.80,35.41,13.52,-1680627.25,4.43
16:30,102493.44,35.19,12.86,102527.30,34.94,13.86,-1681062.25,4.63
16:31,102483.41,35.13,12.59,102524.69,34.44,13.69,-1682240.25,5.43
16:32,102481.89,35.09,12.71,102526.41,34.87,13.77,-1683442.00,4.79
16:33,102486.94,35.15,12.62,102524.14,35.34,13.82,-1681820.25,4.31
16:34,102475.26,35.26,12.52,102519.14,35.45,13.26,-1682908.25,4.72
16:35,102471.06,35.32,12.73,102516.91,34.63,14.32,-1683222.75,5.35
16:36,102479.32,35.40,12.59,102513.92,34.64,14.64,-1682986.62,5.79
16:37,102464.90,35.61,12.71,102516.82,35.03,14.82,-1682528.00,4.76
16:38,102467.40,35.78,12.32,102518.44,35.34,13.65,-1683035.25,5.79
16:39,102469.46,35.47,12.31,102512.98,35.24,13.57,-1685062.00,5.68
16:40,102466.95,35.54,12.34,102513.72,35.43,13.44,-1683846.37,5.93
16:41,102479.28,35.44,12.13,102512.38,33.90,14.10,-1684332.75,5.41
16:42,102472.49,35.36,12.44,102509.60,35.10,13.97,-1684980.37,4.61
16:43,102476.88,35.37,12.00,102511.72,35.17,12.83,-1685676.00,4.92
16:44,102471.05,35.24,12.28,102506.53,35.77,12.57,-1685488.37,4.48
16:45,102466.47,35.27,12.27,102506.57,35.64,12.62,-1685288.00,5.71
16:46,102464.46,35.33,12.33,102500.86,35.16,13.34,-1686721.00,4.33
16:47,102454.50,35.51,12.34,102503.63,35.21,13.63,-1685189.75,4.95
16:48,102462.35,35.50,12.23,102502.17,35.45,13.36,-1683915.25,4.37
16:49,102462.17,35.50,12.13,102496.51,35.07,13.11,-1684865.37,4.36
16:50,102446.58,35.53,12.36,102500.25,35.47,13.31,-1685014.75,4.38
16:51,102456.55,35.55,12.21,102495.85,35.59,13.04,-1684483.25,4.36
16:52,102455.14,35.73,12.37,102490.83,35.58,13.63,-1684630.75,4.88
16:53,102442.33,35.65,12.18,102484.45,35.89,13.13,-1684271.62,5.05
16:54,102438.41,35.79,12.26,102485.50,35.80,12.91,-1685494.37,4.51
16:55,102437.21,35.62,12.27,102479.58,35.53,13.46,-1685291.25,5.96
16:56,102432.75,35.84,12.41,102475.03,35.59,13.82,-1685952.62,5.15
16:57,102434.85,35.96,12.19,102477.08,35.93,13.22,-1686121.25,5.01
16:58,102434.07,35.97,12.05,102476.92,34.85,13.60,-1684279.00,5.30
16:59,102427.86,35.69,12.24,102473.51,34.22,14.85,-1685723.25,5.53
17:0,102431.97,35.63,12.30,102471.82,33.73,15.48,-1686500.25,4.47
17:1,102435.46,35.88,12.41,102470.25,35.60,13.93,-1685506.00,5.52
17:2,102424.57,35.94,12.03,102466.60,35.45,13.06,-1687166.75,5.89
17:3,102439.96,35.79,12.31,102471.91,36.01,13.24,-1685921.25,5.59
17:4,102416.24,36.02,12.24,102468.92,35.04,14.26,-1686328.75,4.95
17:5,102429.88,36.11,12.17,102462.24,34.97,14.02,-1685854.75,5.73
17:6,102415.82,35.86,12.04,102460.89,33.21,15.39,-1682432.37,5.12
17:7,102427.49,35.78,12.21,102456.35,32.57,16.41,-1685654.00,4.47
17:8,102409.22,35.89,12.33,102451.13,32.78,16.48,-1683839.25,5.20
17:9,102414.46,35.98,12.37,102456.13,31.45,18.42,-1684408.75,4.43
17:10,102418.57,36.02,12.26,102457.13,32.62,16.99,-1685177.62,4.49
17:11,102418.78,35.75,12.29,102454.50,30.47,18.93,-1686989.37,5.92
17:12,102409.12,35.69,12.35,102454.66,30.38,19.52,-1687007.00,5.68
17:13,102415.36,35.79,12.51,102454.41,31.76,18.40,-1685808.00,4.40
17:14,102422.02,35.91,12.47,102461.19,32.22,18.03,-1686343.75,6.01
17:15,102422.13,35.75,12.16,102460.77,30.98,18.26,-1685022.75,5.89
17:16,102420.86,35.55,12.49,102458.24,31.47,18.62,-1686956.75,5.94
17:17,102420.01,35.62,12.58,102455.85,32.35,18.21,-1687831.62,4.43
17:18,102429.60,35.67,12.51,102456.25,31.14,19.10,-1686993.00,5.57
17:19,102416.93,35.63,12.34,102458.60,32.56,16.99,-1688081.62,4.84
17:20,102421.08,35.60,12.56,102458.21,30.65,20.07,-1687149.25,5.41
17:21,102412.42,35.81,12.49,102457.71,31.14,19.74,-1686062.00,5.48
17:22,102418.69,35.75,12.22,102452.85,33.31,16.39,-1687281.00,5.77
17:23,102405.77,35.76,12.54,102450.51,33.53,16.59,-1688664.00,5.79
17:24,102408.14,35.79,12.38,102446.24,31.86,17.78,-1686747.37,5.79
17:25,102414.59,35.78,12.31,102448.85,30.50,19.04,-1686447.75,5.19
17:26,102415.63,35.71,12.31,102446.81,30.33,19.27,-1686589.00,4.48
17:27,102414.17,35.54,12.42,102448.78,30.26,19.91,-1687681.25,5.78
17:28,102413.92,35.62,12.44,102444.74,30.00,20.38,-1688192.37,5.45
17:29,102406.52,35.70,12.48,102442.03,32.98,17.14,-1688301.62,5.14
17:30,102403.55,35.83,12.58,102444.36,33.50,16.22,-1688466.37,5.46
17:31,102400.60,35.69,12.18,102439.18,33.16,15.77,-1687972.00,5.62
17:32,102401.41,35.48,12.41,102441.88,34.46,15.07,-1688142.00,5.30
17:33,102407.13,35.69,12.54,102442.80,33.69,16.51,-1687694.75,5.71
17:34,102412.32,35.89,12.61,102443.46,31.28,19.45,-1687162.62,5.09
17:35,102407.74,36.00,12.36,102441.21,30.27,19.91,-1687424.75,4.89
17:36,102408.57,35.87,12.57,102442.25,29.90,21.23,-1688198.37,5.79
17:37,102409.16,35.95,12.39,102444.57,29.32,21.10,-1687978.75,5.78
17:38,102407.85,35.74,12.49,102442.46,29.28,21.89,-1687644.75,4.47
17:39,102406.96,35.76,12.53,102447.25,29.20,22.04,-1687585.62,4.40
17:40,102409.81,35.70,12.43,102450.82,29.92,20.67,-1688234.00,4.39
17:41,102415.21,35.77,12.58,102448.21,29.74,20.93,-1686657.25,4.60
17:42,102419.36,35.58,12.31,102446.32,29.09,21.00,-1686795.25,4.94
17:43,102418.91,35.42,12.50,102448.19,29.34,20.95,-1686347.62,5.82
17:44,102418.04,35.32,12.50,102449.68,28.95,22.20,-1686302.00,5.02
17:45,102413.14,35.34,12.58,102449.97,28.96,21.55,-1686933.62,4.81
17:46,102425.57,35.38,12.77,102453.14,28.35,23.33,-1687930.37,4.39
17:47,102411.69,35.32,12.67,102448.03,28.21,23.23,-1688296.37,5.02
17:48,102406.13,35.39,12.79,102450.67,29.49,22.69,-1689491.62,4.46
17:49,102416.94,35.53,12.72,102456.35,31.87,19.18,-1690425.25,5.41
17:50,102421.38,35.72,12.65,102450.67,33.68,16.65,-1690529.37,5.85
17:51,102407.63,35.86,12.73,102448.44,33.78,17.50,-1689910.00,5.95
17:52,102404.89,36.02,12.68,102444.44,33.89,17.25,-1690308.75,4.90
17:53,102411.74,36.29,12.72,102447.13,34.17,16.94,-1689211.37,4.66
17:54,102407.55,36.48,12.55,102449.74,34.36,17.10,-1687543.25,4.49
17:55,102400.36,36.37,12.25,102445.82,34.37,15.79,-1687953.37,4.42
17:56,102406.34,36.09,12.32,102446.14,34.03,16.24,-1688082.62,5.65
17:57,102417.55,36.27,12.48,102449.11,34.29,16.77,-1688509.00,4.54
17:58,102414.73,36.37,12.45,102452.99,33.56,17.37,-1688532.00,5.77
17:59,102424.21,36.31,12.21,102452.09,34.20,15.92,-1687909.25,5.69
18:0,102405.86,36.32,12.40,102455.70,34.82,15.49,-1686768.37,5.85
18:1,102411.69,36.27,12.35,102455.07,34.62,16.42,-1687060.37,4.85
18:2,102404.78,36.48,12.46,102454.24,33.09,17.26,-1687896.37,4.47
18:3,102414.50,36.50,12.47,102451.77,33.51,17.97,-1689389.25,5.47
18:4,102413.85,36.70,12.42,102449.80,34.38,17.04,-1688413.25,4.72
18:5,102416.10,36.81,12.26,102457.98,34.58,16.65,-1688327.37,5.15
18:6,102414.77,36.94,12.34,102462.66,34.89,16.86,-1687588.75,5.83
18:7,102421.96,36.99,12.12,102457.21,34.26,16.67,-1687456.00,5.96
18:8,102424.77,37.00,12.22,102456.08,34.21,17.08,-1688182.00,4.46
18:9,102424.79,37.05,12.03,102456.11,34.58,16.14,-1688527.25,4.60
18:10,102418.25,36.92,11.97,102449.28,33.88,16.21,-1688320.00,5.89
18:11,102401.25,36.88,12.13,102446.14,34.35,16.83,-1687797.75,4.55
18:12,102414.89,36.99,12.36,102443.00,33.34,17.91,-1687029.37,5.87
18:13,102409.39,37.03,12.03,102441.29,33.18,17.62,-1688028.75,5.94
18:14,102405.52,37.07,12.30,102430.10,33.97,17.93,-1688743.37,5.72
18:15,102395.19,37.12,12.17,102431.71,33.29,18.63,-1687600.00,5.79
18:16,102390.39,37.20,12.16,102427.25,34.05,17.72,-1687577.62,4.82
18:17,102385.82,37.12,12.03,102425.04,34.30,16.79,-1681664.37,4.65
18:18,102390.10,36.86,11.93,102426.75,33.88,16.30,-1679943.25,4.49
18:19,102393.58,36.68,12.05,102425.16,34.08,16.38,-1681487.25,4.86
18:20,102396.12,36.63,12.03,102421.96,33.65,16.97,-1682284.75,5.47
18:21,102381.64,36.65,12.14,102419.92,33.47,17.13,-1679344.37,5.40
18:22,102378.19,36.72,12.15,102416.02,33.93,17.05,-1668488.62,5.65
18:23,102386.28,36.71,12.17,102417.47,34.07,16.87,-1638554.75,4.47
18:24,102383.64,36.80,12.11,102415.67,34.13,16.86,-1654901.00,4.74
18:25,102375.75,36.79,11.94,102412.71,33.80,16.53,-1671217.87,4.70
18:26,102387.14,36.55,11.93,102416.21,33.52,16.31,-1670899.25,4.38
18:27,102379.89,36.43,12.16,102415.00,33.94,16.64,-1671450.25,5.86
18:28,102381.99,36.61,12.35,102417.46,34.26,16.01,-1669834.62,4.55
18:29,102386.62,36.61,12.24,102417.37,34.24,16.45,-1669662.25,6.00
18:30,102390.83,36.66,12.27,102415.67,33.66,17.25,-1669044.50,5.02
18:31,102389.42,36.58,12.25,102418.49,32.71,17.99,-1669228.25,4.98
18:32,102383.54,36.46,12.24,102418.89,32.51,17.66,-1669359.62,4.43
18:33,102384.97,36.25,12.18,102412.33,32.88,17.23,-1669125.12,4.37
18:34,102385.52,36.30,12.38,102414.35,33.77,17.04,-1669784.87,6.03
18:35,102381.85,36.64,12.44,102412.42,34.11,17.06,-1669261.75,5.53
18:36,102372.49,36.79,12.30,102411.69,34.40,16.73,-1668540.25,5.93
18:37,102376.52,36.93,12.18,102415.41,34.84,15.93,-1664048.25,5.30
18:38,102368.00,37.00,12.22,102412.11,34.91,16.44,-1664404.75,4.61
18:39,102364.55,37.01,12.13,102408.89,34.84,16.36,-1674449.37,5.50
18:40,102370.39,37.11,12.23,102408.13,34.57,16.94,-1675325.00,4.69
18:41,102366.08,37.07,12.00,102401.72,33.76,16.86,-1675031.12,5.29
18:42,102369.75,36.92,12.18,102404.82,33.82,17.30,-1675907.75,5.36
18:43,102370.56,37.02,12.15,102404.80,34.22,16.97,-1676264.25,5.70
18:44,102373.28,37.09,11.98,102408.52,34.30,16.68,-1676189.50,6.00
18:45,102367.60,36.99,12.18,102405.44,34.28,17.04,-1675676.37,5.37
18:46,102366.41,37.07,12.24,102401.29,33.64,18.49,-1675548.12,5.50
18:47,102377.36,36.97,11.91,102396.80,33.13,17.17,-1675264.25,6.07
18:48,102364.75,36.83,12.06,102394.71,33.47,17.23,-1676169.25,4.96
18:49,102367.81,36.80,12.07,102394.08,33.07,17.61,-1678714.37,4.43
18:50,102365.17,36.77,12.15,102390.67,32.97,17.86,-1677409.25,5.45
18:51,102353.35,36.84,12.11,102389.08,33.79,16.93,-1657973.25,4.33
18:52,102356.30,36.88,12.19,102391.22,34.18,17.10,-1657826.12,5.30
18:53,102352.49,36.93,12.12,102387.18,33.86,17.13,-1660343.62,5.03
18:54,102358.57,36.75,12.07,102388.92,33.36,17.29,-1666033.25,5.85
18:55,102347.32,36.80,12.12,102381.83,33.68,17.18,-1675164.12,4.83
18:56,102339.89,36.98,12.20,102375.31,33.69,17.82,-1664802.37,5.77
18:57,102345.88,36.79,12.05,102371.80,33.39,17.42,-1664751.25,5.98
18:58,102342.49,36.85,12.19,102372.98,33.60,17.63,-1665274.12,5.95
18:59,102327.32,36.85,12.04,102366.44,33.38,17.56,-1666516.12,4.47
19:0,102334.00,36.73,12.16,102362.13,33.23,17.88,-1679268.25,5.20
19:1,102323.62,36.85,12.16,102360.44,33.05,18.31,-1676523.37,3.85
19:2,102319.75,36.80,12.06,102359.63,33.41,17.51,-1680849.00,5.94
19:3,102318.15,36.77,12.14,102357.67,33.54,17.54,-1665395.25,5.07
19:4,102325.58,36.92,12.28,102360.96,33.43,18.43,-1677135.50,4.97
19:5,102325.64,37.04,12.22,102357.68,33.18,18.39,-1676893.00,4.90
19:6,102318.67,36.77,12.04,102352.51,32.90,18.11,-1675847.25,4.54
19:7,102318.92,36.82,12.16,102352.11,32.85,18.30,-1677730.75,5.83
19:8,102315.31,36.88,12.16,102356.19,32.43,19.29,-1677564.87,4.80
19:9,102324.57,36.97,12.18,102358.50,32.17,19.61,-1677929.25,4.41
19:10,102317.10,36.94,12.12,102357.30,31.56,20.15,-1679552.75,4.39
19:11,102326.66,36.95,12.14,102363.24,30.44,21.56,-1667711.50,4.92
19:12,102337.72,36.86,12.06,102364.96,30.50,21.46,-1672918.12,5.79
19:13,102329.21,36.72,12.13,102365.13,30.54,21.31,-1679799.75,4.71
19:14,102329.36,36.72,12.17,102360.44,30.39,21.55,-1680224.75,6.13
19:15,102333.57,36.57,12.24,102361.42,30.10,21.63,-1672636.75,4.47
19:16,102323.55,36.49,12.33,102359.56,29.96,21.82,-1674128.00,5.72
19:17,102321.08,36.33,12.30,102356.29,29.79,21.80,-1662437.87,5.67
19:18,102318.24,36.22,12.52,102357.50,29.67,22.66,-1665545.25,5.90
19:19,102333.06,36.39,12.55,102358.39,30.85,21.42,-1665863.50,5.97
19:20,102318.75,36.52,12.45,102357.38,31.93,20.07,-1597246.87,4.96
19:21,102327.58,36.54,12.46,102356.91,31.91,20.14,-1622817.75,4.36
19:22,102328.69,36.61,12.44,102353.33,32.20,19.55,-1640971.50,5.83
19:23,102316.01,36.67,12.34,102352.32,31.98,19.63,-1656510.62,5.55
19:24,102332.55,36.72,12.44,102352.24,31.79,20.22,-1659451.00,6.08
19:25,102325.80,36.78,12.51,102347.22,31.47,21.23,-1668728.62,5.90
19:26,102322.39,36.83,12.47,102349.02,30.55,22.51,-1668897.37,4.87
19:27,102318.44,36.85,12.42,102347.44,31.11,22.00,-1672586.00,4.69
19:28,102319.80,36.92,12.42,102352.19,31.83,20.81,-1672835.25,4.46
19:29,102322.70,37.00,12.32,102350.17,32.07,19.70,-1672068.25,4.46
19:30,102327.69,36.69,12.57,102349.49,31.75,21.58,-1672526.25,5.07
19:31,102321.36,36.97,12.39,102349.12,31.70,20.58,-1673496.75,5.65
19:32,102317.42,37.00,12.24,102351.47,32.49,19.64,-1666734.62,4.37
19:33,102320.56,37.05,12.37,102349.44,32.35,19.96,-1630921.25,4.81
19:34,102322.46,37.13,12.31,102348.10,31.36,21.04,-1633264.75,5.92
19:35,102315.28,36.95,12.24,102349.38,31.02,20.99,-1628338.12,4.43
19:36,102324.13,36.85,12.35,102354.00,30.31,22.32,-1641475.50,5.10
19:37,102318.65,36.84,12.34,102361.19,30.88,21.56,-1628543.75,5.20
19:38,102323.19,36.76,12.37,102355.10,31.69,20.31,-1634663.25,5.65
19:39,102325.53,36.74,12.32,102356.32,31.48,20.71,-1645084.75,4.95
19:40,102325.47,36.73,12.43,102357.21,31.41,21.18,-1646459.50,4.28
19:41,102322.07,36.91,12.50,102354.25,31.55,21.41,-1630592.75,4.90
19:42,102327.82,37.07,12.43,102355.46,31.74,21.10,-1645048.75,4.29
19:43,102325.86,37.06,12.37,102357.05,31.78,20.78,-1649285.37,5.83
19:44,102320.42,36.98,12.39,102351.66,31.70,20.79,-1650696.37,5.73
19:45,102325.58,36.97,12.30,102355.16,31.75,20.23,-1644437.37,4.34
19:46,102324.39,36.97,12.35,102353.94,31.56,21.26,-1641186.25,4.20
19:47,102332.38,36.92,12.30,102350.71,31.01,21.20,-1642805.75,5.36
19:48,102325.61,36.93,12.40,102355.19,30.94,21.84,-1643061.00,5.72
19:49,102324.11,36.99,12.30,102351.44,31.18,21.34,-1644472.87,4.28
19:50,102326.32,37.04,12.55,102353.13,31.13,22.80,-1644114.50,5.62
19:51,102323.71,37.15,12.41,102359.51,30.76,22.34,-1644913.12,5.03
19:52,102334.78,36.99,12.34,102363.16,30.19,22.72,-1648807.12,4.29
19:53,102333.39,36.92,12.28,102360.53,30.26,22.59,-1650973.25,5.30
19:54,102326.31,36.94,12.44,102359.55,30.63,23.08,-1651889.62,4.23
19:55,102323.55,36.96,12.43,102356.91,30.49,22.67,-1652736.50,5.45
19:56,102321.82,36.86,12.39,102356.75,30.83,22.34,-1653216.75,4.32
19:57,102321.22,36.89,12.46,102351.59,30.66,22.77,-1653306.75,5.81
19:58,102315.52,36.86,12.34,102354.05,30.83,21.96,-1655061.75,4.53
19:59,102319.28,36.83,12.40,102349.54,31.08,21.90,-1655880.25,5.06
20:0,102318.50,36.83,12.27,102347.85,31.03,21.24,-1625577.75,4.18
20:1,102314.96,36.79,12.47,102356.44,30.80,22.12,-1605834.62,4.59
20:2,102327.49,36.85,12.36,102355.99,30.75,21.95,-1626117.75,5.44
20:3,102315.75,36.81,12.55,102354.85,30.54,22.97,-1652104.25,4.67
20:4,102327.47,36.82,12.29,102353.71,30.81,21.73,-1664269.00,4.32
20:5,102324.90,36.72,12.43,102350.42,30.44,22.24,-1656022.25,4.27
20:6,102319.22,36.76,12.45,102352.88,30.11,22.53,-1530283.25,3.71
20:7,102321.42,36.64,12.32,102348.89,30.44,21.92,-1660901.25,4.26
20:8,102323.99,36.59,12.44,102350.85,30.25,22.48,-1585530.62,5.70
20:9,102312.16,36.55,12.43,102345.50,30.07,22.57,-1660081.50,4.75
20:10,102321.85,36.52,12.51,102344.88,30.19,22.83,-1658349.62,5.26
20:11,102317.47,36.56,12.48,102347.05,30.07,23.25,-1657804.50,4.32
20:12,102305.46,36.42,12.41,102342.17,29.72,22.88,-1661784.00,5.28
20:13,102304.51,36.38,12.41,102337.11,30.15,22.27,-1664717.12,4.94
20:14,102317.36,36.40,12.53,102343.12,30.08,22.73,-1660721.50,4.42
20:15,102314.81,36.33,12.50,102340.59,29.97,22.41,-1662580.87,5.54
20:16,102310.14,36.40,12.53,102339.10,29.62,23.54,-1251583.12,5.88
20:17,102320.36,36.36,12.46,102338.41,29.52,23.19,-1628539.62,4.36
20:18,102309.46,36.33,12.57,102339.01,29.01,24.42,-1669583.62,5.18
20:19,102312.33,36.38,12.55,102344.50,29.41,23.84,-1657810.87,5.76
20:20,102311.02,36.45,12.60,102339.55,29.35,24.03,-1658463.50,4.23
20:21,102312.14,36.51,12.59,102343.72,29.68,23.84,-1659456.25,5.74
20:22,102307.07,36.52,12.58,102339.91,29.51,24.33,-1659384.75,4.72
20:23,102299.94,36.50,12.57,102335.37,29.10,24.87,-1658009.75,4.19
20:24,102316.86,36.47,12.70,102332.60,28.95,25.16,-1658158.00,5.33
20:25,102303.08,36.47,12.59,102331.74,28.88,25.09,-1656500.37,4.30
20:26,102313.10,36.44,12.51,102331.46,28.71,24.50,-1599115.62,5.56
20:27,102302.49,36.29,12.53,102329.24,28.64,24.45,-1403069.00,5.69
20:28,102303.99,36.21,12.62,102332.86,28.63,25.16,-1455486.75,5.45
20:29,102300.46,36.09,12.64,102336.16,28.32,25.18,-1416681.75,5.69
20:30,102301.58,36.09,12.66,102328.78,28.20,25.33,-1434423.50,5.32
20:31,102311.73,36.02,12.71,102332.61,28.12,25.78,-1456434.25,4.22
20:32,102300.21,36.02,12.76,102329.13,28.02,26.35,-1413923.00,4.27
20:33,102302.78,36.02,12.77,102327.96,27.93,26.35,-1420053.37,4.26
20:34,102295.40,35.94,12.77,102329.83,27.72,26.37,-1348657.12,5.47
20:35,102293.92,35.89,12.87,102325.17,27.53,27.20,-1662306.62,5.68
20:36,102303.57,35.82,12.80,102328.88,27.65,26.87,-1657580.87,4.63
20:37,102303.57,35.82,12.88,102327.39,27.67,26.54,-1651034.75,5.46
20:38,102299.22,35.78,12.80,102326.67,27.43,26.46,-1655506.25,4.96
20:39,102297.27,35.69,12.86,102326.14,27.51,26.68,-1657343.12,4.30
20:40,102297.67,35.65,12.88,102324.78,27.38,26.72,-1657890.87,5.03
20:41,102304.52,35.61,12.91,102322.77,27.07,27.45,-1676197.50,5.50
20:42,102294.94,35.57,12.88,102320.86,27.22,26.92,-1675356.00,5.63
20:43,102304.82,35.47,12.89,102320.85,27.15,26.74,-1685989.75,5.67
20:44,102290.36,35.42,12.99,102316.53,27.14,26.69,-1677597.75,5.15
20:45,102295.32,35.36,13.00,102319.85,26.77,27.75,-1693017.25,4.36
20:46,102300.69,35.32,13.05,102321.73,26.69,27.86,-1474781.00,5.92
20:47,102289.00,35.27,13.05,102322.50,26.66,27.82,-1674865.87,4.53
20:48,102295.20,35.25,13.08,102317.97,26.62,28.34,-1676384.12,5.76
20:49,102286.35,35.26,13.18,102320.12,26.52,28.46,-1679144.37,5.39
20:50,102283.69,35.17,13.14,102318.83,26.37,28.98,-1689708.37,4.69
20:51,102285.04,35.12,13.18,102315.55,26.19,28.94,-1690046.37,5.16
20:52,102288.42,35.08,13.25,102316.07,26.20,29.06,-1689847.62,5.46
20:53,102290.07,35.06,13.23,102314.41,26.26,29.14,-1694570.25,4.41
20:54,102295.80,35.08,13.25,102316.57,26.32,28.94,-1695610.00,4.95
20:55,102290.24,35.08,13.25,102325.36,26.13,29.94,-1695961.62,5.54
20:56,102297.59,35.10,13.26,102319.73,25.96,29.43,-1671324.00,4.43
20:57,102299.79,35.05,13.21,102317.64,26.01,29.38,-1688696.00,5.59
20:58,102293.57,35.01,13.29,102322.77,25.91,29.99,-1690921.25,5.57
20:59,102291.34,35.01,13.27,102321.03,26.16,29.20,-1692242.00,5.12
21:0,102294.52,35.00,13.26,102322.96,26.10,29.55,-1693587.37,4.61
21:1,102295.61,34.88,13.29,102325.69,25.91,29.68,-1694412.75,5.41
21:2,102293.08,34.86,13.29,102323.04,26.18,29.29,-1694466.00,5.39
21:3,102284.36,34.90,13.36,102320.36,26.01,29.81,-1695158.37,5.05
21:4,102290.46,34.92,13.38,102318.09,25.93,30.05,-1694119.25,5.04
21:5,102284.16,34.84,13.29,102312.76,25.93,29.66,-1693039.37,5.36
21:6,102282.68,34.76,13.37,102316.27,25.94,29.43,-1691837.37,4.97
21:7,102294.64,34.73,13.33,102315.66,25.74,30.08,-1692184.25,5.87
21:8,102286.82,34.65,13.47,102311.17,25.85,29.93,-1692388.75,5.97
21:9,102288.12,34.64,13.46,102315.35,25.93,29.58,-1693892.75,5.07
21:10,102291.39,34.64,13.55,102315.86,25.83,29.71,-1693900.37,4.45
21:11,102292.04,34.66,13.51,102316.85,25.78,30.13,-1694041.75,6.01
21:12,102273.67,34.57,13.52,102314.11,25.85,29.79,-1694513.25,4.63
21:13,102286.57,34.54,13.51,102313.86,25.84,30.02,-1694343.25,5.74
21:14,102276.96,34.54,13.53,102311.89,25.83,29.92,-1694376.37,5.70
21:15,102280.57,34.53,13.57,102315.07,25.75,30.06,-1694504.25,4.73
21:16,102284.72,34.51,13.54,102320.64,25.44,30.60,-1695123.75,5.08
21:17,102289.92,34.49,13.54,102316.57,25.58,30.14,-1695521.62,5.72
21:18,102292.67,34.49,13.48,102317.90,25.62,29.94,-1694453.62,4.84
21:19,102298.13,34.32,13.65,102322.65,25.38,30.82,-1691937.62,4.39
21:20,102291.12,34.29,13.61,102322.30,25.78,29.42,-1691879.62,4.36
21:21,102298.28,34.31,13.68,102326.38,25.47,30.11,-1692911.25,5.96
21:22,102298.38,34.31,13.60,102319.53,25.48,29.71,-1697039.75,5.92
21:23,102297.13,34.27,13.63,102318.47,25.30,30.26,-1698498.75,4.46
21:24,102296.46,34.24,13.68,102320.02,25.44,30.05,-1699261.25,5.57
21:25,102292.35,34.34,13.53,102319.71,25.40,30.14,-1700221.25,5.78
21:26,102294.24,34.34,13.48,102318.02,25.30,30.44,-1700292.62,5.43
21:27,102290.92,34.31,13.56,102321.28,25.18,30.95,-1701309.25,4.43
21:28,102297.02,34.32,13.45,102320.58,25.37,30.07,-1701418.00,4.39
21:29,102298.02,34.23,13.51,102322.55,25.33,30.32,-1701613.25,4.98
21:30,102293.24,34.21,13.55,102319.78,25.12,30.93,-1702804.37,4.33
21:31,102291.72,34.24,13.52,102322.49,25.18,30.54,-1702170.75,4.64
21:32,102290.44,34.27,13.52,102320.97,25.23,30.47,-1676072.12,5.26
21:33,102295.78,34.23,13.57,102320.44,25.14,31.01,-1680806.37,5.01
21:34,102288.32,34.13,13.51,102322.35,25.21,30.60,-1679023.75,5.38
21:35,102297.05,34.14,13.61,102315.02,24.94,31.09,-1679963.75,4.54
21:36,102289.07,34.13,13.62,102317.53,25.00,31.37,-1679274.75,4.54
21:37,102297.85,34.10,13.63,102317.05,25.02,31.07,-1680040.75,4.45
21:38,102285.08,34.05,13.66,102316.49,24.76,31.93,-1675523.00,5.82
21:39,102293.17,34.03,13.70,102313.45,24.80,31.66,-1700632.37,5.14
21:40,102290.35,34.03,13.59,102315.96,25.04,30.90,-1699873.62,5.42
21:41,102289.57,33.97,13.65,102318.67,25.00,31.26,-1700086.00,5.79
21:42,102290.22,33.88,13.70,102316.79,24.95,31.45,-1700262.75,4.38
21:43,102295.63,33.88,13.78,102321.46,24.93,32.01,-1519284.50,4.61
21:44,102295.78,33.89,13.76,102326.90,24.92,31.94,-1594947.87,5.77
21:45,102291.32,33.87,13.78,102324.94,24.93,31.63,-1701638.37,5.42
21:46,102300.82,33.92,13.81,102327.47,24.99,31.36,-1701937.00,4.99
21:47,102302.05,33.88,13.67,102324.67,24.81,31.36,-1702940.25,4.81
21:48,102303.52,33.85,13.81,102327.61,24.58,32.47,-1703676.75,4.38
21:49,102302.71,33.87,13.76,102331.49,24.67,32.15,-1703525.62,5.65
21:50,102297.03,33.81,13.74,102329.88,24.83,31.65,-1703892.25,5.93
21:51,102305.14,33.83,13.76,102330.91,24.87,31.67,-1703943.75,4.57
21:52,102304.61,33.86,13.82,102332.55,24.65,32.53,-1704339.25,4.83
21:53,102303.41,33.89,13.81,102330.99,24.43,32.64,-1699979.62,5.63
21:54,102303.92,33.89,13.77,102333.52,24.41,32.87,-1268268.62,4.72
21:55,102305.56,33.88,13.76,102334.33,24.51,32.58,-1284281.25,4.39
21:56,102305.78,33.75,13.84,102332.96,24.46,32.72,-1702855.37,5.92
21:57,102303.81,33.77,13.82,102329.53,24.57,32.36,-1703433.37,5.59
21:58,102305.88,33.76,13.90,102329.24,24.37,33.19,-1700548.75,5.94
21:59,102304.48,33.76,13.90,102329.28,24.45,32.74,-1308930.25,5.52
22:0,102306.28,33.78,13.87,102329.42,24.53,32.07,-1223343.50,5.55
22:1,102312.73,33.77,13.89,102330.78,24.47,32.64,-1473691.75,5.36
22:2,102308.03,33.76,13.90,102338.42,24.36,32.89,-1479904.75,4.53
22:3,102303.91,33.77,13.94,102334.78,24.19,33.79,-1641603.75,5.13
22:4,102317.03,33.70,13.90,102337.24,24.37,33.40,-1658822.50,4.42
22:5,102309.25,33.70,13.97,102338.02,24.40,33.04,-1655772.00,4.37
22:6,102312.41,33.73,13.89,102336.08,24.36,32.47,-1653436.12,5.24
22:7,102310.19,33.70,13.90,102335.62,24.33,33.23,-1656014.00,4.39
22:8,102308.74,33.70,13.90,102337.17,24.41,33.06,-1657533.75,5.38
22:9,102312.07,33.70,13.92,102334.71,24.35,33.03,-1632021.12,4.77
22:10,102313.50,33.72,13.99,102331.66,24.29,33.30,-1580044.50,4.35
22:11,102311.28,33.71,13.94,102326.09,24.22,33.56,-1582184.75,5.21
22:12,102302.76,33.65,13.94,102330.70,24.32,33.29,-1584369.25,5.34
22:13,102302.24,33.63,14.00,102329.17,24.05,33.63,-1568820.00,4.87
22:14,102306.53,33.62,14.00,102330.60,24.09,33.89,-1565500.50,4.43
22:15,102310.55,33.61,14.02,102324.74,24.13,33.58,-1561734.50,5.51
22:16,102301.89,33.63,14.00,102328.52,24.00,34.04,-1584078.25,4.61
22:17,102301.55,33.63,13.96,102329.05,24.04,33.59,-1575630.75,4.37
22:18,102300.35,33.63,14.01,102328.95,24.08,33.44,-1579856.37,4.85
22:19,102305.51,33.59,14.04,102324.89,24.10,34.07,-1655792.87,5.68
22:20,102305.16,33.57,14.09,102332.21,24.08,34.03,-1680385.62,4.90
22:21,102296.96,33.53,14.04,102331.97,23.96,33.86,-1683093.62,5.81
22:22,102308.56,33.50,14.00,102331.58,24.17,33.33,-1679883.62,4.40
22:23,102305.63,33.51,14.08,102329.84,24.16,33.76,-1683069.25,5.65
22:24,102306.38,33.45,14.15,102329.02,23.82,34.40,-1689086.00,5.85
22:25,102302.91,33.47,14.04,102328.80,23.98,33.91,-1654875.75,4.34
22:26,102294.32,33.43,14.16,102329.03,23.98,34.06,-1712277.62,4.69
22:27,102300.22,33.49,14.13,102323.82,23.93,33.97,-1712577.00,5.69
22:28,102299.30,33.47,14.04,102323.46,23.85,33.99,-1712736.00,4.59
22:29,102309.40,33.43,14.04,102326.73,23.97,33.77,-1713671.62,4.35
22:30,102302.53,33.41,14.04,102323.27,24.16,32.80,-1713799.75,5.14
22:31,102300.31,33.38,14.09,102322.58,24.00,33.36,-1712970.37,5.65
22:32,102294.60,33.35,14.05,102319.13,23.84,34.07,-1713904.37,5.39
22:33,102290.07,33.33,14.08,102316.80,24.06,33.27,-1714539.25,5.60
22:34,102295.82,33.28,14.10,102320.36,24.34,32.52,-1715033.37,4.34
22:35,102290.92,33.26,14.14,102316.00,24.02,33.47,-1715485.62,4.89
22:36,102302.42,33.21,14.11,102313.78,24.07,33.15,-1718476.37,5.46
22:37,102285.16,33.10,14.10,102312.06,23.75,33.40,-1719606.00,4.41
22:38,102282.57,33.08,14.19,102310.22,23.74,33.26,-1719690.75,5.81
22:39,102292.08,33.14,14.08,102309.05,23.65,33.30,-1719587.62,5.02
22:40,102292.52,33.10,14.14,102312.52,23.75,33.23,-1716233.62,5.54
22:41,102292.20,32.98,14.10,102317.17,23.92,32.88,-1704765.25,4.52
22:42,102281.08,32.94,14.18,102313.36,23.73,33.36,-1704690.37,4.42
22:43,102287.63,32.89,14.22,102315.07,23.63,33.36,-1704838.00,4.85
22:44,102285.53,32.95,14.21,102319.40,23.84,33.11,-1704176.00,5.88
22:45,102293.97,32.88,14.17,102318.74,24.18,32.08,-1704255.25,5.40
22:46,102304.76,32.87,14.12,102323.79,24.09,31.91,-1711657.00,5.57
22:47,102299.88,32.77,14.17,102328.14,24.05,32.31,-1711862.37,5.21
22:48,102302.80,32.75,14.18,102321.35,24.12,31.70,-1712605.25,5.45
22:49,102295.69,32.73,14.28,102323.11,24.07,32.31,-1712939.75,4.32
22:50,102302.53,32.77,14.34,102325.47,23.86,33.20,-1712447.62,4.38
22:51,102297.14,32.72,14.29,102324.63,23.51,33.60,-1712430.25,4.85
22:52,102296.03,32.64,14.35,102324.10,23.62,33.06,-1713213.25,4.85
22:53,102302.61,32.69,14.30,102325.03,23.65,32.75,-1713087.25,5.26
22:54,102305.44,32.73,14.32,102327.80,23.77,32.67,-1713579.25,5.43
22:55,102295.25,32.62,14.43,102324.94,23.66,33.22,-1713379.62,4.81
22:56,102298.67,32.67,14.36,102320.57,23.62,33.39,-1713417.25,4.54
22:57,102294.32,32.72,14.32,102318.44,23.49,33.82,-1713227.00,4.63
22:58,102297.64,32.67,14.31,102319.14,23.41,33.82,-1713786.62,4.58
22:59,102293.12,32.69,14.27,102318.17,23.64,32.64,-1713654.37,5.79
23:0,102296.89,32.65,14.27,102316.03,23.69,32.80,-1627785.75,4.74
23:1,102295.61,32.68,14.33,102319.75,23.81,33.06,-1610017.87,4.68
23:2,102289.52,32.74,14.29,102317.69,23.85,32.69,-1611892.50,5.56
23:3,102292.75,32.75,14.31,102313.75,23.61,33.13,-1603534.25,4.33
23:4,102282.67,32.77,14.33,102315.53,23.40,34.07,-1598246.25,5.55
23:5,102289.69,32.78,14.31,102310.25,23.45,33.54,-1607440.87,5.83
23:6,102287.05,32.65,14.37,102311.55,23.41,34.06,-1605080.75,4.30
23:7,102284.47,32.69,14.36,102307.85,23.24,34.85,-1603539.75,5.65
23:8,102280.81,32.64,14.31,102308.16,23.38,33.76,-1605947.12,4.90
23:9,102278.50,32.65,14.33,102305.02,23.46,33.91,-1600596.37,5.32
23:10,102273.86,32.67,14.37,102305.77,23.49,33.51,-1603908.50,4.34
23:11,102274.65,32.68,14.41,102303.17,23.34,34.32,-1711936.75,4.82
23:12,102278.82,32.63,14.37,102303.36,23.50,33.89,-1720760.25,5.28
23:13,102276.69,32.62,14.43,102307.78,23.40,34.29,-1721304.00,4.32
23:14,102274.57,32.65,14.41,102303.96,23.30,34.38,-1721231.37,5.34
23:15,102271.21,32.66,14.41,102303.54,23.32,34.04,-1721692.75,5.16
23:16,102265.65,32.66,14.37,102302.60,23.33,34.21,-1721694.00,4.26
23:17,102276.28,32.64,14.36,102298.89,23.52,34.03,-1722239.62,5.53
23:18,102273.28,32.64,14.46,102296.99,23.39,34.22,-1722481.75,4.48
23:19,102257.53,32.61,14.44,102296.92,23.26,34.16,-1722852.25,4.44
23:20,102269.85,32.62,14.42,102293.97,23.33,34.24,-1725848.62,5.65
23:21,102277.30,32.61,14.50,102293.52,23.20,35.04,-1728141.25,5.81
23:22,102265.47,32.59,14.36,102294.65,23.30,34.31,-1728945.62,5.30
23:23,102269.60,32.58,14.45,102297.80,23.23,34.54,-1729236.37,4.48
23:24,102269.16,32.62,14.44,102296.78,23.37,33.93,-1730192.25,4.45
23:25,102266.77,32.58,14.42,102292.32,23.30,34.21,-1730397.62,5.61
23:26,102267.71,32.57,14.44,102293.38,23.16,34.91,-1729921.62,5.61
23:27,102267.21,32.57,14.44,102298.63,23.15,34.79,-1730250.75,5.61
23:28,102264.53,32.60,14.53,102291.82,23.27,35.30,-1727647.00,4.29
23:29,102260.10,32.58,14.49,102289.32,23.21,34.60,-1722339.00,5.32
23:30,102261.54,32.55,14.53,102287.88,23.14,35.18,-1722991.25,4.61
23:31,102255.21,32.48,14.50,102285.68,23.25,34.60,-1723393.62,5.68
23:32,102250.96,32.54,14.58,102285.92,23.13,35.21,-1723302.75,5.86
23:33,102254.52,32.56,14.54,102280.60,23.18,35.07,-1723914.37,5.59
23:34,102257.80,32.57,14.49,102280.48,23.32,34.67,-1724026.00,5.58
23:35,102249.32,32.55,14.50,102281.34,23.39,34.14,-1724953.25,5.56
23:36,102263.16,32.56,14.56,102281.35,23.22,34.83,-1724905.75,4.33
23:37,102252.57,32.58,14.59,102278.74,23.30,35.19,-1725062.00,4.36
23:38,102251.36,32.60,14.61,102283.32,23.07,35.52,-1725456.75,4.30
23:39,102244.08,32.64,14.54,102276.86,23.00,35.72,-1725850.37,5.46
23:40,102240.16,32.63,14.55,102275.93,22.99,36.05,-1725727.25,4.49
23:41,102236.41,32.61,14.65,102268.61,22.96,36.21,-1725907.25,5.74
23:42,102231.44,32.65,14.57,102265.60,23.08,35.69,-1726628.75,5.67
23:43,102228.71,32.65,14.58,102264.83,23.01,35.79,-1726672.25,5.40
23:44,102233.16,32.61,14.62,102264.11,23.04,35.52,-1727101.25,4.63
23:45,102227.66,32.59,14.65,102266.66,22.91,36.38,-1726325.25,5.45
23:46,102237.27,32.57,14.61,102263.16,23.09,35.40,-1727311.62,4.43
23:47,102231.71,32.61,14.50,102263.76,23.08,35.78,-1727293.62,4.61
23:48,102233.42,32.60,14.53,102265.27,23.12,35.20,-1727245.00,4.55
23:49,102225.02,32.62,14.55,102261.69,22.99,36.48,-1727720.75,4.82
23:50,102234.27,32.61,14.55,102257.77,23.03,35.58,-1727574.75,5.60
23:51,102224.67,32.56,14.56,102252.05,23.09,35.85,-1728400.75,4.56
23:52,102221.78,32.57,14.60,102251.24,23.06,35.82,-1728500.75,4.85
23:53,102225.95,32.60,14.59,102252.53,22.98,35.84,-1728407.00,4.49
23:54,102218.69,32.61,14.55,102251.08,22.93,35.71,-1729254.75,4.54
23:55,102218.61,32.57,14.53,102258.01,23.02,35.79,-1729400.75,4.81
23:56,102227.08,32.61,14.49,102264.03,22.97,35.84,-1729752.37,4.54
23:57,102238.44,32.56,14.50,102268.25,22.79,36.49,-1730418.62,5.76
23:58,102239.14,32.48,14.59,102267.35,22.83,36.37,-1730074.00,4.96
23:59,102229.72,32.52,14.45,102264.91,23.22,34.35,-1729825.62,5.65
0:0,102238.38,32.54,14.44,102264.63,23.14,35.11,-1726896.00,4.45
0:1,102232.63,32.55,14.42,102262.03,23.13,35.14,-1727446.00,4.57
0:2,102224.86,32.57,14.44,102256.01,23.15,35.44,-1727418.00,4.46
0:3,102236.57,32.55,14.49,102259.00,23.19,34.94,-1727907.00,4.98
0:4,102230.57,32.60,14.47,102256.11,23.20,35.15,-1728063.00,4.26
0:5,102234.59,32.63,14.38,102254.08,23.15,34.87,-1728351.62,5.16
0:6,102226.13,32.62,14.44,102254.14,23.12,35.08,-1728477.62,4.49
0:7,102219.96,32.64,14.39,102256.07,23.18,34.93,-1729222.25,5.68
0:8,102234.16,32.70,14.42,102255.30,23.00,35.91,-1729155.25,5.59
0:9,102235.53,32.64,14.33,102259.19,23.10,35.12,-1729448.25,4.69
0:10,102239.03,32.53,14.40,102262.28,23.24,34.76,-1729782.75,4.61
0:11,102244.25,32.56,14.38,102267.05,23.23,35.05,-1728598.00,5.47
0:12,102242.99,32.58,14.36,102272.31,23.11,35.10,-1729101.75,5.50
0:13,102233.22,32.56,14.37,102270.96,23.14,35.26,-1729594.62,5.74
0:14,102248.88,32.56,14.42,102270.89,23.28,34.76,-1729996.37,5.49
0:15,102240.25,32.58,14.41,102273.88,23.30,34.77,-1730169.62,5.68
0:16,102249.67,32.57,14.42,102276.00,23.13,35.13,-1730964.00,5.02
0:17,102254.27,32.56,14.36,102279.10,23.00,35.60,-1731474.75,4.51
0:18,102245.90,32.46,14.40,102283.52,23.09,35.19,-1732002.00,4.32
0:19,102248.21,32.44,14.36,102274.14,23.17,34.59,-1732174.00,4.32
0:20,102241.96,32.43,14.52,102278.38,22.95,35.63,-1732317.62,5.43
0:21,102245.82,32.47,14.46,102278.25,22.74,36.33,-1729656.25,4.98
0:22,102252.07,32.46,14.46,102276.33,22.78,36.19,-1734075.62,5.79
0:23,102255.14,32.46,14.49,102280.71,22.78,36.38,-1734247.25,5.70
0:24,102243.67,32.48,14.50,102279.83,22.87,35.96,-1734389.25,5.54
0:25,102250.69,32.50,14.54,102283.32,22.74,36.86,-1734775.25,5.58
0:26,102251.04,32.45,14.49,102283.92,22.85,36.72,-1734852.25,4.53
0:27,102252.47,32.45,14.51,102281.69,22.85,37.03,-1735581.62,5.31
0:28,102248.71,32.48,14.52,102278.16,22.69,36.61,-1735584.75,4.30
0:29,102244.42,32.49,14.48,102275.21,22.76,36.21,-1735755.62,5.46
0:30,102258.55,32.48,14.48,102279.16,22.74,36.16,-1736093.37,4.97
0:31,102248.99,32.46,14.60,102275.61,22.62,37.06,-1736800.37,5.68
0:32,102249.49,32.48,14.46,102275.36,22.67,36.61,-1737085.00,5.10
0:33,102250.85,32.48,14.48,102278.27,22.66,36.93,-1737310.37,5.74
0:34,102246.50,32.53,14.51,102277.34,22.66,36.87,-1737302.25,5.79
0:35,102240.33,32.51,14.51,102274.07,22.62,37.00,-1737593.75,4.35
0:36,102239.92,32.49,14.56,102270.07,22.52,37.51,-1737852.00,5.07
0:37,102236.92,32.50,14.53,102268.83,22.53,37.50,-1738224.62,4.81
0:38,102248.14,32.49,14.57,102269.25,22.34,38.34,-1738573.62,5.72
0:39,102251.44,32.41,14.62,102274.53,22.44,38.43,-1740428.75,4.73
0:40,102243.14,32.38,14.57,102275.61,22.24,38.52,-1736537.62,5.07
0:41,102241.85,32.34,14.68,102273.21,22.40,37.95,-1724234.25,5.03
0:42,102242.02,32.39,14.66,102271.00,22.38,38.01,-1726826.25,4.34
0:43,102236.50,32.42,14.61,102272.99,22.42,37.71,-1726684.00,4.29
0:44,102252.84,32.42,14.60,102268.10,22.48,36.91,-1728707.00,4.92
0:45,102243.21,32.35,14.55,102274.08,22.50,37.38,-1728792.25,4.72
0:46,102242.11,32.34,14.68,102275.25,22.40,37.84,-1724742.37,5.48
0:47,102239.68,32.22,14.68,102272.33,22.48,37.83,-1724646.37,4.92
0:48,102249.96,32.29,14.70,102269.72,22.46,37.50,-1723892.00,4.33
0:49,102239.11,32.34,14.56,102271.11,22.56,37.05,-1724833.25,5.60
0:50,102238.50,32.32,14.61,102274.07,22.40,37.44,-1739024.25,5.78
0:51,102253.46,32.29,14.58,102276.21,22.45,36.74,-1748593.62,4.41
0:52,102251.32,32.26,14.62,102274.78,22.26,37.46,-1751130.75,4.39
0:53,102252.53,32.23,14.63,102275.25,22.26,37.63,-1751334.00,5.44
0:54,102247.55,32.21,14.71,102274.97,22.15,37.85,-1754110.75,4.47
0:55,102242.67,32.22,14.59,102276.08,22.20,37.64,-1756547.62,5.21
0:56,102245.33,32.26,14.65,102275.89,22.42,37.21,-1756590.37,4.56
0:57,102245.27,32.23,14.66,102278.57,22.29,37.63,-1757895.25,4.83
0:58,102258.57,32.23,14.73,102277.99,22.22,37.41,-1757592.00,5.66
0:59,102256.88,32.25,14.69,102281.71,22.27,37.70,-1758318.00,5.25
1:0,102250.99,32.24,14.70,102281.97,22.47,37.04,-1759180.75,5.04
1:1,102255.92,32.19,14.74,102279.97,22.25,37.57,-1759348.37,4.98
1:2,102250.21,32.17,14.66,102278.14,22.32,37.11,-1759612.62,5.23
1:3,102253.69,32.15,14.71,102279.10,22.21,37.55,-1759224.75,5.12
1:4,102248.14,32.14,14.80,102279.03,22.16,38.65,-1759313.37,4.77
1:5,102257.46,32.14,14.59,102277.61,22.44,36.81,-1758962.00,4.85
1:6,102249.50,32.11,14.67,102271.64,22.30,37.19,-1758798.25,5.52
1:7,102249.27,32.12,14.71,102270.08,22.35,36.56,-1759228.00,4.27
1:8,102237.03,32.13,14.66,102268.39,22.37,36.80,-1759756.00,4.47
1:9,102248.99,32.09,14.78,102270.90,22.08,39.08,-1760249.75,5.67
1:10,102249.66,32.07,14.78,102270.90,21.92,39.03,-1760562.25,5.48
1:11,102237.96,32.01,14.77,102272.24,22.19,37.93,-1760759.62,5.74
1:12,102242.82,31.97,14.78,102270.27,22.11,37.76,-1761137.62,5.58
1:13,102241.71,31.97,14.84,102271.25,21.97,38.80,-1760432.37,4.82
1:14,102243.33,31.99,14.82,102268.07,22.03,38.22,-1761830.37,5.10
1:15,102249.58,31.97,14.83,102266.91,22.08,38.01,-1761313.25,4.81
1:16,102243.92,31.98,14.75,102268.71,22.26,37.65,-1762165.25,5.12
1:17,102243.55,31.89,14.89,102270.66,21.84,39.36,-1762434.37,5.63
1:18,102246.83,31.80,14.88,102273.49,22.03,38.68,-1762669.25,5.19
1:19,102239.84,31.84,14.93,102269.01,21.94,38.74,-1763376.75,5.58
1:20,102237.60,31.89,14.85,102272.96,21.93,38.44,-1763202.00,5.52
1:21,102239.85,31.83,14.88,102270.35,22.05,38.89,-1764028.25,5.50
1:22,102247.28,31.82,14.83,102268.65,22.01,38.35,-1764192.00,4.33
1:23,102245.80,31.76,14.93,102269.16,22.01,38.12,-1764301.62,4.49
1:24,102245.80,31.76,15.09,102267.80,21.73,40.05,-1764965.25,5.57
1:25,102238.21,31.80,14.96,102270.53,21.75,39.46,-1765164.75,5.32
1:26,102246.25,31.79,14.93,102270.58,21.88,39.06,-1765470.37,5.02
1:27,102247.17,31.81,14.96,102269.61,21.73,39.55,-1765322.62,4.79
1:28,102245.38,31.80,14.91,102266.53,21.70,38.92,-1766061.25,4.37
1:29,102243.25,31.79,14.94,102264.82,21.64,39.50,-1766666.37,5.40
1:30,102242.80,31.78,14.94,102265.85,21.78,38.86,-1766533.75,4.87
1:31,102239.97,31.73,14.99,102265.57,21.60,39.43,-1766997.25,5.39
1:32,102240.58,31.77,14.93,102266.08,21.68,39.61,-1767142.37,5.21
1:33,102243.99,31.73,14.99,102265.36,21.54,39.56,-1767148.00,5.32
1:34,102236.15,31.75,15.03,102263.63,21.64,39.20,-1766973.62,4.73
1:35,102251.37,31.79,15.03,102267.82,21.79,39.34,-1769560.75,4.71
1:36,102247.94,31.81,14.92,102266.36,21.72,39.41,-1770119.25,5.61
1:37,102241.02,31.81,14.93,102263.53,21.75,39.22,-1770012.25,4.36
1:38,102252.75,31.83,14.88,102266.33,21.89,38.65,-1770581.00,4.97
1:39,102241.36,31.81,14.94,102267.66,21.66,39.87,-1771026.00,5.16
1:40,102241.28,31.80,15.04,102264.77,21.62,40.82,-1770989.25,4.34
1:41,102239.92,31.78,15.04,102264.03,21.65,40.25,-1771736.37,5.58
1:42,102239.32,31.80,15.01,102263.53,21.73,38.85,-1771863.62,4.41
1:43,102236.60,31.83,15.01,102263.19,21.63,40.25,-1772291.62,4.41
1:44,102245.28,31.86,14.98,102258.57,21.65,40.02,-1772680.37,5.44
1:45,102232.32,31.85,15.00,102257.72,21.68,39.68,-1772671.62,4.25
1:46,102231.08,31.88,14.92,102259.08,21.78,39.29,-1773057.37,5.63
1:47,102231.75,31.89,14.91,102257.86,21.79,39.34,-1773463.37,5.53
1:48,102231.17,31.86,14.90,102258.33,21.90,38.58,-1773742.00,5.75
1:49,102231.57,31.82,14.87,102255.77,21.74,39.48,-1774025.25,4.40
1:50,102237.71,31.79,14.98,102250.30,21.69,40.13,-1774515.75,4.43
1:51,102230.85,31.82,15.01,102253.49,21.80,39.80,-1774644.37,5.81
1:52,102232.22,31.81,15.07,102247.33,21.71,39.96,-1775089.62,4.46
1:53,102217.88,31.79,14.96,102245.91,21.97,39.11,-1776010.00,4.40
1:54,102225.64,31.80,15.01,102244.23,21.68,40.13,-1777843.00,5.32
1:55,102217.89,31.78,15.02,102249.82,21.71,39.99,-1778093.37,5.18
1:56,102222.82,31.71,15.08,102249.10,21.76,39.07,-1778442.75,5.74
1:57,102225.61,31.70,14.89,102245.86,21.88,38.71,-1779411.75,5.22
1:58,102230.89,31.67,15.04,102244.17,21.94,38.25,-1779596.37,5.83
1:59,102221.50,31.65,14.91,102241.39,21.86,38.86,-1780344.75,5.63
2:0,102212.10,31.67,14.93,102242.60,21.92,38.47,-1780282.37,5.65
2:1,102230.49,31.68,14.94,102244.39,21.99,38.64,-1780573.62,5.75
2:2,102227.73,31.66,14.95,102247.52,21.80,38.06,-1780348.75,5.79
2:3,102214.57,31.62,14.99,102249.24,21.57,39.36,-1780898.37,4.84
2:4,102213.38,31.60,15.00,102245.94,21.72,38.46,-1781204.00,4.73
2:5,102220.39,31.64,15.10,102247.55,21.64,39.20,-1781500.25,5.49
2:6,102219.97,31.69,14.99,102247.12,21.73,38.47,-1782345.25,4.66
2:7,102227.41,31.68,14.94,102243.49,21.88,38.03,-1782533.62,4.31
2:8,102216.47,31.69,14.87,102244.82,21.94,37.46,-1782891.62,5.02
2:9,102223.46,31.66,14.90,102245.17,21.81,38.25,-1783352.62,4.25
2:10,102213.13,31.66,15.00,102246.85,21.77,39.22,-1783482.37,4.38
2:11,102224.07,31.70,14.99,102247.41,21.82,39.15,-1783700.00,5.11
2:12,102222.77,31.63,14.98,102247.87,21.73,39.41,-1784268.75,4.42
2:13,102222.55,31.67,15.00,102247.25,21.81,38.87,-1784631.62,5.75
2:14,102219.44,31.67,14.92,102246.71,21.82,38.42,-1785010.75,5.64
2:15,102222.11,31.67,14.98,102249.88,21.91,37.95,-1784993.62,5.71
2:16,102224.64,31.63,15.05,102248.16,21.68,39.56,-1785261.75,4.85
2:17,102215.77,31.62,14.94,102248.10,21.73,38.53,-1785548.75,5.50
2:18,102219.00,31.59,14.99,102246.89,21.95,37.88,-1785946.37,5.71
2:19,102223.97,31.60,15.06,102246.14,21.87,37.98,-1786266.37,4.75
2:20,102217.74,31.59,14.97,102240.05,22.03,37.43,-1786580.75,5.27
2:21,102214.65,31.62,14.96,102242.53,21.96,37.34,-1786884.62,5.46
2:22,102218.58,31.62,14.91,102244.03,22.12,36.79,-1787059.62,4.88
2:23,102211.16,31.61,15.00,102241.75,21.96,37.85,-1787249.25,5.36
2:24,102220.89,31.62,14.94,102238.86,21.82,38.55,-1787412.37,4.86
2:25,102222.10,31.60,15.05,102236.60,21.88,38.22,-1788103.62,5.63
2:26,102220.30,31.60,15.00,102238.08,21.82,38.03,-1788503.25,5.84
2:27,102211.22,31.59,15.00,102239.74,21.73,38.13,-1788276.62,4.91
2:28,102215.07,31.58,15.00,102237.39,21.93,37.68,-1788870.75,5.56
2:29,102208.22,31.55,15.01,102236.80,21.84,37.51,-1788944.25,4.60
2:30,102208.08,31.61,15.00,102236.60,21.63,39.13,-1789626.00,5.45
2:31,102222.42,31.62,14.94,102242.71,21.66,38.72,-1789717.62,4.29
2:32,102212.60,31.62,14.86,102242.57,21.90,37.79,-1790140.37,5.16
2:33,102213.46,31.56,14.95,102241.07,21.79,38.04,-1790549.62,4.55
2:34,102210.52,31.50,14.95,102237.61,21.80,37.86,-1790780.00,5.49
2:35,102213.85,31.50,14.93,102240.01,21.83,37.84,-1790514.37,5.10
2:36,102209.92,31.49,14.91,102236.45,21.94,37.81,-1791253.62,5.10
2:37,102216.42,31.54,14.95,102236.03,22.02,36.79,-1791353.62,5.21
2:38,102207.21,31.53,14.92,102229.25,22.01,36.98,-1791703.75,4.81
2:39,102206.44,31.53,15.01,102228.55,21.93,38.07,-1792288.37,5.42
2:40,102199.42,31.49,15.01,102228.14,21.97,37.87,-1792440.75,5.52
2:41,102209.58,31.50,15.11,102230.66,21.76,39.35,-1792744.00,5.55
2:42,102197.53,31.45,15.02,102228.97,21.68,38.07,-1792724.00,4.22
2:43,102204.24,31.40,15.14,102233.98,21.55,39.38,-1793673.62,4.98
2:44,102209.64,31.47,15.03,102232.67,21.75,38.24,-1793286.37,4.88
2:45,102210.16,31.46,15.02,102234.11,21.65,38.63,-1793538.62,5.63
2:46,102206.05,31.43,15.09,102229.10,21.63,38.04,-1793747.25,5.65
2:47,102203.97,31.41,15.14,102234.11,21.53,39.43,-1794182.37,5.05
2:48,102198.19,31.43,15.07,102232.64,21.61,38.68,-1795018.00,4.56
2:49,102210.65,31.44,15.05,102232.22,21.68,38.62,-1795147.25,4.37
2:50,102206.31,31.42,15.12,102233.45,21.54,39.01,-1795267.62,5.47
2:51,102206.14,31.47,15.12,102232.57,21.57,39.13,-1795690.00,5.36
2:52,102206.74,31.48,15.12,102232.88,21.49,40.27,-1796068.75,5.59
2:53,102210.35,31.49,15.09,102234.38,21.50,39.73,-1796240.62,4.39
2:54,102212.85,31.53,15.06,102238.13,21.52,38.87,-1796409.25,4.65
2:55,102204.46,31.48,15.09,102240.24,21.55,40.07,-1796659.25,5.64
2:56,102217.17,31.45,15.07,102241.34,21.73,38.83,-1796714.00,5.73
2:57,102216.31,31.47,15.21,102243.41,21.56,39.61,-1796991.00,4.92
2:58,102225.28,31.51,15.06,102240.99,21.68,38.13,-1797289.25,4.98
2:59,102216.57,31.46,15.07,102244.46,21.65,38.14,-1797923.62,4.73
3:0,102216.30,31.42,15.07,102246.66,21.56,38.61,-1798045.75,5.80
3:1,102217.97,31.34,15.23,102246.53,21.35,39.04,-1797930.00,5.42
3:2,102214.22,31.34,15.14,102249.18,21.58,38.96,-1798477.62,4.47
3:3,102214.55,31.36,15.16,102243.03,21.62,38.62,-1799376.00,5.19
3:4,102215.96,31.42,15.03,102242.86,21.58,38.20,-1799030.00,4.65
3:5,102211.24,31.40,15.00,102240.08,21.53,38.80,-1799488.25,4.18
3:6,102214.75,31.38,15.03,102239.91,21.43,38.75,-1799974.75,5.54
3:7,102205.69,31.39,15.00,102235.69,21.55,38.44,-1800254.37,5.47
3:8,102204.58,31.40,14.93,102236.13,21.72,37.99,-1800541.00,4.25
3:9,102210.96,31.36,15.02,102237.03,21.74,38.10,-1800510.75,4.40
3:10,102204.33,31.37,14.99,102237.25,21.56,38.67,-1801038.75,4.78
3:11,102208.40,31.36,15.00,102235.19,21.46,39.50,-1801563.00,4.70
3:12,102201.43,31.37,15.10,102235.23,21.58,39.44,-1801702.37,4.38
3:13,102204.64,31.36,15.03,102234.65,21.51,39.52,-1802215.62,5.39
3:14,102205.78,31.38,15.09,102231.71,21.40,39.72,-1802713.25,4.43
3:15,102205.78,31.37,15.05,102236.53,21.26,39.96,-1802870.37,4.78
3:16,102205.33,31.36,15.04,102234.62,21.18,40.07,-1802899.62,4.29
3:17,102196.78,31.36,15.00,102229.96,21.43,38.87,-1803200.37,5.26
3:18,102201.22,31.31,14.94,102230.19,21.61,38.56,-1803292.00,4.38
3:19,102207.42,31.30,14.95,102229.95,21.55,38.50,-1803645.62,4.86
3:20,102205.89,31.30,14.99,102232.94,21.42,38.84,-1803458.37,5.25
3:21,102207.25,31.30,15.14,102241.03,21.13,40.33,-1803382.75,4.27
3:22,102210.02,31.31,15.17,102243.25,21.09,40.61,-1803959.25,5.13
3:23,102210.78,31.30,15.23,102245.17,21.08,40.64,-1804553.75,5.65
3:24,102219.33,31.35,15.15,102242.33,21.04,40.92,-1804906.37,5.45
3:25,102218.41,31.40,15.11,102243.06,21.01,40.40,-1804992.37,5.39
3:26,102207.49,31.39,15.29,102245.32,20.96,42.12,-1803682.00,5.41
3:27,102207.63,31.48,15.14,102244.97,21.10,41.28,-1805267.25,5.19
3:28,102208.11,31.45,15.04,102242.29,21.22,40.33,-1805546.00,5.30
3:29,102219.45,31.43,15.10,102237.71,21.21,40.67,-1805450.25,5.37
3:30,102211.08,31.45,15.08,102240.90,21.20,40.14,-1805960.75,4.58
3:31,102215.88,31.41,15.13,102240.10,21.12,41.83,-1806350.00,4.95
3:32,102208.92,31.34,15.11,102238.90,21.05,41.29,-1806647.37,5.38
3:33,102215.47,31.33,15.17,102240.12,21.30,40.36,-1807088.00,4.27
3:34,102204.03,31.33,15.21,102235.85,21.22,41.68,-1807684.75,4.27
3:35,102203.88,31.35,15.21,102234.49,21.15,41.79,-1808039.62,5.21
3:36,102209.78,31.41,15.21,102228.63,21.01,42.19,-1808068.62,5.12
3:37,102203.57,31.38,15.15,102230.57,20.90,42.31,-1808464.00,5.34
3:38,102212.16,31.35,15.20,102229.39,20.94,42.50,-1808978.75,4.29
3:39,102194.66,31.35,15.20,102226.07,20.92,42.62,-1808953.00,4.16
3:40,102193.91,31.37,15.14,102223.29,20.83,42.56,-1808897.62,5.51
3:41,102193.71,31.32,15.19,102225.39,21.30,41.26,-1809009.25,4.94
3:42,102195.41,31.31,15.26,102225.07,20.91,42.95,-1810046.00,5.18
3:43,102194.89,31.32,15.19,102227.02,20.99,41.59,-1810178.00,4.85
3:44,102204.14,31.34,15.25,102225.49,21.01,42.08,-1810469.75,5.07
3:45,102190.57,31.35,15.13,102222.47,21.03,41.48,-1811062.37,5.43
3:46,102196.86,31.32,15.12,102226.10,21.15,41.17,-1810918.75,4.17
3:47,102200.56,31.34,15.15,102230.64,21.21,40.81,-1811457.62,4.18
3:48,102199.13,31.38,15.24,102230.48,21.05,42.06,-1812060.00,5.53
3:49,102202.35,31.40,15.22,102231.67,20.96,42.87,-1812116.75,5.54
3:50,102206.46,31.39,15.17,102230.06,20.97,42.04,-1812853.75,4.49
3:51,102191.88,31.41,15.04,102221.15,21.26,40.72,-1813084.00,5.61
3:52,102200.49,31.39,15.20,102233.19,21.11,41.31,-1813348.00,5.34
3:53,102205.82,31.45,15.23,102231.97,21.15,41.20,-1813490.00,5.38
3:54,102217.27,31.49,15.12,102233.27,20.99,41.51,-1813931.62,4.27
3:55,102197.00,31.47,15.13,102234.13,21.15,40.84,-1814379.00,5.23
3:56,102201.53,31.47,15.14,102233.28,21.12,41.83,-1814536.75,4.23
3:57,102202.49,31.45,15.13,102233.92,21.09,41.22,-1814969.00,5.05
3:58,102201.80,31.46,15.12,102232.89,21.12,41.45,-1815400.75,4.60
3:59,102203.59,31.45,15.15,102231.39,21.26,40.94,-1815411.25,5.68
4:0,102205.97,31.46,15.13,102233.12,21.09,41.30,-1815974.37,4.94
4:1,102203.14,31.44,15.04,102230.61,21.10,40.73,-1816104.00,4.84
4:2,102192.69,31.36,15.04,102230.35,21.09,40.90,-1816456.00,5.49
4:3,102202.33,31.32,15.08,102228.73,21.10,40.66,-1816887.62,5.65
4:4,102201.05,31.32,15.14,102227.92,21.05,41.55,-1817043.25,4.32
4:5,102194.84,31.34,15.11,102229.52,21.10,40.76,-1817445.62,5.45
4:6,102197.05,31.37,15.13,102232.03,21.04,41.79,-1817604.37,5.23
4:7,102196.82,31.38,15.14,102232.85,20.97,42.12,-1818035.62,5.30
4:8,102198.71,31.43,15.12,102227.07,20.98,41.55,-1818220.62,5.45
4:9,102203.49,31.42,15.14,102231.52,21.08,41.53,-1818592.37,4.83
4:10,102204.52,31.42,15.12,102230.29,21.13,41.14,-1819028.75,5.27
4:11,102206.54,31.39,15.14,102230.49,21.12,41.45,-1819152.75,4.43
4:12,102201.73,31.32,15.22,102229.70,21.03,42.17,-1819519.75,5.41
4:13,102191.01,31.27,15.25,102228.38,20.90,42.01,-1820090.37,5.23
4:14,102199.97,31.29,15.28,102230.63,21.20,41.62,-1820570.37,5.44
4:15,102193.64,31.34,15.31,102228.07,21.02,42.97,-1820856.62,4.14
4:16,102197.14,31.35,15.09,102228.91,21.03,41.14,-1821178.75,4.47
4:17,102199.38,31.29,15.25,102227.05,20.93,42.86,-1821315.75,5.71
4:18,102193.91,31.28,15.20,102227.66,20.83,41.92,-1821374.37,5.41
4:19,102196.57,31.26,15.11,102224.53,20.97,41.29,-1821871.25,5.61
4:20,102201.09,31.26,15.23,102224.42,21.15,40.81,-1821712.37,5.27
4:21,102196.02,31.31,15.12,102219.53,21.31,40.28,-1822049.25,5.55
4:22,102199.34,31.31,15.23,102218.53,21.34,40.00,-1822305.37,5.39
4:23,102201.82,31.33,15.15,102217.44,21.34,40.04,-1822016.25,4.29
4:24,102197.57,31.34,15.17,102219.69,21.29,41.25,-1823132.37,5.34
4:25,102195.80,31.37,15.15,102228.02,21.19,40.78,-1822609.37,4.22
4:26,102203.42,18.90,58.54,102221.42,21.25,42.73,-1822904.62,0.90
4:27,102205.36,19.64,49.11,102225.53,20.98,41.94,-1818803.62,0.66
4:28,102204.92,20.67,42.97,102222.07,20.71,42.99,-1816889.62,0.66
4:29,102182.39,29.93,18.53,102223.50,20.78,42.68,-1817764.62,4.65
4:30,102185.92,30.97,16.19,102217.69,20.98,42.61,-1818002.37,4.19
4:31,102180.39,31.19,15.73,102212.05,21.28,41.56,-1817625.62,4.86
4:32,102186.37,31.19,15.60,102208.72,21.32,40.58,-1817840.62,4.20
4:33,102185.38,31.26,15.54,102206.17,21.40,40.56,-1817537.25,4.90
4:34,102173.35,31.27,15.45,102197.07,21.30,41.26,-1817499.62,4.47
4:35,102173.92,31.25,15.38,102193.10,21.46,40.63,-1817535.62,5.19
4:36,102167.46,31.27,15.40,102188.70,21.40,40.63,-1817956.00,5.65
4:37,102150.03,31.27,15.31,102181.82,21.37,40.75,-1818271.62,5.44
4:38,102150.47,31.27,15.34,102181.16,21.25,40.84,-1818695.25,5.52
4:39,102156.87,31.26,15.32,102182.42,21.24,40.79,-1818707.00,5.27
4:40,102160.39,31.30,15.26,102180.82,21.34,40.73,-1818626.37,5.66
4:41,102150.54,31.28,15.27,102181.44,21.39,40.33,-1818664.00,5.37
4:42,102167.53,31.29,15.21,102186.22,21.41,40.11,-1818848.00,5.59
4:43,102157.63,31.29,15.09,102188.25,21.82,37.40,-1819002.75,5.33
4:44,102164.80,31.23,15.18,102188.82,21.50,39.66,-1819596.37,4.21
4:45,102168.85,31.18,15.18,102189.11,21.54,39.02,-1819467.62,5.61
4:46,102169.72,31.20,15.17,102187.42,21.51,39.08,-1819962.75,5.61
4:47,102159.23,31.25,15.23,102190.39,21.45,40.15,-1819830.00,4.33
4:48,102158.17,31.30,15.25,102188.50,21.44,39.86,-1820312.75,4.61
4:49,102162.55,31.32,15.25,102185.42,21.23,40.44,-1820258.62,5.05
4:50,102159.41,31.33,15.19,102191.78,21.30,39.89,-1821172.25,4.27
4:51,102165.57,31.37,15.16,102194.72,21.47,39.47,-1821135.25,4.92
4:52,102166.94,31.37,15.16,102190.89,21.40,39.20,-1821202.37,5.71
4:53,102168.13,31.38,15.19,102192.29,21.47,40.22,-1821759.25,5.17
4:54,102170.86,31.44,15.13,102195.28,21.40,40.42,-1821782.00,5.51
4:55,102165.04,31.41,15.15,102191.03,21.31,40.57,-1821813.37,5.68
4:56,102167.86,31.40,15.15,102193.89,21.38,40.27,-1821972.37,5.50
4:57,102173.07,31.38,15.06,102195.17,21.45,39.35,-1822288.37,4.23
4:58,102166.78,31.30,15.01,102202.75,21.62,38.88,-1822954.62,5.57
4:59,102171.55,31.26,15.23,102204.39,21.40,39.84,-1822868.25,5.83
5:0,102166.72,31.32,15.12,102205.98,21.78,38.15,-1822684.37,4.59
5:1,102188.78,31.23,15.26,102204.57,21.40,40.20,-1823337.75,4.20
5:2,102182.17,31.22,15.28,102203.22,21.31,40.60,-1823664.62,5.59
5:3,102179.24,31.26,15.29,102204.06,21.52,39.74,-1823774.75,5.49
5:4,102177.34,31.23,15.22,102206.97,21.69,39.02,-1824255.62,4.61
5:5,102179.55,31.24,15.17,102205.71,21.84,38.36,-1824565.25,5.45
5:6,102185.53,31.25,15.32,102209.16,21.49,39.88,-1824950.75,5.19
5:7,102179.66,31.27,15.13,102206.55,21.48,39.53,-1824812.62,5.72
5:8,102179.29,31.26,15.10,102207.11,21.78,37.92,-1825388.37,5.50
5:9,102188.35,31.25,15.15,102210.02,21.83,37.96,-1825626.37,5.42
5:10,102177.96,31.27,15.35,102212.53,21.45,40.17,-1825476.62,4.79
5:11,102180.85,31.27,15.27,102213.87,21.29,40.31,-1825816.25,4.41
5:12,102184.85,31.25,15.20,102210.38,21.35,39.96,-1826201.62,5.40
5:13,102188.54,31.26,15.38,102216.14,21.13,41.51,-1826634.75,5.32
5:14,102181.16,31.31,15.26,102212.41,21.45,40.35,-1827089.75,5.65
5:15,102187.47,31.32,15.16,102212.42,21.33,40.29,-1827412.37,5.12
5:16,102186.56,31.34,15.15,102215.14,21.45,39.59,-1827506.37,5.69
5:17,102183.28,31.33,15.17,102215.46,21.69,39.36,-1827877.25,5.68
5:18,102184.69,31.37,15.22,102211.35,21.55,39.48,-1828267.25,4.95
5:19,102177.96,31.42,15.24,102214.52,21.53,39.65,-1828336.00,5.49
5:20,102187.46,31.45,15.25,102215.07,21.41,40.37,-1828939.75,5.59
5:21,102194.77,31.43,15.21,102214.50,21.19,41.09,-1829011.62,5.54
5:22,102191.09,31.40,15.21,102216.30,21.13,41.46,-1829445.00,4.32
5:23,102189.63,31.41,15.27,102209.75,21.30,40.30,-1830021.62,4.49
5:24,102180.35,31.47,15.28,102211.11,21.48,40.16,-1829945.75,5.74
5:25,102179.60,31.50,15.25,102206.17,21.38,40.54,-1830258.00,5.63
5:26,102170.54,31.51,15.19,102206.08,21.41,41.08,-1830504.25,5.53
5:27,102175.94,31.54,15.19,102200.89,21.27,41.14,-1830809.62,5.16
5:28,102171.85,31.54,15.14,102199.38,21.34,40.90,-1831048.75,5.49
5:29,102170.64,31.54,15.14,102199.85,21.42,41.33,-1831356.75,4.56
5:30,102166.20,31.55,15.22,102195.46,21.40,40.90,-1831715.25,5.11
5:31,102170.99,31.55,15.09,102195.19,21.33,41.05,-1831886.37,5.58
5:32,102158.53,31.53,15.06,102197.60,21.34,40.36,-1832300.37,5.73
5:33,102167.07,31.48,15.13,102200.35,21.35,40.65,-1832678.00,5.32
5:34,102166.11,31.50,15.14,102195.40,21.29,40.62,-1832828.00,4.43
5:35,102172.08,31.51,15.11,102196.61,21.40,40.28,-1833288.37,4.49
5:36,102163.28,31.51,15.18,102193.02,21.35,41.20,-1833551.25,5.47
5:37,102167.32,31.59,15.23,102189.74,21.41,41.56,-1833773.75,5.09
5:38,102156.67,31.64,15.16,102179.05,21.27,41.55,-1833980.75,5.54
5:39,102143.77,31.60,15.10,102179.38,21.48,40.80,-1834512.75,5.30
5:40,102134.02,31.57,15.08,102167.47,21.57,39.95,-1834930.37,5.52
5:41,102132.14,31.53,15.12,102162.17,21.52,40.26,-1835354.62,5.54
5:42,102118.04,31.54,15.04,102151.57,21.68,39.40,-1835726.25,5.45
5:43,102116.60,31.56,15.25,102149.96,21.53,40.53,-1836153.00,4.91
5:44,102114.57,31.64,15.09,102136.16,21.44,40.05,-1836253.00,4.35
5:45,102099.28,31.68,15.00,102124.46,21.60,39.41,-1836516.75,5.64
5:46,102080.05,31.61,15.16,102117.57,21.53,41.18,-1837163.62,5.18
5:47,102079.21,31.68,15.15,102106.32,21.42,40.83,-1837309.37,4.99
5:48,102073.39,31.68,15.12,102101.38,21.35,40.84,-1837280.62,4.25
5:49,102074.32,31.58,15.01,102105.50,21.57,39.44,-1837627.00,4.20
5:50,102084.98,31.51,15.08,102112.88,21.59,39.09,-1838210.25,5.21
5:51,102103.32,31.40,15.20,102127.94,21.35,41.15,-1838605.00,4.21
5:52,102115.00,31.36,15.14,102143.13,21.38,40.44,-1839021.00,5.44
5:53,102134.31,31.33,15.37,102161.42,21.44,40.54,-1839442.25,5.43
5:54,102155.14,31.24,15.16,102178.69,21.52,39.47,-1840558.00,5.26
5:55,102154.36,31.20,15.49,102183.41,21.20,42.15,-1841612.37,4.47
5:56,102166.72,31.32,15.20,102191.50,21.46,40.12,-1841908.37,4.77
5:57,102161.74,31.42,15.24,102189.69,21.23,41.10,-1841613.75,4.55
5:58,102165.87,31.53,15.39,102190.25,21.41,42.19,-1841892.37,4.95
5:59,102164.78,31.66,15.09,102188.49,21.64,39.48,-1841903.25,5.31
6:0,102159.05,31.61,15.13,102181.69,21.62,40.01,-1842460.37,5.36
6:1,102158.47,31.69,15.15,102187.30,21.72,40.34,-1842663.62,5.51
6:2,102158.05,31.67,15.06,102189.60,21.70,39.54,-1843171.37,5.39
6:3,102159.22,31.61,15.04,102192.50,21.57,40.41,-1843436.62,5.05
6:4,102173.07,31.64,15.07,102195.74,21.59,40.06,-1843575.25,5.32
6:5,102165.98,31.70,15.21,102194.88,21.44,42.09,-1843750.37,5.77
6:6,102162.85,31.76,15.11,102197.31,21.27,41.71,-1844065.00,5.68
6:7,102170.86,31.78,15.09,102196.86,21.39,41.93,-1844863.62,4.26
6:8,102157.03,31.77,15.19,102197.88,21.46,41.73,-1844866.62,5.12
6:9,102166.09,31.81,15.12,102197.29,21.32,41.88,-1845348.37,4.36
6:10,102170.89,31.82,15.13,102198.94,21.33,42.21,-1845813.25,5.61
6:11,102164.82,31.84,15.07,102198.33,21.31,42.42,-1846172.75,5.26
6:12,102172.14,31.86,15.07,102202.69,21.42,41.24,-1846384.00,5.69
6:13,102162.65,31.86,15.09,102195.19,21.35,42.03,-1846584.75,4.95
6:14,102166.32,31.87,15.02,102196.89,21.53,41.23,-1847123.25,5.60
6:15,102162.46,31.88,15.16,102198.99,21.37,42.95,-1847385.62,5.54
6:16,102160.77,31.94,15.08,102195.10,21.56,42.06,-1847645.37,5.02
6:17,102171.01,31.96,15.02,102192.66,21.59,41.74,-1848048.37,5.37
6:18,102161.78,32.00,15.15,102196.17,21.44,43.45,-1848624.00,5.48
6:19,102166.24,32.07,15.05,102197.80,21.38,42.28,-1848930.25,5.50
6:20,102175.03,32.04,14.99,102196.71,21.26,43.12,-1849106.75,5.36
6:21,102167.78,31.95,15.03,102194.86,21.31,42.26,-1849515.25,5.31
6:22,102157.51,31.96,15.04,102195.18,21.42,42.80,-1850152.25,5.14
6:23,102158.64,32.02,15.04,102192.88,21.41,42.07,-1850414.37,4.94
6:24,102156.92,32.03,15.09,102190.94,21.41,43.01,-1850806.75,4.51
6:25,102157.78,32.03,15.11,102192.89,21.34,42.81,-1850968.75,4.67
6:26,102163.78,32.05,15.00,102191.39,21.46,42.73,-1851077.25,5.64
6:27,102158.57,32.09,15.04,102190.20,21.54,42.54,-1851498.75,5.79
6:28,102161.29,32.09,15.01,102192.33,21.53,41.75,-1852016.62,5.49
6:29,102165.91,32.05,15.06,102191.32,21.32,43.18,-1852172.62,5.39
6:30,102167.88,32.10,15.04,102192.36,21.49,42.74,-1852733.37,5.39
6:31,102156.94,32.13,14.99,102191.38,21.45,42.81,-1852973.00,5.48
6:32,102166.85,32.13,15.02,102193.28,21.57,41.55,-1853351.62,5.43
6:33,102157.02,32.05,15.05,102189.38,21.71,41.24,-1853666.37,5.24
6:34,102156.85,32.05,15.11,102186.97,21.62,42.08,-1854009.25,5.65
6:35,102158.13,32.06,15.11,102185.71,21.61,41.90,-1854236.62,5.23
6:36,102155.05,32.14,15.22,102187.14,21.67,43.05,-1854650.37,4.35
6:37,102171.38,32.18,15.26,102189.21,21.63,42.67,-1855132.00,5.88
6:38,102164.63,32.21,15.19,102195.74,21.49,43.39,-1855861.62,5.77
6:39,102167.69,32.15,15.21,102194.96,21.60,43.03,-1855973.62,4.34
6:40,102156.34,32.20,15.08,102195.82,21.60,42.45,-1856233.62,4.36
6:41,102161.04,32.24,15.14,102192.32,21.89,41.40,-1856394.37,4.35
6:42,102159.67,32.28,15.04,102195.07,22.06,40.76,-1856608.37,5.04
6:43,102162.47,32.26,15.23,102197.35,21.86,41.85,-1856934.37,4.45
6:44,102158.11,32.33,15.12,102195.57,21.83,42.73,-1857602.00,4.60
6:45,102162.35,32.43,15.10,102191.61,22.06,42.80,-1857512.37,5.79
6:46,102169.86,32.50,15.19,102192.34,21.92,44.06,-1857894.00,4.47
6:47,102163.19,32.61,15.17,102183.14,21.90,43.11,-1857885.25,5.49
6:48,102156.39,32.64,15.08,102180.21,21.81,43.36,-1858326.62,4.43
6:49,102151.25,32.64,15.08,102178.57,21.92,42.57,-1858570.75,4.40
6:50,102145.71,32.63,15.04,102177.52,21.77,43.29,-1858996.75,5.75
6:51,102142.98,32.62,15.06,102180.19,21.85,43.43,-1859517.25,5.59
6:52,102139.07,32.60,15.01,102179.70,21.92,41.52,-1859764.25,5.82
6:53,102140.50,32.59,15.04,102180.19,21.96,42.29,-1860250.37,5.74
6:54,102155.38,32.63,15.11,102181.47,21.90,43.67,-1860543.00,5.83
6:55,102158.28,32.72,14.96,102182.53,21.91,42.50,-1861014.37,5.63
6:56,102161.78,32.66,14.94,102184.10,22.12,41.40,-1861438.37,4.94
6:57,102158.10,32.67,14.98,102187.08,21.86,43.16,-1861706.25,5.03
6:58,102151.88,32.65,15.06,102185.88,21.72,43.73,-1861929.00,5.43
6:59,102148.18,32.69,15.05,102185.38,21.68,43.79,-1862423.62,5.22
7:0,102150.14,32.71,15.06,102184.02,21.67,44.08,-1862863.62,5.85
7:1,102158.96,32.75,15.07,102180.80,21.71,44.43,-1862998.75,5.17
7:2,102162.10,32.77,15.00,102178.08,21.74,43.53,-1863934.37,5.48
7:3,102156.53,32.81,14.92,102180.64,21.80,44.31,-1864100.62,5.43
7:4,102149.52,32.83,14.90,102180.30,21.83,43.69,-1864516.75,5.14
7:5,102145.32,32.88,14.84,102183.49,21.83,43.91,-1864814.75,5.56
7:6,102148.66,32.87,14.88,102177.25,21.75,44.12,-1865331.25,4.84
7:7,102152.92,32.86,14.92,102180.02,21.85,44.24,-1865845.62,5.95
7:8,102158.10,32.77,14.88,102182.16,21.86,43.25,-1865998.00,4.61
7:9,102146.72,32.75,14.79,102179.13,22.25,42.01,-1868063.25,5.67
7:10,102146.64,32.69,14.92,102178.03,22.33,41.35,-1868602.00,4.44
7:11,102151.35,32.75,15.01,102180.03,22.15,42.56,-1868768.00,4.63
7:12,102144.39,32.78,14.95,102180.75,22.35,41.75,-1869266.25,5.82
7:13,102152.35,32.83,15.14,102178.42,22.02,43.86,-1869399.00,5.43
7:14,102146.66,32.92,15.12,102174.89,22.03,43.70,-1869212.00,5.80
7:15,102154.50,33.05,14.96,102178.80,21.99,44.04,-1868774.37,4.50
7:16,102150.23,33.05,14.86,102175.56,22.17,43.17,-1869447.62,5.02
7:17,102151.39,32.99,14.90,102177.64,22.30,42.61,-1869908.37,5.28
7:18,102156.75,33.01,14.85,102180.99,22.21,42.75,-1870185.25,4.64
7:19,102147.36,33.01,14.87,102181.75,22.32,42.94,-1870578.37,4.96
7:20,102159.47,33.08,14.97,102183.53,22.10,44.35,-1870576.62,5.69
7:21,102162.78,33.21,14.84,102186.60,22.04,44.29,-1871025.25,5.86
7:22,102161.58,33.20,14.86,102189.27,22.17,44.07,-1871128.37,5.50
7:23,102162.16,33.24,14.79,102192.47,22.19,43.62,-1871748.75,5.37
7:24,102171.53,33.11,14.79,102192.42,22.41,42.36,-1872575.25,4.73
7:25,102162.91,33.10,14.75,102195.42,22.40,41.76,-1872929.37,4.50
7:26,102178.91,33.08,14.74,102196.63,22.38,41.98,-1873164.62,5.40
7:27,102176.10,33.06,14.78,102207.07,22.40,42.25,-1873716.37,5.72
7:28,102176.77,33.10,14.81,102208.90,22.41,43.06,-1874119.25,5.88
7:29,102168.82,33.23,14.99,102203.57,22.37,43.95,-1874126.37,5.45
7:30,102177.84,33.40,14.81,102202.21,22.49,43.31,-1874672.75,4.62
7:31,102171.99,33.44,14.80,102202.00,22.57,42.88,-396877.59,5.10
7:32,102172.50,33.51,14.93,102207.56,22.61,44.01,-1104577.75,4.43
7:33,102175.58,33.66,14.80,102202.28,22.44,44.81,-1475236.25,4.57
7:34,102178.91,33.70,14.70,102207.02,22.48,43.70,-1454496.87,4.64
7:35,102174.08,33.73,14.68,102204.96,22.69,43.40,-1476334.75,5.80
7:36,102176.13,33.74,14.63,102210.63,22.77,42.33,-1444457.37,5.83
7:37,102170.82,33.76,14.60,102206.49,22.78,43.21,-1447793.75,4.49
7:38,102167.25,33.81,14.69,102207.74,22.82,43.56,-1480633.62,5.81
7:39,102181.91,33.94,14.67,102207.82,22.90,43.63,-1361400.87,4.78
7:40,102189.26,34.03,14.56,102210.07,23.02,43.27,-1112526.37,4.43
7:41,102182.41,33.96,14.40,102218.53,23.39,40.05,-971242.50,5.12
7:42,102184.80,33.97,14.49,102218.56,23.50,41.17,-924959.50,4.62
7:43,102191.63,34.05,14.51,102227.35,23.34,41.21,-698935.12,4.65
7:44,102199.85,34.19,14.68,102233.53,23.22,43.10,-732924.50,5.52
7:45,102209.42,34.42,14.64,102229.08,23.15,43.93,-784828.31,5.43
7:46,102210.88,34.56,14.55,102236.77,23.17,44.05,-765931.37,5.52
7:47,102206.02,34.38,14.31,102238.36,23.11,42.59,-748334.87,5.88
7:48,102200.22,34.35,14.45,102234.82,22.95,44.22,-763166.87,5.60
7:49,102204.48,34.49,14.42,102235.80,23.17,43.49,-972287.62,5.40
7:50,102206.26,34.55,14.48,102238.78,23.21,43.47,-391030.09,6.02
7:51,102208.76,34.39,14.43,102240.67,23.45,41.31,-302281.50,5.12
7:52,102211.42,34.40,14.60,102242.33,23.43,42.05,-307606.40,4.65
7:53,102202.70,34.47,14.50,102242.07,23.46,42.06,-319310.68,5.69
7:54,102201.41,34.46,14.56,102244.14,23.43,42.49,-298721.59,4.56
7:55,102205.42,34.55,14.62,102244.11,23.50,42.84,-292974.18,5.16
7:56,102216.42,34.58,14.52,102241.28,23.68,40.86,-290033.90,5.54
7:57,102213.27,34.57,14.49,102236.05,23.65,40.74,-298168.90,4.86
7:58,102205.74,34.54,14.57,102240.96,23.59,41.99,-252740.79,4.73
7:59,102214.23,34.66,14.51,102243.92,23.48,42.49,-1810538.37,5.66
8:0,102216.22,34.71,14.49,102244.86,23.50,42.66,-1816304.00,6.01
8:1,102209.14,34.76,14.58,102245.14,23.46,42.43,-1827534.75,5.14
8:2,102210.62,34.74,14.35,102253.64,23.48,42.70,-1829070.75,6.11
8:3,102219.42,34.77,14.33,102250.08,23.58,42.00,-1830441.37,5.62
8:4,102218.16,34.75,14.31,102246.36,23.76,41.18,-1830059.62,5.41
8:5,102217.56,34.75,14.41,102243.28,23.65,41.83,-1830440.25,4.65
8:6,102207.60,34.76,14.38,102242.88,23.72,41.25,-1830212.37,4.61
8:7,102205.51,34.77,14.39,102236.35,23.59,43.04,-1830743.75,5.19
8:8,102205.00,34.86,14.38,102231.39,23.71,42.12,-1829796.00,5.59
8:9,102195.75,34.92,14.36,102225.04,23.61,43.15,-1829758.62,4.83
8:10,102193.52,34.98,14.35,102219.21,23.59,43.75,-1828667.25,5.98
8:11,102189.32,35.02,14.46,102212.17,23.51,44.54,-1828511.25,5.68
8:12,102174.56,35.06,14.35,102212.81,23.60,43.29,-1831509.62,4.96
8:13,102181.00,35.06,14.46,102202.66,23.47,44.29,-1830687.62,5.74
8:14,102176.84,35.10,14.29,102206.10,23.50,44.11,-1828475.62,6.02
8:15,102169.77,35.07,14.40,102206.32,23.52,44.35,-1827571.62,5.06
8:16,102168.86,35.09,14.42,102201.21,23.64,44.30,-1827649.25,4.60
8:17,102172.08,35.13,14.38,102199.77,23.53,44.50,-1827735.25,5.03
8:18,102167.88,35.20,14.46,102199.35,23.61,44.57,-1829878.37,5.75
8:19,102161.78,35.26,14.16,102205.05,24.10,42.11,-1831704.75,4.96
8:20,102164.86,35.20,14.33,102198.72,23.70,44.31,-1829679.62,4.69
8:21,102161.35,35.25,14.29,102197.89,23.62,44.40,-1830605.25,5.85
8:22,102169.58,35.29,14.20,102196.67,23.83,42.99,-1830602.00,5.50
8:23,102163.92,35.22,14.29,102199.14,23.76,43.86,-1833007.75,4.98
8:24,102166.71,35.30,14.28,102194.42,23.86,41.73,-1832623.25,5.94
8:25,102161.35,35.33,14.33,102195.35,23.77,43.38,-1833330.75,5.04
8:26,102163.18,35.38,14.17,102195.69,23.80,43.25,-1833854.37,4.57
8:27,102166.44,35.38,14.36,102192.40,23.67,44.41,-1832926.75,4.90
8:28,102162.33,35.48,14.30,102195.14,23.79,43.54,-1832156.62,4.87
8:29,102155.69,35.44,14.10,102195.86,24.06,41.84,-1834290.37,5.50
8:30,102166.63,35.42,14.33,102192.14,23.91,44.65,-1834382.75,5.00
8:31,102166.00,35.53,14.35,102191.32,23.80,44.52,-1833873.25,6.10
8:32,102158.08,35.58,14.25,102192.97,24.02,42.20,-1833935.25,5.51
8:33,102166.14,35.61,14.30,102190.66,23.96,43.95,-1833715.25,5.85
8:34,102164.84,35.63,14.29,102191.71,23.92,44.13,-1835003.75,4.56
8:35,102159.03,35.65,14.23,102194.19,24.14,43.03,-1836640.37,5.90
8:36,102165.96,35.66,14.16,102193.94,24.27,41.38,-1837092.00,6.17
8:37,102160.22,35.60,14.22,102201.08,24.09,43.70,-1837785.25,5.12
8:38,102169.92,35.67,14.16,102201.89,24.14,42.54,-1838763.25,4.77
8:39,102170.40,35.69,14.27,102201.67,24.04,44.22,-1837403.25,4.18
8:40,102167.44,35.72,14.10,102205.01,24.21,41.96,-1839466.37,4.69
8:41,102168.49,35.70,14.08,102205.83,24.14,42.71,-1839119.25,4.50
8:42,102166.81,35.73,14.18,102204.14,24.11,44.03,-1837905.00,4.63
8:43,102169.08,35.88,14.34,102208.17,24.04,44.11,-1828442.75,6.01
8:44,102167.96,35.94,14.07,102206.24,24.14,43.78,-1832954.00,5.05
8:45,102169.78,35.92,14.10,102208.32,24.21,43.28,-1833091.00,4.98
8:46,102176.31,35.94,14.17,102213.74,24.20,43.82,-1835414.37,5.95
8:47,102184.91,35.92,14.07,102218.84,24.50,42.90,-1836367.75,4.82
8:48,102187.67,35.99,14.11,102219.66,24.46,42.12,-1836956.75,5.48
8:49,102185.78,36.01,14.09,102224.77,24.35,42.78,-1837862.37,5.93
8:50,102198.69,35.91,14.03,102228.91,24.24,43.18,-1839115.75,6.02
8:51,102194.96,35.89,13.95,102234.33,24.61,41.39,-1840983.37,6.12
8:52,102191.45,35.87,14.02,102231.47,24.22,43.28,-1842491.62,5.88
8:53,102195.79,35.85,14.18,102230.63,24.00,43.56,-1842835.62,6.08
8:54,102197.71,35.83,14.21,102231.77,23.65,45.62,-1842492.37,5.94
8:55,102205.53,35.83,14.15,102229.82,24.02,43.67,-1842483.37,6.06
8:56,102200.36,35.90,14.12,102235.17,24.44,42.39,-1845075.25,5.57
8:57,102211.82,35.94,14.00,102237.40,24.37,43.12,-1845604.25,4.55
8:58,102200.07,35.96,14.07,102230.89,24.54,42.26,-1845956.00,4.58
8:59,102187.60,35.99,14.11,102228.17,24.56,43.35,-1845926.75,5.30
9:0,102194.65,36.14,14.11,102228.83,24.44,42.72,-1844091.62,5.45
9:1,102193.49,36.18,13.98,102230.35,24.41,43.37,-1844493.25,5.99
9:2,102199.80,36.15,13.92,102228.63,24.56,42.25,-1845377.62,5.85
9:3,102192.68,36.15,14.00,102229.11,24.36,43.29,-1845227.37,5.97
9:4,102184.26,36.20,14.09,102229.39,24.30,43.53,-1845273.37,6.01
9:5,102195.79,36.04,14.23,102231.82,23.90,44.69,-1846816.25,5.13
9:6,102191.53,36.01,14.16,102234.03,24.37,42.98,-1848182.75,5.97
9:7,102185.85,36.06,14.14,102231.94,24.66,42.92,-1849104.37,6.30
9:8,102200.07,36.11,14.26,102230.38,24.48,44.32,-1847755.00,5.25
9:9,102193.76,36.23,14.20,102228.02,24.48,43.12,-1847184.00,5.94
9:10,102194.56,36.21,14.17,102232.30,24.64,43.01,-1847045.62,5.36
9:11,102191.60,36.22,14.20,102231.44,24.64,43.27,-1842824.37,5.64
9:12,102193.80,36.31,14.33,102225.72,24.57,44.15,-1840210.37,4.68
9:13,102179.78,36.44,14.12,102217.74,24.65,43.93,-1838071.62,6.04
9:14,102175.03,36.46,14.21,102210.14,24.71,43.74,-1840647.62,5.32
9:15,102167.06,36.50,14.18,102205.66,24.46,45.02,-1838471.25,4.62
9:16,102161.03,36.50,14.18,102197.30,24.40,44.62,-1853807.00,6.01
9:17,102152.16,36.55,14.02,102194.61,24.56,43.69,-1854408.37,6.07
9:18,102154.19,36.51,14.11,102192.34,24.64,43.95,-1851097.62,6.17
9:19,102159.61,36.52,14.07,102191.70,24.87,42.38,-1848941.62,6.05
9:20,102158.69,36.56,14.05,102195.03,24.78,43.20,-1851298.00,6.15
9:21,102161.82,36.58,14.12,102198.64,24.59,44.35,-1851758.75,6.28
9:22,102159.33,36.67,14.09,102200.77,24.68,45.35,-1851858.75,5.61
9:23,102164.43,36.71,14.15,102199.85,24.50,45.61,-1852911.25,5.10
9:24,102152.11,36.76,14.03,102194.92,24.90,43.59,-1853299.25,6.32
9:25,102153.85,36.83,14.14,102191.05,24.68,45.10,-1852834.37,4.70
9:26,102138.56,36.95,14.12,102185.43,24.77,43.55,-1851972.75,4.80
9:27,102144.77,37.03,13.99,102174.74,24.77,45.14,-1846885.62,5.25
9:28,102138.86,37.06,14.09,102168.04,24.79,45.47,-1848575.25,6.05
9:29,102125.17,37.04,14.03,102157.99,24.65,45.54,-1851278.37,6.32
9:30,102126.15,37.12,14.07,102154.71,24.93,45.18,-1852040.00,5.50
9:31,102127.64,37.18,14.17,102150.50,24.77,45.48,-1846469.25,4.99
9:32,102125.69,37.29,13.96,102145.78,24.97,45.00,-1845032.00,5.72
9:33,102111.33,37.34,13.96,102146.44,24.92,44.09,-282377.81,6.08
9:34,102109.00,37.34,13.87,102143.46,24.92,44.32,-255751.09,6.24
9:35,102103.75,37.35,13.86,102147.24,24.94,44.93,-316105.09,5.72
9:36,102121.39,37.40,13.86,102146.32,24.94,44.65,-265886.09,4.81
9:37,102121.37,37.40,13.94,102149.07,24.77,45.77,-406193.68,5.56
9:38,102124.83,37.36,13.83,102155.46,25.06,43.49,-331862.59,6.26
9:39,102120.14,37.42,13.94,102157.57,24.98,44.93,-305400.40,6.04
9:40,102137.90,37.43,13.95,102160.85,24.92,45.95,-306872.68,4.68
9:41,102130.58,37.42,13.84,102162.24,25.01,45.12,-297029.68,4.84
9:42,102137.82,37.43,13.96,102164.50,25.11,44.25,-306296.00,4.74
9:43,102133.04,37.44,13.99,102169.27,25.08,45.79,-309128.90,4.68
9:44,102152.83,37.54,13.84,102174.96,24.97,45.58,-359521.09,4.75
9:45,102143.87,37.60,13.94,102177.80,25.15,46.04,-337615.09,5.22
9:46,102158.60,37.64,13.96,102185.09,24.97,45.72,-334127.18,6.01
9:47,102160.67,37.68,13.97,102196.99,24.93,46.00,-334619.81,6.33
9:48,102168.46,37.81,13.84,102200.78,25.47,45.24,-341924.00,5.50
9:49,102170.58,37.86,13.96,102204.72,25.11,46.86,-353162.40,4.75
9:50,102174.53,37.99,13.84,102214.98,25.47,45.37,-348496.81,4.99
9:51,102171.46,38.11,13.81,102204.71,25.70,43.82,-329760.59,4.90
9:52,102168.61,38.22,13.73,102203.16,25.76,43.91,-326380.18,6.30
9:53,102168.42,38.22,13.84,102199.78,25.60,45.26,-346348.18,5.45
9:54,102179.25,38.30,13.73,102206.11,25.87,44.58,-393718.68,5.95
9:55,102177.19,38.26,13.84,102213.74,25.08,47.33,-415938.00,4.74
9:56,102187.85,38.36,13.78,102211.77,25.82,45.49,-451404.40,6.19
9:57,102183.90,38.64,13.62,102212.61,26.26,43.71,-1343321.75,5.32
9:58,102196.86,38.80,13.46,102222.19,26.62,42.66,-1302610.50,5.74
9:59,102193.63,38.85,13.70,102226.53,26.04,45.59,-1351277.12,6.16
10:0,102186.32,38.96,13.51,102220.12,26.39,42.91,-1364998.37,6.32
10:1,102187.91,39.09,13.57,102216.99,26.69,43.27,-1297028.75,5.81
10:2,102178.55,39.19,13.53,102215.60,26.63,43.08,-1559260.25,5.27
10:3,102180.10,39.28,13.56,102213.11,26.56,43.80,-1506195.87,5.20
10:4,102171.03,39.34,13.52,102209.24,26.75,43.81,-1527083.00,5.78
10:5,102174.83,39.39,13.38,102212.74,26.67,43.67,-1538267.25,6.29
10:6,102173.49,39.44,13.43,102210.80,26.79,42.76,-1541409.75,5.32
10:7,102170.79,39.45,13.43,102202.24,26.67,43.73,-1530101.75,5.74
10:8,102167.01,39.49,13.45,102200.57,26.65,44.02,-1517668.87,6.14
10:9,102165.49,39.60,13.36,102202.21,26.51,44.44,-1522714.25,6.13
10:10,102170.58,39.68,13.25,102204.60,26.83,42.80,-1496506.37,5.73
10:11,102169.78,39.75,13.16,102202.88,27.19,42.20,-1481355.12,4.23
10:12,102170.57,39.85,13.18,102206.60,27.07,43.46,-1491488.75,5.68
10:13,102174.99,40.08,13.06,102205.76,26.50,45.87,-1487562.75,4.98
10:14,102176.22,39.92,13.12,102204.26,26.12,46.66,-1196519.50,4.85
10:15,102172.03,39.96,13.16,102206.02,26.71,44.83,-1137367.50,5.87
10:16,102171.86,39.95,13.13,102206.32,26.31,46.16,-1108788.62,6.14
10:17,102178.21,39.84,13.13,102205.53,26.29,45.89,-957166.37,5.94
10:18,102170.75,39.84,13.30,102204.58,26.06,47.11,-944927.00,5.45
10:19,102170.14,39.90,13.13,102199.76,26.57,45.01,-995691.62,4.87
10:20,102168.16,39.99,13.14,102198.99,26.89,43.56,-1134642.62,5.57
10:21,102161.13,40.10,13.15,102197.32,26.89,44.67,-1034175.62,5.92
10:22,102161.10,40.09,13.21,102198.41,26.73,45.24,-939876.12,4.83
10:23,102155.83,40.12,13.20,102197.27,26.75,45.14,-889393.00,6.27
10:24,102167.40,40.25,13.03,102201.75,26.94,44.38,-681220.50,4.81
10:25,102170.63,40.20,13.13,102201.05,26.46,46.55,-695159.00,5.59
10:26,102160.85,40.12,13.02,102200.96,26.56,44.49,-747941.62,4.94
10:27,102171.28,40.14,13.14,102201.52,26.10,47.66,-775259.62,6.25
10:28,102166.55,39.99,13.12,102195.91,26.45,45.26,-700084.12,6.15
10:29,102163.77,40.07,13.30,102197.07,26.61,44.93,-716138.37,6.52
10:30,102157.39,40.30,13.14,102195.99,26.96,45.06,-649400.00,4.71
10:31,102167.24,40.54,13.06,102193.11,27.25,45.24,-1827428.00,5.01
10:32,102164.41,40.69,13.05,102195.19,26.82,46.29,-1868912.37,6.23
10:33,102160.16,40.65,12.96,102193.46,27.07,44.19,-1884911.00,4.90
10:34,102158.71,40.71,12.96,102190.89,27.16,45.06,-1884180.75,6.37
10:35,102155.10,40.70,12.88,102188.79,27.09,44.67,-1886625.37,6.65
10:36,102155.28,40.88,12.94,102184.05,27.49,43.30,-1488896.25,5.88
10:37,102161.13,41.08,12.86,102185.82,27.69,43.46,-1486246.37,6.45
10:38,102152.28,41.20,12.90,102187.47,27.37,45.42,-1452775.62,4.91
10:39,102158.10,41.30,12.73,102188.53,27.76,43.41,-1471181.50,6.47
10:40,102161.68,41.48,12.66,102186.94,28.22,41.78,-1509078.50,6.59
10:41,102160.55,41.41,12.78,102194.22,27.65,45.18,-1476834.75,6.32
10:42,102155.48,41.33,12.63,102189.73,26.95,46.75,-938697.87,6.59
10:43,102155.86,41.17,12.75,102191.02,27.48,43.72,-1285812.87,6.39
10:44,102167.00,41.32,12.81,102194.73,27.50,45.10,-1170495.75,6.35
10:45,102164.21,41.34,12.72,102194.66,27.30,45.33,-1275266.75,6.31
10:46,102162.88,41.41,12.65,102194.14,27.56,44.77,-1261955.00,6.31
10:47,102175.33,41.49,12.65,102198.05,27.80,43.76,-1317873.75,6.30
10:48,102164.86,41.55,12.64,102190.55,27.76,43.27,-1167321.75,6.17
10:49,102176.30,41.58,12.76,102197.81,27.36,46.11,-1358177.75,4.77
10:50,102158.82,41.50,12.65,102197.55,26.98,46.88,-1253258.62,6.32
10:51,102165.61,41.45,12.70,102201.07,27.39,44.96,-936850.62,5.65
10:52,102173.52,41.60,12.69,102196.66,27.88,43.32,-1053800.87,6.17
10:53,102165.33,41.76,12.68,102198.17,28.03,44.41,-983015.00,6.25
10:54,102164.96,41.97,12.60,102198.21,28.18,43.83,-1073226.12,5.88
10:55,102159.62,42.08,12.53,102199.56,28.16,44.99,-469605.50,5.40
10:56,102174.61,41.97,12.59,102196.22,27.83,44.46,-659817.12,4.81
10:57,102171.24,42.03,12.49,102204.03,27.98,44.73,-736623.87,6.03
10:58,102181.46,42.06,12.46,102203.69,28.04,44.93,-733958.87,4.27
10:59,102162.03,42.19,12.54,102203.10,28.44,43.76,-762440.12,5.91
11:0,102167.50,42.19,12.35,102201.67,27.80,44.43,-806268.12,5.53
11:1,102164.01,42.07,12.46,102199.58,28.11,43.93,-675098.50,4.82
11:2,102161.49,42.22,12.48,102194.79,28.56,41.84,-878639.18,6.55
11:3,102163.89,42.46,12.49,102201.48,28.68,43.69,-821910.37,5.57
11:4,102162.67,42.58,12.39,102200.92,28.75,42.48,-1475275.75,6.17
11:5,102167.00,42.43,12.27,102203.24,28.14,44.13,-1527972.00,5.43
11:6,102166.82,42.32,12.47,102199.21,28.23,44.36,-1493381.25,5.04
11:7,102171.78,42.39,12.33,102199.82,28.37,42.80,-1478638.75,6.06
11:8,102170.32,42.43,12.30,102197.92,28.35,43.96,-1422480.12,4.87
11:9,102160.45,42.56,12.30,102203.58,28.40,44.57,-1404483.25,6.37
11:10,102163.05,42.50,12.29,102203.86,28.49,42.40,-1312914.37,5.56
11:11,102167.89,42.58,12.30,102205.18,28.04,44.52,-1180985.00,5.52
11:12,102167.43,42.31,12.45,102202.49,28.17,44.64,-1039918.31,6.59
11:13,102171.24,42.52,12.36,102206.08,28.84,42.76,-892958.12,6.17
11:14,102175.67,42.61,12.45,102202.77,28.74,43.61,-886003.31,5.59
11:15,102157.28,42.69,12.38,102203.12,28.66,43.25,-967396.50,6.51
11:16,102158.21,42.71,12.30,102208.71,28.78,43.72,-868651.12,5.36
11:17,102162.03,42.65,12.42,102203.43,28.46,44.52,-931095.81,6.42
11:18,102165.60,42.61,12.29,102205.88,28.24,44.74,-886770.62,6.44
11:19,102167.13,42.64,12.38,102203.18,28.64,42.43,-893095.12,5.61
11:20,102167.28,42.55,12.24,102203.23,28.48,43.20,-984487.12,5.32
11:21,102164.44,42.58,12.28,102205.07,28.75,42.69,-807288.31,5.13
11:22,102162.79,42.70,12.38,102200.89,28.86,42.21,-769950.12,6.55
11:23,102154.21,42.75,12.26,102199.50,28.48,44.31,-999384.18,5.23
11:24,102159.92,42.71,12.31,102198.78,29.01,42.96,-931425.81,5.64
11:25,102158.53,42.74,12.36,102200.61,28.68,44.45,-870789.00,5.85
11:26,102166.07,42.70,12.32,102203.38,28.30,45.52,-1132178.37,6.47
11:27,102163.77,42.57,12.29,102206.64,28.54,42.92,-1342188.87,4.83
11:28,102169.24,42.63,12.39,102206.64,28.57,43.81,-880280.81,5.18
11:29,102173.37,42.76,12.31,102205.74,28.82,43.13,-804780.31,5.54
11:30,102163.47,42.79,12.27,102201.33,28.94,42.49,-837403.62,5.72
11:31,102171.67,42.85,12.22,102203.85,28.76,43.66,-737230.81,5.77
11:32,102161.35,42.80,12.11,102201.66,29.00,41.29,-692510.87,6.16
11:33,102162.88,42.83,12.25,102201.27,28.75,43.27,-619142.81,5.48
11:34,102160.00,42.89,12.18,102201.09,29.22,42.09,-422193.81,5.16
11:35,102168.57,42.95,12.25,102204.64,28.95,42.84,-503709.68,5.82
11:36,102162.17,42.87,12.26,102197.30,28.93,42.76,-1861288.00,6.12
11:37,102164.32,42.95,12.25,102206.41,28.62,44.37,-1858358.37,6.50
11:38,102155.00,42.69,12.19,102197.89,27.92,46.15,-1869903.00,5.03
11:39,102153.85,42.54,12.43,102195.96,28.02,45.46,-2004277.00,6.08
11:40,102167.39,42.57,12.45,102199.21,28.16,44.64,-2004976.00,5.50
11:41,102152.96,42.47,12.36,102197.98,28.22,44.72,-2006279.37,6.42
11:42,102168.42,42.60,12.43,102207.10,28.65,43.90,-2001380.00,5.10
11:43,102158.07,42.73,12.31,102205.77,28.66,44.19,-2001981.37,5.64
11:44,102155.05,42.81,12.35,102201.07,28.84,43.36,-2003806.75,6.26
11:45,102158.86,42.98,12.36,102208.05,29.23,43.17,-2005848.00,5.62
11:46,102163.82,43.17,12.18,102202.71,29.51,41.20,-2007756.62,4.86
11:47,102164.78,43.30,12.25,102204.50,29.61,41.49,-2007254.37,6.16
11:48,102177.00,43.54,12.19,102203.04,29.83,41.86,-2008050.37,5.03
11:49,102180.92,43.72,12.09,102205.39,29.97,41.57,-2009124.00,5.54
11:50,102173.03,43.69,11.92,102211.46,29.82,41.02,-2009125.62,4.98
11:51,102173.07,43.67,11.95,102207.89,29.86,41.21,-2018645.62,5.99
11:52,102173.27,43.86,12.07,102208.21,30.13,41.51,-2018640.75,6.57
11:53,102179.52,43.97,11.90,102207.61,30.08,40.90,-2018938.75,5.71
11:54,102169.60,43.97,11.87,102210.28,29.99,40.25,-2019720.37,5.07
11:55,102170.75,43.98,11.90,102208.50,29.98,40.85,-2020888.75,5.61
11:56,102179.39,43.99,11.96,102212.11,29.66,42.72,-2020974.75,6.64
11:57,102178.36,43.87,11.84,102214.85,29.22,43.78,-2019909.62,4.82
11:58,102171.01,43.91,12.00,102210.05,29.41,43.76,-2023306.37,5.97
11:59,102182.71,43.70,11.88,102219.01,29.11,44.02,-2024921.25,6.56
12:0,102174.55,43.65,12.17,102216.85,29.20,44.27,-2026266.75,5.30
12:1,102168.21,43.81,12.15,102212.49,29.92,42.35,-2025155.25,4.96
12:2,102182.77,44.03,11.95,102218.99,29.94,41.53,-2027028.75,5.59
12:3,102168.43,43.82,11.88,102213.77,29.39,42.99,-2026657.25,6.12
12:4,102171.46,43.91,11.98,102213.07,29.91,42.56,-1461912.75,4.78
12:5,102178.77,44.19,11.94,102210.77,30.35,41.96,-1604975.37,5.70
12:6,102175.49,44.33,11.84,102211.53,30.23,41.25,-1498381.75,5.88
12:7,102180.68,44.29,11.74,102214.33,29.88,41.97,-1589018.25,5.45
12:8,102180.05,44.17,11.73,102213.36,29.86,41.27,-1536750.50,6.25
12:9,102170.39,44.12,11.91,102211.39,30.00,41.79,-1617273.25,6.33
12:10,102178.07,44.18,11.78,102213.17,29.85,42.56,-1545321.00,6.86
12:11,102180.21,44.01,11.76,102218.73,29.50,42.83,-1565488.25,5.56
12:12,102176.61,44.04,11.85,102206.89,29.54,42.89,-1613994.62,6.68
12:13,102162.89,44.14,11.84,102206.22,30.27,40.43,-1642470.50,5.29
12:14,102160.03,44.37,11.90,102204.28,30.60,41.18,-2033763.25,6.25
12:15,102160.78,44.53,11.84,102202.53,30.47,41.77,-2035591.25,6.35
12:16,102151.93,44.70,11.69,102198.75,30.73,40.94,-2034635.75,4.99
12:17,102166.80,44.91,11.61,102202.03,31.07,40.01,-2029361.25,5.06
12:18,102166.00,44.73,11.56,102196.42,30.30,41.82,-2030225.37,5.10
12:19,102159.78,44.55,11.54,102194.88,30.22,41.45,-2030538.75,5.05
12:20,102143.83,44.50,11.77,102193.78,30.22,42.38,-2031539.00,4.47
12:21,102155.26,44.50,11.87,102198.60,29.87,43.52,-2031510.75,6.22
12:22,102160.23,44.78,11.87,102193.39,30.54,42.77,-2032123.25,5.26
12:23,102160.42,45.06,11.79,102193.96,31.03,41.19,-2031190.75,7.00
12:24,102150.67,45.35,11.67,102193.27,31.05,41.39,-2014806.25,6.90
12:25,102154.32,45.44,11.56,102194.25,31.12,40.88,-2040108.25,4.90
12:26,102164.02,45.43,11.52,102193.91,31.05,40.78,-2040904.75,5.58
12:27,102153.10,45.42,11.54,102189.58,31.32,40.84,-2043868.75,4.99
12:28,102144.26,45.37,11.45,102192.11,31.24,40.13,-2026308.75,6.59
12:29,102158.22,45.34,11.55,102194.58,31.26,40.21,-2017543.62,4.98
12:30,102160.10,45.32,11.48,102192.16,31.25,39.68,-2004984.75,4.92
12:31,102146.41,45.30,11.49,102194.63,31.37,39.88,-2012384.00,6.77
12:32,102155.52,45.28,11.35,102192.62,31.06,39.43,-2020491.37,6.25
12:33,102157.03,45.02,11.32,102194.68,31.10,38.29,-2020606.00,4.29
12:34,102153.93,44.81,11.48,102192.96,30.65,40.05,-2021772.75,6.48
12:35,102160.17,44.82,11.62,102195.00,30.85,40.02,-2021941.62,6.26
12:36,102157.31,44.90,11.59,102199.15,31.16,40.05,-2022557.25,5.04
12:37,102157.85,44.54,11.53,102195.42,30.01,41.91,-2021366.25,5.75
12:38,102162.07,44.40,11.72,102197.79,30.47,40.00,-2022561.25,4.51
12:39,102153.91,44.46,11.63,102195.72,30.50,40.45,-2023585.37,5.61
12:40,102154.71,44.44,11.68,102193.02,30.79,39.35,-2025916.37,5.88
12:41,102135.63,44.40,11.67,102189.76,30.51,41.10,-2026113.25,6.43
12:42,102152.27,44.44,11.76,102195.59,30.74,38.93,-2026122.37,4.89
12:43,102152.34,44.65,11.63,102190.42,31.26,38.35,-2027037.62,6.44
12:44,102147.72,44.80,11.67,102192.28,31.28,39.51,-2027974.75,4.44
12:45,102144.92,44.96,11.63,102194.33,31.17,40.18,-2027721.37,6.81
12:46,102153.32,45.09,11.37,102188.88,31.05,38.61,-2030273.37,5.15
12:47,102154.38,44.89,11.58,102195.53,31.14,39.73,-2031711.37,5.27
12:48,102144.89,44.81,11.42,102190.58,31.18,38.11,-2032528.37,6.12
12:49,102149.04,44.80,11.42,102188.92,31.38,37.22,-2034648.00,6.12
12:50,102143.93,44.75,11.55,102191.17,31.36,38.12,-2035586.75,5.97
12:51,102151.15,44.84,11.47,102188.30,31.90,36.91,-2036380.62,5.33
12:52,102149.10,44.98,11.37,102188.09,32.02,35.91,-2034901.25,5.79
12:53,102144.07,45.07,11.52,102190.50,32.06,37.22,-1993335.25,5.43
12:54,102144.89,45.35,11.40,102191.19,32.52,36.81,-2036475.62,5.59
12:55,102151.39,45.62,11.27,102189.03,32.43,36.67,-2039484.62,6.49
12:56,102154.43,45.64,11.38,102195.38,32.16,38.11,-2042188.37,6.63
12:57,102158.45,45.73,11.10,102196.53,32.26,36.97,-2039699.25,5.13
12:58,102153.29,45.30,11.06,102195.71,31.12,39.21,-2040339.62,6.66
12:59,102152.66,45.27,11.38,102190.00,31.68,38.34,-2041536.00,5.94
13:0,102147.52,45.50,11.34,102188.57,32.04,38.61,-2042652.37,5.47
13:1,102155.08,45.47,11.15,102192.28,31.78,37.14,-2037279.62,6.47
13:2,102151.60,45.39,11.15,102190.69,31.82,36.53,-2038674.00,5.85
13:3,102156.24,45.21,11.22,102192.29,31.58,37.04,-2039251.37,6.30
13:4,102148.39,45.18,11.24,102185.17,31.64,36.98,-2039960.75,5.84
13:5,102152.63,45.14,11.35,102191.00,31.78,37.81,-2039768.00,4.67
13:6,102142.94,45.19,11.29,102185.27,31.53,37.62,-2039642.00,6.03
13:7,102149.68,45.06,11.47,102187.73,31.62,38.22,-2040850.37,4.24
13:8,102160.53,45.23,11.24,102194.21,31.90,37.27,-2041934.75,5.29
13:9,102147.96,45.16,11.29,102193.35,31.68,37.31,-2042652.25,5.74
13:10,102152.28,45.16,11.33,102197.27,31.92,36.83,-2043150.75,5.05
13:11,102151.47,45.09,11.32,102196.25,31.31,38.64,-2043046.75,4.95
13:12,102162.45,45.06,11.37,102202.82,31.18,38.63,-2044694.00,6.10
13:13,102160.63,44.82,11.38,102199.66,31.16,38.60,-2045288.37,6.69
13:14,102152.28,44.89,11.47,102202.01,31.40,38.36,-2045530.00,5.05
13:15,102163.34,44.99,11.41,102198.46,31.57,37.68,-2046110.00,5.94
13:16,102155.31,44.96,11.33,102205.50,31.45,37.67,-2046401.00,5.36
13:17,102151.46,44.82,11.30,102200.17,30.80,38.62,-2046424.37,5.64
13:18,102152.08,44.49,11.42,102199.42,30.43,39.90,-2046082.62,4.69
13:19,102159.74,44.41,11.57,102197.63,30.70,39.25,-2002992.75,4.96
13:20,102158.44,44.53,11.53,102195.99,30.95,38.46,-1957870.25,5.61
13:21,102150.85,44.39,11.56,102200.02,30.69,39.54,-1955217.25,6.11
13:22,102157.69,44.61,11.54,102198.77,31.21,38.62,-1956587.25,5.26
13:23,102152.70,44.79,11.48,102204.01,31.27,38.21,-1946922.37,4.90
13:24,102151.33,44.75,11.40,102195.66,31.18,38.25,-1940144.75,5.58
13:25,102153.11,44.68,11.46,102194.84,31.02,38.56,-1941631.62,5.87
13:26,102161.74,44.80,11.54,102193.08,31.38,37.85,-1943842.75,5.87
13:27,102148.00,44.81,11.38,102193.13,31.39,37.97,-1940614.25,6.49
13:28,102148.50,44.94,11.36,102191.74,31.84,36.38,-1976082.75,4.21
13:29,102161.82,45.04,11.36,102199.63,31.81,37.37,-1978276.62,5.01
13:30,102149.93,44.84,11.37,102192.63,31.22,38.18,-1978280.37,5.46
13:31,102152.14,44.68,11.51,102193.42,31.37,37.79,-1976538.75,4.99
13:32,102147.00,44.64,11.50,102191.89,31.43,37.32,-1978130.00,5.92
13:33,102149.55,44.53,11.56,102193.08,30.97,38.47,-1978009.62,4.29
13:34,102164.31,44.40,11.59,102194.13,31.06,37.11,-1978678.00,4.25
13:35,102156.30,44.42,11.62,102194.38,31.12,38.13,-1979574.37,5.68
13:36,102149.21,44.44,11.72,102191.39,30.81,38.92,-1980238.75,6.10
13:37,102152.30,44.31,11.78,102194.51,30.28,40.70,-1976161.25,6.59
13:38,102145.30,44.26,11.73,102191.91,30.65,40.06,-1979417.00,5.36
13:39,102149.77,44.39,11.82,102194.47,30.89,39.55,-1980199.62,6.57
13:40,102150.05,44.54,11.85,102195.52,30.86,39.86,-1981577.25,5.44
13:41,102153.57,43.86,14.99,102199.37,30.80,40.77,-1981973.62,0.17
13:42,102159.38,39.22,23.12,102202.78,30.76,41.36,-1630905.25,0.59
13:43,102164.28,35.38,29.17,102205.27,30.21,42.48,-515229.68,0.59
13:44,102169.25,33.89,32.02,102214.50,29.93,43.59,-689167.68,0.59
13:45,102175.91,27.99,57.65,102207.82,30.05,44.16,-693561.81,1.25
13:46,102169.47,25.80,66.47,102214.17,29.61,44.21,-692726.12,0.93
13:47,102169.57,25.09,68.94,102210.71,29.22,44.83,-693127.81,0.79
13:48,102176.50,39.39,17.81,102214.41,29.71,42.95,-694384.12,4.62
13:49,102165.74,42.18,14.18,102210.75,30.10,42.42,-695765.81,6.01
13:50,102175.57,42.66,13.31,102218.50,29.67,42.24,-693590.00,5.68
13:51,102183.03,42.81,12.97,102229.96,29.40,43.27,-693741.37,6.08
13:52,102180.72,42.69,12.87,102227.22,28.99,43.85,-693897.18,5.73
13:53,102180.13,42.75,12.82,102228.79,29.29,43.44,-695016.18,4.72
13:54,102186.49,42.85,12.69,102229.05,29.13,43.78,-694118.00,4.87
13:55,102180.99,42.39,12.55,102217.39,27.60,46.03,-692775.31,4.48
13:56,102173.64,42.22,12.84,102223.77,28.39,45.38,-695124.18,5.87
13:57,102176.67,42.36,12.71,102217.38,28.48,45.18,-694488.50,4.98
13:58,102177.66,42.51,12.76,102220.23,29.08,43.30,-693815.68,5.03
13:59,102176.17,42.68,12.77,102214.92,28.93,43.92,-685043.81,5.89
14:0,102175.50,42.44,12.65,102219.98,28.65,43.97,-685091.12,5.09
14:1,102165.17,42.31,12.70,102216.03,28.46,45.36,-685218.18,4.82
14:2,102183.85,42.35,12.63,102216.21,28.31,45.90,-683528.68,4.97
14:3,102177.14,42.54,12.68,102219.14,28.82,43.77,-685234.62,5.92
14:4,102176.21,42.35,12.63,102217.34,27.87,46.73,-685150.81,6.05
14:5,102175.61,42.14,12.73,102219.54,27.51,46.91,-685015.18,4.20
14:6,102171.89,42.18,12.82,102219.03,28.61,44.14,-686452.12,5.53
14:7,102174.07,42.34,12.70,102218.36,28.51,44.25,-686778.31,5.29
14:8,102172.18,42.21,12.74,102217.56,28.40,44.29,-687330.12,5.66
14:9,102189.17,42.27,12.78,102224.47,28.93,43.26,-688244.81,6.55
14:10,102178.53,42.52,12.69,102222.00,29.03,42.57,-688428.18,4.64
14:11,102178.24,42.48,12.61,102224.52,28.38,44.85,-687589.00,4.73
14:12,102188.31,42.27,12.74,102230.07,28.43,44.91,-688156.50,6.02
14:13,102187.58,42.29,12.67,102224.89,28.36,44.76,-688372.68,6.22
14:14,102188.22,42.12,12.67,102227.58,28.57,43.71,-689380.37,6.30
14:15,102174.78,42.30,12.82,102230.31,28.68,43.59,-690599.81,5.12
14:16,102188.66,42.27,12.68,102230.54,28.61,44.43,-691257.37,4.65
14:17,102194.30,42.46,12.79,102232.10,28.75,43.94,-692023.68,6.40
14:18,102185.44,42.58,12.58,102229.94,28.54,44.71,-691031.37,5.96
14:19,102190.60,42.68,12.49,102235.33,28.42,44.23,-691890.31,4.40
14:20,102186.15,42.40,12.47,102233.07,28.07,45.21,-692908.87,4.96
14:21,102182.41,42.41,12.52,102232.05,28.73,43.25,-692191.31,6.48
14:22,102185.21,42.38,12.53,102234.65,28.66,44.01,-693224.87,5.19
14:23,102186.71,42.36,12.52,102236.08,28.74,42.81,-693937.50,4.81
14:24,102199.77,42.16,12.39,102236.28,27.74,45.66,-692996.81,5.56
14:25,102195.85,41.82,12.62,102233.14,27.55,46.34,-693244.50,5.41
14:26,102201.05,41.98,12.62,102239.14,28.12,44.80,-694958.18,4.85
14:27,102193.74,41.95,12.70,102240.63,27.46,47.15,-694512.68,6.02
14:28,102198.35,41.72,12.62,102244.52,27.17,46.93,-695703.37,5.56
14:29,102196.02,41.53,12.76,102246.34,27.20,47.06,-695901.62,6.48
14:30,102198.46,41.46,12.79,102246.41,27.08,47.22,-696443.12,5.17
14:31,102209.36,41.34,12.92,102247.97,27.08,47.45,-697060.12,5.38
14:32,102210.46,41.46,12.82,102248.41,27.25,46.56,-697563.87,5.75
14:33,102211.03,41.36,12.78,102248.39,27.66,45.39,-698841.81,5.91
14:34,102200.93,41.30,12.92,102244.53,27.71,45.61,-699013.12,4.86
14:35,102201.74,41.52,13.01,102245.19,27.89,45.77,-699726.00,5.47
14:36,102203.03,41.53,12.85,102247.64,27.02,46.69,-699882.81,5.24
14:37,102205.25,41.16,12.85,102245.24,26.93,47.45,-700638.00,4.77
14:38,102203.22,41.18,12.96,102247.11,27.51,45.55,-701375.18,5.50
14:39,102196.66,41.16,12.86,102242.21,27.33,45.53,-700981.87,5.36
14:40,102206.83,40.98,12.95,102248.97,26.89,47.07,-703373.87,4.46
14:41,102203.94,40.63,13.11,102244.04,26.28,48.92,-697069.31,4.67
14:42,102203.10,40.61,13.11,102246.42,26.34,48.58,-689179.81,5.65
14:43,102206.71,40.40,13.24,102247.42,26.13,48.71,-687896.31,5.18
14:44,102199.44,40.47,13.31,102244.97,25.86,49.92,-697477.31,6.95
14:45,102198.38,40.33,13.30,102247.43,25.88,50.19,-695672.87,5.40
14:46,102200.14,40.28,13.23,102249.45,26.33,48.71,-697339.68,6.25
14:47,102204.10,40.28,13.44,102249.67,26.33,48.02,-693686.50,5.93
14:48,102196.32,40.53,13.35,102249.88,26.56,48.46,-694875.87,5.68
14:49,102199.39,40.84,13.23,102250.96,26.91,47.99,-694028.87,6.32
14:50,102215.12,40.87,13.27,102251.49,26.84,47.82,-692648.31,5.42
14:51,102204.74,40.80,13.20,102248.16,26.61,47.84,-693775.00,5.91
14:52,102195.25,40.79,13.17,102247.45,26.51,48.16,-692316.81,6.41
14:53,102199.21,40.62,13.36,102244.50,26.28,48.85,-697504.62,4.96
14:54,102190.11,40.72,13.36,102243.79,26.55,48.68,-698056.68,4.92
14:55,102199.69,40.90,13.31,102244.07,26.81,47.63,-695426.37,4.29
14:56,102204.94,40.86,13.12,102247.97,26.34,48.86,-695732.62,5.13
14:57,102198.00,40.47,13.14,102240.77,25.86,49.75,-696702.50,5.26
14:58,102200.92,40.43,13.36,102243.05,26.42,47.88,-698004.50,6.50
14:59,102192.81,40.51,13.21,102240.46,26.87,46.99,-698562.31,5.50
15:0,102200.05,40.45,13.31,102248.10,26.55,48.02,-698605.37,4.87
15:1,102198.07,40.42,13.31,102241.78,26.23,48.26,-703858.31,5.83
15:2,102200.41,40.23,13.49,102244.49,26.26,49.04,-705208.12,5.70
15:3,102201.46,40.10,13.42,102248.42,25.37,51.20,-704531.87,5.24
15:4,102197.34,40.05,13.53,102242.20,25.87,49.50,-706356.00,6.18
15:5,102199.21,40.27,13.54,102239.02,26.21,48.78,-706124.81,4.89
15:6,102198.97,40.48,13.42,102237.89,26.97,46.44,-707199.81,5.85
15:7,102187.30,40.68,13.34,102234.27,26.96,46.89,-707362.68,5.82
15:8,102189.46,40.66,13.21,102227.85,26.93,46.61,-708847.87,4.91
15:9,102183.33,40.63,13.34,102228.39,27.08,46.78,-709045.81,5.01
15:10,102176.99,40.78,13.34,102221.16,27.18,46.54,-702096.37,4.34
15:11,102188.42,40.92,13.15,102221.49,27.22,46.71,-703346.00,6.08
15:12,102171.24,40.59,13.11,102221.60,26.52,47.80,-702322.31,5.01
15:13,102169.72,40.34,13.30,102215.79,25.95,49.96,-709692.12,6.16
15:14,102171.63,40.34,13.34,102214.62,26.70,47.55,-713007.18,4.83
15:15,102170.25,40.28,13.40,102213.30,26.20,49.47,-713791.12,5.85
15:16,102168.83,40.11,13.57,102217.19,25.51,51.58,-692910.68,5.11
15:17,102169.67,40.30,13.46,102212.89,26.61,48.74,-692119.18,6.05
15:18,102163.16,40.55,13.52,102211.50,26.94,47.84,-690799.68,5.38
15:19,102164.85,40.73,13.43,102209.25,26.98,46.74,-687535.50,5.30
15:20,102165.44,40.54,13.51,102209.02,26.96,46.63,-687106.37,6.14
15:21,102162.10,40.63,13.45,102203.33,26.68,48.53,-698425.31,6.55
15:22,102153.67,40.66,13.35,102199.96,26.82,47.49,-708224.81,4.88
15:23,102153.41,40.49,13.32,102195.36,25.92,50.20,-709659.87,6.17
15:24,102146.08,40.49,13.51,102189.50,26.91,45.96,-710949.62,4.83
15:25,102147.73,40.81,13.52,102187.13,27.34,47.52,-713142.68,5.39
15:26,102134.78,41.15,13.26,102184.55,27.82,45.45,-718396.81,6.59
15:27,102143.62,41.06,13.05,102177.14,27.58,44.97,-718188.00,5.03
15:28,102128.89,41.09,13.08,102174.99,27.86,44.43,-721639.18,5.83
15:29,102131.47,41.11,13.23,102173.94,27.49,46.19,-723721.31,5.32
15:30,102128.15,41.10,13.30,102175.69,26.99,47.86,-724145.37,4.52
15:31,102125.82,41.14,13.21,102174.19,26.92,48.39,-724075.50,5.92
15:32,102128.53,41.04,13.15,102168.50,26.96,47.87,-724351.62,6.01
15:33,102132.85,41.27,13.05,102171.50,28.05,44.94,-726821.81,4.89
15:34,102128.96,41.28,13.21,102170.91,27.68,46.38,-726454.87,5.81
15:35,102140.39,41.33,13.04,102176.90,27.42,46.14,-726674.18,6.73
15:36,102132.99,41.38,13.06,102177.13,27.98,44.40,-724521.00,6.43
15:37,102143.57,41.48,13.09,102180.28,27.86,45.83,-724793.81,6.14
15:38,102141.32,41.38,13.02,102188.28,27.83,44.37,-726452.87,5.56
15:39,102148.76,41.41,13.02,102194.64,27.41,47.42,-727182.62,6.14
15:40,102153.05,41.15,12.96,102203.78,27.29,46.93,-726953.12,6.28
15:41,102171.41,41.25,13.15,102203.75,27.22,46.79,-727487.62,6.10
15:42,102166.00,41.41,13.00,102211.07,27.14,47.68,-611546.12,6.04
15:43,102173.42,41.49,13.04,102216.23,27.40,47.50,-626279.81,4.94
15:44,102184.13,41.59,13.18,102221.14,27.33,48.09,-633154.37,6.21
15:45,102187.36,41.61,12.88,102232.03,26.83,48.80,-751832.87,6.17
15:46,102183.27,41.39,12.97,102233.35,26.78,48.46,-752970.18,4.90
15:47,102201.21,41.24,12.93,102235.28,26.46,48.69,-753707.31,6.12
15:48,102205.07,41.15,13.13,102243.91,26.53,50.44,-754480.31,5.79
15:49,102206.28,41.20,13.04,102247.73,26.33,50.47,-755204.00,5.32
15:50,102207.50,41.29,12.99,102252.38,27.23,47.26,-756014.18,6.50
15:51,102214.13,41.37,13.06,102254.77,27.30,47.01,-756415.37,4.84
15:52,102226.27,41.42,12.96,102256.52,27.56,46.44,-756672.68,6.12
15:53,102216.21,41.37,13.00,102263.35,27.49,45.89,-757310.50,5.99
15:54,102218.14,41.14,12.95,102266.16,26.83,47.61,-757766.18,4.97
15:55,102224.50,40.87,12.96,102263.32,26.30,47.92,-756326.62,4.78
15:56,102214.36,40.52,13.05,102257.21,26.23,48.41,-756784.00,5.39
15:57,102206.32,40.32,13.15,102257.42,26.21,47.85,-749688.81,6.43
15:58,102216.97,40.42,13.36,102260.82,26.44,46.84,-751240.50,6.36
15:59,102229.21,40.51,13.27,102275.38,26.68,47.30,-751479.87,4.91
16:0,102220.28,40.19,13.09,102264.41,25.82,48.57,-737459.18,6.16
16:1,102210.25,39.86,13.30,102256.80,25.81,48.66,-741481.12,5.02
16:2,102208.32,39.84,13.34,102258.99,25.60,48.02,-743410.81,4.64
16:3,102222.67,39.87,13.29,102266.19,25.62,48.64,-744813.00,6.47
16:4,102218.74,39.60,13.41,102265.41,25.23,49.56,-740048.81,4.94
16:5,102213.64,39.49,13.42,102267.60,25.10,50.22,-754296.37,4.72
16:6,102217.87,39.44,13.54,102267.66,25.33,48.90,-759456.50,4.74
16:7,102221.92,39.46,13.44,102273.63,25.58,48.66,-761446.18,5.62
16:8,102242.32,39.32,13.55,102279.27,24.76,51.43,-762230.62,6.32
16:9,102238.07,39.27,13.67,102283.90,24.78,51.78,-762618.68,4.73
16:10,102254.13,39.27,13.53,102303.07,24.73,51.78,-760519.81,6.10
16:11,102249.58,39.22,13.66,102304.23,25.04,50.56,-756336.00,5.99
16:12,102260.19,39.30,13.63,102308.57,25.01,50.74,-755788.31,5.38
16:13,102266.40,39.15,13.62,102311.55,24.98,50.37,-755848.81,6.34
16:14,102266.30,39.00,13.69,102311.36,24.57,51.74,-752315.50,5.33
16:15,102280.68,38.89,13.81,102324.28,24.74,51.00,-751206.18,6.39
16:16,102282.54,38.81,13.73,102330.59,24.60,50.47,-743301.18,5.64
16:17,102284.94,38.74,13.87,102335.99,24.37,52.47,-751283.00,5.94
16:18,102283.92,38.72,13.72,102332.46,23.87,52.98,-754250.62,4.74
16:19,102303.22,38.32,13.94,102334.73,23.54,53.58,-747072.12,5.88
16:20,102296.67,38.14,14.04,102330.94,23.47,54.60,-768988.81,4.83
16:21,102290.41,38.02,13.98,102338.03,23.45,53.59,-776256.81,6.35
16:22,102296.92,37.88,14.08,102339.03,23.56,52.90,-776924.68,5.27
16:23,102325.26,37.93,14.12,102364.66,23.91,53.05,-783924.12,4.61
16:24,102326.67,37.79,14.24,102370.08,23.08,55.57,-785573.81,5.81
16:25,102327.78,37.67,14.07,102374.22,23.22,54.78,-785059.81,6.00
16:26,102320.74,37.53,14.14,102373.50,23.10,54.86,-788012.18,6.29
16:27,102316.78,37.31,14.46,102367.99,23.25,53.35,-788738.50,5.79
16:28,102324.72,37.31,14.38,102367.13,23.12,54.92,-789054.62,6.27
16:29,102319.88,37.40,14.51,102366.50,23.31,54.06,-788801.50,4.67
16:30,102314.13,37.56,14.55,102358.83,23.19,54.81,-789327.87,5.58
16:31,102318.43,37.64,14.35,102364.85,23.24,54.06,-789084.37,6.01
16:32,102330.05,37.53,14.44,102373.39,23.40,53.11,-788556.62,6.14
16:33,102320.64,37.40,14.37,102366.60,23.30,53.36,-791020.18,4.71
16:34,102305.63,37.41,14.61,102358.28,23.08,55.16,-790407.31,6.19
16:35,102310.30,37.42,14.37,102355.46,22.94,56.37,-791153.31,6.10
16:36,102294.82,37.39,14.69,102339.90,22.48,59.84,-791747.62,4.88
16:37,102282.46,37.53,14.65,102333.86,22.22,60.27,-791457.62,6.32
16:38,102285.67,37.60,15.22,102331.99,21.97,67.48,-792010.31,4.67
16:39,102280.33,37.57,14.87,102324.35,21.86,64.22,-795581.12,6.12
16:40,102280.80,37.24,14.95,102328.24,21.25,66.49,-799205.87,5.28
16:41,102279.02,37.00,14.95,102326.39,21.41,64.31,-799226.62,6.10
16:42,102262.77,36.88,15.18,102311.46,21.54,64.98,-798610.37,4.72
16:43,102269.88,37.18,15.16,102317.24,21.72,64.11,-798547.81,5.83
16:44,102250.53,37.21,14.70,102304.56,21.60,63.94,-799572.37,4.77
16:45,102244.55,37.02,14.86,102295.96,21.67,63.20,-798251.87,6.06
16:46,102244.88,37.11,15.16,102288.74,21.67,66.25,-799576.62,5.25
16:47,102224.25,37.37,14.77,102272.20,21.86,62.95,-800323.37,5.12
16:48,102221.42,37.25,14.89,102264.21,21.83,63.46,-800338.18,6.31
16:49,102203.02,37.31,15.15,102255.66,21.90,64.63,-800747.18,5.47
16:50,102200.42,37.40,14.89,102245.92,21.77,64.12,-802202.37,5.32
16:51,102194.94,37.43,14.81,102235.45,21.93,62.56,-803158.18,5.70
16:52,102189.21,37.53,14.86,102242.94,22.18,63.44,-803438.62,5.16
16:53,102200.75,37.64,14.73,102241.71,21.56,66.13,-803888.18,5.07
16:54,102197.53,37.73,14.87,102240.03,22.20,63.04,-805211.00,4.99
16:55,102183.17,38.08,14.53,102247.29,22.72,62.08,-805444.12,5.04
16:56,102225.21,37.81,14.43,102268.83,22.02,62.10,-682110.81,4.84
16:57,102235.98,37.37,14.73,102289.86,21.55,67.36,-699388.50,4.61
16:58,102226.90,37.67,14.76,102274.35,22.21,62.42,-717636.68,4.72
16:59,102225.72,37.47,14.62,102263.16,21.77,62.75,-745525.87,4.65
17:0,102222.59,37.30,14.69,102269.69,21.44,64.17,-464732.59,5.78
17:1,102222.75,36.98,14.79,102267.90,21.26,66.37,-329448.40,4.71
17:2,102241.17,37.20,15.17,102277.24,21.29,66.81,-349139.59,6.10
17:3,102260.64,37.46,15.07,102307.46,21.56,66.03,-329312.90,4.90
17:4,102268.45,37.39,15.15,102319.89,21.71,67.05,-243543.29,6.00
17:5,102283.97,37.63,14.89,102323.66,21.44,66.33,-797623.87,4.72
17:6,102281.76,37.42,15.24,102327.57,21.47,68.68,-799692.12,6.21
17:7,102282.29,37.54,14.91,102327.82,21.44,67.04,-800426.37,4.74
17:8,102280.00,37.13,14.86,102338.22,20.60,69.95,-693435.87,4.89
17:9,102283.99,37.16,15.01,102337.88,20.60,69.21,-619082.68,4.87
17:10,102293.11,36.98,15.23,102339.86,20.41,72.15,-812304.68,4.94
17:11,102298.57,37.14,15.16,102350.21,20.67,71.21,-811300.18,6.30
17:12,102295.79,37.19,15.18,102351.19,20.85,71.21,-812482.37,6.20
17:13,102316.13,37.43,15.24,102369.50,21.10,71.75,-811822.37,6.32
17:14,102332.02,37.46,15.11,102376.10,20.71,73.05,-812141.37,5.19
17:15,102324.92,37.20,15.05,102375.25,20.28,71.97,-485814.68,6.21
17:16,102315.23,37.03,15.31,102369.03,21.14,70.09,-436829.90,6.46
17:17,102323.07,37.21,15.26,102375.82,21.10,70.46,-485568.31,5.16
17:18,102338.35,37.01,15.18,102389.53,20.21,73.16,-381016.09,6.06
17:19,102338.56,36.95,15.32,102390.86,20.59,71.61,-400183.09,6.28
17:20,102368.47,37.28,15.31,102413.24,21.15,69.73,-821622.37,4.74
17:21,102379.74,37.33,15.42,102426.57,20.81,72.22,-821883.37,5.25
17:22,102377.63,37.34,15.35,102423.36,20.68,72.15,-822888.81,5.62
17:23,102369.96,37.16,15.18,102409.28,20.40,72.06,-821564.81,6.35
17:24,102354.06,37.24,15.26,102398.71,21.12,70.58,-828026.87,4.96
17:25,102326.99,37.41,15.35,102379.24,21.06,71.30,-829105.00,4.95
17:26,102320.07,37.60,15.25,102369.42,21.21,71.04,-830079.00,5.32
17:27,102299.61,37.78,15.09,102357.10,21.43,70.21,-830038.12,4.78
17:28,102286.74,37.87,15.09,102341.55,21.75,69.04,-830885.68,5.64
17:29,102290.61,37.92,15.05,102331.58,21.57,69.98,-831561.50,5.99
17:30,102285.66,37.85,15.18,102323.92,20.89,72.33,-833223.50,4.73
17:31,102273.05,37.85,14.98,102324.10,20.72,73.55,-834708.37,6.21
17:32,102272.63,37.85,15.06,102321.30,20.69,73.36,-835321.37,4.71
17:33,102275.17,37.88,15.19,102327.97,21.05,73.96,-835599.12,5.97
17:34,102276.00,38.10,15.14,102321.83,20.92,74.50,-836766.18,5.65
17:35,102265.99,38.10,15.25,102314.62,20.96,75.48,-837476.68,4.79
17:36,102262.75,38.18,14.96,102312.72,20.85,74.72,-837836.50,6.10
17:37,102266.88,38.04,14.85,102323.32,20.90,73.22,-838011.37,5.36
17:38,102277.77,37.83,14.93,102322.36,20.83,72.12,-839858.68,6.14
17:39,102272.67,37.92,15.06,102322.75,21.16,73.35,-840555.81,6.12
17:40,102290.82,38.18,15.04,102336.63,21.18,74.05,-841531.31,5.96
17:41,102289.53,37.98,14.77,102335.01,21.49,68.71,-842115.00,4.81
17:42,102286.86,37.98,15.02,102330.63,21.70,69.49,-843250.62,6.12
17:43,102286.53,38.12,15.18,102326.75,21.33,73.75,-843827.18,5.99
17:44,102279.75,38.29,14.88,102320.26,21.80,69.39,-844772.00,5.86
17:45,102272.25,38.31,14.98,102321.35,21.74,71.73,-845407.12,5.50
17:46,102275.35,38.44,14.96,102320.16,21.59,73.12,-846224.87,6.18
17:47,102267.32,38.48,14.93,102316.35,21.33,73.00,-847536.12,6.42
17:48,102270.00,38.40,15.12,102308.35,21.43,74.48,-848400.00,6.19
17:49,102264.40,38.39,14.92,102309.72,21.26,73.66,-849080.50,4.84
17:50,102265.47,38.38,14.83,102323.47,21.85,69.43,-849516.12,6.26
17:51,102272.05,38.26,14.77,102324.35,21.72,70.18,-849854.50,5.69
17:52,102264.86,38.13,14.99,102311.17,21.35,71.49,-851480.37,6.51
17:53,102244.92,38.05,14.84,102299.07,21.23,70.19,-852170.37,5.32
17:54,102262.04,37.93,14.95,102309.96,21.22,71.93,-852947.62,5.33
17:55,102260.03,38.05,14.84,102301.17,20.68,71.51,-853703.18,5.59
17:56,102252.75,37.52,14.88,102298.38,20.99,70.35,-854545.81,6.18
17:57,102237.79,37.51,15.23,102289.30,21.46,70.14,-852931.31,6.22
17:58,102246.37,37.68,15.19,102284.58,21.22,70.66,-856926.31,4.89
17:59,102239.64,38.00,14.99,102284.74,21.62,69.86,-857358.81,6.13
18:0,102237.42,38.03,14.96,102281.44,21.85,69.66,-857513.81,5.60
18:1,102233.86,38.11,14.83,102287.03,21.59,69.75,-857540.62,4.79
18:2,102230.84,38.07,14.93,102278.71,21.87,69.18,-856020.50,5.92
18:3,102219.11,37.87,14.65,102273.49,21.10,70.44,-64189.10,5.27
18:4,102225.16,37.61,14.96,102275.16,20.85,71.68,-55075.70,5.21
18:5,102216.10,37.57,15.07,102268.45,20.98,72.89,-859458.31,4.66
18:6,102213.43,37.65,14.99,102267.60,21.25,69.14,-97130.90,6.21
18:7,102212.09,37.63,14.96,102251.47,21.56,67.08,-862897.50,5.92
18:8,102194.10,37.66,14.95,102241.61,21.58,68.16,-863203.31,4.68
18:9,102185.32,37.46,14.72,102233.60,20.70,72.07,-101539.71,4.72
18:10,102189.54,37.29,15.10,102241.10,21.00,70.02,-94851.71,4.98
18:11,102187.85,37.15,15.09,102239.80,20.73,70.92,-24121.80,6.18
18:12,102177.63,37.08,15.12,102235.28,20.89,69.03,-30617.40,4.85
18:13,102187.00,36.97,15.26,102225.99,21.34,68.36,-17211.70,6.31
18:14,102177.41,37.12,15.33,102225.13,21.16,71.52,-27532.60,5.79
18:15,102159.70,37.06,15.25,102213.00,20.97,70.83,-35737.30,5.55
18:16,102155.13,37.22,15.39,102208.85,21.47,70.01,-174101.59,6.26
18:17,102152.19,37.41,15.08,102206.86,21.02,70.06,-215269.09,4.75
18:18,102147.32,37.29,15.22,102189.24,21.56,68.96,-213264.00,4.63
18:19,102136.78,37.50,15.53,102183.35,21.57,70.91,-229896.90,5.93
18:20,102127.88,37.80,15.28,102183.05,21.75,69.91,-234510.50,4.63
18:21,102132.11,37.91,15.23,102179.72,21.82,69.05,-238534.79,5.19
18:22,102129.70,38.01,15.05,102183.42,21.90,68.44,-138461.09,6.21
18:23,102137.58,38.03,15.20,102187.77,21.91,68.63,-127970.21,5.54
18:24,102137.19,38.18,14.96,102192.42,22.41,67.12,-105648.60,5.89
18:25,102139.60,38.22,14.99,102199.09,22.11,69.08,-84126.50,5.00
18:26,102140.50,38.24,14.93,102195.84,22.17,67.66,-68369.60,4.90
18:27,102140.50,38.23,15.16,102195.07,22.15,70.18,-53402.60,6.43
18:28,102138.92,38.45,15.14,102196.25,22.11,69.45,-13859.70,6.29
18:29,102143.66,38.61,14.79,102197.82,22.59,66.54,-25714.30,6.43
18:30,102160.67,38.58,14.58,102206.38,22.44,64.94,-18636.40,5.92
18:31,102146.50,38.35,14.70,102202.05,22.38,66.71,-21505.30,5.64
18:32,102139.62,38.24,14.73,102193.60,22.61,63.98,-30192.90,5.03
18:33,102156.78,38.22,14.77,102203.85,22.36,66.13,-21051.20,6.15
18:34,102158.33,38.11,14.90,102205.66,22.77,66.28,-19360.70,5.13
18:35,102156.11,38.25,14.73,102208.60,22.99,64.75,-29623.10,5.65
18:36,102157.07,38.22,14.86,102210.03,22.76,65.10,-52853.30,5.31
18:37,102157.08,38.33,14.84,102203.69,22.56,65.02,-20171.90,5.63
18:38,102154.77,38.40,14.69,102201.10,22.33,67.31,-40473.70,5.43
18:39,102160.57,38.39,14.74,102208.30,22.31,66.89,-21874.70,5.50
18:40,102156.23,38.40,14.56,102210.76,22.40,65.65,-26362.50,6.12
18:41,102170.68,38.25,14.39,102224.96,22.18,66.67,-30929.10,5.39
18:42,102189.36,38.33,14.72,102235.32,23.06,64.55,-72609.00,5.62
18:43,102195.39,38.51,14.62,102243.86,23.26,63.82,-59277.80,5.13
18:44,102199.59,38.78,14.91,102253.53,23.49,64.70,-64757.10,6.01
18:45,102203.13,39.03,14.54,102249.36,23.50,62.35,-44658.80,4.78
18:46,102190.03,39.11,14.57,102245.55,23.24,65.70,-53937.80,5.42
18:47,102200.31,39.13,14.48,102248.00,23.03,65.95,-37586.50,4.90
18:48,102203.35,38.95,14.16,102255.42,22.46,63.10,-51554.40,5.63
18:49,102201.85,38.00,14.30,102253.21,22.22,64.41,-109337.30,5.93
18:50,102203.23,37.81,14.60,102251.83,22.40,65.33,-109221.60,4.69
18:51,102204.57,38.15,14.74,102255.52,22.89,64.59,-94228.10,4.87
18:52,102200.03,38.55,14.58,102251.74,23.22,64.16,-108673.50,5.30
18:53,102205.25,38.66,14.44,102259.02,23.50,62.28,-115473.80,6.35
18:54,102203.14,38.71,14.33,102260.14,22.82,63.85,-110322.40,6.07
18:55,102205.28,38.59,14.48,102258.28,23.11,63.78,-63811.30,6.21
18:56,102219.96,38.75,14.60,102260.33,22.70,65.62,-73587.50,4.38
18:57,102198.36,38.44,14.62,102259.37,22.98,65.72,-106645.60,6.39
18:58,102212.44,38.39,14.63,102263.33,22.18,66.61,-898928.68,5.63
18:59,102209.50,38.18,14.69,102262.77,22.31,66.11,-29977.90,4.73
19:0,102221.32,38.04,14.70,102265.64,22.42,64.74,-14204.00,4.28
19:1,102215.02,37.94,14.80,102262.22,22.19,65.13,-5657.70,5.32
19:2,102219.30,37.83,14.83,102261.75,22.40,63.62,-12787.80,4.91
19:3,102213.64,37.90,14.71,102258.64,22.44,62.81,-7270.00,6.10
19:4,102209.97,37.83,14.61,102252.57,22.32,64.10,-7713.90,4.63
19:5,102196.63,37.82,14.91,102243.57,22.29,64.27,-6572.40,4.21
19:6,102187.86,37.93,14.90,102241.89,22.24,64.56,-8860.60,5.68
19:7,102191.40,38.00,14.94,102238.69,21.95,66.53,-7564.30,6.10
19:8,102184.10,38.08,14.84,102235.86,22.76,63.46,-3863.30,5.44
19:9,102186.57,38.11,14.84,102230.24,22.29,65.50,824.60,5.12
19:10,102179.02,37.99,14.71,102230.22,22.07,65.52,561.70,4.82
19:11,102181.88,37.86,14.67,102226.93,22.25,63.55,-3733.10,4.49
19:12,102179.53,37.76,14.68,102221.40,22.04,64.09,-3530.00,4.32
19:13,102184.76,37.66,14.83,102223.60,21.89,64.50,-7679.70,5.33
19:14,102172.83,37.68,14.80,102225.70,22.40,64.25,59.40,6.26
19:15,102192.28,37.73,14.75,102231.39,22.26,64.22,-928.30,5.81
19:16,102184.69,37.77,14.73,102240.21,22.79,60.53,633.90,5.59
19:17,102184.97,37.92,14.69,102234.36,22.69,64.18,-3263.10,6.32
19:18,102187.13,37.72,14.43,102229.07,22.41,62.13,-5271.30,6.27
19:19,102173.87,37.64,14.78,102228.42,22.59,63.25,-10801.70,4.59
19:20,102181.20,37.71,14.83,102214.71,21.97,65.74,-4034.10,4.65
19:21,102169.10,37.64,14.71,102215.31,21.90,65.17,-2649.20,4.71
19:22,102159.91,37.61,14.75,102215.69,21.77,65.87,-4129.20,5.76
19:23,102165.35,37.67,14.86,102213.00,21.75,66.41,-5100.30,6.23
19:24,102172.27,37.44,14.39,102216.45,21.60,64.29,-8787.90,5.74
19:25,102169.30,37.28,14.80,102223.28,21.73,66.04,-10755.90,4.94
19:26,102168.30,37.31,14.78,102218.99,21.93,64.09,-3929.60,5.10
19:27,102177.69,37.34,14.64,102219.35,22.06,62.47,-8887.40,5.09
19:28,102176.34,37.37,14.90,102218.08,21.90,65.12,-20396.70,5.33
19:29,102174.83,37.52,15.04,102220.39,21.84,66.88,-20590.80,6.09
19:30,102174.66,37.70,14.94,102219.13,21.57,68.00,-157271.40,5.76
19:31,102171.30,37.70,14.87,102216.03,21.44,67.54,-224093.50,6.21
19:32,102169.52,37.73,14.71,102217.61,21.81,66.67,-301057.31,6.23
19:33,102176.11,37.64,14.60,102218.31,21.74,64.85,-378474.68,5.75
19:34,102164.77,37.73,14.83,102216.63,22.14,65.55,-370590.81,5.66
19:35,102166.94,37.77,14.63,102215.24,22.03,64.70,-21019.10,5.08
19:36,102165.23,37.65,14.57,102218.74,22.70,59.92,-30112.40,5.35
19:37,102190.11,37.35,14.42,102242.17,22.57,60.10,-28969.00,4.29
19:38,102222.27,37.08,14.68,102270.21,22.14,61.69,-29969.60,5.64
19:39,102238.69,36.98,14.89,102287.42,21.98,63.04,-30293.20,5.59
19:40,102246.16,36.92,14.82,102293.82,21.76,63.01,-62927.80,4.68
19:41,102242.27,36.78,14.97,102293.75,21.68,63.39,-100192.50,5.13
19:42,102242.89,36.92,15.11,102293.29,21.37,65.65,-239879.40,5.79
19:43,102224.38,37.06,14.98,102281.52,21.56,66.14,-832502.12,5.59
19:44,102216.85,37.16,14.97,102258.89,21.61,65.10,-823837.68,4.13
19:45,102198.57,37.10,14.93,102244.51,21.52,64.12,-390807.90,5.39
19:46,102194.14,36.98,14.78,102242.73,21.64,64.01,-136759.00,5.56
19:47,102205.91,36.95,14.80,102252.39,21.74,63.11,-119931.00,4.05
19:48,102235.90,36.88,15.04,102275.28,21.93,64.28,-154621.00,5.50
19:49,102248.22,36.88,15.06,102292.78,22.20,62.39,-86761.60,5.72
19:50,102242.91,36.86,15.01,102293.60,22.02,61.48,-139266.90,5.82
19:51,102226.17,36.84,14.94,102272.03,21.61,63.31,-155574.79,5.21
19:52,102210.63,36.77,15.02,102260.77,21.87,61.58,-79409.90,6.27
19:53,102205.85,36.75,15.02,102257.07,22.37,60.50,-77779.71,5.12
19:54,102214.19,36.71,14.71,102266.16,22.77,57.83,-81367.90,4.08
19:55,102225.62,36.31,14.98,102271.97,21.74,61.76,-923254.12,5.51
19:56,102235.78,36.20,15.17,102278.88,21.57,62.12,-202019.00,4.63
19:57,102226.97,36.32,15.09,102276.32,21.83,61.16,-193858.09,5.25
19:58,102213.97,36.23,15.08,102273.31,21.57,60.66,-179239.79,4.27
19:59,102219.96,36.29,15.23,102271.60,22.54,60.07,-203561.40,5.04
20:0,102222.18,36.53,15.10,102274.27,22.98,56.99,-183579.29,5.94
20:1,102217.94,36.37,14.92,102271.60,22.58,58.76,-288533.00,4.03
20:2,102210.99,36.46,14.92,102260.60,22.86,57.94,-334076.50,4.55
20:3,102189.19,36.48,14.99,102247.02,22.89,57.41,-270538.00,5.68
20:4,102186.80,36.71,15.22,102232.57,22.86,60.32,-249659.00,4.60
20:5,102196.05,36.97,15.42,102235.36,22.51,63.53,-349149.90,4.48
20:6,102200.88,37.22,15.04,102251.28,22.13,63.80,-350064.18,4.45
20:7,102220.91,37.07,14.73,102267.10,21.75,63.03,-368543.50,5.03
20:8,102235.85,36.73,14.96,102282.49,21.83,62.94,-376265.59,6.14
20:9,102235.16,36.41,15.01,102283.05,21.80,60.89,-907188.81,4.14
20:10,102230.61,36.29,14.73,102273.36,21.93,59.17,-909047.00,4.09
20:11,102202.28,36.11,15.22,102257.08,22.00,60.42,-919725.18,5.21
20:12,102185.48,36.34,15.34,102234.84,22.02,62.47,-920617.18,4.64
20:13,102164.19,36.51,15.04,102223.63,21.80,62.29,-177050.90,5.18
20:14,102170.26,36.49,14.99,102220.49,21.99,60.46,-160046.79,5.30
20:15,102188.29,36.55,14.91,102231.39,22.09,60.41,-175435.70,4.16
20:16,102177.07,36.62,15.13,102240.47,22.21,61.58,-138890.09,5.56
20:17,102198.13,36.83,15.00,102244.67,22.18,60.46,-145026.09,5.43
20:18,102208.64,36.77,14.93,102254.41,22.13,61.44,-163871.70,4.77
20:19,102212.16,36.86,15.02,102270.75,22.07,62.22,-197351.59,4.44
20:20,102217.13,36.84,14.78,102278.63,22.62,59.26,-229022.79,5.63
20:21,102225.35,36.73,14.99,102282.07,22.59,58.33,-66503.30,4.77
20:22,102221.42,36.61,15.10,102274.74,22.18,61.43,-33196.70,5.43
20:23,102225.02,36.72,15.08,102269.20,21.97,62.39,-19201.40,5.51
20:24,102226.82,36.85,15.05,102276.75,21.74,62.91,-30965.90,6.32
20:25,102243.73,36.78,15.02,102292.58,21.58,62.70,-39546.60,4.94
20:26,102248.50,36.73,15.16,102296.57,21.79,63.24,-19068.70,5.36
20:27,102262.96,36.79,15.10,102313.61,21.56,64.33,-11965.30,5.83
20:28,102272.10,36.72,14.96,102323.36,21.57,63.65,-54026.40,6.14
20:29,102271.21,36.60,15.08,102323.47,21.41,63.65,-51469.40,4.94
20:30,102262.85,36.55,15.10,102319.07,21.18,65.12,-31096.80,4.72
20:31,102255.41,36.47,15.10,102315.85,20.91,63.91,-168501.40,5.97
20:32,102265.53,36.16,15.11,102310.14,20.86,64.02,-972089.50,6.19
20:33,102256.66,36.15,15.15,102311.08,20.96,63.41,-973544.50,4.87
20:34,102248.41,36.15,15.21,102308.48,20.86,64.81,-101403.30,4.91
20:35,102241.23,36.13,15.10,102301.11,20.59,63.27,-120157.90,5.88
20:36,102232.82,35.82,15.08,102297.02,20.67,63.56,-191313.70,5.05
20:37,102235.98,35.71,15.23,102289.91,20.82,63.48,-289775.09,5.16
20:38,102228.05,35.77,15.28,102276.36,20.75,64.50,-254808.00,5.90
20:39,102215.67,35.78,15.25,102264.46,20.67,64.90,-289976.40,5.97
20:40,102203.63,35.72,15.23,102258.35,20.52,65.21,-311160.18,4.42
20:41,102199.75,35.66,15.24,102252.19,20.48,64.57,-302644.68,5.78
20:42,102213.26,35.60,15.27,102261.94,20.40,62.72,-220501.09,6.29
20:43,102239.46,35.37,15.11,102298.74,21.20,59.29,-200362.79,5.39
20:44,102280.69,35.11,15.23,102337.85,21.09,59.04,-389035.31,5.61
20:45,102291.35,34.78,15.29,102347.42,21.05,59.04,-168547.20,5.22
20:46,102280.11,34.68,15.37,102326.90,20.60,61.18,-868632.31,5.12
20:47,102239.19,34.44,15.57,102300.16,20.22,62.31,-986174.62,4.59
20:48,102223.53,34.47,15.60,102274.00,20.12,63.30,-989742.31,5.48
20:49,102217.60,34.49,15.59,102260.53,20.12,62.78,-990822.18,4.56
20:50,102200.57,34.57,15.64,102255.69,20.07,63.82,-991737.37,4.63
20:51,102194.61,34.60,15.70,102251.33,20.16,63.26,-992071.31,5.78
20:52,102196.02,34.58,15.49,102244.19,19.95,62.17,-992564.87,4.95
20:53,102198.17,34.43,15.60,102246.41,19.99,61.57,-992766.12,5.82
20:54,102201.21,34.19,15.50,102238.71,19.79,61.79,-993855.87,5.30
20:55,102193.11,34.12,15.55,102245.50,20.08,60.50,-995166.87,4.58
20:56,102201.25,34.13,15.50,102249.72,20.07,60.91,-995902.00,3.96
20:57,102199.13,34.09,15.65,102249.64,20.05,61.08,-996002.81,5.58
20:58,102194.25,34.09,15.60,102248.72,20.33,60.17,-997582.87,5.34
20:59,102193.08,34.06,15.66,102243.22,20.10,60.80,-997519.37,5.40
21:0,102194.77,34.09,15.76,102243.31,19.99,62.28,-997650.50,5.52
21:1,102187.02,34.02,15.62,102245.56,19.78,60.69,-998233.81,5.43
21:2,102197.76,33.96,15.57,102253.42,19.95,61.14,-999616.50,5.88
21:3,102222.92,33.89,15.64,102276.16,20.11,60.35,-1000846.50,3.98
21:4,102240.66,33.76,15.73,102285.89,20.15,59.46,-1002055.87,5.81
21:5,102231.55,33.81,15.71,102281.70,20.43,60.01,-1002543.18,5.43
21:6,102216.41,33.74,15.73,102267.17,19.86,61.01,-1003252.50,5.27
21:7,102212.50,33.54,15.75,102254.14,19.99,58.74,-1003774.87,5.57
21:8,102209.99,33.59,15.84,102258.57,19.96,60.55,-1004434.87,5.88
21:9,102224.99,33.71,15.73,102267.82,19.97,60.13,-1005165.68,4.47
21:10,102242.16,33.67,15.67,102288.24,19.98,60.06,-1005617.18,6.06
21:11,102267.50,33.49,15.81,102304.75,20.05,58.96,-1006416.12,4.85
21:12,102264.85,33.41,15.87,102318.75,20.32,59.28,-1007578.18,3.97
21:13,102263.47,33.41,15.86,102317.10,20.18,58.74,-1007701.37,5.59
21:14,102261.80,33.30,15.80,102307.52,20.09,58.61,-1008379.31,5.63
21:15,102244.86,33.28,16.09,102291.38,19.70,61.74,-1009880.81,5.05
21:16,102237.69,33.44,16.01,102278.90,19.52,62.31,-1010803.68,5.23
21:17,102224.16,33.51,15.86,102278.78,19.78,60.85,-1009439.50,5.24
21:18,102227.67,33.42,15.72,102281.22,19.72,59.47,-1009969.31,5.69
21:19,102230.34,33.38,15.83,102281.49,19.81,59.93,-1011144.18,4.38
21:20,102231.28,33.43,15.82,102278.54,19.79,60.30,-1012295.12,4.45
21:21,102234.63,33.47,15.76,102284.07,19.70,60.74,-1012190.00,5.34
21:22,102255.42,33.41,15.86,102294.03,19.90,60.77,-1013081.50,5.98
21:23,102255.16,33.45,15.83,102301.28,19.71,61.25,-1013313.31,5.45
21:24,102242.30,33.46,15.93,102295.66,19.83,60.03,-1014294.31,5.03
21:25,102236.85,33.40,15.88,102276.48,19.65,60.81,-1014464.37,5.79
21:26,102218.95,33.43,16.04,102270.08,19.49,63.39,-1015481.37,4.09
21:27,102219.86,33.54,15.95,102268.80,19.68,62.49,-1016020.00,3.88
21:28,102232.22,33.51,15.91,102279.24,19.57,60.83,-1015831.81,4.11
21:29,102243.07,33.46,15.83,102297.10,19.79,60.96,-1016562.18,5.23
21:30,102268.82,33.39,15.83,102315.39,20.18,59.34,-1018120.12,5.50
21:31,102272.27,33.23,15.95,102313.82,19.73,60.08,-1019088.81,4.49
21:32,102264.22,33.23,15.90,102318.82,20.09,59.15,-1018887.00,4.58
21:33,102261.69,33.17,15.90,102311.19,19.74,58.99,-1020608.62,5.31
21:34,102271.08,33.16,16.02,102320.13,19.55,61.18,-1020827.31,5.19
21:35,102279.13,33.16,16.01,102322.21,19.24,61.83,-1021483.31,5.90
21:36,102269.07,33.06,15.81,102322.86,19.63,60.15,-1021783.68,6.03
21:37,102274.44,32.86,16.06,102327.23,19.56,60.04,-1023525.18,4.92
21:38,102272.49,32.91,15.99,102326.39,19.63,59.59,-1023911.00,4.98
21:39,102274.99,32.96,16.12,102325.61,19.34,62.09,-1024587.62,5.53
21:40,102274.22,33.02,16.09,102323.67,19.40,61.43,-1025905.87,5.81
21:41,102277.64,33.02,16.13,102329.56,19.28,61.54,-1026238.12,4.85
21:42,102279.44,33.02,16.06,102329.07,19.30,61.52,-1026816.18,4.57
21:43,102284.39,33.06,15.99,102332.08,19.38,60.70,-1027161.50,4.57
21:44,102292.95,33.07,16.04,102342.11,19.15,62.37,-1027557.62,5.42
21:45,102300.03,33.09,15.92,102343.71,19.29,60.92,-1027828.12,4.73
21:46,102290.96,32.86,16.17,102348.17,19.20,62.37,-1028589.31,5.64
21:47,102304.91,32.93,16.07,102350.70,19.43,61.26,-1028885.87,5.00
21:48,102303.96,32.93,16.10,102352.56,19.39,60.65,-1029066.37,5.49
21:49,102308.69,32.84,16.16,102352.21,19.29,61.13,-1030047.68,4.92
21:50,102308.86,32.81,15.92,102356.01,19.11,61.13,-1029714.18,5.63
21:51,102304.33,32.57,16.08,102356.27,19.07,61.41,-1030527.00,4.88
21:52,102309.69,32.53,16.11,102357.91,19.63,59.48,-1031302.12,5.33
21:53,102307.32,32.59,16.10,102355.60,19.47,58.84,-1031327.68,3.90
21:54,102304.22,32.43,16.09,102359.19,19.34,59.56,-1031795.37,5.01
21:55,102309.19,32.48,16.18,102358.17,19.65,57.85,-1032464.81,4.43
21:56,102307.64,32.52,16.21,102360.84,19.31,60.43,-1033196.62,5.53
21:57,102327.67,32.63,16.15,102367.40,19.11,62.05,-1033615.31,5.24
21:58,102308.85,32.74,16.09,102369.39,19.40,60.56,-1033869.31,5.19
21:59,102316.55,32.67,16.16,102371.67,19.08,60.59,-1033497.31,5.72
22:0,102319.55,32.57,16.18,102373.10,19.14,60.70,-1034483.62,6.03
22:1,102313.83,32.60,16.17,102372.85,19.18,60.95,-1035159.87,4.47
22:2,102324.61,32.64,16.15,102372.55,19.24,60.98,-1035641.37,5.93
22:3,102322.56,32.64,16.19,102377.63,19.12,61.36,-1035709.18,5.19
22:4,102317.08,32.69,16.02,102377.92,19.15,60.57,-1036523.31,5.70
22:5,102322.21,32.74,15.99,102375.17,19.23,60.99,-1037427.81,5.05
22:6,102322.73,32.73,16.02,102367.98,19.31,60.15,-1037317.81,5.90
22:7,102319.91,32.69,16.13,102368.14,18.98,62.64,-1036200.62,5.94
22:8,102316.74,32.73,16.15,102368.42,19.10,62.09,-1037591.50,5.32
22:9,102332.14,32.73,16.09,102369.91,18.78,62.76,-1038954.50,5.72
22:10,102326.76,32.75,15.98,102371.99,18.96,62.18,-1038944.00,5.27
22:11,102321.96,32.73,16.07,102373.02,18.86,63.05,-1039341.37,4.97
22:12,102318.02,32.72,16.14,102371.95,19.34,61.49,-1038634.50,4.77
22:13,102322.22,32.72,16.07,102375.07,19.28,61.45,-1039155.50,5.54
22:14,102321.52,32.66,16.05,102379.47,18.96,61.97,-1039396.62,5.71
22:15,102323.31,32.63,16.12,102379.39,19.08,61.28,-1039685.37,5.42
22:16,102321.95,32.53,16.13,102374.43,19.34,61.59,-1040058.31,5.60
22:17,102317.30,32.52,16.21,102370.03,18.84,62.83,-1040159.00,5.77
22:18,102313.47,32.54,16.32,102368.77,18.86,62.90,-1040282.31,5.72
22:19,102327.95,32.61,16.23,102373.99,18.90,62.61,-1038705.62,4.36
22:20,102317.58,32.63,16.17,102375.31,18.70,63.05,-1035537.68,5.93
22:21,102319.99,32.62,16.16,102373.14,18.77,62.93,-1035963.31,5.96
22:22,102327.50,32.67,16.06,102377.63,19.13,60.82,-1031740.37,4.49
22:23,102324.44,32.64,16.11,102376.44,19.20,61.05,-1016373.81,5.23
22:24,102321.78,32.62,16.17,102373.80,18.96,62.12,-1015743.81,5.73
22:25,102326.14,32.59,16.04,102376.88,18.80,62.64,-1014974.37,4.67
22:26,102323.29,32.52,16.25,102377.07,18.75,63.40,-1014633.81,5.25
22:27,102324.42,32.55,16.23,102384.14,18.61,64.06,-1014560.62,4.41
22:28,102324.92,32.55,16.12,102377.55,18.56,63.84,-1020110.31,5.70
22:29,102325.44,32.56,16.17,102378.62,18.65,64.28,-1018515.00,4.94
22:30,102331.25,32.51,16.14,102378.82,18.66,64.11,-1046677.37,5.95
22:31,102324.82,32.45,16.15,102382.22,18.76,63.01,-1047662.00,4.36
22:32,102325.25,32.45,16.12,102379.32,18.81,61.83,-1047918.00,5.07
22:33,102338.78,32.46,16.31,102384.63,18.78,62.92,-1047973.62,5.22
22:34,102339.97,32.44,16.23,102382.39,18.64,63.13,-1049125.75,4.38
22:35,102327.91,32.44,16.22,102386.38,18.72,63.20,-1049652.62,4.32
22:36,102334.75,32.45,16.25,102388.62,18.74,62.61,-1050026.75,5.02
22:37,102347.76,32.48,16.19,102387.45,18.68,63.12,-1051244.37,5.39
22:38,102334.41,32.48,16.28,102391.36,18.50,64.05,-1050949.37,5.24
22:39,102329.47,32.50,16.25,102382.32,18.55,64.58,-1051534.75,5.94
22:40,102317.64,32.49,16.22,102378.86,18.73,62.97,-1051118.12,5.70
22:41,102322.79,32.51,16.22,102380.33,18.62,64.57,-1052005.00,5.97
22:42,102333.57,32.51,16.30,102379.21,18.47,64.93,-1051844.87,5.78
22:43,102332.46,32.52,16.17,102386.77,18.51,64.93,-1052363.25,4.38
22:44,102328.17,32.48,16.21,102387.10,18.39,64.77,-1052670.12,5.03
22:45,102336.03,32.49,16.14,102385.19,18.59,63.33,-1053626.62,4.74
22:46,102345.97,32.46,16.23,102392.52,18.64,63.75,-1054485.37,5.11
22:47,102344.85,32.48,16.19,102395.80,18.59,64.07,-1054722.37,4.57
22:48,102352.97,32.49,16.18,102403.14,18.54,65.19,-1054373.75,4.95
22:49,102368.97,32.43,16.15,102410.27,18.28,65.54,-1057667.87,5.65
22:50,102355.46,32.42,16.21,102404.32,18.44,63.96,-1057557.75,4.41
22:51,102365.02,32.41,16.28,102407.35,18.29,65.72,-1057717.50,4.40
22:52,102357.74,32.41,16.28,102408.10,18.25,65.75,-1059309.87,5.92
22:53,102357.69,32.47,16.12,102413.69,18.46,64.39,-1059970.62,5.52
22:54,102361.86,32.44,16.15,102412.07,18.34,65.96,-1060568.25,5.68
22:55,102359.39,32.43,16.19,102413.25,18.36,64.09,-1060655.25,5.78
22:56,102355.17,32.41,16.19,102408.30,18.31,65.10,-1050395.50,5.62
22:57,102346.97,32.41,16.18,102407.66,18.25,65.21,-1056281.25,5.05
22:58,102355.89,32.42,16.20,102405.21,18.16,66.38,-1057552.25,5.96
22:59,102357.49,32.41,16.28,102403.52,18.10,67.15,-1059517.50,5.83
23:0,102363.91,32.40,16.17,102414.46,17.89,67.39,-1059666.75,5.26
23:1,102358.50,32.38,16.16,102414.38,18.19,66.28,-1068444.75,5.77
23:2,102367.46,32.36,16.16,102412.35,18.29,65.75,-1069252.50,5.56
23:3,102365.32,32.36,16.16,102408.78,18.23,65.95,-1069037.00,5.80
23:4,102357.85,32.43,16.20,102410.54,18.28,66.02,-1073029.75,5.92
23:5,102359.60,32.34,16.09,102416.32,18.64,64.48,-1072939.75,5.65
23:6,102364.46,32.32,16.33,102420.58,18.46,65.05,-1074440.75,4.96
23:7,102363.19,32.39,16.18,102418.11,18.29,64.89,-1075324.87,5.76
23:8,102361.85,32.41,16.14,102417.15,18.45,64.75,-1075815.00,5.30
23:9,102362.71,32.40,16.26,102414.68,18.33,66.83,-1076055.12,5.45
23:10,102364.28,32.50,16.27,102415.39,18.38,66.20,-1076684.50,5.88
23:11,102364.78,32.53,16.32,102409.86,18.11,68.17,-1076775.62,5.81
23:12,102365.92,32.53,16.28,102416.64,18.00,68.80,-1077480.25,4.48
23:13,102366.66,32.53,16.14,102414.00,18.31,67.34,-1077727.00,4.47
23:14,102375.57,32.46,16.17,102423.58,18.34,66.50,-1078577.00,4.60
23:15,102381.63,32.44,16.33,102424.64,18.35,67.03,-1078700.00,4.42
23:16,102375.75,32.49,16.24,102428.57,18.37,66.23,-1080438.25,5.59
23:17,102382.07,32.47,16.20,102430.10,18.19,66.85,-1080715.75,5.44
23:18,102375.46,32.44,16.34,102430.88,18.05,67.99,-1080825.37,5.63
23:19,102366.14,32.45,16.36,102433.86,17.98,68.49,-1081667.75,4.37
23:20,102375.39,32.46,16.29,102428.20,18.08,67.81,-1081919.50,4.36
23:21,102375.80,32.45,16.34,102419.92,18.17,68.02,-1083878.12,5.33
23:22,102379.05,32.45,16.22,102420.01,18.38,66.93,-1082764.12,5.81
23:23,102368.80,32.43,16.33,102417.57,18.28,67.88,-1082994.37,5.18
23:24,102365.91,32.46,16.34,102422.97,18.04,68.46,-1084587.37,5.18
23:25,102366.66,32.43,16.29,102424.03,17.89,68.15,-1084664.00,5.74
23:26,102371.89,32.42,16.25,102415.16,18.10,67.21,-1085356.37,4.57
23:27,102373.30,32.38,16.32,102424.09,18.02,68.55,-1086003.37,4.43
23:28,102364.03,32.37,16.38,102422.68,17.90,69.58,-1086906.50,6.49
23:29,102362.52,32.39,16.38,102421.67,17.97,68.72,-1087285.25,5.59
23:30,102364.57,32.39,16.37,102419.42,17.87,68.93,-1087601.00,5.74
23:31,102365.92,32.35,16.22,102421.82,17.84,69.63,-1088145.50,5.68
23:32,102363.60,32.34,16.38,102426.09,18.02,68.85,-1088408.00,4.57
23:33,102373.53,32.37,16.24,102420.36,18.25,67.34,-1089032.00,4.70
23:34,102372.24,32.32,16.37,102419.71,18.34,67.60,-1089932.25,4.76
23:35,102372.39,32.24,16.36,102420.76,18.34,67.48,-1090936.50,5.30
23:36,102362.19,32.22,16.42,102429.38,17.98,69.06,-1091688.25,5.83
23:37,102369.49,32.23,16.45,102429.05,17.80,69.49,-1092592.75,4.59
23:38,102368.95,32.22,16.50,102423.61,17.50,70.58,-1093400.75,4.44
23:39,102372.06,32.23,16.48,102426.40,17.52,70.47,-1094274.12,4.78
23:40,102370.07,32.20,16.45,102425.12,17.43,70.54,-1095314.25,4.97
23:41,102364.07,32.17,16.46,102420.72,17.73,69.08,-1095927.75,4.44
23:42,102361.40,32.15,16.43,102419.27,17.77,68.57,-1096011.25,5.42
23:43,102360.82,32.13,16.40,102418.02,17.85,68.94,-1096796.00,4.40
23:44,102363.53,32.15,16.43,102417.74,17.77,69.69,-1097493.37,5.79
23:45,102351.49,32.15,16.47,102414.73,17.83,69.43,-1097662.00,5.27
23:46,102364.14,32.15,16.62,102415.03,17.61,71.22,-1098038.37,5.46
23:47,102353.74,32.16,16.47,102410.23,17.56,71.01,-1098857.62,5.80
23:48,102362.00,32.10,16.45,102408.17,17.77,69.52,-1099214.87,4.55
23:49,102358.66,32.05,16.52,102411.89,17.94,68.52,-1100005.62,4.47
23:50,102372.24,32.06,16.42,102418.66,18.02,67.65,-1100573.62,5.10
23:51,102367.71,32.01,16.41,102415.77,18.21,67.00,-1101261.50,5.87
23:52,102371.89,32.01,16.48,102418.86,18.11,68.21,-1101680.12,5.21
23:53,102364.97,32.01,16.55,102416.22,18.12,67.26,-1102588.50,5.70
23:54,102372.64,32.04,16.57,102422.18,17.76,69.41,-1104631.37,4.71
23:55,102364.80,32.06,16.50,102422.10,17.69,69.11,-1104713.37,5.65
23:56,102364.74,32.09,16.46,102422.96,17.93,67.70,-1105552.37,5.68
23:57,102368.56,32.08,16.58,102423.05,17.52,70.03,-1106185.75,5.85
23:58,102370.21,32.08,16.53,102421.90,17.45,70.11,-1107165.25,5.02
23:59,102355.33,32.08,16.52,102419.07,17.39,70.88,-1107677.75,5.58
0:0,102364.38,32.06,16.51,102415.57,17.62,69.64,-1107839.75,4.52
0:1,102359.96,32.08,16.57,102414.38,17.60,70.51,-1108433.12,4.36
0:2,102361.64,32.11,16.52,102415.80,17.70,70.33,-1109166.62,5.24
0:3,102361.57,32.10,16.47,102420.37,17.88,68.74,-1109223.12,5.68
0:4,102361.41,32.09,16.72,102422.78,17.72,70.61,-1108785.25,5.24
0:5,102363.78,32.11,16.62,102421.28,17.64,71.06,-1109042.75,5.44
0:6,102361.41,32.08,16.63,102423.28,17.51,71.28,-1109483.00,4.45
0:7,102372.32,32.07,16.67,102424.48,17.44,71.45,-1111018.50,4.82
0:8,102364.66,32.08,16.62,102419.57,17.69,69.84,-1111987.12,4.43
0:9,102364.91,32.09,16.61,102418.10,17.66,70.32,-1111963.00,4.57
0:10,102359.61,32.08,16.62,102419.00,17.64,69.87,-1112656.62,5.19
0:11,102376.36,32.14,16.47,102423.10,17.73,69.60,-1113599.50,4.43
0:12,102379.02,32.13,16.55,102423.53,17.70,69.89,-1114472.12,4.89
0:13,102377.91,32.13,16.51,102426.67,17.83,69.74,-1114334.25,4.89
0:14,102375.53,32.22,16.54,102420.60,18.23,68.62,-1115097.87,4.58
0:15,102375.22,32.24,16.56,102428.57,18.66,65.90,-1116071.75,5.58
0:16,102377.09,32.26,16.51,102430.20,18.43,67.47,-1116533.25,4.95
0:17,102379.25,32.28,16.60,102426.61,18.30,67.97,-1116870.87,4.37
0:18,102373.44,32.31,16.57,102432.17,18.05,69.06,-1117863.62,4.76
0:19,102374.39,32.36,16.45,102424.43,18.32,68.18,-1117651.87,5.29
0:20,102390.99,32.40,16.51,102429.90,18.28,68.19,-1118292.12,5.74
0:21,102377.46,32.38,16.43,102432.06,18.56,66.80,-1119025.00,4.53
0:22,102383.02,32.37,16.45,102436.77,18.63,66.38,-1119343.75,5.59
0:23,102379.13,32.41,16.42,102435.08,18.89,64.78,-1119883.25,5.30
0:24,102385.18,32.38,16.38,102441.85,18.89,64.79,-1114013.62,5.43
0:25,102387.96,32.30,16.43,102440.19,18.41,66.90,-1109670.87,6.08
0:26,102397.78,32.24,16.51,102446.67,18.22,68.09,-1117103.87,4.44
0:27,102388.46,32.25,16.59,102437.64,18.35,67.98,-1114530.00,5.38
0:28,102383.53,32.31,16.69,102440.69,18.00,69.22,-1115726.25,4.69
0:29,102388.66,32.37,16.65,102435.02,17.77,70.69,-1116024.87,5.79
0:30,102383.76,32.44,16.57,102433.09,17.82,70.54,-1116985.87,5.77
0:31,102377.52,32.44,16.51,102437.62,17.74,70.40,-1117876.00,5.12
0:32,102378.08,32.39,16.53,102440.90,17.85,69.01,-1118527.12,5.53
0:33,102382.52,32.36,16.68,102437.52,17.75,70.62,-1118981.25,4.96
0:34,102378.70,32.41,16.50,102437.21,17.71,70.95,-1119536.62,5.97
0:35,102384.11,32.42,16.44,102435.72,17.92,69.00,-1120237.12,4.43
0:36,102384.24,32.38,16.48,102436.42,17.71,70.92,-1120613.00,4.43
0:37,102373.45,32.36,16.37,102428.47,18.05,69.28,-1120998.87,5.41
0:38,102368.56,32.33,16.51,102429.52,17.99,69.71,-1121987.37,5.23
0:39,102374.66,32.39,16.50,102429.53,17.86,70.58,-1122509.00,4.43
0:40,102378.98,32.42,16.51,102433.52,17.95,70.33,-1123728.25,4.42
0:41,102377.50,32.45,16.45,102430.85,18.05,69.37,-1124423.75,5.23
0:42,102377.93,32.41,16.56,102435.92,17.74,71.36,-1125151.87,5.10
0:43,102373.77,32.42,16.42,102430.57,17.92,70.55,-1125218.75,5.74
0:44,102376.22,32.45,16.49,102429.39,18.02,70.99,-1126008.50,5.45
0:45,102366.05,32.44,16.56,102426.00,17.82,71.21,-1126960.25,5.77
0:46,102366.82,32.44,16.34,102425.12,17.86,70.12,-1127307.62,5.56
0:47,102369.53,32.38,16.42,102421.35,17.87,70.29,-1127947.25,5.48
0:48,102368.49,32.36,16.38,102420.96,17.92,69.72,-1128876.75,4.98
0:49,102362.05,32.34,16.43,102415.60,17.94,69.46,-1129602.75,5.50
0:50,102361.14,32.36,16.53,102415.50,18.00,69.49,-1129999.00,5.67
0:51,102362.03,32.40,16.50,102415.39,17.99,69.41,-1131237.37,5.41
0:52,102353.23,32.43,16.52,102411.76,17.97,69.86,-1131616.00,5.76
0:53,102351.28,32.45,16.66,102407.82,17.88,70.14,-1132893.62,5.01
0:54,102342.73,32.50,16.36,102397.00,18.04,69.08,-1133334.00,5.23
0:55,102344.00,32.48,16.41,102399.37,18.09,69.25,-1133677.37,4.68
0:56,102344.45,32.53,16.35,102398.49,18.15,68.13,-1134451.25,5.87
0:57,102345.55,32.50,16.36,102399.47,18.18,68.53,-1134900.37,5.85
0:58,102354.44,32.46,16.40,102396.52,17.95,69.18,-1135359.12,5.30
0:59,102335.35,32.44,16.34,102388.60,18.21,67.19,-1136050.00,5.65
1:0,102322.17,32.41,16.35,102378.86,18.16,67.55,-1136434.87,4.67
1:1,102319.52,32.41,16.40,102371.83,18.11,68.56,-1137365.37,4.39
1:2,102316.44,32.45,16.37,102369.57,18.03,68.49,-1138147.00,5.59
1:3,102314.61,32.37,16.40,102369.05,18.12,67.82,-1138745.12,5.72
1:4,102326.07,32.32,16.52,102369.96,18.17,68.13,-1139292.75,4.80
1:5,102319.32,32.35,16.58,102369.77,18.10,69.68,-1139734.00,5.98
1:6,102323.94,32.31,16.63,102377.10,17.88,70.74,-1140516.75,5.36
1:7,102335.21,32.28,16.58,102380.76,17.90,69.86,-1139274.75,4.36
1:8,102319.88,32.27,16.50,102382.90,18.03,69.09,-1133833.62,5.23
1:9,102339.05,32.25,16.61,102384.30,18.15,68.58,-1134869.50,4.43
1:10,102320.05,32.26,16.55,102382.66,18.13,68.31,-1134730.25,5.77
1:11,102326.06,32.23,16.48,102383.21,18.08,68.33,-1134864.87,4.47
1:12,102324.25,32.21,16.54,102385.55,18.04,68.80,-1135380.25,5.68
1:13,102346.90,32.21,16.66,102396.61,17.88,70.66,-1136377.25,4.43
1:14,102332.12,32.24,16.59,102388.14,18.02,68.35,-1137328.25,5.57
1:15,102344.86,32.29,16.58,102391.63,18.17,68.20,-1138165.62,5.40
1:16,102333.40,32.30,16.60,102393.83,18.19,68.27,-1138337.25,5.40
1:17,102337.71,32.36,16.56,102391.57,18.09,68.66,-1138958.75,4.43
1:18,102339.16,32.35,16.52,102393.71,18.18,67.97,-1139751.62,4.81
1:19,102344.38,32.39,16.61,102390.71,18.13,68.68,-1140443.37,5.05
1:20,102334.67,32.42,16.52,102395.87,18.26,68.15,-1141145.25,4.47
1:21,102348.67,32.38,16.54,102396.72,18.12,68.83,-1141991.75,4.61
1:22,102343.53,32.35,16.56,102397.03,18.01,69.91,-1142541.75,5.59
1:23,102342.49,32.37,16.47,102398.22,18.15,68.79,-1143412.25,5.70
1:24,102339.77,32.38,16.53,102395.77,18.25,68.20,-1144079.75,5.60
1:25,102339.77,32.38,16.58,102392.07,18.16,68.37,-1144578.25,5.68
1:26,102332.57,32.37,16.58,102386.13,17.99,68.91,-1145460.87,5.81
1:27,102332.52,32.41,16.45,102392.48,18.15,67.62,-1146005.12,5.12
1:28,102343.22,32.43,16.46,102389.39,18.21,67.71,-1146880.50,5.43
1:29,102338.32,32.39,16.41,102393.13,18.11,68.21,-1147125.25,5.39
1:30,102341.71,32.32,16.58,102387.41,18.27,68.12,-1148563.25,5.42
1:31,102344.02,32.37,16.41,102388.37,18.08,68.50,-1149146.25,5.66
1:32,102334.71,32.37,16.46,102393.60,18.17,67.69,-1149388.75,5.59
1:33,102346.67,32.32,16.52,102396.61,18.28,67.81,-1150491.50,5.61
1:34,102346.08,32.37,16.57,102401.24,18.16,68.87,-1150733.62,5.18
1:35,102347.35,32.34,16.55,102400.77,18.02,69.57,-1151398.62,5.53
1:36,102349.42,32.34,16.55,102405.58,18.04,69.09,-1151987.00,5.78
1:37,102358.75,32.35,16.58,102409.01,17.98,69.29,-1153112.62,4.70
1:38,102347.52,32.34,16.51,102408.57,17.95,68.90,-1153346.50,4.49
1:39,102354.88,32.32,16.55,102404.13,18.03,68.96,-1153732.12,5.94
1:40,102339.58,32.31,16.52,102399.10,18.00,68.18,-1154547.25,5.62
1:41,102347.53,32.30,16.53,102400.02,18.01,69.08,-1155202.25,4.98
1:42,102344.69,32.29,16.47,102397.50,18.01,68.23,-1155735.87,5.85
1:43,102344.52,32.25,16.48,102398.22,18.11,67.60,-1156648.37,5.39
1:44,102342.36,32.23,16.48,102405.00,17.94,68.84,-1157277.12,5.94
1:45,102361.03,27.35,30.10,102405.61,17.88,70.14,-1158094.87,0.90
1:46,102364.50,19.25,66.73,102406.25,17.90,71.57,-1177556.62,0.66
1:47,102367.11,19.73,61.01,102408.94,17.43,73.96,-1177835.12,0.66
1:48,102361.64,25.58,35.69,102413.97,17.18,75.43,-1178489.50,5.62
1:49,102349.29,31.18,18.92,102417.91,17.28,73.80,-1179443.75,4.77
1:50,102349.09,31.88,17.41,102412.74,17.71,71.42,-1175668.75,5.97
1:51,102360.03,31.92,17.25,102416.11,17.76,70.39,-1176527.62,5.46
1:52,102357.14,31.91,17.11,102419.43,17.75,70.81,-1180769.00,5.93
1:53,102359.00,31.89,17.13,102414.13,17.42,72.27,-1182560.37,5.65
1:54,102360.99,31.89,16.99,102415.88,17.50,71.68,-1182809.50,5.07
1:55,102363.61,31.88,17.11,102413.03,17.39,72.13,-1183872.00,4.73
1:56,102354.22,31.86,17.05,102410.57,17.32,72.38,-1183931.00,4.53
1:57,102358.00,31.84,17.09,102409.89,17.15,73.30,-1184668.25,6.00
1:58,102349.78,31.82,16.99,102409.85,17.41,71.05,-1185186.37,5.23
1:59,102357.07,31.84,17.04,102410.82,17.60,71.09,-1185863.00,5.78
2:0,102351.17,31.84,17.04,102406.13,17.43,71.32,-1186183.25,5.89
2:1,102355.42,31.82,17.03,102410.10,17.33,71.89,-1187196.75,4.74
2:2,102349.20,31.79,16.93,102410.89,17.26,71.93,-1187525.75,5.37
2:3,102348.64,31.72,16.94,102403.35,17.46,70.84,-1188835.25,4.62
2:4,102343.74,31.65,16.88,102404.93,17.22,72.46,-1189857.75,5.56
2:5,102344.38,31.58,16.99,102401.41,17.24,72.34,-1190933.75,5.77
2:6,102339.88,31.60,16.97,102399.26,17.38,71.19,-1191263.37,5.68
2:7,102338.19,31.65,16.98,102397.92,17.17,72.39,-1191810.62,5.54
2:8,102341.09,31.66,16.92,102393.26,17.53,70.43,-1192528.75,5.67
2:9,102341.17,31.64,16.98,102389.49,17.51,70.49,-1193076.25,4.67
2:10,102343.39,31.66,17.02,102392.79,17.42,70.78,-1194027.25,5.88
2:11,102338.46,31.68,17.00,102394.72,17.51,70.45,-1194018.75,5.99
2:12,102335.72,31.69,16.93,102392.96,17.39,71.02,-1195156.50,4.93
2:13,102332.73,31.70,17.00,102389.46,17.27,71.87,-1195524.00,5.72
2:14,102342.58,31.71,16.92,102389.38,17.24,72.29,-1196136.12,4.40
2:15,102335.29,31.70,16.84,102390.64,17.50,69.58,-1196601.75,5.03
2:16,102335.61,31.67,16.92,102385.24,17.45,71.00,-1197693.37,5.22
2:17,102327.14,31.62,16.91,102388.88,17.67,69.66,-1195941.62,5.07
2:18,102328.03,31.63,16.93,102385.59,17.38,70.99,-1197639.12,5.46
2:19,102335.17,31.61,16.94,102383.93,17.29,71.76,-1198547.75,5.72
2:20,102325.77,31.57,16.97,102381.38,17.00,73.20,-1199636.87,5.67
2:21,102317.10,31.50,17.03,102380.80,17.06,72.56,-1200229.75,5.05
2:22,102322.22,31.49,17.01,102376.25,16.97,72.90,-1200473.25,4.32
2:23,102328.28,31.50,17.05,102375.61,16.85,73.99,-1201444.50,5.27
2:24,102312.64,31.52,17.04,102376.88,16.79,74.09,-1201953.75,4.80
2:25,102323.58,31.50,17.01,102380.49,17.05,72.24,-1202491.25,4.67
2:26,102317.17,31.51,16.89,102378.75,17.11,71.68,-1202922.37,5.84
2:27,102321.97,31.48,16.99,102377.89,17.02,71.96,-1203798.50,4.72
2:28,102319.82,31.44,16.93,102378.10,17.03,72.32,-1204267.00,4.85
2:29,102321.67,31.42,16.94,102375.03,16.98,72.44,-1204748.00,4.76
2:30,102315.56,31.36,17.01,102374.16,17.07,71.94,-1205618.25,4.94
2:31,102314.78,31.35,17.04,102369.71,17.13,71.88,-1206514.25,4.38
2:32,102323.02,31.37,17.04,102372.72,17.03,71.59,-1206900.25,4.59
2:33,102308.82,31.35,17.01,102368.28,17.05,71.97,-1207830.75,4.90
2:34,102310.35,31.34,17.00,102371.13,16.89,72.78,-1208250.00,4.41
2:35,102309.96,31.37,17.04,102370.58,17.02,72.37,-1209295.25,5.13
2:36,102307.04,31.40,17.05,102372.80,17.06,72.14,-1209800.00,4.68
2:37,102311.85,31.42,17.08,102367.57,17.22,71.22,-1210584.00,5.77
2:38,102309.60,31.39,17.09,102370.82,16.87,73.80,-1211327.00,5.07
2:39,102313.49,31.33,17.03,102368.38,16.73,73.73,-1211522.75,5.54
2:40,102306.00,31.28,17.02,102367.57,16.95,72.79,-1212204.12,5.60
2:41,102314.32,31.30,17.09,102366.52,17.06,72.98,-1212595.25,5.09
2:42,102312.39,31.35,17.07,102365.08,16.93,73.45,-1213893.25,4.63
2:43,102320.35,31.27,17.05,102371.37,16.58,74.55,-1214520.25,5.87
2:44,102314.07,31.19,17.14,102371.22,16.61,74.40,-1215432.75,5.35
2:45,102316.80,31.20,17.11,102368.78,16.75,73.57,-1215970.87,4.49
2:46,102310.33,31.23,17.13,102369.36,16.74,73.81,-1216802.37,5.80
2:47,102309.22,31.25,17.13,102369.96,16.66,74.46,-1217217.25,5.84
2:48,102310.93,31.24,17.05,102367.78,16.65,73.93,-1217496.75,4.34
2:49,102309.11,31.20,17.04,102371.41,16.84,73.29,-1218954.75,4.50
2:50,102313.71,31.16,17.10,102370.15,16.63,74.59,-1219579.62,5.71
2:51,102315.61,31.10,17.16,102369.89,16.60,74.19,-1220134.37,5.53
2:52,102316.78,31.06,17.12,102367.44,16.69,73.46,-1220733.00,5.11
2:53,102311.40,31.05,17.07,102366.80,16.64,74.05,-1221502.62,5.19
2:54,102306.85,31.00,17.20,102360.65,16.44,74.78,-1221994.00,5.62
2:55,102307.19,31.00,17.17,102361.36,16.55,74.25,-1222123.75,4.42
2:56,102300.60,30.98,17.23,102360.24,16.67,73.29,-1223233.75,5.32
2:57,102297.10,30.98,17.18,102360.37,16.59,74.01,-1223921.62,4.54
2:58,102298.97,30.98,17.25,102365.36,16.67,73.45,-1225042.25,5.02
2:59,102304.78,30.99,17.17,102364.65,16.62,73.83,-1224977.37,4.65
3:0,102307.42,30.97,17.21,102363.77,16.67,73.41,-1225826.25,5.74
3:1,102304.95,30.97,17.27,102365.63,16.67,73.53,-1226762.25,5.69
3:2,102314.96,31.02,17.26,102371.74,16.68,73.72,-1227658.25,4.47
3:3,102314.47,31.05,17.22,102368.64,16.86,72.92,-1227878.12,5.14
3:4,102313.31,31.08,17.21,102368.03,16.60,74.47,-1228754.25,5.03
3:5,102314.47,31.04,17.16,102365.58,16.76,73.42,-1229294.75,5.83
3:6,102302.27,30.94,17.22,102369.54,16.70,73.62,-1230142.62,5.05
3:7,102303.10,30.92,17.24,102368.84,16.85,72.93,-1231681.12,4.92
3:8,102317.55,30.93,17.32,102366.13,16.72,73.79,-1231779.75,5.68
3:9,102308.71,30.97,17.19,102368.92,16.89,72.25,-1232482.00,5.61
3:10,102316.80,30.99,17.21,102371.32,16.84,72.63,-1233353.75,5.66
3:11,102308.82,31.01,17.24,102373.41,16.89,72.26,-1234040.00,5.28
3:12,102310.58,30.98,17.18,102367.56,16.73,73.53,-1234889.25,6.11
3:13,102306.08,30.90,17.19,102371.35,16.66,73.38,-1234643.37,5.10
3:14,102309.72,30.87,17.25,102370.16,16.72,72.97,-1233358.75,5.54
3:15,102311.11,30.91,17.20,102371.65,16.85,72.82,-1234805.12,5.21
3:16,102321.44,30.91,17.38,102371.59,16.61,73.48,-1235719.50,5.81
3:17,102306.54,30.94,17.32,102368.95,16.44,74.74,-1235909.25,5.67
3:18,102315.22,31.00,17.18,102369.91,16.52,74.41,-1236704.50,4.31
3:19,102307.59,30.99,17.24,102364.64,16.48,74.99,-1237046.87,4.64
3:20,102308.50,30.96,17.16,102365.50,16.51,74.06,-1237621.12,5.36
3:21,102305.85,30.82,17.11,102363.13,16.68,72.61,-1238341.12,4.29
3:22,102307.41,30.76,17.24,102363.89,16.71,72.44,-1237374.12,4.74
3:23,102310.77,30.79,17.21,102362.92,16.61,73.60,-1203422.62,4.81
3:24,102294.91,30.79,17.12,102359.82,16.78,72.30,-1246014.75,5.09
3:25,102304.00,30.75,17.35,102363.24,16.58,73.72,-1248322.75,4.45
3:26,102310.60,30.77,17.28,102361.92,16.77,72.10,-1248231.25,5.86
3:27,102308.72,30.79,17.34,102359.85,16.63,73.34,-1248998.25,5.75
3:28,102304.83,30.84,17.31,102357.07,16.45,73.58,-1249825.12,4.96
3:29,102294.96,30.86,17.28,102358.79,16.30,75.30,-1250407.37,4.27
3:30,102297.38,30.89,17.28,102357.38,16.45,73.96,-1250912.87,4.77
3:31,102293.00,30.88,17.10,102354.61,16.66,72.08,-1251395.50,5.47
3:32,102285.13,30.81,17.18,102350.42,16.81,72.00,-1251798.12,4.92
3:33,102295.42,30.77,17.19,102348.15,16.68,72.57,-1252437.12,5.15
3:34,102297.88,30.72,17.20,102348.21,16.67,73.19,-1253348.62,4.78
3:35,102292.77,30.71,17.28,102342.50,16.39,73.85,-1254255.75,4.40
3:36,102282.16,30.68,17.23,102348.45,16.43,73.68,-1254205.37,5.02
3:37,102285.85,30.60,17.27,102340.86,16.49,73.15,-1255448.37,4.22
3:38,102284.02,30.56,17.31,102343.73,16.78,71.82,-1256250.00,5.90
3:39,102291.96,30.58,17.32,102345.16,16.73,71.69,-1257154.25,5.72
3:40,102288.67,30.54,17.33,102346.76,16.67,72.44,-1257648.62,4.31
3:41,102294.90,30.51,17.34,102348.71,16.46,73.73,-1258752.75,5.63
3:42,102295.60,30.47,17.37,102352.60,16.30,74.51,-1259378.37,5.49
3:43,102292.32,30.48,17.43,102351.98,16.29,74.11,-1259977.37,5.55
3:44,102292.94,30.53,17.31,102348.03,16.35,73.96,-1260462.50,4.92
3:45,102295.21,30.51,17.35,102351.33,16.33,74.29,-1261405.62,5.07
3:46,102281.14,30.51,17.33,102349.82,16.30,74.32,-1261779.75,4.97
3:47,102294.50,30.39,17.34,102353.19,16.38,73.46,-1262118.75,5.13
3:48,102293.65,30.37,17.48,102348.92,16.28,74.23,-1263782.75,5.55
3:49,102287.89,30.43,17.38,102347.71,16.33,74.05,-1263695.50,4.31
3:50,102289.12,30.46,17.38,102349.63,16.37,74.15,-1264797.00,4.98
3:51,102290.66,30.47,17.40,102348.24,16.31,74.08,-1265413.75,4.58
3:52,102298.16,30.45,17.44,102350.61,16.08,75.73,-1265659.25,5.50
3:53,102290.84,30.37,17.34,102349.92,16.12,74.61,-1266265.62,5.15
3:54,102288.46,30.30,17.35,102348.07,16.36,72.96,-1267842.62,5.48
3:55,102288.12,30.31,17.38,102349.30,16.75,70.92,-1267620.12,4.91
3:56,102298.10,30.31,17.35,102345.87,16.79,71.25,-1269070.75,4.49
3:57,102295.88,30.30,17.49,102348.74,16.57,72.51,-1269806.75,5.02
3:58,102287.69,30.38,17.47,102347.05,16.47,72.81,-1270380.87,5.14
3:59,102291.00,30.46,17.38,102348.12,16.56,72.35,-1270801.37,5.01
4:0,102294.36,30.49,17.42,102349.17,16.55,72.36,-1271509.37,4.45
4:1,102286.60,30.50,17.44,102344.90,16.56,72.78,-1272586.87,5.34
4:2,102294.35,30.49,17.33,102343.60,16.53,72.50,-1272775.87,5.72
4:3,102294.07,30.45,17.35,102347.16,16.54,72.59,-1273280.75,5.65
4:4,102299.23,30.41,17.36,102346.13,16.50,72.06,-1273939.00,5.73
4:5,102290.74,30.44,17.38,102346.66,16.48,72.83,-1274426.50,5.49
4:6,102287.89,30.40,17.28,102342.39,16.60,71.32,-1275427.75,5.65
4:7,102278.14,30.29,17.31,102341.78,16.60,71.29,-1275973.87,5.85
4:8,102283.02,30.24,17.36,102345.32,16.63,71.35,-1276569.75,4.83
4:9,102272.91,30.26,17.50,102338.10,16.28,73.15,-1278099.25,5.50
4:10,102280.88,30.30,17.47,102338.13,16.01,75.33,-1279083.62,5.56
4:11,102275.25,30.32,17.43,102336.50,16.08,74.83,-1279123.25,4.71
4:12,102277.47,30.31,17.41,102339.46,16.45,73.00,-1279172.12,4.28
4:13,102289.27,30.35,17.36,102345.20,16.48,72.67,-1279720.62,5.23
4:14,102282.32,30.38,17.45,102349.39,16.53,73.33,-1280780.87,5.25
4:15,102298.25,30.37,17.53,102345.88,16.00,75.77,-1282086.00,5.68
4:16,102288.71,30.36,17.50,102350.71,16.05,75.18,-1282595.25,4.58
4:17,102290.80,30.35,17.51,102346.94,15.94,76.40,-1283001.25,3.98
4:18,102291.96,30.31,17.54,102347.05,15.99,75.42,-1283720.62,5.59
4:19,102292.94,30.35,17.48,102346.89,16.22,73.92,-1284799.75,5.34
4:20,102290.07,30.38,17.39,102348.63,16.44,71.42,-1285398.62,5.43
4:21,102288.49,30.42,17.44,102344.59,16.38,73.54,-1286261.00,5.61
4:22,102284.14,30.41,17.35,102344.99,16.26,73.97,-1286819.37,5.00
4:23,102278.82,30.36,17.34,102341.50,16.31,73.36,-1286985.25,4.94
4:24,102277.89,30.31,17.46,102343.39,16.04,75.27,-1288094.75,5.64
4:25,102282.07,30.31,17.40,102343.24,16.28,74.17,-1288936.75,5.46
4:26,102285.61,30.28,17.55,102338.75,16.17,74.27,-1289731.25,5.17
4:27,102282.21,30.28,17.49,102340.60,16.14,74.91,-1289907.00,4.96
4:28,102284.59,30.26,17.44,102344.30,16.16,74.24,-1289998.75,5.64
4:29,102286.82,30.17,17.29,102347.08,16.41,72.30,-1291087.25,3.85
4:30,102289.00,30.12,17.52,102346.05,16.44,72.56,-1292419.12,5.16
4:31,102293.35,30.13,17.46,102345.12,16.36,72.55,-1293206.00,5.07
4:32,102281.28,30.20,17.49,102345.78,16.34,72.70,-1293902.87,5.36
4:33,102293.80,30.18,17.59,102344.23,16.06,74.68,-1294285.75,4.95
4:34,102283.76,30.16,17.65,102344.08,15.84,76.49,-1294754.75,5.09
4:35,102290.57,30.21,17.51,102343.15,15.94,75.39,-1294867.25,5.14
4:36,102289.37,30.21,17.50,102339.64,15.99,74.79,-1295710.75,4.56
4:37,102284.19,30.08,17.40,102345.47,16.24,72.31,-1296321.50,5.37
4:38,102283.94,30.01,17.52,102344.35,16.53,71.85,-1297033.12,5.64
4:39,102291.51,30.06,17.51,102345.38,16.56,71.44,-1298484.75,5.42
4:40,102283.05,29.98,17.50,102344.52,16.22,72.75,-1298949.12,4.23
4:41,102283.89,29.90,17.55,102335.96,16.22,72.78,-1299581.12,5.74
4:42,102280.32,29.91,17.45,102340.74,16.38,72.20,-1300287.75,4.94
4:43,102285.72,29.93,17.43,102341.57,16.64,70.33,-1301347.25,5.39
4:44,102289.56,29.92,17.60,102337.25,16.34,72.96,-1302260.37,4.64
4:45,102287.30,29.95,17.63,102336.38,16.15,73.92,-1302893.75,5.44
4:46,102270.31,30.02,17.56,102336.41,16.24,73.02,-1303692.75,5.62
4:47,102284.02,30.07,17.51,102334.50,16.22,73.11,-1303980.75,5.59
4:48,102276.99,30.05,17.52,102335.39,16.30,73.25,-1305022.75,4.45
4:49,102278.05,29.99,17.64,102331.39,15.95,74.31,-1305775.37,4.29
4:50,102275.13,29.99,17.68,102326.07,15.87,75.55,-1306168.12,5.45
4:51,102265.57,30.03,17.63,102325.25,15.98,74.74,-1306491.25,5.48
4:52,102275.21,30.04,17.71,102324.42,16.04,74.42,-1307552.62,5.48
4:53,102268.93,30.06,17.64,102316.07,15.96,75.04,-1308162.50,4.86
4:54,102259.99,30.06,17.65,102316.01,15.98,74.83,-1308747.87,4.53
4:55,102249.38,30.03,17.68,102316.47,15.96,74.44,-1309010.87,5.24
4:56,102255.57,30.01,17.63,102313.21,15.94,75.13,-1310002.75,4.99
4:57,102257.24,29.99,17.66,102312.21,15.75,75.53,-1310301.87,5.33
4:58,102256.63,29.95,17.58,102311.86,15.84,74.79,-1310946.25,4.90
4:59,102261.66,29.90,17.60,102316.09,16.18,73.21,-1311799.75,5.85
5:0,102273.92,29.90,17.66,102310.86,16.27,73.50,-1312905.75,5.06
5:1,102249.44,29.94,17.62,102312.42,16.16,73.83,-1313557.00,5.68
5:2,102245.13,29.95,17.69,102306.08,16.11,73.86,-1314470.50,4.89
5:3,102246.19,30.00,17.63,102306.95,16.08,73.62,-1315089.12,5.69
5:4,102242.53,30.02,17.65,102302.25,15.99,74.71,-1315283.12,4.38
5:5,102245.00,30.01,17.65,102304.28,15.87,75.51,-1316305.87,4.83
5:6,102245.89,29.96,17.70,102301.26,15.86,75.64,-1316430.12,4.05
5:7,102243.64,29.93,17.69,102301.61,15.55,77.49,-1316614.12,4.52
5:8,102241.05,29.90,17.64,102297.87,15.60,76.40,-1317419.50,4.77
5:9,102237.85,29.85,17.61,102298.38,15.98,74.21,-1318826.37,4.23
5:10,102258.42,29.81,17.74,102298.97,16.11,73.95,-1319361.00,5.56
5:11,102237.30,29.82,17.71,102293.05,15.96,74.71,-1320297.25,5.83
5:12,102245.26,29.85,17.65,102295.34,15.99,73.61,-1320832.62,5.75
5:13,102243.57,29.80,17.61,102300.00,16.33,72.41,-1321572.00,4.32
5:14,102249.10,29.77,17.73,102298.00,16.08,74.08,-1322343.87,3.73
5:15,102258.33,29.74,17.76,102299.14,15.93,74.49,-1323033.37,5.44
5:16,102257.78,29.77,17.69,102301.19,15.81,75.03,-1323914.00,4.78
5:17,102249.65,29.76,17.62,102307.33,15.75,75.29,-1323803.25,5.10
5:18,102256.11,29.68,17.69,102300.27,15.92,74.70,-1324508.87,4.97
5:19,102244.19,29.59,17.59,102298.29,15.74,74.65,-1325536.50,5.67
5:20,102245.89,29.59,17.75,102297.68,15.92,74.34,-1326900.87,5.60
5:21,102243.17,29.60,17.88,102298.89,15.73,75.27,-1327010.50,4.85
5:22,102247.21,29.69,17.66,102300.57,16.06,72.85,-1327670.00,5.05
5:23,102241.13,29.75,17.75,102295.19,16.02,74.81,-1328703.12,4.98
5:24,102229.46,29.83,17.71,102294.61,16.02,74.33,-1328928.62,5.12
5:25,102237.42,29.87,17.68,102289.75,15.86,75.33,-1329664.12,4.17
5:26,102223.75,29.88,17.61,102291.50,15.97,74.92,-1330329.37,4.23
5:27,102235.38,29.85,17.82,102290.18,15.79,76.04,-1331180.12,5.72
5:28,102238.66,29.84,17.72,102290.42,15.71,75.71,-1331517.62,5.09
5:29,102235.16,29.88,17.76,102294.17,15.88,75.06,-1332064.75,4.70
5:30,102237.00,29.92,17.66,102293.14,15.81,75.81,-1332823.75,5.03
5:31,102234.57,29.90,17.75,102292.77,15.69,76.50,-1333481.62,5.66
5:32,102242.75,29.84,17.57,102296.51,15.80,75.18,-1333966.87,4.71
5:33,102250.58,29.73,17.64,102296.63,16.24,71.89,-1334792.37,3.90
5:34,102239.42,29.75,17.70,102301.32,16.22,73.32,-1335484.75,4.44
5:35,102246.33,29.82,17.69,102299.83,15.97,74.69,-1336466.62,4.93
5:36,102247.69,29.81,17.71,102298.78,15.72,76.05,-1337367.62,4.73
5:37,102236.32,29.85,17.73,102298.91,16.05,73.93,-1337829.25,5.64
5:38,102250.21,29.87,17.66,102294.67,16.15,73.90,-1338506.75,5.48
5:39,102240.67,29.80,17.74,102290.85,15.96,74.96,-1339556.75,5.01
5:40,102239.30,29.80,17.67,102294.16,15.95,74.25,-1340126.25,4.31
5:41,102242.75,29.82,17.67,102300.89,16.04,74.09,-1340935.75,4.53
5:42,102236.49,29.87,17.65,102297.92,16.09,73.88,-1341603.50,5.72
5:43,102255.87,29.83,17.73,102299.00,16.24,73.51,-1341405.50,4.83
5:44,102242.25,29.84,17.68,102296.36,15.96,74.80,-1343238.75,5.12
5:45,102251.74,29.85,17.77,102300.14,15.99,74.83,-1343717.00,5.56
5:46,102247.09,29.88,17.75,102298.98,15.93,75.68,-1344646.75,5.63
5:47,102248.50,29.92,17.78,102297.47,15.81,76.46,-1345623.25,5.63
5:48,102251.14,29.94,17.71,102297.52,15.88,75.50,-1345820.12,5.30
5:49,102249.94,29.93,17.70,102301.46,15.94,75.16,-1346695.50,4.33
5:50,102238.49,29.97,17.61,102298.32,16.08,74.51,-1347138.25,4.98
5:51,102238.61,29.94,17.72,102297.61,15.91,75.56,-1348038.37,4.94
5:52,102242.02,29.93,17.69,102293.28,15.87,76.16,-1348487.75,5.68
5:53,102232.78,29.89,17.65,102299.00,16.13,74.27,-1348807.25,5.74
5:54,102243.25,29.88,17.66,102304.94,16.33,72.86,-1349528.50,4.75
5:55,102249.57,29.83,17.65,102299.88,16.19,73.46,-1350320.50,5.07
5:56,102253.82,29.76,17.62,102303.02,16.23,72.06,-1350859.25,4.76
5:57,102244.36,29.75,17.67,102301.99,16.49,69.98,-1351409.37,5.05
5:58,102241.09,29.79,17.72,102303.58,16.37,72.71,-1352382.00,3.90
5:59,102251.52,29.83,17.82,102303.75,16.44,72.07,-1351515.12,4.04
6:0,102246.07,29.90,17.73,102308.50,16.18,74.15,-1353296.25,3.83
6:1,102247.56,29.93,17.66,102307.67,16.41,71.88,-1353296.37,5.65
6:2,102257.31,29.96,17.60,102308.92,16.43,71.79,-1354521.37,5.45
6:3,102252.12,29.99,17.55,102311.19,16.10,74.32,-1355479.75,4.97
6:4,102244.36,29.97,17.57,102311.86,15.84,75.58,-1355731.37,5.16
6:5,102246.80,29.94,17.64,102307.41,15.68,77.00,-1356587.37,5.03
6:6,102247.09,29.97,17.61,102310.38,15.75,76.41,-1357449.12,5.50
6:7,102249.60,30.00,17.54,102306.68,15.95,75.53,-1357707.12,4.99
6:8,102250.58,29.98,17.62,102306.53,15.98,74.97,-1358700.87,4.96
6:9,102255.32,30.02,17.58,102312.99,16.21,73.50,-1359480.87,4.29
6:10,102253.13,30.03,17.63,102307.39,16.05,75.10,-1360900.00,4.82
6:11,102257.86,30.09,17.58,102309.44,16.02,74.92,-1361291.75,4.36
6:12,102251.08,30.12,17.54,102312.17,15.96,75.88,-1361866.62,5.05
6:13,102251.68,30.13,17.61,102309.45,15.90,76.31,-1362423.87,5.39
6:14,102255.46,30.14,17.54,102306.61,15.95,76.01,-1363245.75,4.81
6:15,102250.85,30.17,17.51,102303.72,15.97,75.98,-1363548.75,4.77
6:16,102244.37,30.18,17.51,102304.67,15.99,76.24,-1364912.25,5.16
6:17,102264.16,30.15,17.47,102301.97,16.08,75.35,-1365297.87,4.83
6:18,102243.58,30.11,17.45,102305.37,16.37,73.76,-1366041.25,5.43
6:19,102245.54,30.12,17.55,102308.64,16.18,74.35,-1367278.25,4.06
6:20,102242.94,30.14,17.52,102304.05,16.25,74.24,-1367828.62,4.29
6:21,102245.39,30.19,17.46,102306.30,16.22,74.26,-1368564.25,5.55
6:22,102240.91,30.25,17.44,102306.42,16.25,74.23,-1369450.25,4.29
6:23,102243.28,30.29,17.48,102306.63,16.21,75.01,-1370294.75,5.62
6:24,102241.07,30.31,17.44,102307.32,16.24,74.94,-1371278.75,4.89
6:25,102236.75,30.35,17.41,102306.22,16.20,74.88,-1371680.75,5.61
6:26,102246.34,30.37,17.48,102307.94,16.10,75.60,-1372610.75,5.74
6:27,102247.92,30.33,17.32,102306.61,16.42,72.47,-1372713.75,5.39
6:28,102250.92,30.28,17.41,102307.82,16.38,74.25,-1374238.25,5.50
6:29,102245.55,30.27,17.49,102308.63,16.28,74.68,-1374663.12,3.94
6:30,102245.13,30.25,17.52,102305.25,16.13,75.14,-1375317.62,5.14
6:31,102241.80,30.28,17.44,102309.72,16.18,75.05,-1375844.87,4.49
6:32,102246.41,30.27,17.50,102308.89,16.31,74.67,-1376526.87,3.95
6:33,102244.05,30.29,17.46,102302.85,16.28,74.58,-1377268.75,4.85
6:34,102243.71,30.29,17.49,102303.86,16.03,76.21,-1378204.75,5.45
6:35,102236.00,30.28,17.50,102302.25,15.87,77.39,-1378679.00,5.77
6:36,102239.11,30.31,17.47,102300.28,16.05,76.17,-1379595.75,4.29
6:37,102241.92,30.32,17.37,102305.14,16.20,74.97,-1380474.25,4.24
6:38,102238.51,30.29,17.46,102298.68,16.39,74.47,-1381576.37,5.37
6:39,102239.50,30.27,17.39,102298.03,16.46,74.05,-1382411.62,5.22
6:40,102235.96,30.29,17.44,102295.25,16.58,72.91,-1383411.12,5.23
6:41,102233.06,30.32,17.51,102294.59,16.53,73.74,-1383970.75,4.84
6:42,102227.81,30.35,17.52,102292.23,16.30,75.30,-1384644.37,4.44
6:43,102236.42,30.45,17.56,102289.32,16.25,75.76,-1385450.75,5.37
6:44,102222.39,30.49,17.46,102289.42,16.36,74.87,-1386167.12,4.78
6:45,102223.61,30.54,17.40,102290.50,16.50,74.55,-1386366.00,5.25
6:46,102221.71,30.59,17.39,102288.83,16.34,75.63,-1387225.37,5.65
6:47,102230.92,30.59,17.44,102289.89,16.25,76.41,-1388391.25,4.73
6:48,102230.75,30.59,17.53,102295.55,16.05,78.00,-1389233.00,4.37
6:49,102232.46,30.62,17.50,102295.08,16.01,78.15,-1389917.37,4.90
6:50,102230.78,30.63,17.38,102292.08,16.29,76.67,-1390757.37,4.44
6:51,102227.63,30.64,17.36,102290.00,16.51,74.63,-1391621.25,4.93
6:52,102223.96,30.63,17.38,102284.17,16.65,74.44,-1391845.00,5.45
6:53,102229.19,30.67,17.41,102282.30,16.79,74.11,-1393192.12,5.47
6:54,102225.44,30.74,17.31,102285.19,16.72,74.29,-1394104.25,4.38
6:55,102220.78,30.79,17.46,102286.07,16.69,75.13,-1394866.00,5.59
6:56,102227.25,30.89,17.28,102292.44,16.57,75.84,-1395429.87,4.45
6:57,102233.50,30.94,17.26,102296.13,16.43,76.61,-1396138.00,4.78
6:58,102226.53,30.97,17.27,102292.67,16.49,76.22,-1396654.50,5.16
6:59,102226.78,30.99,17.10,102288.44,16.79,74.57,-1397919.25,5.59
7:0,102220.16,31.00,17.07,102288.97,17.22,71.03,-1398547.25,4.69
7:1,102225.98,31.04,17.19,102285.00,17.08,72.80,-1400014.00,4.36
7:2,102226.77,31.08,17.18,102285.86,16.99,73.58,-1400535.25,5.44
7:3,102227.71,31.10,17.17,102283.72,17.12,72.36,-1400976.87,5.74
7:4,102221.78,31.15,17.18,102281.74,16.93,74.73,-1401236.75,5.14
7:5,102223.33,31.21,17.14,102289.75,16.95,74.14,-1402102.62,5.45
7:6,102230.86,31.23,17.22,102286.02,16.77,75.61,-1402410.75,4.31
7:7,102229.77,31.27,17.07,102286.67,16.97,74.08,-1403475.25,5.37
7:8,102216.42,31.31,17.20,102287.83,16.89,75.27,-1404978.62,4.86
7:9,102227.61,31.36,16.96,102289.32,17.23,71.57,-1405790.12,5.86
7:10,102228.47,31.34,16.96,102289.46,17.53,70.93,-1406880.75,4.93
7:11,102236.66,31.37,17.00,102291.42,17.54,71.04,-1407582.25,5.32
7:12,102240.30,31.41,17.05,102294.14,17.73,70.27,-1407899.37,4.90
7:13,102244.66,31.46,17.05,102296.17,17.89,69.24,-1408933.62,4.25
7:14,102246.72,31.45,16.95,102292.32,17.78,68.98,-1410166.50,5.23
7:15,102240.74,31.45,17.02,102300.25,17.77,69.82,-1410515.37,3.82
7:16,102240.58,31.50,16.93,102292.71,17.93,68.49,-1411274.00,5.47
7:17,102248.21,31.52,16.98,102289.35,17.74,71.03,-1411888.75,5.72
7:18,102240.88,31.61,17.02,102296.90,17.38,73.35,-1411714.00,3.91
7:19,102246.78,31.65,16.93,102294.57,17.41,72.15,-1413329.87,4.48
7:20,102244.47,31.66,16.82,102295.77,17.64,71.47,-1414023.25,4.42
7:21,102241.15,31.65,16.97,102300.57,17.43,73.24,-1414698.37,4.20
7:22,102241.39,31.62,16.87,102298.82,17.50,71.57,-1415336.25,4.65
7:23,102243.80,31.63,16.75,102297.36,17.93,68.92,-1416315.50,4.41
7:24,102244.28,31.63,16.80,102299.60,17.81,69.90,-1416422.25,4.78
7:25,102251.82,31.62,16.54,102293.07,18.02,66.41,-1417702.50,5.58
7:26,102239.63,31.51,16.59,102298.24,18.18,65.78,-1418370.50,5.26
7:27,102234.11,31.52,16.75,102298.03,18.00,68.12,-1419093.12,3.99
7:28,102240.64,31.64,16.66,102294.60,18.21,65.96,-1419560.75,4.20
7:29,102226.28,31.67,16.67,102294.57,18.37,65.35,-1420768.50,4.26
7:30,102243.57,31.67,16.62,102297.02,18.21,65.87,-1420964.87,5.20
7:31,102255.14,31.62,16.60,102294.03,18.18,66.31,-1421593.75,5.07
7:32,102242.64,31.71,16.78,102298.67,18.04,68.11,-1421866.00,4.50
7:33,102242.47,31.75,16.59,102301.18,18.25,66.32,-1423312.12,5.71
7:34,102253.66,31.71,16.57,102299.60,18.37,65.23,-1424470.75,5.16
7:35,102243.54,31.65,16.43,102297.00,18.50,63.40,-1424888.75,4.85
7:36,102244.03,31.57,16.53,102300.50,18.63,63.44,-1425904.00,4.75
7:37,102251.67,31.68,16.69,102293.16,18.39,66.04,-1426641.12,4.45
7:38,102243.24,31.81,16.71,102292.16,18.22,67.72,-1426828.00,4.68
7:39,102241.59,31.88,16.60,102293.16,18.30,66.77,-1427243.62,4.80
7:40,102230.22,31.93,16.64,102292.71,18.21,67.52,-1428271.87,4.74
7:41,102236.57,31.95,16.57,102294.58,18.33,67.05,-1429082.00,5.15
7:42,102240.39,31.93,16.45,102292.16,18.35,66.18,-1429349.50,5.48
7:43,102247.26,31.93,16.43,102293.46,18.47,64.77,-1430755.75,4.07
7:44,102247.32,31.87,16.60,102293.93,18.55,66.14,-1431247.25,4.46
7:45,102238.54,32.03,16.67,102291.94,18.40,67.34,-1431918.12,4.78
7:46,102240.11,32.08,16.56,102291.28,18.45,65.84,-1432298.75,4.71
7:47,102233.88,32.13,16.65,102291.00,18.37,67.52,-1433246.00,5.22
7:48,102228.32,32.18,16.41,102290.65,18.39,67.00,-1432635.25,5.25
7:49,102228.40,32.13,16.47,102288.07,18.38,66.89,-1433688.37,5.39
7:50,102227.45,32.19,16.43,102287.07,18.44,65.98,-1434760.75,5.74
7:51,102226.00,32.18,16.50,102283.08,18.39,66.92,-1435267.25,5.74
7:52,102228.99,32.19,16.38,102284.39,18.61,65.16,-1436279.75,5.36
7:53,102225.84,32.12,16.25,102286.46,18.70,64.07,-1436850.25,5.04
7:54,102228.91,32.05,16.37,102278.72,18.76,63.87,-1437655.25,4.38
7:55,102218.30,32.02,16.24,102274.20,18.97,62.45,-1438590.25,4.99
7:56,102218.03,32.04,16.35,102280.08,18.83,64.16,-1439406.25,3.89
7:57,102219.67,32.14,16.39,102273.75,19.14,63.05,-1439265.25,5.88
7:58,102219.09,32.28,16.54,102276.60,18.87,64.80,-1440333.87,5.19
7:59,102213.71,32.28,16.17,102272.21,19.07,61.44,-1441949.62,5.25
8:0,102216.50,32.03,16.00,102271.78,19.53,57.32,-1442248.50,4.78
8:1,102234.36,31.85,16.11,102272.37,19.68,57.05,-1443257.12,4.36
8:2,102215.38,31.94,16.27,102273.54,19.58,58.64,-1442803.87,4.92
8:3,102217.61,32.06,16.25,102272.73,19.45,59.63,-1444053.00,5.79
8:4,102218.13,32.15,16.11,102275.58,19.67,57.73,-1444824.00,4.83
8:5,102219.32,32.15,16.03,102274.84,19.89,57.03,-1446154.12,4.91
8:6,102220.35,32.11,16.04,102278.94,19.83,57.28,-1446490.00,5.51
8:7,102227.56,32.16,16.00,102279.07,19.84,56.90,-1446972.00,4.95
8:8,102224.73,32.17,16.07,102277.89,19.74,56.81,-1447559.87,4.36
8:9,102225.08,32.28,16.36,102279.42,19.56,61.61,-1447786.00,3.95
8:10,102221.10,32.61,16.31,102275.88,19.42,62.55,-1448243.25,3.87
8:11,102230.39,32.80,16.26,102276.74,19.36,62.78,-1448633.87,4.43
8:12,102228.50,32.84,16.06,102278.99,19.50,62.21,-1449139.87,5.20
8:13,102229.71,32.77,16.06,102279.26,19.54,60.73,-1450301.25,5.30
8:14,102226.47,32.69,15.89,102277.28,19.64,58.82,-1450814.25,5.06
8:15,102233.67,32.47,15.74,102278.96,20.06,55.36,-1451948.25,5.21
8:16,102222.43,32.23,15.74,102276.02,20.10,54.61,-1452937.00,5.85
8:17,102213.10,32.21,15.85,102271.06,20.03,55.26,-1453343.62,4.97
8:18,102214.05,32.31,15.87,102269.50,20.09,56.14,-1453956.75,5.27
8:19,102212.44,32.49,16.01,102271.42,20.17,56.17,-1454837.00,5.25
8:20,102205.96,32.54,15.86,102264.49,20.06,57.45,-1455971.50,5.59
8:21,102207.83,32.55,15.85,102267.50,19.71,59.30,-1456181.12,5.03
8:22,102204.39,32.56,16.07,102264.84,19.76,60.47,-1456581.75,5.23
8:23,102209.34,32.87,16.22,102265.46,19.59,63.27,-1457052.25,4.50
8:24,102205.12,33.09,15.93,102266.03,19.69,61.32,-1458427.75,4.59
8:25,102211.20,33.09,15.75,102269.52,19.90,59.01,-1458277.25,3.87
8:26,102218.66,32.87,15.70,102271.32,19.94,57.93,-1458820.25,5.28
8:27,102216.71,32.73,15.75,102273.01,19.98,57.52,-1459880.25,4.01
8:28,102220.49,32.72,16.05,102271.61,20.12,60.17,-1460948.87,4.69
8:29,102219.96,32.98,16.12,102277.08,19.81,60.92,-1460970.50,5.12
8:30,102214.68,33.16,16.06,102278.56,19.84,61.95,-1461673.25,4.58
8:31,102226.46,33.49,16.11,102275.92,19.89,62.63,-1462585.75,5.26
8:32,102224.64,33.56,15.75,102275.25,19.96,61.17,-1462795.00,5.21
8:33,102220.58,33.42,15.54,102279.99,20.23,58.75,-1463565.00,5.12
8:34,102214.21,33.42,15.80,102275.02,20.15,60.02,-1464451.00,4.19
8:35,102224.87,33.46,15.42,102275.00,20.39,55.64,-1464870.12,4.56
8:36,102219.55,33.18,15.17,102273.86,20.71,52.70,-1465928.62,4.14
8:37,102218.40,32.85,15.25,102274.70,20.50,52.41,-1466227.87,4.29
8:38,102221.61,32.50,15.07,102274.03,20.56,49.63,-1466557.75,5.44
8:39,102216.35,32.05,15.58,102268.75,19.94,52.85,-1467195.25,4.29
8:40,102212.11,31.87,15.86,102272.57,19.65,54.94,-1467358.00,4.33
8:41,102212.04,31.99,15.94,102270.67,19.67,55.33,-1468184.12,4.83
8:42,102218.39,32.26,16.01,102275.37,20.21,56.03,-1468605.62,5.47
8:43,102221.16,32.63,15.88,102279.67,20.49,53.80,-1467111.12,5.57
8:44,102222.46,32.61,15.45,102280.96,20.43,52.01,-1465601.00,5.10
8:45,102220.47,32.39,15.38,102283.88,20.63,49.47,-1466708.50,4.69
8:46,102222.00,32.24,15.49,102282.68,20.69,49.85,-1467682.50,5.36
8:47,102225.42,32.29,15.43,102284.38,20.90,48.73,-1468222.25,4.58
8:48,102226.79,32.28,15.56,102290.05,20.68,50.60,-1469115.25,4.11
8:49,102225.26,32.34,15.48,102285.13,20.90,48.57,-1470154.12,5.12
8:50,102223.81,32.31,15.35,102284.97,20.94,47.83,-1470557.12,4.64
8:51,102224.82,32.20,15.40,102285.00,21.02,48.39,-1471379.25,4.87
8:52,102229.17,32.22,15.42,102285.96,21.14,47.92,-1471469.12,5.02
8:53,102224.32,32.23,15.39,102287.18,21.21,47.00,-1472875.25,5.23
8:54,102222.58,32.14,15.14,102288.04,21.41,44.56,-1473114.87,4.43
8:55,102225.46,31.96,15.28,102286.28,21.31,45.17,-1473467.50,4.50
8:56,102233.27,32.04,15.60,102285.33,21.30,47.53,-1473613.75,5.80
8:57,102231.85,32.38,15.34,102291.78,20.99,46.65,-1473729.87,4.35
8:58,102236.10,32.26,15.34,102296.38,20.80,48.33,-1474489.87,5.74
8:59,102231.91,32.08,15.35,102296.07,20.94,46.88,-1475324.50,5.39
9:0,102244.03,32.18,15.56,102293.60,21.04,48.81,-1475726.75,3.81
9:1,102232.87,32.35,15.56,102294.12,20.70,48.47,-1475660.75,5.27
9:2,102228.24,32.33,15.37,102293.10,21.04,48.24,-1476747.50,4.25
9:3,102231.01,32.51,15.68,102295.44,21.00,50.59,-1476852.37,5.51
9:4,102232.02,32.74,15.58,102293.23,21.13,49.38,-1477087.25,4.95
9:5,102243.73,32.85,15.42,102292.41,21.30,48.88,-1477656.87,5.42
9:6,102246.30,32.87,15.61,102297.41,21.37,49.79,-1478263.25,5.85
9:7,102249.02,33.08,15.35,102297.21,21.24,50.00,-1478895.00,4.83
9:8,102240.18,33.15,15.42,102296.66,21.37,50.83,-1473268.50,4.87
9:9,102250.61,33.22,15.51,102297.85,21.13,51.92,-1460365.25,5.14
9:10,102249.89,33.31,15.29,102302.99,21.28,50.57,-1460148.75,5.10
9:11,102241.98,33.18,15.11,102301.15,21.49,48.92,-1461020.25,3.85
9:12,102254.03,33.25,15.38,102298.42,21.51,49.59,-1461040.75,5.27
9:13,102241.99,33.20,15.16,102296.19,21.32,49.12,-1460799.62,4.39
9:14,102243.71,33.09,15.33,102291.55,21.37,49.27,-1461230.00,4.89
9:15,102244.91,33.11,15.28,102292.36,21.46,48.41,-1461313.00,4.89
9:16,102236.17,33.11,15.21,102295.67,21.57,48.10,-1461245.25,5.39
9:17,102243.41,33.01,15.17,102291.17,21.75,46.48,-1461192.87,4.76
9:18,102242.89,32.96,15.21,102297.51,21.66,47.39,-1460871.25,4.09
9:19,102238.42,32.96,15.28,102293.89,21.50,48.45,-1460514.25,4.91
9:20,102240.50,33.01,15.34,102300.62,21.50,49.20,-1460233.75,4.51
9:21,102243.80,33.10,15.29,102295.17,21.56,48.03,-1460470.25,5.50
9:22,102247.82,33.09,15.27,102297.45,21.65,48.09,-1459676.25,4.89
9:23,102240.80,33.04,15.23,102294.02,21.53,48.54,-1459389.00,5.77
9:24,102246.46,33.03,15.29,102294.92,21.63,47.54,-1458921.37,4.58
9:25,102240.57,33.02,15.23,102300.67,21.62,47.74,-1458576.75,5.81
9:26,102240.58,32.99,15.16,102295.71,21.69,46.43,-1458478.75,5.10
9:27,102237.14,32.97,15.33,102294.03,21.75,47.35,-1457737.62,5.37
9:28,102249.91,33.01,15.43,102294.14,21.73,48.34,-1456831.87,5.86
9:29,102242.85,33.14,15.44,102304.67,21.62,49.31,-1455779.00,5.83
9:30,102251.49,33.11,15.31,102302.57,21.70,48.31,-1455632.25,4.69
9:31,102239.99,33.23,15.68,102305.85,21.58,50.70,-1455475.62,4.49
9:32,102239.38,33.56,15.46,102298.65,21.54,50.19,-1451074.62,6.00
9:33,102246.92,33.46,15.39,102300.55,21.55,50.73,-1444178.25,5.07
9:34,102254.82,33.54,15.19,102303.07,21.57,49.13,-1439764.75,4.64
9:35,102243.85,33.44,15.44,102301.43,21.63,51.09,-1447060.25,5.64
9:36,102242.42,33.63,15.40,102305.10,21.41,51.86,-1445039.12,4.74
9:37,102238.42,33.59,15.05,102303.67,21.52,49.01,-1442854.75,4.36
9:38,102233.93,33.43,15.12,102299.19,21.52,48.91,-1445504.62,4.78
9:39,102241.70,33.28,15.04,102299.92,21.64,48.27,-1448314.12,5.78
9:40,102232.61,33.29,15.14,102294.69,21.64,47.74,-1464101.25,4.96
9:41,102236.21,33.23,15.08,102286.69,21.67,47.28,-1475915.25,4.64
9:42,102236.24,33.12,15.12,102291.99,21.42,46.66,-1477566.75,4.16
9:43,102244.05,33.17,15.31,102293.64,21.55,49.72,-1478140.75,5.58
9:44,102234.33,33.31,15.47,102294.27,21.66,50.03,-1478899.37,5.49
9:45,102232.98,33.49,15.20,102289.75,21.90,47.75,-1479753.87,4.51
9:46,102238.75,33.47,15.00,102290.86,22.04,46.61,-1459058.75,5.76
9:47,102233.42,33.40,14.86,102290.97,22.20,44.79,-1432882.75,5.31
9:48,102234.99,33.36,15.01,102294.00,22.17,45.32,-1455099.87,5.37
9:49,102231.00,33.45,15.00,102287.94,22.43,44.54,-1462603.37,5.16
9:50,102226.92,33.47,15.02,102286.86,22.31,45.91,-1466209.25,6.03
9:51,102234.42,33.55,14.80,102288.96,22.31,44.25,-1468648.00,4.45
9:52,102239.40,33.41,14.86,102289.28,22.33,44.76,-1468703.50,4.64
9:53,102229.85,33.47,14.86,102286.38,22.42,43.81,-1468909.25,3.88
9:54,102238.11,33.44,14.76,102286.03,22.47,43.38,-1470482.12,5.77
9:55,102230.66,33.50,14.85,102286.03,22.47,44.01,-1471546.37,4.98
9:56,102229.02,33.31,14.86,102283.96,22.43,44.05,-1472745.87,5.47
9:57,102235.63,33.42,14.97,102286.87,22.46,44.29,-1473392.12,5.00
9:58,102228.89,33.60,15.04,102282.21,22.44,45.55,-1473953.00,5.75
9:59,102231.67,33.71,14.93,102284.80,22.37,46.37,-1474503.00,5.85
10:0,102234.07,33.86,14.85,102282.36,22.43,45.70,-1475635.62,5.73
10:1,102232.54,33.68,14.81,102281.64,22.33,45.13,-1476139.00,5.88
10:2,102232.19,33.71,14.74,102285.32,22.62,43.85,-1476902.25,5.49
10:3,102229.49,33.64,14.76,102287.40,22.67,43.00,-1477084.75,4.95
10:4,102233.67,33.67,14.72,102282.02,22.66,42.51,-1477564.87,5.63
10:5,102228.94,33.55,14.68,102281.32,22.47,42.71,-1477535.25,5.30
10:6,102230.88,33.33,15.06,102283.58,22.21,44.92,-1478070.25,5.94
10:7,102227.42,33.66,14.97,102281.92,22.29,44.58,-1478853.37,4.43
10:8,102222.05,33.77,14.98,102280.46,22.28,45.82,-1501071.62,5.73
10:9,102232.64,33.70,14.86,102284.05,22.17,46.31,-1501548.25,5.34
10:10,102222.75,33.74,14.59,102281.85,22.29,43.82,-1501111.25,4.73
10:11,102229.87,33.46,14.89,102277.35,22.34,43.47,-1501715.62,4.70
10:12,102228.14,33.32,14.80,102277.21,22.22,43.86,-1502468.75,5.15
10:13,102218.50,33.51,14.84,102274.57,22.69,42.85,-1503283.75,4.74
10:14,102224.64,33.73,15.06,102274.36,22.41,46.47,-1503409.12,5.36
10:15,102208.46,34.13,15.00,102273.28,22.68,45.22,-1504471.62,4.74
10:16,102209.14,34.24,14.83,102271.64,22.87,43.24,-1504419.75,5.70
10:17,102219.35,34.13,14.92,102267.41,22.59,46.19,-1504750.75,5.42
10:18,102214.25,34.30,15.01,102265.89,22.54,47.52,-1505496.75,4.83
10:19,102202.58,34.53,14.81,102271.80,22.85,45.23,-1505944.75,5.11
10:20,102206.35,34.55,14.55,102268.17,22.82,44.34,-1505756.87,4.67
10:21,102218.16,34.34,14.60,102272.99,22.53,45.50,-1506768.75,4.49
10:22,102211.55,34.43,14.51,102274.49,22.74,43.88,-1506954.12,4.69
10:23,102216.85,34.38,14.51,102272.67,23.02,43.07,-1492754.37,4.63
10:24,102216.99,34.41,14.71,102273.02,23.02,45.12,-1493659.25,4.42
10:25,102209.34,34.64,14.64,102271.24,23.11,44.13,-1483794.75,6.00
10:26,102213.75,34.60,14.42,102270.10,23.08,42.86,-1497441.75,4.52
10:27,102222.07,34.38,14.43,102270.88,23.20,41.34,-1497273.75,5.69
10:28,102209.77,34.20,14.32,102270.99,23.21,40.23,-1499833.12,4.80
10:29,102206.98,34.05,14.57,102271.66,23.05,42.26,-1500072.00,5.47
10:30,102213.55,34.11,14.40,102274.29,22.76,42.16,-1501133.75,5.28
10:31,102211.88,33.73,14.16,102268.57,22.69,40.83,-1501136.12,5.52
10:32,102223.64,33.52,14.56,102268.66,22.83,40.76,-1502675.37,4.37
10:33,102223.85,33.79,14.71,102268.89,22.94,42.60,-1503711.75,5.96
10:34,102209.61,34.11,14.58,102260.28,23.14,41.60,-1504090.25,4.42
10:35,102211.58,34.08,14.53,102261.31,23.34,40.89,-1504966.25,5.86
10:36,102202.92,34.10,14.42,102260.88,23.48,40.45,-1504590.12,4.46
10:37,102206.35,34.10,14.76,102263.15,22.92,43.43,-1504443.50,5.33
10:38,102211.16,34.39,14.76,102267.10,22.86,45.20,-1505258.37,5.61
10:39,102210.24,34.37,14.28,102267.80,22.83,41.49,-1506187.00,5.23
10:40,102216.67,34.27,14.51,102263.29,23.07,42.75,-1506430.87,4.43
10:41,102208.56,34.23,14.32,102266.83,22.97,42.40,-1507279.50,4.84
10:42,102210.00,34.14,14.39,102265.49,23.08,40.95,-1508033.87,5.13
10:43,102208.00,34.05,14.32,102265.32,23.29,40.40,-1507827.62,5.64
10:44,102201.28,34.00,14.41,102265.74,23.17,41.09,-1508528.12,4.63
10:45,102221.80,34.07,14.38,102264.50,22.90,41.71,-1508365.62,4.78
10:46,102216.10,34.25,14.67,102266.32,23.44,41.83,-1508255.62,4.24
10:47,102206.02,34.63,14.24,102263.95,23.80,39.40,-1481655.50,3.91
10:48,102211.25,34.30,14.09,102265.49,23.47,39.38,-1481936.87,5.54
10:49,102204.36,34.09,14.26,102267.87,23.50,40.15,-1482593.25,5.25
10:50,102215.42,34.32,14.62,102269.60,23.23,43.37,-1483126.50,4.90
10:51,102213.77,34.59,14.57,102268.21,23.28,43.43,-1483018.25,5.52
10:52,102214.85,34.87,14.32,102273.64,23.54,41.81,-1482342.75,4.01
10:53,102229.37,34.48,14.06,102280.49,22.99,40.81,-1483614.25,5.85
10:54,102218.96,34.21,14.11,102277.55,23.00,40.32,-1484135.75,4.72
10:55,102226.61,34.04,14.24,102283.97,23.05,41.53,-1485317.00,4.59
10:56,102221.00,34.14,14.41,102279.60,23.27,40.96,-1485173.25,5.22
10:57,102231.89,34.11,14.26,102278.78,23.40,39.88,-1485799.00,4.05
10:58,102225.88,34.00,14.33,102280.75,23.27,39.71,-1484974.25,5.79
10:59,102229.41,33.99,14.20,102279.00,23.26,39.35,-1486061.37,5.25
11:0,102221.13,33.88,14.41,102278.38,23.49,39.78,-1486474.37,4.34
11:1,102222.53,34.14,14.43,102280.71,23.87,39.00,-1486994.62,5.92
11:2,102229.80,34.50,14.58,102286.78,24.07,41.08,-1503499.75,5.35
11:3,102226.27,34.89,14.34,102282.43,23.96,40.79,-1513137.87,5.48
11:4,102225.94,34.70,14.13,102283.77,23.68,40.14,-1513551.12,3.92
11:5,102220.72,34.57,14.21,102286.02,23.82,39.46,-1513904.50,3.93
11:6,102232.97,34.52,14.44,102283.84,23.70,41.47,-1512581.25,5.28
11:7,102220.77,34.72,14.37,102282.64,23.93,40.14,-1461561.75,5.05
11:8,102224.98,34.89,14.49,102284.14,23.98,42.47,-1450633.87,4.67
11:9,102226.36,34.88,14.16,102281.46,24.04,39.57,-1464663.87,4.46
11:10,102222.16,34.62,14.20,102278.92,23.56,41.34,-1465321.25,5.30
11:11,102229.46,34.46,14.24,102283.14,23.38,41.40,-1474608.25,5.27
11:12,102226.82,34.36,14.34,102285.07,23.58,41.03,-1471325.37,4.18
11:13,102218.39,34.51,14.36,102284.36,23.78,40.92,-1474176.25,4.65
11:14,102230.41,34.60,14.28,102285.75,24.05,40.00,-1472067.25,4.29
11:15,102227.08,34.67,14.30,102285.82,24.24,39.95,-1483287.00,4.85
11:16,102220.71,34.60,14.43,102282.25,24.02,40.43,-1485752.25,5.21
11:17,102228.27,34.78,14.49,102282.41,24.02,41.56,-1482090.25,4.89
11:18,102225.07,34.89,14.55,102282.24,23.94,43.75,-1486859.25,5.88
11:19,102225.46,35.11,14.31,102279.98,23.75,42.42,-1478850.12,5.59
11:20,102219.78,34.99,14.41,102280.06,23.64,43.69,-1468605.75,4.40
11:21,102229.05,34.93,14.49,102285.08,23.52,44.09,-1461762.75,5.52
11:22,102222.38,34.82,14.16,102284.05,23.65,41.05,-1481730.50,5.98
11:23,102221.13,34.69,14.19,102285.49,23.52,42.22,-1487041.00,5.14
11:24,102228.33,34.69,14.14,102285.91,23.67,40.80,-1488417.00,4.84
11:25,102222.33,34.61,14.45,102286.47,23.77,42.76,-1490072.75,5.61
11:26,102231.53,34.84,14.37,102283.58,23.87,41.67,-1493956.75,5.64
11:27,102227.88,34.74,14.12,102286.67,24.01,40.03,-1495013.87,4.35
11:28,102225.69,34.78,14.41,102284.35,24.25,40.54,-1495033.50,3.90
11:29,102228.55,34.98,14.36,102283.32,23.93,41.10,-1497242.25,5.86
11:30,102227.94,34.83,14.34,102284.73,23.62,43.01,-1498081.12,4.67
11:31,102231.71,34.84,14.29,102286.39,23.52,42.52,-1497774.25,5.71
11:32,102230.86,34.57,14.30,102281.82,23.30,42.63,-1499097.12,5.56
11:33,102226.24,34.66,14.47,102285.63,23.95,42.10,-1499251.75,4.57
11:34,102219.91,34.97,14.47,102280.74,23.92,42.13,-1499250.62,6.00
11:35,102231.82,35.02,14.46,102282.57,23.52,43.39,-1499749.12,5.16
11:36,102229.66,35.24,14.40,102283.65,23.92,42.08,-1499011.25,4.94
11:37,102229.30,35.34,14.33,102285.35,24.49,40.83,-1499677.87,5.99
11:38,102235.24,35.32,14.04,102284.15,24.57,39.52,-1499748.62,4.52
11:39,102225.44,35.02,13.85,102286.34,24.27,38.95,-1499232.87,4.53
11:40,102225.10,34.78,14.33,102289.92,24.09,41.26,-1499923.12,5.79
11:41,102220.90,34.91,14.13,102283.25,23.76,40.28,-1501057.75,4.89
11:42,102228.86,34.70,14.26,102283.77,23.59,42.63,-1501287.00,5.85
11:43,102230.27,34.74,14.31,102283.57,23.66,41.84,-1501581.25,4.89
11:44,102230.13,34.81,14.25,102288.62,23.72,41.69,-1501742.75,4.69
11:45,102221.52,34.90,14.26,102286.77,24.00,41.37,-1502401.62,5.95
11:46,102234.22,35.11,14.30,102285.42,24.45,40.68,-1501717.62,4.71
11:47,102230.46,35.43,14.48,102283.69,24.52,41.32,-1464602.87,5.83
11:48,102221.07,35.31,14.29,102284.66,24.12,42.87,-1475202.00,4.89
11:49,102228.83,35.59,14.25,102284.16,24.14,42.48,-1481319.87,5.34
11:50,102228.79,35.73,14.16,102286.36,24.25,42.32,-1447058.50,4.69
11:51,102235.07,35.54,13.92,102284.32,24.03,40.32,-1476618.75,4.44
11:52,102228.17,35.48,13.87,102280.80,24.65,38.86,-1483907.12,5.75
11:53,102224.19,35.44,13.96,102280.90,24.69,38.76,-1482395.75,4.43
11:54,102225.91,35.37,13.94,102278.17,24.92,37.63,-1496485.12,4.54
11:55,102224.46,35.49,14.23,102280.56,24.69,39.68,-1494060.25,5.63
11:56,102221.11,35.49,13.93,102277.35,24.35,39.33,-1489418.37,4.43
11:57,102211.70,35.40,14.16,102272.79,23.83,41.27,-1487020.87,5.48
11:58,102221.22,35.39,14.12,102277.57,23.69,42.38,-1481281.50,5.85
11:59,102215.39,35.39,14.11,102277.35,23.53,42.62,-1494554.50,4.65
12:0,102218.42,35.36,14.06,102276.71,23.86,41.73,-1494617.87,5.55
12:1,102216.05,35.22,14.14,102275.78,23.63,42.05,-1495087.50,5.82
12:2,102211.75,35.35,14.39,102273.39,23.53,44.43,-1493307.87,5.77
12:3,102217.99,35.11,14.04,102272.57,23.39,42.02,-1497749.75,5.83
12:4,102212.21,35.19,14.18,102271.73,23.97,41.96,-1498831.87,4.52
12:5,102208.19,35.53,14.36,102270.39,24.39,42.52,-1498914.12,5.79
12:6,102213.00,35.72,14.00,102267.42,24.24,41.26,-1499375.50,5.22
12:7,102208.02,35.53,14.05,102266.98,24.18,42.02,-1499016.37,4.58
12:8,102211.25,35.74,14.21,102268.83,24.59,41.28,-1491586.00,5.87
12:9,102208.72,36.11,14.23,102267.69,24.63,42.65,-1475616.37,4.47
12:10,102208.99,36.06,13.86,102266.81,24.90,40.58,-1495397.75,5.06
12:11,102204.67,36.07,13.58,102267.97,24.85,38.44,-1486721.12,5.48
12:12,102207.55,35.63,13.66,102260.89,24.57,38.69,-1489305.87,4.90
12:13,102207.88,35.64,13.92,102263.52,24.80,38.90,-1479726.75,5.04
12:14,102203.48,35.94,14.09,102263.10,25.12,39.17,-1485279.50,5.54
12:15,102202.36,36.26,14.08,102263.31,25.10,41.79,-1484286.50,5.16
12:16,102193.58,36.22,13.70,102264.77,24.69,39.91,-1475808.12,4.65
12:17,102199.32,36.04,13.56,102253.39,24.21,39.14,-1499979.87,6.10
12:18,102205.03,35.64,13.77,102251.75,23.98,40.42,-1502390.12,5.81
12:19,102196.82,35.73,13.83,102248.38,24.52,39.34,-1502995.12,4.01
12:20,102187.86,35.75,13.81,102251.67,24.74,39.51,-1503173.75,4.45
12:21,102190.77,35.92,13.96,102253.74,24.97,40.26,-1503369.12,5.47
12:22,102188.41,36.13,13.83,102250.06,24.66,39.37,-1502947.12,4.75
12:23,102188.96,36.06,13.79,102255.64,24.76,39.38,-1495841.12,5.33
12:24,102187.99,35.89,13.46,102253.28,24.83,37.88,-1495967.50,4.65
12:25,102188.53,35.82,13.90,102253.57,25.07,39.34,-1496375.37,4.40
12:26,102196.94,36.11,13.80,102247.72,25.36,37.79,-1484260.50,4.86
12:27,102181.63,36.37,13.77,102249.14,25.20,39.43,-1442739.00,5.16
12:28,102188.98,36.51,13.81,102250.94,25.05,39.29,-1436054.25,4.06
12:29,102192.16,36.57,13.65,102247.10,25.22,39.27,-1482053.87,5.85
12:30,102188.07,36.49,13.48,102245.97,25.42,37.79,-1485459.25,3.98
12:31,102178.14,36.35,13.77,102245.56,25.39,39.05,-1485402.12,5.26
12:32,102186.99,36.61,13.70,102248.50,25.62,38.25,-1489421.25,5.54
12:33,102196.64,36.74,13.74,102249.02,25.51,38.24,-1486862.37,4.96
12:34,102185.80,36.35,13.55,102253.79,25.21,39.18,-1489504.00,5.82
12:35,102184.57,36.49,13.53,102249.41,25.49,38.05,-1487017.00,4.72
12:36,102192.71,36.49,13.45,102252.15,25.40,37.80,-1484120.50,5.59
12:37,102192.39,36.48,13.79,102249.51,25.18,40.69,-1466717.00,5.03
12:38,102194.44,36.72,13.61,102246.37,24.92,40.00,-1494247.37,6.00
12:39,102191.64,36.71,13.53,102249.02,25.43,38.75,-1472097.12,4.52
12:40,102178.21,36.26,13.30,102243.39,24.80,37.57,-1462107.12,5.07
12:41,102181.39,36.21,13.93,102241.29,25.01,40.36,-1482443.25,5.72
12:42,102192.61,36.50,13.74,102244.99,25.15,39.75,-1488554.62,4.16
12:43,102183.07,36.43,13.53,102243.72,25.09,38.82,-1490453.25,4.61
12:44,102186.51,36.34,13.60,102244.11,24.99,39.28,-1491464.87,5.56
12:45,102186.05,36.35,13.87,102241.02,24.84,40.92,-1493070.75,4.96
12:46,102181.89,36.26,13.82,102240.05,24.61,41.82,-1493457.75,4.54
12:47,102187.42,36.25,13.95,102242.32,24.76,42.42,-1492682.50,5.30
12:48,102180.53,36.46,13.54,102239.59,25.29,38.88,-1492260.00,4.05
12:49,102181.41,36.40,13.97,102240.91,25.47,40.71,-1486495.37,5.25
12:50,102185.46,36.60,13.63,102238.16,25.04,38.84,-1474563.25,4.06
12:51,102182.53,36.24,13.41,102235.48,25.05,38.20,-1478336.87,5.69
12:52,102173.82,36.27,13.82,102239.41,25.03,39.50,-1475617.75,4.34
12:53,102175.52,36.02,13.61,102233.63,25.01,38.75,-1483901.87,5.37
12:54,102164.98,35.98,13.77,102232.47,24.94,39.21,-1482489.87,4.37
12:55,102166.91,36.13,13.73,102234.24,24.81,39.02,-1479371.75,5.77
12:56,102170.85,36.03,13.93,102230.55,24.82,40.47,-1478326.75,4.27
12:57,102161.32,36.02,13.87,102224.24,25.11,40.36,-1473528.37,5.17
12:58,102157.48,36.35,13.70,102221.52,25.66,37.79,-1478095.00,5.99
12:59,102165.67,36.29,13.45,102223.25,25.50,36.60,-1476240.62,5.04
13:0,102163.95,36.00,13.56,102221.72,25.47,36.84,-1488329.75,4.60
13:1,102158.67,36.21,13.87,102224.72,25.39,39.71,-1488269.50,5.39
13:2,102164.79,36.61,13.90,102223.30,25.31,40.59,-1484977.00,4.49
13:3,102158.97,36.68,13.47,102220.75,25.37,37.76,-1491537.37,6.21
13:4,102152.49,36.46,13.77,102220.80,25.41,39.31,-1499135.12,5.70
13:5,102154.82,36.69,13.79,102220.22,25.51,40.73,-1500294.25,4.92
13:6,102159.49,36.58,13.50,102219.36,24.80,39.48,-1500750.37,4.91
13:7,102159.21,36.50,13.65,102217.95,24.87,40.27,-1502359.37,4.42
13:8,102155.35,36.60,13.88,102212.42,25.08,40.26,-1501544.25,5.81
13:9,102164.89,36.69,13.30,102210.25,25.21,38.17,-1503210.25,5.55
13:10,102157.35,36.43,13.56,102205.35,25.61,37.53,-1502929.75,5.43
13:11,102160.61,36.67,13.69,102209.11,25.76,38.19,-1503742.87,5.70
13:12,102162.96,36.66,13.63,102213.99,25.41,39.72,-1504743.12,4.40
13:13,102149.34,36.76,13.63,102211.55,25.36,39.38,-1507058.62,5.81
13:14,102158.28,36.49,13.61,102211.89,25.04,39.99,-1508298.12,4.60
13:15,102156.53,36.65,13.77,102210.94,25.43,41.07,-1511055.25,5.52
13:16,102146.23,37.07,13.67,102204.07,25.92,39.66,-1511971.37,4.87
13:17,102150.60,37.08,13.42,102204.13,25.73,38.74,-1512613.25,4.49
13:18,102151.50,37.03,13.47,102202.85,25.45,38.46,-1513353.12,4.36
13:19,102150.80,37.07,13.41,102200.02,25.74,38.28,-1514300.75,5.89
13:20,102140.39,37.07,13.25,102198.50,25.71,36.96,-1514880.50,4.71
13:21,102150.05,36.78,13.21,102196.50,25.77,37.12,-1514990.75,5.79
13:22,102151.76,36.98,13.59,102195.57,25.98,38.33,-1516409.50,5.18
13:23,102147.02,37.11,13.33,102196.28,26.01,37.40,-1516225.25,5.10
13:24,102140.16,36.87,13.22,102195.19,25.70,37.15,-1516241.50,4.98
13:25,102139.99,36.61,13.37,102197.49,25.30,38.43,-1517464.12,4.74
13:26,102134.74,36.57,13.50,102193.03,25.51,38.91,-1517471.37,4.04
13:27,102144.07,36.95,13.57,102189.86,26.06,37.58,-1517487.12,5.39
13:28,102137.34,37.00,13.46,102190.38,26.01,38.44,-1516610.00,4.07
13:29,102127.44,37.27,13.51,102188.96,26.32,38.00,-1492055.00,5.56
13:30,102133.52,37.42,13.24,102186.29,26.39,36.72,-1497385.62,5.10
13:31,102120.44,37.44,13.27,102186.91,26.41,36.76,-1500986.25,5.40
13:32,102126.97,37.45,13.16,102185.66,26.39,36.72,-1501250.37,4.05
13:33,102137.41,37.33,13.39,102181.16,26.27,37.75,-1502861.25,3.97
13:34,102125.39,37.57,13.31,102180.87,26.28,37.15,-1492063.12,5.41
13:35,102130.79,37.27,13.07,102176.66,26.14,36.95,-1532258.87,5.92
13:36,102127.66,37.18,13.53,102178.19,25.90,39.84,-1532566.62,5.15
13:37,102126.60,37.57,13.53,102180.72,26.16,39.09,-1465838.25,6.14
13:38,102126.44,37.60,13.19,102178.72,26.17,37.79,-1537383.12,5.80
13:39,102121.92,37.62,13.23,102183.25,26.58,36.76,-1540384.75,4.15
13:40,102118.03,37.70,13.28,102176.52,26.36,36.77,-1534682.75,5.03
13:41,102120.53,37.48,13.28,102177.88,26.00,39.03,-1536601.00,5.92
13:42,102119.19,36.99,13.19,102176.44,25.41,38.98,-1536671.50,4.91
13:43,102123.98,36.86,13.56,102174.82,25.40,41.14,-1537947.87,5.30
13:44,102132.66,37.05,13.25,102175.94,26.04,36.44,-1538585.00,5.09
13:45,102123.21,37.05,13.02,102174.00,26.07,35.54,-1538781.75,4.82
13:46,102123.64,26.07,42.67,102175.20,26.07,37.43,-1538984.12,0.84
13:47,102130.36,23.62,56.04,102174.53,26.17,38.83,-1594070.25,0.62
13:48,102123.89,25.33,38.76,102174.42,26.14,38.10,-1595046.75,0.62
13:49,102115.33,33.67,18.83,102169.83,25.82,38.05,-1595483.37,5.48
13:50,102108.88,36.06,14.73,102169.69,26.27,36.53,-1595894.12,4.58
13:51,102129.61,36.85,13.90,102173.28,26.59,36.00,-1596274.75,5.45
13:52,102121.52,36.93,13.54,102172.32,25.99,36.40,-1595906.75,4.95
13:53,102124.39,36.70,13.32,102169.47,26.11,35.57,-1595549.75,5.62
13:54,102117.24,36.71,13.67,102167.91,26.23,36.35,-1596442.50,5.15
13:55,102125.42,37.06,13.75,102172.75,26.30,37.43,-1595699.25,5.75
13:56,102120.53,37.24,13.45,102171.75,26.04,37.33,-1595996.87,5.20
13:57,102109.44,37.37,13.49,102174.52,26.36,36.76,-1596602.25,4.53
13:58,102110.27,37.29,13.08,102168.39,26.49,35.04,-1596542.37,4.15
13:59,102114.42,36.91,13.37,102167.28,26.32,35.85,-1596214.25,5.62
14:0,102118.60,37.10,13.54,102171.05,26.74,36.15,-1598380.00,4.94
14:1,102103.74,37.44,13.31,102167.42,26.42,35.79,-1599522.87,5.50
14:2,102106.77,37.38,13.39,102166.28,26.13,37.61,-1599986.75,5.69
14:3,102103.41,37.60,13.45,102163.35,26.37,37.20,-1600741.12,5.57
14:4,102106.75,37.87,13.39,102161.92,26.87,36.63,-1600619.50,5.24
14:5,102094.88,38.13,13.14,102160.81,27.46,34.71,-1597663.25,5.88
14:6,102107.69,38.34,13.10,102161.58,27.69,34.67,-1450090.25,4.57
14:7,102104.21,38.13,13.03,102161.10,27.15,36.21,-1601864.87,5.30
14:8,102093.82,37.95,12.95,102157.85,26.89,35.61,-1602530.25,4.05
14:9,102096.85,37.76,13.18,102157.90,26.37,36.47,-1602782.75,5.55
14:10,102097.07,37.67,13.07,102156.11,26.28,36.87,-1603634.75,5.48
14:11,102096.42,37.57,13.16,102154.22,26.52,36.25,-1604737.50,5.85
14:12,102094.28,37.60,13.37,102154.39,26.25,39.50,-1603661.00,4.60
14:13,102084.19,38.03,13.26,102149.17,26.85,36.79,-1604257.37,5.88
14:14,102095.89,38.16,13.04,102151.75,27.24,35.59,-1590564.25,6.19
14:15,102084.64,38.36,13.04,102149.60,27.66,35.20,-1590818.00,4.98
14:16,102077.72,38.39,13.10,102143.55,27.17,36.75,-1590404.12,6.21
14:17,102081.96,38.36,12.92,102143.03,27.17,35.64,-1591115.25,5.06
14:18,102077.69,38.04,12.68,102136.74,26.89,34.82,-1591068.87,6.10
14:19,102066.60,37.71,12.92,102134.91,26.68,36.04,-1592052.12,5.68
14:20,102086.33,37.80,13.09,102133.39,26.10,37.17,-1591589.50,4.56
14:21,102070.33,37.81,12.98,102133.99,26.84,35.23,-1590536.75,5.83
14:22,102078.39,37.75,13.04,102132.65,27.12,35.55,-1590432.12,5.13
14:23,102074.83,38.01,13.20,102134.16,26.63,36.87,-1525920.37,5.00
14:24,102073.61,38.11,13.10,102134.27,27.08,36.06,-1534302.50,5.27
14:25,102077.48,38.34,13.10,102134.14,27.53,35.54,-1542384.00,6.01
14:26,102076.10,38.48,12.90,102133.57,27.72,34.83,-1543247.75,5.89
14:27,102075.35,38.46,12.85,102128.42,27.20,36.11,-1542894.87,5.56
14:28,102075.83,38.25,12.92,102126.98,26.66,36.44,-1542453.12,5.32
14:29,102072.53,38.13,12.82,102125.05,26.41,36.96,-1542503.12,6.26
14:30,102063.21,38.00,13.00,102121.14,26.63,37.09,-1541728.50,5.92
14:31,102063.50,38.27,13.12,102124.92,26.53,36.51,-1540415.75,6.26
14:32,102062.80,38.19,13.01,102122.17,26.80,37.36,-1540950.75,4.87
14:33,102063.41,38.15,12.77,102120.62,26.84,35.19,-1543783.50,5.05
14:34,102063.52,38.04,12.84,102113.19,27.31,34.06,-1541458.87,4.52
14:35,102066.99,37.97,12.83,102111.82,26.98,34.38,-1541854.87,4.54
14:36,102057.87,37.79,12.77,102107.03,26.52,34.67,-1543525.62,6.20
14:37,102045.72,37.66,13.02,102107.47,26.88,35.46,-1545650.37,6.12
14:38,102048.57,37.96,13.06,102108.80,27.57,33.94,-1545849.25,4.74
14:39,102047.70,37.85,12.61,102105.91,27.47,32.53,-1545801.12,5.40
14:40,102044.55,37.60,13.04,102102.22,27.17,34.45,-1546057.00,6.21
14:41,102055.33,37.74,13.04,102102.86,26.91,34.49,-1546889.87,5.63
14:42,102048.75,37.64,12.84,102101.56,26.86,33.85,-1546583.12,5.39
14:43,102035.29,37.65,13.04,102103.14,26.97,34.99,-1546673.37,4.55
14:44,102052.13,37.74,12.93,102097.49,26.88,34.66,-1546846.75,4.69
14:45,102039.92,37.79,12.96,102098.32,27.32,34.27,-1547527.37,5.80
14:46,102039.46,37.81,12.91,102095.53,27.55,33.86,-1547654.75,5.77
14:47,102035.11,38.15,13.15,102095.71,27.68,35.06,-1548683.75,6.03
14:48,102038.32,38.33,12.85,102095.49,27.80,33.84,-1558439.50,4.63
14:49,102033.14,38.44,12.76,102098.63,28.19,32.89,-1567243.25,5.85
14:50,102041.21,38.26,12.71,102097.77,27.43,34.53,-1547819.75,5.07
14:51,102039.35,38.06,12.58,102089.07,27.62,32.18,-1549094.50,4.52
14:52,102034.50,37.76,12.77,102087.92,27.15,33.72,-1550721.75,4.52
14:53,102036.47,37.46,12.86,102094.53,26.62,34.48,-1552813.75,4.97
14:54,102043.96,37.46,12.91,102096.51,26.94,33.61,-1553296.00,4.30
14:55,102034.72,37.31,12.96,102089.47,26.78,34.55,-1557232.50,4.49
14:56,102044.67,37.33,13.15,102086.56,27.11,34.40,-1557444.25,5.92
14:57,102027.41,37.56,12.95,102087.11,27.52,32.90,-1555482.25,4.96
14:58,102032.67,37.79,13.06,102091.92,28.02,33.67,-1554465.25,5.10
14:59,102031.83,37.72,12.87,102086.33,27.03,33.42,-1556620.25,4.43
15:0,102017.14,37.70,12.84,102085.22,27.38,32.43,-1555326.25,5.32
15:1,102031.92,37.36,12.63,102083.39,27.31,32.47,-1555418.75,5.82
15:2,102029.27,37.51,12.92,102086.80,27.67,32.85,-1556391.25,3.95
15:3,102020.66,37.94,13.12,102085.58,27.75,35.30,-1549140.50,4.62
15:4,102028.49,38.30,13.00,102088.11,28.19,33.45,-1525167.50,5.99
15:5,102029.41,38.36,12.31,102087.17,28.14,31.09,-1516781.62,5.14
15:6,102030.82,38.01,12.65,102083.55,28.42,31.17,-1517786.12,5.32
15:7,102023.10,38.13,12.69,102079.32,28.58,31.06,-1569482.12,4.77
15:8,102028.51,38.23,12.66,102081.74,28.77,31.32,-1570881.75,5.58
15:9,102024.34,38.30,12.79,102084.96,28.45,32.05,-1575346.25,4.58
15:10,102031.75,38.46,12.63,102086.03,28.40,31.91,-1598768.75,5.54
15:11,102023.30,38.30,12.47,102081.94,28.62,30.41,-1601155.25,4.47
15:12,102027.88,38.27,12.40,102084.07,28.79,29.81,-1601062.37,4.67
15:13,102020.92,38.19,12.47,102077.97,29.09,29.42,-1602099.25,4.13
15:14,102015.35,38.25,12.44,102071.41,29.18,28.84,-1602483.75,5.07
15:15,102027.52,38.12,12.47,102080.32,29.04,29.53,-1603139.12,5.25
15:16,102012.05,38.07,12.48,102078.53,28.02,31.18,-1602735.00,4.49
15:17,102007.43,37.82,12.60,102078.77,27.80,32.05,-1602923.37,3.96
15:18,102012.22,37.97,12.68,102075.49,28.23,31.64,-1575085.50,6.03
15:19,102009.04,38.00,12.70,102080.21,28.34,31.70,-1569933.25,4.99
15:20,102013.08,37.84,12.71,102077.00,28.41,31.24,-1601271.12,5.47
15:21,102012.02,38.23,12.89,102074.07,29.07,31.52,-1589658.62,4.58
15:22,102016.22,38.61,12.68,102070.25,29.03,30.97,-1578986.87,4.67
15:23,102007.57,38.55,12.59,102067.42,29.10,30.96,-1582787.25,4.69
15:24,102010.00,38.46,12.43,102070.12,28.44,31.23,-1583902.12,4.56
15:25,102010.28,38.37,12.82,102071.80,28.11,33.05,-1584567.00,5.78
15:26,102006.52,38.50,12.73,102066.32,28.63,32.78,-1585164.75,4.47
15:27,102001.57,38.39,12.53,102065.60,28.97,30.87,-1584250.62,5.54
15:28,102000.77,38.43,12.45,102058.99,29.60,28.93,-1583926.00,6.05
15:29,101998.92,38.38,12.50,102054.25,29.12,30.13,-1583073.00,6.06
15:30,102002.67,38.25,12.61,102056.08,29.10,30.37,-1583320.37,5.63
15:31,102002.24,38.34,12.67,102062.63,28.92,31.01,-1582952.00,5.16
15:32,102000.70,38.27,12.56,102058.74,28.81,30.12,-1582986.12,4.47
15:33,101996.82,37.79,12.26,102056.36,28.64,29.51,-1581375.12,4.74
15:34,101989.17,37.26,12.69,102054.88,28.44,30.42,-1580858.75,4.40
15:35,101993.82,37.66,12.97,102056.91,28.83,30.81,-1579746.75,3.94
15:36,101989.63,38.10,12.77,102049.85,29.62,29.65,-1575578.62,5.43
15:37,101993.05,37.89,12.55,102052.75,29.75,28.20,-1577391.25,6.03
15:38,101992.61,38.01,12.68,102051.64,29.75,28.40,-1572004.37,6.01
15:39,101989.78,37.71,12.21,102046.44,29.48,26.78,-1564836.00,4.87
15:40,101986.36,37.60,12.41,102044.42,30.14,25.60,-1591390.00,6.14
15:41,101986.61,37.51,12.71,102047.14,30.72,25.94,-1592390.37,5.18
15:42,101979.68,37.84,12.85,102044.92,31.31,26.40,-1511044.00,4.98
15:43,101994.30,38.06,12.62,102048.46,29.98,28.11,-1586159.87,5.68
15:44,101982.82,37.80,12.63,102046.57,29.39,27.72,-1586789.50,4.87
15:45,101978.16,37.70,12.71,102039.86,29.53,28.18,-1588294.00,5.62
15:46,101974.87,37.74,12.81,102040.17,29.97,27.87,-1587154.87,4.52
15:47,101987.84,37.73,12.86,102035.87,30.29,27.06,-1587153.00,5.06
15:48,101973.39,37.94,12.81,102040.30,31.60,25.65,-1588144.12,5.66
15:49,101979.02,37.97,12.47,102036.05,31.59,24.64,-1588105.62,4.52
15:50,101979.89,37.82,12.73,102037.58,31.66,25.11,-1587155.00,4.83
15:51,101978.10,38.06,12.73,102040.11,32.04,24.67,-1580713.37,4.55
15:52,101984.00,38.11,12.59,102039.02,32.25,23.97,-1560118.87,5.27
15:53,101982.76,38.18,12.55,102039.42,33.04,22.84,-1568785.50,4.65
15:54,101963.92,38.10,12.31,102036.22,32.85,22.45,-1578552.25,4.64
15:55,101983.55,38.14,12.64,102041.75,32.29,24.66,-1571751.75,5.04
15:56,101971.19,38.24,12.66,102037.92,32.48,24.49,-1569822.75,5.97
15:57,101973.11,38.29,12.36,102036.41,33.27,22.83,-1565449.50,5.68
15:58,101966.11,38.39,12.71,102033.31,32.75,24.07,-1575046.25,4.76
15:59,101971.49,38.28,12.44,102033.34,32.09,24.37,-1577522.25,5.25
16:0,101970.02,38.22,12.36,102029.89,32.77,23.22,-1578122.50,5.98
16:1,101963.85,38.37,12.31,102028.91,33.28,22.25,-1558179.75,5.41
16:2,101963.41,38.30,12.25,102027.64,33.55,21.85,-1574855.62,4.87
16:3,101963.67,38.39,12.34,102026.41,33.32,22.04,-1581252.25,6.03
16:4,101966.93,38.37,12.39,102023.45,33.30,22.65,-1599949.25,5.48
16:5,101966.49,38.41,12.30,102020.78,33.61,21.91,-1612425.75,5.52
16:6,101962.25,38.52,12.50,102021.32,33.75,22.64,-1629105.62,4.08
16:7,101962.94,38.58,12.22,102019.58,33.96,21.39,-1637058.25,4.81
16:8,101964.74,38.48,12.23,102019.36,33.91,21.48,-1641067.00,5.97
16:9,101959.71,38.40,12.28,102020.78,34.07,21.49,-1641678.50,4.96
16:10,101952.64,38.64,12.38,102018.30,34.12,21.64,-1640631.37,6.13
16:11,101947.28,38.73,12.32,102020.66,34.64,20.97,-1639912.75,5.71
16:12,101959.99,38.78,12.24,102020.77,34.74,21.02,-1635779.87,5.79
16:13,101966.95,38.79,12.05,102019.05,34.58,20.29,-1638582.75,6.16
16:14,101957.82,38.67,12.40,102017.66,34.53,21.39,-1638412.37,5.14
16:15,101956.46,38.85,12.69,102015.72,34.34,23.98,-1628171.75,5.70
16:16,101948.39,39.31,12.29,102012.85,34.03,21.86,-1641944.00,5.48
16:17,101950.05,38.96,12.18,102013.94,33.55,22.83,-1638139.75,4.91
16:18,101952.17,38.86,11.98,102010.14,33.86,21.54,-1645988.12,5.37
16:19,101951.10,38.73,12.32,102011.90,33.71,22.72,-1648092.12,6.08
16:20,101949.16,38.81,12.18,102011.07,34.24,21.07,-1648872.25,4.48
16:21,101955.77,38.69,12.12,102015.71,34.79,20.46,-1648894.75,4.83
16:22,101950.37,38.40,11.92,102007.58,34.13,20.25,-1649846.50,5.61
16:23,101954.27,38.03,12.44,102011.20,34.05,21.62,-1647801.62,5.90
16:24,101951.33,38.27,12.46,102011.92,33.79,21.76,-1649271.12,4.80
16:25,101948.06,38.39,12.32,102004.67,34.88,20.07,-1650540.75,4.88
16:26,101940.50,38.46,12.38,102005.26,35.32,20.04,-1649274.25,5.46
16:27,101943.19,38.74,12.47,102004.69,35.93,19.92,-1648665.12,4.22
16:28,101939.54,39.03,12.33,102002.41,35.90,19.94,-1646578.75,4.95
16:29,101941.28,39.28,12.34,102001.52,35.87,20.19,-1647049.25,4.02
16:30,101932.77,39.21,12.32,102004.86,34.73,22.05,-1646227.62,5.63
16:31,101937.60,39.26,12.25,101998.61,33.87,22.26,-1646797.87,6.02
16:32,101938.54,39.19,12.41,101997.33,34.27,23.04,-1648831.00,6.06
16:33,101935.56,39.32,12.40,101994.44,33.96,23.11,-1648025.62,3.96
16:34,101942.71,38.96,12.22,101995.77,33.44,23.08,-1649693.25,4.54
16:35,101944.32,38.94,12.35,101995.05,34.21,22.68,-1650868.75,6.11
16:36,101934.27,39.10,12.11,101990.68,34.78,20.70,-1650771.87,5.28
16:37,101929.27,38.97,12.12,101990.13,35.01,20.52,-1650737.00,4.85
16:38,101923.64,39.03,12.22,101988.24,34.85,21.02,-1650087.75,5.28
16:39,101930.46,39.02,12.06,101988.65,35.28,20.08,-1651357.87,4.00
16:40,101927.14,39.01,12.15,101983.98,35.00,20.28,-1650849.37,6.13
16:41,101919.16,38.81,11.99,101982.85,35.09,19.76,-1651639.50,5.44
16:42,101927.17,38.56,12.17,101984.89,34.49,20.64,-1650380.00,4.32
16:43,101926.42,38.75,12.26,101977.03,34.74,20.93,-1653153.37,5.09
16:44,101918.02,38.87,12.05,101977.24,33.50,22.00,-1650420.00,4.68
16:45,101907.10,38.47,12.19,101976.13,33.15,22.87,-1651686.62,5.90
16:46,101922.44,38.58,12.36,101975.46,33.27,22.55,-1653820.50,4.43
16:47,101907.35,38.55,12.32,101981.28,32.97,22.68,-1652565.75,5.89
16:48,101916.89,38.53,12.24,101976.19,33.37,22.36,-1656491.12,4.54
16:49,101918.32,38.81,12.67,101975.38,32.84,24.16,-1654716.25,4.55
16:50,101911.96,38.90,12.35,101971.97,32.45,24.37,-1654022.75,5.64
16:51,101912.02,38.76,12.20,101972.61,32.53,23.45,-1654775.25,4.42
16:52,101905.86,38.72,12.73,101972.42,31.67,27.73,-1655157.25,3.95
16:53,101906.11,39.00,12.43,101970.99,31.71,25.73,-1656885.37,6.19
16:54,101911.13,38.94,12.47,101968.89,32.46,25.57,-1656870.87,5.18
16:55,101915.03,39.01,12.34,101970.01,33.35,23.90,-1657955.87,4.50
16:56,101899.00,39.02,12.37,101967.50,34.46,22.21,-1657805.50,6.03
16:57,101905.39,39.03,12.29,101961.26,33.05,22.68,-1655579.00,5.08
16:58,101900.11,38.87,12.14,101963.25,33.17,22.53,-1656993.50,6.17
16:59,101903.11,38.44,12.08,101957.82,33.16,21.76,-1657915.62,4.56
17:0,101903.88,38.23,12.53,101964.17,32.75,23.28,-1655779.37,5.88
17:1,101906.36,38.39,12.35,101958.17,33.09,22.99,-1656608.75,4.42
17:2,101892.83,38.50,12.32,101956.06,33.23,22.63,-1657005.50,4.77
17:3,101905.71,38.66,12.41,101957.88,32.83,22.93,-1658060.50,4.78
17:4,101892.41,38.47,12.14,101956.99,32.38,23.29,-1658798.12,5.69
17:5,101901.80,38.39,12.30,101951.14,32.85,22.88,-1660471.87,4.52
17:6,101892.36,38.51,12.26,101949.61,33.46,22.33,-1660701.75,5.27
17:7,101891.45,38.72,12.31,101949.89,34.26,21.92,-1654950.75,4.03
17:8,101892.06,38.91,12.16,101947.39,34.70,21.11,-1659938.50,5.85
17:9,101886.46,38.81,11.99,101940.10,34.48,20.62,-1660050.25,5.68
17:10,101882.66,38.76,12.23,101943.66,34.22,21.73,-1660210.12,5.32
17:11,101878.94,38.47,11.87,101939.13,33.23,21.25,-1659854.87,5.66
17:12,101871.23,38.22,12.14,101940.58,34.16,20.39,-1662774.00,4.47
17:13,101881.33,38.33,12.23,101938.78,35.05,20.01,-1661231.75,5.12
17:14,101875.26,38.66,12.24,101932.63,34.32,20.62,-1658983.25,6.03
17:15,101883.14,38.70,12.21,101933.46,34.07,21.45,-1657763.25,6.07
17:16,101867.54,38.80,11.92,101934.15,34.07,20.35,-1659306.37,5.70
17:17,101877.07,38.65,12.14,101933.19,34.14,21.63,-1656395.37,5.77
17:18,101868.42,38.90,12.13,101927.89,35.22,19.82,-1658971.37,6.02
17:19,101875.98,38.99,12.01,101927.67,35.56,19.41,-1662964.00,3.88
17:20,101873.05,39.07,12.07,101931.82,35.97,19.23,-1665280.50,6.01
17:21,101879.55,39.32,12.15,101928.78,35.87,19.55,-1662097.12,5.61
17:22,101878.42,39.46,12.06,101929.09,35.85,19.52,-1663868.25,5.22
17:23,101877.52,39.47,11.93,101923.44,35.52,20.01,-1664627.50,4.56
17:24,101862.78,39.29,11.87,101923.57,35.12,20.34,-1662558.75,6.00
17:25,101865.98,39.34,12.22,101923.26,34.83,21.58,-1662729.62,4.53
17:26,101872.96,39.52,11.97,101918.33,34.42,21.90,-1664674.50,5.65
17:27,101863.78,39.56,12.11,101917.75,34.36,22.10,-1663825.12,6.12
17:28,101862.72,39.75,11.95,101918.78,34.91,21.23,-1665739.25,5.84
17:29,101863.78,39.59,11.77,101917.07,34.84,20.84,-1666304.50,4.74
17:30,101856.60,39.47,11.85,101915.66,34.73,20.81,-1665906.25,5.28
17:31,101858.07,39.50,11.80,101915.10,34.52,21.24,-1667553.37,5.43
17:32,101865.83,39.55,12.27,101915.48,33.70,23.95,-1664841.75,5.61
17:33,101860.45,39.94,12.21,101915.97,33.61,24.38,-1667425.00,5.31
17:34,101859.96,39.81,11.83,101914.97,33.53,22.95,-1668268.87,5.34
17:35,101855.89,39.67,11.79,101915.89,33.18,23.19,-1666841.87,4.15
17:36,101864.23,39.56,11.71,101914.27,32.93,23.06,-1669259.00,4.53
17:37,101864.39,39.45,11.97,101917.01,33.11,24.01,-1649429.25,3.97
17:38,101864.46,39.55,11.90,101907.86,32.72,23.70,-1668141.37,4.86
17:39,101879.24,39.53,12.08,101907.60,32.70,24.95,-1668439.25,5.70
17:40,101854.30,39.51,11.81,101910.22,32.55,24.06,-1670081.25,5.32
17:41,101858.05,39.26,11.78,101905.71,32.72,23.33,-1670881.12,3.97
17:42,101857.93,39.27,12.03,101906.28,33.06,23.78,-1670819.25,4.53
17:43,101865.57,39.31,12.07,101904.88,32.73,23.74,-1667217.00,5.88
17:44,101856.00,39.26,12.10,101899.53,32.66,24.63,-1670827.25,5.56
17:45,101858.88,39.32,12.12,101900.06,33.00,23.56,-1670916.50,5.07
17:46,101854.21,39.16,11.92,101897.69,33.01,23.27,-1671378.50,4.25
17:47,101843.92,39.19,12.14,101895.00,32.82,24.05,-1670179.25,4.69
17:48,101845.38,39.07,11.98,101893.73,32.26,24.18,-1672043.87,3.99
17:49,101831.92,39.04,12.12,101895.32,32.14,25.27,-1672778.62,5.63
17:50,101842.82,39.04,12.03,101892.75,31.95,24.31,-1671950.87,5.92
17:51,101840.75,38.88,12.05,101894.00,31.67,24.77,-1664163.00,4.51
17:52,101841.52,38.92,12.30,101892.78,31.45,26.35,-1649816.00,5.92
17:53,101841.33,38.91,11.99,101890.90,32.15,24.04,-1637054.25,4.48
17:54,101835.54,38.72,12.11,101891.91,32.40,23.58,-1635502.75,5.05
17:55,101839.13,38.79,12.19,101887.21,32.84,23.80,-1630452.25,6.14
17:56,101850.85,38.94,12.32,101887.91,32.90,24.46,-1654515.25,4.82
17:57,101835.41,39.08,12.28,101887.27,33.01,24.34,-1667437.12,5.99
17:58,101834.86,39.14,12.17,101887.07,32.66,24.70,-1672412.62,5.48
17:59,101837.83,39.15,12.17,101886.78,32.78,24.20,-1674371.25,4.45
18:0,101831.67,39.16,11.97,101888.44,33.37,22.71,-1674276.12,4.47
18:1,101833.63,39.07,11.93,101889.77,33.63,22.75,-1674905.87,5.74
18:2,101836.96,39.11,12.18,101889.11,32.80,23.98,-1672542.37,5.83
18:3,101826.55,39.16,12.11,101885.04,32.59,24.44,-1673459.75,5.85
18:4,101836.57,39.12,12.04,101892.71,32.21,24.57,-1674356.25,5.70
18:5,101830.78,39.00,11.95,101888.44,32.18,24.04,-1667964.75,4.47
18:6,101837.02,39.01,12.07,101883.48,32.72,23.54,-1669664.87,5.90
18:7,101836.25,39.13,12.07,101883.20,32.96,23.50,-1543662.12,5.78
18:8,101837.46,39.14,12.05,101882.03,32.66,24.25,-1673543.50,6.14
18:9,101837.97,39.07,11.95,101886.24,32.32,23.85,-1676507.75,5.28
18:10,101834.57,39.02,12.17,101881.67,32.46,24.82,-1676390.75,4.49
18:11,101838.15,39.09,11.99,101887.97,32.24,24.31,-1675634.25,3.95
18:12,101828.69,39.05,12.15,101884.92,32.45,24.52,-1674978.75,4.92
18:13,101827.58,39.12,12.07,101883.54,32.41,24.69,-1676961.62,5.05
18:14,101827.31,39.15,12.07,101885.96,32.34,24.67,-1677682.12,4.21
18:15,101830.30,39.01,12.12,101880.25,31.85,24.66,-1668986.75,3.96
18:16,101832.61,38.94,12.16,101883.35,31.64,25.94,-1137870.25,6.06
18:17,101829.41,39.06,12.17,101879.36,31.97,25.23,-1457359.75,5.37
18:18,101824.80,38.95,11.83,101874.50,32.31,23.31,-1446871.00,4.61
18:19,101817.75,38.75,12.14,101868.86,32.83,23.47,-1678090.00,5.05
18:20,101823.25,38.79,12.14,101866.97,32.63,23.52,-1509421.12,5.83
18:21,101813.82,38.93,12.24,101869.94,31.73,25.32,-1676765.25,4.54
18:22,101816.39,38.90,12.00,101866.33,31.78,24.53,-1677883.62,5.88
18:23,101817.86,38.91,11.96,101862.00,31.90,24.29,-1677852.00,4.69
18:24,101809.07,38.95,12.47,101860.35,31.34,27.12,-1676935.62,5.14
18:25,101802.30,39.08,12.56,101860.28,30.80,27.99,-1673168.25,4.04
18:26,101805.00,39.13,12.36,101855.83,30.47,27.28,-1673703.00,5.26
18:27,101807.53,38.85,12.09,101850.96,30.15,26.86,-1229707.12,5.32
18:28,101804.32,38.56,12.22,101854.03,30.94,25.79,-707088.31,5.40
18:29,101795.25,38.46,12.43,101849.82,30.31,27.63,-1681678.25,4.57
18:30,101797.07,38.59,12.53,101846.26,30.58,27.87,-1678334.00,4.58
18:31,101794.05,38.69,12.42,101847.61,30.98,26.23,-1353875.62,5.41
18:32,101797.78,38.65,12.50,101842.44,31.11,26.89,-1678953.25,5.40
18:33,101799.94,38.76,12.24,101841.21,31.90,24.93,-1684272.75,4.64
18:34,101785.46,38.81,12.46,101843.96,31.11,26.21,-1682888.75,5.61
18:35,101789.35,38.70,12.26,101835.21,30.62,25.90,-1681837.37,4.51
18:36,101785.82,38.55,12.26,101833.78,30.61,26.32,-1683122.37,5.63
18:37,101780.61,38.52,12.50,101837.16,30.82,26.69,-1683900.00,4.74
18:38,101776.47,38.50,12.34,101833.11,31.22,25.69,-1681560.00,4.72
18:39,101786.19,38.43,12.42,101833.69,31.03,26.19,-1681059.37,4.43
18:40,101790.32,38.54,12.44,101836.11,31.36,25.94,-1667007.25,5.36
18:41,101789.78,38.65,12.47,101830.33,31.69,25.68,-1680852.37,5.49
18:42,101777.94,38.73,12.36,101835.85,31.07,25.85,-1683577.37,4.77
18:43,101768.66,38.76,12.45,101829.88,31.64,26.14,-1685648.37,4.54
18:44,101783.94,38.77,12.24,101832.60,31.79,24.80,-1686131.25,6.06
18:45,101774.28,38.66,12.31,101831.15,31.22,25.44,-1685282.00,5.99
18:46,101780.28,38.55,12.29,101832.52,31.06,25.80,-1686234.75,5.91
18:47,101776.71,38.50,12.38,101829.71,31.18,25.99,-1687042.00,5.97
18:48,101771.77,38.53,12.23,101827.54,31.50,24.58,-1687087.62,5.90
18:49,101774.14,38.42,12.25,101826.60,31.67,24.78,-1688015.25,5.32
18:50,101777.17,38.39,12.38,101828.17,31.57,25.31,-1687656.00,5.38
18:51,101772.13,38.59,12.59,101828.35,31.45,26.37,-1687839.25,5.46
18:52,101780.39,38.69,12.42,101826.03,31.54,25.83,-1688234.37,4.59
18:53,101785.10,38.71,12.37,101828.78,30.98,26.00,-1688043.62,4.61
18:54,101784.60,38.65,12.37,101830.32,30.61,26.91,-1682150.37,5.61
18:55,101785.22,38.80,12.58,101830.28,30.79,27.24,-1685322.00,4.63
18:56,101771.78,38.68,12.17,101826.77,30.58,26.43,-1688858.37,5.41
18:57,101775.67,38.71,12.42,101825.57,31.02,26.83,-1689803.62,5.49
18:58,101768.24,38.76,12.34,101827.13,30.99,26.17,-1690184.37,5.10
18:59,101766.75,38.72,12.37,101827.07,31.17,25.87,-1689686.37,5.69
19:0,101772.02,38.76,12.23,101822.74,30.82,26.44,-1689520.75,5.63
19:1,101770.47,38.64,12.30,101823.92,30.85,26.31,-1690942.75,5.16
19:2,101773.87,38.58,12.20,101823.19,30.92,25.79,-1690502.75,5.42
19:3,101775.10,38.60,12.40,101824.19,30.94,27.01,-1691005.62,6.11
19:4,101768.49,38.69,12.29,101820.72,31.12,25.73,-1690965.62,5.92
19:5,101772.66,38.63,12.28,101821.40,31.12,25.13,-1691147.00,4.41
19:6,101770.94,38.52,12.28,101819.59,31.05,25.38,-1691106.62,5.26
19:7,101768.72,38.39,12.08,101817.53,30.85,25.33,-1692056.75,4.02
19:8,101773.83,38.24,12.39,101815.53,30.49,26.05,-1692171.25,5.27
19:9,101764.71,38.31,12.34,101817.25,30.44,25.89,-1693099.62,4.55
19:10,101769.03,38.37,12.39,101820.05,30.70,26.16,-1692674.25,3.89
19:11,101765.26,38.39,12.50,101816.41,30.51,27.63,-1692942.00,4.91
19:12,101771.30,38.44,12.32,101820.47,30.41,26.28,-1694200.37,5.36
19:13,101773.67,38.46,12.57,101820.97,30.86,27.98,-1694626.25,5.12
19:14,101771.01,38.58,12.29,101822.75,30.71,26.00,-1693918.37,4.51
19:15,101769.67,38.46,12.29,101821.14,30.56,26.29,-1693862.75,5.84
19:16,101771.39,38.41,12.27,101821.88,30.01,27.10,-1693778.37,4.43
19:17,101770.63,38.36,12.41,101820.10,30.17,27.46,-1689608.75,5.03
19:18,101776.58,38.36,12.25,101822.75,30.24,26.28,-1134489.25,6.01
19:19,101772.38,38.26,12.39,101817.27,30.51,26.34,-1650783.12,5.69
19:20,101774.64,38.33,12.50,101821.58,30.47,27.09,-1037025.62,4.72
19:21,101776.21,38.48,12.47,101824.11,30.89,26.79,-1696272.00,5.03
19:22,101773.21,38.49,12.41,101821.80,30.85,26.29,-1696470.75,4.47
19:23,101754.96,38.45,12.24,101821.10,31.08,24.82,-1692425.00,5.36
19:24,101764.69,38.31,12.28,101819.62,31.34,24.60,-1695848.00,5.07
19:25,101762.36,38.35,12.51,101817.13,30.83,26.23,-1695486.75,4.54
19:26,101759.91,38.42,12.60,101810.57,30.21,27.68,-1693984.75,5.97
19:27,101770.89,38.49,12.41,101813.97,30.40,27.10,-1695731.25,5.46
19:28,101772.91,38.58,12.54,101814.60,30.11,28.68,-1696431.25,4.40
19:29,101774.10,38.74,12.74,101812.24,29.96,30.19,-1695883.62,3.94
19:30,101758.76,38.92,12.75,101810.44,30.03,30.59,-1693140.00,5.54
19:31,101760.21,39.13,12.72,101810.90,29.79,31.30,-1397112.50,3.85
19:32,101769.67,39.25,12.64,101811.13,29.72,31.81,-1697098.62,5.34
19:33,101765.32,39.33,12.64,101812.52,29.30,32.77,-1698726.00,5.77
19:34,101765.17,39.33,12.46,101814.51,29.14,31.23,-1698756.00,5.79
19:35,101768.53,39.35,12.48,101808.75,29.80,30.75,-1699863.25,6.03
19:36,101765.53,39.19,12.41,101808.92,29.74,31.26,-1699323.25,5.10
19:37,101762.64,38.98,12.41,101807.31,29.83,29.60,-1698180.00,6.10
19:38,101753.44,39.07,12.79,101811.21,29.71,32.01,-1697426.37,5.33
19:39,101766.28,39.35,12.69,101811.49,29.69,32.30,-1698835.25,5.92
19:40,101773.40,39.53,12.63,101813.00,29.76,32.38,-1699475.75,5.79
19:41,101776.64,39.61,12.65,101814.38,29.22,33.75,-1699961.37,4.45
19:42,101765.36,39.66,12.70,101815.99,29.46,34.84,-1700670.62,5.63
19:43,101765.94,39.79,12.60,101815.10,29.98,32.75,-1700976.00,5.65
19:44,101762.20,39.77,12.60,101818.07,29.61,33.17,-1692223.62,4.51
19:45,101764.08,39.45,12.49,101815.08,29.26,33.44,-1699817.25,5.75
19:46,101765.49,39.38,12.74,101815.30,29.75,33.12,-1700794.25,4.45
19:47,101763.15,39.54,12.71,101813.42,28.87,34.72,-1181456.50,4.43
19:48,101768.54,39.62,12.58,101809.74,29.35,33.79,-1700892.75,5.81
19:49,101756.60,39.72,12.63,101809.86,29.94,33.71,-1700725.25,4.52
19:50,101754.63,39.83,12.85,101809.87,29.85,34.20,-1700620.75,4.54
19:51,101754.55,39.72,12.54,101814.71,29.59,33.37,-1702844.25,4.49
19:52,101765.29,39.59,12.81,101813.96,29.63,35.07,-1702762.37,6.04
19:53,101758.14,39.84,12.57,101811.64,30.03,32.85,-1701886.37,5.65
19:54,101762.98,39.68,12.55,101811.50,29.42,33.72,-1701459.75,4.47
19:55,101772.89,39.55,12.63,101811.00,29.13,34.66,-1700509.62,6.02
19:56,101759.78,39.68,12.59,101807.82,29.68,33.93,-1704557.75,4.74
19:57,101759.60,39.68,12.67,101805.88,29.88,33.66,-1705777.75,4.66
19:58,101747.33,39.81,12.79,101805.61,29.34,35.47,-1705995.62,5.39
19:59,101754.62,39.90,12.52,101802.07,29.28,34.98,-1706860.75,5.96
20:0,101753.55,39.88,12.62,101804.23,28.79,35.41,-1699329.62,4.54
20:1,101763.27,39.92,12.59,101803.99,28.67,36.09,-1014501.12,6.02
20:2,101759.22,39.90,12.60,101798.91,27.93,37.56,-1564119.25,5.36
20:3,101755.78,39.84,12.62,101799.10,28.16,37.59,-1567048.00,5.41
20:4,101757.64,39.81,12.71,101798.78,27.43,39.38,-1709889.00,4.40
20:5,101750.16,39.68,12.75,101803.00,26.87,40.09,-1710950.75,5.49
20:6,101760.92,39.58,12.66,101803.46,26.89,39.90,-1704333.62,5.22
20:7,101754.37,39.56,12.70,101801.16,27.34,39.06,-1607067.25,4.49
20:8,101751.16,39.44,12.72,101799.50,27.30,38.89,-1706114.37,5.51
20:9,101756.55,39.46,12.72,101797.58,27.42,39.28,-1706554.75,6.01
20:10,101753.25,39.50,12.76,101794.74,27.53,38.97,-1708385.62,5.37
20:11,101757.22,39.46,12.74,101792.13,27.42,38.84,-1708421.75,4.80
20:12,101752.03,39.39,12.73,101797.39,27.37,39.57,-1709280.00,5.59
20:13,101747.16,39.33,12.71,101790.75,27.67,38.11,-1709963.62,5.17
20:14,101748.38,39.28,12.81,101794.02,27.34,38.00,-1710805.62,4.52
20:15,101747.69,39.07,12.77,101794.97,26.85,39.80,-1709949.37,5.97
20:16,101746.95,39.02,12.79,101793.99,26.95,39.04,-1710224.75,5.13
20:17,101754.76,39.04,12.81,101795.70,27.05,39.19,-1711306.37,4.49
20:18,101749.60,39.04,12.83,101792.44,26.79,39.70,-1712416.00,6.02
20:19,101748.03,38.99,12.83,101794.25,26.74,39.69,-1712822.37,5.50
20:20,101744.70,38.81,12.84,101794.22,26.69,39.34,-1717177.25,5.53
20:21,101741.89,38.59,12.84,101793.85,26.70,38.99,-1676416.25,4.29
20:22,101752.00,38.53,12.89,101794.05,26.95,38.27,-1667705.87,4.89
20:23,101750.56,38.60,12.96,101793.60,26.85,38.91,-1719582.62,5.40
20:24,101742.05,38.64,12.93,101797.38,26.58,39.55,-1716629.62,4.89
20:25,101751.07,38.60,13.04,101794.52,26.78,39.96,-1717916.00,5.83
20:26,101742.70,38.65,13.03,101790.13,26.83,39.30,-1716694.00,4.67
20:27,101753.53,38.75,13.05,101793.77,26.87,40.00,-1698507.37,5.19
20:28,101738.80,38.82,13.11,101792.09,27.05,39.60,-1668262.25,5.68
20:29,101739.91,38.89,13.03,101784.50,27.48,39.11,-1682610.37,5.84
20:30,101745.51,39.02,12.90,101788.00,27.64,38.04,-1687858.75,4.96
20:31,101743.72,39.04,12.92,101785.85,27.57,38.37,-1686910.37,4.92
20:32,101752.69,39.04,12.83,101789.92,27.58,37.81,-1679032.25,6.07
20:33,101753.27,38.95,12.89,101794.25,27.60,37.40,-1676447.25,5.59
20:34,101749.83,38.97,12.79,101791.46,27.33,38.50,-1629492.37,5.37
20:35,101746.42,38.93,12.89,101793.28,27.29,38.32,-1627855.87,4.61
20:36,101741.46,38.79,12.96,101796.97,26.97,39.30,-1622668.12,4.68
20:37,101749.17,38.78,13.07,101796.01,26.45,41.33,-1701382.75,5.52
20:38,101742.41,38.79,13.06,101792.66,26.48,41.32,-1571129.50,4.69
20:39,101744.47,38.67,12.96,101789.61,26.81,39.72,-1642093.50,6.08
20:40,101749.92,38.62,12.96,101788.91,27.00,38.42,-1663396.62,4.52
20:41,101744.82,38.47,12.90,101790.86,26.52,39.45,-1642336.87,5.12
20:42,101744.80,38.30,13.02,101788.13,26.46,39.25,-1645947.37,4.52
20:43,101742.58,38.32,13.06,101788.78,26.45,39.72,-1617724.25,5.63
20:44,101742.27,38.34,13.07,101791.89,26.52,39.36,-1627896.25,5.83
20:45,101742.68,38.35,13.10,101784.42,26.25,40.66,-1615101.37,6.10
20:46,101735.66,38.27,13.19,101783.25,25.93,41.50,-1618470.25,5.64
20:47,101740.12,38.20,13.17,101781.00,26.04,41.03,-1659891.25,4.43
20:48,101729.44,38.22,13.18,101775.82,25.89,40.70,-1671204.62,5.63
20:49,101726.07,38.12,13.25,101773.27,25.66,42.46,-1670189.37,4.50
20:50,101729.34,38.18,13.19,101771.14,25.70,42.04,-1678464.00,6.14
20:51,101723.47,38.10,13.15,101774.92,25.70,42.44,-1707082.75,4.61
20:52,101728.44,38.05,13.37,101771.32,25.58,41.86,-1731583.62,5.05
20:53,101721.90,37.94,13.38,101772.20,25.21,44.23,-1677321.00,5.28
20:54,101728.44,37.89,13.25,101772.53,25.56,41.95,-1730434.00,5.69
20:55,101728.97,37.82,13.42,101777.57,25.23,43.11,-1733640.75,5.54
20:56,101730.75,37.85,13.44,101778.85,25.04,44.32,-1729943.25,5.14
20:57,101731.30,37.79,13.38,101782.71,25.13,42.82,-1725372.75,4.64
20:58,101731.47,37.74,13.35,101787.71,25.34,41.97,-1733001.25,5.48
20:59,101737.92,37.77,13.28,101783.92,25.29,42.53,-1736108.00,5.18
21:0,101735.94,37.72,13.28,101787.31,25.40,40.71,-1736183.25,4.66
21:1,101737.33,37.63,13.44,101787.76,25.16,43.43,-1737191.62,4.47
21:2,101744.72,37.63,13.40,101787.42,24.96,43.46,-1737231.62,4.49
21:3,101733.63,37.59,13.45,101784.74,25.26,42.10,-1738576.25,4.83
21:4,101737.57,37.58,13.53,101779.97,25.19,43.20,-1739071.62,6.01
21:5,101734.72,37.55,13.48,101781.85,25.54,41.43,-1740072.37,4.47
21:6,101726.61,37.46,13.49,101774.09,25.17,42.47,-1741131.25,5.43
21:7,101721.11,37.41,13.53,101770.46,25.14,42.78,-1741383.62,5.47
21:8,101724.33,37.42,13.55,101771.53,24.83,43.71,-1742119.25,5.85
21:9,101719.17,37.44,13.50,101771.20,24.81,43.76,-1742378.75,4.83
21:10,101716.27,37.40,13.50,101769.28,24.96,43.22,-1742891.62,4.57
21:11,101722.82,37.36,13.63,101767.32,24.85,44.21,-1743487.62,4.54
21:12,101713.08,37.31,13.59,101762.80,24.88,44.11,-1743970.00,3.95
21:13,101712.39,37.27,13.60,101762.52,24.82,43.04,-1744423.25,4.89
21:14,101715.46,37.16,13.66,101761.42,24.56,43.88,-1744004.00,5.12
21:15,101713.97,37.14,13.70,101762.64,24.66,44.11,-1745930.25,5.75
21:16,101702.74,37.15,13.67,101759.12,24.54,44.55,-1745831.75,4.45
21:17,101709.05,37.12,13.73,101756.60,24.51,44.58,-1746027.25,5.60
21:18,101704.08,37.07,13.69,101754.25,24.63,43.96,-1746624.62,5.63
21:19,101699.34,37.04,13.74,101745.75,24.52,44.18,-1747169.25,4.47
21:20,101708.14,37.05,13.69,101743.01,24.37,44.74,-1747370.75,5.87
21:21,101688.99,37.03,13.70,101740.82,24.47,44.44,-1747689.25,4.50
21:22,101692.18,36.96,13.73,101737.24,24.40,43.91,-1748640.25,5.85
21:23,101706.35,37.00,13.74,101737.60,24.41,44.74,-1749276.75,5.61
21:24,101693.76,36.91,13.85,101735.71,24.18,45.51,-1749027.62,4.53
21:25,101691.37,36.87,13.81,101733.05,24.47,43.58,-1749856.75,5.67
21:26,101682.83,36.75,13.88,101730.38,24.15,45.40,-1750713.62,4.40
21:27,101683.47,36.76,13.82,101734.07,24.49,43.65,-1751248.75,6.07
21:28,101684.02,36.79,13.83,101734.89,24.55,44.20,-1751054.00,5.69
21:29,101689.17,36.79,13.83,101738.22,24.05,46.27,-1752500.00,4.18
21:30,101691.78,36.75,13.91,101734.47,23.97,45.78,-1752663.25,5.80
21:31,101682.47,36.69,13.97,101736.81,23.94,46.60,-1752863.75,6.08
21:32,101684.67,36.57,13.94,101732.95,23.68,45.91,-1752947.00,6.12
21:33,101683.92,36.50,14.11,101733.88,23.72,46.89,-1754202.00,4.88
21:34,101690.92,36.49,14.05,101730.26,23.80,45.68,-1753624.75,4.45
21:35,101698.67,36.44,14.02,101733.28,23.77,45.06,-1754563.62,6.05
21:36,101689.38,36.40,13.98,101734.50,23.72,45.95,-1754778.00,4.47
21:37,101688.66,36.35,14.03,101736.49,23.80,45.48,-1755258.62,6.07
21:38,101689.89,36.33,14.07,101733.16,23.67,46.18,-1755329.25,5.61
21:39,101697.97,36.31,14.09,101736.69,23.73,45.91,-1755778.62,5.36
21:40,101683.28,36.29,14.04,101738.66,23.71,45.29,-1756452.62,5.91
21:41,101691.25,36.27,14.00,101741.67,23.87,45.22,-1756962.75,4.41
21:42,101688.21,36.23,14.09,101737.28,23.77,46.19,-1757801.25,5.54
21:43,101689.10,36.28,14.04,101735.14,23.75,45.84,-1757296.25,5.92
21:44,101685.86,36.26,14.09,101734.64,23.55,46.57,-1758002.00,5.60
21:45,101680.60,36.16,14.14,101732.21,23.49,46.58,-1759013.25,5.77
21:46,101680.13,36.12,14.21,101729.17,23.44,47.64,-1759266.75,5.77
21:47,101679.00,36.11,14.10,101723.08,23.58,47.04,-1759978.00,5.86
21:48,101667.20,36.16,14.16,101723.42,23.33,47.48,-1760306.00,5.97
21:49,101680.32,36.14,14.31,101721.99,23.04,48.24,-1760397.00,5.61
21:50,101673.67,36.14,14.15,101719.58,23.29,47.76,-1760970.25,6.00
21:51,101671.13,36.13,14.08,101715.96,24.07,44.82,-1761573.62,5.90
21:52,101671.35,36.07,14.13,101719.72,24.21,43.42,-1761760.75,6.07
21:53,101683.04,36.08,14.22,101718.64,24.06,44.67,-1762253.62,5.63
21:54,101674.53,36.11,14.12,101719.72,24.03,45.31,-1762334.37,5.73
21:55,101677.32,36.03,14.19,101722.86,23.61,47.23,-1762462.37,4.90
21:56,101670.15,36.03,14.13,101724.46,23.92,44.98,-1761607.62,5.59
21:57,101674.11,36.00,14.09,101721.85,23.96,45.31,-1762481.62,6.21
21:58,101681.27,35.91,14.14,101720.60,23.59,46.46,-1763341.25,5.98
21:59,101681.64,35.89,14.36,101721.46,23.53,45.62,-1764067.25,5.95
22:0,101673.10,35.91,14.34,101720.35,23.42,47.40,-1764840.62,6.09
22:1,101674.43,35.86,14.29,101719.25,23.30,46.73,-1765882.75,5.97
22:2,101680.36,35.82,14.40,101720.47,22.99,48.67,-1766181.25,5.01
22:3,101672.73,35.80,14.43,101726.94,22.97,48.40,-1765984.75,6.07
22:4,101681.82,35.89,14.39,101725.03,23.05,48.35,-1766330.75,5.10
22:5,101678.30,35.92,14.39,101730.06,23.02,48.97,-1767098.75,4.45
22:6,101684.03,35.98,14.29,101731.62,23.11,48.07,-1767295.25,4.83
22:7,101682.46,36.03,14.16,101735.63,23.06,48.60,-1768004.00,6.08
22:8,101679.64,35.94,14.26,101737.16,23.11,48.23,-1768083.62,5.72
22:9,101686.99,35.96,14.27,101737.10,22.92,49.05,-1768269.62,4.50
22:10,101686.78,35.94,14.23,101733.76,22.99,48.58,-1769158.37,5.35
22:11,101691.08,35.99,14.19,101738.58,23.17,48.04,-1769212.37,5.87
22:12,101693.57,35.94,14.29,101736.31,23.10,48.40,-1769731.25,5.75
22:13,101699.74,36.01,14.25,101732.38,23.50,47.18,-1769923.75,5.06
22:14,101687.07,36.05,14.34,101735.32,23.03,48.85,-1770752.25,5.60
22:15,101682.97,36.10,14.20,101736.53,23.25,48.31,-1770493.25,3.94
22:16,101682.21,36.07,14.17,101736.28,23.02,49.09,-1771362.62,5.68
22:17,101681.75,36.05,14.18,101733.21,23.23,47.03,-1771926.75,5.20
22:18,101685.47,36.04,14.28,101736.96,23.27,47.91,-1771814.25,5.05
22:19,101695.49,36.05,14.34,101739.55,23.06,48.94,-1772443.25,6.03
22:20,101690.26,36.11,14.31,101737.73,23.04,48.76,-1772200.75,4.54
22:21,101678.18,35.98,14.34,101737.60,23.08,48.39,-1772335.00,4.92
22:22,101689.86,36.07,14.19,101735.57,23.56,46.17,-1773390.25,5.94
22:23,101692.32,36.05,14.26,101737.74,23.41,47.90,-1773137.37,4.54
22:24,101691.21,36.12,14.29,101736.82,23.24,48.41,-1774248.37,5.22
22:25,101692.33,36.15,14.37,101739.88,23.16,48.51,-1773669.25,5.03
22:26,101693.97,36.21,14.33,101740.80,23.09,49.23,-1775143.25,5.36
22:27,101682.14,36.16,14.32,101737.16,23.04,48.99,-1774401.62,5.54
22:28,101693.78,36.15,14.18,101737.10,23.04,49.37,-1775626.37,4.54
22:29,101689.28,36.06,14.37,101739.96,22.98,49.36,-1775969.62,4.27
22:30,101691.13,36.14,14.37,101736.33,23.00,49.67,-1776689.25,5.74
22:31,101689.25,36.21,14.30,101734.52,23.37,48.95,-1777123.00,5.52
22:32,101682.41,36.26,14.37,101738.41,23.11,49.06,-1777027.25,4.49
22:33,101682.68,36.15,14.26,101737.96,23.18,47.80,-1777440.37,5.65
22:34,101693.82,36.07,14.33,101735.02,22.79,50.04,-1777342.00,4.57
22:35,101692.08,36.07,14.33,101732.80,22.94,49.99,-1778629.62,5.23
22:36,101688.97,36.08,14.33,101731.58,23.33,48.91,-1779428.37,6.31
22:37,101697.68,36.07,14.44,101736.83,23.01,50.05,-1779799.62,5.81
22:38,101693.49,36.13,14.37,101734.00,22.89,51.08,-1780738.00,4.61
22:39,101694.66,36.18,14.38,101737.28,22.86,50.32,-1781134.75,6.10
22:40,101692.42,36.19,14.27,101740.89,22.96,49.90,-1781567.25,4.72
22:41,101687.42,36.16,14.41,101735.59,23.00,50.53,-1782133.37,5.95
22:42,101682.25,36.12,14.36,101735.18,22.84,49.90,-1782339.62,5.66
22:43,101691.75,36.13,14.44,101736.03,23.04,49.25,-1782622.62,4.82
22:44,101678.86,36.17,14.48,101732.71,22.88,50.82,-1783289.25,6.03
22:45,101682.01,36.22,14.37,101729.94,22.96,50.10,-1784006.75,4.47
22:46,101684.74,36.20,14.42,101727.85,22.87,50.14,-1783985.62,5.90
22:47,101683.05,36.25,14.40,101732.75,22.82,50.70,-1784526.37,5.26
22:48,101686.80,36.20,14.35,101731.63,22.98,49.64,-1785225.62,4.65
22:49,101676.92,36.20,14.41,101732.25,22.90,50.40,-1785097.37,5.44
22:50,101677.04,36.21,14.46,101734.24,22.80,50.75,-1785791.25,5.72
22:51,101683.05,36.25,14.51,101730.58,22.64,52.34,-1786958.37,4.73
22:52,101683.38,36.26,14.34,101730.05,22.93,50.41,-1787576.62,5.30
22:53,101690.20,36.17,14.32,101735.60,22.76,51.44,-1788146.62,5.31
22:54,101688.29,36.11,14.49,101733.32,22.71,52.17,-1788892.75,5.72
22:55,101686.64,36.15,14.46,101732.75,22.89,51.24,-1789180.00,4.54
22:56,101675.88,36.22,14.47,101728.41,22.74,51.72,-1789202.00,5.66
22:57,101677.54,36.22,14.57,101729.12,22.55,52.45,-1790388.37,5.56
22:58,101685.83,36.21,14.46,101726.52,22.63,51.83,-1790184.75,5.71
22:59,101679.47,36.24,14.37,101728.52,22.86,50.96,-1791130.00,5.19
23:0,101675.79,36.20,14.45,101729.78,22.75,50.85,-1791727.75,6.14
23:1,101690.17,36.23,14.48,101723.78,22.63,51.62,-1791894.62,5.25
23:2,101685.24,36.20,14.41,101725.62,22.82,51.47,-1792951.62,5.43
23:3,101675.73,36.19,14.51,101722.40,22.78,51.74,-1793840.37,5.81
23:4,101675.94,36.27,14.39,101726.39,22.84,50.69,-1794193.62,4.38
23:5,101677.43,36.27,14.41,101721.60,22.92,51.26,-1795240.37,5.85
23:6,101680.89,36.18,14.57,101716.60,22.50,52.89,-1794440.62,5.32
23:7,101668.51,36.12,14.42,101715.82,22.71,51.43,-1795234.75,5.47
23:8,101671.07,36.16,14.54,101714.71,22.62,52.44,-1796208.00,4.61
23:9,101662.30,36.18,14.50,101715.85,22.45,53.11,-1796166.62,4.53
23:10,101675.10,36.20,14.41,101712.30,22.77,51.33,-1797357.25,4.14
23:11,101668.14,36.22,14.47,101713.40,22.78,51.95,-1798020.37,4.55
23:12,101665.50,36.14,14.49,101708.89,22.65,51.65,-1798708.00,4.65
23:13,101669.24,36.13,14.47,101709.26,22.80,52.08,-1799031.37,5.45
23:14,101659.24,36.10,14.43,101708.39,22.81,51.81,-1800042.37,5.19
23:15,101659.39,36.09,14.60,101703.42,22.60,51.46,-1800186.25,4.69
23:16,101671.30,36.10,14.58,101705.99,22.39,52.55,-1800884.37,5.79
23:17,101658.32,36.10,14.44,101704.85,22.78,50.89,-1801683.62,5.70
23:18,101662.58,36.03,14.51,101705.21,22.58,51.87,-1801760.00,4.98
23:19,101660.72,36.00,14.55,101705.71,22.57,52.04,-1802400.37,5.40
23:20,101663.55,36.03,14.55,101707.92,22.67,52.07,-1803131.25,5.35
23:21,101669.32,35.99,14.49,101705.05,22.53,52.33,-1803750.25,4.52
23:22,101666.68,35.93,14.65,101707.03,22.50,52.63,-1804338.75,5.10
23:23,101674.50,36.02,14.58,101712.68,22.76,51.44,-1804239.37,5.61
23:24,101667.74,36.07,14.53,101710.07,22.69,51.36,-1803407.25,5.63
23:25,101665.30,36.13,14.57,101705.10,22.74,51.42,-1804824.75,5.24
23:26,101646.17,36.14,14.47,101706.25,22.70,51.88,-1805738.62,6.08
23:27,101661.92,36.13,14.52,101703.74,22.69,51.19,-1806319.62,4.63
23:28,101650.64,36.14,14.48,101701.67,22.57,52.10,-1806593.25,6.16
23:29,101645.52,36.13,14.43,101701.31,22.67,51.94,-1805396.00,5.57
23:30,101653.07,36.10,14.55,101703.63,22.71,51.04,-1806103.25,4.55
23:31,101659.73,36.01,14.51,101697.17,22.63,50.41,-1807330.62,4.63
23:32,101650.57,35.99,14.65,101697.17,22.42,52.88,-1808585.25,4.81
23:33,101661.97,36.04,14.54,101704.82,22.31,52.74,-1713464.37,5.45
23:34,101664.11,35.86,14.63,101702.50,22.56,52.00,-1746297.62,4.82
23:35,101655.63,35.88,14.56,101700.44,22.98,50.33,-1765361.62,5.28
23:36,101658.51,35.90,14.56,101703.77,22.94,50.53,-1806849.00,6.01
23:37,101669.51,35.94,14.73,101705.07,22.61,52.10,-1810394.00,5.66
23:38,101662.57,35.90,14.71,101708.21,22.50,51.31,-1811152.00,5.77
23:39,101659.35,35.98,14.45,101705.96,22.74,51.05,-1810291.75,5.23
23:40,101661.04,36.00,14.50,101707.72,22.74,51.05,-1810597.62,5.45
23:41,101658.78,36.01,14.55,101703.10,22.69,51.57,-1811596.37,5.61
23:42,101652.42,36.05,14.54,101704.28,22.50,52.81,-1812730.62,6.17
23:43,101659.61,35.99,14.64,101703.46,22.48,52.32,-1812517.25,5.50
23:44,101654.99,35.96,14.64,101709.13,22.37,53.04,-1813299.25,5.74
23:45,101652.33,35.85,14.57,101701.63,22.48,51.88,-1814365.62,5.96
23:46,101646.71,35.84,14.72,101707.98,22.34,52.72,-1814723.75,5.84
23:47,101647.80,35.85,14.61,101701.39,22.48,52.27,-1816018.62,4.34
23:48,101655.01,35.89,14.61,101705.21,22.32,52.72,-1816571.75,5.44
23:49,101656.30,35.96,14.57,101701.61,22.47,51.71,-1817426.75,5.39
23:50,101660.63,35.99,14.54,101702.52,22.62,51.54,-1817159.62,6.09
23:51,101648.42,35.94,14.55,101698.53,22.45,51.67,-1819958.62,5.80
23:52,101645.56,35.95,14.59,101696.83,22.51,51.51,-1820264.75,5.97
23:53,101645.78,35.89,14.52,101697.50,22.78,51.55,-1819402.00,5.92
23:54,101651.82,35.86,14.72,101697.39,22.24,53.76,-1812444.75,5.79
23:55,101652.67,35.86,14.79,101696.09,22.17,54.17,-1822993.62,5.36
23:56,101645.52,35.90,14.65,101690.55,22.34,53.42,-1823966.75,5.79
23:57,101652.67,35.90,14.71,101692.39,22.31,53.45,-1824564.75,5.14
23:58,101637.96,35.90,14.67,101693.76,22.27,53.11,-1824743.25,4.74
23:59,101632.23,35.92,14.67,101691.67,22.28,53.63,-1825185.62,4.23
0:0,101640.63,35.94,14.61,101686.11,22.29,53.15,-1826025.62,5.50
0:1,101644.16,35.90,14.76,101694.74,22.07,54.29,-1826117.25,5.76
0:2,101636.69,35.89,14.63,101694.32,22.15,53.74,-1827054.37,4.57
0:3,101648.99,35.92,14.62,101695.17,22.09,54.15,-1827805.00,4.53
0:4,101652.21,35.87,14.62,101693.52,22.09,53.91,-1828475.75,5.81
0:5,101639.91,35.84,14.69,101691.64,22.27,53.30,-1828977.37,6.00
0:6,101641.96,35.84,14.63,101695.75,22.17,54.08,-1829804.37,6.02
0:7,101638.32,35.86,14.58,101692.94,22.24,52.97,-1830033.37,4.54
0:8,101644.78,35.86,14.58,101688.03,22.44,51.80,-1830420.62,4.87
0:9,101638.35,35.84,14.61,101692.97,22.16,54.15,-1830520.75,5.85
0:10,101648.14,35.74,14.63,101686.53,22.36,52.38,-1831768.75,6.18
0:11,101637.83,35.71,14.62,101692.69,22.21,53.61,-1831590.75,5.70
0:12,101643.22,35.71,14.69,101690.92,22.00,54.39,-1833004.75,5.43
0:13,101638.08,35.67,14.68,101692.58,22.11,53.91,-1833052.00,5.16
0:14,101642.52,35.64,14.69,101690.47,22.03,54.23,-1833251.25,5.36
0:15,101638.38,35.61,14.80,101686.88,21.82,55.22,-1833671.75,5.41
0:16,101643.50,35.60,14.79,101687.08,21.78,54.72,-1834555.37,4.56
0:17,101633.14,35.64,14.76,101685.91,21.91,53.92,-1836034.75,5.26
0:18,101631.38,35.59,14.75,101685.02,21.80,55.30,-1835894.00,6.10
0:19,101636.51,35.56,14.71,101685.15,21.74,55.22,-1837005.62,4.47
0:20,101638.26,35.54,14.86,101686.72,21.62,55.52,-1837638.37,6.11
0:21,101632.20,35.57,14.75,101686.96,21.73,54.77,-1838031.75,4.49
0:22,101633.46,35.54,14.83,101687.57,21.68,55.16,-1838921.62,5.94
0:23,101627.96,35.51,14.77,101687.07,21.80,54.99,-1838970.37,4.82
0:24,101628.14,35.45,14.79,101682.00,22.03,53.62,-1840736.00,4.94
0:25,101632.19,35.49,14.83,101683.64,21.71,55.12,-1841156.37,6.17
0:26,101633.83,35.45,14.82,101685.04,21.74,55.13,-1840266.25,6.11
0:27,101625.82,35.38,14.89,101683.13,21.66,55.42,-1840958.37,5.65
0:28,101629.23,35.42,14.89,101679.35,21.61,55.66,-1841431.25,4.58
0:29,101628.39,35.45,14.80,101682.75,21.69,54.99,-1842447.00,4.55
0:30,101630.17,35.46,14.83,101680.42,21.78,54.32,-1842829.25,5.43
0:31,101626.60,35.45,14.92,101678.32,21.78,54.71,-1842549.75,4.98
0:32,101619.55,35.45,14.84,101676.78,21.85,54.69,-1843938.75,5.99
0:33,101617.50,35.44,14.88,101675.27,21.61,54.98,-1844677.62,5.28
0:34,101620.88,35.39,14.85,101666.38,21.61,54.98,-1844857.62,4.56
0:35,101622.19,35.42,14.79,101663.83,21.59,55.73,-1845390.75,4.81
0:36,101610.52,35.38,14.94,101663.97,21.40,55.93,-1844042.00,4.67
0:37,101611.67,35.36,14.89,101659.55,21.70,54.83,-1844849.62,4.65
0:38,101610.17,35.38,14.81,101661.55,21.88,54.62,-1845629.62,4.89
0:39,101608.49,35.37,14.81,101659.14,21.90,53.23,-1845930.00,4.65
0:40,101606.99,35.42,14.83,101657.61,21.82,55.15,-1847150.00,4.90
0:41,101603.10,35.43,14.84,101655.05,21.73,55.09,-1847951.25,4.61
0:42,101599.47,35.47,14.78,101657.14,21.81,54.67,-1848457.62,5.65
0:43,101607.11,35.41,14.88,101653.04,21.64,55.46,-1849387.37,5.42
0:44,101596.81,35.37,14.94,101644.92,21.60,55.41,-1850159.25,6.01
0:45,101594.04,35.33,14.88,101645.14,21.53,55.17,-1850743.62,5.27
0:46,101587.42,35.34,14.97,101646.35,21.49,55.75,-1851655.25,5.68
0:47,101587.67,35.38,14.88,101641.49,21.67,54.57,-1852684.75,6.21
0:48,101579.42,35.38,14.85,101641.39,21.87,53.52,-1853308.00,6.07
0:49,101597.45,35.31,14.91,101643.09,21.76,54.79,-1854026.75,6.05
0:50,101596.48,35.35,14.83,101637.19,21.98,53.90,-1854736.37,4.83
0:51,101592.71,35.35,14.88,101643.86,21.70,54.76,-1855527.62,4.94
0:52,101590.19,35.33,14.94,101643.28,21.58,55.24,-1855710.75,4.58
0:53,101585.97,35.36,14.95,101639.28,21.42,56.04,-1856737.62,5.43
0:54,101597.16,35.39,14.85,101640.86,21.69,55.16,-1857122.37,4.96
0:55,101595.23,35.38,14.89,101639.32,21.62,54.92,-1858003.75,5.79
0:56,101597.12,35.34,14.78,101643.00,21.53,55.81,-1858652.00,5.80
0:57,101592.14,35.26,14.91,101637.45,21.39,56.90,-1853777.25,5.58
0:58,101590.94,35.25,15.00,101643.30,21.17,57.43,-1853806.75,4.61
0:59,101583.02,35.31,14.96,101637.72,21.27,56.63,-1820878.00,4.54
1:0,101582.63,35.33,14.90,101637.16,21.46,54.81,-1826760.75,5.04
1:1,101583.46,35.30,15.07,101631.39,21.54,55.27,-1859479.00,5.64
1:2,101588.27,35.38,14.82,101635.39,21.59,55.30,-1859403.62,5.79
1:3,101585.89,35.37,14.88,101636.35,21.53,55.86,-1855326.37,5.75
1:4,101584.30,35.31,14.84,101632.92,21.56,55.41,-1850733.25,4.64
1:5,101585.71,35.30,14.81,101636.14,21.60,55.04,-1852585.37,5.97
1:6,101581.07,35.37,14.84,101628.46,21.37,55.37,-1858467.62,5.79
1:7,101573.25,35.41,14.69,101630.88,21.61,55.09,-1859103.62,4.44
1:8,101570.25,35.37,14.78,101625.03,21.54,55.61,-1859850.75,5.64
1:9,101570.64,35.34,14.69,101623.98,21.44,56.22,-1862916.37,4.61
1:10,101564.50,35.30,14.85,101619.27,21.53,55.66,-1865020.37,4.88
1:11,101564.03,35.35,14.76,101618.02,21.36,56.34,-1860298.37,5.76
1:12,101570.41,35.33,14.79,101623.02,21.44,56.31,-1860634.75,4.54
1:13,101571.02,35.32,14.81,101617.86,21.54,55.09,-1856178.00,4.74
1:14,101568.36,35.37,14.75,101617.19,21.54,55.28,-1858249.62,5.90
1:15,101563.42,35.35,14.76,101616.46,21.55,55.63,-1857905.25,6.02
1:16,101566.45,35.34,14.75,101614.01,21.50,55.28,-1859458.75,4.43
1:17,101566.00,35.31,14.85,101613.75,21.36,56.79,-1863170.25,4.60
1:18,101564.92,35.30,14.76,101612.69,21.68,55.06,-1864033.62,5.18
1:19,101562.60,35.25,14.80,101613.72,21.71,54.85,-1866110.62,5.61
1:20,101564.10,35.24,14.77,101608.19,21.66,55.47,-1855357.62,4.61
1:21,101556.69,35.21,14.75,101604.36,21.58,54.49,-1856366.75,4.55
1:22,101549.35,35.12,14.93,101600.56,21.30,56.52,-1864198.37,5.83
1:23,101542.33,35.10,14.83,101595.14,21.31,56.07,-1865321.75,5.79
1:24,101540.67,35.08,14.94,101596.72,21.20,57.51,-1819265.25,4.50
1:25,101543.23,35.16,14.88,101593.07,21.33,56.19,-1822268.37,5.61
1:26,101536.00,35.17,14.80,101590.97,21.42,55.91,-1832839.62,5.78
1:27,101532.08,35.12,14.87,101587.41,21.26,56.55,-1830594.75,5.43
1:28,101530.13,35.14,14.91,101583.07,21.23,56.83,-1839496.75,4.67
1:29,101534.85,35.11,14.93,101586.61,21.30,56.52,-1827958.00,4.87
1:30,101542.13,35.08,14.94,101582.27,21.09,57.49,-1828458.00,5.70
1:31,101532.46,35.02,14.96,101578.30,21.20,56.92,-1830111.25,4.59
1:32,101522.58,35.07,14.94,101579.02,21.34,56.13,-1816957.37,5.04
1:33,101531.02,35.09,14.98,101575.05,21.20,56.08,-1803838.75,4.68
1:34,101522.58,35.10,14.95,101572.58,21.18,57.56,-1800836.75,5.64
1:35,101524.67,35.05,14.95,101571.22,21.23,55.72,-1795316.00,4.43
1:36,101519.24,35.07,14.95,101571.82,21.24,56.37,-1772465.62,5.99
1:37,101525.57,35.08,14.85,101572.88,21.11,57.05,-1769268.62,4.78
1:38,101522.47,34.98,14.99,101570.10,21.04,57.40,-1760960.37,5.57
1:39,101521.86,34.98,15.00,101569.85,21.06,57.07,-1763519.37,5.92
1:40,101517.88,35.02,15.06,101569.44,21.25,56.36,-1769704.25,4.46
1:41,101519.49,35.03,14.94,101567.89,21.24,56.30,-1812499.37,5.87
1:42,101510.18,35.04,14.98,101562.80,21.14,56.67,-1816615.62,5.63
1:43,101513.85,35.05,14.93,101557.78,21.05,56.49,-1788599.25,5.23
1:44,101506.44,35.06,14.96,101557.41,21.15,56.77,-1793230.75,6.01
1:45,101498.07,35.05,14.93,101549.57,21.28,55.90,-1795127.62,4.70
1:46,101501.75,30.34,27.50,101549.42,21.17,56.87,-1798896.62,0.86
1:47,101514.07,21.33,63.53,101551.07,21.07,58.94,-1888888.00,0.62
1:48,101508.33,22.16,53.30,101554.33,20.64,59.97,-1889636.00,0.61
1:49,101504.90,28.38,30.52,101555.49,20.58,60.35,-1890006.00,5.60
1:50,101492.28,33.82,16.93,101550.24,20.82,58.84,-1890797.25,5.32
1:51,101492.18,34.47,15.79,101549.24,20.81,57.79,-1891045.62,5.86
1:52,101485.08,34.57,15.60,101552.71,20.96,58.00,-1892443.25,5.61
1:53,101490.05,34.66,15.47,101546.50,20.91,57.82,-1893047.25,5.86
1:54,101497.42,34.65,15.48,101546.00,20.92,57.68,-1893350.00,5.14
1:55,101495.14,34.72,15.40,101544.80,20.91,57.81,-1893529.00,5.82
1:56,101498.13,34.77,15.42,101542.86,20.83,58.54,-1894696.00,6.06
1:57,101485.00,34.84,15.22,101540.19,20.91,58.19,-1894411.25,4.50
1:58,101492.87,34.82,15.36,101543.15,20.91,57.81,-1894947.25,5.79
1:59,101489.17,34.86,15.35,101539.58,20.73,58.92,-1895362.25,4.44
2:0,101487.72,34.86,15.27,101538.99,20.86,57.22,-1896262.00,4.43
2:1,101485.44,34.89,15.24,101537.08,20.89,58.13,-1896681.62,4.96
2:2,101484.06,34.93,15.11,101534.57,20.91,57.99,-1896981.25,5.53
2:3,101485.53,34.91,15.14,101530.72,21.00,57.19,-1897242.62,5.77
2:4,101482.71,34.92,15.11,101533.13,20.94,58.16,-1897461.25,5.48
2:5,101478.49,34.92,15.16,101530.89,20.88,58.05,-1897807.62,5.05
2:6,101477.02,34.93,15.05,101531.65,20.82,58.22,-1898064.75,4.60
2:7,101475.67,34.92,15.02,101533.10,20.91,57.48,-1898634.75,4.87
2:8,101475.00,34.94,14.95,101533.88,21.11,57.11,-1898875.25,5.74
2:9,101477.36,34.88,15.09,101530.05,20.94,57.18,-1899512.75,5.95
2:10,101478.14,34.85,14.96,101530.23,20.82,58.22,-1899934.00,5.10
2:11,101477.41,34.79,15.24,101532.72,20.56,59.31,-1900765.75,4.72
2:12,101474.52,34.82,15.13,101526.04,20.68,58.38,-1901218.00,3.91
2:13,101476.25,34.80,15.10,101524.03,20.82,57.61,-1902667.62,5.85
2:14,101472.99,34.80,15.13,101525.21,20.88,57.60,-1902505.75,5.83
2:15,101478.78,34.83,14.98,101525.08,20.83,58.16,-1903761.00,4.47
2:16,101470.35,34.79,15.05,101522.43,20.85,57.78,-1903532.75,5.81
2:17,101470.19,34.71,15.09,101520.30,20.76,58.69,-1903473.25,4.67
2:18,101455.26,34.71,15.08,101521.14,20.95,57.18,-1904572.37,4.99
2:19,101468.77,34.70,15.14,101517.22,20.91,57.75,-1904868.75,5.90
2:20,101459.63,34.71,15.04,101513.53,20.91,57.58,-1904933.37,5.65
2:21,101464.85,34.72,15.06,101515.41,20.76,58.17,-1905997.75,4.74
2:22,101463.99,34.73,14.94,101518.14,21.11,56.08,-1905980.75,5.33
2:23,101465.67,34.62,14.99,101516.80,21.05,57.06,-1906362.00,5.81
2:24,101459.96,34.60,15.02,101514.86,20.96,57.09,-1906795.62,5.39
2:25,101462.85,34.57,15.15,101517.41,20.83,57.43,-1908113.37,5.65
2:26,101468.88,34.56,15.06,101515.55,20.77,57.78,-1908523.62,5.10
2:27,101469.44,34.51,15.18,101513.66,20.68,58.27,-1909950.00,4.35
2:28,101465.71,34.56,15.18,101513.04,20.66,57.36,-1910827.25,4.80
2:29,101458.00,34.60,15.07,101510.50,20.98,56.92,-1911341.00,4.60
2:30,101453.57,34.63,15.16,101505.89,20.70,58.41,-1911895.25,4.79
2:31,101454.41,34.59,15.17,101509.17,20.64,58.46,-1912721.00,4.96
2:32,101449.99,34.65,15.17,101508.14,20.68,58.83,-1913228.75,4.54
2:33,101453.95,34.68,15.06,101502.47,20.57,59.22,-1913010.75,5.03
2:34,101448.10,34.61,15.25,101500.97,20.59,59.19,-1914025.00,5.61
2:35,101448.50,34.63,15.14,101499.96,20.64,58.33,-1914830.25,4.44
2:36,101448.42,34.63,15.15,101498.60,20.50,58.76,-1915332.00,4.59
2:37,101441.73,34.63,15.09,101498.02,20.67,58.39,-1915638.75,5.98
2:38,101445.44,34.61,15.18,101496.05,20.69,58.16,-1916822.00,5.29
2:39,101445.41,34.59,15.06,101493.43,20.44,59.60,-1916702.00,4.64
2:40,101450.14,34.59,15.10,101492.33,20.40,59.62,-1917324.75,5.85
2:41,101433.64,34.55,15.17,101486.95,20.50,58.69,-1917919.25,6.00
2:42,101436.39,34.59,15.08,101486.05,20.72,57.78,-1918929.25,5.14
2:43,101439.49,34.59,15.10,101485.31,20.49,59.31,-1919371.25,4.43
2:44,101431.82,34.60,15.00,101486.82,20.48,59.17,-1919191.62,5.66
2:45,101422.53,34.57,15.06,101481.11,20.54,58.24,-1920538.62,5.78
2:46,101426.77,34.52,15.07,101480.11,20.56,58.66,-1920890.37,5.99
2:47,101424.16,34.48,15.08,101480.99,20.61,58.34,-1921872.25,6.03
2:48,101427.50,34.48,15.11,101477.35,20.50,59.15,-1918898.75,5.51
2:49,101425.61,34.40,15.14,101479.35,20.50,59.07,-1919925.37,5.36
2:50,101430.25,34.44,15.15,101475.69,20.56,57.79,-1920289.00,5.07
2:51,101418.24,34.47,15.19,101475.00,20.52,58.88,-1920921.25,4.42
2:52,101417.06,34.43,15.28,101473.22,20.51,58.31,-1921966.00,4.44
2:53,101418.07,34.47,15.24,101470.71,20.44,58.94,-1922710.37,5.55
2:54,101418.48,34.50,15.18,101470.90,20.59,57.41,-1923075.00,4.98
2:55,101424.61,34.47,15.24,101468.60,20.36,59.46,-1923827.37,4.47
2:56,101410.10,34.48,15.22,101469.58,20.53,58.10,-1924466.25,4.15
2:57,101422.25,34.49,15.12,101470.11,20.47,59.10,-1925159.25,4.35
2:58,101424.89,34.46,15.25,101467.60,20.37,59.13,-1925056.25,4.74
2:59,101413.63,34.44,15.24,101470.40,20.42,58.92,-1926375.62,3.86
3:0,101410.89,34.46,15.07,101466.30,20.59,57.92,-1926820.25,5.80
3:1,101413.50,34.41,15.26,101470.99,20.32,59.75,-1926600.00,5.90
3:2,101414.92,34.43,15.15,101468.52,20.34,58.96,-1927647.62,5.34
3:3,101417.02,34.41,15.10,101466.01,20.34,59.33,-1928415.25,5.33
3:4,101414.89,34.35,15.18,101466.49,20.42,58.45,-1929602.00,4.87
3:5,101411.53,34.33,15.27,101469.24,20.06,60.66,-1929494.62,4.55
3:6,101406.42,34.31,15.22,101463.38,20.37,59.55,-1929095.00,5.12
3:7,101405.22,34.31,15.17,101460.91,20.42,59.24,-1929614.37,5.48
3:8,101408.22,34.26,15.17,101462.72,20.42,58.80,-1930790.00,4.96
3:9,101411.35,34.25,15.26,101459.67,20.40,58.83,-1930884.37,5.64
3:10,101407.07,34.16,15.30,101461.32,20.25,59.51,-1931738.75,5.36
3:11,101401.44,34.15,15.21,101459.91,20.49,58.05,-1931644.37,4.64
3:12,101401.25,34.11,15.35,101462.54,20.31,58.47,-1932853.75,4.54
3:13,101403.25,34.14,15.30,101458.04,20.22,59.87,-1929850.00,5.35
3:14,101403.96,34.12,15.25,101456.94,20.42,59.35,-1930432.75,5.82
3:15,101393.99,34.10,15.33,101451.78,20.43,58.02,-1931245.62,4.87
3:16,101409.77,34.13,15.35,101451.32,20.27,59.40,-1931674.00,4.45
3:17,101396.97,34.19,15.31,101449.39,20.28,58.86,-1932478.00,5.78
3:18,101397.95,34.17,15.30,101449.52,20.41,59.09,-1932287.25,4.44
3:19,101401.03,34.17,15.16,101449.57,20.43,58.24,-1933448.00,5.36
3:20,101400.30,34.16,15.29,101448.78,20.16,60.00,-1933531.25,5.14
3:21,101403.82,34.07,15.29,101453.71,19.91,61.09,-1934228.00,4.44
3:22,101398.77,33.99,15.31,101454.58,19.89,60.86,-1935946.75,4.16
3:23,101406.80,34.00,15.25,101455.98,20.04,60.13,-1936909.25,4.80
3:24,101402.13,34.02,15.30,101458.28,20.06,60.41,-1936924.75,4.40
3:25,101402.08,34.00,15.29,101456.78,20.28,58.99,-1937932.37,4.60
3:26,101405.25,34.04,15.30,101458.03,20.28,58.92,-1938660.75,4.95
3:27,101414.56,34.05,15.31,101461.10,20.30,59.20,-1938831.25,4.39
3:28,101411.19,34.07,15.22,101458.57,20.27,59.11,-1939262.62,5.01
3:29,101401.58,34.03,15.33,101460.67,20.31,58.04,-1940857.62,4.44
3:30,101405.93,34.04,15.28,101454.72,20.63,56.48,-1940785.25,4.89
3:31,101396.22,34.01,15.45,101456.60,20.38,58.34,-1941209.25,4.89
3:32,101397.58,34.05,15.39,101449.78,20.25,59.36,-1941762.00,5.14
3:33,101395.64,34.08,15.35,101447.47,20.28,59.32,-1943086.37,5.97
3:34,101389.20,34.14,15.28,101449.41,20.08,60.14,-1943291.25,5.74
3:35,101402.30,34.05,15.38,101452.77,19.86,60.91,-1944144.00,5.14
3:36,101393.96,34.07,15.34,101446.71,20.13,59.95,-1944330.25,4.43
3:37,101395.99,34.08,15.33,101440.74,20.02,60.84,-1944580.75,3.81
3:38,101388.32,34.06,15.29,101442.46,20.10,59.79,-1948367.62,5.48
3:39,101389.14,34.04,15.33,101443.77,20.24,59.03,-1950988.75,5.43
3:40,101398.86,34.06,15.30,101448.17,19.98,61.00,-1951320.00,5.72
3:41,101385.57,33.99,15.30,101441.62,20.32,59.54,-1952103.62,5.51
3:42,101395.67,33.97,15.38,101448.11,20.16,60.18,-1953740.37,5.13
3:43,101391.05,34.02,15.37,101448.98,19.99,60.79,-1953863.25,5.75
3:44,101392.70,33.96,15.41,101448.87,19.99,60.59,-1954468.37,5.88
3:45,101387.91,34.01,15.34,101445.04,20.29,58.61,-1955194.62,5.50
3:46,101383.89,34.04,15.42,101441.07,20.29,59.49,-1955641.62,5.78
3:47,101389.74,34.08,15.39,101445.55,20.29,59.39,-1956292.62,5.70
3:48,101386.55,34.08,15.34,101446.09,20.23,59.35,-1956578.37,4.68
3:49,101394.67,34.09,15.41,101441.95,20.17,60.25,-1956709.25,5.03
3:50,101395.99,34.12,15.28,101440.69,20.23,59.89,-1957556.37,5.14
3:51,101395.55,34.09,15.33,101446.47,20.03,60.84,-1958320.37,5.81
3:52,101385.35,34.05,15.40,101441.77,20.03,60.93,-1958075.25,5.19
3:53,101393.22,34.01,15.42,101446.55,19.87,61.84,-1958837.62,5.89
3:54,101386.78,34.01,15.42,101444.42,19.82,61.88,-1959649.62,5.70
3:55,101392.78,34.06,15.41,101442.02,20.05,60.99,-1960113.37,5.89
3:56,101392.36,34.09,15.38,101443.96,20.18,59.00,-1960182.25,5.43
3:57,101387.67,34.12,15.34,101443.29,20.16,60.00,-1960779.75,4.64
3:58,101387.77,34.08,15.47,101444.03,20.06,60.63,-1961680.37,4.87
3:59,101391.75,34.11,15.38,101447.46,20.03,61.13,-1959546.25,5.74
4:0,101392.31,34.08,15.38,101443.78,20.16,60.00,-1960178.37,5.24
4:1,101393.32,34.09,15.44,101448.72,19.95,62.00,-1959597.62,5.85
4:2,101392.85,34.03,15.34,101450.13,20.07,60.94,-1466688.25,5.85
4:3,101399.86,33.93,15.47,101447.67,19.83,62.06,-1455667.12,4.40
4:4,101391.92,33.92,15.47,101450.82,19.85,62.40,-1479866.25,5.19
4:5,101398.87,33.86,15.53,101450.02,19.84,61.57,-1487613.00,5.96
4:6,101392.11,33.94,15.54,101448.28,19.89,61.75,-1480832.75,4.59
4:7,101392.17,34.03,15.46,101446.42,20.00,61.04,-1473272.75,4.39
4:8,101380.33,34.07,15.47,101442.17,20.00,61.13,-1460001.75,4.29
4:9,101390.84,34.08,15.35,101443.88,20.23,59.49,-1472079.25,4.42
4:10,101392.15,34.08,15.35,101443.58,20.03,61.04,-1465566.25,4.44
4:11,101388.13,34.07,15.46,101440.27,19.95,61.28,-1475032.37,5.08
4:12,101386.99,34.12,15.38,101441.80,20.08,60.89,-1330096.37,4.43
4:13,101382.68,34.14,15.35,101439.83,20.23,59.99,-1745699.62,4.40
4:14,101381.78,34.16,15.43,101442.71,20.24,60.21,-1779662.00,5.47
4:15,101384.77,34.20,15.40,101441.57,20.14,60.77,-1768158.62,5.77
4:16,101390.92,34.21,15.39,101438.17,20.04,61.39,-1781940.00,5.43
4:17,101382.36,34.20,15.40,101435.02,20.06,61.25,-1708699.25,4.98
4:18,101380.61,34.23,15.41,101435.03,20.11,61.01,-1721144.75,5.17
4:19,101375.23,34.22,15.43,101428.83,20.10,60.26,-1971374.75,5.03
4:20,101366.60,34.25,15.32,101431.14,20.16,60.73,-1971968.37,5.48
4:21,101367.71,34.21,15.40,101428.60,19.96,61.96,-1751723.62,5.89
4:22,101372.13,34.17,15.55,101431.44,19.87,62.53,-1728572.37,4.36
4:23,101378.44,34.23,15.36,101433.60,19.80,62.89,-1742950.37,5.59
4:24,101387.85,34.20,15.43,101434.86,19.91,62.02,-1720639.62,5.78
4:25,101387.53,34.11,15.39,101442.99,19.82,62.88,-525240.87,4.14
4:26,101383.80,34.10,15.46,101443.78,19.82,63.13,-991293.18,4.92
4:27,101399.82,34.06,15.45,101447.52,19.97,62.16,-889036.31,4.54
4:28,101395.22,34.13,15.40,101446.67,20.01,61.70,-1400648.62,5.46
4:29,101398.78,34.11,15.49,101447.63,19.97,62.37,-1970402.75,5.74
4:30,101399.00,34.16,15.46,101446.32,20.17,61.27,-1971994.75,4.61
4:31,101395.67,34.25,15.43,101451.64,19.99,62.33,-1973434.75,5.47
4:32,101385.50,34.31,15.35,101443.57,20.06,61.52,-1976099.25,5.57
4:33,101392.67,34.32,15.29,101444.11,20.25,61.03,-1978392.25,5.45
4:34,101401.60,34.31,15.32,101444.45,20.09,62.00,-1979666.00,4.59
4:35,101387.85,34.33,15.30,101441.57,20.07,61.35,-1980592.25,5.27
4:36,101387.05,34.30,15.40,101444.36,19.95,62.19,-1981213.62,5.73
4:37,101380.44,34.30,15.31,101440.40,19.93,62.38,-1981996.37,4.78
4:38,101387.10,34.29,15.43,101435.80,19.96,62.03,-1983044.62,4.67
4:39,101384.58,34.34,15.35,101432.79,20.02,62.20,-1983312.25,5.66
4:40,101384.36,34.35,15.36,101434.32,20.06,61.86,-1984186.37,5.19
4:41,101376.39,34.35,15.31,101436.25,20.12,61.68,-1985002.75,4.71
4:42,101385.64,34.36,15.34,101436.04,20.10,61.89,-1985120.75,5.19
4:43,101385.07,34.35,15.29,101433.79,20.08,62.61,-1986148.75,5.21
4:44,101388.64,34.29,15.35,101438.67,19.90,62.94,-1986529.00,5.80
4:45,101382.58,34.31,15.48,101437.22,19.89,62.72,-1987624.00,4.61
4:46,101381.71,34.35,15.41,101433.78,20.05,62.09,-1988674.75,4.45
4:47,101388.64,34.37,15.37,101435.11,20.02,62.52,-1989902.37,4.43
4:48,101385.53,34.37,15.42,101434.67,19.89,63.24,-1990555.25,6.17
4:49,101375.45,34.40,15.45,101433.92,20.12,62.27,-1990782.37,5.14
4:50,101371.96,34.46,15.43,101427.98,20.00,62.95,-1992692.37,6.03
4:51,101370.53,34.45,15.44,101429.33,19.96,62.46,-1993143.62,5.70
4:52,101380.64,34.45,15.39,101428.71,20.02,62.26,-1994367.00,5.52
4:53,101378.38,34.43,15.44,101430.19,19.79,63.78,-1994688.75,6.01
4:54,101380.63,34.46,15.35,101434.41,19.88,63.31,-1995217.25,5.73
4:55,101377.25,34.43,15.30,101431.35,19.84,63.48,-1995635.62,5.20
4:56,101372.99,34.42,15.34,101428.85,20.04,62.32,-1996114.00,5.98
4:57,101372.88,34.44,15.38,101431.36,19.95,63.33,-1996879.62,5.80
4:58,101377.52,34.47,15.43,101430.58,19.86,63.69,-1998542.00,5.24
4:59,101376.18,34.49,15.43,101427.26,19.78,63.99,-1999312.75,4.50
5:0,101376.87,34.50,15.45,101423.07,19.80,63.74,-2000296.25,4.45
5:1,101386.01,34.52,15.37,101421.78,19.85,63.57,-2000870.75,5.93
5:2,101364.14,34.52,15.43,101422.47,19.67,64.11,-2001244.00,4.47
5:3,101361.57,34.52,15.43,101417.52,19.78,64.26,-2002171.25,5.50
5:4,101352.36,34.53,15.32,101415.06,19.93,62.40,-2002739.25,4.11
5:5,101357.00,34.53,15.32,101410.71,19.96,63.51,-2003788.37,5.79
5:6,101355.75,34.52,15.28,101409.98,19.92,63.02,-2003864.00,5.72
5:7,101354.66,34.50,15.32,101407.79,19.81,63.97,-2004653.00,5.23
5:8,101345.41,34.48,15.28,101407.14,19.86,63.90,-2004780.62,5.21
5:9,101352.54,34.44,15.33,101404.05,19.90,63.35,-2005503.75,4.36
5:10,101350.67,34.46,15.36,101406.61,19.88,63.62,-2006370.25,5.71
5:11,101350.76,34.47,15.38,101403.89,19.98,63.11,-2007060.62,5.61
5:12,101348.77,34.48,15.33,101401.48,19.89,63.58,-2007824.75,4.89
5:13,101351.79,34.47,15.38,101405.86,19.70,64.84,-2007900.37,5.77
5:14,101362.74,34.44,15.46,101404.05,19.64,64.97,-2008748.75,5.40
5:15,101352.22,34.46,15.34,101403.22,19.65,64.53,-2009161.62,4.97
5:16,101352.29,34.44,15.41,101405.38,19.54,65.51,-2010023.62,5.83
5:17,101356.41,34.44,15.39,101403.19,19.70,64.74,-2010104.37,4.84
5:18,101353.32,34.39,15.37,101408.81,19.73,65.05,-2011232.75,4.89
5:19,101359.57,34.33,15.45,101406.76,19.77,64.17,-2011955.62,4.69
5:20,101349.64,34.35,15.42,101406.12,19.75,64.11,-2012892.37,5.01
5:21,101349.02,34.37,15.43,101404.52,19.72,64.41,-2013243.62,5.87
5:22,101354.42,34.36,15.34,101404.35,19.97,62.47,-2013734.00,5.83
5:23,101347.82,34.36,15.40,101402.24,19.91,63.35,-2014722.37,5.59
5:24,101347.92,34.36,15.48,101409.27,19.77,63.91,-2015345.37,4.99
5:25,101346.44,34.37,15.41,101408.72,19.65,64.85,-2016026.00,4.34
5:26,101359.05,34.36,15.40,101410.57,19.67,64.12,-2017334.00,5.49
5:27,101357.58,34.37,15.41,101415.47,19.75,64.05,-2017164.75,5.59
5:28,101358.91,34.31,15.43,101412.94,19.34,66.17,-2018071.62,5.83
5:29,101355.70,34.24,15.39,101414.22,19.30,66.57,-2019573.25,5.61
5:30,101356.35,34.22,15.54,101414.35,19.39,65.49,-2019757.37,3.83
5:31,101366.35,34.29,15.51,101414.36,19.41,66.28,-2020463.25,3.89
5:32,101354.42,34.28,15.46,101410.08,19.48,65.42,-2021290.37,4.40
5:33,101364.78,34.29,15.41,101412.36,19.56,65.03,-2022128.62,4.46
5:34,101355.94,34.30,15.41,101410.36,19.54,65.30,-2022658.37,4.62
5:35,101352.44,34.24,15.43,101408.85,19.61,64.72,-2024064.62,4.43
5:36,101354.35,34.23,15.43,101410.11,19.67,64.51,-2025035.25,5.19
5:37,101353.13,34.24,15.54,101406.97,19.45,65.82,-2025514.62,4.77
5:38,101338.11,34.29,15.42,101401.40,19.57,65.27,-2026519.25,5.20
5:39,101342.41,34.28,15.43,101400.82,19.59,65.07,-2026755.25,4.51
5:40,101325.33,34.26,15.43,101397.36,19.48,65.22,-2027718.37,5.12
5:41,101340.06,34.26,15.44,101394.96,19.45,65.69,-2028195.62,5.36
5:42,101340.96,34.24,15.50,101393.86,19.51,64.72,-2028940.25,5.53
5:43,101333.71,34.26,15.55,101392.32,19.51,65.34,-2029324.00,5.56
5:44,101340.90,34.27,15.48,101390.22,19.57,64.89,-2029999.62,5.85
5:45,101334.45,34.25,15.63,101390.30,19.58,64.55,-2031095.62,5.81
5:46,101327.17,34.27,15.59,101386.53,19.50,65.41,-2031256.25,5.10
5:47,101324.02,34.30,15.51,101383.00,19.49,65.85,-2031695.37,3.96
5:48,101331.03,34.31,15.49,101380.13,19.51,65.40,-2032947.62,4.40
5:49,101316.17,34.33,15.45,101376.53,19.63,64.77,-2033306.62,4.62
5:50,101315.99,34.25,15.49,101378.68,19.46,65.97,-2027466.75,4.43
5:51,101313.91,34.22,15.47,101379.67,19.54,65.31,-2028155.62,5.68
5:52,101325.00,34.21,15.53,101373.96,19.38,65.44,-2029138.25,4.93
5:53,101314.10,34.24,15.52,101373.92,19.55,65.20,-2029824.37,3.94
5:54,101314.22,34.23,15.52,101375.46,19.41,65.68,-2030481.37,5.32
5:55,101318.00,34.23,15.55,101374.19,19.46,65.74,-2031012.37,5.66
5:56,101322.97,34.27,15.49,101372.07,19.56,65.32,-2032635.62,4.50
5:57,101309.91,34.25,15.42,101369.96,19.60,65.50,-2032406.00,5.32
5:58,101315.83,34.21,15.53,101376.03,19.40,65.90,-2033164.75,6.04
5:59,101314.97,34.24,15.55,101372.60,19.54,65.32,-2033965.25,5.37
6:0,101315.41,34.24,15.55,101375.27,19.45,65.64,-2034363.25,5.75
6:1,101321.75,34.24,15.59,101373.92,19.43,66.52,-2035221.37,5.45
6:2,101316.13,34.26,15.54,101377.00,19.23,67.68,-2035408.75,5.01
6:3,101320.88,34.21,15.54,101372.03,19.27,66.74,-2035625.62,5.16
6:4,101308.28,34.25,15.55,101373.03,19.53,65.57,-2036250.62,4.56
6:5,101309.86,34.27,15.54,101369.60,19.52,66.07,-2037089.25,4.11
6:6,101312.28,34.26,15.62,101362.93,19.40,66.69,-2037505.62,5.36
6:7,101314.36,34.28,15.52,101364.85,19.39,66.62,-2038147.62,3.94
6:8,101312.82,34.21,15.60,101364.14,19.41,66.28,-2039758.75,3.96
6:9,101313.97,34.23,15.65,101365.94,19.41,66.32,-2039960.00,5.12
6:10,101301.24,34.25,15.58,101366.52,19.50,65.78,-2040569.75,5.30
6:11,101303.07,34.25,15.63,101361.85,19.40,66.10,-2041587.25,4.98
6:12,101296.71,34.25,15.63,101349.71,19.55,65.67,-2041824.75,4.02
6:13,101306.14,34.29,15.64,101350.33,19.63,64.89,-2042505.25,4.23
6:14,101291.82,34.32,15.58,101348.05,19.42,66.62,-2043240.75,5.31
6:15,101301.63,34.31,15.60,101348.49,19.28,67.10,-2043633.62,4.17
6:16,101287.92,34.30,15.63,101347.54,19.42,66.34,-2043970.75,5.42
6:17,101298.09,34.32,15.54,101345.44,19.42,66.52,-2044796.37,4.05
6:18,101291.10,34.34,15.56,101346.13,19.59,65.30,-2045658.75,5.23
6:19,101295.42,34.33,15.62,101346.21,19.53,65.79,-2046798.25,4.11
6:20,101288.14,34.35,15.57,101346.63,19.76,64.70,-2047998.62,5.97
6:21,101288.07,34.36,15.61,101346.88,19.56,65.66,-2048473.62,5.36
6:22,101290.50,34.37,15.59,101343.77,19.57,65.68,-2049072.75,4.57
6:23,101300.92,34.39,15.64,101343.07,19.64,65.63,-2049862.75,5.70
6:24,101284.02,34.40,15.62,101338.89,19.53,66.00,-2050842.00,5.80
6:25,101283.49,34.41,15.60,101338.07,19.52,66.29,-2051474.00,4.35
6:26,101276.38,34.39,15.58,101334.10,19.52,65.57,-2052022.75,4.47
6:27,101279.99,34.36,15.77,101331.50,19.23,67.88,-2052322.37,4.83
6:28,101283.16,34.40,15.58,101323.62,19.49,66.59,-2044078.00,5.92
6:29,101272.65,34.38,15.72,101321.39,19.40,67.53,-2044053.37,5.27
6:30,101273.82,34.40,15.57,101326.83,19.28,67.91,-2041676.37,4.63
6:31,101280.77,34.35,15.57,101329.93,19.49,66.28,-663539.68,5.86
6:32,101288.57,34.39,15.50,101333.52,19.65,65.68,-1323717.37,5.74
6:33,101291.22,34.39,15.56,101341.57,19.54,66.23,-1418328.25,4.78
6:34,101295.60,34.39,15.50,101346.32,19.78,65.33,-1231863.25,5.72
6:35,101300.99,34.33,15.43,101349.64,20.19,63.11,-1202278.00,4.62
6:36,101302.38,34.29,15.60,101354.17,20.04,63.64,-2051232.00,5.85
6:37,101296.10,34.28,15.52,101344.92,20.36,62.64,-1861172.00,4.54
6:38,101286.38,34.34,15.75,101342.11,20.09,64.17,-1864916.37,5.02
6:39,101291.57,34.47,15.55,101339.54,20.05,63.76,-1900747.25,5.54
6:40,101281.64,34.50,15.48,101331.05,20.15,62.58,-1895131.25,5.05
6:41,101290.81,34.52,15.49,101339.78,19.95,64.56,-1906151.62,3.96
6:42,101289.70,34.52,15.49,101342.46,19.84,65.39,-1888264.75,5.78
6:43,101284.28,34.46,15.54,101344.39,19.89,65.23,-1871326.00,4.03
6:44,101286.89,34.51,15.43,101337.86,20.22,63.57,-1918510.00,5.80
6:45,101285.92,34.50,15.45,101339.15,20.26,63.78,-1821976.37,4.32
6:46,101284.79,34.46,15.51,101335.49,20.16,64.22,-1757973.25,5.07
6:47,101286.02,34.49,15.73,101340.64,19.82,65.51,-1769063.00,4.88
6:48,101292.80,34.54,15.59,101346.42,19.78,65.72,-1851053.62,5.71
6:49,101294.03,34.60,15.50,101345.05,19.69,66.77,-1923908.62,4.64
6:50,101298.20,34.62,15.52,101348.71,19.72,66.81,-1942039.25,5.68
6:51,101285.42,34.62,15.53,101346.77,19.84,65.75,-1924277.25,6.03
6:52,101290.91,34.65,15.46,101346.04,19.82,65.74,-1929889.62,5.78
6:53,101291.49,34.67,15.48,101348.30,19.55,67.43,-1958475.00,4.72
6:54,101291.20,34.60,15.43,101347.33,20.02,64.69,-1960110.75,4.72
6:55,101283.85,34.59,15.50,101348.63,19.98,64.79,-1959070.37,4.92
6:56,101296.14,34.62,15.46,101350.52,19.99,64.60,-1953156.75,5.65
6:57,101299.14,34.55,15.54,101352.39,19.84,65.96,-1971243.62,6.06
6:58,101290.05,34.58,15.45,101355.42,20.12,63.77,-1964242.62,4.74
6:59,101301.99,34.54,15.53,101353.14,20.38,62.98,-1956887.25,5.23
7:0,101301.96,34.59,15.53,101358.21,20.10,65.43,-1979859.75,5.95
7:1,101296.25,34.71,15.51,101355.92,20.01,65.71,-1964673.62,5.89
7:2,101289.97,34.76,15.51,101354.25,20.06,65.01,-1942854.00,4.43
7:3,101283.30,34.78,15.61,101350.53,20.00,65.74,-1956351.25,5.20
7:4,101287.42,34.89,15.55,101342.83,19.98,66.87,-1945414.00,4.49
7:5,101297.89,34.99,15.49,101338.32,19.92,67.21,-1953819.62,5.06
7:6,101277.50,35.08,15.45,101331.26,20.09,66.43,-1949670.00,5.77
7:7,101274.83,35.08,15.26,101329.07,20.15,64.52,-1950369.75,6.06
7:8,101275.21,35.07,15.22,101331.21,20.10,65.29,-1962078.00,3.98
7:9,101286.74,35.07,15.14,101333.64,20.21,65.06,-1955823.25,5.12
7:10,101289.73,35.03,15.14,101336.52,20.51,63.11,-1950366.37,5.55
7:11,101286.45,34.99,15.22,101339.27,20.42,64.23,-1944863.37,5.02
7:12,101288.05,35.02,15.16,101336.11,20.62,61.75,-1971349.62,5.27
7:13,101282.65,35.02,15.21,101342.02,20.40,63.35,-1963048.00,5.40
7:14,101290.96,35.06,15.21,101343.60,20.54,62.67,-1950120.25,5.89
7:15,101281.76,35.09,15.24,101338.10,20.36,64.02,-1938124.37,5.68
7:16,101294.47,35.09,15.11,101337.53,20.22,64.15,-1938986.37,4.59
7:17,101286.21,35.07,15.21,101336.89,20.35,64.91,-1935928.37,4.48
7:18,101279.22,35.14,15.24,101336.29,20.45,64.53,-2091219.75,4.07
7:19,101275.83,35.19,15.09,101330.25,20.38,64.63,-2091859.62,4.51
7:20,101272.03,35.20,15.28,101324.99,20.16,65.86,-2093277.25,5.73
7:21,101270.32,35.23,15.19,101326.16,20.22,65.81,-2094215.62,5.19
7:22,101277.59,35.21,15.13,101326.63,20.20,64.62,-2094630.37,4.47
7:23,101275.79,35.14,15.13,101326.63,20.35,64.16,-2095551.75,4.56
7:24,101277.36,35.13,15.07,101333.31,20.33,64.20,-2096507.25,5.12
7:25,101277.00,35.15,14.96,101331.41,20.79,59.47,-2096672.37,5.74
7:26,101289.13,35.11,15.03,101329.41,20.67,62.09,-2097616.75,5.88
7:27,101281.76,35.09,15.15,101336.44,20.38,63.41,-2097751.00,5.93
7:28,101289.14,35.13,15.09,101342.86,20.57,62.32,-2098414.75,5.50
7:29,101296.41,35.04,15.04,101348.26,20.38,63.29,-2099098.50,5.63
7:30,101300.05,34.98,15.06,101358.86,20.14,64.24,-2099908.75,5.88
7:31,101307.32,34.95,15.15,101350.84,20.28,64.07,-2101247.75,5.23
7:32,101309.66,35.03,15.03,101358.72,20.63,61.88,-2102188.75,4.48
7:33,101312.33,35.02,15.03,101361.64,20.56,61.25,-2101993.25,5.16
7:34,101314.37,34.89,15.13,101364.44,20.75,60.73,-2103359.50,5.76
7:35,101316.83,34.82,15.15,101363.07,20.61,60.18,-2103379.50,5.41
7:36,101316.88,34.78,15.21,101361.05,20.39,62.65,-2104480.75,4.27
7:37,101313.22,34.79,15.24,101362.89,20.30,63.59,-2104649.00,5.21
7:38,101313.36,34.70,15.25,101374.53,20.22,62.97,-515565.59,5.33
7:39,101315.89,34.68,15.27,101360.83,20.41,62.46,-1906294.00,5.36
7:40,101307.67,34.71,15.31,101354.59,20.41,62.48,-2052350.62,5.27
7:41,101313.02,34.80,15.26,101354.08,20.41,63.30,-2049039.37,4.71
7:42,101291.60,34.90,15.34,101350.57,20.46,63.31,-2092753.25,5.43
7:43,101297.28,34.95,15.32,101348.03,20.35,63.41,-2099783.25,5.70
7:44,101292.01,34.97,15.18,101345.82,20.53,62.35,-839988.50,5.39
7:45,101285.94,34.93,15.28,101344.42,20.56,63.17,-846792.50,5.52
7:46,101286.53,34.96,15.47,101342.27,20.13,66.08,-889838.50,5.61
7:47,101293.14,35.08,15.47,101340.72,20.32,64.60,-939567.68,5.50
7:48,101283.98,35.16,15.35,101337.85,20.29,64.62,-1028505.62,5.37
7:49,101285.30,35.18,15.23,101334.97,20.29,63.49,-1065808.12,4.60
7:50,101287.78,35.19,15.25,101333.47,20.24,64.79,-1002031.00,6.03
7:51,101291.67,35.18,15.20,101339.03,20.29,64.49,-1016817.81,4.96
7:52,101291.83,35.22,15.27,101339.10,20.26,65.43,-882017.68,5.41
7:53,101288.11,35.25,15.16,101340.17,20.28,64.49,-819998.81,5.50
7:54,101293.77,35.23,15.14,101343.65,20.33,64.66,-840535.62,5.39
7:55,101292.57,35.26,15.14,101348.14,20.34,64.85,-830090.18,5.52
7:56,101288.91,35.28,15.18,101342.20,20.67,61.97,-799230.68,3.96
7:57,101293.62,35.23,15.03,101349.94,20.82,61.91,-813484.00,4.71
7:58,101294.82,35.26,15.12,101346.70,21.08,60.43,-841000.12,5.90
7:59,101300.40,35.32,15.27,101345.78,20.87,62.69,-891257.68,5.54
8:0,101287.67,35.33,15.07,101350.69,20.88,61.83,-807164.50,5.30
8:1,101303.30,35.32,15.18,101350.02,20.76,62.63,-2119690.25,5.67
8:2,101292.80,35.33,15.05,101348.93,21.04,60.59,-2120454.50,5.56
8:3,101290.26,35.26,14.96,101350.57,21.19,59.57,-2121684.50,5.64
8:4,101302.35,35.27,15.05,101353.88,21.39,59.11,-2121532.75,5.51
8:5,101305.55,35.26,15.03,101354.72,21.44,57.59,-2122671.75,4.45
8:6,101301.05,35.24,15.03,101357.45,21.19,60.55,-2123878.25,4.54
8:7,101305.39,35.26,15.07,101356.95,21.04,60.56,-2125011.25,4.26
8:8,101305.64,35.23,15.22,101358.19,20.88,61.96,-2125722.50,5.45
8:9,101299.10,35.30,15.08,101362.11,20.83,62.16,-2126212.50,6.17
8:10,101300.91,35.29,15.13,101361.03,20.78,62.17,-2126471.50,5.07
8:11,101304.73,35.31,15.17,101361.11,20.71,63.02,-2127283.25,4.60
8:12,101318.42,35.36,15.16,101359.10,20.75,62.57,-2127740.00,4.49
8:13,101299.96,35.32,15.06,101359.03,21.04,59.97,-2128689.50,3.91
8:14,101304.97,35.19,15.23,101357.72,20.68,61.42,-2129434.75,5.99
8:15,101301.82,35.17,15.10,101350.36,20.40,63.27,-2130040.00,4.65
8:16,101300.79,35.17,15.10,101354.27,20.88,61.02,-2126898.75,5.20
8:17,101310.70,35.19,15.14,101355.00,21.09,60.34,-2128009.75,5.41
8:18,101291.67,35.24,15.22,101349.97,20.95,61.25,-2130708.50,4.85
8:19,101297.86,35.34,15.27,101348.52,21.14,60.88,-2130148.75,4.52
8:20,101288.22,35.47,15.19,101347.82,20.96,62.29,-2129906.00,5.55
8:21,101303.48,35.56,15.12,101349.85,21.08,61.31,-2130780.50,5.92
8:22,101299.69,35.50,15.00,101354.77,21.29,59.16,-2132029.25,6.18
8:23,101299.22,35.43,15.06,101347.45,21.18,60.62,-2132634.75,5.48
8:24,101299.69,35.42,15.19,101350.92,21.04,61.92,-2132875.25,5.06
8:25,101293.71,35.54,15.19,101352.50,21.08,62.09,-2133564.00,4.98
8:26,101304.25,35.68,14.94,101352.82,21.26,60.40,-2134506.50,4.76
8:27,101295.79,35.67,14.90,101348.39,21.72,57.13,-2135173.50,4.66
8:28,101294.96,35.68,14.90,101346.22,21.86,57.49,-2135724.00,5.79
8:29,101295.41,35.70,14.85,101352.16,21.81,56.83,-2136864.00,6.07
8:30,101302.86,35.68,14.86,101351.12,21.72,58.23,-2137074.50,5.24
8:31,101306.66,35.71,14.94,101352.03,21.80,58.23,-2137653.50,4.02
8:32,101302.96,35.74,14.83,101352.72,22.17,55.94,-2138378.75,4.96
8:33,101296.54,35.79,14.89,101351.60,21.96,56.48,-2139482.00,5.99
8:34,101299.16,35.89,14.88,101353.38,22.00,57.21,-2139398.75,4.15
8:35,101307.28,35.86,14.76,101355.20,22.08,56.29,-2141029.25,5.88
8:36,101308.19,35.80,14.87,101360.47,21.63,58.88,-2141402.25,4.90
8:37,101303.77,35.66,15.11,101358.02,21.44,59.83,-2142032.50,5.51
8:38,101310.08,35.68,14.95,101359.08,21.74,57.50,-2142586.75,5.68
8:39,101307.30,35.76,14.88,101360.57,21.47,59.46,-2143339.25,5.92
8:40,101303.66,35.73,14.89,101359.00,21.62,59.16,-2143630.50,4.74
8:41,101312.49,35.84,14.88,101356.24,21.88,57.83,-2144739.75,5.64
8:42,101301.99,35.87,14.94,101356.00,22.12,55.80,-2145178.75,6.21
8:43,101301.35,35.97,14.86,101355.62,22.33,55.64,-2145665.50,4.18
8:44,101302.85,35.90,14.75,101357.84,21.88,56.94,-2146396.50,5.56
8:45,101300.39,35.91,14.79,101353.71,22.06,57.13,-2146908.00,4.85
8:46,101303.52,36.01,14.85,101356.28,22.11,57.45,-2147894.75,4.25
8:47,101300.97,36.08,14.75,101353.61,22.21,56.93,-2148472.75,4.49
8:48,101304.72,36.15,14.69,101354.45,22.36,56.20,-2149041.25,5.05
8:49,101306.03,36.12,14.83,101358.92,22.10,55.99,-2150016.75,6.01
8:50,101311.08,36.17,14.69,101359.82,22.09,56.42,-2150251.50,5.19
8:51,101310.89,36.10,14.71,101357.69,22.35,56.32,-2151192.50,4.09
8:52,101298.99,36.17,14.69,101358.85,22.52,54.83,-2151543.50,4.41
8:53,101311.68,36.14,14.94,101360.07,21.75,59.55,-2152237.50,4.89
8:54,101305.20,36.02,14.95,101360.83,21.51,60.12,-2152915.00,4.48
8:55,101305.89,36.07,14.85,101358.55,21.93,57.25,-2154522.50,4.52
8:56,101299.87,36.19,14.90,101361.42,21.86,59.54,-2154879.75,5.99
8:57,101303.77,36.21,14.85,101356.33,21.56,59.66,-2154900.50,4.58
8:58,101305.40,36.04,14.89,101353.97,21.86,59.52,-2155648.50,4.56
8:59,101300.57,36.13,15.06,101358.50,21.85,58.89,-2156581.25,5.59
9:0,101306.28,36.22,14.90,101360.13,21.63,60.59,-2157393.25,4.47
9:1,101294.60,36.19,14.82,101359.64,21.70,59.91,-2158131.50,5.79
9:2,101316.20,36.25,14.76,101358.69,22.10,58.01,-2158157.25,5.51
9:3,101302.56,36.37,14.75,101356.11,22.32,57.59,-2158999.25,4.35
9:4,101305.76,36.25,14.84,101360.64,21.34,60.61,-2159798.00,4.76
9:5,101309.25,36.24,14.90,101367.52,21.66,60.64,-2161024.50,5.47
9:6,101315.53,36.32,14.75,101367.72,21.65,59.77,-2161953.50,6.01
9:7,101310.28,36.38,14.79,101365.75,21.66,58.56,-2161843.25,5.36
9:8,101311.76,36.52,14.65,101367.75,22.23,57.27,-2163061.25,5.50
9:9,101310.75,36.59,14.71,101364.71,22.48,57.43,-2163411.50,5.79
9:10,101310.18,36.72,14.65,101364.82,22.48,56.06,-2163954.75,4.23
9:11,101320.38,36.60,14.77,101366.88,22.02,59.92,-2164692.75,6.06
9:12,101305.88,36.58,14.71,101363.72,22.05,59.78,-2165758.00,5.04
9:13,101313.57,36.68,14.78,101364.23,22.36,56.86,-2166512.50,5.96
9:14,101330.13,36.75,14.76,101367.85,22.03,59.21,-2167102.75,6.04
9:15,101310.39,36.86,14.70,101365.34,22.52,58.72,-2167638.75,6.23
9:16,101324.69,36.88,14.79,101366.76,22.13,60.51,-2168271.00,6.06
9:17,101311.35,36.91,14.58,101368.50,22.17,59.38,-2169220.25,5.12
9:18,101311.69,36.65,14.56,101363.30,22.01,58.34,-2170053.50,6.14
9:19,101314.03,36.74,14.69,101362.49,22.20,59.15,-2170799.50,5.36
9:20,101308.39,36.78,14.64,101363.17,22.51,58.30,-2170968.75,4.78
9:21,101308.66,36.84,14.47,101365.30,22.64,56.06,-2171964.50,4.88
9:22,101308.60,36.85,14.59,101364.94,22.62,56.83,-2172231.25,4.75
9:23,101317.53,36.78,14.66,101365.36,22.33,58.25,-2173018.75,5.51
9:24,101311.00,36.84,14.45,101364.53,22.46,57.16,-2173407.75,5.73
9:25,101310.75,36.83,14.39,101361.55,23.03,54.81,-2174004.00,6.26
9:26,101312.28,36.91,14.59,101363.27,22.58,57.32,-2174812.50,6.19
9:27,101308.32,36.78,14.42,101361.44,22.65,56.06,-2174385.25,6.14
9:28,101326.07,36.91,14.55,101370.10,22.67,57.33,-2175915.50,6.03
9:29,101322.14,36.82,14.42,101373.02,22.13,57.73,-2176363.00,6.05
9:30,101320.83,36.75,14.45,101370.14,22.40,56.59,-2176791.50,5.91
9:31,101320.24,36.51,14.62,101369.19,22.54,56.38,-2178140.50,5.92
9:32,101313.76,36.68,14.58,101370.44,22.67,56.02,-2178722.75,4.92
9:33,101317.64,36.86,14.42,101371.83,22.87,54.84,-2179666.50,5.01
9:34,101315.54,37.08,14.70,101376.10,23.27,54.96,-2180484.50,6.06
9:35,101311.76,37.30,14.46,101375.41,23.20,55.90,-2181084.00,5.57
9:36,101311.93,37.37,14.48,101372.84,23.03,56.44,-2181648.00,6.19
9:37,101311.64,37.38,14.31,101376.35,23.33,55.04,-2182099.00,5.55
9:38,101318.91,37.45,14.58,101374.58,23.16,57.10,-2182910.50,4.67
9:39,101312.64,37.64,14.33,101377.38,23.34,55.77,-2183644.75,6.23
9:40,101320.46,37.53,14.36,101375.71,22.30,61.08,-2183866.75,5.21
9:41,101316.68,37.45,14.56,101376.96,22.48,60.17,-2184447.25,5.73
9:42,101314.53,37.65,14.54,101376.28,22.93,58.79,-2185582.75,4.94
9:43,101318.61,37.63,14.42,101377.91,22.06,61.51,-2185314.75,4.63
9:44,101323.60,37.34,14.56,101378.80,21.96,62.30,-2186590.00,4.63
9:45,101316.96,37.45,14.42,101376.73,22.39,60.12,-2186758.75,5.85
9:46,101327.83,37.36,14.56,101378.07,22.41,60.70,-2188177.50,6.03
9:47,101326.36,37.38,14.46,101382.53,22.49,59.95,-2188745.50,4.77
9:48,101327.66,37.08,14.54,101387.00,21.59,61.38,-2189558.50,5.48
9:49,101324.73,36.96,14.49,101376.46,22.33,57.60,-2191057.25,5.31
9:50,101328.88,37.06,14.56,101379.12,22.49,57.07,-2191558.75,6.03
9:51,101324.96,37.04,14.51,101381.50,22.20,59.20,-2191793.25,5.59
9:52,101330.71,36.88,14.55,101385.74,21.96,60.27,-2192227.75,6.19
9:53,101330.50,36.83,14.58,101382.16,22.15,59.84,-2193445.75,5.57
9:54,101331.09,37.07,14.46,101383.14,22.65,58.08,-2193858.00,5.71
9:55,101339.11,36.92,14.64,101385.71,21.79,60.28,-2194509.75,4.56
9:56,101336.55,36.81,14.63,101388.07,22.10,57.23,-2195569.75,4.67
9:57,101339.28,36.80,14.54,101385.11,22.11,59.25,-2196832.75,4.65
9:58,101335.54,36.83,14.48,101391.02,22.48,57.36,-2197332.75,4.64
9:59,101346.78,36.78,14.59,101389.02,22.28,58.30,-2197972.75,4.08
10:0,101340.17,37.00,14.47,101392.00,23.00,55.77,-2199046.75,5.51
10:1,101338.71,36.89,14.42,101388.74,22.00,58.89,-2198166.75,5.72
10:2,101339.75,36.67,14.60,101393.83,22.31,57.79,-2199873.50,5.77
10:3,101351.89,36.70,14.47,101389.16,21.96,58.70,-2201276.25,5.73
10:4,101339.91,36.45,14.69,101401.58,21.32,61.85,-2200678.75,5.39
10:5,101342.64,36.47,14.71,101394.02,22.06,59.27,-2202553.50,4.61
10:6,101334.39,36.78,14.50,101392.41,22.86,55.40,-2202882.00,5.06
10:7,101342.82,37.03,14.43,101391.41,23.34,55.05,-2203285.50,4.65
10:8,101330.59,37.19,14.49,101399.66,23.24,53.66,-2203984.00,4.67
10:9,101348.41,37.26,14.28,101401.59,23.48,53.90,-2204687.50,6.14
10:10,101337.61,37.20,14.14,101396.42,23.10,54.68,-2205290.50,4.64
10:11,101341.95,37.17,14.37,101397.49,22.87,56.72,-2205536.25,5.12
10:12,101343.62,37.13,14.13,101400.86,22.96,53.98,-2206435.50,6.17
10:13,101354.31,36.70,14.24,101404.74,22.64,54.93,-2207390.50,6.08
10:14,101348.66,36.35,14.45,101403.36,22.08,57.47,-2208222.50,4.38
10:15,101352.58,36.39,14.44,101402.19,22.48,55.10,-2208589.75,5.92
10:16,101352.72,36.37,14.44,101399.76,22.24,56.25,-2208896.25,4.72
10:17,101346.72,36.45,14.38,101404.78,23.20,51.94,-2210371.00,4.58
10:18,101351.44,36.31,14.35,101398.97,22.12,56.29,-2210448.00,6.23
10:19,101344.53,36.29,14.54,101402.41,22.47,55.25,-2211448.25,4.49
10:20,101346.37,36.33,14.45,101406.85,23.05,53.78,-2211854.00,4.68
10:21,101348.57,36.52,14.44,101403.92,23.22,52.36,-2213376.75,5.04
10:22,101355.97,36.66,14.26,101405.25,23.49,51.04,-2212769.75,5.17
10:23,101353.55,36.50,14.33,101404.92,22.69,54.47,-2213895.25,5.41
10:24,101355.61,36.56,14.43,101411.14,22.59,55.45,-2214054.00,5.27
10:25,101354.53,36.60,14.38,101407.57,22.83,54.74,-2214871.50,5.41
10:26,101362.93,36.77,14.40,101408.38,22.90,53.97,-2215812.50,5.87
10:27,101350.92,36.63,14.45,101415.39,23.19,52.27,-2216911.25,6.08
10:28,101358.22,36.61,14.21,101413.41,22.95,52.54,-2216865.50,4.65
10:29,101365.28,36.49,14.41,101420.14,23.13,53.13,-2218163.50,4.05
10:30,101359.30,36.36,14.46,101416.81,22.63,55.06,-2218546.50,5.83
10:31,101361.27,36.44,14.44,101415.78,22.89,54.41,-2219826.00,6.10
10:32,101362.11,36.43,14.27,101413.14,22.83,53.71,-2219895.50,5.83
10:33,101361.60,36.51,14.41,101413.91,23.27,52.95,-2221192.25,5.10
10:34,101357.14,36.81,14.30,101416.16,23.02,54.27,-2221328.75,5.85
10:35,101361.92,36.74,14.36,101413.00,23.27,50.62,-2221734.00,5.52
10:36,101353.92,36.84,14.18,101412.05,22.58,54.31,-2222858.75,6.13
10:37,101356.79,36.31,14.30,101417.88,22.00,56.06,-2223385.50,5.77
10:38,101354.87,36.35,14.52,101416.17,22.43,55.45,-2224678.00,5.96
10:39,101354.69,36.52,14.28,101418.85,23.06,53.21,-2224860.75,5.48
10:40,101359.15,36.46,14.37,101415.38,22.27,55.88,-2225487.50,5.27
10:41,101356.00,36.39,14.43,101415.83,22.43,54.62,-2225960.75,5.94
10:42,101368.00,36.50,14.32,101417.32,22.53,55.33,-2226862.50,5.50
10:43,101358.89,36.15,14.41,101414.53,22.26,54.88,-2227671.75,4.50
10:44,101369.02,36.19,14.45,101417.53,22.60,54.08,-2228196.00,5.39
10:45,101357.66,36.16,14.43,101418.20,22.30,55.12,-2228966.75,5.82
10:46,101370.10,35.95,14.52,101426.40,21.66,57.18,-2229311.50,5.95
10:47,101358.42,35.85,14.57,101414.85,22.06,55.50,-2230191.50,5.63
10:48,101364.20,35.94,14.60,101420.69,22.66,53.47,-2231516.75,5.77
10:49,101364.74,36.15,14.51,101415.85,22.90,52.36,-2231568.75,5.78
10:50,101368.27,35.97,14.64,101425.78,22.07,56.68,-2231934.00,5.20
10:51,101369.07,36.11,14.65,101426.89,22.44,54.69,-2233045.50,5.77
10:52,101369.83,35.95,14.70,101428.67,21.66,57.61,-2233779.50,5.53
10:53,101363.32,36.07,14.71,101424.52,22.32,55.11,-2234588.00,5.79
10:54,101369.61,36.04,14.66,101428.69,22.12,56.22,-2234942.00,5.83
10:55,101376.08,35.93,14.67,101429.30,22.32,56.35,-2235696.00,6.06
10:56,101370.89,36.05,14.59,101429.71,21.87,56.87,-2236539.25,5.72
10:57,101373.41,36.01,14.72,101430.86,22.12,55.54,-2237108.00,5.99
10:58,101375.18,36.17,14.56,101428.91,22.77,53.40,-2237979.75,5.02
10:59,101373.27,36.26,14.41,101425.67,22.31,55.85,-2238136.75,6.08
11:0,101371.49,36.34,14.59,101429.39,22.99,53.77,-2239051.75,3.98
11:1,101373.80,36.11,14.54,101430.46,22.19,57.09,-2238755.25,5.39
11:2,101367.50,36.17,14.61,101432.80,22.49,54.72,-2240049.75,5.32
11:3,101380.02,36.18,14.61,101433.21,22.13,56.38,-2240854.75,4.63
11:4,101371.34,36.18,14.50,101436.61,22.68,53.84,-2241556.75,5.77
11:5,101378.75,36.21,14.42,101432.02,22.72,53.93,-2241882.00,5.93
11:6,101381.91,36.25,14.58,101434.55,22.65,54.96,-2242494.50,6.10
11:7,101379.35,36.16,14.41,101433.35,22.31,54.65,-2243363.50,5.79
11:8,101379.21,36.12,14.46,101435.92,22.55,53.78,-2243749.50,4.07
11:9,101383.67,36.12,14.53,101439.02,22.62,54.26,-2245424.50,5.50
11:10,101380.10,35.94,14.47,101436.10,21.57,57.50,-2245232.50,4.61
11:11,101383.43,35.76,14.74,101442.88,21.89,56.51,-2246233.00,5.17
11:12,101380.76,35.98,14.60,101439.48,22.44,54.55,-2246831.50,5.52
11:13,101383.46,35.97,14.78,101438.02,21.99,57.95,-2247576.75,5.90
11:14,101391.42,36.09,14.70,101442.02,22.75,52.99,-2247611.75,5.58
11:15,101397.23,36.21,14.72,101445.30,22.73,54.93,-2249058.50,5.15
11:16,101386.80,36.10,14.54,101439.72,22.48,55.24,-2248989.50,4.61
11:17,101392.99,36.08,14.65,101444.10,22.53,55.84,-2250226.50,5.34
11:18,101381.25,36.15,14.60,101445.80,22.60,54.57,-2250968.50,4.07
11:19,101381.28,36.05,14.53,101445.22,22.26,55.47,-2251424.00,5.71
11:20,101384.44,36.11,14.69,101442.46,22.67,54.58,-2252201.00,5.10
11:21,101381.35,36.12,14.73,101446.17,21.86,56.75,-2252377.50,5.88
11:22,101397.60,36.12,14.52,101447.49,22.31,55.40,-2252858.50,5.30
11:23,101384.71,35.99,14.63,101446.44,22.36,54.90,-2254053.25,5.27
11:24,101395.85,35.81,14.68,101451.17,22.15,56.45,-2254910.25,6.18
11:25,101396.25,35.70,14.64,101449.57,21.85,56.19,-2254563.50,4.94
11:26,101383.92,35.43,14.83,101450.91,21.95,56.17,-2256289.25,5.45
11:27,101392.03,35.53,15.08,101452.38,22.26,55.68,-2256580.00,6.03
11:28,101397.15,35.55,14.89,101450.42,21.91,56.21,-2257244.50,5.88
11:29,101404.10,35.48,14.89,101457.25,21.47,58.68,-2257568.75,5.53
11:30,101382.39,35.64,14.87,101445.15,22.42,54.20,-2258976.00,5.55
11:31,101379.39,35.79,14.87,101447.32,22.42,55.61,-2259330.00,5.16
11:32,101400.14,35.81,14.93,101452.02,22.10,57.08,-2259877.75,5.61
11:33,101388.89,35.75,14.84,101455.10,21.57,57.74,-2259914.25,4.60
11:34,101393.61,35.62,14.82,101458.04,22.10,56.11,-2260935.00,4.83
11:35,101390.51,35.56,14.88,101451.55,21.71,58.16,-2261490.50,5.87
11:36,101387.29,35.70,14.81,101451.68,22.45,54.21,-2262530.75,5.50
11:37,101394.50,35.86,14.84,101457.10,22.74,54.68,-2263184.75,5.85
11:38,101400.64,35.88,14.63,101453.79,22.56,54.11,-2263158.75,5.79
11:39,101402.57,35.77,14.75,101455.85,22.24,55.66,-2264052.75,5.54
11:40,101396.84,35.79,14.84,101454.22,22.19,55.74,-2265065.25,5.30
11:41,101410.80,35.78,14.99,101456.88,21.76,56.57,-2265749.50,4.68
11:42,101398.16,35.78,14.75,101455.83,22.04,54.94,-2266398.75,4.82
11:43,101394.58,35.80,14.80,101459.10,21.81,57.31,-2266969.50,6.08
11:44,101402.66,35.71,14.62,101462.94,21.63,56.72,-2267535.00,5.54
11:45,101399.42,35.49,14.77,101460.20,21.20,58.69,-2268642.75,5.97
11:46,101406.71,35.37,14.89,101463.61,21.30,59.15,-2269733.50,6.17
11:47,101401.14,35.46,14.88,101457.05,21.78,57.01,-2270155.25,5.63
11:48,101406.05,35.73,14.80,101462.15,22.35,55.10,-2270758.50,5.75
11:49,101403.27,35.54,14.89,101460.83,21.53,57.75,-2271093.50,5.56
11:50,101393.03,35.74,14.80,101462.43,22.37,54.28,-2272620.50,5.74
11:51,101398.97,35.74,14.60,101462.00,22.18,54.98,-2272438.50,4.54
11:52,101402.74,35.78,14.82,101460.38,21.93,56.46,-2273220.00,4.61
11:53,101415.84,35.63,14.96,101460.83,21.98,56.32,-2273812.75,5.53
11:54,101403.71,35.67,14.89,101460.44,21.93,56.34,-2274204.50,4.66
11:55,101417.58,35.45,14.85,101465.01,21.19,59.20,-2275278.75,5.77
11:56,101402.50,35.23,14.92,101469.00,21.24,58.57,-2275909.25,4.58
11:57,101413.50,35.15,15.08,101469.00,21.31,59.02,-2276580.75,5.93
11:58,101397.74,35.06,15.04,101468.33,21.51,57.89,-2277599.75,5.10
11:59,101406.74,34.96,14.90,101469.88,20.90,59.07,-164301.50,5.79
12:0,101410.83,34.82,15.18,101460.19,20.96,59.35,-266039.09,5.74
12:1,101412.58,35.00,15.27,101467.86,21.35,58.52,-315515.81,5.64
12:2,101406.82,35.18,15.02,101469.00,21.89,55.35,-229011.70,4.61
12:3,101412.99,35.21,14.86,101470.88,21.65,55.11,-201352.00,4.53
12:4,101422.61,35.01,15.20,101470.35,21.14,58.89,-270726.50,5.43
12:5,101418.80,35.05,15.09,101470.46,20.95,57.43,-327412.31,6.03
12:6,101415.91,34.81,15.04,101479.75,20.93,58.48,-376456.81,4.96
12:7,101419.48,34.86,14.95,101479.07,21.44,55.31,-586860.00,4.54
12:8,101420.07,34.72,15.09,101480.41,20.80,58.92,-305776.40,5.05
12:9,101418.69,34.68,15.20,101479.27,20.96,58.19,-340510.31,4.13
12:10,101419.78,34.61,15.21,101481.49,20.79,58.08,-294910.00,4.76
12:11,101423.28,34.66,15.32,101475.50,21.51,56.57,-337623.50,5.80
12:12,101420.30,34.95,15.13,101478.38,22.14,54.96,-266996.81,5.28
12:13,101421.21,35.09,15.15,101481.78,22.03,55.33,-2280606.75,5.95
12:14,101411.30,35.11,15.07,101483.50,22.14,54.05,-2281847.25,5.74
12:15,101424.46,34.90,15.14,101481.94,20.98,58.56,-2282631.50,5.76
12:16,101420.91,34.92,15.19,101477.24,21.38,56.65,-2268828.50,4.75
12:17,101419.53,35.15,15.19,101477.91,21.85,55.43,-109285.40,5.70
12:18,101430.41,35.34,14.96,101479.16,22.10,54.98,-168015.50,5.72
12:19,101424.53,35.48,14.88,101483.71,22.46,52.91,-2290668.50,4.74
12:20,101426.19,35.43,14.88,101482.77,21.50,56.13,-2290954.00,5.61
12:21,101418.44,35.03,14.84,101480.77,21.29,56.94,-2291456.00,4.74
12:22,101422.99,34.90,15.16,101479.12,21.65,56.35,-2293122.75,5.15
12:23,101429.91,34.84,14.99,101482.43,21.15,56.96,-2293858.75,5.54
12:24,101422.44,34.48,15.13,101482.72,20.73,58.74,-2292328.75,4.98
12:25,101425.78,34.53,15.26,101478.25,20.80,58.05,-2292754.50,4.87
12:26,101425.00,34.54,15.14,101480.97,21.32,55.47,-2293350.00,5.10
12:27,101415.94,34.64,15.36,101478.64,21.47,56.39,-2293906.00,5.64
12:28,101421.94,34.61,15.10,101476.50,21.19,56.41,-2294721.25,4.83
12:29,101421.04,34.78,15.34,101477.42,21.66,56.55,-2295592.50,5.45
12:30,101414.96,34.93,15.22,101476.38,21.93,55.10,-2295727.75,6.04
12:31,101424.46,35.06,15.00,101479.46,22.20,52.26,-2296530.00,5.88
12:32,101425.64,35.04,15.20,101484.89,21.66,55.78,-2296873.50,5.26
12:33,101415.71,35.09,15.10,101483.89,21.70,55.35,-2297943.00,5.86
12:34,101423.69,35.37,14.94,101484.43,22.06,55.39,-2298385.00,5.62
12:35,101422.27,35.54,14.84,101483.47,21.77,56.07,-2298702.75,4.78
12:36,101422.17,35.29,14.86,101485.39,21.60,56.78,-2300848.75,5.86
12:37,101425.58,35.37,15.04,101484.89,22.08,54.96,-2301820.75,6.06
12:38,101428.19,35.46,14.71,101478.47,21.98,55.08,-2302417.50,5.07
12:39,101423.24,35.50,14.86,101482.77,22.50,54.60,-2304296.50,4.65
12:40,101423.09,35.81,14.74,101480.32,22.52,53.85,-2305087.25,3.99
12:41,101428.24,35.79,14.71,101489.30,22.34,54.28,-2306456.75,4.68
12:42,101432.08,35.57,14.65,101486.25,21.87,55.44,-2306758.50,4.47
12:43,101420.16,35.45,14.66,101483.28,21.15,57.48,-2307060.75,5.24
12:44,101429.75,35.29,14.78,101484.51,21.92,54.63,-2308731.50,6.08
12:45,101419.13,35.69,14.60,101482.61,22.79,52.31,-2308911.25,4.94
12:46,101438.39,35.78,14.59,101486.25,22.75,52.57,-2309888.00,5.98
12:47,101415.10,35.47,14.62,101485.35,21.26,56.78,-2309900.75,5.80
12:48,101423.96,35.27,14.93,101487.28,21.41,57.30,-2311702.50,5.55
12:49,101420.88,35.19,14.77,101485.27,20.77,59.44,-2311628.00,5.88
12:50,101419.02,35.28,15.00,101482.96,21.46,57.10,-2312205.25,5.32
12:51,101427.49,35.37,14.80,101481.00,22.26,54.09,-2313549.50,5.78
12:52,101428.61,35.68,14.91,101480.80,22.83,51.55,-2314181.75,6.08
12:53,101423.64,35.36,14.57,101486.73,20.76,58.86,-2313612.25,4.50
12:54,101423.78,34.86,14.98,101481.17,20.97,58.32,-89780.80,5.32
12:55,101419.52,35.15,14.92,101480.46,22.30,52.26,-70395.00,5.80
12:56,101420.80,35.23,14.90,101481.43,22.01,55.34,-95693.30,5.64
12:57,101416.71,35.35,14.86,101480.60,22.22,55.08,-137542.40,5.65
12:58,101420.68,35.78,15.07,101480.96,22.72,54.58,-209098.90,5.48
12:59,101420.24,35.49,14.86,101478.42,21.93,56.18,-166056.70,6.03
13:0,101410.09,35.67,14.80,101480.53,22.43,53.63,-246285.59,5.61
13:1,101425.16,35.72,14.68,101479.28,22.40,53.53,-340794.09,5.85
13:2,101425.88,35.80,14.62,101471.51,22.95,52.64,-2315469.25,6.00
13:3,101409.67,36.10,14.65,101474.86,23.51,51.88,-2320836.75,4.62
13:4,101418.03,36.18,14.50,101472.02,23.19,51.26,-2321347.25,4.81
13:5,101415.86,36.32,14.49,101475.62,22.98,52.23,-2322040.25,5.40
13:6,101418.19,36.35,14.39,101477.04,22.83,52.92,-2321957.25,5.97
13:7,101421.51,36.12,14.21,101479.58,21.86,55.37,-2322953.50,5.85
13:8,101424.90,35.55,14.52,101482.26,21.55,54.84,-2323194.50,5.59
13:9,101419.11,35.60,14.69,101475.05,21.96,54.45,-2324528.25,5.25
13:10,101420.96,35.46,14.64,101476.39,21.88,54.31,-2324911.50,4.90
13:11,101420.60,35.48,14.84,101479.19,22.36,54.23,-2326102.75,5.72
13:12,101416.35,35.70,14.53,101480.94,22.65,52.60,-2326930.50,4.54
13:13,101432.94,35.45,14.63,101475.59,21.70,55.88,-2327238.50,5.74
13:14,101414.94,35.55,14.75,101480.21,22.14,54.39,-2328646.50,5.39
13:15,101419.38,35.79,14.71,101479.51,22.91,50.96,-2329333.25,5.50
13:16,101410.28,35.96,14.60,101474.79,22.50,52.92,-2329180.50,5.50
13:17,101416.92,35.74,14.55,101479.80,21.88,54.97,-2329386.00,5.59
13:18,101416.83,35.61,14.56,101479.35,22.07,53.97,-2329714.75,5.17
13:19,101409.11,35.51,14.77,101482.97,22.19,54.61,-2330980.00,5.96
13:20,101438.89,35.44,14.79,101488.27,22.31,52.32,-2331938.50,5.45
13:21,101417.78,35.43,14.78,101484.15,22.30,53.63,-2332597.75,6.04
13:22,101434.64,35.61,14.67,101486.00,22.64,51.70,-2333111.75,5.81
13:23,101435.21,35.72,14.70,101487.06,22.53,53.18,-2333064.75,5.65
13:24,101428.10,35.71,14.54,101488.27,22.46,53.16,-2334019.50,4.75
13:25,101441.50,35.64,14.54,101495.04,22.45,52.90,-2334638.00,5.86
13:26,101423.49,35.50,14.65,101490.18,21.68,54.84,-2334857.75,3.96
13:27,101431.86,35.09,14.78,101495.08,21.09,56.84,-2335285.50,5.97
13:28,101433.88,35.15,14.94,101493.22,21.80,55.35,-2335235.50,5.68
13:29,101438.86,35.28,14.84,101490.30,21.58,55.79,-2335094.50,5.52
13:30,101441.46,35.16,15.02,101493.72,22.06,55.04,-65256.70,4.81
13:31,101438.83,35.46,14.92,101495.29,22.43,53.42,-45484.70,4.57
13:32,101427.61,35.73,14.69,101493.24,22.74,52.21,-68357.80,5.42
13:33,101447.35,35.80,14.68,101500.26,22.02,53.73,-76007.21,5.95
13:34,101446.11,35.40,14.62,101502.13,21.61,55.14,-66816.80,6.12
13:35,101448.19,35.26,14.92,101502.57,21.92,55.27,-196338.79,4.81
13:36,101454.60,35.45,14.71,101507.13,21.83,55.28,-110627.80,4.07
13:37,101443.84,35.32,14.78,101509.36,21.43,55.55,-150982.90,5.51
13:38,101461.86,35.21,14.81,101509.78,21.90,54.72,-192074.59,5.68
13:39,101454.99,35.25,14.86,101510.94,22.12,54.34,-174726.29,3.94
13:40,101458.54,35.11,14.62,101518.55,21.50,54.29,-212756.70,5.56
13:41,101450.74,34.74,14.78,101515.96,21.01,55.57,-153923.79,5.95
13:42,101452.85,34.37,14.96,101519.10,20.99,56.24,-29244.70,5.31
13:43,101459.63,34.68,15.03,101510.64,21.87,53.35,-55904.80,5.79
13:44,101451.81,34.95,15.01,101514.80,22.25,52.52,-181664.00,5.65
13:45,101459.03,35.10,14.95,101514.97,21.96,53.29,-47499.70,3.95
13:46,101459.80,34.68,14.99,101520.41,21.47,54.62,-153957.09,4.58
13:47,101470.88,22.37,54.11,101514.71,22.07,53.77,-147926.00,0.86
13:48,101468.49,21.95,55.63,101517.71,22.13,53.56,-2352772.00,0.62
13:49,101474.34,22.72,49.99,101517.66,21.71,54.37,-2353228.50,0.62
13:50,101461.74,32.15,19.73,101514.67,21.29,54.36,-2307498.50,5.21
13:51,101459.10,33.68,16.49,101516.80,21.43,54.26,-27846.10,5.94
13:52,101457.89,34.34,15.73,101515.72,22.33,51.05,-13382.50,5.83
13:53,101447.07,34.88,15.64,101514.52,22.89,50.19,-153615.40,5.56
13:54,101455.77,35.19,15.15,101514.71,23.03,50.01,-11628.30,4.94
13:55,101462.64,35.07,15.05,101518.21,22.75,50.30,-15471.50,5.68
13:56,101461.09,35.08,14.92,101516.53,22.42,50.56,-32013.70,5.60
13:57,101450.43,34.98,15.02,101514.99,22.92,49.73,-286540.18,4.63
13:58,101467.42,35.37,14.96,101517.27,23.03,49.10,-367191.68,5.39
13:59,101461.27,35.25,14.92,101516.46,22.75,50.30,-235634.70,5.34
14:0,101466.33,35.03,14.68,101514.30,22.25,49.88,-208004.20,5.85
14:1,101461.92,34.69,14.78,101517.60,21.99,51.00,-142456.50,5.78
14:2,101449.47,34.69,14.95,101519.72,22.26,50.28,-114429.30,5.96
14:3,101460.53,34.78,14.86,101517.42,22.24,49.79,-94396.71,4.61
14:4,101467.32,34.76,14.81,101523.53,22.25,50.03,-87487.80,6.13
14:5,101463.24,34.52,14.91,101523.02,21.57,51.93,-2359756.50,5.00
14:6,101459.99,34.50,15.16,101517.94,22.04,51.42,-2361000.50,5.08
14:7,101456.55,34.50,14.91,101517.78,21.99,50.75,-2360556.75,4.60
14:8,101469.41,34.45,14.76,101525.39,21.46,52.33,-2360871.00,5.97
14:9,101463.08,34.06,15.09,101521.28,21.36,52.57,-2361705.50,4.40
14:10,101483.42,34.18,15.13,101526.14,21.71,51.47,-2361776.25,4.92
14:11,101470.36,34.28,14.99,101526.96,22.35,49.18,-2362103.50,5.23
14:12,101464.42,34.60,15.11,101532.23,22.68,49.03,-2362326.50,4.58
14:13,101464.03,34.36,14.92,101530.01,21.66,52.07,-2362358.50,5.53
14:14,101476.16,34.24,14.88,101531.25,21.66,51.00,-43381.20,5.61
14:15,101466.83,33.96,15.33,101529.49,21.51,52.11,-7812.80,4.43
14:16,101470.33,34.22,15.20,101528.13,21.71,51.22,-1377.60,5.41
14:17,101474.80,34.16,15.18,101534.48,22.06,50.99,-15252.80,5.79
14:18,101490.60,34.41,15.17,101542.67,22.48,49.67,-100556.00,3.92
14:19,101476.49,34.22,14.96,101533.39,21.49,51.52,-104283.71,5.66
14:20,101488.00,34.20,15.05,101541.08,22.22,49.59,-96122.40,5.85
14:21,101479.26,34.34,14.95,101536.97,21.49,52.87,-20040.20,5.68
14:22,101479.47,34.40,15.12,101539.72,22.29,50.30,-7802.80,5.47
14:23,101483.64,34.16,14.87,101535.12,21.61,51.21,-55619.60,4.49
14:24,101469.84,33.81,15.13,101538.00,21.54,51.66,-2928.40,4.94
14:25,101481.67,33.61,15.22,101539.07,21.04,53.51,-1844538.37,5.35
14:26,101476.06,33.83,15.42,101537.85,21.81,50.72,-38038.50,5.15
14:27,101481.71,34.00,15.19,101544.42,21.54,51.05,-34786.60,4.79
14:28,101481.81,33.69,15.30,101539.77,21.00,52.98,-17214.60,5.23
14:29,101488.44,33.60,15.27,101547.57,21.19,50.95,-522551.09,5.53
14:30,101483.71,33.57,15.27,101536.83,21.42,50.75,-956427.37,5.99
14:31,101489.05,33.91,15.42,101545.15,21.88,51.33,-35902.10,4.76
14:32,101486.08,34.09,15.03,101545.35,22.06,49.01,-23151.20,5.97
14:33,101487.50,33.65,15.00,101544.77,20.88,52.05,-42347.80,4.85
14:34,101482.99,33.53,15.22,101541.85,21.20,51.04,-10571.80,5.25
14:35,101484.55,33.45,15.24,101546.13,21.13,51.97,-11371.60,4.18
14:36,101487.55,33.69,15.24,101544.03,22.05,47.33,-23419.60,5.34
14:37,101482.57,34.10,15.27,101540.60,22.38,48.96,-16683.40,4.98
14:38,101477.32,33.98,15.13,101542.58,22.29,48.87,-44247.30,4.61
14:39,101488.47,33.98,14.98,101547.13,22.03,48.78,-32919.50,4.58
14:40,101498.13,33.66,15.23,101545.60,21.68,50.48,-46824.00,5.49
14:41,101483.71,33.90,15.32,101542.14,22.32,49.29,-133801.90,4.72
14:42,101486.12,34.28,15.05,101545.21,22.38,48.85,-32043.30,5.81
14:43,101486.63,34.43,14.82,101543.59,23.32,45.31,-52514.10,4.48
14:44,101482.55,34.59,14.95,101547.19,23.21,46.99,-285684.00,4.99
14:45,101484.99,34.77,14.72,101544.66,22.95,46.86,-65799.90,6.01
14:46,101480.57,34.64,14.53,101542.17,22.55,46.96,-1785409.37,5.10
14:47,101481.24,34.16,14.71,101547.19,22.57,46.59,-1726303.25,5.32
14:48,101490.56,34.38,14.63,101543.75,22.47,46.02,-1926045.00,5.65
14:49,101489.41,33.85,14.65,101547.46,22.08,47.23,-2379202.50,5.56
14:50,101493.30,33.58,14.94,101543.38,21.92,47.38,-2380074.75,5.43
14:51,101490.61,33.53,14.89,101543.05,22.14,46.67,-4712.20,5.52
14:52,101489.35,33.38,15.08,101545.36,21.38,49.47,-5739.40,4.74
14:53,101483.77,33.48,14.93,101528.45,21.85,47.44,1229.70,5.69
14:54,101494.59,33.27,15.21,101549.85,22.17,47.03,-20345.50,5.63
14:55,101487.43,33.14,15.34,101539.17,21.56,49.77,2271.70,5.83
14:56,101485.28,33.49,15.27,101542.82,22.44,47.11,-5396.90,4.86
14:57,101492.11,33.51,15.10,101545.36,22.03,48.71,-769.80,4.59
14:58,101484.60,33.50,15.17,101542.03,22.14,47.74,-1332.80,4.97
14:59,101484.80,33.52,15.30,101539.41,21.68,49.79,-2545.80,4.47
15:0,101491.96,33.55,15.31,101544.50,22.08,48.74,-1881.80,4.48
15:1,101494.42,33.39,14.98,101546.07,21.29,50.50,5055.30,4.63
15:2,101485.28,33.14,15.36,101543.36,21.22,51.76,3955.80,5.81
15:3,101478.07,33.42,15.44,101535.78,21.95,49.80,8357.60,5.21
15:4,101479.83,33.58,15.11,101535.58,22.38,46.82,-10366.90,4.79
15:5,101470.85,33.88,15.16,101538.13,22.88,46.19,-12666.80,4.95
15:6,101476.55,34.00,15.05,101533.37,22.95,45.88,-10503.10,5.82
15:7,101489.80,33.99,14.83,101538.20,22.96,44.91,-13287.70,5.52
15:8,101493.28,33.69,14.79,101541.82,21.64,48.54,-19741.00,5.47
15:9,101484.67,33.39,14.97,101547.52,21.70,48.33,-21913.60,5.39
15:10,101490.02,33.29,15.28,101544.86,21.83,47.66,-24069.00,4.39
15:11,101487.37,33.58,15.08,101544.11,22.57,45.85,-18096.00,5.32
15:12,101506.97,33.83,14.94,101549.27,22.53,45.99,-52251.80,6.06
15:13,101491.07,33.38,15.18,101549.89,21.67,48.77,-49660.60,5.47
15:14,101503.35,33.50,15.15,101549.89,22.27,47.35,-44150.50,5.63
15:15,101502.42,33.53,15.15,101552.42,21.66,49.41,-34902.60,5.65
15:16,101508.14,33.49,15.06,101555.18,21.94,47.93,-50057.20,5.85
15:17,101492.07,33.24,15.05,101547.47,21.56,48.32,-25023.80,5.55
15:18,101495.47,33.32,15.21,101552.38,21.82,48.27,-8349.60,5.16
15:19,101492.84,33.46,15.07,101553.99,22.59,46.29,-54819.80,5.66
15:20,101495.42,33.48,15.12,101554.63,22.33,46.84,-42813.70,5.62
15:21,101504.67,33.52,15.11,101559.90,22.32,46.97,-37282.80,5.86
15:22,101510.89,33.20,15.08,101557.63,21.74,48.26,-29868.80,5.80
15:23,101506.64,33.34,15.31,101552.78,22.24,47.74,-26563.80,4.47
15:24,101513.89,33.66,15.26,101568.61,22.89,47.34,-69266.21,6.02
15:25,101506.44,33.75,15.04,101562.77,22.33,47.32,-118031.80,5.63
15:26,101510.91,33.59,15.14,101560.99,22.32,47.41,-124424.71,5.61
15:27,101504.00,33.51,15.07,101563.69,21.71,48.92,-135464.90,5.23
15:28,101513.70,33.50,15.10,101561.55,22.24,47.14,-149745.70,5.24
15:29,101521.10,33.59,15.17,101569.80,22.42,47.02,-163573.79,5.04
15:30,101523.68,33.48,15.02,101570.85,22.00,47.57,-206146.70,5.70
15:31,101518.21,33.28,15.18,101574.57,21.57,48.34,-136258.20,4.44
15:32,101515.12,32.99,15.13,101573.27,21.67,48.46,-9344.50,5.87
15:33,101518.38,33.03,15.14,101568.52,21.65,48.29,-8407.10,5.99
15:34,101510.25,32.88,15.33,101582.44,21.50,48.44,-241168.40,5.70
15:35,101508.86,32.84,15.30,101567.77,22.25,46.58,-358410.50,6.01
15:36,101507.82,32.91,15.30,101566.21,22.48,45.82,-354294.59,4.58
15:37,101516.42,32.96,15.44,101567.75,22.43,46.66,-463087.90,4.65
15:38,101507.52,33.16,15.37,101568.38,22.75,45.76,-175027.40,5.21
15:39,101519.63,33.20,15.36,101566.82,22.45,46.82,-165930.70,4.59
15:40,101515.72,33.27,15.32,101572.25,22.13,47.27,-196737.00,4.82
15:41,101532.71,33.32,15.25,101578.39,22.03,47.45,-197458.90,4.85
15:42,101519.10,33.09,15.29,101578.16,21.38,49.28,-186805.50,5.39
15:43,101513.69,33.08,15.33,101576.69,21.89,47.83,-231135.20,4.76
15:44,101519.27,33.09,15.26,101575.60,22.18,46.71,-191207.40,5.99
15:45,101520.55,33.31,15.15,101577.05,21.80,47.81,-127872.21,5.55
15:46,101532.53,33.19,15.37,101583.69,22.12,47.46,-132801.00,5.29
15:47,101526.29,33.00,15.19,101583.78,21.50,48.64,-127648.21,5.90
15:48,101522.60,32.80,15.36,101584.22,21.44,49.18,-149202.50,5.34
15:49,101542.85,32.81,15.35,101597.01,21.56,49.43,-542915.37,5.80
15:50,101525.10,32.63,15.42,101592.14,20.87,51.09,-435214.59,5.05
15:51,101526.26,32.66,15.66,101589.30,22.36,47.97,-1299648.12,5.82
15:52,101527.17,32.94,15.59,101587.92,22.71,45.43,-1673927.37,5.90
15:53,101533.46,33.22,15.56,101587.69,23.92,42.82,-1505771.00,4.98
15:54,101539.61,33.34,15.35,101590.32,24.12,42.66,-1067641.00,5.23
15:55,101532.28,33.42,15.35,101588.05,24.59,42.46,-2411985.25,5.36
15:56,101532.08,33.45,15.38,101586.30,23.48,45.16,-261082.50,5.26
15:57,101543.81,33.70,15.45,101590.78,24.37,42.49,-231330.70,5.50
15:58,101542.92,33.97,15.16,101602.10,24.84,40.88,-243890.50,4.83
15:59,101537.36,33.53,14.95,101598.66,23.33,44.22,-246465.20,4.43
16:0,101541.36,33.25,15.18,101603.83,23.84,43.32,-250654.79,4.67
16:1,101554.78,33.21,15.46,101611.13,24.36,42.52,-212575.09,5.90
16:2,101547.63,33.30,15.29,101600.84,23.01,45.71,-218009.70,5.77
16:3,101542.11,33.26,15.27,101596.33,23.44,43.94,-190513.00,5.32
16:4,101549.66,33.07,15.18,101604.99,21.70,48.66,-279346.09,5.88
16:5,101546.77,32.84,15.42,101606.21,21.73,48.37,-211727.50,6.38
16:6,101556.61,32.91,15.46,101611.79,21.97,47.99,-231437.79,4.82
16:7,101551.79,32.57,15.37,101610.92,20.38,52.52,-339632.00,5.32
16:8,101538.11,32.40,15.67,101602.91,20.38,52.54,-367757.90,5.83
16:9,101554.83,32.61,15.71,101614.52,20.63,52.84,-423327.18,4.30
16:10,101550.41,32.73,15.67,101605.73,21.10,50.82,-374090.40,5.59
16:11,101552.08,32.67,15.72,101621.13,21.10,50.81,-352906.00,4.69
16:12,101547.80,32.60,15.65,101607.82,20.50,52.83,-209862.40,4.40
16:13,101543.66,32.39,15.78,101604.19,19.88,56.06,-2368944.25,4.63
16:14,101538.35,32.37,15.82,101602.21,20.18,54.61,-2384962.50,4.69
16:15,101538.88,32.57,15.71,101604.52,21.35,49.73,-2390306.25,5.92
16:16,101550.85,32.94,15.78,101610.57,21.32,51.51,-2389521.75,4.69
16:17,101548.03,32.77,15.69,101611.35,21.10,52.09,-2390742.50,4.89
16:18,101544.28,32.91,15.75,101608.92,21.45,51.74,-2392309.50,5.21
16:19,101557.47,32.90,15.57,101615.89,21.09,51.88,-2362095.25,4.83
16:20,101552.28,32.65,15.66,101614.16,20.72,52.33,-2366316.75,5.16
16:21,101552.19,32.74,15.83,101612.68,21.57,50.41,-2373281.25,4.45
16:22,101561.36,32.71,15.53,101621.71,20.04,54.34,-2383172.50,4.83
16:23,101559.89,32.37,15.81,101621.35,20.09,55.14,-2410502.00,4.72
16:24,101555.71,32.37,15.78,101623.76,20.20,54.29,-2412254.25,5.28
16:25,101558.77,32.22,15.93,101622.10,20.98,51.35,-2411744.50,4.45
16:26,101557.46,32.27,15.82,101621.73,21.63,49.54,-2411833.50,5.79
16:27,101558.28,32.41,16.15,101621.66,22.44,48.13,-615811.68,4.71
16:28,101561.39,32.75,15.72,101621.35,23.31,45.82,-2268416.00,5.73
16:29,101561.53,32.87,15.64,101625.67,23.28,46.26,-1333672.75,4.92
16:30,101564.78,33.03,15.66,101623.72,24.43,43.60,-652070.87,4.74
16:31,101574.07,32.89,15.53,101628.78,23.45,45.16,-2449949.25,5.36
16:32,101554.47,32.76,15.71,101624.00,24.69,42.48,-120243.21,5.28
16:33,101571.63,33.10,15.79,101625.03,26.34,39.00,-992094.81,4.91
16:34,101562.03,33.60,15.41,101625.98,27.14,36.94,-2434474.25,4.93
16:35,101568.29,33.64,15.25,101624.24,26.53,38.34,-2300692.75,5.83
16:36,101581.64,33.87,15.22,101627.21,27.09,36.93,-2333238.50,5.08
16:37,101571.30,33.59,15.16,101630.74,25.18,41.26,-2373003.50,4.43
16:38,101568.75,33.74,15.30,101630.80,26.72,38.63,-2446592.00,5.05
16:39,101571.97,34.00,15.20,101630.45,26.60,38.31,-2317373.50,5.52
16:40,101570.83,34.01,15.03,101628.98,26.76,37.12,-2451577.25,5.56
16:41,101571.60,34.07,15.14,101625.96,26.15,38.99,-2409642.00,4.56
16:42,101577.67,34.16,15.00,101636.25,26.28,38.13,-2452822.00,4.43
16:43,101571.57,34.08,14.93,101636.33,26.31,38.26,-2448722.00,4.47
16:44,101572.96,33.69,15.01,101629.67,24.81,41.78,-2363893.50,5.74
16:45,101569.11,33.69,15.10,101638.00,26.24,38.40,-2365855.25,5.94
16:46,101572.83,33.87,15.05,101631.45,26.75,36.72,-2403986.00,4.40
16:47,101573.53,33.54,15.06,101635.29,25.96,38.82,-2458628.50,4.74
16:48,101576.24,33.56,15.21,101633.27,26.09,38.54,-2457595.25,4.84
16:49,101574.94,33.69,15.21,101633.04,24.84,41.08,-2449960.50,4.64
16:50,101572.46,33.72,15.19,101629.24,24.37,43.07,-1895481.25,5.50
16:51,101575.09,33.79,15.16,101632.96,24.25,42.95,-1806036.00,4.66
16:52,101562.69,33.58,15.31,101627.99,24.41,43.08,-2390798.00,4.85
16:53,101577.41,33.80,15.26,101640.28,25.69,39.85,-1978218.25,5.99
16:54,101565.90,33.91,15.16,101618.67,24.50,42.96,-2143976.25,5.85
16:55,101563.56,33.67,15.03,101622.11,23.73,44.43,-2460632.50,5.35
16:56,101570.57,33.73,15.25,101625.32,23.76,44.68,-2467245.75,4.67
16:57,101570.82,33.85,15.12,101623.67,23.63,45.08,-2466437.50,5.68
16:58,101567.96,33.64,15.18,101626.89,22.80,47.38,-2464354.75,5.68
16:59,101572.32,33.46,15.45,101635.82,22.42,49.09,-673694.18,5.52
17:0,101563.75,33.71,15.31,101626.70,23.21,45.54,-721136.81,6.06
17:1,101568.52,33.43,15.26,101626.33,22.44,48.44,-1500564.75,5.14
17:2,101567.17,33.53,15.37,101624.77,22.73,47.55,-2138918.50,5.28
17:3,101578.50,33.70,15.30,101628.01,22.78,47.47,-2198703.75,6.06
17:4,101565.68,33.56,15.26,101622.97,22.93,46.51,-2350430.25,5.48
17:5,101566.54,33.56,15.19,101628.61,22.62,47.86,-2352500.75,4.59
17:6,101564.22,33.32,15.47,101632.53,22.97,47.36,-712058.68,5.32
17:7,101569.36,33.30,15.28,101631.18,23.43,44.58,-137107.79,5.03
17:8,101587.97,33.22,15.27,101635.16,22.09,48.23,-194848.59,5.99
17:9,101576.30,33.06,15.53,101631.00,22.62,47.17,-38387.20,4.47
17:10,101564.47,32.82,15.42,101632.65,21.80,48.44,-2029315.62,5.05
17:11,101574.46,32.87,15.51,101630.63,23.38,44.35,-479902.50,5.20
17:12,101584.18,33.06,15.44,101630.53,23.93,42.06,-2461973.50,4.87
17:13,101568.64,33.03,15.34,101630.92,24.90,39.78,-1717205.25,4.88
17:14,101566.98,32.99,15.27,101625.33,24.13,41.15,-1203752.25,5.45
17:15,101567.18,32.78,15.21,101624.60,23.67,41.72,-1448954.87,4.42
17:16,101576.37,32.69,15.38,101634.50,22.96,44.33,-1383233.87,5.92
17:17,101579.60,32.79,15.25,101630.71,22.41,44.97,-1459900.12,5.70
17:18,101587.36,32.80,15.37,101634.69,22.61,44.06,-1466026.37,5.54
17:19,101571.60,32.61,15.19,101630.77,22.62,42.55,-1023986.18,5.30
17:20,101587.85,32.68,15.28,101636.07,22.38,44.37,-1111302.37,4.95
17:21,101576.75,32.50,15.13,101640.91,21.50,45.35,-52923.40,5.91
17:22,101576.33,32.18,15.25,101638.42,21.73,44.76,-19788.90,5.70
17:23,101582.57,32.42,15.38,101635.94,22.30,43.71,-33384.80,5.30
17:24,101567.30,32.46,15.13,101636.11,22.20,43.97,-33220.50,4.36
17:25,101570.75,32.29,15.21,101636.46,21.61,45.39,-11502.80,5.61
17:26,101575.99,32.30,15.41,101635.30,22.01,44.27,-16343.10,4.56
17:27,101578.08,32.16,15.20,101644.34,21.15,45.54,-38108.40,5.12
17:28,101580.55,31.80,15.24,101636.85,21.58,43.75,-192955.50,5.80
17:29,101579.78,31.86,15.44,101634.86,22.65,41.59,-28974.10,4.89
17:30,101580.88,32.09,15.41,101637.51,22.46,42.31,-35729.60,5.45
17:31,101578.10,31.94,15.48,101639.10,21.95,43.79,-58346.40,5.03
17:32,101586.97,32.14,15.42,101640.01,22.16,43.38,-58629.20,5.84
17:33,101579.64,32.30,15.41,101640.46,22.49,42.67,-72349.80,5.50
17:34,101589.40,32.49,15.43,101640.50,22.07,44.10,-2489600.75,5.72
17:35,101588.92,32.27,15.29,101644.50,21.71,44.00,-2489327.50,5.52
17:36,101590.42,32.10,15.24,101646.78,21.76,43.77,-2488011.50,4.38
17:37,101585.99,31.97,15.44,101648.22,21.91,43.98,-2488246.00,5.65
17:38,101579.78,31.82,15.36,101645.50,21.13,45.17,-2488524.75,5.68
17:39,101588.02,31.47,15.52,101648.69,21.49,44.98,-957584.18,5.42
17:40,101580.16,31.74,15.49,101641.15,22.63,42.01,-960494.18,5.70
17:41,101587.08,32.02,15.53,101644.02,23.36,40.39,-4171.70,5.50
17:42,101579.85,32.17,15.45,101646.38,23.28,40.44,-1561.00,4.83
17:43,101589.19,32.35,15.20,101644.11,24.08,37.85,-9413.80,5.50
17:44,101576.25,32.08,15.10,101640.66,22.24,41.34,1753.50,4.45
17:45,101576.42,31.60,15.40,101640.96,21.97,42.19,-2136827.50,4.73
17:46,101584.43,31.64,15.39,101644.57,22.63,40.90,-1761.00,4.83
17:47,101578.00,31.51,15.44,101641.66,23.05,39.55,-12370.70,4.35
17:48,101584.97,31.43,15.68,101644.57,23.32,40.03,-55722.90,4.59
17:49,101581.56,31.45,15.54,101647.50,23.09,40.17,-64855.30,4.92
17:50,101577.09,31.35,15.52,101639.75,23.19,38.94,-35419.90,4.44
17:51,101584.06,31.56,15.55,101641.32,23.64,38.05,-15574.90,4.81
17:52,101577.62,31.60,15.34,101639.72,23.07,38.74,-22300.70,5.25
17:53,101579.52,31.69,15.34,101642.92,23.52,37.78,-1623.10,4.83
17:54,101588.66,31.56,15.02,101647.96,23.09,37.87,-23223.00,5.73
17:55,101584.28,31.04,15.36,101639.73,22.99,37.71,-22258.90,5.73
17:56,101589.25,31.14,15.41,101648.32,23.12,37.44,-44859.00,4.38
17:57,101588.28,31.25,15.45,101642.28,23.66,36.93,-61538.70,4.76
17:58,101585.75,31.20,15.18,101639.44,21.99,39.85,-20421.80,4.91
17:59,101587.96,31.20,15.63,101642.80,23.20,37.51,-45597.50,5.02
18:0,101578.94,31.67,15.44,101640.29,23.49,38.01,-27100.40,4.83
18:1,101575.63,31.65,15.21,101635.83,22.89,38.38,-23443.90,4.72
18:2,101582.22,31.73,15.17,101637.95,23.81,36.37,-758.80,4.14
18:3,101581.06,31.86,15.20,101640.13,23.81,37.29,720.60,5.59
18:4,101587.69,31.59,15.06,101640.91,23.13,37.49,-15917.60,5.41
18:5,101581.92,31.14,15.22,101639.77,21.46,41.62,-14042.50,4.47
18:6,101582.91,31.26,15.50,101641.38,22.09,40.61,-29387.40,5.64
18:7,101576.94,31.46,15.30,101642.88,22.29,39.21,-38577.80,3.96
18:8,101579.31,31.47,15.31,101638.12,22.54,39.31,-33120.40,4.94
18:9,101587.28,31.58,15.29,101641.78,22.50,39.58,-38898.40,4.27
18:10,101577.46,31.26,15.18,101640.58,21.78,40.54,-2485470.75,5.70
18:11,101573.57,31.18,15.42,101638.16,21.58,41.06,-1980676.00,4.35
18:12,101579.03,31.29,15.39,101637.10,22.18,39.83,-2004176.37,5.56
18:13,101581.21,31.46,15.26,101638.17,21.80,41.24,-2367913.25,5.38
18:14,101572.91,31.27,15.24,101636.41,21.68,41.44,-2444274.25,5.44
18:15,101569.14,31.28,15.31,101634.55,21.38,41.64,-2442768.50,4.05
18:16,101573.25,31.25,15.26,101633.92,21.64,41.35,-2441973.00,3.97
18:17,101580.66,31.29,15.37,101635.24,21.69,40.93,-2442792.50,5.51
18:18,101576.50,31.34,15.23,101631.63,22.15,39.57,-2444854.25,4.36
18:19,101584.31,31.39,15.26,101630.75,21.96,40.45,-2446886.75,5.61
18:20,101575.46,31.48,15.24,101628.77,22.48,39.21,-2445270.75,5.65
18:21,101566.34,31.30,15.33,101633.55,21.23,42.78,-2448052.50,4.62
18:22,101582.58,31.23,15.30,101636.46,21.36,40.91,-2450129.50,5.53
18:23,101580.82,31.19,15.28,101633.47,21.73,40.25,-2445809.00,5.23
18:24,101575.49,31.21,15.40,101627.44,22.40,39.48,-2446597.25,5.72
18:25,101582.35,31.19,15.23,101626.50,21.94,40.14,-2445049.75,4.09
18:26,101571.60,31.19,15.36,101634.45,21.22,42.56,-2446912.00,4.96
18:27,101575.71,31.12,15.44,101635.17,21.43,41.72,-2446806.00,4.85
18:28,101567.07,30.99,15.37,101632.02,20.72,43.68,-2445934.25,5.03
18:29,101583.19,30.98,15.55,101638.30,21.55,41.73,-2445721.75,4.30
18:30,101568.09,30.81,15.56,101632.30,21.70,40.73,-2440175.75,5.54
18:31,101568.69,30.95,15.65,101625.32,22.28,39.73,-2438991.25,4.70
18:32,101565.60,31.23,15.54,101632.22,23.30,37.71,-4349.10,5.25
18:33,101569.89,31.51,15.46,101626.67,24.25,36.07,-4818.30,5.03
18:34,101575.42,31.55,15.39,101631.11,23.97,36.32,-93388.60,4.60
18:35,101583.17,31.08,15.35,101631.38,22.06,40.14,-36977.20,5.60
18:36,101586.22,31.06,15.45,101635.56,22.54,39.10,-25880.60,4.97
18:37,101574.32,31.00,15.42,101630.85,22.75,38.04,-1019.70,5.50
18:38,101561.22,30.85,15.52,101630.00,22.12,39.83,1466.90,4.74
18:39,101572.83,31.06,15.51,101631.31,24.03,35.21,440.90,5.23
18:40,101564.53,31.10,15.50,101628.80,24.31,35.15,-17818.60,5.22
18:41,101567.22,31.23,15.46,101627.10,24.63,33.96,-30940.10,5.70
18:42,101563.55,31.43,15.29,101628.24,24.96,34.00,-2167640.00,5.34
18:43,101564.89,31.34,15.23,101625.79,24.16,34.63,-905569.12,5.76
18:44,101565.75,31.27,15.33,101622.13,24.67,33.61,-1050812.25,4.96
18:45,101561.64,31.48,15.17,101626.07,25.39,32.35,-870603.81,4.80
18:46,101568.24,31.69,15.17,101629.14,24.94,33.07,-1043352.81,4.54
18:47,101562.89,31.67,15.10,101620.99,24.77,33.62,-1777313.62,4.83
18:48,101559.30,31.56,14.94,101622.05,24.02,34.49,-2413910.75,4.36
18:49,101566.22,31.62,15.04,101618.17,24.07,34.60,-2423318.00,5.05
18:50,101565.67,31.23,14.99,101619.07,24.25,33.54,-2469266.50,5.53
18:51,101559.16,31.15,15.14,101621.95,25.14,31.85,-2469749.50,5.14
18:52,101550.30,31.34,15.11,101623.85,25.53,31.13,-2470536.50,4.29
18:53,101556.94,31.27,15.20,101621.13,25.04,32.51,-2448211.75,5.03
18:54,101558.82,31.47,15.25,101620.08,25.34,32.19,-83956.00,4.71
18:55,101556.67,31.47,15.13,101619.67,23.65,34.79,-13559.10,3.87
18:56,101561.33,31.42,15.09,101622.17,24.14,33.89,-16208.70,4.36
18:57,101560.96,31.15,15.16,101621.85,23.09,36.10,-10159.60,5.59
18:58,101558.91,30.94,15.38,101621.78,23.48,35.79,-2060856.00,4.57
18:59,101557.37,30.96,15.39,101621.26,23.24,36.77,-2049335.62,4.44
19:0,101558.67,31.26,15.42,101617.55,24.04,35.04,-2043929.25,4.28
19:1,101563.71,31.60,15.13,101617.97,25.02,32.72,-371668.00,4.40
19:2,101563.39,31.52,15.13,101618.72,23.98,35.53,-627494.81,5.74
19:3,101559.07,31.64,15.05,101614.75,24.52,33.56,-43643.10,5.77
19:4,101550.63,31.70,15.04,101621.96,25.52,31.98,-26240.70,4.76
19:5,101558.61,31.77,14.86,101614.46,24.78,32.42,-46693.60,4.36
19:6,101552.65,31.38,15.06,101612.28,24.58,33.77,-175445.90,5.01
19:7,101566.25,31.28,15.23,101612.30,24.82,33.52,-1199966.37,5.43
19:8,101549.78,31.58,15.03,101618.52,24.84,32.76,-18535.70,5.04
19:9,101556.06,31.63,15.11,101615.88,25.73,32.12,-237720.90,5.43
19:10,101556.78,31.89,15.13,101619.86,25.48,31.90,-199797.40,5.59
19:11,101559.33,31.97,14.96,101614.47,24.81,33.58,-181905.79,5.49
19:12,101558.82,32.01,15.00,101612.80,24.80,33.65,-2382142.75,4.99
19:13,101558.41,31.81,14.93,101618.18,23.92,35.76,-2437127.50,5.40
19:14,101555.59,31.72,15.06,101612.67,23.71,36.41,-2506392.50,4.82
19:15,101561.69,31.77,15.14,101619.33,23.09,37.96,-65254.20,5.21
19:16,101565.39,31.75,15.15,101620.89,22.19,40.45,-2491562.75,5.63
19:17,101559.91,31.38,15.20,101619.02,21.29,42.67,-2506793.00,5.53
19:18,101557.08,31.65,15.37,101611.05,21.87,41.25,-2505930.00,5.21
19:19,101559.21,31.77,15.41,101617.32,22.35,41.21,-2501833.25,4.72
19:20,101559.92,31.49,15.13,101623.77,20.84,43.31,-2478732.50,5.45
19:21,101562.07,31.11,15.37,101621.86,21.50,41.60,-47387.10,4.92
19:22,101562.32,31.28,15.34,101619.64,22.07,40.27,-2487549.50,5.56
19:23,101553.19,31.34,15.42,101616.23,22.24,40.11,-60336.10,5.42
19:24,101564.82,31.56,15.22,101614.58,22.35,39.94,-4973.50,5.41
19:25,101558.49,31.34,15.39,101621.28,21.24,42.44,-151077.09,5.71
19:26,101565.47,31.28,15.61,101621.95,21.52,42.83,-163021.09,5.66
19:27,101559.43,31.44,15.18,101623.35,21.00,43.49,-80302.80,5.50
19:28,101563.85,31.13,15.45,101619.25,21.29,42.88,-367491.18,4.29
19:29,101560.42,31.14,15.45,101620.83,21.29,42.71,-420032.40,4.92
19:30,101559.58,31.35,15.44,101617.72,22.03,41.45,-156449.79,5.16
19:31,101562.95,31.57,15.38,101620.78,22.73,39.51,1267.90,4.40
19:32,101563.94,31.61,15.40,101621.94,22.60,39.34,-70127.30,5.37
19:33,101563.96,31.58,15.41,101621.92,23.14,38.67,-58254.20,5.70
19:34,101562.89,31.78,15.32,101624.08,24.24,37.22,-2375007.50,5.28
19:35,101561.39,31.96,15.26,101623.31,24.03,37.51,-2010650.37,4.30
19:36,101568.25,32.04,15.21,101620.64,24.70,35.25,-2477482.75,5.52
19:37,101563.38,32.04,15.18,101626.29,24.69,35.96,-204941.50,4.74
19:38,101566.82,32.30,15.23,101628.73,25.30,35.07,-774600.18,4.90
19:39,101564.14,32.44,15.04,101623.24,25.31,35.33,-2410281.75,5.19
19:40,101553.09,32.36,15.06,101617.89,24.61,36.81,-2455906.50,4.99
19:41,101567.63,32.25,15.31,101624.00,24.59,37.11,-2458814.75,5.59
19:42,101564.71,32.48,15.15,101626.06,25.18,36.11,-2460702.50,4.25
19:43,101557.94,32.78,15.32,101622.57,25.66,35.97,-167589.79,4.27
19:44,101573.78,32.92,14.92,101626.91,24.54,38.04,2015.10,4.99
19:45,101561.71,32.63,15.04,101626.00,24.74,37.51,-240735.09,5.03
19:46,101572.78,32.82,14.96,101625.64,24.41,38.63,-234095.70,5.41
19:47,101558.57,32.84,15.10,101627.33,24.57,38.20,-17300.30,5.68
19:48,101569.95,32.84,15.01,101622.25,23.62,40.41,-681287.00,4.86
19:49,101568.88,32.65,15.00,101623.51,24.00,39.06,-2506400.50,4.98
19:50,101561.72,32.79,15.05,101620.16,24.50,38.29,-2476372.75,5.31
19:51,101570.32,32.99,14.95,101630.74,23.76,40.03,-271260.18,4.49
19:52,101561.32,32.69,14.99,101625.97,23.98,39.54,-108797.10,4.36
19:53,101570.46,33.00,14.93,101630.27,24.25,38.37,-368140.31,5.15
19:54,101569.72,32.99,14.86,101627.83,24.99,37.08,-238088.90,5.66
19:55,101573.11,32.95,14.82,101636.61,23.44,40.56,-154084.70,4.85
19:56,101576.38,32.68,14.91,101628.58,22.66,42.26,-132944.59,5.05
19:57,101574.57,32.52,15.08,101627.88,23.46,39.92,-149608.90,4.34
19:58,101576.05,32.66,14.98,101636.12,24.08,38.80,-537800.12,4.18
19:59,101580.17,32.81,14.85,101637.10,23.78,39.83,-69382.21,5.29
20:0,101574.70,32.65,15.02,101634.24,23.96,39.23,-1995722.00,5.25
20:1,101578.61,32.76,14.88,101634.04,22.71,41.91,-104917.71,4.18
20:2,101577.01,32.50,15.00,101636.90,22.53,42.96,-1984339.75,4.16
20:3,101586.69,32.57,15.03,101635.25,23.60,39.62,-2526852.00,5.11
20:4,101586.36,32.85,15.01,101643.04,24.48,38.69,-2531003.75,4.92
20:5,101590.85,33.12,14.89,101641.74,24.85,37.86,-2539548.50,4.27
20:6,101583.40,32.98,14.80,101639.30,24.30,38.40,-485298.50,5.50
20:7,101583.17,32.98,14.87,101643.60,24.50,38.33,-1915388.37,4.36
20:8,101583.14,32.68,14.95,101647.82,22.74,41.83,-235664.29,5.23
20:9,101592.33,32.86,14.94,101643.13,24.37,38.53,-114232.00,5.59
20:10,101593.11,33.15,14.95,101646.32,24.73,38.76,-111780.10,4.14
20:11,101587.73,33.34,14.81,101647.05,24.53,38.60,-107756.00,4.72
20:12,101606.16,33.48,14.66,101648.53,24.70,38.30,-100522.30,4.25
20:13,101589.53,33.34,14.69,101650.64,23.11,42.02,-142202.50,5.72
20:14,101586.27,32.96,14.82,101647.05,22.37,43.44,-2456125.00,4.52
20:15,101582.49,33.04,14.95,101650.44,23.05,42.23,-2457126.75,4.34
20:16,101598.06,33.05,14.87,101650.00,22.51,43.82,-2462332.75,5.31
20:17,101590.80,32.70,15.07,101648.20,22.15,44.80,-332252.40,4.92
20:18,101602.85,32.80,15.04,101651.96,22.33,44.65,-286082.90,5.30
20:19,101595.21,32.74,15.06,101656.64,22.81,42.67,-115745.10,5.52
20:20,101595.88,32.90,14.93,101656.71,23.40,41.41,-74773.30,4.03
20:21,101604.42,32.84,14.98,101653.25,23.17,41.72,-84835.71,4.90
20:22,101591.76,32.95,15.06,101655.14,23.43,41.45,-112483.10,4.09
20:23,101604.96,32.89,14.97,101660.11,22.85,43.15,-113504.00,5.23
20:24,101595.27,33.09,14.84,101654.89,23.62,41.07,-44710.20,5.28
20:25,101593.36,33.16,14.83,101652.97,23.63,41.36,-31383.10,5.32
20:26,101603.92,33.19,14.85,101657.72,23.72,41.37,-40130.90,4.58
20:27,101614.53,33.02,14.91,101664.41,22.71,43.70,-59539.70,4.96
20:28,101594.28,32.73,15.11,101664.83,21.83,46.41,-59304.60,4.20
20:29,101596.92,32.81,15.03,101661.60,22.12,45.40,-85642.80,4.19
20:30,101617.63,32.75,15.10,101664.00,22.29,44.67,-118427.40,5.27
20:31,101611.53,32.92,15.00,101664.50,23.09,42.15,-131896.09,5.66
20:32,101607.69,33.00,15.06,101660.96,22.84,43.92,-121845.30,5.10
20:33,101606.35,32.99,15.06,101668.51,22.80,43.10,-95958.71,5.40
20:34,101607.83,33.03,14.94,101664.41,23.58,40.85,-106753.40,5.68
20:35,101602.53,33.10,14.94,101662.75,23.47,41.46,-93690.71,4.70
20:36,101620.42,33.08,14.95,101665.48,23.06,42.88,-135737.29,5.54
20:37,101608.43,32.85,15.10,101671.80,22.07,44.72,-1026893.87,5.24
20:38,101613.88,32.88,15.16,101676.63,22.13,44.94,-741328.68,5.54
20:39,101610.02,32.74,15.12,101669.01,21.75,46.68,-2416432.50,4.34
20:40,101617.42,32.59,15.17,101678.17,20.93,48.75,-898736.00,4.24
20:41,101616.43,32.38,15.40,101674.58,20.84,49.40,-366702.90,5.30
20:42,101610.36,32.38,15.36,101674.33,20.72,49.38,-447772.50,4.74
20:43,101615.31,32.42,15.47,101677.26,20.87,49.49,-289949.50,5.54
20:44,101618.35,32.34,15.43,101674.95,20.72,50.44,-167029.00,5.03
20:45,101612.30,32.52,15.48,101675.52,21.09,49.61,-202644.59,5.56
20:46,101611.00,32.44,15.34,101672.73,20.31,51.70,-219617.40,4.46
20:47,101610.69,32.37,15.38,101671.21,20.53,50.08,-251881.29,4.63
20:48,101615.15,32.50,15.48,101673.19,20.68,50.20,-311190.09,4.53
20:49,101621.30,32.42,15.44,101674.41,20.15,51.81,-252396.70,5.39
20:50,101617.30,32.33,15.39,101674.82,20.56,50.44,-326037.68,5.36
20:51,101618.13,32.39,15.38,101678.94,21.10,48.65,-357885.18,5.21
20:52,101620.56,32.35,15.44,101674.89,20.68,49.96,-339054.31,5.14
20:53,101617.75,32.46,15.53,101673.86,20.78,50.06,-500505.00,5.15
20:54,101611.05,32.48,15.41,101676.24,21.09,48.92,-480516.59,4.37
20:55,101625.50,32.34,15.46,101673.51,20.61,50.44,-451000.40,5.69
20:56,101618.42,32.23,15.60,101671.79,19.59,53.97,-528047.87,5.69
20:57,101615.14,32.09,15.60,101667.16,19.69,53.84,-448832.09,5.58
20:58,101613.42,32.09,15.68,101670.89,20.19,51.24,-462473.90,5.34
20:59,101611.63,32.10,15.74,101671.44,19.63,53.68,-499459.81,4.24
21:0,101616.91,32.01,15.77,101671.72,20.11,52.61,-508147.18,5.74
21:1,101611.50,32.03,15.69,101667.47,20.08,52.22,-787430.87,4.27
21:2,101617.17,32.01,15.76,101666.36,20.36,51.02,-639667.50,5.34
21:3,101595.36,32.11,15.81,101665.21,20.34,51.17,-739559.68,4.63
21:4,101618.02,32.23,15.62,101665.53,20.47,50.67,-717836.37,5.08
21:5,101608.64,32.26,15.63,101666.00,20.44,51.54,-657200.00,4.32
21:6,101605.94,32.14,15.59,101663.52,19.98,51.63,-627269.18,4.43
21:7,101611.22,32.17,15.62,101663.57,20.35,51.61,-660151.12,5.83
21:8,101616.42,32.28,15.56,101666.64,20.85,49.84,-608410.68,5.59
21:9,101609.17,32.36,15.50,101667.08,20.86,49.46,-661836.00,5.34
21:10,101612.93,32.38,15.63,101671.17,20.93,50.29,-675691.31,4.69
21:11,101614.86,32.40,15.48,101675.32,20.80,49.97,-632376.18,5.79
21:12,101614.21,32.36,15.46,101676.99,20.89,48.47,-612229.12,4.78
21:13,101616.27,32.35,15.44,101672.66,20.61,50.05,-611708.68,5.05
21:14,101616.57,32.30,15.68,101678.83,20.34,51.73,-558335.31,4.45
21:15,101616.07,32.21,15.72,101675.32,19.44,55.25,-538018.81,5.54
21:16,101623.94,32.18,15.72,101678.08,19.78,53.97,-545988.68,5.62
21:17,101634.05,32.28,15.58,101681.28,20.21,51.57,-445298.81,4.64
21:18,101620.51,32.31,15.68,101682.41,20.64,51.07,-565531.18,5.65
21:19,101623.60,32.37,15.70,101684.10,20.62,51.23,-608824.62,5.11
21:20,101624.08,32.44,15.50,101684.47,20.86,49.95,-997024.18,4.65
21:21,101623.77,32.38,15.71,101680.45,20.21,52.97,-993478.18,5.49
21:22,101631.80,32.40,15.48,101681.55,20.76,49.30,-955295.81,5.67
21:23,101617.71,32.38,15.61,101680.75,20.59,51.71,-721484.37,4.32
21:24,101622.76,32.17,15.65,101678.66,19.63,54.60,-796048.00,5.54
21:25,101625.46,32.21,15.67,101683.83,20.21,52.67,-684729.62,4.32
21:26,101626.99,32.22,15.85,101682.92,19.74,54.88,-774487.87,5.30
21:27,101629.60,31.97,15.83,101683.28,19.10,55.82,-1127959.75,5.69
21:28,101626.35,31.95,15.82,101682.84,19.05,56.85,-1422038.62,5.46
21:29,101623.69,31.78,15.85,101683.90,19.29,55.89,-522450.31,4.43
21:30,101632.38,31.90,15.93,101682.33,20.07,53.88,-555873.50,4.25
21:31,101622.38,32.02,15.71,101679.17,20.08,52.12,-554067.50,5.28
21:32,101625.18,31.93,15.88,101682.07,19.66,53.93,-512624.68,4.49
21:33,101628.50,31.92,15.87,101684.52,19.74,54.08,-492253.00,4.37
21:34,101628.44,32.02,15.72,101691.00,20.29,52.07,-554406.68,5.03
21:35,101638.50,31.94,15.95,101686.49,19.76,54.77,-467953.00,4.29
21:36,101640.47,32.03,15.75,101687.39,20.17,52.21,-451099.50,5.52
21:37,101628.49,32.06,15.87,101683.53,20.12,53.27,-434343.18,4.28
21:38,101631.03,32.09,15.85,101688.67,19.91,53.99,-435585.90,5.03
21:39,101624.67,32.11,15.80,101691.58,19.97,53.54,-455872.90,4.85
21:40,101632.98,32.12,15.87,101688.50,19.86,53.61,-424130.59,5.77
21:41,101642.57,32.19,15.89,101688.49,19.67,55.33,-415184.50,4.56
21:42,101641.99,32.17,15.70,101693.64,19.92,52.53,-371648.50,5.50
21:43,101640.61,32.09,15.90,101693.00,19.76,54.49,-341997.81,5.41
21:44,101639.74,31.98,15.87,101698.46,19.38,55.80,-332322.81,5.68
21:45,101637.41,32.02,15.91,101695.12,19.48,55.74,-300288.40,5.48
21:46,101643.28,32.15,15.86,101694.74,20.09,53.13,-296672.68,4.38
21:47,101645.01,32.16,15.84,101699.47,19.92,54.61,-291044.40,4.36
21:48,101643.96,31.94,15.86,101703.05,19.40,55.96,-267805.90,4.85
21:49,101652.38,31.99,15.89,101704.83,19.41,56.07,-198210.90,4.98
21:50,101650.07,32.12,15.78,101703.26,19.75,53.62,-1039022.18,4.63
21:51,101645.99,32.10,15.77,101706.14,20.12,52.94,-2331099.50,5.67
21:52,101640.89,32.06,15.75,101700.82,20.30,52.05,-420376.50,4.60
21:53,101647.07,32.13,15.76,101701.86,20.31,51.67,-371794.50,5.75
21:54,101650.25,32.21,15.78,101701.77,20.41,52.92,-378353.00,4.75
21:55,101651.99,32.28,15.74,101701.95,20.18,53.56,-472089.59,4.88
21:56,101648.69,32.33,15.73,101702.38,20.25,53.41,-418511.40,4.74
21:57,101652.69,32.34,15.68,101704.26,20.28,52.36,-462120.59,5.14
21:58,101648.14,32.19,15.88,101708.49,19.80,53.73,-479459.90,5.36
21:59,101663.39,32.23,15.77,101708.63,19.92,54.66,-458084.09,5.17
22:0,101648.19,32.22,15.84,101710.22,19.58,55.59,-448734.81,4.34
22:1,101651.71,32.31,15.72,101708.75,19.88,54.40,-539422.68,4.56
22:2,101650.89,32.28,15.70,101709.71,20.35,52.90,-501130.40,4.94
22:3,101653.37,32.15,15.85,101713.32,19.54,54.69,-2585114.00,5.83
22:4,101654.89,32.09,15.85,101716.25,19.54,56.23,-2574666.75,4.52
22:5,101649.74,32.12,15.90,101711.80,19.62,53.93,-805214.62,5.90
22:6,101657.32,32.16,15.79,101711.53,19.88,54.54,-2556193.25,5.18
22:7,101654.49,32.16,15.83,101712.68,20.10,52.03,-2548475.00,6.09
22:8,101666.72,32.14,15.83,101714.39,19.61,55.87,-2534301.25,4.64
22:9,101658.47,32.09,15.88,101719.66,19.33,56.39,-2464161.50,5.70
22:10,101669.14,32.12,15.70,101715.65,19.79,54.78,-2477588.00,4.56
22:11,101654.38,32.19,15.89,101721.27,19.79,54.93,-2497281.25,5.28
22:12,101670.64,32.25,15.72,101725.56,19.86,54.37,-2493640.75,4.72
22:13,101666.16,32.19,16.01,101724.25,19.39,56.75,-2501117.50,5.18
22:14,101666.96,32.27,15.87,101725.83,19.73,56.07,-2502408.75,4.45
22:15,101679.92,32.29,15.78,101729.58,19.52,56.01,-2509548.50,4.87
22:16,101671.49,32.26,15.76,101732.44,19.82,55.75,-2517392.50,5.42
22:17,101690.01,32.20,15.83,101728.35,19.31,57.37,-2518981.50,4.26
22:18,101678.58,32.15,15.84,101736.03,19.47,56.25,-2539059.50,5.10
22:19,101669.11,32.11,15.82,101736.92,19.29,56.57,-2559426.00,4.58
22:20,101677.61,32.07,15.88,101737.96,19.64,55.15,-2560038.00,5.74
22:21,101676.64,32.14,15.83,101734.21,19.72,55.62,-2556434.75,5.28
22:22,101678.93,32.14,15.95,101743.70,19.63,55.39,-2556535.50,5.65
22:23,101679.66,31.98,16.06,101745.72,18.61,60.03,-2445592.75,5.50
22:24,101685.08,31.89,16.07,101744.67,18.74,59.86,-325199.18,4.92
22:25,101688.85,31.90,16.06,101745.58,18.98,57.70,-397069.09,4.69
22:26,101685.38,31.98,16.14,101747.40,19.20,58.73,-373771.18,4.78
22:27,101681.78,31.96,15.98,101745.75,19.24,57.02,-721266.50,5.72
22:28,101693.33,32.07,15.98,101744.55,19.82,55.21,-1048438.00,5.18
22:29,101685.02,32.13,15.87,101747.71,19.69,55.10,-1037433.87,4.41
22:30,101689.04,32.11,15.95,101749.47,19.42,57.25,-1167198.37,5.80
22:31,101697.50,32.13,15.92,101748.85,19.62,56.77,-1076351.75,5.56
22:32,101683.68,32.18,15.89,101749.66,19.28,58.07,-1113990.37,5.14
22:33,101692.63,32.22,15.93,101750.00,19.52,57.29,-1198953.37,4.58
22:34,101687.59,32.22,15.85,101746.27,19.68,56.21,-1952873.25,5.59
22:35,101687.46,32.19,15.97,101745.57,19.35,57.24,-1913034.75,5.47
22:36,101691.69,32.22,16.07,101748.11,19.16,59.27,-1172586.75,5.34
22:37,101680.52,32.19,15.86,101747.67,19.13,58.48,-1180890.00,5.59
22:38,101698.11,32.21,15.95,101747.97,19.50,56.65,-1683945.62,4.61
22:39,101693.54,32.15,16.16,101745.21,19.07,59.54,-2235673.25,5.77
22:40,101679.71,32.16,15.97,101746.29,19.32,57.81,-2493502.25,4.37
22:41,101685.02,32.11,15.91,101747.08,19.56,57.15,-2494896.00,4.93
22:42,101683.92,31.96,16.08,101744.97,18.77,60.85,-2511264.50,5.68
22:43,101685.14,31.97,16.22,101743.00,18.88,60.13,-2511510.50,5.63
22:44,101692.30,32.08,16.06,101742.96,19.01,59.53,-2511970.75,5.80
22:45,101687.10,32.07,16.03,101746.60,18.72,61.14,-2510646.75,5.59
22:46,101686.67,32.07,16.03,101746.19,19.22,58.94,-2510584.50,5.59
22:47,101690.42,32.10,16.03,101745.88,18.95,60.29,-2506652.75,4.52
22:48,101687.66,32.13,15.98,101744.02,19.05,59.62,-2507529.50,5.87
22:49,101684.39,32.15,16.07,101746.28,19.12,58.97,-2508174.25,5.42
22:50,101687.89,32.15,16.01,101746.89,18.89,60.22,-2508315.25,5.25
22:51,101689.82,32.13,15.97,101745.03,18.64,60.75,-2507900.75,5.79
22:52,101691.62,32.08,16.12,101744.91,18.85,59.99,-2509638.75,5.12
22:53,101684.98,32.06,15.93,101750.91,19.44,56.80,-2512352.00,5.27
22:54,101691.69,32.10,15.92,101749.27,19.61,56.40,-101513.50,5.28
22:55,101693.83,32.12,16.01,101750.75,19.46,57.63,-73945.10,5.59
22:56,101687.50,32.11,15.97,101753.19,19.46,57.23,-75568.30,4.57
22:57,101693.14,32.01,16.10,101752.46,19.41,57.59,-53497.40,4.64
22:58,101696.21,32.00,16.11,101750.41,19.07,59.54,-159557.79,4.48
22:59,101690.99,32.05,16.02,101753.28,19.08,59.29,-139414.90,5.43
23:0,101697.55,32.04,15.96,101752.82,19.02,58.98,-195999.90,4.46
23:1,101690.11,32.04,16.04,101756.05,19.22,58.00,-191200.90,4.96
23:2,101697.88,32.06,16.03,101756.63,18.93,59.65,-164468.59,5.81
23:3,101697.07,32.02,16.08,101759.70,18.79,60.30,-163810.90,5.59
23:4,101704.14,32.03,15.94,101755.93,18.88,59.64,-201673.20,4.32
23:5,101687.14,32.00,16.04,101757.02,19.08,59.01,-184843.00,5.06
23:6,101687.86,31.98,16.20,101755.85,18.68,61.34,-158146.20,4.92
23:7,101698.69,31.99,16.05,101759.36,18.81,60.25,-179903.40,5.77
23:8,101698.95,31.99,15.99,101755.75,19.16,58.98,-154583.50,5.79
23:9,101698.87,31.96,16.14,101760.58,18.87,60.06,-149074.40,5.44
23:10,101697.42,31.97,16.08,101760.21,18.85,60.39,-261263.59,4.34
23:11,101705.02,32.01,15.93,101761.19,18.97,59.12,-229078.20,4.49
23:12,101694.27,31.96,16.17,101759.88,18.77,60.56,-376932.59,4.61
23:13,101690.52,31.97,16.19,101760.46,18.58,61.65,-785479.12,4.48
23:14,101707.49,32.00,15.99,101763.06,18.77,60.87,-940211.00,5.12
23:15,101715.78,32.01,16.08,101764.07,18.58,61.40,-974995.00,5.97
23:16,101698.58,32.03,16.07,101760.28,18.54,61.63,-952444.62,5.79
23:17,101702.46,31.99,16.29,101765.63,18.18,63.83,-883357.00,5.23
23:18,101708.10,32.01,16.16,101766.58,18.28,63.18,-911867.18,4.65
23:19,101699.81,31.97,16.19,101763.61,18.51,61.92,-871196.31,4.40
23:20,101721.77,31.96,16.04,101768.21,18.28,62.78,-817901.62,4.90
23:21,101707.87,31.93,16.23,101768.90,18.21,63.37,-816873.31,4.78
23:22,101703.75,31.96,16.09,101764.78,18.43,61.03,-791048.31,5.43
23:23,101704.53,31.95,16.04,101769.57,18.44,62.35,-834595.62,5.72
23:24,101706.70,31.91,16.07,101768.28,18.52,61.47,-1076882.62,5.62
23:25,101702.71,31.83,16.07,101769.33,18.38,61.85,-789694.62,5.38
23:26,101708.33,31.84,16.19,101765.39,18.52,61.70,-871909.81,4.31
23:27,101708.47,31.75,16.09,101765.21,18.62,60.50,-926366.62,5.79
23:28,101712.41,31.72,16.37,101762.16,18.50,61.86,-873507.87,4.61
23:29,101702.62,31.78,16.12,101769.89,18.39,61.42,-925701.37,5.51
23:30,101697.94,31.77,16.12,101760.71,18.63,60.21,-839701.68,4.38
23:31,101706.77,31.72,16.45,101761.77,18.36,63.24,-869072.31,4.43
23:32,101711.21,31.73,16.24,101765.14,18.20,63.72,-494113.59,5.61
23:33,101699.83,31.78,16.17,101758.60,18.46,62.36,-1993916.75,4.85
23:34,101715.19,31.77,16.30,101766.86,18.40,62.75,-2055628.62,5.90
23:35,101706.57,31.79,16.28,101769.53,18.22,63.11,-2007688.75,4.80
23:36,101705.53,31.78,16.25,101768.17,18.38,62.90,-2605770.75,5.52
23:37,101709.57,31.73,16.26,101772.67,18.34,62.71,-2397544.00,4.72
23:38,101708.38,31.73,16.26,101769.87,18.50,62.17,-2639224.50,4.32
23:39,101706.74,31.74,16.21,101766.38,18.47,62.01,-2654924.75,5.88
23:40,101720.24,31.74,16.33,101769.24,18.52,62.44,-2659306.75,4.37
23:41,101710.32,31.77,16.19,101772.07,18.42,61.76,-2659514.75,4.54
23:42,101713.47,31.78,16.35,101764.72,18.54,61.76,-2660148.50,5.10
23:43,101718.46,31.78,16.34,101771.25,18.17,64.02,-2660441.75,5.54
23:44,101704.83,31.81,16.34,101775.87,18.17,63.54,-2660897.75,5.28
23:45,101728.24,31.81,16.29,101777.19,18.24,63.15,-2661719.00,5.48
23:46,101710.21,31.81,16.24,101768.53,18.70,60.64,-2661551.25,5.39
23:47,101716.92,31.75,16.36,101771.03,18.47,62.92,-2663062.75,5.05
23:48,101713.30,31.78,16.31,101774.36,18.37,62.55,-2663680.50,4.94
23:49,101715.44,31.80,16.38,101776.35,18.18,64.30,-2663296.50,5.12
23:50,101709.27,31.81,16.35,101772.25,18.02,64.63,-2664448.50,5.13
23:51,101713.64,31.80,16.29,101776.52,18.16,63.98,-2664299.50,5.74
23:52,101713.07,31.76,16.25,101772.99,18.48,62.37,-2665128.00,5.63
23:53,101713.49,31.77,16.30,101769.60,18.41,63.18,-2666239.50,5.63
23:54,101709.20,31.80,16.18,101769.82,18.54,61.95,-2668179.25,4.88
23:55,101715.03,31.78,16.30,101766.88,18.59,62.53,-2668586.00,4.30
23:56,101717.84,31.77,16.30,101775.82,18.40,62.44,-2668645.50,5.79
23:57,101711.28,31.75,16.30,101771.31,18.37,63.12,-2671990.75,4.86
23:58,101712.22,31.73,16.37,101765.40,18.54,62.66,-2672170.00,5.65
23:59,101709.91,31.78,16.29,101765.63,18.59,62.56,-2672792.50,4.45
0:0,101711.71,31.78,16.35,101763.85,18.27,63.86,-2678876.50,4.78
0:1,101709.63,31.80,16.49,101760.76,18.44,63.47,-2680531.50,5.47
0:2,101711.72,31.85,16.35,101772.01,18.22,64.56,-2680153.50,5.66
0:3,101719.64,31.86,16.42,101772.00,18.16,64.92,-2681837.50,5.62
0:4,101713.54,31.83,16.40,101774.97,18.35,63.85,-2681186.00,4.50
0:5,101713.53,31.84,16.27,101772.16,18.74,61.48,-2682186.50,3.82
0:6,101719.80,31.80,16.38,101775.28,18.28,64.18,-2682499.50,5.75
0:7,101723.23,31.79,16.37,101777.32,18.07,65.25,-2679212.75,5.74
0:8,101729.21,31.76,16.46,101776.43,18.00,65.38,-2681274.50,5.12
0:9,101715.71,31.79,16.35,101776.27,18.14,64.61,-2682203.25,5.71
0:10,101716.80,31.83,16.43,101773.83,18.39,62.86,-2682965.50,5.88
0:11,101712.38,31.86,16.39,101776.11,18.39,64.00,-2684276.50,5.12
0:12,101714.64,31.89,16.39,101775.40,18.26,64.44,-2685291.50,5.23
0:13,101719.67,31.94,16.34,101771.64,18.53,62.05,-2685363.50,5.94
0:14,101710.85,31.95,16.30,101771.17,18.60,63.12,-2686384.50,4.88
0:15,101708.53,31.96,16.33,101769.63,18.54,64.10,-2687091.50,5.92
0:16,101717.60,31.96,16.47,101774.88,18.10,65.71,-2688254.50,5.12
0:17,101701.34,31.99,16.41,101773.00,18.34,64.76,-2688368.75,4.45
0:18,101714.91,32.03,16.35,101767.50,18.59,61.96,-2689457.50,5.89
0:19,101707.14,32.04,16.29,101766.83,18.43,64.25,-2689495.25,5.12
0:20,101715.53,32.01,16.35,101771.58,18.33,64.38,-2690458.50,5.28
0:21,101713.64,32.00,16.21,101764.82,18.50,62.13,-2690911.50,5.62
0:22,101702.82,31.96,16.28,101767.80,18.80,62.15,-2691626.50,5.37
0:23,101713.16,31.98,16.38,101764.16,18.65,63.44,-2693178.50,5.82
0:24,101721.24,32.03,16.35,101764.27,18.53,63.91,-2693351.50,5.48
0:25,101710.36,32.04,16.25,101765.60,18.61,63.86,-2693259.75,5.07
0:26,101700.13,32.00,16.26,101767.31,18.30,64.73,-2694792.50,5.97
0:27,101711.78,31.96,16.38,101770.45,18.25,64.09,-2694699.50,5.41
0:28,101708.77,32.00,16.37,101771.00,18.25,64.84,-2695222.75,5.81
0:29,101715.88,31.96,16.38,101771.96,18.17,64.94,-2695140.00,4.04
0:30,101710.07,31.97,16.26,101763.38,18.47,63.17,-2696638.00,5.20
0:31,101696.14,31.98,16.37,101763.00,18.44,64.53,-2697624.25,4.38
0:32,101703.89,32.02,16.32,101762.96,18.54,63.69,-2697853.50,4.94
0:33,101706.27,32.05,16.31,101759.97,18.39,64.65,-2698390.75,4.36
0:34,101697.37,32.04,16.30,101764.00,18.61,63.99,-2699252.50,5.71
0:35,101700.27,32.09,16.21,101761.97,18.65,63.40,-2699698.50,4.78
0:36,101704.52,32.10,16.19,101764.58,18.85,61.57,-2700696.00,5.78
0:37,101707.25,32.10,16.29,101765.11,18.72,62.87,-2702031.50,4.43
0:38,101714.30,32.15,16.32,101766.11,18.58,63.43,-2701975.25,4.47
0:39,101711.50,32.14,16.33,101762.63,18.72,63.22,-2702696.25,5.19
0:40,101708.32,32.17,16.18,101763.94,18.72,62.77,-2703183.00,5.54
0:41,101698.13,32.20,16.11,101758.32,18.75,62.44,-2703623.25,5.69
0:42,101703.05,32.23,16.24,101761.49,18.71,63.26,-2704646.50,4.45
0:43,101701.10,32.24,16.20,101758.85,18.68,63.01,-2705491.50,4.62
0:44,101703.14,32.24,16.22,101759.23,18.78,61.75,-2705650.00,5.43
0:45,101696.96,32.26,16.20,101755.43,18.69,62.40,-2706738.00,4.82
0:46,101703.13,32.25,16.27,101756.05,18.58,63.28,-2707049.50,4.71
0:47,101702.36,32.25,16.21,101760.19,18.67,63.45,-2707907.50,5.85
0:48,101699.27,32.28,16.06,101760.15,18.91,61.60,-2708232.50,5.69
0:49,101697.60,32.23,16.13,101753.47,19.07,61.00,-2709094.50,5.03
0:50,101690.21,32.26,16.09,101756.99,19.06,60.60,-2709186.75,4.92
0:51,101700.95,32.30,16.11,101755.88,18.82,62.35,-2708927.25,5.12
0:52,101699.17,32.29,16.25,101757.89,18.65,63.24,-2710207.75,5.47
0:53,101696.58,32.30,16.17,101756.91,18.95,61.19,-2710666.50,4.74
0:54,101701.80,32.30,16.16,101754.75,18.88,62.05,-2711114.50,5.83
0:55,101690.39,32.27,16.29,101751.63,18.80,62.92,-2711453.25,5.41
0:56,101692.47,32.34,16.24,101750.11,18.54,64.13,-2712811.50,4.68
0:57,101684.25,32.34,16.19,101746.16,18.63,63.68,-2713631.75,5.16
0:58,101695.62,32.33,16.29,101743.83,18.43,64.97,-2713667.25,4.47
0:59,101687.94,32.34,16.26,101740.10,18.39,65.00,-2714478.50,5.85
1:0,101692.83,32.30,16.26,101742.24,18.30,65.81,-2714989.25,5.74
1:1,101686.16,32.30,16.34,101744.21,18.28,65.43,-2715345.25,5.62
1:2,101687.55,32.38,16.07,101744.42,18.53,64.23,-2715264.50,4.91
1:3,101682.39,32.30,16.14,101743.28,18.55,64.36,-2716753.50,5.70
1:4,101684.92,32.25,16.13,101738.10,18.42,65.24,-2717397.75,5.88
1:5,101685.35,32.25,16.21,101738.41,18.33,65.26,-2717706.50,4.67
1:6,101691.13,32.20,16.32,101748.17,17.88,68.19,-2718824.25,5.52
1:7,101681.91,32.17,16.34,101749.28,17.93,67.39,-2719161.50,5.61
1:8,101682.85,32.17,16.27,101746.95,17.92,67.61,-2719480.50,5.38
1:9,101691.88,32.12,16.28,101746.47,17.73,68.18,-2720685.00,5.84
1:10,101682.25,32.06,16.29,101747.88,17.91,66.94,-2720196.75,5.57
1:11,101678.69,32.02,16.26,101747.23,18.25,65.24,-2721396.50,4.67
1:12,101685.39,31.97,16.31,101750.07,18.15,66.14,-2721310.75,4.37
1:13,101699.10,31.88,16.37,101749.69,18.06,65.93,-2721462.00,4.31
1:14,101695.36,31.82,16.38,101754.47,17.96,66.76,-2717329.25,5.58
1:15,101693.35,31.85,16.46,101753.81,18.02,65.26,-2710408.50,4.34
1:16,101694.22,31.89,16.38,101756.64,18.11,66.05,-2711319.50,5.51
1:17,101689.72,31.89,16.40,101753.14,18.12,65.91,-2711581.50,4.97
1:18,101687.30,31.84,16.38,101756.60,18.24,64.85,-2712477.25,4.50
1:19,101699.17,31.84,16.48,101753.56,17.99,66.18,-2712822.50,5.51
1:20,101695.46,31.86,16.44,101745.25,18.35,64.82,-2713632.50,4.67
1:21,101684.85,31.83,16.45,101754.03,18.14,66.19,-2714624.50,4.60
1:22,101693.88,31.84,16.44,101754.69,17.96,67.07,-2715396.25,5.13
1:23,101686.97,31.88,16.40,101749.82,18.00,66.92,-2715438.75,4.39
1:24,101683.30,31.85,16.50,101752.24,17.97,66.94,-2716141.25,5.48
1:25,101695.77,31.88,16.38,101751.22,18.20,65.80,-2713740.75,4.58
1:26,101690.30,31.88,16.43,101747.22,17.88,67.45,-2712854.50,5.37
1:27,101684.94,31.87,16.43,101752.35,18.02,66.42,-2711990.50,4.54
1:28,101691.14,31.85,16.42,101743.92,18.28,64.07,-2712953.25,5.54
1:29,101686.22,31.80,16.43,101747.13,17.87,67.10,-2714225.50,4.71
1:30,101690.92,31.80,16.42,101747.77,18.02,65.56,-2713762.50,5.86
1:31,101689.02,31.71,16.52,101744.64,18.21,66.41,-2714649.50,5.33
1:32,101690.62,31.72,16.56,101748.72,17.95,67.22,-2716069.25,5.09
1:33,101679.32,31.74,16.53,101744.89,17.90,67.54,-2716070.00,5.63
1:34,101683.85,31.74,16.51,101746.03,17.83,67.71,-2716362.50,5.77
1:35,101689.43,31.69,16.48,101743.41,18.03,66.30,-2716821.00,5.07
1:36,101686.57,31.65,16.58,101745.21,17.92,67.15,-2717410.50,5.54
1:37,101670.82,31.71,16.51,101744.83,17.94,67.33,-2720137.75,4.35
1:38,101678.38,31.74,16.59,101744.64,17.81,67.75,-2720903.75,5.54
1:39,101681.78,31.77,16.52,101746.07,17.69,68.58,-2720520.00,4.68
1:40,101681.42,31.81,16.57,101749.05,17.53,69.43,-2722178.50,4.47
1:41,101689.46,31.83,16.50,101748.04,17.38,70.21,-2722254.75,4.46
1:42,101682.82,31.79,16.52,101745.90,17.43,69.76,-2723633.25,5.37
1:43,101690.53,31.75,16.48,101746.86,17.37,70.26,-2723396.75,5.16
1:44,101683.83,31.63,16.55,101745.55,17.66,67.67,-2724130.75,5.74
1:45,101678.23,31.60,16.54,101739.30,17.86,66.73,-2724873.50,4.43
1:46,101684.80,31.60,16.47,101739.85,17.95,65.47,-2725577.75,5.16
1:47,101682.72,31.62,16.55,101744.52,17.90,67.38,-2726056.50,5.17
1:48,101684.89,18.45,66.18,101744.53,17.57,70.22,-2726420.50,0.86
1:49,101692.78,19.30,60.88,101741.48,17.26,71.96,-2744353.50,0.62
1:50,101692.18,19.48,60.40,101740.42,16.95,73.80,-2744790.75,0.61
1:51,101687.05,30.41,19.81,101742.78,17.38,70.93,-2745876.75,5.71
1:52,101678.08,31.31,17.67,101739.74,17.63,69.24,-2746314.75,5.58
1:53,101668.41,31.41,17.30,101738.92,17.90,67.98,-2742187.50,4.86
1:54,101670.40,31.50,17.08,101736.89,18.14,66.81,-2742554.50,4.34
1:55,101678.50,31.53,16.94,101737.61,17.85,67.70,-2743568.75,5.92
1:56,101681.92,31.56,16.92,101737.17,17.70,68.85,-2744131.00,5.55
1:57,101677.89,31.57,16.98,101738.48,17.59,69.56,-2744092.00,4.98
1:58,101676.50,31.59,16.96,101743.46,17.30,71.05,-2745423.25,5.21
1:59,101672.77,31.57,16.78,101740.69,17.50,69.78,-2745088.75,4.34
2:0,101687.05,31.56,16.77,101742.88,17.81,67.21,-2746128.75,5.61
2:1,101681.05,31.57,16.76,101743.05,17.92,67.71,-2746606.75,5.22
2:2,101677.78,31.59,16.74,101741.32,17.78,67.84,-2747882.00,4.40
2:3,101680.70,31.58,16.76,101739.69,17.61,68.72,-2748721.50,5.56
2:4,101674.46,31.61,16.81,101737.32,17.61,68.79,-2748109.50,4.76
2:5,101684.26,31.65,16.74,101739.17,17.81,67.45,-2748704.25,5.52
2:6,101675.80,31.65,16.80,101734.80,17.62,68.70,-2748669.50,5.54
2:7,101678.14,31.70,16.73,101736.72,17.55,69.18,-2749150.75,5.66
2:8,101676.50,31.74,16.62,101730.48,17.71,68.73,-2748943.25,5.68
2:9,101678.79,31.78,16.60,101733.41,17.91,67.83,-2749862.00,5.56
2:10,101674.10,31.79,16.58,101735.25,17.80,68.51,-2750364.75,5.77
2:11,101677.08,31.78,16.58,101733.66,17.90,67.51,-2750676.50,5.39
2:12,101679.57,31.79,16.67,101730.76,17.81,68.81,-2750495.50,4.29
2:13,101680.99,31.82,16.60,101733.61,18.02,67.16,-2751277.00,3.82
2:14,101669.58,31.76,16.63,101729.60,18.06,66.88,-2751888.50,4.95
2:15,101674.11,31.74,16.59,101728.85,18.04,67.03,-2756018.75,3.89
2:16,101671.39,31.73,16.68,101731.89,17.65,69.18,-2756447.50,4.98
2:17,101668.56,31.74,16.61,101729.36,17.67,68.53,-2757634.00,5.27
2:18,101673.03,31.71,16.61,101729.94,17.78,67.42,-2758794.25,4.84
2:19,101673.19,31.70,16.68,101728.65,17.63,68.76,-2759280.50,4.94
2:20,101668.16,31.72,16.62,101730.82,17.67,68.22,-2760324.75,4.72
2:21,101667.14,31.70,16.70,101733.80,17.33,70.63,-2760501.75,4.49
2:22,101667.07,31.68,16.60,101734.00,17.43,69.72,-2761107.50,4.64
2:23,101666.40,31.63,16.70,101729.95,17.26,71.00,-2761535.25,5.44
2:24,101668.50,31.60,16.64,101731.27,17.32,70.32,-2762296.50,4.63
2:25,101674.80,31.58,16.65,101730.56,17.36,70.11,-2762649.50,5.79
2:26,101677.82,31.56,16.64,101733.71,17.41,69.54,-2763606.50,4.99
2:27,101683.63,31.54,16.70,101733.08,17.39,69.83,-2764370.00,4.45
2:28,101673.57,31.50,16.73,101735.92,17.15,71.44,-2764504.50,4.99
2:29,101674.99,31.41,16.69,101737.22,17.08,71.20,-2765119.50,5.40
2:30,101666.12,31.35,16.80,101736.21,17.12,71.03,-2765851.25,5.05
2:31,101675.52,31.37,16.76,101738.42,17.37,69.85,-2766696.00,4.43
2:32,101671.39,31.36,16.76,101739.69,17.25,70.36,-2766924.50,4.63
2:33,101667.39,31.36,16.79,101738.17,17.18,70.97,-2771028.50,4.43
2:34,101674.96,31.40,16.79,101740.33,17.24,70.64,-2771733.25,5.34
2:35,101678.39,31.42,16.83,101741.11,17.30,70.57,-2772612.75,5.63
2:36,101676.60,31.42,16.83,101737.53,17.07,71.67,-2773528.75,5.79
2:37,101676.92,31.45,16.73,101744.49,17.26,70.47,-2782244.50,5.05
2:38,101680.31,31.48,16.73,101739.88,17.59,68.80,-2785384.50,4.99
2:39,101680.39,31.50,16.72,101739.00,17.70,68.19,-2786179.25,5.52
2:40,101675.01,31.50,16.68,101740.60,17.40,69.97,-2787092.50,5.01
2:41,101682.97,31.49,16.77,101739.00,17.70,68.42,-2787657.50,4.72
2:42,101676.41,31.48,16.71,101737.42,17.43,69.70,-2788420.75,5.65
2:43,101681.08,31.48,16.80,101741.17,17.39,69.70,-2789995.25,5.68
2:44,101666.66,31.49,16.74,101732.84,17.25,71.01,-2790632.50,4.63
2:45,101677.25,31.49,16.72,101736.21,17.29,70.38,-2790953.25,5.68
2:46,101670.92,31.49,16.68,101738.90,17.40,70.00,-2791220.25,5.63
2:47,101673.39,31.48,16.65,101736.33,17.26,70.21,-2792441.25,4.87
2:48,101666.10,31.39,16.76,101736.14,17.08,71.49,-2793900.50,4.97
2:49,101671.24,31.35,16.75,101733.18,17.09,70.68,-2793870.75,5.64
2:50,101673.98,31.34,16.71,101735.97,17.18,70.28,-2794320.75,4.93
2:51,101664.76,31.37,16.75,101734.60,17.25,70.65,-2795438.00,5.48
2:52,101671.57,31.42,16.77,101733.71,17.46,69.23,-2796136.00,4.39
2:53,101679.47,31.44,16.83,101736.27,17.29,70.53,-2796841.25,4.35
2:54,101673.41,31.47,16.79,101733.42,17.23,71.09,-2798159.50,5.70
2:55,101668.43,31.51,16.75,101731.43,17.23,70.51,-2798137.25,5.10
2:56,101673.41,31.49,16.78,101733.50,17.36,70.59,-2799880.00,4.63
2:57,101669.83,31.49,16.82,101731.49,17.09,72.13,-2800350.00,5.01
2:58,101665.54,31.50,16.74,101730.58,17.18,71.49,-2800384.00,5.65
2:59,101664.93,31.50,16.72,101729.50,17.41,69.89,-2801090.00,4.67
3:0,101663.65,31.51,16.77,101728.97,17.53,69.42,-2802177.25,5.46
3:1,101664.50,31.53,16.76,101732.85,17.54,69.68,-2802797.50,4.61
3:2,101675.44,31.50,16.99,101731.08,17.29,70.55,-2803811.25,5.87
3:3,101676.90,31.52,16.77,101735.69,17.39,69.85,-2803721.50,5.34
3:4,101673.49,31.47,16.73,101734.46,17.45,70.24,-2804379.25,5.74
3:5,101671.27,31.47,16.70,101732.71,17.75,68.55,-2806149.50,4.94
3:6,101674.87,31.43,16.79,101733.72,17.64,69.21,-2805998.50,5.13
3:7,101676.85,31.42,16.81,101731.14,17.61,69.12,-2807952.50,4.51
3:8,101670.42,31.44,16.73,101732.72,17.70,68.41,-2808015.50,4.65
3:9,101677.75,31.44,16.78,101732.22,17.58,69.09,-2808444.75,4.46
3:10,101667.52,31.44,16.75,101733.28,17.52,69.55,-2809337.50,4.81
3:11,101677.46,31.42,16.77,101740.11,17.41,69.99,-2809969.50,5.36
3:12,101673.25,31.43,16.78,101734.05,17.37,70.18,-2810438.00,4.96
3:13,101669.41,31.43,16.86,101734.27,17.39,69.81,-2811283.50,5.73
3:14,101675.46,31.47,16.78,101736.97,17.35,70.19,-2812948.50,5.47
3:15,101672.57,31.48,16.76,101732.49,17.36,70.14,-2812988.00,4.49
3:16,101674.77,31.47,16.83,101734.39,17.41,69.94,-2812967.50,5.59
3:17,101672.74,31.48,16.85,101728.51,17.33,70.31,-2814658.75,4.34
3:18,101674.67,31.53,16.75,101730.93,17.44,69.94,-2815246.00,4.71
3:19,101665.85,31.54,16.76,101726.16,17.72,68.33,-2815702.00,5.01
3:20,101670.60,31.62,16.65,101728.82,17.78,68.17,-2815907.50,5.68
3:21,101667.77,31.65,16.73,101729.17,17.79,68.97,-2816795.25,5.54
3:22,101666.32,31.68,16.67,101724.14,17.73,68.85,-2817463.00,5.50
3:23,101664.96,31.65,16.65,101727.16,17.54,70.02,-2818962.50,5.81
3:24,101663.94,31.61,16.66,101727.85,17.62,69.24,-2819154.75,4.37
3:25,101679.67,31.60,16.64,101727.20,17.49,70.26,-2819885.50,5.81
3:26,101675.83,31.58,16.72,101728.40,17.39,70.78,-2821036.50,5.22
3:27,101668.75,31.58,16.74,101729.50,17.27,70.99,-2821640.75,4.27
3:28,101665.22,31.59,16.67,101731.25,17.24,71.55,-2822198.50,4.46
3:29,101666.58,31.62,16.64,101729.10,17.54,70.02,-2822564.00,5.76
3:30,101668.74,31.60,16.75,101731.19,17.38,70.63,-2823793.50,4.40
3:31,101666.67,31.59,16.77,101731.02,17.19,71.80,-2825002.50,4.29
3:32,101672.75,31.59,16.76,101727.17,17.15,72.06,-2825628.25,5.72
3:33,101666.94,31.63,16.68,101730.83,17.11,72.02,-2825925.00,5.77
3:34,101667.69,31.62,16.79,101728.55,17.28,70.51,-2826589.50,4.41
3:35,101665.21,31.65,16.81,101726.42,17.34,71.17,-2826994.75,5.81
3:36,101661.60,31.67,16.79,101725.32,17.52,69.85,-2827214.00,5.63
3:37,101662.11,31.66,16.70,101722.88,17.59,69.97,-2828619.50,4.74
3:38,101656.66,31.65,16.58,101724.33,17.78,68.51,-2829292.75,5.83
3:39,101669.92,31.64,16.66,101724.39,17.80,68.72,-2830055.50,5.88
3:40,101665.21,31.67,16.75,101725.53,17.62,69.83,-2830760.75,4.36
3:41,101656.20,31.70,16.79,101721.22,17.50,70.28,-2831377.25,5.34
3:42,101670.91,31.71,16.67,101727.04,17.48,70.22,-2831228.75,5.59
3:43,101666.02,31.70,16.69,101725.43,17.45,70.26,-2832122.00,5.32
3:44,101662.82,31.65,16.71,101729.53,17.50,70.34,-2832464.50,5.66
3:45,101667.99,31.60,16.66,101725.78,17.79,68.03,-2833428.00,5.67
3:46,101663.27,31.58,16.69,101727.41,17.57,70.13,-2835251.50,5.70
3:47,101666.42,31.62,16.69,101726.05,17.65,69.01,-2835128.75,4.26
3:48,101659.72,31.68,16.65,101726.45,17.66,68.87,-2835411.50,5.74
3:49,101668.69,31.69,16.73,101725.42,17.47,70.45,-2836358.50,5.33
3:50,101668.36,31.65,16.68,101725.44,17.77,68.84,-2837523.50,5.28
3:51,101670.60,31.65,16.70,101728.15,17.69,68.41,-2837793.25,5.22
3:52,101671.29,31.63,16.69,101727.13,17.50,69.95,-2838734.50,4.39
3:53,101664.44,31.62,16.69,101728.17,17.66,68.87,-2839324.75,5.83
3:54,101661.03,31.64,16.52,101726.47,17.59,69.72,-2838879.50,5.80
3:55,101666.67,31.61,16.49,101724.44,17.67,68.59,-2839013.25,4.16
3:56,101663.71,31.58,16.65,101722.88,17.52,69.03,-2840324.50,5.32
3:57,101667.28,31.59,16.60,101723.10,17.62,68.50,-2841522.00,4.53
3:58,101671.72,31.58,16.62,101725.50,17.62,68.72,-2842263.25,5.47
3:59,101668.77,31.56,16.61,101725.05,17.47,69.76,-2841943.00,4.81
4:0,101670.30,31.56,16.66,101725.59,17.56,69.28,-2843490.25,5.79
4:1,101667.92,31.56,16.76,101728.36,17.21,71.57,-2843723.50,5.11
4:2,101669.96,31.56,16.76,101726.40,17.04,72.09,-2845142.50,5.51
4:3,101663.81,31.56,16.61,101725.44,17.44,69.28,-2844837.50,5.81
4:4,101665.94,31.55,16.61,101728.67,17.51,69.26,-2846325.25,4.36
4:5,101669.25,31.55,16.61,101727.65,17.56,69.50,-2847225.50,5.93
4:6,101671.27,31.52,16.68,101730.19,17.11,71.77,-2847818.25,5.68
4:7,101668.96,31.49,16.79,101731.14,16.97,72.18,-2848937.50,4.23
4:8,101669.91,31.47,16.80,101731.33,16.95,72.10,-2848831.50,5.03
4:9,101676.66,31.44,16.75,101729.78,17.00,71.74,-2850174.25,5.56
4:10,101670.19,31.42,16.79,101732.75,17.08,70.98,-2850555.75,4.02
4:11,101668.75,31.41,16.64,101731.44,17.21,70.41,-2850921.75,5.41
4:12,101670.22,31.27,16.69,101735.49,17.03,70.67,-2851522.50,4.75
4:13,101672.29,31.17,16.75,101732.00,16.83,72.01,-2852068.00,5.47
4:14,101673.17,31.09,16.79,101733.80,16.91,71.10,-2852820.50,4.49
4:15,101675.16,31.07,16.79,101729.37,17.00,69.83,-2852857.75,5.07
4:16,101675.24,31.05,16.81,101733.27,17.22,69.09,-2853028.00,4.72
4:17,101674.61,31.10,16.80,101736.60,17.34,68.99,-2853621.50,5.63
4:18,101675.39,31.03,16.87,101728.85,17.08,69.71,-2854636.25,4.71
4:19,101667.72,31.05,16.83,101734.57,17.39,67.89,-2856207.75,4.65
4:20,101666.45,31.08,16.78,101726.21,17.46,68.00,-2856609.25,4.51
4:21,101671.39,31.05,16.79,101727.74,17.70,66.48,-2857818.25,4.47
4:22,101680.61,31.05,16.74,101730.21,17.74,65.99,-2858544.00,5.48
4:23,101669.61,31.04,16.76,101732.33,17.65,66.34,-2859579.00,5.41
4:24,101668.57,31.11,16.79,101730.21,17.46,68.27,-2859176.00,5.57
4:25,101674.00,31.13,16.82,101729.85,17.26,69.69,-2860289.25,5.27
4:26,101679.14,31.07,16.87,101732.94,16.92,71.31,-2861213.00,5.33
4:27,101673.44,31.03,16.79,101729.78,16.99,70.44,-2861943.25,5.67
4:28,101667.74,30.99,17.01,101731.60,16.84,71.36,-2862335.75,4.30
4:29,101673.36,31.02,16.80,101732.50,16.91,71.20,-2863478.50,4.72
4:30,101666.74,30.99,16.81,101731.13,17.07,70.01,-2864498.50,5.52
4:31,101672.54,30.96,16.93,101727.51,16.81,71.83,-2864507.25,5.16
4:32,101661.60,30.96,16.91,101729.35,16.98,70.64,-2865002.00,4.90
4:33,101660.67,30.96,16.86,101727.05,16.78,71.64,-2865514.50,5.56
4:34,101669.03,30.94,16.86,101724.79,16.75,71.49,-2866167.50,4.92
4:35,101673.83,30.93,16.81,101734.16,17.05,69.67,-2867212.75,4.76
4:36,101667.58,30.91,16.84,101733.08,17.34,68.56,-2867574.50,5.60
4:37,101666.05,30.94,16.82,101731.21,17.44,67.77,-2868280.50,5.69
4:38,101674.93,30.93,16.94,101736.74,17.44,68.26,-2869406.75,4.39
4:39,101668.39,30.85,16.90,101732.33,17.09,69.39,-2869671.50,5.07
4:40,101677.43,30.82,16.90,101729.42,16.90,70.25,-2871276.50,4.63
4:41,101666.25,30.82,16.95,101736.08,16.87,69.91,-2871499.50,5.02
4:42,101672.22,30.75,16.95,101734.21,16.69,71.48,-2871722.00,4.90
4:43,101673.97,30.73,16.95,101739.70,16.89,70.06,-2873203.25,4.58
4:44,101672.13,30.74,16.92,101738.89,16.89,70.07,-2873496.50,4.22
4:45,101685.92,30.72,17.02,101728.75,16.61,72.11,-2874244.50,5.60
4:46,101676.72,30.68,17.03,101727.82,16.67,71.33,-2874800.50,5.59
4:47,101674.17,30.64,17.01,101729.61,16.59,71.33,-2875778.00,4.98
4:48,101681.58,30.55,17.03,101730.36,16.59,71.25,-2876265.50,4.43
4:49,101681.60,30.52,16.99,101735.07,16.87,69.32,-2876953.50,5.34
4:50,101692.67,30.53,17.00,101739.40,16.68,71.34,-2876753.25,4.30
4:51,101683.71,30.54,17.00,101740.67,16.84,69.75,-2876976.00,5.15
4:52,101691.66,30.52,17.03,101744.99,16.95,68.79,-2878209.25,4.51
4:53,101686.54,30.49,17.07,101743.40,16.80,70.45,-2878708.00,5.42
4:54,101694.11,30.47,17.08,101749.17,16.55,71.60,-2878629.25,4.61
4:55,101687.99,30.42,17.06,101742.68,16.51,71.40,-2880223.25,5.41
4:56,101686.38,30.41,17.08,101742.10,16.78,70.03,-2880126.75,5.52
4:57,101686.80,30.42,17.03,101744.28,16.93,68.68,-2880542.50,4.35
4:58,101680.32,30.43,17.03,101742.85,16.95,68.99,-2882720.75,4.84
4:59,101685.94,30.46,17.06,101736.44,16.77,70.34,-2882312.00,5.58
5:0,101679.82,30.44,17.08,101737.42,16.53,71.88,-2884124.50,4.40
5:1,101688.00,30.48,17.07,101734.35,16.83,70.19,-2883597.25,4.75
5:2,101679.21,30.52,17.05,101737.38,16.99,68.52,-2883944.00,5.44
5:3,101688.14,30.51,16.99,101737.03,17.32,66.17,-2884751.25,5.36
5:4,101687.98,30.50,17.03,101743.27,17.37,67.28,-2885666.50,4.87
5:5,101685.16,30.51,16.96,101741.50,17.41,66.59,-2886426.00,4.54
5:6,101690.89,30.53,16.95,101745.88,17.36,66.50,-2886939.50,5.63
5:7,101685.68,30.53,16.99,101744.85,17.18,67.70,-2887927.25,5.56
5:8,101686.88,30.56,17.04,101745.44,17.21,67.92,-2888488.50,4.91
5:9,101690.46,30.61,17.00,101744.46,17.31,67.63,-2889294.00,5.32
5:10,101686.95,30.69,17.08,101743.53,17.42,68.44,-2890014.00,5.54
5:11,101678.37,30.75,17.02,101740.74,17.03,70.38,-2891106.50,5.48
5:12,101675.96,30.81,16.99,101745.50,17.18,69.35,-2891492.75,5.12
5:13,101674.67,30.84,16.94,101746.21,17.37,68.34,-2891879.50,5.19
5:14,101681.44,30.85,16.95,101742.85,17.08,69.98,-2893021.50,4.76
5:15,101679.39,30.81,16.95,101745.42,16.97,70.08,-2893969.00,4.71
5:16,101679.38,30.80,16.98,101743.36,16.95,70.75,-2894506.75,4.27
5:17,101678.78,30.77,17.12,101744.78,16.43,74.00,-2895404.50,5.23
5:18,101668.14,30.78,17.07,101744.99,16.41,73.85,-2895698.75,4.46
5:19,101683.04,30.80,17.01,101744.41,16.51,73.11,-2896224.75,4.77
5:20,101682.97,30.79,16.99,101743.87,16.60,72.43,-2896219.25,5.63
5:21,101684.94,30.77,17.01,101740.80,16.73,71.77,-2897697.25,4.79
5:22,101675.61,30.71,17.08,101745.21,16.55,72.57,-2897778.75,5.70
5:23,101670.58,30.72,17.02,101742.25,16.56,72.36,-2898687.00,5.59
5:24,101685.27,30.70,17.04,101741.60,16.50,72.53,-2899044.50,5.29
5:25,101681.57,30.69,17.09,101739.22,16.44,73.04,-2900060.75,4.44
5:26,101680.47,30.71,17.02,101738.31,16.43,73.21,-2900168.50,5.55
5:27,101683.38,30.71,16.90,101741.78,16.38,73.35,-2901316.75,4.97
5:28,101681.83,30.62,16.92,101741.80,16.53,72.10,-2901853.75,5.59
5:29,101680.57,30.61,16.98,101744.19,16.55,72.16,-2902064.50,4.34
5:30,101699.85,30.56,16.93,101744.02,16.46,72.18,-2902931.50,5.57
5:31,101686.72,30.48,17.00,101746.11,17.12,67.80,-2903122.50,5.72
5:32,101693.88,30.49,16.89,101751.63,17.34,66.44,-2904313.00,4.40
5:33,101698.64,30.42,16.94,101752.49,17.00,68.24,-2904793.25,4.52
5:34,101696.42,30.47,17.04,101750.88,17.15,67.47,-2905725.25,3.75
5:35,101694.99,30.52,17.20,101752.58,17.00,68.88,-2906781.50,5.27
5:36,101685.86,30.59,16.97,101754.44,17.25,67.25,-2906822.50,5.09
5:37,101700.43,30.57,17.09,101755.28,16.95,70.60,-2907936.75,4.39
5:38,101703.25,30.64,17.02,101760.80,17.16,69.17,-2908647.50,5.47
5:39,101688.84,30.77,16.94,101758.11,17.28,68.48,-2908908.00,4.54
5:40,101692.36,30.82,16.89,101759.80,17.25,68.87,-2910314.50,4.89
5:41,101692.27,30.82,16.93,101758.60,17.09,70.10,-2910676.00,4.53
5:42,101696.42,30.81,17.10,101757.78,16.85,71.79,-2911865.50,5.28
5:43,101691.39,30.84,16.94,101754.24,16.89,71.49,-2911531.25,4.55
5:44,101692.43,30.86,16.96,101758.79,16.93,70.95,-2912548.75,4.90
5:45,101685.95,30.89,16.97,101757.97,16.86,71.79,-2913512.50,4.57
5:46,101690.27,30.91,16.89,101760.17,17.07,69.45,-2914640.00,5.44
5:47,101698.39,30.93,16.92,101755.42,16.96,71.12,-2914708.50,4.79
5:48,101701.36,30.91,16.84,101761.14,17.51,67.29,-2915082.25,4.69
5:49,101693.61,30.93,16.89,101758.45,17.18,69.73,-2915715.00,4.61
5:50,101698.39,30.96,16.93,101758.55,17.07,70.94,-2917068.00,4.88
5:51,101693.94,30.98,16.91,101754.95,17.08,70.94,-2917661.50,4.87
5:52,101695.07,30.96,16.87,101755.22,16.94,71.68,-2917875.50,5.56
5:53,101693.77,30.95,17.04,101757.10,16.77,72.22,-2918258.50,5.63
5:54,101689.33,30.98,16.85,101754.35,16.92,71.28,-2919246.00,5.43
5:55,101692.23,30.98,16.80,101756.27,16.97,70.89,-2919495.75,5.03
5:56,101689.27,30.96,16.86,101755.00,16.93,71.50,-2919544.00,5.56
5:57,101692.91,30.98,16.85,101752.64,16.90,71.89,-2920224.00,5.52
5:58,101689.07,30.95,16.86,101757.29,17.07,70.74,-2920977.00,4.30
5:59,101689.52,30.93,16.94,101751.84,16.94,71.34,-2922283.50,5.52
6:0,101688.39,30.95,16.76,101751.74,17.23,67.79,-2922487.50,4.25
6:1,101685.49,30.96,16.85,101757.14,17.03,70.38,-2923886.75,5.32
6:2,101697.17,30.95,16.83,101757.78,17.27,69.37,-2923596.75,5.43
6:3,101684.13,30.95,16.86,101752.58,17.00,71.11,-2924406.75,4.98
6:4,101689.00,30.93,16.89,101750.07,16.75,72.27,-2925482.50,5.38
6:5,101694.03,30.91,16.99,101747.20,16.80,72.21,-2926856.50,4.23
6:6,101684.91,30.94,16.79,101749.55,16.92,71.08,-2926332.50,4.30
6:7,101680.05,30.93,16.93,101743.37,16.80,72.03,-2927331.00,5.94
6:8,101679.94,30.95,16.85,101743.28,16.97,70.68,-2927436.75,5.61
6:9,101672.35,30.95,16.83,101742.79,16.94,70.66,-2928314.50,4.54
6:10,101685.09,30.90,16.83,101741.94,16.89,70.22,-2928900.75,5.71
6:11,101684.14,30.90,16.83,101745.46,16.95,70.50,-2930064.00,5.39
6:12,101684.49,30.84,16.94,101742.93,16.72,72.00,-2930636.00,5.52
6:13,101689.45,30.82,16.90,101738.67,16.72,72.25,-2931083.75,4.86
6:14,101682.38,30.82,16.93,101744.99,16.95,70.79,-2931351.50,4.64
6:15,101678.08,30.85,16.89,101744.53,17.02,70.82,-2931834.50,5.66
6:16,101682.00,30.85,16.95,101740.33,16.70,72.21,-2932814.75,5.43
6:17,101680.39,30.83,16.85,101746.52,16.74,72.20,-2933393.50,5.61
6:18,101686.28,30.84,16.95,101747.29,16.89,70.63,-2933958.75,4.92
6:19,101685.17,30.84,16.96,101754.53,17.16,69.87,-2934444.00,5.54
6:20,101690.79,30.84,16.94,101748.28,17.10,70.25,-2935217.50,5.28
6:21,101689.60,30.84,16.93,101749.39,16.74,71.81,-2935758.75,5.45
6:22,101693.96,30.84,17.01,101750.08,16.80,71.90,-2936472.25,5.32
6:23,101697.97,30.83,16.89,101748.96,17.11,69.65,-2936998.50,5.55
6:24,101682.88,30.83,16.93,101747.11,16.91,71.16,-2937734.75,4.78
6:25,101686.37,30.83,16.99,101745.67,16.86,71.41,-2938894.00,4.40
6:26,101682.70,30.87,16.92,101744.20,16.63,72.88,-2939338.00,4.25
6:27,101686.63,30.83,16.96,101749.23,16.66,72.39,-2940154.50,5.62
6:28,101686.18,30.88,16.90,101749.35,16.83,71.55,-2940510.50,5.18
6:29,101687.21,30.88,16.90,101751.94,16.86,71.51,-2941048.00,5.56
6:30,101689.42,30.87,16.81,101753.91,16.94,71.04,-2941219.75,4.43
6:31,101699.86,30.85,16.88,101754.72,17.00,70.67,-2943406.50,4.50
6:32,101687.28,30.91,16.88,101753.50,17.02,69.92,-2943201.50,5.14
6:33,101683.45,30.91,16.81,101751.46,17.02,70.78,-2943061.50,5.30
6:34,101681.49,30.91,16.87,101748.98,16.76,72.35,-2944601.00,4.20
6:35,101693.95,30.91,16.96,101742.88,16.70,73.25,-2945114.50,5.35
6:36,101676.28,30.94,16.94,101749.41,16.85,72.30,-2946369.50,4.32
6:37,101682.35,31.00,16.79,101747.73,16.95,71.19,-2946472.75,4.78
6:38,101686.94,31.04,16.85,101753.21,17.36,68.97,-2947207.50,5.59
6:39,101683.03,30.96,16.94,101752.64,17.30,69.85,-2947459.25,4.61
6:40,101686.36,30.96,16.90,101751.89,17.04,71.68,-2948888.00,4.31
6:41,101684.36,30.99,16.84,101751.83,16.89,72.22,-2949440.00,5.71
6:42,101681.29,31.02,16.90,101749.77,16.73,73.51,-2949934.50,4.23
6:43,101685.73,31.02,16.89,101746.99,16.89,72.64,-2950339.25,5.78
6:44,101677.63,31.05,16.81,101747.42,16.75,73.31,-2951108.75,5.63
6:45,101696.13,31.07,16.83,101744.61,16.82,72.87,-2952092.00,5.71
6:46,101687.53,31.07,16.86,101748.77,16.91,72.11,-2952588.50,4.19
6:47,101680.86,31.09,16.88,101747.71,16.88,72.35,-2953893.50,4.45
6:48,101684.96,31.11,16.93,101753.19,17.01,72.08,-2953840.75,4.20
6:49,101693.97,31.14,16.99,101753.08,17.39,69.71,-2954292.25,5.39
6:50,101700.21,31.14,16.79,101753.35,17.62,68.81,-2955126.75,5.67
6:51,101690.55,31.18,16.89,101754.09,17.21,71.61,-2956157.25,5.86
6:52,101690.11,31.21,16.92,101755.41,17.41,69.76,-2956975.00,4.47
6:53,101687.74,31.26,16.92,101754.89,17.17,71.84,-2957322.75,4.87
6:54,101692.23,31.25,16.85,101756.36,17.49,69.09,-2958170.50,5.01
6:55,101690.78,31.25,16.97,101756.72,17.37,70.46,-2958889.50,5.47
6:56,101691.22,31.21,16.99,101757.78,16.98,72.37,-2960064.75,4.92
6:57,101697.57,31.13,17.27,101758.64,16.81,73.94,-2961490.00,5.36
6:58,101692.86,31.16,17.05,101759.35,17.15,70.79,-2962408.00,5.62
6:59,101700.80,31.22,17.10,101761.56,17.35,71.11,-2962486.00,5.54
7:0,101694.03,31.30,16.90,101758.08,17.27,71.76,-2963083.00,5.81
7:1,101683.96,31.33,16.91,101757.33,17.33,71.21,-2963630.25,5.55
7:2,101696.52,31.32,17.03,101760.19,17.27,72.22,-2965213.50,5.50
7:3,101692.14,31.28,17.14,101764.00,17.08,73.22,-2965162.50,5.23
7:4,101701.71,31.33,16.88,101763.71,17.42,69.39,-2965704.00,5.36
7:5,101694.14,31.30,17.08,101766.94,17.32,70.92,-2966950.75,5.29
7:6,101695.83,31.32,16.88,101768.25,17.51,70.04,-2967703.50,5.86
7:7,101692.60,31.33,17.11,101763.96,17.26,71.87,-2968439.00,4.38
7:8,101687.28,31.36,16.85,101763.32,17.35,70.48,-2969300.50,4.90
7:9,101692.75,31.35,16.92,101755.39,17.14,72.71,-2970139.00,5.49
7:10,101687.78,31.39,16.99,101755.60,17.29,71.78,-2970464.00,5.54
7:11,101690.45,31.38,17.09,101751.16,16.94,73.99,-2971700.00,5.24
7:12,101686.41,31.29,16.99,101755.00,16.78,73.52,-2972001.50,5.04
7:13,101697.82,31.31,16.96,101756.36,17.20,70.94,-2972941.50,5.38
7:14,101699.23,31.36,16.80,101757.96,17.25,71.89,-2974115.50,4.36
7:15,101690.25,31.45,16.89,101756.76,17.47,70.75,-2974164.50,5.21
7:16,101690.12,31.53,16.75,101757.63,17.74,70.37,-2974712.25,5.76
7:17,101685.14,31.55,16.73,101757.17,17.59,69.99,-2975493.50,5.63
7:18,101691.61,31.45,16.77,101755.97,17.95,67.80,-2976463.50,5.70
7:19,101685.57,31.39,16.95,101757.93,17.53,70.73,-2977489.50,5.71
7:20,101699.20,31.46,16.83,101753.08,17.66,69.22,-2978138.00,5.21
7:21,101698.05,31.51,16.73,101753.53,17.92,67.57,-2978891.25,4.38
7:22,101692.71,31.49,16.73,101752.44,17.96,67.89,-2979347.50,4.38
7:23,101680.67,31.44,17.02,101752.36,17.67,69.32,-2980223.50,4.73
7:24,101690.14,31.47,16.76,101751.38,17.86,67.32,-2981282.75,5.03
7:25,101682.11,31.47,16.99,101750.52,18.08,67.40,-2981840.50,4.45
7:26,101683.30,31.53,16.93,101752.03,18.13,66.98,-2982546.75,5.48
7:27,101690.71,31.51,16.78,101751.00,18.09,67.01,-2983127.25,5.43
7:28,101684.14,31.51,16.83,101751.23,18.28,65.01,-2984198.75,5.54
7:29,101692.84,31.52,17.05,101753.64,17.99,67.53,-2985047.25,5.73
7:30,101690.95,31.55,16.76,101758.28,17.99,67.45,-2985614.25,4.69
7:31,101690.00,31.59,16.83,101757.41,17.83,69.49,-2986618.00,5.32
7:32,101688.86,31.62,16.77,101755.55,17.94,67.22,-2987255.50,5.77
7:33,101691.39,31.57,16.89,101759.31,17.37,71.73,-2987608.75,4.52
7:34,101691.36,31.64,16.71,101754.42,17.72,69.23,-2988509.25,4.51
7:35,101697.15,31.67,16.74,101757.21,18.01,67.01,-2989191.00,5.68
7:36,101700.53,31.74,16.64,101754.72,18.41,66.33,-2989851.50,5.68
7:37,101703.39,31.78,16.67,101757.84,18.06,67.96,-2990695.50,4.40
7:38,101697.58,31.80,16.72,101757.99,18.05,67.69,-2991281.50,4.85
7:39,101694.82,31.82,16.68,101757.14,18.04,67.79,-2991966.00,4.72
7:40,101696.24,31.73,16.91,101756.65,17.44,71.24,-2993196.00,5.53
7:41,101688.89,31.63,16.86,101755.00,17.33,70.81,-2993063.25,4.71
7:42,101688.49,31.70,16.74,101755.62,17.78,69.54,-2994004.00,4.52
7:43,101693.38,31.66,16.85,101755.96,17.31,71.15,-2995246.75,5.87
7:44,101689.42,31.57,16.60,101757.22,17.69,67.76,-2995583.00,5.72
7:45,101689.36,31.66,16.65,101758.11,18.20,65.91,-2996220.50,5.92
7:46,101690.86,31.76,16.64,101757.25,18.23,66.04,-2997018.00,4.61
7:47,101698.89,31.76,16.73,101754.99,18.26,67.24,-2997776.50,4.64
7:48,101688.71,31.86,16.68,101753.81,18.25,67.15,-2998245.25,4.94
7:49,101700.89,31.91,16.80,101756.36,18.21,67.31,-2998635.25,5.50
7:50,101695.16,31.91,16.61,101748.36,18.36,65.35,-2999723.50,5.11
7:51,101688.39,31.94,16.50,101751.25,18.65,63.45,-3000651.00,4.85
7:52,101698.53,32.01,16.44,101751.31,19.13,61.35,-3001538.50,5.87
7:53,101691.82,32.06,16.47,101750.81,18.95,63.10,-3002298.75,5.27
7:54,101694.57,32.19,16.29,101755.96,18.94,63.37,-3002350.25,5.45
7:55,101698.47,32.20,16.22,101754.07,18.88,63.39,-3003337.00,5.50
7:56,101702.50,32.20,16.29,101758.53,18.75,64.91,-3004029.75,5.36
7:57,101689.92,32.20,16.37,101753.94,18.61,63.88,-3004444.75,5.70
7:58,101706.19,32.15,16.33,101755.39,18.45,65.63,-3005464.25,5.10
7:59,101694.50,32.14,16.40,101756.85,19.17,60.16,-3006318.50,5.23
8:0,101695.96,32.22,16.23,101757.05,19.14,61.88,-3006816.75,5.54
8:1,101703.44,32.20,16.30,101758.56,19.17,61.99,-3007446.75,5.90
8:2,101695.88,32.22,16.22,101756.74,19.21,62.13,-3008135.00,5.56
8:3,101691.02,32.23,16.37,101755.65,18.84,63.60,-3009032.75,4.49
8:4,101700.28,32.31,16.15,101757.97,18.99,63.01,-3009566.00,4.74
8:5,101702.16,32.29,16.21,101757.25,18.86,61.96,-3010091.25,5.83
8:6,101692.00,32.17,16.55,101762.17,18.30,67.17,-3010965.50,5.32
8:7,101688.29,32.23,16.29,101758.70,18.58,65.70,-3011770.00,5.68
8:8,101692.71,32.25,16.27,101756.33,19.02,62.75,-3011989.75,5.85
8:9,101698.23,32.17,16.22,101756.91,19.04,60.80,-3012994.50,5.74
8:10,101691.21,32.18,16.18,101755.72,19.21,61.36,-3013978.00,5.85
8:11,101692.82,32.21,16.22,101755.21,18.95,63.00,-3014561.75,5.20
8:12,101694.83,32.27,16.17,101756.91,19.06,62.86,-3015280.75,5.37
8:13,101691.16,32.39,16.29,101752.46,19.32,62.03,-3015665.50,4.49
8:14,101701.88,32.45,16.30,101756.21,19.01,63.13,-3016266.25,4.86
8:15,101695.08,32.26,16.20,101757.01,18.74,63.69,-3017142.50,4.68
8:16,101694.00,32.24,16.09,101755.92,18.94,63.29,-3017804.00,5.83
8:17,101703.08,32.19,16.29,101759.16,19.39,62.08,-3018654.75,4.43
8:18,101698.96,32.34,16.22,101760.25,19.17,62.13,-3019351.75,5.88
8:19,101704.72,32.46,16.19,101764.67,19.17,61.73,-3019616.50,5.92
8:20,101698.58,32.52,16.29,101757.50,18.98,64.84,-3020661.75,6.02
8:21,101698.71,32.68,16.06,101760.11,19.16,63.10,-3021221.25,5.70
8:22,101701.19,32.68,16.14,101756.60,19.43,61.53,-3022010.75,5.12
8:23,101703.24,32.75,15.99,101759.03,19.61,59.08,-3022453.25,5.85
8:24,101697.44,32.76,16.03,101759.22,19.69,60.47,-3023109.25,4.47
8:25,101714.43,32.78,16.06,101762.75,19.59,61.29,-3023847.50,5.65
8:26,101705.08,32.83,15.90,101763.70,19.71,60.06,-3024542.25,4.57
8:27,101708.99,32.84,15.87,101762.85,19.67,60.21,-3024655.50,5.42
8:28,101704.53,32.84,15.94,101765.08,19.60,59.28,-3024890.00,4.40
8:29,101701.89,32.84,16.08,101762.64,19.57,61.79,-3026019.50,5.79
8:30,101701.13,32.90,15.96,101759.86,19.57,60.48,-3026573.75,5.68
8:31,101703.37,32.94,16.00,101759.17,19.55,61.23,-3027526.50,5.46
8:32,101701.92,33.02,15.92,101758.44,19.80,59.95,-3028329.00,4.77
8:33,101690.90,33.05,16.03,101758.86,19.71,61.20,-3028771.50,5.95
8:34,101693.83,33.11,15.92,101759.54,19.78,60.53,-3028887.25,5.77
8:35,101698.39,33.17,15.91,101756.99,19.68,60.94,-3029622.25,5.94
8:36,101694.69,33.13,15.88,101758.50,19.52,62.92,-3030570.50,4.49
8:37,101698.93,33.09,16.04,101760.78,19.57,61.50,-3031431.25,4.94
8:38,101694.21,33.10,15.91,101762.34,19.81,60.08,-3031890.75,4.54
8:39,101703.77,33.13,15.85,101758.71,19.87,59.99,-3032557.25,4.47
8:40,101700.92,33.22,16.02,101764.24,19.70,62.30,-3033169.50,4.56
8:41,101703.47,33.37,15.94,101759.91,19.72,62.32,-3033666.50,5.95
8:42,101697.40,33.37,15.86,101759.69,19.59,62.13,-3034663.25,4.68
8:43,101692.47,33.46,15.93,101762.00,19.77,62.53,-3035177.50,5.73
8:44,101697.83,33.66,16.06,101760.26,19.69,63.26,-1041624.87,5.67
8:45,101704.66,33.69,15.57,101755.14,19.82,60.54,-1387309.75,5.65
8:46,101693.32,33.56,15.59,101760.38,19.84,60.93,-1305072.75,5.52
8:47,101697.03,33.53,15.68,101759.14,19.90,60.89,-716502.87,4.94
8:48,101688.12,33.62,15.70,101756.66,20.06,59.75,-734766.50,4.87
8:49,101697.28,33.62,15.67,101758.21,20.15,59.46,-698635.87,4.55
8:50,101704.92,33.53,15.73,101756.57,20.02,60.18,-717914.12,4.95
8:51,101693.97,33.59,15.70,101756.07,19.80,61.18,-788426.50,5.25
8:52,101690.13,33.64,15.77,101754.11,20.04,61.17,-743742.68,5.81
8:53,101701.36,33.64,15.53,101757.55,20.13,59.41,-720268.00,4.97
8:54,101694.76,33.57,15.53,101754.00,20.42,58.22,-732347.12,5.12
8:55,101697.41,33.57,15.73,101754.81,20.18,59.61,-794154.00,5.26
8:56,101694.57,33.66,15.63,101756.55,20.14,60.08,-813449.12,5.52
8:57,101697.11,33.69,15.74,101756.06,19.92,61.80,-868001.37,4.61
8:58,101696.11,33.73,15.62,101756.39,20.15,60.11,-888150.31,5.89
8:59,101704.53,33.83,15.64,101755.16,20.01,62.12,-772450.12,5.74
9:0,101703.70,33.86,15.59,101757.74,20.07,60.85,-818123.62,6.07
9:1,101707.61,33.96,15.51,101759.14,20.01,62.09,-834804.31,5.35
9:2,101693.80,33.99,15.63,101756.13,19.90,63.33,-3029569.50,5.20
9:3,101695.64,34.12,15.57,101754.10,20.12,61.74,-3008779.00,5.87
9:4,101698.75,33.81,15.81,101755.69,19.39,65.08,-2972544.00,4.92
9:5,101698.69,33.72,15.68,101755.57,19.46,62.86,-2965091.50,4.84
9:6,101691.66,33.71,15.71,101754.32,19.81,63.34,-2963230.75,4.98
9:7,101689.61,33.64,15.66,101749.82,19.90,61.24,-2958273.50,5.73
9:8,101687.71,33.61,15.86,101752.46,19.58,63.82,-2946822.25,4.55
9:9,101692.96,33.65,15.61,101750.17,20.00,59.90,-2918948.50,5.80
9:10,101690.85,33.74,15.71,101749.89,20.20,60.99,-2892465.50,4.46
9:11,101688.40,33.83,15.69,101746.86,20.05,60.66,-2900410.00,6.06
9:12,101695.57,33.81,15.77,101754.53,20.27,60.68,-2910898.00,5.14
9:13,101697.30,33.80,15.51,101754.15,20.45,58.76,-2916610.25,5.83
9:14,101696.58,33.81,15.65,101755.04,20.46,59.26,-2920247.25,4.72
9:15,101688.96,33.88,15.57,101752.25,20.41,59.62,-2920601.50,5.05
9:16,101686.57,33.92,15.53,101753.66,20.57,58.19,-2922455.50,5.46
9:17,101683.35,33.96,15.52,101748.55,20.56,59.58,-2922720.50,4.69
9:18,101696.42,34.07,15.52,101753.30,20.45,59.71,-2923692.00,4.86
9:19,101699.32,34.13,15.45,101747.57,20.48,59.06,-2927454.50,4.65
9:20,101684.35,34.16,15.48,101748.27,20.79,58.04,-2892602.50,5.60
9:21,101691.33,34.30,15.42,101744.50,21.04,58.62,-2931963.25,5.70
9:22,101693.39,34.39,15.46,101747.82,20.73,59.27,-2928273.25,5.90
9:23,101692.52,34.47,15.38,101749.10,20.91,57.97,-2930443.75,5.34
9:24,101684.50,34.50,15.25,101748.71,20.91,57.94,-2932637.50,4.56
9:25,101686.23,34.48,15.12,101747.35,20.94,56.43,-2935738.25,4.52
9:26,101686.23,34.33,15.04,101739.33,20.91,55.85,-2936066.50,6.11
9:27,101683.67,34.21,15.17,101739.46,20.98,55.84,-2936216.50,5.43
9:28,101686.08,34.21,15.33,101740.41,20.70,58.32,-2938053.25,4.58
9:29,101684.22,34.39,15.31,101739.52,21.01,57.18,-2937716.75,5.30
9:30,101681.23,34.66,15.33,101745.39,21.30,56.63,-2921930.75,4.57
9:31,101684.82,34.61,14.97,101742.19,21.34,54.80,-2894784.50,5.52
9:32,101675.07,34.54,15.12,101743.12,21.30,54.65,-2881449.75,5.95
9:33,101682.17,34.50,15.13,101746.56,21.40,55.37,-2887870.00,5.72
9:34,101683.35,34.52,15.14,101746.58,21.52,55.15,-2871507.50,5.87
9:35,101685.49,34.62,14.94,101743.20,21.76,53.11,-2898421.25,5.99
9:36,101679.66,34.41,14.88,101743.25,21.47,53.75,-2895170.25,4.49
9:37,101683.19,34.39,15.13,101745.54,21.62,53.14,-2901698.75,4.64
9:38,101688.85,34.52,15.01,101746.61,21.50,54.64,-2900331.50,5.83
9:39,101686.74,34.55,15.21,101746.27,21.61,54.39,-2904265.50,4.57
9:40,101679.87,34.70,14.88,101751.73,21.85,52.19,-2895709.25,4.97
9:41,101689.58,34.59,14.92,101747.35,22.01,51.43,-2898250.00,4.46
9:42,101696.86,34.48,14.83,101751.10,21.40,52.41,-2900065.50,5.82
9:43,101677.41,33.92,14.84,101742.40,21.28,50.93,-2889350.75,4.47
9:44,101679.21,33.92,14.98,101743.53,21.50,51.23,-2882338.75,5.36
9:45,101679.99,34.11,14.97,101746.25,21.76,49.98,-2834044.00,5.87
9:46,101688.73,34.16,14.90,101741.86,21.88,50.03,-2876943.75,4.68
9:47,101692.32,34.33,15.03,101744.34,21.82,51.81,-2907474.50,5.43
9:48,101683.01,34.41,14.89,101743.28,21.99,50.88,-2909563.00,4.55
9:49,101690.63,34.36,15.03,101748.92,21.72,51.97,-2913079.50,5.70
9:50,101679.96,34.00,14.91,101744.07,21.08,52.49,-2917445.50,4.47
9:51,101688.31,34.04,15.02,101742.70,21.29,52.10,-2919366.00,5.91
9:52,101679.17,34.08,15.07,101739.32,21.26,53.29,-2919583.00,4.59
9:53,101683.82,34.07,14.96,101743.50,21.49,51.04,-2921924.50,5.94
9:54,101689.49,34.17,14.95,101744.75,21.40,51.75,-2922482.00,5.25
9:55,101690.05,34.13,14.84,101743.74,21.83,48.96,-2922437.50,5.56
9:56,101688.88,34.07,14.85,101748.58,21.84,49.58,-2924184.50,5.91
9:57,101680.53,34.08,14.90,101748.92,21.88,49.17,-2926095.25,4.47
9:58,101677.46,33.87,14.78,101746.07,21.87,48.66,-2927169.50,5.90
9:59,101687.85,33.86,14.84,101745.57,21.60,48.74,-2921246.50,5.48
10:0,101677.92,33.31,14.90,101744.84,20.81,50.90,-2921250.50,5.68
10:1,101688.28,33.46,15.16,101753.86,21.41,50.35,-2920529.25,4.42
10:2,101687.69,33.48,15.01,101749.94,21.26,50.23,-2921060.75,4.79
10:3,101683.15,33.60,14.98,101751.90,21.76,48.74,-2920935.25,5.61
10:4,101682.02,33.49,14.90,101749.50,21.61,47.69,-2918868.50,5.56
10:5,101690.92,33.56,14.95,101752.21,21.83,48.08,-2918572.75,5.87
10:6,101688.89,33.79,14.97,101750.07,22.20,46.35,-2916349.25,5.86
10:7,101690.94,33.86,14.85,101750.10,22.19,46.88,-2915821.50,4.89
10:8,101690.23,34.03,15.08,101751.03,22.20,48.84,-2821898.50,5.72
10:9,101686.50,34.26,14.91,101746.72,22.30,48.12,-3089122.75,5.06
10:10,101699.35,34.42,14.71,101751.80,22.52,47.46,-3088125.50,5.99
10:11,101691.05,34.32,14.56,101752.32,21.67,49.27,-3088622.50,4.48
10:12,101687.86,33.55,14.76,101748.53,20.93,50.86,-3089129.25,5.65
10:13,101690.41,33.56,14.90,101755.13,21.54,48.46,-3090417.75,4.88
10:14,101687.03,33.53,14.78,101749.19,21.41,48.75,-3091314.50,4.63
10:15,101676.15,33.59,14.89,101748.82,21.61,47.93,-3091503.25,4.76
10:16,101688.67,33.65,15.04,101750.71,21.85,46.70,-3092262.75,5.81
10:17,101688.55,33.92,14.83,101751.75,22.45,46.44,-3092806.00,4.43
10:18,101686.92,34.11,14.77,101750.53,22.66,45.41,-3093320.50,5.50
10:19,101687.83,34.12,14.84,101742.22,22.70,46.59,-3093762.50,4.67
10:20,101681.28,34.30,14.64,101744.89,22.76,45.72,-3094290.50,4.97
10:21,101681.82,34.39,14.75,101743.00,22.89,45.22,-3094653.25,6.04
10:22,101685.19,34.44,14.58,101743.50,22.62,45.95,-3095383.50,5.81
10:23,101681.07,34.02,14.51,101744.93,22.19,47.10,-3095607.50,5.21
10:24,101675.00,34.06,14.67,101740.03,22.87,44.07,-3096202.50,4.44
10:25,101686.14,34.33,14.57,101742.64,23.01,44.42,-3097000.75,5.59
10:26,101689.85,34.47,14.44,101741.33,23.10,43.90,-3097087.50,4.87
10:27,101686.74,34.29,14.51,101745.94,22.90,43.97,-3097677.50,5.85
10:28,101690.44,34.09,14.63,101744.78,21.97,47.17,-3097604.00,5.85
10:29,101683.94,33.96,14.73,101742.74,21.94,47.85,-3098283.25,4.78
10:30,101677.89,34.07,14.72,101743.16,22.14,47.62,-3099374.75,4.43
10:31,101680.55,34.13,14.70,101745.19,22.55,46.66,-3099610.75,4.50
10:32,101685.24,34.41,14.68,101747.08,22.60,46.70,-3100560.50,4.44
10:33,101688.57,34.36,14.58,101745.18,22.44,46.79,-3100693.50,5.21
10:34,101694.25,34.40,14.66,101740.30,22.72,46.39,-3102474.50,5.90
10:35,101684.39,34.52,14.43,101740.89,22.96,43.96,-3102821.25,4.47
10:36,101682.27,34.33,14.30,101743.78,22.43,44.87,-3102554.00,5.12
10:37,101686.04,34.01,14.54,101741.72,22.52,45.06,-3103274.00,4.76
10:38,101689.96,34.02,14.44,101742.06,22.45,45.36,-3104118.00,5.66
10:39,101681.11,33.78,14.48,101741.21,22.01,46.93,-3104149.75,5.74
10:40,101696.49,33.95,14.63,101746.46,22.51,45.13,-3105334.50,5.87
10:41,101681.57,34.02,14.61,101736.07,22.82,44.11,-3105855.50,5.43
10:42,101677.67,34.20,14.56,101738.47,23.40,42.47,-3106355.50,5.70
10:43,101678.36,34.31,14.56,101741.60,23.53,41.96,-3103513.00,5.86
10:44,101682.61,34.29,14.48,101743.88,22.92,43.84,-3103610.75,4.96
10:45,101680.90,34.18,14.42,101735.66,22.66,44.17,-3104244.75,5.70
10:46,101668.40,34.11,14.39,101732.24,22.88,43.26,-3105252.00,5.41
10:47,101677.56,34.07,14.45,101733.65,22.74,44.00,-3105478.00,5.90
10:48,101671.28,34.12,14.48,101734.39,22.63,44.91,-3105875.50,5.90
10:49,101675.44,34.20,14.62,101739.42,23.02,43.69,-3106396.00,5.19
10:50,101681.88,34.36,14.47,101733.78,23.31,42.97,-3107172.50,5.79
10:51,101682.74,34.35,14.23,101733.44,23.23,41.56,-3107003.50,5.70
10:52,101676.94,34.23,14.30,101731.95,23.22,41.69,-3107598.00,5.67
10:53,101676.39,34.24,14.48,101737.66,23.22,42.70,-3108219.00,5.89
10:54,101685.00,34.25,14.29,101739.46,23.21,41.81,-3108686.75,4.98
10:55,101671.29,34.07,14.27,101734.80,22.87,43.12,-3109043.50,5.74
10:56,101686.35,33.99,14.44,101733.20,22.80,42.99,-3109288.25,5.56
10:57,101673.10,34.05,14.49,101733.01,23.12,42.90,-3110399.50,5.55
10:58,101682.32,34.24,14.48,101731.64,23.34,41.69,-3109868.50,5.06
10:59,101680.99,34.33,14.33,101736.10,23.34,42.89,-3109782.50,5.03
11:0,101692.75,34.46,14.37,101737.89,23.62,41.85,-1724401.62,5.63
11:1,101672.07,34.42,14.29,101741.44,23.06,43.23,-2132553.50,5.63
11:2,101687.39,34.19,14.30,101741.72,22.17,45.86,-2186366.50,4.95
11:3,101687.14,34.07,14.54,101740.17,22.61,45.09,-2592598.75,4.66
11:4,101679.36,34.29,14.46,101742.61,23.08,44.10,-2852692.50,5.50
11:5,101683.63,34.40,14.40,101742.55,23.16,43.86,-2842170.50,4.59
11:6,101676.83,34.25,14.22,101736.37,22.86,43.66,-2869444.25,4.99
11:7,101687.14,33.95,14.29,101746.39,21.70,46.64,-2867286.75,4.54
11:8,101682.05,33.78,14.57,101744.37,22.05,46.36,-2878076.00,5.81
11:9,101682.50,33.76,14.63,101739.64,22.29,45.25,-3078664.50,4.66
11:10,101678.57,34.08,14.54,101736.36,22.93,43.77,-3085716.75,4.95
11:11,101676.83,34.10,14.59,101736.05,22.87,43.68,-3093445.50,5.94
11:12,101678.78,34.11,14.63,101738.85,22.87,43.62,-3103700.00,5.72
11:13,101679.31,34.20,14.68,101741.44,22.98,44.59,-3105015.00,6.04
11:14,101679.35,34.23,14.48,101735.60,22.96,43.71,-3106159.50,4.47
11:15,101684.51,34.22,14.69,101739.75,22.79,45.20,-3106092.00,4.48
11:16,101681.00,34.16,14.76,101736.38,22.79,45.17,-3114882.75,4.47
11:17,101676.22,34.09,14.79,101739.75,22.04,48.09,-3114927.25,4.89
11:18,101669.59,33.93,14.90,101742.06,21.85,47.78,-3115002.00,4.72
11:19,101686.38,33.95,14.89,101747.52,21.85,48.81,-3115698.75,5.92
11:20,101681.99,34.08,14.96,101741.02,22.34,47.24,-3116708.75,5.84
11:21,101669.88,34.20,14.95,101742.42,22.28,47.10,-3117120.75,5.98
11:22,101679.08,34.28,14.95,101746.46,22.23,48.24,-3117424.75,5.85
11:23,101679.92,34.24,14.99,101742.57,21.76,50.38,-3118072.00,6.06
11:24,101684.63,34.21,14.91,101743.85,21.68,50.94,-3118922.25,5.68
11:25,101682.67,34.30,15.01,101751.41,21.94,49.96,-3119021.25,4.60
11:26,101688.05,34.41,14.99,101740.32,22.19,49.02,-3119638.75,5.66
11:27,101677.57,34.47,14.93,101741.95,22.45,49.27,-3120130.50,6.02
11:28,101683.58,34.48,15.03,101742.25,22.33,47.97,-3120560.75,4.43
11:29,101686.64,34.51,14.93,101745.90,22.33,48.97,-3120772.50,5.75
11:30,101683.49,34.54,14.95,101745.48,22.52,48.84,-3121762.50,5.89
11:31,101683.36,34.61,14.94,101746.57,22.62,48.50,-3122076.00,4.98
11:32,101696.19,34.58,14.75,101746.55,22.12,48.97,-3122627.00,5.65
11:33,101688.42,34.45,14.88,101744.63,22.08,49.66,-3122959.25,4.57
11:34,101683.78,34.34,14.68,101742.44,22.12,47.29,-3123115.25,5.01
11:35,101679.53,34.16,14.81,101746.42,22.12,48.31,-3124146.50,5.99
11:36,101686.00,34.20,14.97,101749.37,22.46,46.82,-3124470.00,4.65
11:37,101685.74,34.26,14.67,101744.73,22.45,45.78,-3124502.50,5.56
11:38,101675.58,34.07,14.75,101741.67,22.45,45.47,-3125502.00,4.93
11:39,101683.16,33.90,14.82,101744.85,22.13,46.51,-3125826.00,5.11
11:40,101680.44,33.94,14.57,101737.87,22.58,44.90,-3126578.00,5.64
11:41,101676.60,33.82,14.75,101738.87,21.98,47.20,-3126596.50,4.34
11:42,101670.44,33.88,14.91,101736.39,22.29,47.34,-3127918.75,4.97
11:43,101673.53,34.23,14.78,101737.00,22.93,44.79,-3127998.00,5.78
11:44,101674.30,34.42,14.88,101730.69,22.69,47.45,-3128189.25,4.71
11:45,101677.90,34.48,14.67,101740.24,22.45,47.73,-3128515.25,4.45
11:46,101674.46,34.17,14.53,101738.49,22.19,47.85,-3128743.25,4.37
11:47,101682.69,34.06,14.87,101738.75,22.18,48.43,-3128842.75,4.72
11:48,101672.97,34.21,14.73,101743.20,21.70,48.94,-3128528.50,4.73
11:49,101682.66,33.78,14.55,101743.66,21.74,47.29,-3129321.25,4.44
11:50,101671.61,33.54,14.67,101745.66,22.14,45.64,-3130440.50,5.78
11:51,101674.30,33.51,14.79,101744.17,21.81,46.73,-3130676.00,4.40
11:52,101667.50,33.47,14.83,101739.41,22.04,45.87,-3131987.75,5.37
11:53,101678.10,33.60,14.86,101747.25,21.77,47.64,-3132391.50,4.98
11:54,101677.74,33.56,14.99,101745.17,22.12,46.50,-3132489.50,5.64
11:55,101680.91,33.74,14.82,101734.97,22.71,44.20,-3133343.75,4.61
11:56,101677.82,34.01,14.86,101739.14,23.02,44.03,-3133750.50,4.81
11:57,101687.50,33.93,14.58,101743.49,22.18,45.28,-3133507.50,5.87
11:58,101683.35,33.66,14.73,101743.98,21.84,46.97,-3134416.50,4.43
11:59,101680.28,33.65,14.84,101741.48,22.05,45.82,-3135128.50,4.54
12:0,101689.73,33.68,14.64,101744.53,22.28,44.85,-3135187.75,5.16
12:1,101686.95,33.71,14.76,101749.17,22.67,44.18,-3135886.50,5.82
12:2,101685.35,33.82,14.64,101744.29,22.31,45.06,-3136123.50,4.45
12:3,101685.88,33.76,14.75,101743.36,22.67,43.87,-3137176.75,4.43
12:4,101687.16,34.05,14.75,101744.89,22.89,44.59,-3137528.50,4.95
12:5,101684.85,34.23,14.69,101742.06,23.23,44.31,-3138106.50,4.56
12:6,101678.35,34.22,14.74,101741.24,22.85,44.81,-3138094.50,5.85
12:7,101690.66,34.12,14.69,101742.00,22.70,45.60,-3138543.25,4.67
12:8,101685.21,34.00,14.63,101750.92,21.92,47.32,-3138250.00,4.46
12:9,101690.36,33.91,14.67,101747.13,22.50,43.84,-3139328.00,4.67
12:10,101684.91,33.75,14.49,101742.24,22.06,45.53,-3139800.00,5.74
12:11,101674.30,33.42,14.74,101748.85,21.74,45.77,-3140117.50,5.88
12:12,101676.21,33.18,14.58,101747.10,21.80,43.83,-3141468.50,4.32
12:13,101670.38,33.19,14.81,101739.64,22.15,44.07,-3142194.00,4.37
12:14,101673.32,33.30,14.74,101736.67,22.15,44.23,-3141923.50,5.23
12:15,101679.85,33.42,14.87,101736.80,22.76,42.26,-3142426.75,4.42
12:16,101674.05,33.41,14.71,101738.41,22.11,42.90,-3142597.50,5.53
12:17,101675.25,33.41,14.70,101734.67,22.79,41.94,-3143806.50,4.80
12:18,101675.17,33.63,14.67,101734.18,23.23,41.21,-3144495.25,5.58
12:19,101675.72,33.84,14.61,101738.30,23.54,40.24,-3144718.50,4.40
12:20,101681.97,33.73,14.63,101744.74,22.77,43.13,-3144399.25,4.97
12:21,101681.63,33.30,14.82,101743.88,21.94,45.59,-3145147.25,5.76
12:22,101678.80,33.54,14.61,101740.82,22.73,42.05,-3145957.25,4.47
12:23,101685.65,33.66,14.59,101744.80,23.10,40.92,-3146505.25,5.91
12:24,101684.61,33.79,14.47,101745.69,22.89,41.14,-3146559.25,5.47
12:25,101674.79,33.59,14.49,101745.72,22.28,42.86,-3146769.75,5.73
12:26,101677.92,33.50,14.52,101745.10,22.58,41.97,-3147756.50,4.54
12:27,101683.50,33.53,14.63,101740.09,22.99,41.70,-3148503.50,4.41
12:28,101672.28,33.78,14.57,101737.95,23.29,40.62,-3148246.75,5.44
12:29,101694.94,33.87,14.41,101745.17,23.34,40.35,-3148596.75,4.69
12:30,101677.42,33.45,14.32,101740.44,22.89,39.77,-3148111.50,5.70
12:31,101682.17,33.27,14.37,101739.71,22.85,40.39,-3149183.25,4.47
12:32,101685.25,32.99,14.53,101742.00,22.62,40.37,-3149898.50,5.56
12:33,101677.13,33.06,14.63,101741.11,22.99,40.41,-3151050.00,4.33
12:34,101684.85,33.26,14.70,101743.71,23.29,39.27,-3151287.50,4.87
12:35,101676.54,32.98,14.60,101739.60,22.45,41.13,-3150814.00,4.85
12:36,101676.41,33.15,14.80,101735.77,22.89,41.22,-3152176.75,5.14
12:37,101674.32,33.48,14.64,101734.38,23.57,39.07,-3152201.50,5.64
12:38,101678.19,33.60,14.45,101736.14,23.79,37.97,-3152498.25,5.20
12:39,101675.06,33.57,14.55,101733.39,23.63,39.52,-3152759.75,5.90
12:40,101675.82,33.66,14.45,101736.82,23.70,38.54,-3153011.25,5.74
12:41,101675.14,33.52,14.43,101732.36,23.25,40.08,-3153035.25,5.40
12:42,101676.61,33.51,14.66,101732.63,23.34,39.86,-3153703.50,5.45
12:43,101667.37,33.51,14.58,101729.70,23.12,40.79,-3153832.50,5.89
12:44,101684.91,33.82,14.71,101737.33,23.77,39.82,-3148491.25,5.08
12:45,101681.03,34.03,14.61,101730.10,23.88,39.83,-3129555.25,5.86
12:46,101674.13,34.07,14.48,101727.01,23.50,39.96,-3114687.25,5.88
12:47,101676.45,33.75,14.49,101728.80,23.13,41.23,-3114349.50,4.42
12:48,101672.83,33.93,14.51,101731.14,23.27,41.17,-3114991.00,5.97
12:49,101673.97,33.68,14.46,101731.84,22.34,43.30,-3114290.50,5.68
12:50,101665.11,33.76,14.64,101729.24,23.10,41.01,-3115484.50,4.45
12:51,101674.61,33.84,14.57,101728.99,22.89,42.27,-3115912.25,5.78
12:52,101671.10,33.78,14.69,101728.99,22.49,43.27,-3115751.00,5.50
12:53,101658.14,33.90,14.69,101726.48,23.16,41.45,-3116164.50,4.81
12:54,101678.83,34.29,14.30,101733.50,22.77,42.64,-3115657.50,4.39
12:55,101680.75,33.85,14.43,101735.83,22.39,44.13,-3116083.50,4.50
12:56,101678.17,33.91,14.47,101730.96,22.78,42.98,-3116741.00,4.54
12:57,101674.35,34.10,14.50,101728.93,23.46,41.50,-3117216.25,4.85
12:58,101675.49,34.34,14.33,101735.50,23.54,40.75,-3116100.50,4.47
12:59,101677.00,34.13,14.32,101730.91,23.00,42.02,-3116055.50,5.40
13:0,101680.38,34.12,14.42,101735.39,23.17,41.87,-3117247.00,5.97
13:1,101681.45,34.15,14.48,101734.76,23.29,41.09,-3117309.75,5.50
13:2,101679.43,34.12,14.34,101732.47,22.90,42.57,-3117339.25,4.69
13:3,101670.89,34.16,14.44,101728.01,23.20,42.44,-3118399.50,4.49
13:4,101672.46,34.41,14.46,101728.07,23.52,41.96,-3118599.00,5.53
13:5,101669.83,34.51,14.34,101729.78,23.29,43.02,-3118481.50,5.92
13:6,101668.70,34.52,14.33,101724.82,23.53,41.35,-3118508.00,5.84
13:7,101671.74,34.58,14.30,101727.71,23.72,41.42,-3119324.50,4.56
13:8,101660.91,34.54,14.02,101723.27,22.86,42.34,-3118971.50,5.64
13:9,101665.16,34.20,14.25,101722.64,23.34,41.11,-3119369.25,4.74
13:10,101683.13,34.18,14.28,101732.50,23.19,40.73,-3118459.25,5.71
13:11,101660.35,34.11,14.22,101723.99,22.98,41.48,-3114514.00,4.74
13:12,101676.34,34.29,14.27,101724.91,23.58,40.04,-3096635.25,5.19
13:13,101670.96,34.33,14.30,101725.78,23.66,40.52,-3083161.25,5.59
13:14,101664.26,34.17,14.04,101725.11,22.91,40.91,-3055196.50,4.63
13:15,101664.92,34.02,14.39,101721.64,23.56,40.36,-3055345.50,5.21
13:16,101662.92,34.46,14.28,101720.38,24.36,39.74,-3055095.25,5.97
13:17,101667.44,34.77,14.08,101726.46,24.61,37.56,-3086528.25,4.64
13:18,101665.33,34.71,13.98,101720.72,24.12,38.82,-3110288.00,5.83
13:19,101667.63,34.48,14.18,101728.03,23.57,40.60,-3112929.50,5.33
13:20,101663.32,34.33,14.17,101722.92,23.58,39.57,-3119194.25,6.02
13:21,101653.19,34.48,14.11,101726.38,23.70,39.69,-3130932.50,5.80
13:22,101673.27,33.88,14.20,101731.35,22.83,41.85,-3130793.25,4.66
13:23,101669.92,33.63,14.33,101724.96,22.72,41.91,-3129102.50,5.77
13:24,101665.82,33.98,14.42,101729.76,23.58,40.73,-3129481.50,5.50
13:25,101661.78,33.87,14.33,101723.39,22.63,42.63,-3127655.50,5.46
13:26,101668.57,33.86,14.53,101727.64,23.10,42.28,-3129526.50,4.54
13:27,101676.12,34.00,14.54,101728.92,22.76,43.62,-3129706.25,5.90
13:28,101666.45,34.10,14.43,101723.10,23.22,41.82,-3129909.25,5.16
13:29,101677.94,34.31,14.51,101725.72,23.85,39.64,-3130919.00,5.87
13:30,101669.84,34.17,14.21,101724.85,23.06,42.50,-146361.59,4.54
13:31,101666.44,34.11,14.32,101726.03,23.39,41.31,-163108.29,5.78
13:32,101663.60,34.16,14.27,101717.42,23.71,39.94,-154141.00,4.92
13:33,101659.28,34.23,14.57,101724.80,23.58,41.91,-191901.29,5.60
13:34,101664.64,34.31,14.20,101722.36,23.64,40.03,-175301.29,6.02
13:35,101657.78,34.24,14.19,101719.74,23.97,38.58,-136825.90,5.82
13:36,101658.94,34.28,14.24,101721.96,23.20,41.56,-128314.60,4.50
13:37,101657.64,34.29,14.31,101718.67,23.23,41.54,-180037.09,4.59
13:38,101654.35,34.35,14.28,101715.74,23.64,40.03,-195231.00,5.58
13:39,101657.15,34.37,14.17,101712.00,23.71,40.73,-204141.70,5.54
13:40,101660.72,34.40,14.36,101715.61,23.73,40.79,-207281.20,5.74
13:41,101661.14,34.61,14.22,101716.58,23.96,40.75,-194482.40,4.78
13:42,101657.13,34.51,14.20,101716.22,23.24,42.47,-219556.59,5.71
13:43,101647.44,34.54,14.29,101708.19,23.42,42.31,-243561.70,5.80
13:44,101648.52,34.52,14.17,101711.46,23.28,42.81,-192458.79,5.14
13:45,101666.78,34.62,14.31,101720.62,23.11,43.12,-211092.20,4.56
13:46,101655.44,34.47,14.34,101717.34,22.94,44.20,-244045.20,4.72
13:47,101655.45,34.46,14.39,101713.33,22.93,42.74,-209195.70,5.74
13:48,101651.67,30.19,25.14,101707.74,23.18,42.52,-203355.29,0.88
13:49,101659.49,20.90,56.12,101707.72,23.09,45.25,-3178514.00,0.70
13:50,101662.89,22.88,46.87,101714.50,23.55,44.33,-3179964.50,0.62
13:51,101648.52,27.67,30.74,101710.82,23.27,44.47,-3179744.75,5.39
13:52,101646.11,33.35,16.48,101707.49,23.38,43.67,-3180591.50,5.05
13:53,101656.44,34.19,15.06,101714.14,22.51,45.41,-3179310.75,4.80
13:54,101649.83,34.14,14.95,101707.82,23.35,43.59,-3180796.75,4.67
13:55,101654.42,34.32,14.92,101717.42,22.89,45.15,-3180844.00,4.44
13:56,101653.19,34.40,14.79,101714.09,23.20,44.58,-3181240.25,4.54
13:57,101650.52,34.45,14.70,101711.83,23.17,44.69,-3181855.00,4.88
13:58,101653.08,34.61,14.63,101708.67,23.37,43.91,-3182113.50,5.90
13:59,101651.33,34.62,14.61,101710.57,23.14,45.00,-3181784.75,4.47
14:0,101645.87,34.83,14.45,101707.57,23.75,43.01,-3182619.50,5.40
14:1,101642.67,34.88,14.43,101705.77,23.54,43.06,-3182855.25,5.39
14:2,101640.33,34.72,14.49,101712.42,23.75,43.01,-3183487.25,5.12
14:3,101646.60,34.78,14.27,101706.61,23.34,43.42,-3183522.00,5.78
14:4,101653.07,35.00,14.30,101704.46,24.19,40.57,-3184152.50,5.69
14:5,101645.77,35.16,14.31,101708.28,24.42,40.38,-3184447.00,5.95
14:6,101645.28,35.03,14.22,101698.95,23.60,42.77,-3184796.50,5.28
14:7,101650.50,35.12,14.39,101704.28,23.88,43.11,-3184889.25,5.21
14:8,101640.03,35.19,14.23,101703.50,23.85,41.91,-3184675.25,4.49
14:9,101636.76,35.39,14.25,101700.94,24.51,40.69,-3166961.25,5.63
14:10,101636.43,35.75,14.21,101696.97,24.67,41.97,-3132306.50,6.33
14:11,101630.95,35.84,14.10,101700.82,24.81,40.80,-3113927.75,6.26
14:12,101648.31,35.78,13.96,101699.75,24.11,42.70,-3106684.75,6.22
14:13,101634.85,35.73,13.99,101700.28,24.13,42.34,-3107378.75,5.80
14:14,101643.89,35.60,14.00,101699.64,23.58,44.03,-3107232.00,6.07
14:15,101650.74,35.32,14.36,101707.25,23.30,45.00,-3165658.00,5.75
14:16,101640.04,35.02,14.20,101700.55,23.10,45.19,-3166633.75,5.97
14:17,101645.64,35.14,14.44,101707.02,23.55,45.25,-3168321.75,5.42
14:18,101649.35,35.21,14.21,101711.04,23.04,46.40,-3168043.50,5.93
14:19,101634.20,35.06,14.34,101699.98,23.26,45.40,-3168662.75,5.51
14:20,101642.74,35.17,14.40,101701.88,23.70,43.59,-3168764.75,4.84
14:21,101625.99,35.21,14.19,101696.33,23.74,43.61,-3168867.00,5.59
14:22,101636.97,35.26,14.40,101691.54,24.13,42.76,-3169901.25,5.24
14:23,101634.76,35.41,14.24,101701.24,23.83,43.36,-3169822.75,5.26
14:24,101634.77,35.36,14.05,101694.00,23.43,44.36,-3169337.50,4.58
14:25,101638.16,35.23,14.14,101697.24,23.58,44.26,-3170020.75,5.56
14:26,101637.49,35.09,14.29,101696.39,23.67,43.28,-3171184.75,4.50
14:27,101636.92,35.16,14.12,101694.66,23.23,44.27,-3173578.75,5.85
14:28,101627.00,35.19,14.28,101687.30,24.08,42.43,-3175789.25,4.54
14:29,101631.95,34.89,14.15,101691.11,22.86,44.93,-3175136.50,4.73
14:30,101636.78,34.66,14.43,101702.78,22.78,46.58,-3176009.50,6.01
14:31,101625.13,34.74,14.42,101688.89,23.14,44.79,-3172782.50,4.50
14:32,101626.46,34.63,14.48,101685.35,22.99,45.69,-3171942.25,5.96
14:33,101629.48,34.83,14.58,101684.34,23.58,44.57,-3172647.25,5.07
14:34,101621.75,35.10,14.35,101685.50,23.88,43.15,-3173104.00,5.12
14:35,101632.42,35.09,14.29,101690.96,23.63,43.48,-3172708.00,6.12
14:36,101625.88,35.10,14.42,101687.83,23.66,44.10,-3173386.50,4.54
14:37,101627.28,35.17,14.29,101683.25,23.75,43.19,-3174384.00,5.14
14:38,101621.85,35.25,14.21,101688.42,24.21,42.16,-3175016.00,5.84
14:39,101615.17,35.13,14.24,101685.02,23.39,44.61,-3175725.00,4.74
14:40,101622.11,35.21,14.22,101682.02,23.35,44.88,-3175720.00,4.67
14:41,101630.51,35.03,14.43,101685.62,22.98,46.34,-3176735.25,5.11
14:42,101611.42,35.04,14.37,101679.52,23.44,43.96,-3177866.50,4.48
14:43,101615.26,35.21,14.27,101678.66,23.27,44.88,-3177381.50,5.30
14:44,101614.64,34.88,14.26,101674.88,23.09,45.50,-3177856.75,4.52
14:45,101624.34,34.95,14.36,101686.75,23.21,44.64,-3179384.50,5.77
14:46,101610.04,34.72,14.36,101676.23,22.96,45.55,-3179925.25,4.70
14:47,101609.39,34.79,14.52,101670.75,23.39,45.15,-3180632.50,4.83
14:48,101617.77,34.81,14.43,101670.46,23.20,45.73,-3180922.00,5.42
14:49,101612.75,35.01,14.47,101676.24,23.65,44.71,-3182079.50,4.93
14:50,101610.12,34.94,14.43,101671.27,23.32,44.66,-3182293.50,4.63
14:51,101605.89,35.22,14.39,101668.07,24.04,43.36,-3183077.50,4.83
14:52,101608.74,35.44,14.43,101666.14,24.22,42.96,-3183221.25,5.99
14:53,101604.44,35.37,14.31,101669.54,24.28,42.20,-1497380.37,4.84
14:54,101606.97,35.56,14.34,101672.47,23.90,44.39,-1423885.50,5.65
14:55,101608.49,35.47,14.23,101668.11,23.83,43.39,-1496686.50,5.40
14:56,101607.16,35.52,14.23,101670.64,24.20,42.83,-1448839.12,4.49
14:57,101614.41,35.68,14.26,101670.75,24.15,43.96,-1445278.25,5.59
14:58,101608.03,35.45,14.17,101667.71,23.37,45.60,-1439581.25,6.22
14:59,101603.30,35.61,14.27,101667.08,24.14,43.88,-1411322.25,6.06
15:0,101596.83,35.74,14.17,101666.78,24.30,43.51,-1462039.25,4.57
15:1,101606.21,35.67,14.16,101668.78,23.71,45.58,-3078950.75,4.52
15:2,101616.24,35.63,14.14,101674.00,23.61,46.03,-3088083.50,4.55
15:3,101626.64,35.51,14.29,101676.83,23.45,46.75,-3088884.50,5.69
15:4,101603.96,35.71,14.27,101669.75,24.07,43.63,-3078636.75,4.63
15:5,101604.99,35.77,14.17,101668.39,24.11,44.79,-3080966.50,5.01
15:6,101601.35,35.79,14.19,101664.10,23.78,45.69,-3085572.75,5.81
15:7,101603.21,35.34,14.33,101662.21,22.38,49.68,-3087913.50,4.65
15:8,101599.11,35.21,14.37,101662.61,22.31,50.15,-3124206.50,5.48
15:9,101602.83,35.28,14.55,101663.76,23.25,48.45,-3133779.50,5.94
15:10,101597.78,35.67,14.24,101656.00,24.28,43.56,-3136137.50,4.51
15:11,101597.99,35.48,14.15,101656.44,23.39,45.97,-3135221.75,5.95
15:12,101599.02,35.44,14.36,101659.32,23.83,45.25,-3137224.50,5.99
15:13,101605.54,35.57,14.33,101660.53,23.57,46.56,-3136531.50,4.66
15:14,101593.35,35.40,14.29,101654.88,23.04,47.55,-3136618.50,4.59
15:15,101596.80,35.28,14.39,101655.64,23.01,47.42,-3136678.50,4.48
15:16,101599.53,35.44,14.32,101657.47,23.42,46.23,-3137483.50,4.92
15:17,101590.75,35.50,14.37,101653.80,23.20,47.12,-3136864.50,4.56
15:18,101600.36,35.52,14.24,101657.36,23.92,44.03,-3138139.75,5.12
15:19,101594.60,35.70,14.25,101655.37,24.11,44.58,-3138349.25,6.19
15:20,101590.21,35.80,14.17,101656.44,24.26,43.72,-3139637.50,5.45
15:21,101598.58,35.97,14.18,101657.11,24.22,44.77,-3140250.75,6.12
15:22,101591.41,35.81,14.20,101654.44,24.09,44.73,-3140234.75,6.04
15:23,101601.50,35.94,14.13,101654.88,24.78,42.23,-3141609.25,6.07
15:24,101581.10,35.98,14.20,101653.92,25.18,42.29,-3142113.50,5.61
15:25,101586.26,36.16,13.97,101649.37,25.40,40.41,-3142505.75,5.63
15:26,101584.03,36.20,14.11,101649.98,25.62,41.24,-3155211.25,4.79
15:27,101575.71,36.21,13.88,101641.33,24.99,41.45,-3155880.75,4.95
15:28,101587.21,35.98,14.09,101648.57,24.54,42.76,-3194102.25,4.67
15:29,101586.08,35.80,13.96,101642.30,24.79,41.90,-3195512.50,5.97
15:30,101580.35,35.87,13.95,101644.42,25.52,39.66,-3196625.50,5.08
15:31,101579.31,35.70,13.87,101640.82,25.18,39.46,-3196901.25,6.03
15:32,101583.20,35.42,14.00,101639.89,24.99,40.36,-3197654.50,5.88
15:33,101570.23,35.27,14.02,101634.79,24.30,42.03,-3196830.50,6.05
15:34,101570.66,35.42,14.14,101638.67,25.33,40.22,-3198398.75,4.46
15:35,101586.52,35.55,14.09,101647.00,25.43,39.39,-3198184.50,4.49
15:36,101577.39,35.44,13.98,101639.82,25.74,37.48,-3199705.25,5.71
15:37,101579.21,35.39,14.03,101642.46,25.77,37.78,-3200183.50,5.26
15:38,101573.71,35.55,13.98,101637.63,26.26,37.01,-3200791.25,5.73
15:39,101573.07,35.48,14.06,101632.28,25.87,38.11,-3201358.50,5.65
15:40,101579.81,35.43,14.00,101636.05,25.54,38.18,-3200716.50,4.18
15:41,101581.25,35.36,14.09,101639.68,26.10,37.11,-3154436.50,4.87
15:42,101587.63,35.63,14.04,101639.44,26.67,35.56,-2972918.50,4.71
15:43,101572.92,35.40,13.94,101640.45,25.96,37.29,-3022315.50,3.97
15:44,101577.92,35.47,14.04,101638.96,26.48,37.00,-3031508.00,5.40
15:45,101577.30,35.28,13.90,101641.16,25.88,37.41,-3034943.25,3.86
15:46,101584.03,35.31,14.05,101639.07,27.66,33.14,-3036192.25,4.69
15:47,101572.20,35.49,13.99,101639.54,27.85,32.75,-3044416.50,5.41
15:48,101579.57,35.55,13.82,101640.35,27.71,33.60,-3046181.00,5.57
15:49,101571.17,35.49,13.84,101632.98,27.78,32.80,-3052784.50,5.13
15:50,101574.66,35.52,13.94,101639.50,27.68,33.63,-3054298.75,4.83
15:51,101577.64,35.50,13.75,101637.72,27.28,33.95,-3053751.50,4.47
15:52,101584.78,35.64,13.79,101647.96,27.70,32.42,-3055700.75,4.27
15:53,101586.05,35.26,13.86,101645.14,26.79,34.51,-3058537.75,5.25
15:54,101576.84,35.00,13.85,101645.80,25.50,37.27,-3062714.00,5.90
15:55,101583.38,34.75,14.05,101643.92,25.97,36.70,-3063759.25,4.52
15:56,101574.96,34.80,14.06,101636.32,26.45,35.14,-3065942.75,5.68
15:57,101573.03,34.65,14.00,101631.61,25.84,36.23,-3066846.75,5.46
15:58,101579.38,34.41,14.29,101641.79,25.62,37.05,-3071513.50,5.23
15:59,101572.98,34.58,14.33,101631.85,25.92,35.96,-3072332.50,4.47
16:0,101576.12,34.45,14.17,101639.32,25.30,37.44,-3074663.25,5.88
16:1,101568.84,34.41,14.41,101631.42,25.91,36.41,-3073690.00,5.23
16:2,101578.16,34.65,14.35,101640.51,26.04,36.74,-3073448.25,4.22
16:3,101570.35,34.67,14.37,101630.93,27.03,34.35,-3073352.50,5.39
16:4,101557.34,34.60,14.16,101627.95,26.46,34.76,-3076187.25,3.89
16:5,101571.16,34.41,14.19,101629.71,27.35,33.53,-3077593.25,6.08
16:6,101566.58,34.65,14.30,101632.22,28.91,30.72,-3076329.50,5.59
16:7,101567.91,34.85,14.14,101631.58,29.42,29.54,-2994897.00,4.85
16:8,101558.16,34.67,14.14,101627.02,28.03,31.80,-3060942.50,4.59
16:9,101573.57,34.51,14.08,101635.60,27.68,32.19,-3090003.25,5.88
16:10,101559.77,34.40,14.28,101627.57,28.20,31.73,-3102800.50,5.12
16:11,101566.92,34.70,14.32,101628.38,29.32,29.76,-3124943.00,5.85
16:12,101565.09,34.93,14.16,101628.58,29.09,30.27,-3125491.00,5.54
16:13,101563.30,35.21,14.13,101630.21,30.61,28.02,-3114487.50,4.23
16:14,101557.63,35.14,14.10,101625.91,29.30,29.91,-359859.40,4.54
16:15,101558.62,34.98,14.01,101623.27,28.92,30.27,-520419.50,5.50
16:16,101551.44,34.89,14.11,101620.05,28.58,30.51,-1020815.31,5.90
16:17,101550.85,34.59,14.03,101621.50,27.44,32.39,-1087094.62,5.23
16:18,101558.19,34.60,14.24,101615.38,28.56,30.34,-2990991.50,4.44
16:19,101552.60,34.61,14.13,101618.76,28.21,31.41,-1409750.75,4.62
16:20,101552.33,34.96,14.34,101619.78,29.80,28.65,-3198708.50,5.83
16:21,101552.64,35.26,14.11,101619.75,29.91,28.51,-2106072.50,5.13
16:22,101549.71,35.50,13.98,101613.60,29.89,28.45,-2784532.50,5.92
16:23,101541.53,35.19,13.79,101610.63,28.68,30.71,-3138651.25,4.03
16:24,101554.46,34.91,13.91,101614.33,28.71,29.93,-3034966.25,5.81
16:25,101555.94,34.61,13.95,101615.86,27.65,31.30,-3070160.25,6.03
16:26,101548.47,34.47,14.00,101612.35,27.31,32.15,-3163498.00,4.92
16:27,101552.74,34.67,14.15,101616.36,28.59,29.78,-3172684.50,4.40
16:28,101559.36,34.29,14.02,101618.74,26.67,32.61,-3249210.00,5.45
16:29,101556.28,33.97,14.09,101610.60,25.94,34.07,-3255364.75,4.47
16:30,101543.89,33.81,14.30,101606.92,26.55,33.69,-3260063.00,3.85
16:31,101546.53,33.91,14.23,101610.39,27.38,31.47,-3253951.00,5.06
16:32,101561.46,33.85,14.43,101615.21,26.79,32.58,-3213387.50,5.16
16:33,101552.57,33.69,14.27,101603.67,26.78,32.23,-3187898.50,5.34
16:34,101546.11,33.81,14.38,101599.06,27.74,30.51,-3193880.50,5.52
16:35,101530.36,33.91,14.28,101596.87,26.48,32.30,-3195089.25,5.28
16:36,101532.82,33.72,14.12,101598.60,25.88,33.03,-2988695.75,5.48
16:37,101538.57,33.49,14.16,101597.17,25.01,35.25,-3166729.00,5.26
16:38,101534.50,33.39,14.43,101594.16,25.64,34.29,-3175858.25,4.75
16:39,101526.77,33.58,14.26,101590.28,25.57,33.62,-3161652.00,4.39
16:40,101534.09,33.43,14.40,101593.92,25.82,33.35,-3216979.50,5.12
16:41,101532.70,33.28,14.43,101592.35,25.74,34.10,-3244218.00,4.48
16:42,101523.28,33.31,14.50,101587.02,25.74,33.29,-3247795.25,3.98
16:43,101522.21,33.42,14.32,101584.41,25.06,34.67,-3250271.00,4.33
16:44,101526.33,33.53,14.45,101582.41,25.54,34.00,-3258293.75,4.30
16:45,101524.42,33.86,14.38,101577.89,25.91,33.31,-3262242.00,3.86
16:46,101532.50,33.70,14.15,101575.53,24.51,35.85,-3233043.25,5.43
16:47,101518.93,33.43,14.22,101574.78,23.31,38.25,-3238267.25,3.85
16:48,101523.32,33.36,14.37,101574.75,23.57,38.46,-3244226.00,5.14
16:49,101520.53,33.28,14.43,101574.05,23.73,37.89,-3232124.75,5.77
16:50,101524.69,33.29,14.45,101567.92,24.24,36.41,-3230925.25,5.81
16:51,101518.88,33.29,14.53,101567.85,24.06,37.28,-3230913.25,4.22
16:52,101509.18,33.18,14.51,101569.76,24.29,36.92,-3231650.00,5.79
16:53,101515.99,33.38,14.58,101569.78,25.90,34.00,-3228014.75,5.20
16:54,101504.21,33.77,14.62,101557.55,26.04,34.30,-3195869.75,5.38
16:55,101508.60,34.05,14.27,101559.92,26.60,32.52,-3223126.00,4.15
16:56,101488.10,33.85,14.08,101560.62,25.51,34.10,-3223410.00,5.54
16:57,101504.30,33.50,14.31,101561.36,25.00,35.43,-3226000.50,4.47
16:58,101503.96,33.60,14.45,101562.53,25.44,34.59,-3226985.25,5.88
16:59,101497.07,33.82,14.37,101554.89,26.31,32.98,-3227019.75,5.51
17:0,101489.46,33.71,14.18,101557.82,25.51,34.17,-3227212.50,3.88
17:1,101497.46,33.79,14.41,101556.49,26.35,33.41,-3229789.25,5.92
17:2,101507.91,34.01,14.21,101556.86,26.12,33.27,-3221494.00,5.88
17:3,101492.32,34.06,14.19,101552.11,26.78,32.34,-3102203.50,3.94
17:4,101501.36,34.17,14.18,101556.00,26.95,31.52,-3053828.75,4.37
17:5,101494.06,34.18,14.04,101550.66,26.67,32.05,-3064890.50,3.95
17:6,101482.71,33.95,14.20,101550.83,25.50,34.28,-3065944.50,5.25
17:7,101481.82,33.87,14.25,101546.75,26.61,32.48,-3071626.50,4.31
17:8,101489.13,34.25,14.29,101546.00,27.82,30.67,-3173825.75,5.20
17:9,101496.57,34.34,14.13,101548.19,28.13,30.01,-3100517.25,5.30
17:10,101480.88,34.38,14.13,101541.63,28.20,29.81,-3179053.75,4.83
17:11,101492.54,34.46,14.05,101549.07,29.07,28.76,-3068693.50,3.97
17:12,101475.91,34.42,14.11,101546.01,29.04,28.50,-3134489.25,5.02
17:13,101484.91,34.74,14.14,101549.42,29.85,27.11,-3020968.50,5.41
17:14,101496.50,34.84,13.97,101552.59,29.32,28.13,-3168202.50,4.67
17:15,101484.38,34.70,13.97,101548.30,29.45,27.98,-3265606.25,4.90
17:16,101480.79,34.77,14.08,101545.25,29.46,28.06,-2892103.50,4.81
17:17,101477.11,34.93,13.84,101539.89,30.30,26.89,-2651550.50,5.07
17:18,101481.55,35.17,13.96,101539.17,31.16,25.44,-2992658.50,4.85
17:19,101474.97,35.16,13.78,101547.05,29.39,28.22,-2816406.00,5.10
17:20,101481.61,35.14,13.92,101536.48,28.12,30.54,-2772920.50,4.01
17:21,101483.10,35.20,13.75,101541.39,29.14,28.86,-2765316.75,4.10
17:22,101490.49,35.06,13.77,101536.71,28.58,29.75,-2348509.50,4.32
17:23,101472.28,34.85,13.97,101531.16,28.39,30.49,-2143719.25,4.71
17:24,101473.57,34.86,13.94,101532.21,27.68,31.93,-2048587.25,4.01
17:25,101469.90,34.89,13.85,101525.32,28.04,30.25,-3266591.50,4.29
17:26,101466.23,34.68,13.94,101524.30,28.54,29.87,-2775834.25,4.75
17:27,101459.66,35.02,14.01,101526.72,28.76,29.73,-2337268.25,5.56
17:28,101457.89,35.23,13.92,101522.82,28.40,30.21,-2508864.25,5.20
17:29,101448.42,35.13,13.82,101519.30,27.18,32.32,-2490569.50,5.34
17:30,101459.53,35.12,13.83,101523.57,28.21,30.28,-2381786.50,4.49
17:31,101464.10,35.33,13.85,101520.27,28.41,30.92,-2452818.50,5.26
17:32,101460.81,35.48,13.83,101526.10,28.98,29.40,-2424885.25,4.04
17:33,101453.14,35.24,13.79,101519.96,28.34,29.65,-2300661.25,5.50
17:34,101456.47,35.39,13.72,101519.92,29.02,29.38,-1499665.25,5.59
17:35,101461.21,35.48,13.84,101520.40,29.43,29.02,-3253536.50,3.97
17:36,101462.71,35.65,13.77,101524.86,29.77,28.60,-2450862.75,4.52
17:37,101447.74,35.13,13.71,101517.92,27.45,31.95,-2161626.75,4.79
17:38,101456.38,35.17,13.87,101518.62,27.66,31.58,-1834964.62,5.21
17:39,101451.99,35.19,13.90,101515.63,28.52,30.52,-2121615.25,5.49
17:40,101455.89,35.20,13.91,101516.11,28.81,30.35,-3218055.25,5.48
17:41,101456.78,35.12,13.82,101513.30,28.33,30.57,-3216193.00,5.82
17:42,101453.91,35.17,13.91,101513.47,28.05,31.91,-3165325.50,5.44
17:43,101445.99,35.22,13.85,101511.71,28.28,30.66,-3164888.75,5.78
17:44,101456.86,35.43,13.82,101513.13,28.99,30.34,-3178703.50,4.98
17:45,101447.24,35.33,13.79,101512.13,29.01,29.78,-3171982.50,4.36
17:46,101446.82,35.25,13.79,101510.03,28.70,29.88,-3178925.50,4.02
17:47,101452.97,35.34,13.74,101505.95,28.52,30.27,-3177400.75,4.76
17:48,101450.89,35.45,13.79,101508.24,29.33,29.03,-3178103.50,3.90
17:49,101446.77,35.73,13.55,101506.64,29.60,28.17,-3178380.50,5.39
17:50,101451.09,35.86,13.71,101506.83,29.56,28.98,-3178552.00,6.02
17:51,101441.88,36.06,13.48,101508.66,30.40,27.76,-3179235.00,3.99
17:52,101446.53,35.85,13.38,101512.45,29.05,29.67,-3178871.50,5.40
17:53,101448.01,35.37,13.70,101508.16,29.03,30.08,-3178972.75,4.90
17:54,101444.64,35.53,13.79,101507.39,29.24,29.62,-3179193.25,4.65
17:55,101446.81,35.58,13.64,101510.35,27.09,33.17,-3186254.00,4.66
17:56,101445.28,35.32,13.78,101502.79,26.49,34.94,-852815.18,5.45
17:57,101446.90,35.37,13.90,101504.21,26.67,34.36,-3297689.25,5.16
17:58,101450.91,35.60,13.82,101512.36,26.48,35.32,-3298263.75,5.59
17:59,101453.88,35.32,13.71,101502.99,26.91,33.24,-3300276.75,5.85
18:0,101444.11,34.97,13.98,101504.85,25.73,36.74,-3301718.00,4.11
18:1,101443.03,34.95,14.10,101504.13,26.91,34.13,-3299618.50,5.43
18:2,101449.15,35.00,13.94,101501.77,27.88,31.97,-3300646.50,5.74
18:3,101437.83,35.26,14.06,101504.36,28.84,30.81,-3299697.50,5.08
18:4,101445.30,35.18,14.03,101502.60,28.82,30.37,-3300661.00,5.10
18:5,101441.92,35.16,13.85,101503.24,28.16,31.73,-3301497.50,5.36
18:6,101439.83,35.24,13.91,101499.94,28.46,31.19,-3301461.50,4.31
18:7,101444.02,35.15,13.91,101499.33,27.71,32.57,-3302615.00,5.39
18:8,101437.62,35.08,13.98,101500.10,26.71,34.37,-3304273.25,4.43
18:9,101441.09,35.07,13.94,101495.00,26.46,33.90,-3306166.50,3.96
18:10,101435.13,35.16,13.92,101496.10,26.51,34.08,-3306453.50,4.62
18:11,101435.98,35.27,14.01,101496.85,27.62,33.02,-3307795.50,4.72
18:12,101437.19,35.23,13.93,101496.96,26.95,34.10,-3307383.25,5.26
18:13,101438.91,35.37,13.94,101494.88,28.37,31.59,-3308319.50,4.30
18:14,101437.07,35.63,13.80,101497.22,29.09,30.16,-3307895.75,4.43
18:15,101438.11,35.53,13.76,101493.07,28.29,31.57,-3308283.50,5.01
18:16,101430.62,35.64,13.72,101496.24,28.02,31.92,-3308869.00,4.47
18:17,101430.33,35.52,13.76,101499.63,26.84,34.55,-3308689.50,5.32
18:18,101442.97,35.39,13.75,101491.02,25.59,36.65,-3308161.50,3.98
18:19,101436.02,35.19,13.91,101490.63,26.12,35.34,-3309310.00,5.46
18:20,101432.07,35.28,13.97,101490.53,27.07,33.38,-3309048.00,4.84
18:21,101425.72,35.49,13.83,101493.75,27.66,32.84,-3309760.50,4.44
18:22,101432.30,35.52,13.82,101489.86,28.15,32.47,-3308647.50,5.07
18:23,101428.11,35.64,13.82,101492.64,28.74,31.29,-3307670.00,4.37
18:24,101428.68,35.55,13.70,101487.17,27.17,33.97,-3307310.50,4.74
18:25,101431.50,35.45,13.94,101487.61,27.90,32.53,-3309758.75,4.11
18:26,101424.17,35.60,13.81,101490.28,26.79,35.32,-3310662.50,3.95
18:27,101437.08,35.31,13.74,101490.98,24.71,39.22,-3311227.25,4.49
18:28,101415.35,35.20,14.08,101483.85,26.29,35.57,-3311719.25,5.42
18:29,101435.61,35.34,13.99,101490.14,26.10,36.28,-3311742.50,5.79
18:30,101429.23,35.15,14.08,101483.05,26.30,36.14,-3312634.50,5.50
18:31,101418.49,34.81,14.11,101478.85,25.53,36.69,-3313723.75,3.94
18:32,101419.11,34.72,14.25,101478.30,25.51,37.82,-3315122.00,4.52
18:33,101408.54,34.80,14.30,101476.50,25.65,37.69,-3316275.25,4.68
18:34,101429.16,34.98,14.41,101472.74,25.83,37.38,-3318268.75,5.34
18:35,101421.66,35.23,14.11,101473.83,26.27,36.58,-3318220.75,5.70
18:36,101424.24,35.12,14.04,101478.02,26.12,36.96,-3318095.00,5.54
18:37,101410.42,35.01,14.22,101472.16,26.72,35.10,-327490.31,5.94
18:38,101411.92,35.13,14.07,101470.94,26.64,35.66,-110813.40,5.71
18:39,101406.45,34.97,14.17,101469.58,24.94,39.19,-55268.30,5.18
18:40,101407.49,34.99,14.15,101460.91,25.88,37.92,-76036.30,5.81
18:41,101404.78,35.20,14.21,101469.08,26.32,36.80,-118685.40,4.49
18:42,101397.27,35.16,14.24,101464.47,25.79,38.37,-142670.59,4.33
18:43,101398.74,34.96,14.20,101464.91,25.69,38.45,-154768.20,4.38
18:44,101402.89,35.20,14.24,101463.21,25.95,38.46,-83141.60,6.06
18:45,101398.13,35.32,14.18,101463.60,26.59,36.68,-105198.71,5.76
18:46,101411.44,35.33,14.10,101468.46,26.20,37.93,-130298.80,5.93
18:47,101402.57,35.30,14.20,101462.60,26.99,35.21,-302620.50,4.71
18:48,101409.07,35.38,14.27,101461.13,26.75,37.66,-1074374.37,5.14
18:49,101400.52,35.74,14.16,101458.42,27.16,36.45,-998816.62,5.90
18:50,101397.16,35.96,13.97,101456.67,27.35,36.08,-320371.59,4.66
18:51,101391.21,35.44,13.79,101451.52,25.50,38.58,-284625.31,5.41
18:52,101389.24,35.38,14.21,101451.00,25.61,38.62,-3318381.75,5.77
18:53,101388.82,35.51,14.09,101448.50,25.36,39.24,-3239703.75,5.12
18:54,101389.28,35.69,14.01,101450.04,25.94,37.42,-3231115.50,4.62
18:55,101385.72,35.51,14.07,101453.38,25.01,40.68,-3226646.50,5.44
18:56,101391.91,35.27,14.11,101455.55,25.54,39.47,-3301066.00,5.92
18:57,101388.61,35.42,14.10,101454.91,24.72,40.96,-3301584.50,4.73
18:58,101391.77,35.16,14.20,101455.71,24.36,42.34,-3301162.50,3.91
18:59,101387.33,34.99,14.30,101448.22,24.64,41.82,-3300192.75,4.81
19:0,101390.34,35.14,14.14,101445.95,25.21,40.11,-3300874.00,6.00
19:1,101395.22,35.08,14.25,101446.88,25.40,39.20,-3299907.50,4.18
19:2,101387.27,35.07,14.27,101454.72,24.48,41.71,-3301200.50,5.38
19:3,101380.39,34.84,14.27,101446.61,24.91,40.55,-3261492.00,4.62
19:4,101382.33,34.90,14.36,101446.22,24.43,42.12,-3255789.50,5.29
19:5,101386.46,34.89,14.44,101447.77,24.38,42.55,-3256767.25,4.46
19:6,101379.11,34.73,14.39,101447.11,24.15,42.86,-588058.68,5.64
19:7,101370.25,34.88,14.28,101433.93,25.19,39.55,-765074.18,5.01
19:8,101384.24,34.93,14.41,101443.32,25.00,41.47,-694402.62,4.18
19:9,101371.19,34.92,14.36,101445.22,24.74,41.13,-653426.18,5.63
19:10,101387.24,34.95,14.33,101441.71,25.10,39.71,-695505.00,4.41
19:11,101373.13,34.93,14.25,101438.24,25.38,39.02,-635865.31,5.04
19:12,101379.35,34.96,14.44,101439.64,25.08,40.48,-689489.37,4.45
19:13,101381.10,35.03,14.35,101439.07,25.10,40.51,-776994.00,4.88
19:14,101379.96,34.99,14.36,101440.39,24.86,41.43,-814550.50,5.74
19:15,101382.32,35.02,14.41,101442.85,24.67,41.51,-638179.31,5.82
19:16,101382.53,35.15,14.40,101439.66,24.67,41.91,-1927932.37,4.40
19:17,101386.51,35.27,14.21,101434.96,25.00,41.11,-1779871.25,5.42
19:18,101380.93,35.37,14.41,101439.35,24.90,42.08,-1924982.62,5.86
19:19,101376.42,35.31,14.17,101437.07,24.13,42.14,-1270688.37,4.61
19:20,101378.39,35.18,14.17,101434.63,24.61,40.57,-1282395.37,4.42
19:21,101378.49,34.74,14.26,101435.87,22.78,46.47,-3326323.50,5.39
19:22,101378.96,34.79,14.39,101430.14,23.37,44.86,-3318705.25,4.72
19:23,101379.35,34.78,14.31,101435.47,23.89,43.20,-3288394.50,4.43
19:24,101374.79,34.92,14.26,101433.91,24.75,41.51,-3290500.75,4.89
19:25,101376.54,35.07,14.42,101437.63,25.03,40.21,-3295854.00,3.98
19:26,101374.66,34.87,14.32,101433.52,23.74,44.08,-3298755.25,5.94
19:27,101379.17,34.80,14.51,101438.77,23.82,44.46,-3300205.25,4.96
19:28,101377.96,34.93,14.43,101432.50,25.12,41.06,-3307010.50,4.47
19:29,101372.46,35.12,14.50,101433.34,25.45,40.93,-3322235.50,5.85
19:30,101385.48,35.27,14.32,101438.09,25.98,39.27,-1332470.75,5.78
19:31,101380.24,35.06,14.31,101433.14,24.59,42.28,-1340830.25,4.33
19:32,101376.83,34.93,14.41,101432.21,24.12,43.75,-1345628.75,5.48
19:33,101375.41,34.88,14.48,101437.85,24.20,43.38,-1807814.37,4.61
19:34,101373.75,34.96,14.55,101436.64,24.95,41.05,-1665766.25,4.33
19:35,101368.21,35.09,14.32,101428.64,25.55,39.81,-1617930.25,5.19
19:36,101369.58,34.98,14.43,101432.82,24.77,41.75,-1666222.75,3.89
19:37,101371.03,34.91,14.32,101436.49,24.27,43.23,-1782876.37,5.07
19:38,101365.02,34.74,14.54,101434.83,24.22,43.43,-1692657.75,5.23
19:39,101372.08,35.07,14.34,101430.50,25.67,39.53,-3322432.00,5.11
19:40,101373.86,35.10,14.26,101426.82,25.25,39.76,-287155.40,4.91
19:41,101371.97,35.04,14.25,101424.98,25.56,38.30,-522079.00,5.62
19:42,101365.86,34.92,14.27,101425.35,23.62,44.44,-526213.68,4.06
19:43,101370.53,34.61,14.52,101420.25,22.97,46.49,-3334274.75,4.05
19:44,101371.49,34.79,14.44,101418.47,23.65,44.16,-1245995.62,4.22
19:45,101365.86,34.99,14.30,101425.22,24.30,42.62,-1262035.00,5.01
19:46,101360.63,34.96,14.32,101423.58,24.17,42.28,-1982615.25,3.86
19:47,101365.87,35.11,14.26,101427.14,24.62,41.73,-87668.21,5.94
19:48,101367.14,34.93,14.46,101420.33,23.33,45.09,-339169.00,5.32
19:49,101363.39,34.69,14.40,101422.56,22.91,45.52,-3021945.25,4.65
19:50,101374.81,34.65,14.53,101421.96,22.41,48.16,-2692152.50,4.37
19:51,101369.89,34.52,14.61,101421.85,22.78,46.98,-3259046.50,5.97
19:52,101365.07,34.40,14.52,101426.30,22.49,47.58,-1297700.25,4.83
19:53,101366.00,34.08,14.65,101421.80,21.99,49.55,-1394970.75,4.72
19:54,101364.32,34.30,14.72,101423.07,23.18,45.97,-1369020.37,4.41
19:55,101368.58,34.56,14.68,101420.66,23.77,45.03,-2623980.25,5.96
19:56,101359.80,34.58,14.52,101423.11,24.09,43.39,-2648396.50,5.87
19:57,101361.22,34.46,14.53,101417.07,23.01,45.16,-2753879.50,4.27
19:58,101356.19,34.38,14.70,101418.24,23.19,45.86,-2700463.50,5.90
19:59,101376.07,34.56,14.63,101419.80,23.72,43.84,-2720555.25,4.33
20:0,101357.32,34.57,14.60,101419.64,23.36,45.09,-2608492.25,4.37
20:1,101362.32,34.68,14.46,101421.60,23.92,43.56,-2641617.50,5.46
20:2,101365.39,34.65,14.69,101425.33,23.70,45.02,-2271019.25,5.89
20:3,101366.53,34.53,14.63,101420.74,23.83,43.78,-2384292.75,4.36
20:4,101367.29,34.40,14.54,101427.49,22.78,46.64,-2588405.50,5.88
20:5,101359.41,34.23,14.77,101419.64,22.91,46.16,-2324378.75,5.59
20:6,101373.74,34.23,14.93,101424.27,22.84,47.24,-2460000.00,5.20
20:7,101366.53,34.11,14.82,101419.38,22.38,48.26,-1071048.75,5.05
20:8,101367.21,34.36,14.92,101422.83,22.69,48.02,-1061806.75,5.30
20:9,101369.44,34.48,14.82,101422.24,22.67,47.91,-1032521.00,4.61
20:10,101367.25,34.26,14.90,101417.21,22.22,48.35,-281753.81,5.74
20:11,101360.24,34.13,14.85,101424.58,21.97,48.11,-1439014.12,4.20
20:12,101359.96,33.96,14.95,101421.10,21.72,49.29,-283653.09,4.21
20:13,101356.72,33.69,15.08,101419.21,20.45,54.55,-3285224.50,5.41
20:14,101353.41,33.71,15.19,101415.63,20.96,52.37,-61816.10,5.37
20:15,101360.19,33.84,15.11,101417.12,21.60,50.91,-82616.00,5.88
20:16,101366.82,34.05,15.05,101416.88,22.22,49.41,-72028.80,5.85
20:17,101364.15,34.05,15.17,101422.64,21.80,50.78,-58962.70,4.58
20:18,101364.48,34.06,15.01,101415.48,22.08,49.03,-77326.21,5.33
20:19,101365.53,33.96,15.19,101416.85,21.35,51.69,-71124.71,3.87
20:20,101359.89,33.73,15.06,101412.53,20.69,53.95,-3280822.25,4.99
20:21,101356.22,33.67,15.28,101412.10,21.13,51.87,-3360476.00,5.71
20:22,101359.22,33.67,15.33,101416.13,20.86,53.30,-3368387.25,4.99
20:23,101362.13,33.69,15.23,101413.08,21.16,51.96,-3369848.00,5.94
20:24,101354.47,33.74,15.31,101417.84,21.54,50.42,-3369861.50,5.83
20:25,101358.23,33.84,15.08,101418.04,21.68,49.99,-3370278.50,4.96
20:26,101354.73,33.70,15.20,101416.22,21.28,51.21,-3371734.50,5.14
20:27,101362.15,33.58,15.20,101411.90,21.28,50.90,-3375751.50,4.34
20:28,101361.07,33.60,15.33,101415.65,20.67,54.06,-3377160.00,5.74
20:29,101355.03,33.54,15.23,101413.24,20.78,53.04,-644428.00,4.51
20:30,101359.92,33.56,15.26,101414.97,20.90,52.75,-409246.81,5.73
20:31,101357.88,33.45,15.37,101413.52,20.53,54.58,-1156800.75,4.81
20:32,101366.96,33.32,15.31,101412.57,20.54,53.17,-2917980.50,5.87
20:33,101361.73,33.36,15.41,101409.13,20.59,54.44,-3093303.50,5.28
20:34,101358.64,33.32,15.35,101411.15,21.11,50.75,-3228299.50,5.12
20:35,101345.00,33.37,15.30,101403.38,21.04,51.94,-3232373.75,4.92
20:36,101344.83,33.22,15.53,101403.78,19.94,57.03,-3358247.50,4.48
20:37,101350.00,33.20,15.41,101404.82,20.00,56.33,-3379686.00,4.77
20:38,101351.33,33.09,15.49,101405.42,20.30,55.32,-3385554.00,5.08
20:39,101335.48,33.19,15.57,101402.88,20.16,55.58,-3386133.25,5.97
20:40,101348.21,33.10,15.42,101405.75,20.55,53.35,-3370672.00,3.96
20:41,101343.63,33.09,15.63,101406.55,20.37,54.31,-3194743.25,4.48
20:42,101345.58,33.10,15.65,101402.30,20.35,54.98,-3193327.50,5.74
20:43,101331.99,33.03,15.44,101400.82,20.11,55.18,-3194491.50,4.43
20:44,101339.35,33.07,15.53,101392.51,20.50,53.64,-3206974.00,5.71
20:45,101357.56,33.14,15.59,101397.42,20.31,55.20,-3194146.75,5.08
20:46,101338.41,33.23,15.46,101390.77,20.65,53.47,-3180836.50,4.89
20:47,101330.94,33.29,15.37,101393.25,20.85,53.09,-3197815.00,5.61
20:48,101340.70,33.23,15.47,101394.84,20.78,52.36,-3185018.75,4.54
20:49,101338.09,33.06,15.34,101393.74,20.31,53.29,-2495874.00,3.99
20:50,101334.44,33.10,15.47,101391.67,20.88,52.62,-2050750.37,5.00
20:51,101338.66,33.23,15.33,101389.47,20.86,52.59,-1975675.25,4.84
20:52,101342.21,33.17,15.47,101391.10,20.58,54.31,-1943887.25,4.89
20:53,101330.80,33.02,15.44,101396.42,20.03,54.60,-1779852.00,5.40
20:54,101340.77,32.94,15.51,101386.92,20.08,55.31,-1785102.75,5.03
20:55,101335.27,33.00,15.45,101385.96,20.52,53.77,-1985549.62,5.05
20:56,101335.89,33.04,15.54,101386.72,20.45,54.34,-1902806.75,5.32
20:57,101326.46,33.11,15.48,101386.36,20.27,54.50,-1785235.75,4.94
20:58,101342.58,33.09,15.40,101382.92,20.95,51.63,-2012009.25,6.01
20:59,101323.98,33.11,15.40,101385.30,21.28,50.64,-2113490.50,4.67
21:0,101334.54,33.18,15.31,101380.71,21.08,50.80,-2192426.50,5.83
21:1,101327.05,33.21,15.33,101385.10,21.44,49.88,-2083546.37,4.52
21:2,101329.49,33.25,15.48,101383.49,20.88,52.78,-2161060.00,5.43
21:3,101326.55,33.20,15.44,101381.32,20.43,53.70,-619644.00,4.57
21:4,101340.07,33.21,15.26,101384.97,21.00,51.03,-333793.90,5.36
21:5,101332.60,33.22,15.31,101385.32,21.30,49.42,-557329.50,3.86
21:6,101332.71,33.26,15.30,101384.25,21.38,50.17,-649088.31,4.92
21:7,101329.28,33.30,15.36,101381.89,21.29,51.29,-657342.00,5.17
21:8,101331.80,33.34,15.38,101381.32,20.89,52.50,-798751.00,4.04
21:9,101325.90,33.39,15.34,101381.20,21.23,51.78,-822589.81,5.62
21:10,101335.52,33.45,15.31,101383.73,21.10,51.69,-774795.62,5.88
21:11,101329.86,33.13,15.54,101384.92,20.15,55.10,-781078.37,4.78
21:12,101332.39,33.04,15.56,101379.20,20.04,55.63,-763127.62,3.94
21:13,101316.30,33.09,15.35,101375.33,20.61,52.89,-748745.00,4.32
21:14,101325.71,33.14,15.34,101374.63,20.93,51.89,-773794.62,5.62
21:15,101320.46,33.17,15.33,101378.86,20.87,52.11,-763274.18,4.94
21:16,101331.35,33.16,15.38,101373.62,21.06,51.29,-762459.87,5.56
21:17,101313.35,33.17,15.30,101372.53,21.05,50.10,-783901.12,4.52
21:18,101320.88,33.17,15.33,101373.10,20.90,52.17,-803729.68,3.91
21:19,101317.30,33.11,15.34,101373.03,20.76,52.36,-695452.31,5.07
21:20,101323.17,33.12,15.34,101377.27,20.31,54.02,-704815.81,4.04
21:21,101317.07,33.10,15.34,101373.32,20.25,53.68,-860161.62,5.72
21:22,101310.96,33.02,15.50,101375.07,19.91,55.51,-721914.68,5.09
21:23,101315.92,32.96,15.41,101371.92,20.27,54.05,-863288.81,4.85
21:24,101312.00,33.05,15.46,101366.25,20.38,53.54,-786611.50,4.86
21:25,101313.20,33.01,15.43,101374.05,20.13,54.75,-810614.31,5.70
21:26,101309.52,33.06,15.35,101364.05,20.31,54.14,-860167.62,4.71
21:27,101307.32,32.87,15.53,101367.47,19.74,56.55,-1057497.87,4.75
21:28,101319.00,32.90,15.39,101367.10,20.47,53.75,-711541.18,5.41
21:29,101308.96,32.90,15.43,101362.36,20.77,52.28,-1191070.25,4.88
21:30,101306.82,32.74,15.40,101361.85,20.25,53.57,-1725373.25,4.54
21:31,101308.62,32.85,15.47,101362.88,20.59,53.45,-3418187.25,4.36
21:32,101313.81,33.00,15.44,101358.92,20.74,52.58,-3419761.25,5.63
21:33,101305.53,32.99,15.36,101360.00,20.70,52.15,-3419880.50,4.76
21:34,101314.82,32.93,15.41,101364.67,20.43,53.48,-3420798.50,3.96
21:35,101311.00,32.94,15.40,101364.25,20.29,54.30,-3421347.50,4.67
21:36,101312.89,32.97,15.40,101363.30,20.57,53.27,-3424042.75,4.52
21:37,101305.83,33.00,15.29,101362.53,20.85,51.16,-3424584.00,4.94
21:38,101307.78,33.07,15.28,101362.85,20.89,51.29,-3425248.00,5.00
21:39,101312.23,33.13,15.27,101361.46,20.96,51.14,-3426194.50,4.21
21:40,101305.95,33.18,15.33,101362.64,20.95,51.64,-3427993.25,5.28
21:41,101307.07,33.12,15.48,101361.71,20.03,55.58,-3427318.50,4.61
21:42,101305.82,33.13,15.28,101367.49,20.22,53.84,-3427464.00,5.90
21:43,101317.47,33.01,15.41,101364.75,20.10,54.52,-3428012.00,4.07
21:44,101311.19,32.98,15.29,101360.00,20.33,54.02,-3429210.00,4.34
21:45,101306.40,33.03,15.30,101361.93,20.75,52.69,-3429494.00,4.74
21:46,101309.05,33.03,15.32,101361.16,20.76,51.76,-3430554.75,5.42
21:47,101306.11,32.87,15.27,101362.05,20.66,52.06,-3430444.75,5.11
21:48,101297.57,32.87,15.37,101361.96,20.55,53.41,-3432433.25,5.77
21:49,101293.88,32.86,15.43,101358.10,21.00,50.27,-3432120.00,5.08
21:50,101302.72,32.91,15.31,101360.14,20.55,52.60,-3432886.75,4.79
21:51,101300.95,32.82,15.48,101363.97,20.07,54.85,-3432234.50,4.47
21:52,101303.42,32.73,15.55,101363.32,20.08,54.81,-3434783.25,5.69
21:53,101303.78,32.77,15.45,101359.33,19.89,54.37,-3434986.00,4.88
21:54,101295.78,32.81,15.42,101357.22,20.22,52.21,-3434753.50,5.24
21:55,101305.10,32.81,15.35,101351.54,20.52,52.69,-3435371.25,5.69
21:56,101297.97,32.82,15.36,101357.58,20.58,52.25,-3436416.75,5.35
21:57,101304.24,32.87,15.25,101356.85,20.76,51.17,-3435487.50,3.98
21:58,101299.25,32.66,15.40,101360.97,20.11,52.72,-3437194.50,5.74
21:59,101297.75,32.63,15.39,101355.96,20.96,50.49,-3437596.75,5.86
22:0,101304.96,32.74,15.34,101355.28,20.89,50.37,-3438926.00,4.46
22:1,101297.69,32.73,15.26,101353.53,20.89,49.93,-3438385.50,5.21
22:2,101295.58,32.72,15.24,101356.60,20.75,50.58,-3438986.50,4.34
22:3,101302.52,32.70,15.28,101353.50,21.01,48.44,-3439709.50,5.77
22:4,101305.44,32.70,15.40,101353.32,20.76,50.78,-3440225.50,4.65
22:5,101290.02,32.72,15.29,101351.83,20.80,51.14,-3441424.00,4.80
22:6,101293.82,32.64,15.39,101352.63,20.18,52.45,-3440918.50,4.12
22:7,101310.64,32.54,15.51,101356.96,19.77,53.42,-3441808.75,5.81
22:8,101302.63,32.38,15.39,101357.00,20.12,52.55,-3442368.75,5.26
22:9,101304.21,32.34,15.44,101350.25,20.27,51.61,-3442587.25,4.16
22:10,101300.33,32.38,15.47,101352.00,20.27,51.91,-3443359.50,3.80
22:11,101289.54,32.42,15.41,101354.57,20.43,51.70,-3444092.00,4.96
22:12,101298.60,32.42,15.50,101349.51,20.27,51.05,-3444516.50,5.13
22:13,101299.77,32.43,15.38,101354.10,20.48,51.34,-3445790.75,4.90
22:14,101294.60,32.40,15.39,101359.33,20.14,52.79,-3445593.50,5.98
22:15,101297.57,32.26,15.49,101354.39,19.97,52.84,-3445821.25,4.81
22:16,101298.32,32.28,15.47,101355.44,19.98,52.37,-3446524.75,5.65
22:17,101290.52,32.24,15.40,101352.33,20.15,51.51,-3447246.00,5.42
22:18,101293.07,32.13,15.68,101349.92,19.48,54.32,-3446950.50,4.43
22:19,101299.25,32.03,15.50,101347.36,19.73,52.65,-3447114.75,5.03
22:20,101307.19,32.05,15.60,101346.51,20.19,51.60,-3448218.50,5.60
22:21,101299.88,32.14,15.68,101350.99,19.90,52.15,-3448977.25,4.97
22:22,101292.78,32.21,15.41,101346.44,20.27,51.02,-3448523.25,4.23
22:23,101298.33,32.15,15.63,101345.83,20.19,51.84,-3449851.25,5.83
22:24,101298.30,32.22,15.50,101349.62,20.12,51.36,-3449920.50,5.00
22:25,101299.60,32.23,15.49,101348.52,20.13,51.37,-3449770.75,4.61
22:26,101294.76,32.20,15.50,101346.03,20.03,52.62,-3450477.25,5.80
22:27,101295.28,32.19,15.47,101352.56,19.99,51.71,-3451197.25,3.80
22:28,101295.10,32.21,15.42,101353.28,20.06,52.01,-3451474.75,5.79
22:29,101293.92,32.25,15.41,101345.57,20.24,51.17,-3451840.75,4.90
22:30,101296.39,32.26,15.49,101345.55,20.36,50.88,-3453042.75,5.23
22:31,101296.48,32.27,15.47,101349.86,20.08,52.05,-3452631.25,3.81
22:32,101294.89,32.29,15.50,101350.63,20.09,52.95,-3453385.50,5.28
22:33,101291.28,32.31,15.51,101349.64,19.98,52.58,-3453797.50,5.00
22:34,101292.92,32.29,15.46,101347.07,19.89,53.04,-3454292.75,4.83
22:35,101306.46,32.28,15.54,101347.16,19.84,53.64,-3454893.25,5.70
22:36,101290.89,32.27,15.55,101345.00,19.88,52.81,-3455073.50,3.87
22:37,101300.05,32.26,15.52,101339.96,19.88,53.47,-3455734.50,4.83
22:38,101281.80,32.30,15.61,101342.38,19.93,54.14,-3457054.50,4.43
22:39,101280.02,32.30,15.63,101343.02,19.84,53.51,-3456936.00,4.68
22:40,101281.81,32.31,15.61,101340.53,19.53,55.88,-3457807.50,4.92
22:41,101278.39,32.34,15.56,101340.96,19.63,54.49,-3457735.50,4.05
22:42,101286.54,32.28,15.62,101336.55,19.49,55.50,-3458165.50,5.42
22:43,101280.00,32.30,15.55,101336.13,19.65,54.10,-3459242.50,5.25
22:44,101280.74,32.27,15.60,101335.99,19.67,54.11,-3458856.00,5.19
22:45,101277.31,32.28,15.66,101333.39,19.75,54.71,-3460199.25,4.32
22:46,101281.13,32.29,15.63,101334.53,19.65,54.49,-3460226.00,4.33
22:47,101278.89,32.31,15.55,101331.83,19.63,55.10,-3460164.00,4.46
22:48,101285.13,32.30,15.65,101332.88,19.45,56.42,-3461681.50,5.38
22:49,101282.17,32.33,15.55,101331.21,19.70,54.72,-3461722.50,4.86
22:50,101278.64,32.30,15.68,101333.21,19.68,54.12,-3462818.50,5.15
22:51,101278.89,32.31,15.68,101331.39,19.37,56.52,-3463065.50,5.07
22:52,101270.55,32.34,15.61,101330.24,19.58,54.88,-3463159.25,4.42
22:53,101276.28,32.40,15.63,101330.71,19.61,55.60,-3464901.50,5.79
22:54,101285.69,32.39,15.54,101330.38,19.86,53.77,-3464531.25,4.58
22:55,101281.40,32.35,15.67,101330.25,19.78,54.85,-3465008.00,4.91
22:56,101282.74,32.36,15.62,101332.60,19.86,53.74,-3465790.50,4.32
22:57,101275.14,32.36,15.56,101332.41,19.81,54.61,-3466902.50,5.68
22:58,101275.74,32.30,15.59,101333.38,19.84,54.16,-3466897.50,5.81
22:59,101282.91,32.29,15.54,101331.77,19.94,53.41,-3466731.25,4.20
23:0,101282.02,32.28,15.55,101331.00,19.78,54.13,-3467812.75,4.63
23:1,101273.53,32.23,15.60,101330.33,19.93,53.72,-3467814.00,4.51
23:2,101279.09,32.22,15.72,101330.57,19.54,56.21,-3466854.50,5.41
23:3,101277.27,32.25,15.71,101326.93,19.50,55.65,-3467436.00,5.24
23:4,101284.28,32.25,15.53,101331.66,19.63,54.22,-3468594.50,4.39
23:5,101272.28,32.19,15.78,101329.91,19.11,56.86,-648188.68,4.51
23:6,101274.00,32.19,15.72,101329.78,19.54,55.12,-3454884.00,5.24
23:7,101276.58,32.19,15.63,101326.64,19.72,54.17,-3456460.00,5.94
23:8,101275.90,32.18,15.63,101327.68,19.73,54.22,-3467969.50,5.79
23:9,101270.50,32.18,15.74,101327.42,19.37,56.40,-3464067.25,5.56
23:10,101273.96,32.22,15.64,101325.28,19.43,55.68,-3464100.75,5.07
23:11,101277.52,32.19,15.70,101324.17,19.41,56.06,-3464484.00,4.29
23:12,101276.31,32.19,15.70,101328.33,19.45,55.94,-1491743.87,5.14
23:13,101266.25,32.17,15.78,101325.74,19.51,55.37,-3396683.25,5.25
23:14,101266.13,32.20,15.61,101323.97,19.45,55.78,-2789356.00,5.27
23:15,101270.39,32.14,15.62,101319.15,19.37,54.45,-2746391.50,5.71
23:16,101258.19,32.08,15.70,101320.50,19.60,55.82,-2715164.50,5.03
23:17,101261.85,32.14,15.68,101318.38,19.76,54.67,-2702670.00,5.65
23:18,101257.99,32.15,15.75,101319.14,19.64,55.57,-2702400.00,4.05
23:19,101270.00,32.13,15.65,101318.38,19.65,55.43,-2723821.50,3.86
23:20,101263.92,32.11,15.71,101316.46,19.54,55.38,-2749668.50,5.75
23:21,101257.44,32.11,15.67,101317.33,19.59,55.31,-2750169.25,5.89
23:22,101261.53,32.13,15.73,101314.64,19.66,55.04,-2802852.50,3.94
23:23,101272.34,32.15,15.70,101316.97,19.80,54.66,-2684328.75,4.36
23:24,101260.53,32.17,15.79,101312.91,19.45,56.83,-2510492.00,4.37
23:25,101260.16,32.19,15.78,101315.91,19.36,56.79,-2587256.50,5.07
23:26,101256.00,32.17,15.74,101310.28,19.29,56.89,-2596932.00,5.34
23:27,101266.21,32.14,15.68,101317.08,19.83,53.06,-2647008.00,4.69
23:28,101260.69,32.12,15.74,101312.11,19.68,55.71,-2671093.50,4.32
23:29,101262.92,32.11,15.78,101306.49,19.59,54.36,-2631658.00,4.42
23:30,101259.39,32.13,15.79,101306.66,19.25,57.06,-2409947.50,5.86
23:31,101263.28,32.15,15.81,101308.45,19.18,57.25,-2450228.75,5.16
23:32,101256.20,32.16,15.73,101305.21,19.27,56.71,-2514863.75,4.20
23:33,101253.00,32.18,15.72,101304.10,19.48,55.84,-2208546.50,5.02
23:34,101250.85,32.13,15.81,101301.00,19.45,56.49,-2310821.75,4.98
23:35,101259.45,32.14,15.85,101303.82,19.29,56.93,-2596982.75,4.54
23:36,101243.10,32.12,15.79,101304.72,19.13,57.29,-2624363.50,4.40
23:37,101251.35,32.14,15.79,101300.91,19.24,56.88,-2033996.00,5.24
23:38,101242.58,32.12,15.87,101298.67,19.01,57.94,-2152147.00,4.55
23:39,101240.75,32.14,15.69,101296.55,19.30,56.50,-1724917.25,5.12
23:40,101252.10,32.09,15.90,101295.97,19.30,56.94,-1315517.75,5.73
23:41,101240.57,32.09,15.82,101296.42,19.47,55.89,-260805.00,4.84
23:42,101246.21,32.07,15.85,101292.64,19.34,56.43,-1046551.00,5.81
23:43,101242.78,32.08,15.85,101293.48,19.33,57.12,-3489186.75,4.22
23:44,101238.84,32.10,15.86,101291.52,19.34,56.98,-3490113.50,5.57
23:45,101241.98,32.12,15.85,101293.13,19.17,57.98,-3492505.25,4.58
23:46,101240.61,32.10,15.90,101289.91,19.02,58.63,-3493972.00,4.70
23:47,101239.35,32.10,15.90,101291.23,18.96,58.32,-3497093.50,4.91
23:48,101237.96,32.06,15.82,101290.86,18.89,58.69,-3497001.50,5.72
23:49,101232.00,32.04,15.90,101288.87,18.86,58.74,-3497588.75,5.45
23:50,101230.11,32.03,15.89,101292.92,19.00,57.96,-3497932.00,4.58
23:51,101227.24,31.97,15.87,101289.35,19.11,57.68,-3498352.75,5.03
23:52,101233.32,31.95,15.94,101287.50,19.13,57.77,-3499477.25,4.58
23:53,101228.32,31.98,15.92,101286.60,19.01,57.69,-3500106.75,5.61
23:54,101229.78,31.96,16.03,101279.83,19.11,57.60,-3500595.50,4.90
23:55,101225.52,31.97,15.91,101276.78,19.03,57.73,-3500741.50,6.01
23:56,101226.34,31.94,15.99,101280.84,18.99,58.02,-3501055.50,5.77
23:57,101219.67,31.94,15.90,101277.74,18.85,57.95,-3501954.50,5.67
23:58,101226.00,31.92,15.95,101277.08,18.95,57.88,-3502969.50,5.49
23:59,101226.28,31.91,15.87,101270.13,19.10,57.09,-3502592.00,4.14
0:0,101220.11,31.97,15.64,101273.44,19.25,56.24,-3502798.50,5.17
0:1,101211.50,31.96,15.82,101271.08,19.11,57.23,-3504039.50,4.39
0:2,101212.42,31.98,15.83,101268.17,18.92,58.82,-3504745.25,4.74
0:3,101211.32,32.03,15.80,101266.58,19.06,58.09,-3504841.25,5.75
0:4,101218.21,32.06,15.71,101265.83,19.22,56.36,-3505768.50,4.43
0:5,101213.03,32.03,15.63,101267.07,19.24,56.77,-3505829.25,5.83
0:6,101200.00,31.99,15.83,101263.30,18.96,58.85,-3507632.00,4.36
0:7,101201.11,32.01,15.71,101263.00,19.20,57.68,-3507580.00,4.90
0:8,101204.63,32.01,15.70,101258.32,19.23,56.51,-3508028.00,4.78
0:9,101208.50,31.97,15.84,101259.33,19.13,57.94,-3509162.00,4.40
0:10,101192.84,32.01,15.67,101256.99,19.14,56.92,-3509284.75,4.84
0:11,101203.28,31.92,15.68,101256.40,19.00,57.09,-3509618.50,4.49
0:12,101212.48,31.88,15.72,101254.42,19.02,56.87,-3509726.00,5.34
0:13,101209.50,31.84,15.77,101254.86,19.25,56.94,-3511180.00,5.45
0:14,101197.39,31.86,15.69,101256.21,19.49,55.22,-3511672.00,5.39
0:15,101190.20,31.85,15.83,101254.64,19.29,56.89,-3511487.25,5.03
0:16,101201.62,31.90,15.75,101252.74,18.95,57.44,-3512150.00,5.61
0:17,101195.03,31.90,15.69,101251.52,19.17,57.51,-3512752.00,4.34
0:18,101193.75,31.89,15.73,101247.67,18.94,58.21,-3513384.00,4.70
0:19,101198.63,31.88,15.83,101250.28,18.94,58.14,-3493316.00,5.54
0:20,101192.70,31.83,15.78,101247.38,18.96,57.78,-3492384.75,5.59
0:21,101191.67,31.83,15.78,101242.61,19.09,56.95,-3491427.25,4.65
0:22,101192.46,31.82,15.83,101245.47,19.18,57.17,-3492151.25,4.63
0:23,101184.86,31.82,15.83,101247.14,19.07,57.23,-3494543.25,4.65
0:24,101186.89,31.86,15.93,101242.94,19.35,56.90,-3496905.50,4.43
0:25,101191.75,31.91,15.93,101241.66,19.15,57.88,-3496764.00,3.91
0:26,101189.03,31.91,15.76,101240.36,19.00,57.33,-3497120.00,5.13
0:27,101185.50,31.84,15.90,101235.90,18.91,57.84,-3506996.00,4.90
0:28,101175.50,31.84,15.83,101234.16,18.84,57.89,-3517094.50,4.92
0:29,101178.17,31.83,15.80,101233.85,19.10,55.89,-3519240.75,3.79
0:30,101189.91,31.80,15.85,101232.44,19.02,57.59,-3519420.75,3.86
0:31,101192.92,31.79,15.69,101230.66,18.99,57.55,-3520098.75,5.27
0:32,101185.07,31.79,15.70,101229.99,19.03,56.01,-3521432.75,5.53
0:33,101173.49,31.76,15.81,101229.82,18.97,57.42,-3521535.50,4.47
0:34,101177.69,31.75,15.77,101228.97,19.00,57.15,-3522004.50,5.18
0:35,101167.28,31.75,15.90,101227.92,18.92,58.30,-3522952.75,5.60
0:36,101174.14,31.79,15.79,101226.16,19.04,57.74,-3523442.75,4.67
0:37,101170.27,31.85,15.75,101221.04,19.10,57.73,-3523336.50,5.73
0:38,101166.60,31.88,15.82,101222.46,19.10,56.90,-1225027.87,5.49
0:39,101172.78,31.84,15.83,101220.83,19.02,58.22,-1570521.00,3.96
0:40,101159.88,31.84,15.72,101220.69,18.87,57.99,-1605434.87,5.27
0:41,101161.42,31.78,15.81,101216.87,18.99,55.81,-1597585.12,4.37
0:42,101169.55,31.78,15.71,101216.37,19.25,55.95,-1678688.75,4.07
0:43,101163.13,31.77,15.80,101214.94,19.18,57.47,-1511995.62,5.80
0:44,101165.63,31.76,15.87,101211.50,19.03,57.74,-1676024.75,4.49
0:45,101152.50,31.80,15.84,101207.55,18.96,56.88,-1662761.87,4.95
0:46,101162.52,31.78,15.90,101204.94,18.66,60.02,-1658896.25,4.91
0:47,101149.25,31.75,15.85,101204.92,18.86,58.81,-1677205.25,5.16
0:48,101145.61,31.72,16.02,101198.49,18.69,58.91,-1694809.75,4.88
0:49,101133.55,31.73,15.83,101198.33,18.81,57.29,-1747022.75,5.45
0:50,101145.08,31.68,15.93,101198.92,18.76,58.69,-1780442.37,5.50
0:51,101147.74,31.66,15.86,101200.57,18.86,58.00,-1822582.62,4.29
0:52,101136.84,31.65,15.80,101203.10,18.92,57.63,-1828458.00,4.38
0:53,101142.55,31.59,15.85,101198.07,18.87,57.37,-1793562.75,4.29
0:54,101139.14,31.58,15.85,101192.39,18.79,58.41,-1744420.75,4.23
0:55,101144.53,31.58,15.95,101191.55,18.62,58.41,-1822251.25,4.53
0:56,101139.75,31.57,15.87,101190.58,18.73,58.14,-1890983.62,4.34
0:57,101139.67,31.55,15.92,101188.78,18.76,57.71,-1991003.37,4.96
0:58,101138.53,31.53,15.79,101194.48,18.92,57.03,-1914047.00,5.47
0:59,101133.78,31.50,16.04,101188.96,18.76,58.04,-2185050.25,3.91
1:0,101137.00,31.53,16.02,101187.03,18.80,57.53,-2310299.00,4.24
1:1,101132.38,31.53,16.06,101186.08,18.72,58.62,-2366970.00,5.40
1:2,101142.42,31.56,15.99,101182.53,18.69,57.89,-2546134.75,4.23
1:3,101128.71,31.54,16.13,101182.22,18.64,59.11,-2541412.75,4.32
1:4,101129.83,31.58,16.00,101178.21,18.72,57.12,-2445754.00,4.03
1:5,101115.00,31.56,16.01,101179.54,18.70,58.62,-2498024.00,4.62
1:6,101124.73,31.50,15.96,101181.25,18.77,58.08,-2428116.50,3.78
1:7,101116.13,31.49,16.12,101177.96,18.74,57.48,-2252371.50,4.48
1:8,101116.85,31.53,15.98,101175.00,18.68,57.75,-2341735.75,4.28
1:9,101121.84,31.50,15.99,101171.41,18.71,58.10,-2326032.00,4.63
1:10,101112.78,31.50,16.04,101171.83,18.73,58.53,-2706382.50,4.32
1:11,101110.46,31.51,16.01,101174.32,18.67,58.00,-2647002.00,4.43
1:12,101113.63,31.50,16.04,101174.88,18.81,57.14,-2412550.00,5.79
1:13,101113.36,31.50,16.04,101168.74,18.57,58.76,-2202256.75,5.79
1:14,101124.92,31.49,15.99,101168.11,18.50,59.24,-2222586.25,5.02
1:15,101120.58,31.47,16.01,101166.56,18.38,59.25,-2042325.37,4.69
1:16,101107.22,31.44,15.97,101166.19,18.42,58.80,-1889768.75,4.49
1:17,101112.14,31.40,16.00,101166.59,18.48,58.52,-1979286.00,5.25
1:18,101115.11,31.42,16.01,101166.76,18.67,57.96,-1930956.00,4.40
1:19,101103.14,31.45,15.94,101163.48,18.80,57.10,-2011197.37,4.87
1:20,101106.79,31.44,16.00,101158.58,18.59,58.47,-1993824.25,4.43
1:21,101097.43,31.42,15.98,101156.85,18.77,57.70,-2271913.00,5.63
1:22,101104.99,31.44,16.03,101155.97,18.59,58.78,-2200327.25,5.47
1:23,101102.17,31.45,16.00,101155.35,18.69,57.86,-2252860.25,5.61
1:24,101090.61,31.49,15.89,101149.83,18.98,56.52,-1976225.00,4.05
1:25,101081.03,31.49,15.97,101157.75,18.96,57.34,-3551135.50,4.88
1:26,101094.90,31.53,15.91,101152.03,19.00,56.36,-3550476.75,5.06
1:27,101087.42,31.55,16.02,101146.71,19.07,56.80,-3550546.75,5.30
1:28,101081.53,31.57,15.98,101145.55,18.99,57.77,-3553011.50,5.42
1:29,101085.94,31.58,15.82,101143.71,19.08,56.60,-3553256.00,5.17
1:30,101091.14,31.60,15.96,101140.26,19.08,57.09,-3553235.25,5.38
1:31,101088.60,31.64,15.87,101140.02,19.10,56.96,-3554521.50,5.73
1:32,101083.33,31.68,15.88,101140.63,19.20,56.37,-3554720.75,5.08
1:33,101080.38,31.65,15.98,101143.82,18.84,58.00,-3555569.25,4.18
1:34,101082.80,31.69,16.03,101133.60,18.85,58.25,-3556154.00,5.19
1:35,101079.97,31.74,15.92,101135.01,19.13,57.11,-3556100.75,5.20
1:36,101082.33,31.72,15.99,101130.94,18.95,58.60,-3556942.00,5.79
1:37,101080.38,31.70,16.09,101130.02,18.60,60.43,-3557273.25,5.76
1:38,101075.02,31.74,15.96,101127.35,18.68,59.41,-3554372.00,5.02
1:39,101059.30,31.76,15.91,101124.17,18.80,58.48,-3516008.00,5.36
1:40,101071.48,31.72,15.98,101124.92,18.84,58.34,-3497490.00,4.14
1:41,101066.94,31.73,15.95,101120.96,18.85,58.92,-2558220.50,4.58
1:42,101068.25,31.72,15.95,101126.79,18.72,59.57,-2596779.50,4.74
1:43,101067.10,31.73,15.95,101122.60,19.02,57.48,-2613310.00,5.79
1:44,101075.14,31.77,15.90,101121.96,19.15,57.30,-2906535.50,5.65
1:45,101065.42,31.77,15.93,101121.05,19.00,58.00,-3561020.50,4.83
1:46,101061.89,31.80,15.96,101117.50,18.92,58.12,-3561753.50,5.13
1:47,101066.71,31.78,15.89,101117.53,18.83,59.00,-3562274.75,5.91
1:48,101057.41,31.76,16.01,101114.75,18.73,59.60,-3562020.00,4.77
1:49,101084.14,19.88,55.83,101117.32,19.02,58.71,-3562748.75,0.90
1:50,101071.77,19.47,59.34,101116.24,18.84,60.40,-3565314.00,0.61
1:51,101074.57,19.80,54.83,101114.61,18.68,60.61,-3565606.75,0.25
1:52,101061.94,29.74,20.94,101111.00,18.82,59.27,-3566740.75,5.33
1:53,101057.92,31.27,17.19,101111.55,18.91,58.09,-3567926.00,5.64
1:54,101056.60,31.45,16.58,101112.89,18.94,58.64,-3567803.25,5.03
1:55,101054.85,31.47,16.45,101109.88,19.15,56.99,-3568273.25,5.62
1:56,101052.22,31.51,16.30,101111.83,18.99,57.25,-3568780.00,5.39
1:57,101049.23,31.53,16.37,101113.61,18.95,58.01,-3568307.25,4.43
1:58,101059.50,31.57,16.14,101109.08,19.00,56.92,-3549627.25,5.95
1:59,101049.00,31.55,16.16,101109.50,19.16,56.43,-3551692.00,4.54
2:0,101057.38,31.56,16.25,101108.97,18.83,58.60,-3552484.75,4.99
2:1,101058.90,31.63,16.10,101107.98,19.13,56.86,-3564023.25,5.66
2:2,101047.96,31.62,16.11,101103.27,18.94,57.88,-3564477.25,4.16
2:3,101045.79,31.60,16.09,101106.63,19.13,56.93,-3565264.50,5.81
2:4,101052.63,31.59,16.16,101101.92,18.92,57.97,-3565292.75,4.74
2:5,101044.95,31.60,16.21,101096.50,18.64,59.69,-3561233.25,5.34
2:6,101047.07,31.60,16.12,101099.46,18.72,58.41,-3560953.50,4.36
2:7,101043.65,31.60,16.09,101096.22,18.69,58.64,-3561468.75,5.46
2:8,101039.78,31.63,16.08,101095.07,18.76,58.85,-3562673.25,3.86
2:9,101041.20,31.63,16.06,101095.78,18.70,58.29,-3562709.25,5.52
2:10,101034.80,31.64,15.97,101094.09,18.77,58.47,-3563468.00,5.77
2:11,101045.46,31.65,16.04,101095.42,18.71,58.90,-3574770.00,5.48
2:12,101039.46,31.67,16.15,101093.46,18.75,58.95,-3576806.75,5.82
2:13,101049.18,31.68,16.07,101089.67,18.94,56.85,-3576699.50,4.84
2:14,101040.53,31.68,16.15,101089.60,18.83,58.76,-3577868.00,5.07
2:15,101041.03,31.69,16.00,101091.68,18.91,58.00,-3577709.50,5.72
2:16,101043.28,31.67,16.09,101089.74,18.74,59.19,-3578222.75,4.56
2:17,101041.30,31.64,16.26,101093.71,18.34,61.06,-3579039.25,5.72
2:18,101026.52,31.64,16.03,101089.83,18.64,59.42,-3579749.25,4.56
2:19,101032.92,31.63,16.08,101089.32,18.79,58.23,-3579659.50,5.81
2:20,101033.80,31.63,16.20,101089.30,18.68,58.38,-3580216.75,4.04
2:21,101028.88,31.61,16.11,101086.79,18.65,58.90,-3548494.75,5.39
2:22,101036.80,31.61,16.04,101087.18,18.76,58.74,-3545924.50,5.10
2:23,101034.13,31.57,16.16,101090.35,18.52,59.63,-3543114.50,4.40
2:24,101031.11,31.59,16.10,101080.11,18.62,59.02,-3552152.75,5.32
2:25,101035.80,31.60,16.10,101082.94,18.63,59.37,-3554150.50,5.28
2:26,101033.05,31.61,16.11,101081.31,18.63,59.55,-3571494.50,4.83
2:27,101032.00,31.62,16.12,101081.17,18.52,59.83,-3572644.50,5.78
2:28,101026.90,31.61,16.06,101080.42,18.60,59.14,-3572355.25,5.19
2:29,101022.25,31.58,16.15,101078.08,18.49,59.75,-3572584.50,4.33
2:30,101020.19,31.58,16.08,101077.02,18.56,59.43,-3573490.00,5.81
2:31,101032.78,31.56,16.16,101074.49,18.61,58.93,-3573600.50,5.81
2:32,101026.08,31.59,16.04,101076.32,18.63,59.38,-3573339.25,4.05
2:33,101016.12,31.57,16.14,101072.85,18.45,60.18,-3574605.50,4.24
2:34,101019.99,31.54,16.06,101073.35,18.58,59.22,-3574911.25,5.63
2:35,101021.82,31.53,16.12,101068.32,18.65,58.86,-3575804.00,4.50
2:36,101013.25,31.55,16.05,101065.77,18.47,59.57,-3576905.50,3.85
2:37,101008.08,31.51,16.17,101070.21,18.42,59.92,-3576944.00,5.61
2:38,101012.02,31.52,16.12,101071.60,18.31,61.07,-3584434.75,5.41
2:39,101010.81,31.53,16.11,101062.96,18.45,59.71,-3584888.75,5.53
2:40,101007.22,31.53,16.13,101063.20,18.37,60.29,-3585492.50,4.36
2:41,101009.94,31.53,16.17,101062.97,18.47,59.89,-3585390.50,4.29
2:42,101003.14,31.52,16.20,101066.60,18.31,60.89,-3585915.50,5.37
2:43,101006.13,31.51,16.23,101063.39,18.22,61.87,-3586856.50,4.98
2:44,101014.08,31.50,16.22,101063.28,18.26,61.23,-3587521.50,5.95
2:45,101009.80,31.46,16.16,101054.78,18.40,59.93,-3587796.50,5.00
2:46,100996.48,31.52,16.15,101054.51,18.52,59.88,-3032559.50,5.87
2:47,100994.86,31.52,16.16,101056.75,18.56,59.02,-1897130.37,4.94
2:48,101004.72,31.54,16.16,101049.11,18.58,59.62,-1948297.62,5.28
2:49,100997.57,31.53,16.18,101049.85,18.34,61.31,-2034952.75,4.86
2:50,100996.52,31.54,16.06,101049.10,18.39,60.30,-2026045.75,5.88
2:51,100994.03,31.50,16.21,101046.00,18.37,60.48,-2027363.62,5.03
2:52,100994.17,31.51,16.24,101048.10,18.44,60.22,-2372156.50,4.87
2:53,100997.02,31.50,16.15,101048.74,18.25,61.39,-2441096.00,5.75
2:54,100987.22,31.47,16.19,101044.10,18.29,61.41,-2507255.50,5.28
2:55,100988.85,31.48,16.22,101041.00,18.34,60.87,-2496362.00,4.35
2:56,100985.75,31.43,16.23,101041.71,18.22,61.31,-2503971.00,5.05
2:57,100988.63,31.44,16.20,101038.16,18.35,60.64,-2537430.75,4.32
2:58,100994.19,31.45,16.22,101038.47,18.17,62.18,-2507757.25,4.97
2:59,100974.99,31.43,16.27,101032.86,18.27,60.69,-2468029.25,4.83
3:0,100981.97,31.46,16.24,101028.86,18.21,60.71,-2528470.00,5.76
3:1,100971.47,31.46,16.08,101030.82,18.32,60.49,-2484308.75,5.19
3:2,100973.51,31.41,16.28,101028.22,18.21,61.57,-2503231.50,5.18
3:3,100970.50,31.42,16.24,101030.89,18.05,62.00,-2575566.25,4.95
3:4,100964.99,31.39,16.31,101029.21,18.00,62.91,-2626726.50,5.00
3:5,100972.22,31.42,16.22,101023.42,18.18,61.05,-2695635.75,5.23
3:6,100961.63,31.42,16.34,101025.58,18.28,60.64,-2664880.50,4.75
3:7,100973.80,31.43,16.22,101019.52,18.18,61.60,-2707321.00,4.48
3:8,100966.24,31.42,16.29,101020.94,18.15,61.38,-2739800.00,5.82
3:9,100968.55,31.40,16.29,101015.77,18.08,61.72,-2698805.25,5.72
3:10,100953.38,31.41,16.19,101014.81,18.30,60.21,-2708217.75,5.59
3:11,100965.55,31.42,16.14,101010.28,18.36,59.92,-2769279.75,4.89
3:12,100954.61,31.43,16.23,101009.53,18.43,59.80,-2746638.75,4.29
3:13,100943.79,31.42,16.14,101007.92,18.42,59.92,-2690281.25,5.61
3:14,100947.63,31.41,16.24,101009.85,18.35,60.65,-2628316.75,5.53
3:15,100952.04,31.38,16.18,101005.85,18.46,59.61,-2620317.50,5.74
3:16,100948.50,31.35,16.16,101003.33,18.34,60.32,-2638821.25,4.36
3:17,100947.94,31.33,16.21,101006.49,18.50,59.41,-1982292.37,5.29
3:18,100950.46,31.35,16.18,101003.60,18.73,58.26,-2161386.75,4.14
3:19,100948.50,31.35,16.25,101000.60,18.62,58.92,-2100134.75,4.14
3:20,100947.20,31.36,16.25,101001.54,18.33,61.23,-2110298.50,5.43
3:21,100943.75,31.33,16.15,100998.28,18.44,59.72,-2138909.50,4.66
3:22,100940.44,31.32,16.17,100995.75,18.65,58.90,-2057608.00,4.56
3:23,100942.13,31.32,16.21,100998.00,18.54,58.81,-2078427.62,5.41
3:24,100946.60,31.31,16.27,100994.71,18.46,59.68,-2066051.62,4.61
3:25,100939.10,31.36,16.25,100995.86,18.55,59.55,-2049884.75,4.72
3:26,100938.74,31.38,16.25,100992.30,18.72,58.41,-2308371.50,5.51
3:27,100934.51,31.35,16.16,100987.97,18.58,59.39,-2219023.25,4.74
3:28,100931.49,31.36,16.21,100985.87,18.32,60.79,-2322874.50,5.90
3:29,100934.73,31.37,16.18,100984.07,18.48,59.48,-2323371.50,4.67
3:30,100925.49,31.34,16.18,100985.38,18.58,59.37,-2303674.75,4.36
3:31,100928.57,31.34,16.16,100983.54,18.60,58.30,-2261191.50,5.36
3:32,100934.91,31.36,16.20,100986.78,18.50,59.45,-2359791.50,4.70
3:33,100934.50,31.30,16.16,100980.32,18.60,58.40,-2325661.50,5.13
3:34,100934.64,31.29,16.19,100979.53,18.64,58.20,-2332177.50,4.68
3:35,100929.75,31.33,16.18,100981.88,18.86,58.47,-2350909.50,4.71
3:36,100924.15,31.36,16.15,100979.85,18.55,59.40,-2315838.50,5.36
3:37,100926.54,31.36,16.17,100976.38,18.44,60.26,-2320627.00,4.17
3:38,100922.85,31.32,16.19,100972.24,18.36,60.18,-2399333.75,5.70
3:39,100925.75,31.33,16.16,100971.70,18.41,59.24,-2517236.00,5.61
3:40,100925.39,31.34,16.31,100973.29,18.41,60.08,-3598222.50,5.15
3:41,100920.32,31.37,16.15,100970.49,18.48,59.09,-1466716.25,5.51
3:42,100921.66,31.37,16.25,100967.78,18.30,60.06,-1399560.00,5.52
3:43,100914.50,31.37,16.20,100969.14,18.34,59.95,-1328260.25,4.43
3:44,100916.90,31.36,16.19,100969.46,18.25,60.74,-1372341.25,4.92
3:45,100922.64,31.40,16.12,100968.69,18.30,60.49,-1373196.62,4.67
3:46,100921.53,31.35,16.16,100965.12,18.36,59.58,-1387407.12,5.64
3:47,100913.12,31.33,16.15,100966.35,18.47,58.93,-1418676.75,5.23
3:48,100909.22,31.37,16.21,100958.80,18.49,59.56,-1400218.25,4.59
3:49,100907.94,31.42,16.14,100959.47,18.34,59.92,-1407708.25,4.51
3:50,100914.42,31.42,16.17,100959.28,18.43,60.04,-1374173.25,4.74
3:51,100905.63,31.36,16.23,100957.47,18.40,60.25,-2722820.25,4.95
3:52,100903.07,31.29,16.14,100959.81,18.73,58.36,-2859526.00,5.75
3:53,100894.57,31.26,16.15,100959.22,18.88,57.57,-2819126.50,5.45
3:54,100897.75,31.26,16.15,100959.36,18.93,57.82,-3134249.50,5.05
3:55,100900.47,31.25,16.28,100950.46,18.47,59.92,-3144438.75,4.63
3:56,100900.94,31.28,16.28,100947.10,18.57,58.17,-3141577.00,5.68
3:57,100894.94,31.32,16.29,100945.37,18.47,60.16,-3126094.00,4.83
3:58,100889.67,31.37,16.24,100941.50,18.33,60.61,-3140336.50,5.43
3:59,100882.35,31.40,16.17,100939.81,18.40,60.19,-3124441.75,5.54
4:0,100882.75,31.38,16.28,100940.31,18.17,62.25,-3111017.50,4.33
4:1,100883.71,31.31,16.25,100934.05,18.19,61.84,-3508765.25,5.49
4:2,100881.58,31.30,16.25,100933.35,18.36,60.31,-3480024.75,5.30
4:3,100874.13,31.32,16.26,100931.50,18.32,60.87,-3462932.00,5.86
4:4,100880.44,31.36,16.30,100932.88,18.38,60.86,-3313482.75,5.20
4:5,100876.08,31.32,16.26,100931.64,18.62,59.35,-3415603.25,5.65
4:6,100873.11,31.31,16.30,100927.07,18.44,60.62,-3419157.50,5.23
4:7,100877.36,31.32,16.30,100925.45,18.38,59.90,-3422328.75,3.84
4:8,100877.92,31.34,16.32,100926.01,18.22,60.88,-3429976.75,5.52
4:9,100872.66,31.37,16.24,100930.71,18.26,60.85,-3442171.25,4.80
4:10,100865.26,31.36,16.23,100928.89,18.29,60.71,-3430456.00,5.84
4:11,100866.45,31.37,16.24,100930.46,18.36,60.48,-3433300.75,5.15
4:12,100866.00,31.33,16.29,100923.71,18.20,61.87,-3432190.50,5.26
4:13,100877.82,31.31,16.21,100923.92,18.38,59.94,-3447609.25,5.63
4:14,100868.98,31.33,16.26,100925.02,18.39,60.50,-3434068.00,5.83
4:15,100863.28,31.33,16.36,100920.86,18.37,60.57,-3370142.50,4.60
4:16,100863.63,31.36,16.24,100923.60,18.24,60.82,-3376178.75,4.90
4:17,100863.03,31.37,16.28,100915.50,18.10,62.30,-3323121.50,5.54
4:18,100877.16,31.33,16.21,100920.33,18.35,60.83,-3244571.50,4.90
4:19,100857.05,31.38,16.26,100916.49,18.39,60.12,-3249469.50,4.87
4:20,100868.87,31.44,16.22,100914.74,18.59,59.13,-3283552.75,5.27
4:21,100855.46,31.46,16.17,100916.38,18.55,59.25,-3274190.25,4.61
4:22,100861.49,31.38,16.21,100910.07,18.45,61.03,-3231144.00,4.33
4:23,100863.14,31.35,16.24,100913.92,18.24,60.44,-2653963.25,5.35
4:24,100853.07,31.31,16.33,100914.29,18.40,61.10,-1852990.00,4.66
4:25,100860.25,31.30,16.32,100911.25,18.41,60.95,-1857075.62,5.74
4:26,100856.33,31.35,16.31,100910.25,18.39,60.04,-2002316.75,5.79
4:27,100850.07,31.40,16.29,100909.21,18.26,61.94,-2038868.37,5.73
4:28,100850.65,31.38,16.23,100907.30,18.30,61.16,-3144217.50,4.36
4:29,100849.30,31.41,16.30,100904.12,18.38,61.13,-3184211.50,4.28
4:30,100846.25,31.44,16.20,100900.16,18.22,62.06,-2923188.50,5.56
4:31,100844.64,31.45,16.24,100899.27,18.42,59.85,-2633124.75,4.87
4:32,100854.28,31.50,16.23,100899.10,18.43,60.84,-2362241.50,4.88
4:33,100850.27,31.54,16.18,100896.28,18.46,60.77,-2363107.25,4.73
4:34,100840.30,31.54,16.21,100895.77,18.39,60.62,-2133364.75,5.64
4:35,100840.50,31.57,16.07,100895.85,18.58,60.08,-2084468.37,5.54
4:36,100833.87,31.50,16.18,100891.61,18.34,61.68,-2253341.50,4.40
4:37,100841.60,31.48,16.27,100893.33,18.46,61.11,-2139005.25,5.43
4:38,100841.53,31.50,16.18,100895.17,18.38,61.29,-2089982.00,5.30
4:39,100833.64,31.54,16.26,100887.83,18.31,62.40,-2108923.00,5.30
4:40,100841.18,31.51,16.12,100887.42,18.30,61.14,-2193250.25,5.18
4:41,100823.69,31.51,16.17,100889.79,18.52,60.27,-2280753.50,5.25
4:42,100828.06,31.56,16.21,100888.16,18.37,62.24,-2175139.75,5.13
4:43,100835.05,31.56,16.34,100887.76,18.30,61.90,-2102524.75,4.26
4:44,100830.75,31.62,16.15,100884.98,18.40,60.73,-2165175.75,5.59
4:45,100816.12,31.64,16.19,100887.24,18.52,61.05,-2120601.75,4.27
4:46,100831.42,31.68,16.05,100883.52,18.56,60.54,-2226457.50,5.05
4:47,100829.50,31.71,16.17,100881.10,18.73,61.13,-2119939.00,5.45
4:48,100816.92,31.67,16.18,100881.61,18.54,61.66,-2177334.25,4.76
4:49,100821.88,31.70,16.13,100879.73,18.49,61.19,-2150658.75,4.30
4:50,100819.57,31.72,16.21,100881.13,18.52,61.72,-1960408.00,5.80
4:51,100822.69,31.77,16.17,100875.18,18.57,60.77,-2232943.25,5.80
4:52,100817.32,31.81,16.12,100870.73,18.61,60.77,-2222149.50,5.50
4:53,100817.45,31.83,16.10,100870.24,18.55,60.77,-2056627.25,5.64
4:54,100813.39,31.81,16.11,100869.21,18.62,61.02,-2075670.37,5.50
4:55,100811.41,31.83,16.21,100870.24,18.39,62.62,-2182445.25,5.01
4:56,100808.71,31.80,16.14,100869.26,18.46,62.06,-2772286.00,4.74
4:57,100805.64,31.80,16.14,100867.72,18.54,62.09,-2454710.50,5.25
4:58,100794.28,31.84,16.10,100863.78,18.67,61.29,-2605656.75,4.41
4:59,100805.66,31.89,16.12,100855.74,18.62,61.79,-2666425.50,4.56
5:0,100797.32,31.92,16.07,100855.25,18.60,61.36,-2721563.00,5.02
5:1,100801.81,31.94,16.15,100850.67,18.60,61.77,-2510936.75,4.34
5:2,100790.16,31.99,16.04,100849.16,18.58,61.82,-2498325.25,4.37
5:3,100795.94,32.00,16.05,100848.24,18.48,62.57,-2599773.50,5.39
5:4,100788.27,32.01,16.05,100849.68,18.30,63.96,-2582632.50,4.67
5:5,100797.17,32.03,16.13,100849.57,18.43,62.61,-2647304.25,4.32
5:6,100786.42,32.08,16.01,100848.41,18.57,62.23,-2665122.50,4.29
5:7,100787.85,32.09,15.96,100843.72,18.65,62.23,-2724384.75,5.33
5:8,100783.89,32.10,15.98,100841.25,18.59,62.17,-2764774.50,5.21
5:9,100783.55,32.10,16.13,100837.94,18.53,61.95,-2807115.25,5.56
5:10,100776.60,32.10,16.22,100839.19,18.65,62.06,-2776936.00,4.26
5:11,100772.82,32.15,16.03,100835.85,18.47,63.17,-2710922.75,4.72
5:12,100778.86,32.17,16.02,100831.47,18.51,62.65,-2806223.50,5.45
5:13,100766.39,32.20,15.99,100827.46,18.57,62.64,-2755005.00,4.33
5:14,100767.63,32.23,16.02,100832.00,18.49,63.77,-2713383.50,5.42
5:15,100767.32,32.21,16.00,100829.71,18.69,62.76,-2735540.50,4.70
5:16,100766.66,32.20,15.97,100827.96,18.80,62.33,-2759114.75,5.38
5:17,100760.84,32.25,15.93,100824.21,18.63,62.93,-2741452.75,5.73
5:18,100761.71,32.28,15.95,100822.46,18.46,64.45,-2883269.50,4.41
5:19,100763.03,32.26,15.98,100821.77,18.32,63.78,-2909021.00,4.78
5:20,100764.86,32.24,15.91,100821.12,18.51,62.81,-2727748.50,5.45
5:21,100759.90,32.24,15.99,100817.53,18.50,63.87,-2611945.50,4.32
5:22,100758.75,32.29,15.95,100817.96,18.53,63.32,-2657700.00,5.37
5:23,100755.96,32.29,15.93,100817.71,18.55,63.56,-2651606.50,5.23
5:24,100744.42,32.25,15.96,100815.30,18.68,62.85,-2730074.75,4.40
5:25,100756.75,32.24,16.07,100814.74,18.78,62.93,-2687707.00,5.72
5:26,100748.95,32.29,16.03,100812.91,18.57,63.88,-2703480.00,5.57
5:27,100759.92,32.27,15.98,100810.89,18.54,63.73,-2779758.25,5.38
5:28,100751.48,32.30,15.95,100808.94,18.57,63.47,-2780137.50,4.40
5:29,100745.94,32.33,16.04,100806.49,18.32,65.90,-2802391.50,4.36
5:30,100749.07,32.34,15.95,100809.01,18.47,64.32,-2825961.25,5.39
5:31,100750.36,32.34,15.98,100803.78,18.75,62.95,-2785428.00,5.34
5:32,100754.14,32.33,15.98,100803.46,18.76,63.65,-2339558.50,5.62
5:33,100750.03,32.34,16.05,100805.39,18.61,63.93,-2406324.50,4.95
5:34,100746.52,32.37,15.92,100802.76,18.72,63.39,-2507877.25,4.63
5:35,100753.50,32.35,16.05,100799.96,18.76,63.28,-2402269.50,4.34
5:36,100743.38,32.41,15.97,100798.86,18.48,64.86,-2419118.25,4.52
5:37,100738.49,32.37,15.96,100800.91,18.71,63.43,-2940724.00,4.50
5:38,100749.46,32.41,15.99,100799.92,18.75,64.22,-2939005.00,4.93
5:39,100733.77,32.43,15.92,100795.97,18.72,63.80,-3039220.00,4.54
5:40,100747.50,32.48,15.97,100797.24,18.76,63.46,-2972051.25,4.46
5:41,100732.47,32.51,15.97,100792.33,18.50,65.31,-2914225.75,5.75
5:42,100737.82,32.50,16.02,100792.53,18.62,64.43,-2876885.50,5.22
5:43,100743.64,32.56,15.96,100792.22,18.75,64.14,-2809729.50,4.90
5:44,100731.94,32.59,15.91,100789.41,18.92,62.59,-2773351.50,5.38
5:45,100736.97,32.64,15.92,100789.65,18.81,63.56,-2826955.50,4.67
5:46,100732.74,32.65,15.90,100791.28,18.92,63.07,-2954169.25,4.68
5:47,100737.85,32.70,15.88,100786.29,18.92,63.23,-2988317.50,5.63
5:48,100735.17,32.74,15.83,100785.12,18.91,63.23,-2894348.25,5.16
5:49,100737.42,32.77,15.87,100783.82,18.83,63.56,-2824428.50,4.43
5:50,100729.64,32.76,15.88,100787.46,18.68,64.82,-2866231.75,4.92
5:51,100732.35,32.74,15.93,100784.67,18.67,64.63,-2870631.50,5.32
5:52,100720.53,32.78,15.83,100777.78,18.95,62.86,-2943848.50,5.68
5:53,100718.36,32.76,15.88,100777.08,18.88,63.78,-2875812.00,5.65
5:54,100714.58,32.77,15.93,100773.78,18.78,64.33,-2850363.25,4.40
5:55,100713.24,32.79,15.92,100771.75,18.73,64.36,-2899484.50,5.22
5:56,100705.19,32.79,15.91,100770.38,18.77,64.42,-2934116.50,5.19
5:57,100720.94,32.82,15.93,100775.08,18.55,65.99,-2886260.00,5.68
5:58,100710.33,32.82,15.96,100773.50,18.65,65.36,-2943271.25,5.19
5:59,100710.39,32.86,15.79,100769.71,18.83,64.02,-2947703.75,5.30
6:0,100710.92,32.87,15.92,100767.53,18.80,64.72,-2946066.50,5.70
6:1,100705.24,32.88,15.91,100766.19,18.86,64.02,-2923412.50,5.72
6:2,100710.99,32.91,15.86,100763.85,19.00,63.05,-2974581.50,5.65
6:3,100704.07,32.90,15.95,100766.03,18.88,63.70,-2980860.75,4.61
6:4,100707.03,32.93,15.89,100761.50,18.93,63.64,-3010541.50,5.19
6:5,100703.20,32.98,15.82,100757.49,18.83,65.15,-3016414.75,4.68
6:6,100701.33,32.95,15.84,100759.27,18.85,63.59,-2995146.50,5.62
6:7,100701.66,32.93,15.95,100753.42,18.67,65.97,-3029844.00,5.43
6:8,100712.63,32.98,15.85,100759.25,18.52,66.22,-3045499.50,5.16
6:9,100701.01,33.00,15.84,100755.69,18.74,65.19,-3020695.25,4.94
6:10,100701.39,32.96,15.95,100758.17,18.72,65.24,-2996752.50,4.63
6:11,100699.22,33.00,15.82,100756.38,18.54,66.73,-3043049.75,5.70
6:12,100693.32,33.00,15.87,100756.60,18.66,66.12,-2928309.00,5.46
6:13,100701.75,33.02,15.94,100751.28,18.63,66.08,-2911700.75,5.00
6:14,100698.92,33.02,15.83,100748.88,18.73,65.39,-2935541.25,5.37
6:15,100693.00,33.05,15.77,100751.01,18.92,64.23,-2994213.50,5.83
6:16,100690.71,33.04,15.81,100747.68,18.86,64.43,-2953990.50,3.89
6:17,100682.24,33.02,15.99,100744.11,18.81,65.29,-3718859.25,5.80
6:18,100682.05,33.05,15.82,100738.78,18.72,65.09,-3719117.50,4.98
6:19,100688.50,33.07,15.84,100735.61,18.91,63.37,-3719482.75,5.69
6:20,100686.77,33.08,15.93,100734.49,18.91,65.13,-3719718.50,4.53
6:21,100678.50,33.12,15.74,100733.01,18.99,64.74,-3720934.50,5.46
6:22,100677.16,33.09,15.76,100735.16,18.96,64.52,-3721906.00,5.61
6:23,100675.61,33.12,15.72,100732.28,18.89,65.17,-3722189.50,5.68
6:24,100676.22,33.12,15.76,100738.38,18.80,65.51,-3723092.00,5.50
6:25,100669.69,33.13,15.77,100734.29,19.02,64.42,-3723482.50,5.32
6:26,100671.89,33.14,15.75,100735.10,19.15,63.76,-3723981.25,5.45
6:27,100671.67,33.13,15.76,100732.61,18.91,65.06,-3724689.50,4.07
6:28,100668.25,33.13,15.72,100732.63,19.18,63.31,-3725350.75,4.39
6:29,100669.35,33.13,15.71,100727.03,19.01,64.09,-3725938.00,5.35
6:30,100666.23,33.14,15.72,100728.29,18.90,64.77,-3725984.00,5.50
6:31,100689.36,33.14,15.71,100727.66,19.06,63.98,-3726929.50,5.69
6:32,100664.77,33.11,15.65,100730.20,19.13,63.22,-3727237.25,4.51
6:33,100664.35,33.14,15.69,100729.32,19.14,63.07,-3728352.75,4.81
6:34,100667.67,33.14,15.71,100723.83,18.99,64.70,-3728798.75,4.37
6:35,100670.63,33.12,15.64,100728.35,19.16,63.40,-3729273.50,5.68
6:36,100663.36,33.15,15.69,100726.27,19.29,62.79,-3729536.00,5.89
6:37,100668.32,33.22,15.62,100727.51,19.49,62.50,-3729384.00,5.21
6:38,100666.97,33.22,15.64,100723.07,19.41,62.98,-3730349.50,5.43
6:39,100661.99,33.25,15.54,100729.21,19.75,59.84,-3730395.25,5.85
6:40,100666.57,33.23,15.64,100729.50,19.55,62.04,-3731635.25,5.90
6:41,100661.69,33.29,15.62,100724.27,19.48,61.54,-3732161.25,4.46
6:42,100655.92,33.31,15.60,100723.87,19.54,61.83,-3732800.00,4.16
6:43,100653.45,33.37,15.66,100725.10,19.30,64.55,-3733521.50,5.32
6:44,100653.53,33.30,15.74,100718.75,19.25,63.47,-3513690.50,4.90
6:45,100661.55,33.26,15.79,100719.57,19.22,63.58,-2796351.75,4.81
6:46,100662.14,33.32,15.74,100714.43,19.36,63.17,-2586610.50,4.55
6:47,100647.25,33.31,15.62,100717.42,19.43,62.04,-2789352.75,5.33
6:48,100654.22,33.30,15.74,100713.24,19.59,61.12,-2928132.75,4.51
6:49,100645.88,33.32,15.74,100714.25,19.52,61.22,-2833859.25,5.55
6:50,100654.23,33.36,15.72,100715.27,19.37,62.63,-3056158.75,4.44
6:51,100653.08,33.40,15.71,100714.38,19.24,63.13,-2768990.00,5.90
6:52,100645.50,33.39,15.63,100710.10,19.40,63.06,-2765028.50,5.95
6:53,100652.78,33.38,15.62,100714.41,19.40,62.70,-2662392.00,5.43
6:54,100646.24,33.37,15.55,100711.60,19.36,62.74,-2769783.00,5.45
6:55,100644.42,33.35,15.68,100710.52,19.37,62.73,-2857585.50,4.81
6:56,100650.41,33.32,15.63,100713.47,19.44,62.17,-2761160.50,5.54
6:57,100651.49,33.27,15.68,100709.35,19.45,61.78,-2740840.50,5.09
6:58,100649.21,33.29,15.62,100710.80,19.46,61.63,-2739167.50,5.77
6:59,100653.23,33.29,15.61,100711.33,19.47,60.91,-2828634.75,5.48
7:0,100648.89,33.34,15.66,100710.85,19.50,62.70,-2839371.25,4.69
7:1,100662.98,33.36,15.61,100717.91,19.53,61.65,-2807266.25,5.55
7:2,100652.57,33.32,15.61,100718.49,19.65,60.95,-2605251.50,4.39
7:3,100668.05,33.32,15.55,100720.39,19.99,58.71,-2659939.00,5.49
7:4,100660.28,33.32,15.55,100728.77,19.85,60.22,-2753193.25,4.90
7:5,100659.78,33.27,15.59,100725.76,19.84,60.08,-2835367.50,4.39
7:6,100659.19,33.27,15.52,100721.29,20.08,58.58,-2827725.50,5.47
7:7,100660.30,33.33,15.54,100725.53,19.69,61.18,-2922492.75,5.59
7:8,100658.79,33.36,15.54,100725.94,19.78,61.02,-2945150.50,5.14
7:9,100656.72,33.39,15.49,100721.81,19.72,60.47,-2950268.00,4.62
7:10,100652.53,33.33,15.51,100721.09,19.74,60.57,-2936680.75,4.90
7:11,100659.06,33.35,15.56,100721.57,19.68,61.58,-2946546.00,5.64
7:12,100660.29,33.40,15.67,100724.17,19.58,61.87,-2970509.25,5.21
7:13,100658.55,33.44,15.44,100721.09,19.74,59.91,-3033765.50,5.83
7:14,100658.28,33.44,15.56,100719.37,19.81,60.43,-2989523.50,4.58
7:15,100656.46,33.45,15.53,100712.21,19.87,60.39,-2889312.00,5.73
7:16,100650.53,33.49,15.49,100714.13,19.84,61.14,-2685980.50,4.57
7:17,100643.87,33.57,15.48,100717.05,19.81,60.38,-2741513.50,5.54
7:18,100657.36,33.59,15.53,100715.28,19.79,61.21,-2716240.50,4.68
7:19,100642.03,33.62,15.53,100709.50,19.88,61.04,-2729013.50,4.90
7:20,100640.47,33.68,15.34,100710.77,19.92,59.89,-2725810.50,4.69
7:21,100647.94,33.65,15.37,100705.88,20.00,59.46,-2769526.75,5.65
7:22,100643.85,33.65,15.30,100704.32,19.94,59.09,-2769058.00,4.87
7:23,100643.35,33.58,15.43,100706.63,19.93,60.74,-2775519.50,4.85
7:24,100640.72,33.58,15.31,100705.36,19.89,59.10,-2786914.00,5.79
7:25,100652.02,33.57,15.24,100706.05,20.02,58.16,-2737883.50,4.96
7:26,100637.20,33.60,15.29,100701.48,20.34,57.53,-2747704.50,4.72
7:27,100634.38,33.69,15.39,100702.19,20.30,58.96,-2735392.00,4.43
7:28,100631.01,33.73,15.31,100693.70,20.06,60.11,-2806433.25,4.59
7:29,100630.21,33.71,15.46,100695.78,20.05,60.68,-2768279.75,4.41
7:30,100641.82,33.70,15.34,100692.35,19.84,60.16,-2762739.25,5.16
7:31,100628.30,33.69,15.36,100688.68,20.02,59.38,-2303820.50,4.34
7:32,100624.86,33.63,15.59,100686.92,19.81,61.19,-3764023.25,5.76
7:33,100634.22,33.63,15.68,100689.00,19.77,62.41,-3764106.50,4.66
7:34,100634.19,33.66,15.46,100686.99,20.00,60.07,-3764658.50,5.38
7:35,100627.63,33.66,15.45,100687.31,20.19,59.69,-3765222.00,4.49
7:36,100624.03,33.66,15.50,100685.13,20.20,59.16,-3766027.50,4.69
7:37,100624.81,33.68,15.44,100686.94,20.06,60.86,-3768796.75,5.95
7:38,100629.41,33.68,15.49,100682.78,19.99,61.06,-3769698.50,5.87
7:39,100615.51,33.75,15.49,100680.83,20.07,60.58,-3769829.50,5.69
7:40,100612.25,33.72,15.40,100676.87,20.11,59.77,-3770666.50,4.58
7:41,100616.47,33.72,15.35,100666.42,20.34,57.88,-3770828.75,4.56
7:42,100612.61,33.69,15.63,100676.89,19.89,62.62,-1501134.37,5.45
7:43,100603.72,33.82,15.43,100675.36,20.14,60.39,-745339.12,5.19
7:44,100610.41,33.88,15.46,100670.81,20.24,59.63,-770482.18,5.25
7:45,100601.71,33.81,15.21,100668.22,20.59,57.40,-831850.12,5.70
7:46,100605.66,33.81,15.35,100664.99,20.39,58.64,-879454.12,5.75
7:47,100602.50,33.88,15.50,100674.28,20.03,61.61,-778185.18,4.40
7:48,100616.30,33.92,15.27,100673.13,20.01,59.79,-983708.37,5.43
7:49,100607.22,33.85,15.20,100669.54,20.50,57.08,-1191722.00,5.81
7:50,100610.83,33.74,15.32,100668.41,20.40,58.39,-1259308.25,5.75
7:51,100594.80,33.72,15.28,100666.48,20.51,56.80,-1258595.62,5.19
7:52,100600.29,33.68,15.33,100666.14,20.51,57.48,-2801154.00,4.82
7:53,100594.21,33.74,15.35,100664.07,20.53,57.60,-1343580.75,5.39
7:54,100597.72,33.71,15.28,100666.66,20.51,57.24,-526830.87,5.86
7:55,100600.37,33.66,15.26,100662.19,20.53,56.62,-1597524.00,5.72
7:56,100599.35,33.68,15.33,100666.14,20.47,56.86,-1036075.12,4.36
7:57,100598.09,33.71,15.17,100662.57,20.51,56.61,-988610.68,5.87
7:58,100600.71,33.63,15.45,100659.85,20.26,58.92,-1044212.00,5.75
7:59,100599.45,33.63,15.53,100665.53,20.16,59.66,-1445957.87,5.94
8:0,100609.64,33.71,15.25,100659.63,20.46,57.62,-2022167.62,4.98
8:1,100605.83,33.67,15.41,100665.42,20.13,58.86,-3590928.50,5.25
8:2,100607.47,33.69,15.23,100657.39,20.34,56.63,-3778959.50,4.92
8:3,100603.92,33.71,15.31,100662.39,20.25,58.11,-3779209.50,4.61
8:4,100613.15,33.74,15.30,100660.28,20.36,58.24,-3779814.75,5.55
8:5,100606.97,33.77,15.28,100658.40,20.20,58.46,-3780269.25,5.36
8:6,100598.03,33.72,15.17,100652.83,20.32,57.28,-3776407.25,5.73
8:7,100602.96,33.68,15.33,100652.28,20.77,56.18,-2322846.75,5.94
8:8,100588.71,33.63,15.29,100652.47,20.88,55.06,-2020228.37,4.94
8:9,100594.23,33.65,15.32,100651.33,20.46,57.45,-2127363.25,5.96
8:10,100585.98,33.66,15.37,100645.63,20.40,57.93,-2068978.25,4.95
8:11,100590.03,33.71,15.40,100645.42,20.46,56.96,-2269092.75,5.74
8:12,100590.82,33.75,15.28,100644.29,20.49,56.89,-2560579.50,5.48
8:13,100591.74,33.79,15.60,100642.30,20.42,58.76,-2419479.50,5.32
8:14,100581.57,33.95,15.36,100639.52,20.39,58.64,-2716700.75,5.37
8:15,100577.41,34.00,15.32,100636.89,20.36,58.87,-2713850.75,4.47
8:16,100578.91,33.97,15.26,100640.61,20.44,57.30,-2573793.50,4.98
8:17,100583.45,33.92,15.26,100641.25,20.28,59.01,-2806139.50,4.76
8:18,100586.33,33.88,15.38,100643.80,20.35,58.40,-2746245.50,4.42
8:19,100591.61,33.89,15.32,100644.19,20.44,58.41,-2806317.25,5.99
8:20,100571.96,33.95,15.27,100639.53,20.65,55.56,-2875948.75,5.77
8:21,100581.14,33.94,15.29,100641.35,20.98,55.83,-3109982.50,4.88
8:22,100581.96,33.88,15.26,100635.67,20.57,57.29,-2980336.75,4.63
8:23,100580.49,33.85,15.27,100639.03,20.66,57.08,-2952172.75,4.83
8:24,100578.39,33.87,15.38,100640.59,20.48,58.47,-2434052.25,6.03
8:25,100578.71,33.96,15.25,100640.57,20.79,56.54,-2588280.75,5.96
8:26,100585.00,33.97,15.25,100639.28,20.89,55.82,-2504207.50,5.97
8:27,100587.52,33.96,15.16,100643.66,21.16,53.84,-3056614.50,5.48
8:28,100591.56,33.93,15.24,100640.87,21.14,55.02,-2914662.25,4.81
8:29,100584.34,33.94,15.20,100640.53,20.86,54.59,-2785204.75,5.46
8:30,100589.55,33.86,15.20,100638.50,21.08,54.36,-3008323.50,4.99
8:31,100577.25,33.91,15.27,100641.74,21.13,54.82,-3024019.50,5.14
8:32,100583.38,33.95,15.27,100638.41,20.67,57.60,-2860009.75,5.57
8:33,100579.22,33.96,15.30,100634.00,20.86,56.59,-2817056.50,5.26
8:34,100579.50,34.04,15.56,100634.63,20.54,60.44,-2631099.25,5.15
8:35,100579.97,34.19,15.22,100638.21,20.82,56.59,-2636173.50,6.05
8:36,100589.35,34.15,15.14,100635.02,20.73,57.86,-2841412.50,6.00
8:37,100586.92,34.10,15.28,100640.24,20.80,57.03,-2891737.50,4.77
8:38,100583.18,34.17,15.33,100637.80,20.78,58.04,-2961330.75,5.64
8:39,100580.77,34.18,15.21,100635.95,20.57,58.51,-2587341.50,6.04
8:40,100580.04,34.13,15.23,100633.75,20.66,59.00,-3002644.75,5.50
8:41,100577.82,34.16,15.32,100635.94,20.87,57.19,-1975619.25,4.77
8:42,100578.41,34.26,15.37,100641.21,20.76,58.60,-2357398.00,6.08
8:43,100587.14,34.19,15.39,100643.35,20.64,59.79,-2049524.25,4.99
8:44,100592.04,34.31,15.42,100645.63,20.75,59.55,-1950082.75,4.46
8:45,100583.15,34.44,15.57,100643.02,20.29,63.45,-676826.31,4.87
8:46,100583.49,34.46,15.67,100638.89,20.23,64.18,-696875.50,6.14
8:47,100577.27,34.53,15.48,100637.47,20.22,62.23,-715473.68,6.12
8:48,100583.96,34.56,15.35,100637.39,20.29,62.84,-806744.81,4.92
8:49,100579.00,34.63,15.38,100636.27,20.21,64.17,-2558971.25,6.03
8:50,100572.50,34.74,15.57,100633.08,20.13,65.36,-2747922.50,4.50
8:51,100574.64,34.65,15.49,100634.77,19.74,65.94,-2700674.00,4.61
8:52,100575.54,34.59,15.34,100630.99,20.40,60.33,-3454218.75,4.96
8:53,100572.33,34.67,15.41,100629.64,20.60,62.82,-3439942.00,5.72
8:54,100571.57,34.77,15.35,100630.44,20.22,63.95,-3436908.00,5.77
8:55,100570.44,34.71,15.34,100630.99,20.37,62.08,-3462823.25,5.06
8:56,100570.60,34.53,15.30,100631.28,20.55,59.42,-3642189.50,4.83
8:57,100572.74,34.50,15.38,100628.89,20.52,60.47,-3002251.25,4.46
8:58,100573.22,34.58,15.55,100627.20,20.19,64.69,-3130211.25,4.69
8:59,100562.58,34.71,15.58,100629.35,20.18,65.56,-3136857.50,5.93
9:0,100566.11,34.81,15.36,100631.57,20.22,64.74,-3136716.50,5.40
9:1,100573.10,34.89,15.33,100633.97,20.23,64.84,-3072885.75,5.23
9:2,100569.97,34.97,15.52,100634.24,20.22,66.61,-3094419.25,4.70
9:3,100581.58,35.07,15.24,100636.90,20.41,63.35,-3093758.25,4.79
9:4,100576.32,34.73,15.26,100633.08,20.17,62.40,-3047419.50,5.50
9:5,100579.75,34.71,15.31,100636.61,20.41,62.82,-2805320.00,4.87
9:6,100578.58,34.70,15.14,100638.03,20.18,62.91,-2371065.50,5.79
9:7,100593.58,34.63,15.11,100638.08,20.33,61.87,-3350225.50,5.50
9:8,100584.94,34.62,15.17,100644.35,20.46,61.42,-3720698.00,4.78
9:9,100591.21,34.69,15.20,100641.90,20.38,62.33,-3720074.75,5.69
9:10,100588.94,34.66,15.24,100637.47,20.19,63.26,-3721707.25,4.85
9:11,100581.75,34.60,15.21,100641.53,20.12,63.62,-3723972.50,5.61
9:12,100584.53,34.55,15.33,100639.85,19.71,64.97,-3734885.50,5.01
9:13,100575.44,34.59,15.42,100643.03,19.96,64.93,-3734617.50,5.35
9:14,100577.70,34.66,15.52,100637.93,19.72,66.29,-3734854.50,5.81
9:15,100578.88,34.71,15.33,100637.10,19.87,66.24,-3735641.25,5.74
9:16,100567.91,34.66,15.43,100633.38,19.54,68.22,-3731260.75,6.01
9:17,100564.32,34.68,15.48,100628.82,19.88,67.61,-3712375.25,5.80
9:18,100569.38,34.73,15.41,100627.77,19.90,66.86,-3712439.50,4.42
9:19,100563.89,34.78,15.54,100624.55,19.70,69.43,-3724914.50,5.18
9:20,100558.41,34.68,15.31,100624.66,18.88,68.90,-3731216.00,5.65
9:21,100561.32,34.33,15.45,100623.71,19.24,68.51,-3731664.50,4.83
9:22,100557.21,34.42,15.68,100623.71,19.23,69.45,-3731736.50,5.86
9:23,100558.47,34.54,15.69,100620.96,19.04,71.23,-1182453.25,5.73
9:24,100557.89,34.58,15.60,100625.02,19.12,70.37,-3550387.25,4.51
9:25,100563.30,34.60,15.59,100619.52,19.08,71.17,-3713348.00,4.54
9:26,100561.41,34.68,15.59,100617.35,19.07,71.37,-2703423.50,4.65
9:27,100548.78,34.66,15.52,100615.16,19.09,69.70,-2574666.50,4.53
9:28,100557.39,34.70,15.72,100613.89,19.14,71.89,-3231473.25,5.84
9:29,100547.42,34.78,15.47,100609.78,19.44,69.03,-1451269.37,5.16
9:30,100545.86,34.68,15.64,100613.54,19.05,71.93,-1625139.62,4.89
9:31,100542.78,34.68,15.63,100609.82,18.99,72.76,-2546849.25,4.74
9:32,100541.26,34.77,15.72,100609.47,18.87,74.60,-2524484.25,4.48
9:33,100539.60,34.80,15.56,100605.53,18.95,73.20,-2126442.25,5.16
9:34,100543.96,34.74,15.69,100605.39,18.85,73.30,-2163170.50,5.37
9:35,100536.69,34.71,15.59,100602.13,19.17,71.64,-1952158.00,5.94
9:36,100538.11,34.76,15.68,100596.22,19.24,72.05,-2114460.75,5.06
9:37,100534.60,34.88,15.64,100594.13,19.50,69.95,-3079338.00,4.55
9:38,100522.08,34.85,15.59,100598.24,19.28,72.16,-3730884.00,4.98
9:39,100523.83,34.82,15.50,100592.14,19.50,69.27,-3730623.50,5.78
9:40,100527.59,34.73,15.59,100590.84,19.06,71.74,-3731330.75,4.56
9:41,100522.38,34.68,15.68,100590.53,18.90,72.82,-3731890.00,6.03
9:42,100521.95,34.65,15.52,100587.46,19.03,71.05,-3735278.75,5.91
9:43,100530.04,34.62,15.83,100584.82,18.98,73.54,-3736391.25,5.32
9:44,100527.53,34.63,15.52,100576.61,19.14,70.75,-3740389.50,4.58
9:45,100526.35,34.63,15.74,100579.41,19.03,73.03,-3741417.25,5.10
9:46,100522.89,34.68,15.73,100580.42,19.01,73.56,-3740416.50,6.06
9:47,100527.52,34.70,15.83,100584.39,18.94,73.48,-3741405.25,4.71
9:48,100521.06,34.73,15.62,100576.80,19.18,72.01,-3741719.25,6.18
9:49,100518.05,34.78,15.63,100575.99,19.30,71.65,-3741963.50,5.25
9:50,100519.36,34.75,15.73,100581.74,19.37,71.49,-3742576.75,5.36
9:51,100518.14,34.83,15.66,100580.88,19.46,70.94,-3743270.00,5.01
9:52,100517.01,34.93,15.71,100581.57,19.63,71.06,-3743902.50,5.62
9:53,100513.99,35.01,15.63,100577.89,19.77,69.44,-1505863.75,4.59
9:54,100519.44,35.04,15.49,100576.30,19.88,69.12,-1500388.12,4.76
9:55,100515.82,35.06,15.75,100579.33,19.68,71.38,-1642991.25,6.04
9:56,100512.39,35.33,15.63,100577.44,19.58,73.05,-1842920.75,6.01
9:57,100505.47,35.45,15.72,100572.24,19.81,72.74,-2012611.62,4.75
9:58,100519.47,35.65,15.49,100574.50,20.13,71.07,-2328668.00,5.68
9:59,100515.35,35.72,15.41,100573.25,20.32,70.41,-2399065.25,4.58
10:0,100512.19,35.78,15.70,100571.80,20.22,71.73,-1582759.75,6.18
10:1,100512.22,35.90,15.31,100573.33,20.18,69.94,-1393815.75,5.28
10:2,100517.17,35.77,15.47,100572.88,19.98,69.87,-1451951.62,4.63
10:3,100509.53,35.71,15.34,100572.25,19.97,69.95,-1472055.25,4.54
10:4,100514.22,35.74,15.42,100576.60,19.93,70.91,-1476896.25,4.81
10:5,100520.27,35.79,15.56,100575.21,19.84,73.01,-1601402.75,6.11
10:6,100511.41,35.84,15.27,100581.75,19.59,72.25,-1539139.62,4.67
10:7,100520.36,35.69,15.33,100572.47,20.01,70.54,-1622297.37,5.14
10:8,100514.17,35.65,15.58,100574.31,19.84,71.04,-1584683.75,5.93
10:9,100517.89,35.64,15.40,100572.68,19.80,71.17,-1504098.12,4.75
10:10,100521.53,35.68,15.39,100574.35,19.61,72.19,-1694696.00,5.84
10:11,100519.92,35.67,15.34,100574.70,19.70,72.63,-1744006.25,5.37
10:12,100515.09,35.78,15.47,100569.28,20.38,70.71,-1749898.00,5.52
10:13,100511.92,35.94,15.40,100570.27,19.99,72.04,-1856856.37,5.81
10:14,100511.65,35.95,15.29,100568.77,20.15,70.71,-1832891.37,4.85
10:15,100503.79,35.91,15.47,100568.21,20.13,71.79,-2701233.50,5.81
10:16,100510.69,36.10,15.55,100572.08,20.39,71.19,-2678090.50,6.14
10:17,100515.61,36.24,15.18,100573.78,20.76,67.97,-2656751.00,5.58
10:18,100527.19,36.14,15.21,100574.66,20.54,69.29,-2676776.75,5.16
10:19,100520.79,36.27,15.47,100579.05,20.80,69.40,-2880839.50,4.88
10:20,100526.64,36.29,15.12,100582.73,20.55,69.29,-2661620.00,6.00
10:21,100531.18,36.08,15.29,100581.82,20.28,71.04,-2607305.00,5.92
10:22,100530.85,35.98,15.14,100584.11,20.22,68.60,-2730101.50,5.95
10:23,100528.70,35.97,15.23,100587.59,20.44,68.30,-2879201.50,5.57
10:24,100529.80,35.93,15.46,100588.00,20.36,70.08,-3256451.25,5.63
10:25,100529.11,35.96,15.17,100592.16,20.51,66.55,-2730892.00,5.65
10:26,100531.94,36.03,15.36,100589.44,20.53,70.06,-2673147.50,5.99
10:27,100535.69,36.19,15.20,100591.27,20.66,68.64,-2705897.50,5.38
10:28,100527.71,36.21,15.29,100588.87,20.65,70.35,-3012180.25,5.93
10:29,100527.08,36.27,15.12,100591.84,20.43,68.93,-3106322.25,5.10
10:30,100526.52,36.22,15.15,100590.78,20.40,69.53,-3085080.50,4.78
10:31,100535.36,36.27,15.07,100591.21,20.67,69.50,-3080086.00,5.23
10:32,100534.00,36.20,15.08,100586.66,20.42,68.72,-2960737.50,4.78
10:33,100536.10,36.21,15.14,100592.83,20.47,69.95,-3130366.00,5.32
10:34,100538.69,36.21,15.15,100589.91,20.63,68.41,-2774620.50,5.17
10:35,100534.83,36.10,14.91,100589.37,20.51,68.79,-2781802.25,4.67
10:36,100530.05,36.06,15.27,100585.08,20.46,69.03,-3132861.25,4.83
10:37,100522.53,36.01,15.23,100583.69,20.08,70.94,-1372175.87,5.30
10:38,100525.69,36.17,15.22,100585.61,20.31,70.79,-1398245.12,5.61
10:39,100524.85,36.03,14.98,100582.28,20.16,68.92,-1400330.00,5.42
10:40,100534.91,35.90,15.09,100582.92,19.87,71.48,-1400214.75,4.52
10:41,100517.61,35.88,15.20,100579.83,19.89,71.27,-1398640.75,4.57
10:42,100519.61,35.79,15.16,100578.44,19.73,71.50,-1404533.75,6.00
10:43,100519.85,35.75,15.07,100576.54,19.81,71.02,-1389285.75,4.70
10:44,100520.29,35.75,15.16,100579.28,20.01,70.78,-1435222.50,5.13
10:45,100517.72,35.81,15.21,100577.63,20.12,70.52,-1411390.75,5.66
10:46,100524.41,35.77,15.16,100574.49,19.92,70.29,-1435815.75,4.98
10:47,100515.35,35.61,15.09,100580.09,19.57,71.56,-1467064.00,5.92
10:48,100524.42,35.60,15.49,100583.95,19.62,73.86,-1446151.87,4.63
10:49,100520.88,35.69,15.17,100577.76,20.02,70.04,-1461667.62,6.03
10:50,100520.90,35.55,15.40,100576.16,19.97,71.06,-1538362.50,4.64
10:51,100513.54,35.55,15.38,100575.89,19.85,70.72,-1382794.50,5.68
10:52,100522.48,35.47,15.37,100572.28,19.78,71.24,-1416321.87,4.58
10:53,100524.23,35.49,15.63,100575.41,19.75,72.27,-1461018.87,4.74
10:54,100520.32,35.57,15.43,100572.08,20.21,69.23,-1422341.12,5.81
10:55,100527.10,35.62,15.58,100576.91,20.02,71.31,-1467118.50,5.64
10:56,100516.65,35.73,15.52,100575.85,19.91,71.49,-1474780.75,5.64
10:57,100520.21,35.64,15.22,100574.78,19.95,70.01,-1466004.62,6.17
10:58,100515.58,35.55,15.28,100579.02,20.30,67.39,-1479831.25,4.76
10:59,100519.49,35.63,15.37,100573.32,20.17,69.90,-1433104.25,5.94
11:0,100514.83,35.69,15.38,100575.25,20.43,68.93,-1454582.00,5.68
11:1,100517.58,35.68,15.43,100572.77,20.15,70.22,-1511035.75,5.39
11:2,100509.00,35.82,15.35,100571.89,20.45,68.73,-1503948.25,4.81
11:3,100515.66,35.81,15.33,100567.28,20.06,70.11,-1449285.62,5.07
11:4,100510.61,35.68,15.15,100566.71,20.07,69.63,-1496254.00,5.32
11:5,100504.46,35.56,15.27,100562.06,20.28,67.53,-1539585.37,6.26
11:6,100500.17,35.69,15.38,100566.21,20.11,70.78,-1552855.50,4.96
11:7,100497.19,35.87,15.34,100563.02,20.34,69.73,-1483778.62,5.40
11:8,100498.05,35.85,15.21,100559.22,20.27,69.98,-1518313.75,6.01
11:9,100492.94,35.80,15.14,100554.82,20.46,68.90,-1505826.75,6.09
11:10,100489.72,35.71,15.20,100548.78,20.31,67.66,-1506995.75,5.48
11:11,100495.78,35.67,15.24,100547.27,20.13,68.67,-1488822.75,4.78
11:12,100491.05,35.59,15.37,100551.24,20.12,68.77,-1484339.37,6.14
11:13,100492.53,35.54,15.28,100553.72,20.11,68.27,-1530318.25,4.58
11:14,100484.33,35.51,15.34,100548.92,20.22,69.65,-1581618.75,5.32
11:15,100479.48,35.58,15.25,100546.49,20.21,68.54,-1575120.87,4.76
11:16,100488.39,35.49,15.25,100541.36,20.12,68.81,-1522038.75,4.89
11:17,100479.58,35.49,15.29,100538.91,19.87,70.44,-1358353.00,6.04
11:18,100474.52,35.56,15.51,100537.10,20.03,70.78,-1411116.75,5.92
11:19,100478.47,35.62,15.55,100538.07,19.87,71.44,-1526934.25,5.70
11:20,100479.66,35.71,15.38,100535.30,19.96,70.79,-1523534.87,5.32
11:21,100471.26,35.68,15.36,100530.79,20.10,69.79,-1509489.87,5.09
11:22,100464.66,35.74,15.43,100530.61,20.31,68.77,-1614202.37,5.40
11:23,100472.98,35.76,15.41,100531.72,20.44,69.76,-1659857.12,5.49
11:24,100468.29,35.79,15.32,100527.50,20.24,69.02,-1727518.37,5.72
11:25,100467.88,35.75,15.44,100520.38,20.20,69.98,-1671870.37,5.56
11:26,100463.94,35.83,15.48,100515.69,20.42,68.58,-1769292.00,4.83
11:27,100461.32,35.86,15.32,100515.71,20.44,68.19,-1423751.62,6.18
11:28,100445.91,35.88,15.24,100509.34,20.38,67.73,-1468522.12,5.16
11:29,100450.10,35.79,15.33,100505.48,20.06,70.19,-1558141.75,5.30
11:30,100437.89,35.77,15.33,100503.09,20.05,69.72,-1509758.75,5.52
11:31,100432.52,35.72,15.26,100501.03,20.14,69.64,-1336621.75,6.17
11:32,100427.92,35.81,15.43,100497.36,20.29,70.10,-1325599.75,5.53
11:33,100429.84,35.83,15.24,100493.26,20.19,69.27,-1358093.12,5.72
11:34,100428.92,35.84,15.39,100488.75,20.51,67.68,-1442673.75,4.77
11:35,100410.96,35.84,15.26,100482.30,20.25,69.08,-1490607.50,6.05
11:36,100420.36,35.75,15.46,100475.03,20.20,69.52,-1432518.50,6.12
11:37,100408.14,35.71,15.41,100471.92,20.38,67.23,-1421070.37,5.69
11:38,100402.69,35.72,15.53,100465.69,20.55,68.73,-1465428.50,5.23
11:39,100402.03,35.85,15.42,100466.15,20.95,65.51,-1512166.87,6.28
11:40,100411.86,35.85,15.41,100466.21,20.68,67.00,-1526895.12,4.95
11:41,100404.53,36.08,15.25,100469.65,20.76,67.99,-1529861.87,5.58
11:42,100396.91,36.09,15.34,100464.97,20.84,68.29,-1516180.87,5.79
11:43,100403.47,36.32,15.48,100460.44,21.26,67.61,-1515578.12,4.92
11:44,100401.51,36.62,15.29,100459.14,21.46,65.63,-1442353.50,5.93
11:45,100389.13,36.57,14.94,100457.77,21.06,67.08,-1411132.87,4.69
11:46,100385.21,36.57,15.11,100451.64,21.31,66.75,-1342680.75,5.03
11:47,100389.55,36.63,15.21,100448.76,21.17,68.28,-1353264.50,5.10
11:48,100385.47,36.83,15.12,100447.15,21.21,67.94,-1507695.25,4.74
11:49,100389.12,36.77,14.97,100447.69,20.90,68.30,-1517958.12,4.78
11:50,100381.44,36.73,15.07,100438.12,20.99,68.17,-1488029.12,6.09
11:51,100384.04,36.99,15.16,100441.13,21.40,68.14,-1617612.75,6.21
11:52,100385.07,37.11,15.00,100444.92,21.26,67.56,-1899957.75,5.19
11:53,100384.88,36.96,14.93,100442.32,21.19,66.43,-1773020.00,5.18
11:54,100389.88,37.03,14.92,100443.60,21.10,68.35,-1522087.75,4.98
11:55,100380.49,37.02,15.03,100447.09,21.32,67.64,-1589092.62,4.96
11:56,100390.89,36.92,14.91,100449.47,21.28,66.62,-1632678.75,5.06
11:57,100382.85,37.03,14.89,100446.34,21.45,66.50,-1678379.62,5.48
11:58,100382.10,37.26,14.89,100448.25,21.51,67.85,-1738858.37,5.94
11:59,100394.03,37.31,14.78,100442.68,21.70,65.46,-1335096.62,5.95
12:0,100376.67,37.13,14.70,100439.66,21.42,66.11,-1369264.75,6.00
12:1,100383.21,36.78,14.88,100440.03,20.92,67.39,-1356279.37,5.32
12:2,100381.63,36.75,14.96,100443.97,20.82,69.13,-2419161.25,5.76
12:3,100374.22,36.84,14.96,100439.89,20.76,68.73,-2558625.50,6.23
12:4,100376.78,36.83,15.13,100437.60,21.04,70.02,-2604303.50,5.77
12:5,100379.94,37.09,14.96,100441.00,21.46,68.23,-2748476.75,6.28
12:6,100375.39,37.40,15.02,100446.49,21.60,68.22,-2104390.75,5.98
12:7,100377.14,37.57,14.77,100444.59,21.76,66.18,-1123597.75,4.72
12:8,100389.53,37.64,14.84,100444.39,21.69,67.19,-1175748.00,6.43
12:9,100388.69,37.57,14.69,100451.28,21.97,65.25,-1096960.25,4.72
12:10,100395.67,37.70,14.80,100448.83,21.69,66.46,-1134289.62,6.37
12:11,100391.07,37.66,14.78,100454.08,21.92,65.76,-1091374.25,4.67
12:12,100407.53,37.64,14.55,100461.85,22.20,63.52,-1006564.62,6.39
12:13,100390.42,37.94,14.67,100463.92,22.46,63.22,-627181.18,5.48
12:14,100410.47,38.08,14.47,100472.66,22.47,63.28,-968053.68,6.12
12:15,100398.78,38.09,14.67,100475.11,22.55,64.57,-927245.62,4.77
12:16,100398.65,38.23,14.46,100476.88,22.74,61.68,-504232.59,5.61
12:17,100408.66,38.10,14.21,100474.32,22.80,60.14,-657955.68,5.26
12:18,100404.22,37.95,14.31,100475.16,22.67,60.77,-1310709.25,5.78
12:19,100413.32,38.00,14.49,100469.08,22.91,61.16,-742756.18,5.86
12:20,100408.92,38.03,14.27,100468.64,22.64,60.18,-741831.87,5.70
12:21,100393.82,37.85,14.25,100468.47,22.88,60.01,-734845.68,6.14
12:22,100392.99,38.03,14.62,100465.13,22.89,60.94,-852771.00,4.74
12:23,100405.35,38.17,14.38,100468.50,22.74,62.69,-772989.00,6.29
12:24,100407.71,38.33,14.36,100466.00,22.98,61.12,-1067067.87,5.97
12:25,100406.66,38.17,14.12,100469.41,23.04,60.42,-638584.12,5.97
12:26,100404.57,38.01,14.11,100464.46,22.85,59.41,-787283.68,4.96
12:27,100402.19,37.80,14.02,100468.04,23.05,57.35,-754660.31,6.21
12:28,100400.59,37.72,14.31,100468.51,23.13,59.52,-873299.62,5.81
12:29,100405.83,37.82,14.29,100467.30,22.95,58.98,-1390638.75,5.97
12:30,100406.60,37.78,14.25,100472.55,22.98,58.76,-560670.00,5.35
12:31,100408.99,37.66,14.26,100476.67,22.82,60.55,-549232.31,4.93
12:32,100408.65,37.77,14.54,100474.49,23.15,59.70,-142286.00,5.02
12:33,100407.72,37.97,14.28,100470.53,22.90,60.00,-154721.50,6.38
12:34,100403.60,37.73,14.22,100470.32,22.66,59.61,-157179.40,4.79
12:35,100393.49,36.90,17.82,100461.22,22.54,60.20,-32661.10,0.62
